N_P_star,N_UF_star,allocation_A_E_to_N,allocation_A_E_to_S,allocation_A_E_to_W,allocation_A_N_to_E,allocation_A_N_to_S,allocation_A_N_to_W,allocation_A_S_to_E,allocation_A_S_to_N,allocation_A_S_to_W,allocation_A_W_to_E,allocation_A_W_to_N,allocation_A_W_to_S,allocation_B_E_to_N,allocation_B_E_to_S,allocation_B_E_to_W,allocation_B_N_to_E,allocation_B_N_to_S,allocation_B_N_to_W,allocation_B_S_to_E,allocation_B_S_to_N,allocation_B_S_to_W,allocation_B_W_to_E,allocation_B_W_to_N,allocation_B_W_to_S,allocation_C_E_to_N,allocation_C_E_to_S,allocation_C_E_to_W,allocation_C_N_to_E,allocation_C_N_to_S,allocation_C_N_to_W,allocation_C_S_to_E,allocation_C_S_to_N,allocation_C_S_to_W,allocation_C_W_to_E,allocation_C_W_to_N,allocation_C_W_to_S,allocation_D_E_to_N,allocation_D_E_to_W,allocation_D_E_to_onE,allocation_D_E_to_onW,allocation_D_N_to_E,allocation_D_N_to_W,allocation_D_N_to_onE,allocation_D_N_to_onW,allocation_D_W_to_E,allocation_D_W_to_N,allocation_D_W_to_onE,allocation_D_W_to_onW,allocation_D_offE_to_E,allocation_D_offE_to_N,allocation_D_offE_to_W,allocation_D_offW_to_E,allocation_D_offW_to_N,allocation_D_offW_to_W,allocation_E_E_to_N,allocation_E_E_to_W,allocation_E_N_to_E,allocation_E_N_to_W,allocation_E_W_to_E,allocation_E_W_to_N,allocation_F_E_to_N,allocation_F_E_to_W,allocation_F_E_to_onE,allocation_F_E_to_onW,allocation_F_N_to_E,allocation_F_N_to_W,allocation_F_N_to_onE,allocation_F_N_to_onW,allocation_F_W_to_E,allocation_F_W_to_N,allocation_F_W_to_onE,allocation_F_W_to_onW,allocation_F_offE_to_E,allocation_F_offE_to_N,allocation_F_offE_to_W,allocation_F_offW_to_E,allocation_F_offW_to_N,allocation_F_offW_to_W,allocation_in_A_left,allocation_in_A_top,allocation_in_B_top,allocation_in_C_right,allocation_in_C_top,allocation_in_D_left,allocation_in_F_right,allocation_out_A_left,allocation_out_A_top,allocation_out_B_top,allocation_out_C_right,allocation_out_C_top,allocation_out_D_left,allocation_out_F_right,diag_N_P_crit,diag_N_P_max,diag_N_P_min,diag_N_UF_max,diag_N_UF_min,diag_calib_fingerprint_mismatch_count,diag_distributed_response_rollout_freeway_ttt,diag_distributed_response_rollout_ttt,diag_distributed_response_rollout_urban_ttt,diag_leader_base_accumulation,diag_leader_beta_hat,diag_leader_boundary_in_queue_penalty,diag_leader_boundary_in_queue_veh,diag_leader_boundary_leg_excluded_veh,diag_leader_candidate_best_N_P_star,diag_leader_candidate_best_N_UF_star,diag_leader_candidate_best_index,diag_leader_candidate_best_intent_N_P_star,diag_leader_candidate_best_intent_N_UF_star,diag_leader_candidate_best_objective,diag_leader_candidate_best_projected_N_P_star,diag_leader_candidate_best_realized_N_P_star,diag_leader_candidate_best_realized_N_UF_star,diag_leader_candidate_best_stage_coarse,diag_leader_candidate_best_stage_fallback,diag_leader_candidate_best_stage_refined,diag_leader_candidate_coarse_count,diag_leader_candidate_coarse_evaluated_count,diag_leader_candidate_coarse_global,diag_leader_candidate_coarse_local,diag_leader_candidate_count,diag_leader_candidate_follower_early_terminated_candidates,diag_leader_candidate_follower_early_terminated_candidates_total,diag_leader_candidate_full_evaluated_count,diag_leader_candidate_global_refresh,diag_leader_candidate_incumbent_active,diag_leader_candidate_incumbent_any_active,diag_leader_candidate_incumbent_objective,diag_leader_candidate_intent_N_P_star,diag_leader_candidate_intent_N_UF_star,diag_leader_candidate_objective_gap,diag_leader_candidate_objective_spread,diag_leader_candidate_parallel_backend_process,diag_leader_candidate_parallel_backend_serial,diag_leader_candidate_parallel_backend_thread,diag_leader_candidate_parallel_workers,diag_leader_candidate_prefilter_active,diag_leader_candidate_prefilter_scope_global,diag_leader_candidate_prefilter_scope_local,diag_leader_candidate_prefilter_selected_count,diag_leader_candidate_prefilter_top_k,diag_leader_candidate_process_pool_reuse_enabled,diag_leader_candidate_process_pool_reused_existing,diag_leader_candidate_projected_N_P_star,diag_leader_candidate_proxy_best_index,diag_leader_candidate_proxy_best_objective,diag_leader_candidate_proxy_evaluated_count,diag_leader_candidate_proxy_objective_gap,diag_leader_candidate_proxy_objective_spread,diag_leader_candidate_proxy_second_index,diag_leader_candidate_proxy_second_objective,diag_leader_candidate_raw_N_P_star,diag_leader_candidate_raw_N_UF_star,diag_leader_candidate_realized_N_P_star,diag_leader_candidate_realized_N_UF_star,diag_leader_candidate_refined_count,diag_leader_candidate_refined_evaluated_count,diag_leader_candidate_refined_prefilter_active,diag_leader_candidate_refined_prefilter_scope_global,diag_leader_candidate_refined_prefilter_scope_local,diag_leader_candidate_refined_prefilter_selected_count,diag_leader_candidate_refined_prefilter_top_k,diag_leader_candidate_refined_proxy_best_index,diag_leader_candidate_refined_proxy_best_objective,diag_leader_candidate_refined_proxy_evaluated_count,diag_leader_candidate_refined_proxy_objective_gap,diag_leader_candidate_refined_proxy_objective_spread,diag_leader_candidate_refined_proxy_second_index,diag_leader_candidate_refined_proxy_second_objective,diag_leader_candidate_refinement_active,diag_leader_candidate_second_N_P_star,diag_leader_candidate_second_N_UF_star,diag_leader_candidate_second_index,diag_leader_candidate_second_intent_N_P_star,diag_leader_candidate_second_intent_N_UF_star,diag_leader_candidate_second_objective,diag_leader_candidate_second_projected_N_P_star,diag_leader_candidate_second_realized_N_P_star,diag_leader_candidate_second_realized_N_UF_star,diag_leader_candidate_second_stage_coarse,diag_leader_candidate_second_stage_fallback,diag_leader_candidate_second_stage_refined,diag_leader_candidate_solver_N_P_star,diag_leader_candidate_solver_N_UF_star,diag_leader_candidate_wu_metered_serial_override,diag_leader_density_effective_lane_weight_count,diag_leader_density_excess,diag_leader_density_penalty,diag_leader_fallback_best_completed_proxy_veh,diag_leader_fallback_best_objective,diag_leader_fallback_best_stage_no_control,diag_leader_fallback_best_stage_pfo,diag_leader_fallback_best_terminal_proxy_veh,diag_leader_fallback_candidate_count,diag_leader_fallback_enabled,diag_leader_fallback_evaluated_count,diag_leader_fallback_guard_active,diag_leader_fallback_guard_beta_applied,diag_leader_fallback_guard_beta_hat,diag_leader_fallback_guard_completed_severe,diag_leader_fallback_guard_completed_worse,diag_leader_fallback_guard_fallback_completed_proxy_veh,diag_leader_fallback_guard_fallback_objective,diag_leader_fallback_guard_fallback_rollout_ttt,diag_leader_fallback_guard_fallback_terminal_proxy_veh,diag_leader_fallback_guard_insufficient_gain,diag_leader_fallback_guard_leader_completed_proxy_veh,diag_leader_fallback_guard_leader_objective,diag_leader_fallback_guard_leader_rollout_ttt,diag_leader_fallback_guard_leader_rollout_ttt_beta,diag_leader_fallback_guard_leader_terminal_proxy_veh,diag_leader_fallback_guard_metric_ttt,diag_leader_fallback_guard_objective_gain,diag_leader_fallback_guard_objective_worse,diag_leader_fallback_guard_rejected_leader,diag_leader_fallback_guard_required_gain,diag_leader_fallback_guard_selected,diag_leader_fallback_guard_selected_no_control,diag_leader_fallback_guard_selected_pfo,diag_leader_fallback_guard_terminal_severe,diag_leader_fallback_guard_terminal_worse,diag_leader_fallback_guard_ttt_worse,diag_leader_fallback_incumbent_objective,diag_leader_fallback_incumbent_seed_active,diag_leader_fallback_pfo_completed_proxy_veh,diag_leader_fallback_pfo_objective,diag_leader_fallback_pfo_terminal_proxy_veh,diag_leader_follower_response_objective_used,diag_leader_follower_ttt_base,diag_leader_forecast_boundary_first_veh_h,diag_leader_forecast_boundary_future_mean_veh_h,diag_leader_forecast_boundary_peak_veh_h,diag_leader_forecast_mainline_first_veh_h,diag_leader_forecast_mainline_future_mean_veh_h,diag_leader_forecast_mainline_peak_veh_h,diag_leader_forecast_ramp_first_veh_h,diag_leader_forecast_ramp_future_mean_veh_h,diag_leader_forecast_ramp_peak_veh_h,diag_leader_forecast_steps,diag_leader_forecast_total_first_veh_h,diag_leader_forecast_total_future_mean_veh_h,diag_leader_forecast_total_peak_veh_h,diag_leader_intent_N_P_star,diag_leader_intent_N_UF_star,diag_leader_lambda_np_committed,diag_leader_lambda_uf_committed,diag_leader_mfd_boundary_queue_capacity_veh,diag_leader_mfd_link_excess_veh,diag_leader_mfd_movement_excess_veh,diag_leader_mfd_penalty_mode_all_urban_halfcap,diag_leader_mfd_penalty_mode_protected_exceed,diag_leader_mfd_storage_excess_veh,diag_leader_mfd_storage_penalty,diag_leader_mfd_storage_threshold_ratio,diag_leader_nonconvergence_control_residual_component,diag_leader_nonconvergence_obj_residual_component,diag_leader_nonconvergence_penalty,diag_leader_np_bound_lower,diag_leader_np_bound_upper,diag_leader_np_capacity_lower,diag_leader_np_capacity_max_net_flow_veh_h,diag_leader_np_capacity_min_net_flow_veh_h,diag_leader_np_capacity_upper,diag_leader_np_feasible_horizon_h,diag_leader_np_feasible_predictor_mode_code,diag_leader_np_feasible_sigma_max_veh,diag_leader_np_feasible_sigma_min_veh,diag_leader_np_follower_feasible_max,diag_leader_np_follower_feasible_min,diag_leader_np_follower_feasible_projection_active,diag_leader_np_follower_feasible_projection_cap_mode,diag_leader_np_follower_feasible_projection_failed,diag_leader_np_movement_lower,diag_leader_np_movement_lower_active,diag_leader_np_movement_max_net_flow_veh_h,diag_leader_np_movement_min_net_flow_veh_h,diag_leader_np_movement_upper,diag_leader_np_movement_upper_active,diag_leader_np_projected_N_P_star,diag_leader_np_projection_applied,diag_leader_np_projection_residual,diag_leader_np_raw_N_P_star,diag_leader_nuf_arrival_target,diag_leader_nuf_bound_lower,diag_leader_nuf_bound_upper,diag_leader_nuf_heuristic_target,diag_leader_nuf_omega_FW_E,diag_leader_nuf_omega_FW_W,diag_leader_nuf_queue_drain_target,diag_leader_objective,diag_leader_objective_base,diag_leader_output_closure_applied,diag_leader_pfo_incumbent_N_P_clipped,diag_leader_pfo_incumbent_N_P_star,diag_leader_pfo_incumbent_N_UF_clipped,diag_leader_pfo_incumbent_N_UF_star,diag_leader_pfo_incumbent_active,diag_leader_pfo_incumbent_candidate,diag_leader_pfo_incumbent_enabled,diag_leader_pfo_incumbent_local_center_used,diag_leader_pfo_incumbent_objective,diag_leader_pfo_incumbent_raw_N_P_star,diag_leader_pfo_incumbent_raw_N_UF_star,diag_leader_pfo_incumbent_selected,diag_leader_pfo_incumbent_tie_break_selected,diag_leader_pred_horizon_ttt,diag_leader_pred_interval_ttt,diag_leader_projected_N_P_star,diag_leader_ramp_queue_penalty,diag_leader_ramp_queue_veh,diag_leader_realized_N_P_star,diag_leader_realized_N_UF_star,diag_leader_realized_interval_ttt,diag_leader_recalib_needed,diag_leader_regret_active,diag_leader_regret_forced_commit,diag_leader_regret_gap,diag_leader_regret_incumbent_pred_interval_ttt,diag_leader_regret_window_len,diag_leader_response_N_P_star_projection_residual,diag_leader_response_N_P_star_realization_residual,diag_leader_response_N_UF_star_realization_residual,diag_leader_response_closure_applied,diag_leader_response_closure_changed_N_P,diag_leader_response_closure_use_rollout_objective,diag_leader_response_net_inflow_source_allocation_projected,diag_leader_response_net_inflow_source_distributed_projected,diag_leader_response_net_inflow_source_leader_realized,diag_leader_response_net_inflow_source_none,diag_leader_response_net_inflow_source_projected_only,diag_leader_response_net_inflow_source_wu_projected,diag_leader_response_net_inflow_source_wu_sum_nin,diag_leader_response_proxy_state_count,diag_leader_rollout_objective_base_used,diag_leader_rollout_prediction_used,diag_leader_search_demand_stress,diag_leader_search_density_stress,diag_leader_search_incident_stress,diag_leader_search_mode_continuous,diag_leader_search_mode_grid,diag_leader_search_ramp_queue_stress,diag_leader_search_stress_index,diag_leader_search_urban_storage_stress,diag_leader_selected_N_P_star,diag_leader_selected_N_UF_star,diag_leader_selected_intent_N_P_star,diag_leader_selected_intent_N_UF_star,diag_leader_selected_objective,diag_leader_selected_projected_N_P_star,diag_leader_selected_realized_N_P_star,diag_leader_selected_realized_N_UF_star,diag_leader_selected_stage_coarse,diag_leader_selected_stage_fallback,diag_leader_selected_stage_fallback_no_control,diag_leader_selected_stage_fallback_pfo,diag_leader_selected_stage_refined,diag_leader_smoothness_penalty,diag_leader_solver_N_P_star,diag_leader_solver_N_UF_star,diag_leader_state_accumulation_base,diag_leader_target_penalty,diag_leader_total_objective,diag_nash_converged,diag_nash_iterations,diag_nash_residual_control,diag_nash_residual_objective,diag_urban_net_inflow_original_target_veh,diag_urban_net_inflow_target_veh,diag_urban_net_inflow_target_veh_h,diag_wu_b2_price_A,diag_wu_b2_price_B,diag_wu_b2_price_C,diag_wu_b2_price_D,diag_wu_b2_price_F,diag_wu_b2_price_delta_sec,diag_wu_b2_price_enabled,diag_wu_b2_price_ref_A,diag_wu_b2_price_ref_B,diag_wu_b2_price_ref_C,diag_wu_b2_price_ref_D,diag_wu_b2_price_ref_F,diag_wu_b2_price_refresh_count,diag_wu_b2_price_refreshed,diag_wu_b2_price_trust_sec,diag_wu_b3_cliff_both_FW_E,diag_wu_b3_cliff_both_FW_W,diag_wu_b3_meter_fd3_R_D_E_base,diag_wu_b3_meter_fd3_R_D_E_cliffup,diag_wu_b3_meter_fd3_R_D_E_curv,diag_wu_b3_meter_fd3_R_D_E_hi,diag_wu_b3_meter_fd3_R_D_E_lo,diag_wu_b3_meter_fd3_R_D_E_nonlin,diag_wu_b3_meter_fd3_R_D_W_base,diag_wu_b3_meter_fd3_R_D_W_cliffup,diag_wu_b3_meter_fd3_R_D_W_curv,diag_wu_b3_meter_fd3_R_D_W_hi,diag_wu_b3_meter_fd3_R_D_W_lo,diag_wu_b3_meter_fd3_R_D_W_nonlin,diag_wu_b3_meter_fd3_R_F_E_base,diag_wu_b3_meter_fd3_R_F_E_cliffup,diag_wu_b3_meter_fd3_R_F_E_curv,diag_wu_b3_meter_fd3_R_F_E_hi,diag_wu_b3_meter_fd3_R_F_E_lo,diag_wu_b3_meter_fd3_R_F_E_nonlin,diag_wu_b3_meter_fd3_R_F_W_base,diag_wu_b3_meter_fd3_R_F_W_cliffup,diag_wu_b3_meter_fd3_R_F_W_curv,diag_wu_b3_meter_fd3_R_F_W_hi,diag_wu_b3_meter_fd3_R_F_W_lo,diag_wu_b3_meter_fd3_R_F_W_nonlin,diag_wu_b3_meter_price_R_D_E,diag_wu_b3_meter_price_R_D_W,diag_wu_b3_meter_price_R_F_E,diag_wu_b3_meter_price_R_F_W,diag_wu_b3_meter_price_enabled,diag_wu_b3_meter_price_ref_R_D_E,diag_wu_b3_meter_price_ref_R_D_W,diag_wu_b3_meter_price_ref_R_F_E,diag_wu_b3_meter_price_ref_R_F_W,diag_wu_b3_release_ratio_FW_E,diag_wu_b3_release_ratio_FW_W,diag_wu_b3_release_refresh,diag_wu_b3_vsl_price_FW_E__seg0,diag_wu_b3_vsl_price_FW_E__seg1,diag_wu_b3_vsl_price_FW_E__seg2,diag_wu_b3_vsl_price_FW_E__seg3,diag_wu_b3_vsl_price_FW_E__seg4,diag_wu_b3_vsl_price_FW_E__seg5,diag_wu_b3_vsl_price_FW_E__seg6,diag_wu_b3_vsl_price_FW_E__seg7,diag_wu_b3_vsl_price_FW_W__seg0,diag_wu_b3_vsl_price_FW_W__seg1,diag_wu_b3_vsl_price_FW_W__seg2,diag_wu_b3_vsl_price_FW_W__seg3,diag_wu_b3_vsl_price_FW_W__seg4,diag_wu_b3_vsl_price_FW_W__seg5,diag_wu_b3_vsl_price_FW_W__seg6,diag_wu_b3_vsl_price_FW_W__seg7,diag_wu_b3_vsl_price_enabled,diag_wu_b3_vsl_price_ref_FW_E__seg0,diag_wu_b3_vsl_price_ref_FW_E__seg1,diag_wu_b3_vsl_price_ref_FW_E__seg2,diag_wu_b3_vsl_price_ref_FW_E__seg3,diag_wu_b3_vsl_price_ref_FW_E__seg4,diag_wu_b3_vsl_price_ref_FW_E__seg5,diag_wu_b3_vsl_price_ref_FW_E__seg6,diag_wu_b3_vsl_price_ref_FW_E__seg7,diag_wu_b3_vsl_price_ref_FW_W__seg0,diag_wu_b3_vsl_price_ref_FW_W__seg1,diag_wu_b3_vsl_price_ref_FW_W__seg2,diag_wu_b3_vsl_price_ref_FW_W__seg3,diag_wu_b3_vsl_price_ref_FW_W__seg4,diag_wu_b3_vsl_price_ref_FW_W__seg5,diag_wu_b3_vsl_price_ref_FW_W__seg6,diag_wu_b3_vsl_price_ref_FW_W__seg7,diag_wu_b3cert_R_D_E,diag_wu_b3cert_R_D_W,diag_wu_b3cert_R_F_E,diag_wu_b3cert_R_F_W,diag_wu_b4_barrier_enabled,diag_wu_faithful_follower_active,diag_wu_faithful_lambda_P,diag_wu_faithful_lambda_next,diag_wu_faithful_local_evals,diag_wu_faithful_np_bias_ratio,diag_wu_faithful_np_cand_lambda,diag_wu_faithful_np_cand_lambda_applied,diag_wu_faithful_np_feasible_max,diag_wu_faithful_np_feasible_max_veh,diag_wu_faithful_np_feasible_min,diag_wu_faithful_np_feasible_min_veh,diag_wu_faithful_np_original_target,diag_wu_faithful_np_original_target_veh,diag_wu_faithful_np_pd_iters,diag_wu_faithful_np_pd_residual,diag_wu_faithful_np_predictor_current_interval,diag_wu_faithful_np_predictor_legacy,diag_wu_faithful_np_predictor_mode_code,diag_wu_faithful_np_predictor_phase_substep,diag_wu_faithful_np_predictor_storage_aware,diag_wu_faithful_np_projected_target,diag_wu_faithful_np_projected_target_veh,diag_wu_faithful_np_projection_residual,diag_wu_faithful_np_realized_sum_nin_veh,diag_wu_faithful_np_sum_nin,diag_wu_faithful_np_target,diag_wu_faithful_np_target_error,diag_wu_faithful_offset_evals,diag_wu_faithful_offset_ttt_off,diag_wu_faithful_offset_ttt_on,diag_wu_faithful_offsets_off_zero,diag_wu_faithful_offsets_searched_off_zero,diag_wu_faithful_solve_time_sec,diag_wu_faithful_sum_nin,diag_wu_price_rollout_count,diag_wu_seg13_active,diag_wu_seg13_budget_FW_E,diag_wu_seg13_budget_FW_W,diag_wu_seg13_evals_FW_E,diag_wu_seg13_evals_FW_W,diag_wu_seg13_floor_alpha_FW_E,diag_wu_seg13_floor_alpha_FW_W,diag_wu_seg13_floor_cong_FW_E,diag_wu_seg13_floor_cong_FW_W,diag_wu_seg13_postsplit_FW_E,diag_wu_seg13_postsplit_FW_W,diag_wu_seg13_presplit_FW_E,diag_wu_seg13_presplit_FW_W,diag_wu_seg13_traj_used_FW_E,diag_wu_seg13_traj_used_FW_W,green_A_p1,green_A_p2,green_B_p1,green_B_p2,green_C_p1,green_C_p2,green_D_p1,green_D_p2,green_F_p1,green_F_p2,offset_A,offset_B,offset_C,offset_D,offset_F,ramp_metering_R_D_E,ramp_metering_R_D_W,ramp_metering_R_F_E,ramp_metering_R_F_W,step,time_sec,vsl_FW_E,vsl_FW_E_seg0,vsl_FW_E_seg1,vsl_FW_E_seg2,vsl_FW_E_seg3,vsl_FW_E_seg4,vsl_FW_E_seg5,vsl_FW_E_seg6,vsl_FW_E_seg7,vsl_FW_W,vsl_FW_W_seg0,vsl_FW_W_seg1,vsl_FW_W_seg2,vsl_FW_W_seg3,vsl_FW_W_seg4,vsl_FW_W_seg5,vsl_FW_W_seg6,vsl_FW_W_seg7
0.0,0.0,0.0,0.0,0.0,0.0,0.0,0.0,0.0,0.0,0.0,0.0,0.0,0.0,0.0,0.0,0.0,0.0,0.0,0.0,0.0,0.0,0.0,0.0,0.0,0.0,0.0,0.0,0.0,0.0,0.0,0.0,0.0,0.0,0.0,0.0,0.0,0.0,0.0,0.0,0.0,0.0,0.0,0.0,0.0,0.0,0.0,0.0,0.0,0.0,0.0,0.0,0.0,0.0,0.0,0.0,0.0,0.0,0.0,0.0,0.0,0.0,0.0,0.0,0.0,0.0,0.0,0.0,0.0,0.0,0.0,0.0,0.0,0.0,0.0,0.0,0.0,0.0,0.0,0.0,0.0,0.0,0.0,0.0,0.0,0.0,0.0,0.0,0.0,0.0,0.0,0.0,0.0,0.0,,,,,,,,,,,,,,,,,,,,,,,,,,,,,,,,,,,,,,,,,,,,,,,,,,,,,,,,,,,,,,,,,,,,,,,,,,,,,,,,,,,,,,,,,,,,,,,,,,,,,,,,,,,,,,,,,,,,,,,,,,,,,,,,,,,,,,,,,,,,,,,,,,,,,,,,,,,,,,,,,,,,,,,,,,,,,,,,,,,,,,,,,,,,,,,,,,,,,,,,,,,,,,,,,,,,,,,,,,,,,,,,,,,,,,,,,,,,,,,,,,,,,,,,,,,,,,,,,,,,,,,,,,,,,,,,,,,,,,,,,,,,,,,,,,,,,,,,,,,,,,,,,,,,,,,,,,,,,,,,,,,,,,,,,,,,,,,,,,,,,,,,,,,,,,,,,,,,,,,,,,,,,,,,,,,,,,,,,,,,,,,,,,,,,,,,,,,,,,,,,,,,,,,,,,,,,,,,,,,,,56.0,56.0,56.0,56.0,56.0,56.0,56.0,56.0,56.0,56.0,0.0,0.0,0.0,0.0,0.0,1500.0,1500.0,1500.0,1500.0,0,180.0,100.0,100.0,100.0,100.0,100.0,100.0,100.0,100.0,100.0,100.0,100.0,100.0,100.0,100.0,100.0,100.0,100.0,100.0
0.0,0.0,0.0,0.0,0.0,0.0,0.0,0.0,0.0,0.0,0.0,0.0,0.0,0.0,0.0,0.0,0.0,0.0,0.0,0.0,0.0,0.0,0.0,0.0,0.0,0.0,0.0,0.0,0.0,0.0,0.0,0.0,0.0,0.0,0.0,0.0,0.0,0.0,0.0,0.0,0.0,0.0,0.0,0.0,0.0,0.0,0.0,0.0,0.0,0.0,0.0,0.0,0.0,0.0,0.0,0.0,0.0,0.0,0.0,0.0,0.0,0.0,0.0,0.0,0.0,0.0,0.0,0.0,0.0,0.0,0.0,0.0,0.0,0.0,0.0,0.0,0.0,0.0,0.0,0.0,0.0,0.0,0.0,0.0,0.0,0.0,0.0,0.0,0.0,0.0,0.0,0.0,0.0,0.0,,,,,,,,,,,,,,,,,,,,,,,,,,,,,,,,,,,,,,,,,,,,,,,,,,,,,,,,,,,,,,,,,,,,,,,,,,,,,,,,,,,,,,,,,,,,,,,,,,,,,,,,,,,,,,,,,,,,,,,,,,,,,,,,,,,,,,,,,,,,,,,,,,,,,,,,,,,,,,,,,,,,,,,,,,,,,,,,,,,,,,,,,,,,,,,,,,,,,,,,,,,,,,,,,,,,,,,,,,,,,,,,,,,,,,,,,,,,,,,,,,,,,,,,,,,,,,,,,,,,,,,,,,,,,,,,,,,,,,,,,,,,,,,,,,,,,,,,,,,,,,,,,,,,,,,,,,,,,,,,,,,,,,,,,,,,,,,,,,,,,,,,,,,,,,,,,,,,,,,,,,,,,,,,,,,,,,,,,,,,,,,,,,,,,,,,,,,,,,,,,,,,,,,,,,,,,,,,,,,,,56.0,56.0,56.0,56.0,56.0,56.0,56.0,56.0,56.0,56.0,0.0,0.0,0.0,0.0,0.0,1500.0,1500.0,1500.0,1500.0,1,360.0,100.0,100.0,100.0,100.0,100.0,100.0,100.0,100.0,100.0,100.0,100.0,100.0,100.0,100.0,100.0,100.0,100.0,100.0
0.0,0.0,0.0,0.0,0.0,0.0,0.0,0.0,0.0,0.0,0.0,0.0,0.0,0.0,0.0,0.0,0.0,0.0,0.0,0.0,0.0,0.0,0.0,0.0,0.0,0.0,0.0,0.0,0.0,0.0,0.0,0.0,0.0,0.0,0.0,0.0,0.0,0.0,0.0,0.0,0.0,0.0,0.0,0.0,0.0,0.0,0.0,0.0,0.0,0.0,0.0,0.0,0.0,0.0,0.0,0.0,0.0,0.0,0.0,0.0,0.0,0.0,0.0,0.0,0.0,0.0,0.0,0.0,0.0,0.0,0.0,0.0,0.0,0.0,0.0,0.0,0.0,0.0,0.0,0.0,0.0,0.0,0.0,0.0,0.0,0.0,0.0,0.0,0.0,0.0,0.0,0.0,0.0,0.0,,,,,,,,,,,,,,,,,,,,,,,,,,,,,,,,,,,,,,,,,,,,,,,,,,,,,,,,,,,,,,,,,,,,,,,,,,,,,,,,,,,,,,,,,,,,,,,,,,,,,,,,,,,,,,,,,,,,,,,,,,,,,,,,,,,,,,,,,,,,,,,,,,,,,,,,,,,,,,,,,,,,,,,,,,,,,,,,,,,,,,,,,,,,,,,,,,,,,,,,,,,,,,,,,,,,,,,,,,,,,,,,,,,,,,,,,,,,,,,,,,,,,,,,,,,,,,,,,,,,,,,,,,,,,,,,,,,,,,,,,,,,,,,,,,,,,,,,,,,,,,,,,,,,,,,,,,,,,,,,,,,,,,,,,,,,,,,,,,,,,,,,,,,,,,,,,,,,,,,,,,,,,,,,,,,,,,,,,,,,,,,,,,,,,,,,,,,,,,,,,,,,,,,,,,,,,,,,,,,,,56.0,56.0,56.0,56.0,56.0,56.0,56.0,56.0,56.0,56.0,0.0,0.0,0.0,0.0,0.0,1500.0,1500.0,1500.0,1500.0,2,540.0,100.0,100.0,100.0,100.0,100.0,100.0,100.0,100.0,100.0,100.0,100.0,100.0,100.0,100.0,100.0,100.0,100.0,100.0
0.0,0.0,0.0,0.0,0.0,0.0,0.0,0.0,0.0,0.0,0.0,0.0,0.0,0.0,0.0,0.0,0.0,0.0,0.0,0.0,0.0,0.0,0.0,0.0,0.0,0.0,0.0,0.0,0.0,0.0,0.0,0.0,0.0,0.0,0.0,0.0,0.0,0.0,0.0,0.0,0.0,0.0,0.0,0.0,0.0,0.0,0.0,0.0,0.0,0.0,0.0,0.0,0.0,0.0,0.0,0.0,0.0,0.0,0.0,0.0,0.0,0.0,0.0,0.0,0.0,0.0,0.0,0.0,0.0,0.0,0.0,0.0,0.0,0.0,0.0,0.0,0.0,0.0,0.0,0.0,0.0,0.0,0.0,0.0,0.0,0.0,0.0,0.0,0.0,0.0,0.0,0.0,0.0,0.0,,,,,,,,,,,,,,,,,,,,,,,,,,,,,,,,,,,,,,,,,,,,,,,,,,,,,,,,,,,,,,,,,,,,,,,,,,,,,,,,,,,,,,,,,,,,,,,,,,,,,,,,,,,,,,,,,,,,,,,,,,,,,,,,,,,,,,,,,,,,,,,,,,,,,,,,,,,,,,,,,,,,,,,,,,,,,,,,,,,,,,,,,,,,,,,,,,,,,,,,,,,,,,,,,,,,,,,,,,,,,,,,,,,,,,,,,,,,,,,,,,,,,,,,,,,,,,,,,,,,,,,,,,,,,,,,,,,,,,,,,,,,,,,,,,,,,,,,,,,,,,,,,,,,,,,,,,,,,,,,,,,,,,,,,,,,,,,,,,,,,,,,,,,,,,,,,,,,,,,,,,,,,,,,,,,,,,,,,,,,,,,,,,,,,,,,,,,,,,,,,,,,,,,,,,,,,,,,,,,,,56.0,56.0,56.0,56.0,56.0,56.0,56.0,56.0,56.0,56.0,0.0,0.0,0.0,0.0,0.0,1500.0,1500.0,1500.0,1500.0,3,720.0,100.0,100.0,100.0,100.0,100.0,100.0,100.0,100.0,100.0,100.0,100.0,100.0,100.0,100.0,100.0,100.0,100.0,100.0
0.0,0.0,0.0,0.0,0.0,0.0,0.0,0.0,0.0,0.0,0.0,0.0,0.0,0.0,0.0,0.0,0.0,0.0,0.0,0.0,0.0,0.0,0.0,0.0,0.0,0.0,0.0,0.0,0.0,0.0,0.0,0.0,0.0,0.0,0.0,0.0,0.0,0.0,0.0,0.0,0.0,0.0,0.0,0.0,0.0,0.0,0.0,0.0,0.0,0.0,0.0,0.0,0.0,0.0,0.0,0.0,0.0,0.0,0.0,0.0,0.0,0.0,0.0,0.0,0.0,0.0,0.0,0.0,0.0,0.0,0.0,0.0,0.0,0.0,0.0,0.0,0.0,0.0,0.0,0.0,0.0,0.0,0.0,0.0,0.0,0.0,0.0,0.0,0.0,0.0,0.0,0.0,0.0,0.0,,,,,,,,,,,,,,,,,,,,,,,,,,,,,,,,,,,,,,,,,,,,,,,,,,,,,,,,,,,,,,,,,,,,,,,,,,,,,,,,,,,,,,,,,,,,,,,,,,,,,,,,,,,,,,,,,,,,,,,,,,,,,,,,,,,,,,,,,,,,,,,,,,,,,,,,,,,,,,,,,,,,,,,,,,,,,,,,,,,,,,,,,,,,,,,,,,,,,,,,,,,,,,,,,,,,,,,,,,,,,,,,,,,,,,,,,,,,,,,,,,,,,,,,,,,,,,,,,,,,,,,,,,,,,,,,,,,,,,,,,,,,,,,,,,,,,,,,,,,,,,,,,,,,,,,,,,,,,,,,,,,,,,,,,,,,,,,,,,,,,,,,,,,,,,,,,,,,,,,,,,,,,,,,,,,,,,,,,,,,,,,,,,,,,,,,,,,,,,,,,,,,,,,,,,,,,,,,,,,,,56.0,56.0,56.0,56.0,56.0,56.0,56.0,56.0,56.0,56.0,0.0,0.0,0.0,0.0,0.0,1500.0,1500.0,1500.0,1500.0,4,900.0,100.0,100.0,100.0,100.0,100.0,100.0,100.0,100.0,100.0,100.0,100.0,100.0,100.0,100.0,100.0,100.0,100.0,100.0
0.0,0.0,0.0,0.0,0.0,0.0,0.0,0.0,0.0,0.0,0.0,0.0,0.0,0.0,0.0,0.0,0.0,0.0,0.0,0.0,0.0,0.0,0.0,0.0,0.0,0.0,0.0,0.0,0.0,0.0,0.0,0.0,0.0,0.0,0.0,0.0,0.0,0.0,0.0,0.0,0.0,0.0,0.0,0.0,0.0,0.0,0.0,0.0,0.0,0.0,0.0,0.0,0.0,0.0,0.0,0.0,0.0,0.0,0.0,0.0,0.0,0.0,0.0,0.0,0.0,0.0,0.0,0.0,0.0,0.0,0.0,0.0,0.0,0.0,0.0,0.0,0.0,0.0,0.0,0.0,0.0,0.0,0.0,0.0,0.0,0.0,0.0,0.0,0.0,0.0,0.0,0.0,0.0,0.0,,,,,,,,,,,,,,,,,,,,,,,,,,,,,,,,,,,,,,,,,,,,,,,,,,,,,,,,,,,,,,,,,,,,,,,,,,,,,,,,,,,,,,,,,,,,,,,,,,,,,,,,,,,,,,,,,,,,,,,,,,,,,,,,,,,,,,,,,,,,,,,,,,,,,,,,,,,,,,,,,,,,,,,,,,,,,,,,,,,,,,,,,,,,,,,,,,,,,,,,,,,,,,,,,,,,,,,,,,,,,,,,,,,,,,,,,,,,,,,,,,,,,,,,,,,,,,,,,,,,,,,,,,,,,,,,,,,,,,,,,,,,,,,,,,,,,,,,,,,,,,,,,,,,,,,,,,,,,,,,,,,,,,,,,,,,,,,,,,,,,,,,,,,,,,,,,,,,,,,,,,,,,,,,,,,,,,,,,,,,,,,,,,,,,,,,,,,,,,,,,,,,,,,,,,,,,,,,,,,,,56.0,56.0,56.0,56.0,56.0,56.0,56.0,56.0,56.0,56.0,0.0,0.0,0.0,0.0,0.0,1500.0,1500.0,1500.0,1500.0,5,1080.0,100.0,100.0,100.0,100.0,100.0,100.0,100.0,100.0,100.0,100.0,100.0,100.0,100.0,100.0,100.0,100.0,100.0,100.0
0.0,0.0,0.0,0.0,0.0,0.0,0.0,0.0,0.0,0.0,0.0,0.0,0.0,0.0,0.0,0.0,0.0,0.0,0.0,0.0,0.0,0.0,0.0,0.0,0.0,0.0,0.0,0.0,0.0,0.0,0.0,0.0,0.0,0.0,0.0,0.0,0.0,0.0,0.0,0.0,0.0,0.0,0.0,0.0,0.0,0.0,0.0,0.0,0.0,0.0,0.0,0.0,0.0,0.0,0.0,0.0,0.0,0.0,0.0,0.0,0.0,0.0,0.0,0.0,0.0,0.0,0.0,0.0,0.0,0.0,0.0,0.0,0.0,0.0,0.0,0.0,0.0,0.0,0.0,0.0,0.0,0.0,0.0,0.0,0.0,0.0,0.0,0.0,0.0,0.0,0.0,0.0,0.0,0.0,,,,,,,,,,,,,,,,,,,,,,,,,,,,,,,,,,,,,,,,,,,,,,,,,,,,,,,,,,,,,,,,,,,,,,,,,,,,,,,,,,,,,,,,,,,,,,,,,,,,,,,,,,,,,,,,,,,,,,,,,,,,,,,,,,,,,,,,,,,,,,,,,,,,,,,,,,,,,,,,,,,,,,,,,,,,,,,,,,,,,,,,,,,,,,,,,,,,,,,,,,,,,,,,,,,,,,,,,,,,,,,,,,,,,,,,,,,,,,,,,,,,,,,,,,,,,,,,,,,,,,,,,,,,,,,,,,,,,,,,,,,,,,,,,,,,,,,,,,,,,,,,,,,,,,,,,,,,,,,,,,,,,,,,,,,,,,,,,,,,,,,,,,,,,,,,,,,,,,,,,,,,,,,,,,,,,,,,,,,,,,,,,,,,,,,,,,,,,,,,,,,,,,,,,,,,,,,,,,,,,56.0,56.0,56.0,56.0,56.0,56.0,56.0,56.0,56.0,56.0,0.0,0.0,0.0,0.0,0.0,1500.0,1500.0,1500.0,1500.0,6,1260.0,100.0,100.0,100.0,100.0,100.0,100.0,100.0,100.0,100.0,100.0,100.0,100.0,100.0,100.0,100.0,100.0,100.0,100.0
0.0,0.0,0.0,0.0,0.0,0.0,0.0,0.0,0.0,0.0,0.0,0.0,0.0,0.0,0.0,0.0,0.0,0.0,0.0,0.0,0.0,0.0,0.0,0.0,0.0,0.0,0.0,0.0,0.0,0.0,0.0,0.0,0.0,0.0,0.0,0.0,0.0,0.0,0.0,0.0,0.0,0.0,0.0,0.0,0.0,0.0,0.0,0.0,0.0,0.0,0.0,0.0,0.0,0.0,0.0,0.0,0.0,0.0,0.0,0.0,0.0,0.0,0.0,0.0,0.0,0.0,0.0,0.0,0.0,0.0,0.0,0.0,0.0,0.0,0.0,0.0,0.0,0.0,0.0,0.0,0.0,0.0,0.0,0.0,0.0,0.0,0.0,0.0,0.0,0.0,0.0,0.0,0.0,0.0,,,,,,,,,,,,,,,,,,,,,,,,,,,,,,,,,,,,,,,,,,,,,,,,,,,,,,,,,,,,,,,,,,,,,,,,,,,,,,,,,,,,,,,,,,,,,,,,,,,,,,,,,,,,,,,,,,,,,,,,,,,,,,,,,,,,,,,,,,,,,,,,,,,,,,,,,,,,,,,,,,,,,,,,,,,,,,,,,,,,,,,,,,,,,,,,,,,,,,,,,,,,,,,,,,,,,,,,,,,,,,,,,,,,,,,,,,,,,,,,,,,,,,,,,,,,,,,,,,,,,,,,,,,,,,,,,,,,,,,,,,,,,,,,,,,,,,,,,,,,,,,,,,,,,,,,,,,,,,,,,,,,,,,,,,,,,,,,,,,,,,,,,,,,,,,,,,,,,,,,,,,,,,,,,,,,,,,,,,,,,,,,,,,,,,,,,,,,,,,,,,,,,,,,,,,,,,,,,,,,,56.0,56.0,56.0,56.0,56.0,56.0,56.0,56.0,56.0,56.0,0.0,0.0,0.0,0.0,0.0,1500.0,1500.0,1500.0,1500.0,7,1440.0,100.0,100.0,100.0,100.0,100.0,100.0,100.0,100.0,100.0,100.0,100.0,100.0,100.0,100.0,100.0,100.0,100.0,100.0
0.0,0.0,0.0,0.0,0.0,0.0,0.0,0.0,0.0,0.0,0.0,0.0,0.0,0.0,0.0,0.0,0.0,0.0,0.0,0.0,0.0,0.0,0.0,0.0,0.0,0.0,0.0,0.0,0.0,0.0,0.0,0.0,0.0,0.0,0.0,0.0,0.0,0.0,0.0,0.0,0.0,0.0,0.0,0.0,0.0,0.0,0.0,0.0,0.0,0.0,0.0,0.0,0.0,0.0,0.0,0.0,0.0,0.0,0.0,0.0,0.0,0.0,0.0,0.0,0.0,0.0,0.0,0.0,0.0,0.0,0.0,0.0,0.0,0.0,0.0,0.0,0.0,0.0,0.0,0.0,0.0,0.0,0.0,0.0,0.0,0.0,0.0,0.0,0.0,0.0,0.0,0.0,0.0,0.0,,,,,,,,,,,,,,,,,,,,,,,,,,,,,,,,,,,,,,,,,,,,,,,,,,,,,,,,,,,,,,,,,,,,,,,,,,,,,,,,,,,,,,,,,,,,,,,,,,,,,,,,,,,,,,,,,,,,,,,,,,,,,,,,,,,,,,,,,,,,,,,,,,,,,,,,,,,,,,,,,,,,,,,,,,,,,,,,,,,,,,,,,,,,,,,,,,,,,,,,,,,,,,,,,,,,,,,,,,,,,,,,,,,,,,,,,,,,,,,,,,,,,,,,,,,,,,,,,,,,,,,,,,,,,,,,,,,,,,,,,,,,,,,,,,,,,,,,,,,,,,,,,,,,,,,,,,,,,,,,,,,,,,,,,,,,,,,,,,,,,,,,,,,,,,,,,,,,,,,,,,,,,,,,,,,,,,,,,,,,,,,,,,,,,,,,,,,,,,,,,,,,,,,,,,,,,,,,,,,,,56.0,56.0,56.0,56.0,56.0,56.0,56.0,56.0,56.0,56.0,0.0,0.0,0.0,0.0,0.0,1500.0,1500.0,1500.0,1500.0,8,1620.0,100.0,100.0,100.0,100.0,100.0,100.0,100.0,100.0,100.0,100.0,100.0,100.0,100.0,100.0,100.0,100.0,100.0,100.0
0.0,0.0,0.0,0.0,0.0,0.0,0.0,0.0,0.0,0.0,0.0,0.0,0.0,0.0,0.0,0.0,0.0,0.0,0.0,0.0,0.0,0.0,0.0,0.0,0.0,0.0,0.0,0.0,0.0,0.0,0.0,0.0,0.0,0.0,0.0,0.0,0.0,0.0,0.0,0.0,0.0,0.0,0.0,0.0,0.0,0.0,0.0,0.0,0.0,0.0,0.0,0.0,0.0,0.0,0.0,0.0,0.0,0.0,0.0,0.0,0.0,0.0,0.0,0.0,0.0,0.0,0.0,0.0,0.0,0.0,0.0,0.0,0.0,0.0,0.0,0.0,0.0,0.0,0.0,0.0,0.0,0.0,0.0,0.0,0.0,0.0,0.0,0.0,0.0,0.0,0.0,0.0,0.0,0.0,,,,,,,,,,,,,,,,,,,,,,,,,,,,,,,,,,,,,,,,,,,,,,,,,,,,,,,,,,,,,,,,,,,,,,,,,,,,,,,,,,,,,,,,,,,,,,,,,,,,,,,,,,,,,,,,,,,,,,,,,,,,,,,,,,,,,,,,,,,,,,,,,,,,,,,,,,,,,,,,,,,,,,,,,,,,,,,,,,,,,,,,,,,,,,,,,,,,,,,,,,,,,,,,,,,,,,,,,,,,,,,,,,,,,,,,,,,,,,,,,,,,,,,,,,,,,,,,,,,,,,,,,,,,,,,,,,,,,,,,,,,,,,,,,,,,,,,,,,,,,,,,,,,,,,,,,,,,,,,,,,,,,,,,,,,,,,,,,,,,,,,,,,,,,,,,,,,,,,,,,,,,,,,,,,,,,,,,,,,,,,,,,,,,,,,,,,,,,,,,,,,,,,,,,,,,,,,,,,,,,56.0,56.0,56.0,56.0,56.0,56.0,56.0,56.0,56.0,56.0,0.0,0.0,0.0,0.0,0.0,1500.0,1500.0,1500.0,1500.0,9,1800.0,100.0,100.0,100.0,100.0,100.0,100.0,100.0,100.0,100.0,100.0,100.0,100.0,100.0,100.0,100.0,100.0,100.0,100.0
0.0,0.0,0.0,0.0,0.0,0.0,0.0,0.0,0.0,0.0,0.0,0.0,0.0,0.0,0.0,0.0,0.0,0.0,0.0,0.0,0.0,0.0,0.0,0.0,0.0,0.0,0.0,0.0,0.0,0.0,0.0,0.0,0.0,0.0,0.0,0.0,0.0,0.0,0.0,0.0,0.0,0.0,0.0,0.0,0.0,0.0,0.0,0.0,0.0,0.0,0.0,0.0,0.0,0.0,0.0,0.0,0.0,0.0,0.0,0.0,0.0,0.0,0.0,0.0,0.0,0.0,0.0,0.0,0.0,0.0,0.0,0.0,0.0,0.0,0.0,0.0,0.0,0.0,0.0,0.0,0.0,0.0,0.0,0.0,0.0,0.0,0.0,0.0,0.0,0.0,0.0,0.0,0.0,0.0,,,,,,,,,,,,,,,,,,,,,,,,,,,,,,,,,,,,,,,,,,,,,,,,,,,,,,,,,,,,,,,,,,,,,,,,,,,,,,,,,,,,,,,,,,,,,,,,,,,,,,,,,,,,,,,,,,,,,,,,,,,,,,,,,,,,,,,,,,,,,,,,,,,,,,,,,,,,,,,,,,,,,,,,,,,,,,,,,,,,,,,,,,,,,,,,,,,,,,,,,,,,,,,,,,,,,,,,,,,,,,,,,,,,,,,,,,,,,,,,,,,,,,,,,,,,,,,,,,,,,,,,,,,,,,,,,,,,,,,,,,,,,,,,,,,,,,,,,,,,,,,,,,,,,,,,,,,,,,,,,,,,,,,,,,,,,,,,,,,,,,,,,,,,,,,,,,,,,,,,,,,,,,,,,,,,,,,,,,,,,,,,,,,,,,,,,,,,,,,,,,,,,,,,,,,,,,,,,,,,,56.0,56.0,56.0,56.0,56.0,56.0,56.0,56.0,56.0,56.0,0.0,0.0,0.0,0.0,0.0,1500.0,1500.0,1500.0,1500.0,10,1980.0,100.0,100.0,100.0,100.0,100.0,100.0,100.0,100.0,100.0,100.0,100.0,100.0,100.0,100.0,100.0,100.0,100.0,100.0
0.0,0.0,0.0,0.0,0.0,0.0,0.0,0.0,0.0,0.0,0.0,0.0,0.0,0.0,0.0,0.0,0.0,0.0,0.0,0.0,0.0,0.0,0.0,0.0,0.0,0.0,0.0,0.0,0.0,0.0,0.0,0.0,0.0,0.0,0.0,0.0,0.0,0.0,0.0,0.0,0.0,0.0,0.0,0.0,0.0,0.0,0.0,0.0,0.0,0.0,0.0,0.0,0.0,0.0,0.0,0.0,0.0,0.0,0.0,0.0,0.0,0.0,0.0,0.0,0.0,0.0,0.0,0.0,0.0,0.0,0.0,0.0,0.0,0.0,0.0,0.0,0.0,0.0,0.0,0.0,0.0,0.0,0.0,0.0,0.0,0.0,0.0,0.0,0.0,0.0,0.0,0.0,0.0,0.0,,,,,,,,,,,,,,,,,,,,,,,,,,,,,,,,,,,,,,,,,,,,,,,,,,,,,,,,,,,,,,,,,,,,,,,,,,,,,,,,,,,,,,,,,,,,,,,,,,,,,,,,,,,,,,,,,,,,,,,,,,,,,,,,,,,,,,,,,,,,,,,,,,,,,,,,,,,,,,,,,,,,,,,,,,,,,,,,,,,,,,,,,,,,,,,,,,,,,,,,,,,,,,,,,,,,,,,,,,,,,,,,,,,,,,,,,,,,,,,,,,,,,,,,,,,,,,,,,,,,,,,,,,,,,,,,,,,,,,,,,,,,,,,,,,,,,,,,,,,,,,,,,,,,,,,,,,,,,,,,,,,,,,,,,,,,,,,,,,,,,,,,,,,,,,,,,,,,,,,,,,,,,,,,,,,,,,,,,,,,,,,,,,,,,,,,,,,,,,,,,,,,,,,,,,,,,,,,,,,,,56.0,56.0,56.0,56.0,56.0,56.0,56.0,56.0,56.0,56.0,0.0,0.0,0.0,0.0,0.0,1500.0,1500.0,1500.0,1500.0,11,2160.0,100.0,100.0,100.0,100.0,100.0,100.0,100.0,100.0,100.0,100.0,100.0,100.0,100.0,100.0,100.0,100.0,100.0,100.0
0.0,0.0,0.0,0.0,0.0,0.0,0.0,0.0,0.0,0.0,0.0,0.0,0.0,0.0,0.0,0.0,0.0,0.0,0.0,0.0,0.0,0.0,0.0,0.0,0.0,0.0,0.0,0.0,0.0,0.0,0.0,0.0,0.0,0.0,0.0,0.0,0.0,0.0,0.0,0.0,0.0,0.0,0.0,0.0,0.0,0.0,0.0,0.0,0.0,0.0,0.0,0.0,0.0,0.0,0.0,0.0,0.0,0.0,0.0,0.0,0.0,0.0,0.0,0.0,0.0,0.0,0.0,0.0,0.0,0.0,0.0,0.0,0.0,0.0,0.0,0.0,0.0,0.0,0.0,0.0,0.0,0.0,0.0,0.0,0.0,0.0,0.0,0.0,0.0,0.0,0.0,0.0,0.0,0.0,,,,,,,,,,,,,,,,,,,,,,,,,,,,,,,,,,,,,,,,,,,,,,,,,,,,,,,,,,,,,,,,,,,,,,,,,,,,,,,,,,,,,,,,,,,,,,,,,,,,,,,,,,,,,,,,,,,,,,,,,,,,,,,,,,,,,,,,,,,,,,,,,,,,,,,,,,,,,,,,,,,,,,,,,,,,,,,,,,,,,,,,,,,,,,,,,,,,,,,,,,,,,,,,,,,,,,,,,,,,,,,,,,,,,,,,,,,,,,,,,,,,,,,,,,,,,,,,,,,,,,,,,,,,,,,,,,,,,,,,,,,,,,,,,,,,,,,,,,,,,,,,,,,,,,,,,,,,,,,,,,,,,,,,,,,,,,,,,,,,,,,,,,,,,,,,,,,,,,,,,,,,,,,,,,,,,,,,,,,,,,,,,,,,,,,,,,,,,,,,,,,,,,,,,,,,,,,,,,,,,56.0,56.0,56.0,56.0,56.0,56.0,56.0,56.0,56.0,56.0,0.0,0.0,0.0,0.0,0.0,1500.0,1500.0,1500.0,1500.0,12,2340.0,100.0,100.0,100.0,100.0,100.0,100.0,100.0,100.0,100.0,100.0,100.0,100.0,100.0,100.0,100.0,100.0,100.0,100.0
0.0,0.0,0.0,0.0,0.0,0.0,0.0,0.0,0.0,0.0,0.0,0.0,0.0,0.0,0.0,0.0,0.0,0.0,0.0,0.0,0.0,0.0,0.0,0.0,0.0,0.0,0.0,0.0,0.0,0.0,0.0,0.0,0.0,0.0,0.0,0.0,0.0,0.0,0.0,0.0,0.0,0.0,0.0,0.0,0.0,0.0,0.0,0.0,0.0,0.0,0.0,0.0,0.0,0.0,0.0,0.0,0.0,0.0,0.0,0.0,0.0,0.0,0.0,0.0,0.0,0.0,0.0,0.0,0.0,0.0,0.0,0.0,0.0,0.0,0.0,0.0,0.0,0.0,0.0,0.0,0.0,0.0,0.0,0.0,0.0,0.0,0.0,0.0,0.0,0.0,0.0,0.0,0.0,0.0,,,,,,,,,,,,,,,,,,,,,,,,,,,,,,,,,,,,,,,,,,,,,,,,,,,,,,,,,,,,,,,,,,,,,,,,,,,,,,,,,,,,,,,,,,,,,,,,,,,,,,,,,,,,,,,,,,,,,,,,,,,,,,,,,,,,,,,,,,,,,,,,,,,,,,,,,,,,,,,,,,,,,,,,,,,,,,,,,,,,,,,,,,,,,,,,,,,,,,,,,,,,,,,,,,,,,,,,,,,,,,,,,,,,,,,,,,,,,,,,,,,,,,,,,,,,,,,,,,,,,,,,,,,,,,,,,,,,,,,,,,,,,,,,,,,,,,,,,,,,,,,,,,,,,,,,,,,,,,,,,,,,,,,,,,,,,,,,,,,,,,,,,,,,,,,,,,,,,,,,,,,,,,,,,,,,,,,,,,,,,,,,,,,,,,,,,,,,,,,,,,,,,,,,,,,,,,,,,,,,,56.0,56.0,56.0,56.0,56.0,56.0,56.0,56.0,56.0,56.0,0.0,0.0,0.0,0.0,0.0,1500.0,1500.0,1500.0,1500.0,13,2520.0,100.0,100.0,100.0,100.0,100.0,100.0,100.0,100.0,100.0,100.0,100.0,100.0,100.0,100.0,100.0,100.0,100.0,100.0
0.0,0.0,0.0,0.0,0.0,0.0,0.0,0.0,0.0,0.0,0.0,0.0,0.0,0.0,0.0,0.0,0.0,0.0,0.0,0.0,0.0,0.0,0.0,0.0,0.0,0.0,0.0,0.0,0.0,0.0,0.0,0.0,0.0,0.0,0.0,0.0,0.0,0.0,0.0,0.0,0.0,0.0,0.0,0.0,0.0,0.0,0.0,0.0,0.0,0.0,0.0,0.0,0.0,0.0,0.0,0.0,0.0,0.0,0.0,0.0,0.0,0.0,0.0,0.0,0.0,0.0,0.0,0.0,0.0,0.0,0.0,0.0,0.0,0.0,0.0,0.0,0.0,0.0,0.0,0.0,0.0,0.0,0.0,0.0,0.0,0.0,0.0,0.0,0.0,0.0,0.0,0.0,0.0,0.0,,,,,,,,,,,,,,,,,,,,,,,,,,,,,,,,,,,,,,,,,,,,,,,,,,,,,,,,,,,,,,,,,,,,,,,,,,,,,,,,,,,,,,,,,,,,,,,,,,,,,,,,,,,,,,,,,,,,,,,,,,,,,,,,,,,,,,,,,,,,,,,,,,,,,,,,,,,,,,,,,,,,,,,,,,,,,,,,,,,,,,,,,,,,,,,,,,,,,,,,,,,,,,,,,,,,,,,,,,,,,,,,,,,,,,,,,,,,,,,,,,,,,,,,,,,,,,,,,,,,,,,,,,,,,,,,,,,,,,,,,,,,,,,,,,,,,,,,,,,,,,,,,,,,,,,,,,,,,,,,,,,,,,,,,,,,,,,,,,,,,,,,,,,,,,,,,,,,,,,,,,,,,,,,,,,,,,,,,,,,,,,,,,,,,,,,,,,,,,,,,,,,,,,,,,,,,,,,,,,,,56.0,56.0,56.0,56.0,56.0,56.0,56.0,56.0,56.0,56.0,0.0,0.0,0.0,0.0,0.0,1500.0,1500.0,1500.0,1500.0,14,2700.0,100.0,100.0,100.0,100.0,100.0,100.0,100.0,100.0,100.0,100.0,100.0,100.0,100.0,100.0,100.0,100.0,100.0,100.0
0.0,0.0,0.0,0.0,0.0,0.0,0.0,0.0,0.0,0.0,0.0,0.0,0.0,0.0,0.0,0.0,0.0,0.0,0.0,0.0,0.0,0.0,0.0,0.0,0.0,0.0,0.0,0.0,0.0,0.0,0.0,0.0,0.0,0.0,0.0,0.0,0.0,0.0,0.0,0.0,0.0,0.0,0.0,0.0,0.0,0.0,0.0,0.0,0.0,0.0,0.0,0.0,0.0,0.0,0.0,0.0,0.0,0.0,0.0,0.0,0.0,0.0,0.0,0.0,0.0,0.0,0.0,0.0,0.0,0.0,0.0,0.0,0.0,0.0,0.0,0.0,0.0,0.0,0.0,0.0,0.0,0.0,0.0,0.0,0.0,0.0,0.0,0.0,0.0,0.0,0.0,0.0,0.0,0.0,,,,,,,,,,,,,,,,,,,,,,,,,,,,,,,,,,,,,,,,,,,,,,,,,,,,,,,,,,,,,,,,,,,,,,,,,,,,,,,,,,,,,,,,,,,,,,,,,,,,,,,,,,,,,,,,,,,,,,,,,,,,,,,,,,,,,,,,,,,,,,,,,,,,,,,,,,,,,,,,,,,,,,,,,,,,,,,,,,,,,,,,,,,,,,,,,,,,,,,,,,,,,,,,,,,,,,,,,,,,,,,,,,,,,,,,,,,,,,,,,,,,,,,,,,,,,,,,,,,,,,,,,,,,,,,,,,,,,,,,,,,,,,,,,,,,,,,,,,,,,,,,,,,,,,,,,,,,,,,,,,,,,,,,,,,,,,,,,,,,,,,,,,,,,,,,,,,,,,,,,,,,,,,,,,,,,,,,,,,,,,,,,,,,,,,,,,,,,,,,,,,,,,,,,,,,,,,,,,,,,56.0,56.0,56.0,56.0,56.0,56.0,56.0,56.0,56.0,56.0,0.0,0.0,0.0,0.0,0.0,1500.0,1500.0,1500.0,1500.0,15,2880.0,100.0,100.0,100.0,100.0,100.0,100.0,100.0,100.0,100.0,100.0,100.0,100.0,100.0,100.0,100.0,100.0,100.0,100.0
0.0,0.0,0.0,0.0,0.0,0.0,0.0,0.0,0.0,0.0,0.0,0.0,0.0,0.0,0.0,0.0,0.0,0.0,0.0,0.0,0.0,0.0,0.0,0.0,0.0,0.0,0.0,0.0,0.0,0.0,0.0,0.0,0.0,0.0,0.0,0.0,0.0,0.0,0.0,0.0,0.0,0.0,0.0,0.0,0.0,0.0,0.0,0.0,0.0,0.0,0.0,0.0,0.0,0.0,0.0,0.0,0.0,0.0,0.0,0.0,0.0,0.0,0.0,0.0,0.0,0.0,0.0,0.0,0.0,0.0,0.0,0.0,0.0,0.0,0.0,0.0,0.0,0.0,0.0,0.0,0.0,0.0,0.0,0.0,0.0,0.0,0.0,0.0,0.0,0.0,0.0,0.0,0.0,0.0,,,,,,,,,,,,,,,,,,,,,,,,,,,,,,,,,,,,,,,,,,,,,,,,,,,,,,,,,,,,,,,,,,,,,,,,,,,,,,,,,,,,,,,,,,,,,,,,,,,,,,,,,,,,,,,,,,,,,,,,,,,,,,,,,,,,,,,,,,,,,,,,,,,,,,,,,,,,,,,,,,,,,,,,,,,,,,,,,,,,,,,,,,,,,,,,,,,,,,,,,,,,,,,,,,,,,,,,,,,,,,,,,,,,,,,,,,,,,,,,,,,,,,,,,,,,,,,,,,,,,,,,,,,,,,,,,,,,,,,,,,,,,,,,,,,,,,,,,,,,,,,,,,,,,,,,,,,,,,,,,,,,,,,,,,,,,,,,,,,,,,,,,,,,,,,,,,,,,,,,,,,,,,,,,,,,,,,,,,,,,,,,,,,,,,,,,,,,,,,,,,,,,,,,,,,,,,,,,,,,,56.0,56.0,56.0,56.0,56.0,56.0,56.0,56.0,56.0,56.0,0.0,0.0,0.0,0.0,0.0,1500.0,1500.0,1500.0,1500.0,16,3060.0,100.0,100.0,100.0,100.0,100.0,100.0,100.0,100.0,100.0,100.0,100.0,100.0,100.0,100.0,100.0,100.0,100.0,100.0
0.0,0.0,0.0,0.0,0.0,0.0,0.0,0.0,0.0,0.0,0.0,0.0,0.0,0.0,0.0,0.0,0.0,0.0,0.0,0.0,0.0,0.0,0.0,0.0,0.0,0.0,0.0,0.0,0.0,0.0,0.0,0.0,0.0,0.0,0.0,0.0,0.0,0.0,0.0,0.0,0.0,0.0,0.0,0.0,0.0,0.0,0.0,0.0,0.0,0.0,0.0,0.0,0.0,0.0,0.0,0.0,0.0,0.0,0.0,0.0,0.0,0.0,0.0,0.0,0.0,0.0,0.0,0.0,0.0,0.0,0.0,0.0,0.0,0.0,0.0,0.0,0.0,0.0,0.0,0.0,0.0,0.0,0.0,0.0,0.0,0.0,0.0,0.0,0.0,0.0,0.0,0.0,0.0,0.0,,,,,,,,,,,,,,,,,,,,,,,,,,,,,,,,,,,,,,,,,,,,,,,,,,,,,,,,,,,,,,,,,,,,,,,,,,,,,,,,,,,,,,,,,,,,,,,,,,,,,,,,,,,,,,,,,,,,,,,,,,,,,,,,,,,,,,,,,,,,,,,,,,,,,,,,,,,,,,,,,,,,,,,,,,,,,,,,,,,,,,,,,,,,,,,,,,,,,,,,,,,,,,,,,,,,,,,,,,,,,,,,,,,,,,,,,,,,,,,,,,,,,,,,,,,,,,,,,,,,,,,,,,,,,,,,,,,,,,,,,,,,,,,,,,,,,,,,,,,,,,,,,,,,,,,,,,,,,,,,,,,,,,,,,,,,,,,,,,,,,,,,,,,,,,,,,,,,,,,,,,,,,,,,,,,,,,,,,,,,,,,,,,,,,,,,,,,,,,,,,,,,,,,,,,,,,,,,,,,,,56.0,56.0,56.0,56.0,56.0,56.0,56.0,56.0,56.0,56.0,0.0,0.0,0.0,0.0,0.0,1500.0,1500.0,1500.0,1500.0,17,3240.0,100.0,100.0,100.0,100.0,100.0,100.0,100.0,100.0,100.0,100.0,100.0,100.0,100.0,100.0,100.0,100.0,100.0,100.0
0.0,0.0,0.0,0.0,0.0,0.0,0.0,0.0,0.0,0.0,0.0,0.0,0.0,0.0,0.0,0.0,0.0,0.0,0.0,0.0,0.0,0.0,0.0,0.0,0.0,0.0,0.0,0.0,0.0,0.0,0.0,0.0,0.0,0.0,0.0,0.0,0.0,0.0,0.0,0.0,0.0,0.0,0.0,0.0,0.0,0.0,0.0,0.0,0.0,0.0,0.0,0.0,0.0,0.0,0.0,0.0,0.0,0.0,0.0,0.0,0.0,0.0,0.0,0.0,0.0,0.0,0.0,0.0,0.0,0.0,0.0,0.0,0.0,0.0,0.0,0.0,0.0,0.0,0.0,0.0,0.0,0.0,0.0,0.0,0.0,0.0,0.0,0.0,0.0,0.0,0.0,0.0,0.0,0.0,,,,,,,,,,,,,,,,,,,,,,,,,,,,,,,,,,,,,,,,,,,,,,,,,,,,,,,,,,,,,,,,,,,,,,,,,,,,,,,,,,,,,,,,,,,,,,,,,,,,,,,,,,,,,,,,,,,,,,,,,,,,,,,,,,,,,,,,,,,,,,,,,,,,,,,,,,,,,,,,,,,,,,,,,,,,,,,,,,,,,,,,,,,,,,,,,,,,,,,,,,,,,,,,,,,,,,,,,,,,,,,,,,,,,,,,,,,,,,,,,,,,,,,,,,,,,,,,,,,,,,,,,,,,,,,,,,,,,,,,,,,,,,,,,,,,,,,,,,,,,,,,,,,,,,,,,,,,,,,,,,,,,,,,,,,,,,,,,,,,,,,,,,,,,,,,,,,,,,,,,,,,,,,,,,,,,,,,,,,,,,,,,,,,,,,,,,,,,,,,,,,,,,,,,,,,,,,,,,,,,56.0,56.0,56.0,56.0,56.0,56.0,56.0,56.0,56.0,56.0,0.0,0.0,0.0,0.0,0.0,1500.0,1500.0,1500.0,1500.0,18,3420.0,100.0,100.0,100.0,100.0,100.0,100.0,100.0,100.0,100.0,100.0,100.0,100.0,100.0,100.0,100.0,100.0,100.0,100.0
0.0,0.0,0.0,0.0,0.0,0.0,0.0,0.0,0.0,0.0,0.0,0.0,0.0,0.0,0.0,0.0,0.0,0.0,0.0,0.0,0.0,0.0,0.0,0.0,0.0,0.0,0.0,0.0,0.0,0.0,0.0,0.0,0.0,0.0,0.0,0.0,0.0,0.0,0.0,0.0,0.0,0.0,0.0,0.0,0.0,0.0,0.0,0.0,0.0,0.0,0.0,0.0,0.0,0.0,0.0,0.0,0.0,0.0,0.0,0.0,0.0,0.0,0.0,0.0,0.0,0.0,0.0,0.0,0.0,0.0,0.0,0.0,0.0,0.0,0.0,0.0,0.0,0.0,0.0,0.0,0.0,0.0,0.0,0.0,0.0,0.0,0.0,0.0,0.0,0.0,0.0,0.0,0.0,0.0,,,,,,,,,,,,,,,,,,,,,,,,,,,,,,,,,,,,,,,,,,,,,,,,,,,,,,,,,,,,,,,,,,,,,,,,,,,,,,,,,,,,,,,,,,,,,,,,,,,,,,,,,,,,,,,,,,,,,,,,,,,,,,,,,,,,,,,,,,,,,,,,,,,,,,,,,,,,,,,,,,,,,,,,,,,,,,,,,,,,,,,,,,,,,,,,,,,,,,,,,,,,,,,,,,,,,,,,,,,,,,,,,,,,,,,,,,,,,,,,,,,,,,,,,,,,,,,,,,,,,,,,,,,,,,,,,,,,,,,,,,,,,,,,,,,,,,,,,,,,,,,,,,,,,,,,,,,,,,,,,,,,,,,,,,,,,,,,,,,,,,,,,,,,,,,,,,,,,,,,,,,,,,,,,,,,,,,,,,,,,,,,,,,,,,,,,,,,,,,,,,,,,,,,,,,,,,,,,,,,,56.0,56.0,56.0,56.0,56.0,56.0,56.0,56.0,56.0,56.0,0.0,0.0,0.0,0.0,0.0,1500.0,1500.0,1500.0,1500.0,19,3600.0,100.0,100.0,100.0,100.0,100.0,100.0,100.0,100.0,100.0,100.0,100.0,100.0,100.0,100.0,100.0,100.0,100.0,100.0
438.68187163913217,5974.085647692667,0.0,0.0,0.0,0.0,0.0,0.0,0.0,0.0,0.0,0.0,0.0,0.0,0.0,0.0,0.0,0.0,0.0,0.0,0.0,0.0,0.0,0.0,0.0,0.0,0.0,0.0,0.0,0.0,0.0,0.0,0.0,0.0,0.0,0.0,0.0,0.0,0.0,0.0,0.0,0.0,0.0,0.0,0.0,0.0,0.0,0.0,0.0,0.0,0.0,0.0,0.0,0.0,0.0,0.0,0.0,0.0,0.0,0.0,0.0,0.0,0.0,0.0,0.0,0.0,0.0,0.0,0.0,0.0,0.0,0.0,0.0,0.0,0.0,0.0,0.0,0.0,0.0,0.0,0.0,0.0,0.0,0.0,0.0,0.0,0.0,0.0,0.0,0.0,0.0,0.0,0.0,0.0,1142.058,1969.8789855072455,-1142.9641113556381,6000.0,1200.0,3.0,27.976189771759365,67.09878821519884,39.12259844343947,3891.5956474861414,,0.0,317.32812499999983,533.2902139436022,438.68187163913217,5974.085647692667,50.0,438.68187163913217,5982.690474051939,226.83129276432663,438.68187163913217,438.68187163913217,5974.085647692667,0.0,0.0,1.0,50.0,5.0,1.0,0.0,75.0,0.0,0.0,9.0,1.0,1.0,1.0,227.02154674850198,438.68187163913217,5982.690474051939,0.0,inf,0.0,1.0,0.0,1.0,1.0,1.0,0.0,5.0,4.0,0.0,0.0,438.68187163913217,1.0,203.95603813354384,50.0,0.0,80.6979394105289,3.0,203.95603813354384,438.68187163913217,5982.690474051939,438.68187163913217,5974.085647692667,25.0,4.0,1.0,0.0,1.0,4.0,4.0,1.0,203.95603813354384,25.0,0.0,80.6979394105289,14.0,203.95603813354384,1.0,438.68187163913217,5974.085647692667,63.0,-1142.9641113556381,5982.690474051939,226.83129276432663,438.68187163913217,438.68187163913217,5974.085647692667,0.0,0.0,1.0,438.68187163913217,5982.690474051939,1.0,12.0,19.32615444225459,0.9663077221127296,0.0,227.22087148003814,0.0,1.0,0.0,1.0,1.0,1.0,1.0,0.0,0.0,0.0,0.0,0.0,227.22087148003814,67.09699876221958,0.0,1.0,0.0,226.83129276432663,67.09878821519884,67.09878821519884,0.0,1.0,0.38957871571150804,0.0,0.0,11.361043574001908,0.0,0.0,0.0,0.0,0.0,0.0,227.22087148003814,1.0,0.0,227.22087148003814,0.0,1.0,225.8649850422139,4130.0,11068.4,12803.0,1691.25,4532.549999999999,5242.875,1204.0,3226.7200000000003,3732.4,3.0,7025.25,18827.67,21778.275,438.68187163913217,5982.690474051939,1.0,0.0,220.0,0.0,0.0,1.0,0.0,0.0,0.0,0.5,0.0,0.0,0.0,-1142.9641113556381,1969.8789855072455,-3315.000000000001,37566.666666666664,-22100.000000000004,5635.000000000001,0.15000000000000002,0.0,505.45333548159283,372.29787163913227,505.45333548159283,372.29787163913227,1.0,1.0,0.0,-412.9437504419735,1.0,4920.222222222222,-2752.958336279823,738.0333333333334,1.0,438.68187163913217,0.0,0.0,438.68187163913217,3732.4,1200.0,6000.0,5083.94355769988,0.4971150790086566,0.5028849209913433,3780.8436778381997,226.83129276432663,225.8649850422139,1.0,,438.68187163913217,,6000.0,1.0,,1.0,1.0,227.22087148003814,,,0.0,0.0,67.09878821519884,22.366262738399612,438.68187163913217,0.0,60.15552847254544,438.68187163913217,5974.085647692667,,1.0,0.0,0.0,0.0,22.365666254073194,0.0,0.0,0.0,8.60482635927201,1.0,0.0,1.0,0.0,0.0,0.0,0.0,0.0,0.0,1.0,6.0,0.0,1.0,0.2515527950310557,0.0,0.0,0.0,1.0,0.00336414429431942,0.2515527950310557,0.0,438.68187163913217,5974.085647692667,438.68187163913217,5982.690474051939,226.83129276432663,438.68187163913217,438.68187163913217,5974.085647692667,0.0,0.0,0.0,0.0,1.0,0.0,438.68187163913217,5982.690474051939,3891.5956474861414,0.0,226.83129276432663,1.0,1.0,0.0,0.0,438.68187163913217,438.68187163913217,2924.5458109275473,-0.008302510421244524,-0.034947871519006954,-0.019982492792651442,-0.0384452339450833,-0.10812194391289649,6.0,1.0,56.0,56.0,56.0,56.0,56.0,1.0,1.0,6.0,0.0,0.0,203.50598325231005,0.0,1.0207490103328496,203.50598325231005,204.5267322626429,0.0,203.50598325231005,0.0,0.6844871159555623,203.50598325231005,204.1904703682656,0.0,203.50598325231005,0.0,1.5967533371452873,203.50598325231005,205.10273658945533,0.0,203.50598325231005,0.0,1.4224565237359457,203.50598325231005,204.928439776046,0.0,-0.0034024967011094987,-0.0022816237198518743,-0.005322511123817625,-0.004741521745786486,1.0,1500.0,1500.0,1500.0,1500.0,1.0,1.0,0.0,0.06021242925078818,0.060871785384049026,0.06151790854680579,0.061808551733313524,0.06224197257758686,0.061972622765789076,0.06145785903712761,0.05999975193918576,0.05591545674778873,0.05652165567309941,0.05710172808623524,0.05741302014685106,0.057804688387200896,0.057620619505639147,0.05711378019974287,0.05569289667070842,1.0,100.0,100.0,100.0,100.0,100.0,100.0,100.0,100.0,100.0,100.0,100.0,100.0,100.0,100.0,100.0,100.0,0.0,0.0,0.0,0.0,0.0,1.0,0.0,0.0,282.0,1.0,0.0,0.0,505.45333548159283,438.68187163913217,372.29787163913227,438.68187163913217,438.68187163913217,438.68187163913217,0.0,0.0,0.0,1.0,0.0,0.0,0.0,438.68187163913217,438.68187163913217,0.0,438.68187163913217,438.68187163913217,438.68187163913217,0.0,160.0,67.09878821519884,68.1447722528437,0.0,2.0,2.139517199990223,438.68187163913217,51.0,1.0,2974.085647692667,3000.0,48.0,48.0,,0.0,,0.2109280514391907,2974.085647692667,3000.0,3000.0,3000.0,,,56.0,56.0,56.0,56.0,56.0,56.0,56.0,56.0,62.0,50.0,0.0,0.0,0.0,0.0,0.0,1487.0428238463335,1500.0,1487.0428238463335,1500.0,20,3780.0,100.0,100.0,100.0,100.0,100.0,100.0,100.0,100.0,100.0,100.0,100.0,100.0,100.0,100.0,100.0,100.0,100.0,100.0
560.4028536864893,5982.920510541009,0.0,0.0,0.0,0.0,0.0,0.0,0.0,0.0,0.0,0.0,0.0,0.0,0.0,0.0,0.0,0.0,0.0,0.0,0.0,0.0,0.0,0.0,0.0,0.0,0.0,0.0,0.0,0.0,0.0,0.0,0.0,0.0,0.0,0.0,0.0,0.0,0.0,0.0,0.0,0.0,0.0,0.0,0.0,0.0,0.0,0.0,0.0,0.0,0.0,0.0,0.0,0.0,0.0,0.0,0.0,0.0,0.0,0.0,0.0,0.0,0.0,0.0,0.0,0.0,0.0,0.0,0.0,0.0,0.0,0.0,0.0,0.0,0.0,0.0,0.0,0.0,0.0,0.0,0.0,0.0,0.0,0.0,0.0,0.0,0.0,0.0,0.0,0.0,0.0,0.0,0.0,0.0,1142.058,560.4028536864893,-1236.556562831986,6000.0,1200.0,3.0,41.85368164109369,96.49106580521527,54.63738416412158,4570.294930823248,,0.0,352.38211805555557,611.0375113144569,560.4028536864893,5982.920510541009,0.0,560.4028536864893,6000.0,266.3797109188396,560.4028536864893,560.4028536864893,5982.920510541009,1.0,0.0,0.0,49.0,5.0,0.0,1.0,49.0,0.0,0.0,5.0,0.0,1.0,1.0,266.43314434420336,560.4028536864893,6000.0,0.05343342536377804,0.9538267076300144,0.0,1.0,0.0,1.0,1.0,0.0,1.0,5.0,4.0,0.0,0.0,560.4028536864893,12.0,241.55819985478308,49.0,0.0,112.80317041667956,25.0,241.55819985478308,560.4028536864893,6000.0,560.4028536864893,5982.920510541009,0.0,0.0,,,,,,,,,,,,,0.0,560.4028536864893,5500.0,11.0,-1236.556562831986,5500.0,266.43314434420336,560.4028536864893,560.4028536864893,5500.0,1.0,0.0,0.0,560.4028536864893,6000.0,1.0,12.0,33.82510416053914,1.6912552080269572,0.0,266.64932973158557,0.0,1.0,0.0,1.0,1.0,1.0,1.0,0.0,0.0,0.0,0.0,0.0,266.64932973158557,96.48735745710252,0.0,1.0,0.0,266.3797109188396,96.49106580521527,96.49106580521527,0.0,1.0,0.2696188127459891,0.0,0.0,13.332466486579278,0.0,0.0,0.0,0.0,0.0,0.0,266.64932973158557,1.0,0.0,266.64932973158557,0.0,1.0,264.6884557108126,9333.8,12803.0,12803.0,3822.2249999999995,5242.875,5242.875,2721.04,3732.4,3732.4,3.0,15877.064999999999,21778.275,21778.275,560.4028536864893,6000.0,1.0,0.0,220.0,0.0,0.0,1.0,0.0,0.0,0.0,0.5,0.0,0.0,0.0,-1236.556562831986,2155.2132246376805,-3315.000000000001,37566.666666666664,-22100.000000000004,5635.000000000001,0.15000000000000002,0.0,675.0488536864893,427.22745962290134,675.0488536864893,427.22745962290134,1.0,1.0,0.0,-537.9925860244797,1.0,6571.055555555555,-3586.6172401631975,985.6583333333333,1.0,560.4028536864893,0.0,0.0,560.4028536864893,3732.4,1200.0,6000.0,4782.65705118602,0.49715341842350147,0.5028465815764985,3771.0023616677986,266.3797109188396,264.6884557108126,1.0,,560.4028536864893,,6000.0,1.0,,1.0,1.0,266.64932973158557,,,0.0,0.0,96.49106580521527,32.16368860173842,560.4028536864893,0.0,62.91048922878366,560.4028536864893,5982.920510541009,13.091017253614485,1.0,0.0,0.0,0.0,32.16245248570084,1.0,0.0,0.0,17.079489458990793,1.0,0.0,1.0,0.0,0.0,0.0,0.0,0.0,0.0,1.0,6.0,0.0,1.0,0.2515527950310557,0.0,0.0,0.0,1.0,0.0026807195602637822,0.2515527950310557,0.0,560.4028536864893,5982.920510541009,560.4028536864893,6000.0,266.3797109188396,560.4028536864893,560.4028536864893,5982.920510541009,1.0,0.0,0.0,0.0,0.0,0.0,560.4028536864893,6000.0,4570.294930823248,0.0,266.3797109188396,1.0,1.0,3.6017214333193674e-05,0.0,560.4028536864893,560.4028536864893,3736.0190245765943,-0.0013632708175288308,-0.04375819138742496,-0.021462054531631823,-0.07556673272307309,0.1776941673109366,6.0,1.0,56.0,56.0,56.0,56.0,62.0,2.0,1.0,6.0,0.0,0.0,239.28614729030676,0.0,2.005816371235312,239.28915310354876,241.28895784830007,1.0,239.28614729030676,0.0,1.1653332280278619,239.28614729030676,240.45148051833462,0.0,239.28614729030676,0.0,3.2148810395754026,239.22587309164933,242.5613025285396,0.0,239.28614729030676,0.0,2.642687271344016,239.28614729030676,241.9288345616508,0.0,-0.006390026805997836,-0.0038844440934262064,-0.01065778224958336,-0.008808957571146815,1.0,1487.0428238463335,1500.0,1487.0428238463335,1500.0,1.0,1.0,0.0,0.10020905823574644,0.09989108137472656,0.09977471031271835,0.10073004764063231,0.10070517318530481,0.0999208515450503,0.09998380000111809,0.10003740081206,0.1019047817897027,0.10289061057414131,0.1030422059890677,0.10405855971266594,0.10418038146805858,0.10075789063139115,0.10081842271346897,0.10067182819300236,1.0,100.0,100.0,100.0,100.0,100.0,100.0,100.0,100.0,100.0,100.0,100.0,100.0,100.0,100.0,100.0,100.0,0.0,0.0,0.0,0.0,0.0,1.0,0.0,0.0,294.0,0.05,0.0,1.0,675.0488536864893,560.4028536864893,427.22745962290134,560.4028536864893,560.4028536864893,560.4028536864893,0.0,0.0,0.0,1.0,0.0,0.0,0.0,560.4028536864893,560.4028536864893,0.0,560.4028536864893,560.4028536864893,560.4028536864893,0.0,160.0,96.49106580521527,98.06207034462481,0.0,2.0,2.1288855000020703,560.4028536864893,51.0,1.0,2982.9205105410088,3000.0,48.0,48.0,,0.0,,0.2072872117341647,2982.9205105410088,3000.0,3000.0,3000.0,,,56.0,56.0,56.0,56.0,56.0,56.0,56.0,56.0,56.0,56.0,0.0,0.0,0.0,0.0,0.0,1491.4602552705044,1500.0,1491.4602552705044,1500.0,21,3960.0,100.0,100.0,100.0,100.0,100.0,100.0,100.0,100.0,100.0,90.0,100.0,90.0,90.0,90.0,90.0,100.0,100.0,100.0
735.5151206741034,5958.4447477834965,0.0,0.0,0.0,0.0,0.0,0.0,0.0,0.0,0.0,0.0,0.0,0.0,0.0,0.0,0.0,0.0,0.0,0.0,0.0,0.0,0.0,0.0,0.0,0.0,0.0,0.0,0.0,0.0,0.0,0.0,0.0,0.0,0.0,0.0,0.0,0.0,0.0,0.0,0.0,0.0,0.0,0.0,0.0,0.0,0.0,0.0,0.0,0.0,0.0,0.0,0.0,0.0,0.0,0.0,0.0,0.0,0.0,0.0,0.0,0.0,0.0,0.0,0.0,0.0,0.0,0.0,0.0,0.0,0.0,0.0,0.0,0.0,0.0,0.0,0.0,0.0,0.0,0.0,0.0,0.0,0.0,0.0,0.0,0.0,0.0,0.0,0.0,0.0,0.0,0.0,0.0,0.0,1142.058,735.5151206741034,-1294.1494029786063,6000.0,1200.0,3.0,53.34426900346837,122.13727265547605,68.79300365200768,5045.135130327953,,0.0,401.2822916666663,681.1428460401055,735.5151206741034,5958.4447477834965,13.0,-1294.1494029786063,6000.0,307.2891919246905,735.5151206741034,735.5151206741034,5958.4447477834965,1.0,0.0,0.0,49.0,4.0,0.0,1.0,49.0,0.0,0.0,4.0,0.0,1.0,1.0,309.6934623047078,-1294.1494029786063,6000.0,0.0,2.729447115988478,0.0,1.0,0.0,1.0,1.0,0.0,1.0,4.0,4.0,0.0,0.0,735.5151206741034,0.0,274.86073452199827,49.0,0.0,129.10378211224912,13.0,274.86073452199827,-1294.1494029786063,6000.0,735.5151206741034,5958.4447477834965,0.0,0.0,,,,,,,,,,,,,0.0,735.5151206741034,5958.4447477834965,26.0,-614.942355846935,6000.0,307.2891919246905,735.5151206741034,735.5151206741034,5958.4447477834965,1.0,0.0,0.0,-1294.1494029786063,6000.0,1.0,12.0,148.45040556089444,7.422520278044722,0.0,310.018639040679,0.0,1.0,0.0,1.0,1.0,1.0,1.0,0.0,0.0,0.0,0.0,0.0,310.018639040679,123.66908783140798,0.0,1.0,0.0,307.2891919246905,122.13727265547605,122.13727265547605,0.0,1.0,2.729447115988478,0.0,0.0,15.50093195203395,0.0,0.0,0.0,0.0,0.0,0.0,310.018639040679,1.0,0.0,310.018639040679,0.0,1.0,299.8666716466458,12803.0,12803.0,12803.0,5242.875,5242.875,5242.875,3732.4,3732.4,3732.4,3.0,21778.275,21778.275,21778.275,-1294.1494029786063,6000.0,1.0,0.0,220.0,0.0,0.0,1.0,0.0,0.0,0.0,0.5,0.0,0.0,0.0,-1294.1494029786063,2234.5660401570044,-3315.000000000001,37566.666666666664,-22100.000000000004,5635.000000000001,0.15000000000000002,0.0,911.8688716287993,574.0043350594572,911.8688716287993,574.0043350594572,1.0,1.0,0.0,-614.942355846935,1.0,7277.877314814814,-4099.6157056462325,1091.6815972222223,1.0,-1294.1494029786063,0.0,0.0,-1294.1494029786063,3732.4,1200.0,6000.0,5700.0,0.4930741246305828,0.5069258753694174,3828.2496486949303,307.2891919246905,299.8666716466458,1.0,,735.5151206741034,,6000.0,1.0,,1.0,1.0,310.018639040679,,,0.0,0.0,122.13727265547605,40.71242421849202,735.5151206741034,0.0,83.41599648329557,735.5151206741034,5958.4447477834965,19.190003133094923,1.0,0.0,0.0,0.0,41.22302927713599,2.0,-2029.6645236527097,-2029.6645236527097,41.555252216503504,1.0,1.0,1.0,0.0,0.0,0.0,0.0,0.0,0.0,1.0,6.0,0.0,1.0,0.2515527950310557,0.0,0.0,0.0,1.0,0.006656225603814601,0.2515527950310557,0.0,735.5151206741034,5958.4447477834965,-1294.1494029786063,6000.0,307.2891919246905,735.5151206741034,735.5151206741034,5958.4447477834965,1.0,0.0,0.0,0.0,0.0,0.0,-1294.1494029786063,6000.0,5045.135130327953,0.0,307.2891919246905,1.0,1.0,0.0002787701983109813,0.0,-1294.1494029786063,735.5151206741034,4903.434137827356,-0.007986140131330994,-0.05135624979528057,-0.007281159156548813,-0.08104870984116837,-0.22052912593843635,6.0,1.0,56.0,56.0,56.0,56.0,56.0,3.0,1.0,6.0,0.0,0.0,270.59431399885864,0.0,2.511773599385606,270.24000476459855,273.4603968325044,0.0,270.59431399885864,0.0,2.0043002643974432,270.59431399885864,272.5986142632561,0.0,270.59431399885864,0.0,3.7327479300478217,270.35912371960274,274.56225220816236,0.0,270.59431399885864,0.0,3.536415110089365,270.59431399885864,274.130729108948,0.0,-0.01043752749173119,-0.006681000881324811,-0.01362264849296681,-0.01178805036696455,1.0,1491.4602552705044,1500.0,1491.4602552705044,1500.0,1.0,1.0,0.0,0.10133659449628568,0.12394368490867151,0.12299962565666789,0.1032250540293056,0.10359021786446902,0.1,0.1,0.1,0.09851320921534139,-0.015080502952574192,-0.017449861165087198,-5.0528395665593376e-05,-0.0007098311426506857,0.09999767338075323,0.1,0.1,1.0,100.0,100.0,100.0,100.0,100.0,100.0,100.0,100.0,100.0,90.0,90.0,90.0,90.0,100.0,100.0,100.0,0.0,0.0,0.0,0.0,0.0,1.0,0.0,0.0,300.0,0.16844106917545898,0.0,1.0,911.8688716287993,735.5151206741034,574.0043350594572,735.5151206741034,-1294.1494029786063,-1294.1494029786063,0.0,0.0,0.0,1.0,0.0,0.0,0.0,658.4704692017926,735.5151206741034,-1952.619872180399,735.5151206741034,735.5151206741034,-1294.1494029786063,77.04465147231076,168.0,122.13727265547605,124.38354039144,0.0,2.0,2.0716607999929693,735.5151206741034,51.0,1.0,2958.444747783497,3000.0,48.0,56.0,,0.0,,0.43831335415955897,2958.444747783497,3000.0,3000.0,3000.0,,,56.0,56.0,56.0,56.0,56.0,56.0,56.0,56.0,62.0,50.0,0.0,0.0,0.0,0.0,0.0,1479.2223738917485,1500.0,1479.2223738917485,1500.0,22,4140.0,80.0,90.0,80.0,80.0,90.0,90.0,90.0,90.0,90.0,90.0,100.0,90.0,90.0,90.0,90.0,100.0,90.0,90.0
844.0072809109563,5400.0,0.0,0.0,0.0,0.0,0.0,0.0,0.0,0.0,0.0,0.0,0.0,0.0,0.0,0.0,0.0,0.0,0.0,0.0,0.0,0.0,0.0,0.0,0.0,0.0,0.0,0.0,0.0,0.0,0.0,0.0,0.0,0.0,0.0,0.0,0.0,0.0,0.0,0.0,0.0,0.0,0.0,0.0,0.0,0.0,0.0,0.0,0.0,0.0,0.0,0.0,0.0,0.0,0.0,0.0,0.0,0.0,0.0,0.0,0.0,0.0,0.0,0.0,0.0,0.0,0.0,0.0,0.0,0.0,0.0,0.0,0.0,0.0,0.0,0.0,0.0,0.0,0.0,0.0,0.0,0.0,0.0,0.0,0.0,0.0,0.0,0.0,0.0,0.0,0.0,0.0,0.0,0.0,1142.058,844.0072809109563,-1307.2619457682513,6000.0,1200.0,3.0,61.27697265799595,137.69930006562927,76.42232740763333,5486.715091113389,0.9606123969835278,0.0,338.015625,643.8232888796078,844.0072809109563,5400.0,9.0,-1307.2619457682513,5400.0,322.9149830245993,844.0072809109563,844.0072809109563,5400.0,1.0,0.0,0.0,49.0,5.0,0.0,1.0,49.0,0.0,0.0,5.0,0.0,1.0,1.0,327.75921026432707,-1307.2619457682513,5400.0,0.0,4.844227239727786,0.0,1.0,0.0,1.0,1.0,0.0,1.0,5.0,4.0,0.0,0.0,844.0072809109563,9.0,296.85986999323984,49.0,0.0,130.1918718160219,22.0,296.85986999323984,-1307.2619457682513,5400.0,844.0072809109563,5400.0,0.0,0.0,,,,,,,,,,,,,0.0,844.0072809109563,5400.0,22.0,-632.4620188272904,5400.0,322.9149830245993,844.0072809109563,844.0072809109563,5400.0,1.0,0.0,0.0,-1307.2619457682513,5400.0,1.0,18.0,19.56632117956611,0.9783160589783055,0.0,327.75921026432707,0.0,1.0,0.0,1.0,1.0,1.0,1.0,0.0,0.0,0.0,0.0,0.0,327.75921026432707,136.78454652938154,0.0,1.0,0.0,322.9149830245993,137.69930006562927,137.69930006562927,0.0,1.0,4.844227239727786,0.0,0.0,16.387960513216353,0.0,0.0,0.0,0.0,0.0,0.0,327.75921026432707,1.0,0.0,327.75921026432707,0.0,1.0,321.936666965621,12803.0,12803.0,12803.0,5242.875,5242.875,5242.875,3732.4,3732.4,3732.4,3.0,21778.275,21778.275,21778.275,-1307.2619457682513,5400.0,1.0,0.0,220.0,0.0,0.0,1.0,0.0,0.0,0.0,0.5,0.0,0.0,0.0,-1307.2619457682513,2265.811761883195,-3315.000000000001,37566.666666666664,-22100.000000000004,5635.000000000001,0.15000000000000002,0.0,956.4663484897496,666.4911632827624,956.4663484897496,666.4911632827624,1.0,1.0,0.0,-632.4620188272904,1.0,7556.1932870370365,-4216.413458848602,1133.4289930555556,1.0,-1307.2619457682513,0.0,0.0,-1307.2619457682513,3732.4,1200.0,6000.0,5700.0,0.47300404820745706,0.5269959517925429,3890.2886857081653,322.9149830245993,321.936666965621,1.0,,844.0072809109563,,6000.0,1.0,,1.0,1.0,327.75921026432707,,,0.0,0.0,137.69930006562927,45.89976668854309,844.0072809109563,0.0,327.21965542413795,844.0072809109563,5400.0,32.17490739538284,1.0,0.0,0.0,-40.87033503650879,45.59484884312718,3.0,-2151.2692266792073,-2151.2692266792073,0.0,1.0,1.0,1.0,0.0,0.0,0.0,0.0,0.0,0.0,1.0,6.0,0.0,1.0,0.2515527950310557,0.0,0.0,0.0,1.0,0.010964492063067016,0.2515527950310557,0.0,844.0072809109563,5400.0,-1307.2619457682513,5400.0,322.9149830245993,844.0072809109563,844.0072809109563,5400.0,1.0,0.0,0.0,0.0,0.0,0.0,-1307.2619457682513,5400.0,5486.715091113389,0.0,322.9149830245993,1.0,4.0,0.0007079063449001322,0.0,-1307.2619457682513,844.0072809109563,5626.715206073041,0.02481066823367628,-0.07787940293681292,0.018807675231605425,0.07626962203186864,0.12614275772034922,6.0,1.0,56.0,56.0,56.0,56.0,62.0,4.0,1.0,6.0,0.0,0.0,293.4227102130458,0.0,1.0052604328348025,293.249139459932,292.5910205333248,1.0,293.4227102130458,0.0,2.9457501472395506,293.4227102130458,296.36846036028527,0.0,293.4227102130458,0.0,0.319323231173712,292.15660712757773,294.36949006734017,0.0,293.4227102130458,0.0,4.84250353861114,293.4227102130458,298.2652137516569,0.0,0.0020516360027712614,-0.009819167157464979,-0.0068984952803898625,-0.016141678462037134,1.0,1479.2223738917485,1500.0,1479.2223738917485,1500.0,1.0,1.0,0.0,0.10919873256545429,-0.00023685144903602337,-0.07266198520810666,-0.01755469831188918,0.00022688429757806717,0.0,0.0,0.0,0.08627978077611188,-0.024195706832163384,-0.015150859270397454,-0.007550391688941361,0.002390415441158389,0.1,0.0007846675402504389,0.0,1.0,90.0,80.0,80.0,90.0,90.0,90.0,90.0,90.0,100.0,90.0,90.0,90.0,90.0,100.0,90.0,90.0,0.0,0.0,0.0,0.0,0.0,1.0,0.0,0.0,792.0,0.27247694032600095,0.0,1.0,956.4663484897496,844.0072809109563,666.4911632827624,844.0072809109563,-1307.2619457682513,-1307.2619457682513,0.0,0.0,0.0,1.0,0.0,0.0,0.0,738.9849595845092,844.0072809109563,-2046.2469053527605,844.0072809109563,844.0072809109563,-1307.2619457682513,105.02232132644713,144.0,137.69930006562927,140.35564454481676,0.0,3.0,4.43573730000935,844.0072809109563,51.0,1.0,2554.221860320268,2845.778139679732,66.0,68.0,,,,,2554.221860320268,2845.778139679732,3000.0,3000.0,1.0,1.0,56.0,56.0,56.0,56.0,56.0,56.0,50.0,62.0,56.0,56.0,0.0,0.0,0.0,0.0,0.0,1277.110930160134,1422.889069839866,1277.110930160134,1422.889069839866,23,4320.0,80.0,90.0,80.0,80.0,90.0,90.0,90.0,90.0,90.0,80.0,100.0,90.0,90.0,90.0,90.0,80.0,90.0,90.0
807.2255078795225,6000.0,0.0,0.0,0.0,0.0,0.0,0.0,0.0,0.0,0.0,0.0,0.0,0.0,0.0,0.0,0.0,0.0,0.0,0.0,0.0,0.0,0.0,0.0,0.0,0.0,0.0,0.0,0.0,0.0,0.0,0.0,0.0,0.0,0.0,0.0,0.0,0.0,0.0,0.0,0.0,0.0,0.0,0.0,0.0,0.0,0.0,0.0,0.0,0.0,0.0,0.0,0.0,0.0,0.0,0.0,0.0,0.0,0.0,0.0,0.0,0.0,0.0,0.0,0.0,0.0,0.0,0.0,0.0,0.0,0.0,0.0,0.0,0.0,0.0,0.0,0.0,0.0,0.0,0.0,0.0,0.0,0.0,0.0,0.0,0.0,0.0,0.0,0.0,0.0,0.0,0.0,0.0,0.0,1142.058,807.2255078795225,-1325.3391367684044,6000.0,1200.0,3.0,63.73440688316067,144.63493668824836,80.90052980508769,5811.113945736454,0.960539669912967,0.0,338.015625,651.4688683131137,807.2255078795225,5400.0,9.0,-1325.3391367684044,5400.0,336.62119572156115,807.2255078795225,807.2255078795225,5400.0,1.0,0.0,0.0,49.0,5.0,0.0,1.0,49.0,,0.0,5.0,0.0,,1.0,,,,0.0,40.8391407210907,0.0,1.0,0.0,,1.0,0.0,1.0,5.0,4.0,0.0,0.0,,9.0,310.6178877479061,49.0,0.0,128.1087410134067,22.0,310.6178877479061,,,,,0.0,0.0,,,,,,,,,,,,,0.0,807.2255078795225,5400.0,22.0,-656.6149462216856,5400.0,336.62119572156115,807.2255078795225,807.2255078795225,5400.0,1.0,0.0,0.0,,,,18.0,400.0166780888729,20.000833904443645,0.0,377.46033644265185,0.0,1.0,0.0,1.0,1.0,1.0,1.0,0.0,0.0,0.0,0.0,0.0,377.46033644265185,144.63493668824836,0.0,0.0,0.0,336.62119572156115,145.84267870405867,145.84267870405867,0.0,1.0,40.8391407210907,0.0,1.0,18.873016822132595,1.0,0.0,1.0,0.0,0.0,1.0,377.46033644265185,1.0,0.0,377.46033644265185,0.0,1.0,357.4595025382082,12803.0,12803.0,12803.0,5242.875,5242.875,5242.875,3732.4,3732.4,3732.4,3.0,21778.275,21778.275,21778.275,807.2255078795225,6000.0,0.0,0.0,220.0,0.0,0.0,1.0,0.0,0.0,0.0,0.5,0.004243029156816486,0.0,2.121514578408243,-1325.3391367684044,2244.770000323498,-3315.000000000001,37566.666666666664,-22100.000000000004,5635.000000000001,,,,,,,,,,-656.6149462216856,1.0,7368.7673611111095,-4377.432974811237,1105.3151041666665,1.0,,,,,3732.4,1200.0,6000.0,5700.0,0.47768685301553276,0.5223131469844672,4245.5412132804,377.46033644265185,357.4595025382082,1.0,0.0,807.2255078795225,0.0,6000.0,1.0,1.0,1.0,1.0,377.46033644265185,807.2255078795225,6000.0,1.0,0.0,144.63493668824836,48.21164556274945,807.2255078795225,0.0,86.90076732646989,807.2255078795225,6000.0,41.29051591940886,1.0,0.0,0.0,-38.222937218673806,48.21164556274945,3.0,,,,,,,,,,,,,,6.0,0.0,1.0,0.2515527950310557,0.0,0.0,0.0,1.0,0.035634806477805564,0.2515527950310557,0.0,807.2255078795225,6000.0,-1325.3391367684044,5400.0,377.46033644265185,807.2255078795225,807.2255078795225,5400.0,0.0,1.0,0.0,1.0,0.0,0.0,,,5811.113945736454,0.0,377.46033644265185,0.0,5.0,0.004243029156816486,0.0,807.2255078795225,807.2255078795225,5381.503385863482,0.032080541505191386,-0.09129224898989763,0.0023923633638083617,-0.028285301084525136,-0.05665992693497849,6.0,1.0,56.0,56.0,56.0,50.0,56.0,5.0,1.0,6.0,0.0,0.0,308.84242797650927,0.0,4.135105239179097,307.1063558743041,314.71360531789355,0.0,308.84242797650927,0.0,3.239325363761054,308.99550787105204,311.9286734457276,1.0,308.84242797650927,0.0,4.788521589932429,306.63943589518635,315.8339416477646,0.0,308.84242797650927,0.0,5.552593976444086,308.70021028083534,314.53723964862735,0.0,-0.013224991670205199,-0.007777991408072019,-0.014894028230610713,-0.01529964819537407,1.0,1277.110930160134,1422.889069839866,1277.110930160134,1422.889069839866,,,0.0,-0.004871203890744624,-0.018906535454547506,-0.030550382752015357,0.0,0.0,0.0,0.0,0.0,0.09112812034661459,-0.0196861502616672,-0.013468223691502424,-0.0024729028741775844,0.0016091750217764656,0.008627251783690504,0.0,0.0,1.0,90.0,80.0,80.0,90.0,90.0,90.0,90.0,90.0,100.0,90.0,90.0,90.0,90.0,80.0,90.0,90.0,0.0,0.0,0.0,0.0,0.0,1.0,0.0,,959.0,0.27247694032600095,0.0,0.0,0.0,,0.0,,0.0,,0.0,0.0,0.0,1.0,0.0,0.0,0.0,0.0,,0.0,,807.2255078795225,0.0,807.2255078795225,160.0,144.63493668824836,148.04019679185825,0.0,2.0,5.054987600000459,807.2255078795225,51.0,1.0,,,66.0,68.0,,,,,,,,,1.0,1.0,56.0,56.0,56.0,56.0,56.0,56.0,50.0,62.0,56.0,56.0,0.0,0.0,0.0,0.0,0.0,1500.0,1500.0,1500.0,1500.0,24,4500.0,80.0,90.0,80.0,80.0,90.0,90.0,90.0,90.0,90.0,80.0,100.0,90.0,90.0,90.0,90.0,80.0,90.0,90.0
809.094081849013,6000.0,0.0,0.0,0.0,0.0,0.0,0.0,0.0,0.0,0.0,0.0,0.0,0.0,0.0,0.0,0.0,0.0,0.0,0.0,0.0,0.0,0.0,0.0,0.0,0.0,0.0,0.0,0.0,0.0,0.0,0.0,0.0,0.0,0.0,0.0,0.0,0.0,0.0,0.0,0.0,0.0,0.0,0.0,0.0,0.0,0.0,0.0,0.0,0.0,0.0,0.0,0.0,0.0,0.0,0.0,0.0,0.0,0.0,0.0,0.0,0.0,0.0,0.0,0.0,0.0,0.0,0.0,0.0,0.0,0.0,0.0,0.0,0.0,0.0,0.0,0.0,0.0,0.0,0.0,0.0,0.0,0.0,0.0,0.0,0.0,0.0,0.0,0.0,0.0,0.0,0.0,0.0,0.0,1142.058,809.094081849013,-1342.8958482272665,6000.0,1200.0,3.0,66.62835230611016,150.83463017861948,84.20627787250933,5971.830751225023,0.9630204880200248,0.0,290.0677083333333,582.0748222945471,809.094081849013,6000.0,1000000.0,809.094081849013,6000.0,348.8996472020344,809.094081849013,809.094081849013,6000.0,0.0,1.0,0.0,49.0,5.0,0.0,1.0,49.0,,0.0,5.0,0.0,,1.0,,,,34.179277698582496,44.509699670147484,0.0,1.0,0.0,,1.0,0.0,1.0,5.0,4.0,0.0,0.0,,11.0,321.1364474122427,49.0,0.0,122.12967455107588,24.0,321.1364474122427,,,,,0.0,0.0,,,,,,,,,,,,,0.0,809.094081849013,4681.243598259265,0.0,809.094081849013,6000.0,383.07892490061687,809.094081849013,809.094081849013,4681.243598259265,1.0,0.0,0.0,,,,24.0,104.94753474141936,5.247376737070969,0.0,348.8996472020344,0.0,1.0,0.0,1.0,1.0,1.0,1.0,0.0,0.0,0.0,0.0,0.0,348.8996472020344,150.83463017861948,0.0,1.0,0.0,383.07892490061687,154.34743364361253,154.34743364361253,0.0,1.0,0.0,1.0,1.0,17.44498236010172,1.0,0.0,1.0,0.0,0.0,1.0,348.8996472020344,1.0,0.0,348.8996472020344,0.0,1.0,343.6522704649634,12803.0,12803.0,12803.0,5242.875,5242.875,5242.875,3732.4,3732.4,3732.4,3.0,21778.275,21778.275,21778.275,809.094081849013,6000.0,0.0,0.0,220.0,0.0,0.0,1.0,0.0,0.0,0.0,0.5,0.00411298210880967,0.0,2.056491054404835,-1342.8958482272665,2258.0861235119046,-3315.000000000001,37566.666666666664,-22100.000000000004,5635.000000000001,,,,,,,,,,-680.0724611169289,1.0,7487.378472222222,-4533.816407446192,1123.1067708333335,1.0,,,,,3732.4,1200.0,6000.0,3867.409677112723,0.43108810211776033,0.5689118978822396,4093.5770645352836,348.8996472020344,343.6522704649634,1.0,0.0,809.094081849013,0.0,6000.0,1.0,1.0,1.0,1.0,348.8996472020344,809.094081849013,6000.0,1.0,0.0,150.83463017861948,50.27821005953982,809.094081849013,0.0,82.373438945722,809.094081849013,6000.0,45.367274033521134,1.0,0.0,0.0,-29.69977870300106,50.27821005953982,3.0,,,,,,,,,,,,,,6.0,0.0,1.0,0.2515527950310557,0.0,0.0,0.0,1.0,0.02508174059272803,0.2515527950310557,0.0,809.094081849013,6000.0,809.094081849013,6000.0,348.8996472020344,809.094081849013,809.094081849013,6000.0,0.0,1.0,0.0,1.0,0.0,0.0,,,5971.830751225023,0.0,348.8996472020344,0.0,5.0,0.00411298210880967,0.0,809.094081849013,809.094081849013,5393.960545660086,0.01932930562816907,-0.23071183960055586,-0.003261315525713921,0.9872024728170906,1.0299757789114057,6.0,1.0,56.0,56.0,56.0,50.0,56.0,6.0,1.0,6.0,0.0,0.0,333.5448891294137,0.0,14.792746159657895,333.5448891294137,318.7521429697558,0.0,333.5448891294137,0.0,1.6779336526055886,333.5448891294137,335.2228227820193,0.0,333.5448891294137,0.0,16.629313595381973,333.5448891294137,316.91557553403175,0.0,333.5448891294137,0.0,3.292430908478991,333.5448891294137,336.83732003789265,0.0,0.04861731158785484,-0.005555952922621638,0.054761873195982934,-0.010843961505610717,1.0,1500.0,1500.0,1500.0,1500.0,,,0.0,0.08498698923385746,0.16632601081213672,0.12690787040674856,0.0,0.0022232475476016587,-0.03594522088606311,-0.010217389053286752,0.0,0.10718557435223737,-0.014358073990975485,-0.00048602001824296116,0.006070346858942343,0.0,0.0014903218612097647,0.0,0.0,1.0,90.0,80.0,80.0,90.0,90.0,90.0,90.0,90.0,100.0,90.0,90.0,90.0,90.0,80.0,90.0,90.0,0.0,0.0,0.0,0.0,0.0,1.0,0.0,,898.0,0.22851532582720452,0.0,0.0,0.0,,0.0,,0.0,,0.0,0.0,0.0,1.0,0.0,0.0,0.0,0.0,,0.0,,809.094081849013,0.0,809.094081849013,136.0,150.83463017861948,153.58859709725198,0.0,3.0,4.823667100004968,809.094081849013,51.0,1.0,,,62.0,69.0,,,,,,,,,1.0,1.0,56.0,56.0,62.0,50.0,56.0,56.0,44.0,68.0,50.0,62.0,0.0,0.0,0.0,0.0,0.0,1500.0,1500.0,1500.0,1500.0,25,4680.0,50.0,90.0,50.0,50.0,90.0,90.0,90.0,90.0,90.0,80.0,90.0,90.0,90.0,90.0,90.0,80.0,90.0,90.0
824.599498723613,6000.0,0.0,0.0,0.0,0.0,0.0,0.0,0.0,0.0,0.0,0.0,0.0,0.0,0.0,0.0,0.0,0.0,0.0,0.0,0.0,0.0,0.0,0.0,0.0,0.0,0.0,0.0,0.0,0.0,0.0,0.0,0.0,0.0,0.0,0.0,0.0,0.0,0.0,0.0,0.0,0.0,0.0,0.0,0.0,0.0,0.0,0.0,0.0,0.0,0.0,0.0,0.0,0.0,0.0,0.0,0.0,0.0,0.0,0.0,0.0,0.0,0.0,0.0,0.0,0.0,0.0,0.0,0.0,0.0,0.0,0.0,0.0,0.0,0.0,0.0,0.0,0.0,0.0,0.0,0.0,0.0,0.0,0.0,0.0,0.0,0.0,0.0,0.0,0.0,0.0,0.0,0.0,0.0,1142.058,824.599498723613,-1357.541531037165,6000.0,1200.0,3.0,65.4219440256079,155.9630940530201,90.54115002741219,6198.056132784089,0.9652911422066552,0.0,274.5677083333333,562.9418611778049,824.599498723613,6000.0,1000000.0,824.599498723613,6000.0,355.99387426540426,824.599498723613,824.599498723613,6000.0,0.0,1.0,0.0,49.0,4.0,0.0,1.0,49.0,,0.0,4.0,0.0,,1.0,,,,4.391825980996373,5.298309137540286,0.0,1.0,0.0,,1.0,0.0,1.0,4.0,4.0,0.0,0.0,,0.0,336.42625201551664,49.0,0.0,116.87429509304519,13.0,336.42625201551664,,,,,0.0,0.0,,,,,,,,,,,,,0.0,824.599498723613,5213.097361797894,0.0,824.599498723613,6000.0,360.38570024640063,824.599498723613,824.599498723613,5213.097361797894,1.0,0.0,0.0,,,,24.0,109.1876134940972,5.45938067470486,0.0,355.99387426540426,0.0,1.0,0.0,1.0,1.0,1.0,1.0,0.0,0.0,0.0,0.0,0.0,355.99387426540426,155.9630940530201,0.0,1.0,0.0,360.38570024640063,156.98511237423543,156.98511237423543,0.0,1.0,0.0,1.0,1.0,17.799693713270212,1.0,0.0,1.0,0.0,0.0,1.0,355.99387426540426,1.0,0.0,355.99387426540426,0.0,1.0,350.5344935906994,12803.0,12803.0,12803.0,5242.875,5242.875,5242.875,3732.4,3732.4,3732.4,3.0,21778.275,21778.275,21778.275,824.599498723613,6000.0,0.0,0.0,220.0,0.0,0.0,1.0,0.0,0.0,0.0,0.5,0.008558862685328676,0.0,4.2794313426643384,-1357.541531037165,2243.610946665803,-3315.000000000001,37566.666666666664,-22100.000000000004,5635.000000000001,,,,,,,,,,-699.6405518421878,1.0,7358.443287037035,-4664.270345614585,1103.7664930555554,1.0,,,,,3732.4,1200.0,6000.0,3682.612431528779,0.36884956029964905,0.631150439700351,3887.6493344699957,355.99387426540426,350.5344935906994,1.0,0.0,824.599498723613,0.0,6000.0,1.0,1.0,1.0,1.0,355.99387426540426,824.599498723613,6000.0,1.0,0.0,155.9630940530201,51.98769801767336,824.599498723613,0.0,87.56489583333332,824.599498723613,6000.0,47.512794657238544,1.0,0.0,0.0,-24.322590301789575,51.98769801767336,3.0,,,,,,,,,,,,,,6.0,0.0,1.0,0.2515527950310557,0.03700589769006246,0.0,0.0,1.0,0.010781203782638568,0.2515527950310557,0.0,824.599498723613,6000.0,824.599498723613,6000.0,355.99387426540426,824.599498723613,824.599498723613,6000.0,0.0,1.0,0.0,1.0,0.0,0.0,,,6198.056132784089,0.0,355.99387426540426,0.0,5.0,0.008558862685328676,0.0,824.599498723613,824.599498723613,5497.329991490753,0.09761663919648578,-0.14184763286692118,0.059190269400805774,0.2958715862483287,0.5925588196374003,6.0,1.0,56.0,62.0,56.0,44.0,50.0,7.0,1.0,6.0,0.0,0.0,329.6397470234717,0.0,0.08313350414903198,329.6397470234717,329.5566135193227,0.0,329.6397470234717,0.0,0.6451185064905758,329.6397470234717,330.2848655299623,0.0,329.6397470234717,0.0,2.6224863111210652,329.6397470234717,332.26223333459274,0.0,329.6397470234717,0.0,2.5368239601723417,329.6397470234717,332.1765709836441,0.0,0.00027711168049677327,-0.0021503950216352524,-0.008741621037070027,-0.008456079867241329,1.0,1500.0,1500.0,1500.0,1500.0,,,0.0,-0.014176940933062631,-0.18859707936656847,0.006258987163057131,0.0,0.0,0.0,0.0,0.0,0.026004111455258896,0.0046049966440142144,0.019546478371234778,0.002059754228500488,0.002604909875981676,0.009149128762670067,0.0,0.0,1.0,90.0,50.0,50.0,90.0,90.0,90.0,90.0,90.0,90.0,90.0,90.0,90.0,90.0,80.0,90.0,90.0,0.0,0.0,0.0,0.0,0.0,1.0,0.0,,947.0,0.1894512122620966,0.0,0.0,0.0,,0.0,,0.0,,0.0,0.0,0.0,1.0,0.0,0.0,0.0,0.0,,0.0,,824.599498723613,0.0,824.599498723613,160.0,155.9630940530201,159.66754390334228,0.0,2.0,5.038637100005872,824.599498723613,51.0,1.0,,,62.0,69.0,,,,,,,,,1.0,1.0,56.0,56.0,62.0,50.0,56.0,56.0,44.0,68.0,44.0,68.0,0.0,0.0,0.0,0.0,0.0,1500.0,1500.0,1500.0,1500.0,26,4860.0,50.0,90.0,100.0,50.0,90.0,90.0,90.0,90.0,90.0,80.0,90.0,90.0,90.0,90.0,90.0,80.0,90.0,90.0
827.0039290115942,6000.0,0.0,0.0,0.0,0.0,0.0,0.0,0.0,0.0,0.0,0.0,0.0,0.0,0.0,0.0,0.0,0.0,0.0,0.0,0.0,0.0,0.0,0.0,0.0,0.0,0.0,0.0,0.0,0.0,0.0,0.0,0.0,0.0,0.0,0.0,0.0,0.0,0.0,0.0,0.0,0.0,0.0,0.0,0.0,0.0,0.0,0.0,0.0,0.0,0.0,0.0,0.0,0.0,0.0,0.0,0.0,0.0,0.0,0.0,0.0,0.0,0.0,0.0,0.0,0.0,0.0,0.0,0.0,0.0,0.0,0.0,0.0,0.0,0.0,0.0,0.0,0.0,0.0,0.0,0.0,0.0,0.0,0.0,0.0,0.0,0.0,0.0,0.0,0.0,0.0,0.0,0.0,0.0,1142.058,827.0039290115942,-1380.6232626643034,6000.0,1200.0,3.0,65.15676812355693,161.66506771646505,96.5082995929081,6460.236366676038,0.9687410883206754,0.0,294.0946440916128,575.8715056624569,827.0039290115942,6000.0,1000000.0,827.0039290115942,6000.0,366.35309581092724,827.0039290115942,827.0039290115942,6000.0,0.0,1.0,0.0,49.0,4.0,0.0,1.0,49.0,,0.0,4.0,0.0,,1.0,,,,1.8048396108972042,1.8048396108972042,0.0,1.0,0.0,,1.0,0.0,1.0,4.0,4.0,0.0,0.0,,0.0,343.5694345652098,49.0,0.0,119.51673690566668,13.0,343.5694345652098,,,,,0.0,0.0,,,,,,,,,,,,,0.0,827.0039290115942,5351.536398828379,0.0,827.0039290115942,6000.0,368.15793542182445,827.0039290115942,827.0039290115942,5351.536398828379,1.0,0.0,0.0,,,,24.0,49.7315518901742,2.4865775945087103,0.0,366.35309581092724,0.0,1.0,0.0,1.0,1.0,1.0,1.0,0.0,0.0,0.0,0.0,0.0,366.35309581092724,161.66506771646505,0.0,1.0,0.0,368.15793542182445,162.34560023051773,162.34560023051773,0.0,1.0,0.0,1.0,1.0,18.317654790546364,1.0,0.0,1.0,0.0,0.0,0.0,366.35309581092724,1.0,0.0,366.35309581092724,0.0,1.0,363.8665182164185,12803.0,12803.0,12803.0,5242.875,5242.875,5242.875,3732.4,3732.4,3732.4,3.0,21778.275,21778.275,21778.275,827.0039290115942,6000.0,0.0,0.0,220.0,0.0,0.0,1.0,0.0,0.0,0.0,0.5,0.003324447417517387,0.0,1.6622237087586935,-1380.6232626643034,2243.4160385395094,-3315.000000000001,37566.666666666664,-22100.000000000004,5635.000000000001,,,,,,,,,,-730.4800438917251,1.0,7356.707175925926,-4869.866959278167,1103.5060763888891,1.0,,,,,3732.4,1200.0,6000.0,5118.084471616179,0.3919227331380632,0.6080772668619369,4181.497222222222,366.35309581092724,363.8665182164185,1.0,0.0,827.0039290115942,0.0,6000.0,1.0,1.0,1.0,1.0,366.35309581092724,827.0039290115942,6000.0,1.0,1.0,161.66506771646505,53.888355905488346,827.0039290115942,0.0,86.38434027777778,827.0039290115942,6000.0,49.22966823692272,1.0,0.0,0.0,-23.415572076276533,53.888355905488346,3.0,,,,,,,,,,,,,,6.0,0.0,1.0,0.2515527950310557,0.0018404789185635373,0.0,0.0,1.0,0.031187307098765424,0.2515527950310557,0.0,827.0039290115942,6000.0,827.0039290115942,6000.0,366.35309581092724,827.0039290115942,827.0039290115942,6000.0,0.0,1.0,0.0,1.0,0.0,0.0,,,6460.236366676038,0.0,366.35309581092724,0.0,5.0,0.003324447417517387,0.0,827.0039290115942,827.0039290115942,5513.3595267439605,0.03621980321580184,-0.0932203588365926,0.015095782979896517,0.32258665630563277,0.6280088352155517,6.0,1.0,56.0,62.0,56.0,44.0,44.0,8.0,1.0,6.0,0.0,0.0,340.53948883660814,0.0,0.024666669415637443,340.53948883660814,340.51482216719245,0.0,340.53948883660814,0.0,0.8496323303256759,340.53948883660814,341.3891211669339,0.0,340.53948883660814,0.0,0.511713533384409,340.53948883660814,341.05120236999255,0.0,340.53948883660814,0.0,1.380841154897098,340.53948883660814,341.9203299915053,0.0,-0.0005540099579078373,-0.0028056330098667815,-0.002350732876839222,-0.004575126338135268,1.0,1500.0,1500.0,1500.0,1500.0,,,0.0,0.06193384917317779,0.1,-0.0038152477058304157,0.0,0.0,0.0,0.0,0.0,-0.00880067264238189,-0.012112433406914569,-0.014260595009622713,0.00018155103090169425,0.00048235004548473625,0.004470274939270702,0.0,0.0,1.0,90.0,100.0,50.0,90.0,90.0,90.0,90.0,90.0,90.0,90.0,90.0,90.0,90.0,80.0,90.0,90.0,0.0,0.0,0.0,0.0,0.0,1.0,0.0,,845.0,0.1476158485834676,0.0,0.0,0.0,,0.0,,0.0,,0.0,0.0,0.0,1.0,0.0,0.0,0.0,0.0,,0.0,,827.0039290115942,0.0,827.0039290115942,96.0,161.66506771646505,163.8500877799766,0.0,2.0,4.480217600008473,827.0039290115942,51.0,1.0,,,63.0,69.0,,,,,,,,,1.0,1.0,56.0,56.0,62.0,50.0,56.0,56.0,44.0,68.0,38.0,74.0,0.0,0.0,0.0,0.0,0.0,1500.0,1500.0,1500.0,1500.0,27,5040.0,50.0,90.0,90.0,50.0,90.0,90.0,90.0,90.0,90.0,80.0,90.0,90.0,90.0,90.0,90.0,80.0,90.0,90.0
822.4488992859835,5252.082499077869,0.0,0.0,0.0,0.0,0.0,0.0,0.0,0.0,0.0,0.0,0.0,0.0,0.0,0.0,0.0,0.0,0.0,0.0,0.0,0.0,0.0,0.0,0.0,0.0,0.0,0.0,0.0,0.0,0.0,0.0,0.0,0.0,0.0,0.0,0.0,0.0,0.0,0.0,0.0,0.0,0.0,0.0,0.0,0.0,0.0,0.0,0.0,0.0,0.0,0.0,0.0,0.0,0.0,0.0,0.0,0.0,0.0,0.0,0.0,0.0,0.0,0.0,0.0,0.0,0.0,0.0,0.0,0.0,0.0,0.0,0.0,0.0,0.0,0.0,0.0,0.0,0.0,0.0,0.0,0.0,0.0,0.0,0.0,0.0,0.0,0.0,0.0,0.0,0.0,0.0,0.0,0.0,1142.058,822.4488992859835,-1404.4933688359883,6000.0,1200.0,3.0,66.42782994972117,167.81208914112787,101.3842591914067,6712.058914539446,0.9708168450504864,0.0,305.4607580934158,590.276033565938,822.4488992859835,5252.082499077869,0.0,822.4488992859835,6000.0,379.70769334904725,822.4488992859835,822.4488992859835,5252.082499077869,1.0,0.0,0.0,49.0,4.0,0.0,1.0,49.0,0.0,0.0,4.0,0.0,1.0,1.0,519.4965631271581,822.4488992859835,6000.0,0.0,139.78886977811084,0.0,1.0,0.0,1.0,1.0,0.0,1.0,4.0,4.0,0.0,0.0,822.4488992859835,0.0,360.28830221097377,49.0,0.0,117.54454316038488,13.0,360.28830221097377,822.4488992859835,6000.0,822.4488992859835,5252.082499077869,0.0,0.0,,,,,,,,,,,,,0.0,822.4488992859835,5252.082499077869,13.0,-1404.4933688359883,6000.0,379.70769334904725,822.4488992859835,822.4488992859835,5252.082499077869,1.0,0.0,0.0,822.4488992859835,6000.0,1.0,24.0,5.095794839794401,0.25478974198972004,0.0,519.4965631271581,0.0,1.0,0.0,1.0,1.0,1.0,1.0,0.0,0.0,0.0,0.0,0.0,519.4965631271581,167.10652330300854,0.0,0.0,0.0,379.70769334904725,167.81208914112787,167.81208914112787,0.0,1.0,139.78886977811084,0.0,0.0,25.974828156357905,0.0,0.0,0.0,0.0,0.0,0.0,519.4965631271581,1.0,0.0,519.4965631271581,0.0,1.0,379.37772629332983,12803.0,12803.0,12803.0,5242.875,5242.875,5242.875,3732.4,3732.4,3732.4,3.0,21778.275,21778.275,21778.275,822.4488992859835,6000.0,1.0,0.0,220.0,0.0,1.5035462745535426,1.0,0.0,1.5035462745535426,0.07517731372767714,0.5,0.0,0.0,0.0,-1404.4933688359883,2243.610946665803,-3315.000000000001,37566.666666666664,-22100.000000000004,5635.000000000001,0.15000000000000002,0.0,964.4766469097603,542.5787226037858,964.4766469097603,542.5787226037858,1.0,1.0,0.0,-762.3728828431052,1.0,7358.443287037035,-5082.485885620701,1103.7664930555554,1.0,822.4488992859835,0.0,0.0,822.4488992859835,3732.4,1200.0,6000.0,5304.138541289957,0.3753470831796449,0.6246529168203552,3868.145138888889,379.70769334904725,379.37772629332983,1.0,,822.4488992859835,,6000.0,1.0,,1.0,1.0,519.4965631271581,,,0.0,0.0,167.81208914112787,55.93736304704262,822.4488992859835,0.0,499.7395686160182,822.4488992859835,5252.082499077869,50.94272089493019,1.0,0.0,0.0,-24.084506591880228,55.70217443433618,3.0,0.0,0.0,747.9175009221308,1.0,0.0,1.0,0.0,0.0,0.0,0.0,0.0,0.0,1.0,6.0,0.0,1.0,0.2515527950310557,0.014683746380797391,0.0,0.0,1.0,0.00942674575617284,0.2515527950310557,0.0,822.4488992859835,5252.082499077869,822.4488992859835,6000.0,379.70769334904725,822.4488992859835,822.4488992859835,5252.082499077869,1.0,0.0,0.0,0.0,0.0,0.0,822.4488992859835,6000.0,6712.058914539446,0.0,379.70769334904725,1.0,1.0,0.0008407198978454983,0.0,822.4488992859835,822.4488992859835,5482.992661906556,0.06544450821976185,-0.14940696760580444,0.05766255319378388,-0.09252636939555597,-0.380249956100614,6.0,1.0,56.0,62.0,56.0,44.0,38.0,9.0,1.0,6.0,0.0,0.0,354.70373710458296,0.0,1.5738070057930145,354.70373710458296,356.277544110376,0.0,354.70373710458296,0.0,1.1313071453221255,354.70373710458296,355.8350442499051,0.0,354.70373710458296,0.0,1.0282735261304197,354.70373710458296,355.7320106307134,0.0,354.70373710458296,0.0,0.44615616204396247,354.70373710458296,355.14989326662686,0.0,-0.005246023352643571,-0.0037710238177404184,-0.0034275784204347323,-0.0014871872068130188,1.0,1500.0,1500.0,1500.0,1500.0,1.0,1.0,0.0,-0.030206425900173528,-0.010795093480331273,-0.10178972930616545,0.0,0.0,0.0,0.0,0.0,-0.00811422695822923,-0.009508756211268656,-0.013196392962731984,0.003627488286180025,0.0038189398944860286,0.011117648806537338,0.0001480132146635782,0.00010442982145111301,1.0,90.0,90.0,50.0,90.0,90.0,90.0,90.0,90.0,90.0,90.0,90.0,90.0,90.0,80.0,90.0,90.0,0.0,1.0,0.0,1.0,0.0,1.0,0.0,0.0,318.0,0.11016978778666986,0.0,1.0,964.4766469097603,822.4488992859835,542.5787226037858,822.4488992859835,822.4488992859835,822.4488992859835,0.0,0.0,0.0,1.0,0.0,0.0,0.0,822.4488992859835,822.4488992859835,0.0,822.4488992859835,822.4488992859835,822.4488992859835,0.0,160.0,167.81208914112787,171.55823360889622,0.0,2.0,2.079228200003854,822.4488992859835,51.0,1.0,2252.082499077869,3000.0,63.0,69.0,,0.5097796089645932,,0.9352828964451968,2252.082499077869,3000.0,3000.0,3000.0,,,56.0,56.0,62.0,50.0,56.0,56.0,50.0,62.0,44.0,68.0,0.0,0.0,0.0,0.0,0.0,1126.0412495389346,1500.0,1126.0412495389346,1500.0,28,5220.0,70.0,90.0,90.0,70.0,90.0,90.0,90.0,90.0,90.0,80.0,90.0,90.0,90.0,90.0,90.0,80.0,90.0,90.0
769.3630177189909,5484.628129943596,0.0,0.0,0.0,0.0,0.0,0.0,0.0,0.0,0.0,0.0,0.0,0.0,0.0,0.0,0.0,0.0,0.0,0.0,0.0,0.0,0.0,0.0,0.0,0.0,0.0,0.0,0.0,0.0,0.0,0.0,0.0,0.0,0.0,0.0,0.0,0.0,0.0,0.0,0.0,0.0,0.0,0.0,0.0,0.0,0.0,0.0,0.0,0.0,0.0,0.0,0.0,0.0,0.0,0.0,0.0,0.0,0.0,0.0,0.0,0.0,0.0,0.0,0.0,0.0,0.0,0.0,0.0,0.0,0.0,0.0,0.0,0.0,0.0,0.0,0.0,0.0,0.0,0.0,0.0,0.0,0.0,0.0,0.0,0.0,0.0,0.0,0.0,0.0,0.0,0.0,0.0,0.0,1142.058,769.3630177189909,-1418.639604580857,6000.0,1200.0,3.0,69.81518137999831,173.44226871619142,103.62708733619311,6806.873980295113,0.9728240716148561,0.0,336.36631944444434,634.9310636336307,769.3630177189909,5484.628129943596,12.0,-1418.639604580857,5750.0,394.27154065874697,769.3630177189909,769.3630177189909,5484.628129943596,1.0,0.0,0.0,49.0,5.0,0.0,1.0,49.0,0.0,0.0,5.0,0.0,1.0,1.0,691.547822210066,-1418.639604580857,5750.0,0.0,297.276281551319,0.0,1.0,0.0,1.0,1.0,0.0,1.0,5.0,4.0,0.0,0.0,769.3630177189909,12.0,365.77021688468426,49.0,0.0,126.60234140502416,25.0,365.77021688468426,-1418.639604580857,5750.0,769.3630177189909,5484.628129943596,0.0,0.0,,,,,,,,,,,,,0.0,769.3630177189909,5484.628129943596,25.0,-781.2736625520166,5750.0,394.27154065874697,769.3630177189909,769.3630177189909,5484.628129943596,1.0,0.0,0.0,-1418.639604580857,5750.0,1.0,18.0,43.94373927265208,2.1971869636326042,0.0,691.547822210066,0.0,1.0,0.0,1.0,1.0,1.0,1.0,0.0,0.0,0.0,0.0,0.0,691.547822210066,172.88415945708692,0.0,0.0,0.0,394.27154065874697,173.44226871619142,173.44226871619142,0.0,1.0,297.276281551319,0.0,0.0,34.5773911105033,0.0,0.0,0.0,0.0,0.0,0.0,691.547822210066,1.0,0.0,691.547822210066,0.0,1.0,392.0743536951144,12803.0,12803.0,12803.0,5242.875,5242.875,5242.875,3732.4,3732.4,3732.4,3.0,21778.275,21778.275,21778.275,-1418.639604580857,5750.0,1.0,0.0,220.0,0.0,0.0,1.0,0.0,0.0,0.0,0.5,0.0,0.0,0.0,-1418.639604580857,2247.0413296885777,-3315.000000000001,37566.666666666664,-22100.000000000004,5635.000000000001,0.15000000000000002,0.0,939.3662727618247,536.3077839304513,939.3662727618247,536.3077839304513,1.0,1.0,0.0,-781.2736625520166,1.0,7388.998842592592,-5208.49108368011,1108.349826388889,1.0,-1418.639604580857,0.0,0.0,-1418.639604580857,3732.4,1200.0,6000.0,4297.14113413047,0.43210923999019063,0.5678907600098093,4543.893613574536,394.27154065874697,392.0743536951144,1.0,,769.3630177189909,,6000.0,1.0,,1.0,1.0,691.547822210066,,,0.0,0.0,173.44226871619142,57.81408957206381,769.3630177189909,0.0,481.90898571341165,769.3630177189909,5484.628129943596,52.804476108234866,1.0,0.0,0.0,-24.759185953159943,57.628053152362305,3.0,-2188.0026222998476,-2188.0026222998476,265.3718700564041,1.0,1.0,1.0,0.0,0.0,0.0,0.0,0.0,0.0,1.0,6.0,0.0,1.0,0.2515527950310557,0.0,0.0,0.0,1.0,0.05635372316489836,0.2515527950310557,0.0,769.3630177189909,5484.628129943596,-1418.639604580857,5750.0,394.27154065874697,769.3630177189909,769.3630177189909,5484.628129943596,1.0,0.0,0.0,0.0,0.0,0.0,-1418.639604580857,5750.0,6806.873980295113,0.0,394.27154065874697,1.0,3.0,0.000677534573895516,0.0,-1418.639604580857,769.3630177189909,5129.086784793272,0.01790207892047957,-0.08449526715351482,0.013570477237383322,0.07296328998746053,-0.02770131207555429,6.0,1.0,56.0,62.0,56.0,50.0,44.0,10.0,1.0,6.0,0.0,0.0,368.42138535039004,0.0,2.8332134997414187,363.9693970161678,375.7065871843537,0.0,368.42138535039004,0.0,1.9829197132804666,368.42138535039004,370.40430506367045,0.0,368.42138535039004,0.0,4.121868341951881,363.9646764043399,376.99996263839205,0.0,368.42138535039004,0.0,1.263774978981246,368.42138535039004,369.6851603293713,0.0,-0.01726873336753818,-0.0065572138669499225,-0.020386355903979365,-0.00417353730906214,1.0,1126.0412495389346,1500.0,1126.0412495389346,1500.0,1.0,1.0,0.0,-0.009540974013675907,-0.011307608703695848,-0.045495221443691496,0.0,0.0,0.0,0.0,0.0,-0.008990987735169577,-0.012589580267229296,-0.014756000364159404,2.43293755277207e-05,0.0,0.002999014365900443,0.0,0.0,1.0,90.0,90.0,70.0,90.0,90.0,90.0,90.0,90.0,90.0,90.0,90.0,90.0,90.0,80.0,90.0,90.0,0.0,0.0,0.0,0.0,0.0,1.0,0.0,0.0,574.0,0.11114644011384933,0.0,1.0,939.3662727618247,769.3630177189909,536.3077839304513,769.3630177189909,-1418.639604580857,-1418.639604580857,0.0,0.0,0.0,1.0,0.0,0.0,0.0,637.0724061382946,769.3630177189909,-2055.7120107191513,769.3630177189909,769.3630177189909,-1418.639604580857,132.29061158069635,112.0,173.44226871619142,175.68830900249577,0.0,3.0,3.311770100001013,769.3630177189909,51.0,1.0,2484.628129943596,3000.0,65.0,69.0,,0.4242394129713384,,0.8958028059867715,2484.628129943596,3000.0,3000.0,3000.0,1.0,1.0,56.0,56.0,62.0,50.0,56.0,56.0,56.0,56.0,50.0,62.0,0.0,0.0,0.0,0.0,0.0,1242.314064971798,1500.0,1242.314064971798,1500.0,29,5400.0,70.0,90.0,90.0,70.0,90.0,90.0,90.0,90.0,90.0,80.0,90.0,90.0,90.0,90.0,90.0,80.0,90.0,90.0
760.0478175184725,6000.0,0.0,0.0,0.0,0.0,0.0,0.0,0.0,0.0,0.0,0.0,0.0,0.0,0.0,0.0,0.0,0.0,0.0,0.0,0.0,0.0,0.0,0.0,0.0,0.0,0.0,0.0,0.0,0.0,0.0,0.0,0.0,0.0,0.0,0.0,0.0,0.0,0.0,0.0,0.0,0.0,0.0,0.0,0.0,0.0,0.0,0.0,0.0,0.0,0.0,0.0,0.0,0.0,0.0,0.0,0.0,0.0,0.0,0.0,0.0,0.0,0.0,0.0,0.0,0.0,0.0,0.0,0.0,0.0,0.0,0.0,0.0,0.0,0.0,0.0,0.0,0.0,0.0,0.0,0.0,0.0,0.0,0.0,0.0,0.0,0.0,0.0,0.0,0.0,0.0,0.0,0.0,0.0,1142.058,2243.610946665803,-1407.3267871170438,6000.0,1200.0,3.0,72.98951072660752,178.25273964310452,105.263228916497,8000.519441819135,0.9744040421741405,0.0,360.5989583333333,647.0092412171252,760.0478175184725,4617.416902383368,50.0,760.0478175184725,4875.0,435.52369211078667,760.0478175184725,760.0478175184725,4617.416902383368,0.0,0.0,1.0,50.0,5.0,1.0,0.0,75.0,,0.0,10.0,1.0,,1.0,,,,3.0821984570103496,inf,0.0,1.0,0.0,,1.0,1.0,0.0,5.0,4.0,0.0,0.0,,14.0,377.5258060816441,50.0,0.44571677569751955,125.96479922371208,1.0,377.9715228573416,,,,,25.0,5.0,1.0,0.0,1.0,5.0,4.0,13.0,377.5258060816441,25.0,0.3067932253981098,125.96479922371208,12.0,377.8325993070422,1.0,760.0478175184725,4875.0,14.0,0.0,5400.0,438.605890567797,760.0478175184725,760.0478175184725,4875.0,1.0,0.0,0.0,,,,13.0,1308.3314186393131,65.41657093196567,0.0,825.7237771262719,0.0,1.0,0.0,1.0,1.0,1.0,1.0,0.0,0.0,0.0,0.0,0.0,825.7237771262719,178.25273964310452,0.0,0.0,0.0,435.52369211078667,181.6228652949971,181.6228652949971,0.0,1.0,390.20008501548523,0.0,1.0,41.2861888563136,1.0,0.0,1.0,0.0,0.0,1.0,825.7237771262719,1.0,0.0,825.7237771262719,0.0,1.0,760.3072061943062,12803.0,12803.0,12803.0,5242.875,5242.875,5242.875,3732.4,3732.4,3732.4,3.0,21778.275,21778.275,21778.275,760.0478175184725,6000.0,0.0,0.0,220.0,0.0,0.0,1.0,0.0,0.0,0.0,0.5,0.002497646849403846,0.0,1.248823424701923,-1407.3267871170438,2243.610946665803,-3315.000000000001,37566.666666666664,-22100.000000000004,5635.000000000001,,,,,,,,,,-766.1586118327313,1.0,7358.443287037035,-5107.724078884874,1103.7664930555554,1.0,,,,,3732.4,1200.0,6000.0,4136.150455808514,0.4374529431008475,0.5625470568991525,4589.070414649163,825.7237771262719,760.3072061943062,1.0,0.0,760.0478175184725,0.0,6000.0,1.0,1.0,1.0,1.0,825.7237771262719,760.0478175184725,6000.0,1.0,0.0,178.25273964310452,59.41757988103484,760.0478175184725,0.0,446.45539812431673,760.0478175184725,6000.0,54.801602647941436,1.0,0.0,0.0,-25.391642190299052,59.41757988103484,3.0,,,,,,,,,,,,,,6.0,0.0,1.0,0.2515527950310557,0.0,0.0,0.0,1.0,0.05949100101730295,0.2515527950310557,0.0,760.0478175184725,6000.0,760.0478175184725,4875.0,825.7237771262719,760.0478175184725,760.0478175184725,4617.416902383368,0.0,1.0,0.0,1.0,0.0,0.0,,,8000.519441819135,0.0,825.7237771262719,0.0,5.0,0.002497646849403846,0.0,760.0478175184725,760.0478175184725,5066.985450123149,-0.004997804150862078,-0.09445907093223938,0.0003131071237795959,0.04518133177220135,0.0354152397553458,6.0,1.0,56.0,62.0,56.0,56.0,50.0,11.0,1.0,6.0,0.0,0.0,374.18545838764993,0.0,7.279790942083423,376.56756797238893,379.0831397449943,1.0,374.18545838764993,0.0,2.4846618099999205,374.18545838764993,376.6701201976498,0.0,374.18545838764993,1.0,18.360883274712933,386.81396073626166,379.91783931375113,1.0,374.18545838764993,0.0,2.0883154060294373,374.18545838764993,376.27377379367937,0.0,-0.003329879664278382,-0.008282206033332878,0.012972344069057002,-0.006961051353431458,1.0,1242.314064971798,1500.0,1242.314064971798,1500.0,,,0.0,-0.003109924962425126,-0.0056954934203005785,-0.06446632368319456,0.0,0.0,0.0,0.0,0.0,-0.00401561390715628,-0.011263192297890256,-0.018642490216334195,0.002614197583246103,0.00044116178675803754,0.006237652534137617,0.0,0.0,1.0,90.0,90.0,70.0,90.0,90.0,90.0,90.0,90.0,90.0,90.0,90.0,90.0,90.0,80.0,90.0,90.0,0.0,0.0,0.0,0.0,0.0,1.0,0.0,,958.0,0.11114644011384933,0.0,0.0,0.0,,0.0,,0.0,,0.0,0.0,0.0,1.0,0.0,0.0,0.0,0.0,,0.0,,760.0478175184725,0.0,760.0478175184725,160.0,178.25273964310452,181.57425478181517,0.0,2.0,5.273549400008051,760.0478175184725,51.0,1.0,,,65.0,69.0,,,,,,,,,1.0,1.0,56.0,56.0,62.0,50.0,56.0,56.0,62.0,50.0,56.0,56.0,0.0,0.0,0.0,0.0,0.0,1500.0,1500.0,1500.0,1500.0,30,5580.0,70.0,90.0,90.0,70.0,90.0,90.0,90.0,90.0,90.0,80.0,90.0,90.0,90.0,90.0,90.0,80.0,90.0,90.0
770.219866947107,3750.6397577924954,0.0,0.0,0.0,0.0,0.0,0.0,0.0,0.0,0.0,0.0,0.0,0.0,0.0,0.0,0.0,0.0,0.0,0.0,0.0,0.0,0.0,0.0,0.0,0.0,0.0,0.0,0.0,0.0,0.0,0.0,0.0,0.0,0.0,0.0,0.0,0.0,0.0,0.0,0.0,0.0,0.0,0.0,0.0,0.0,0.0,0.0,0.0,0.0,0.0,0.0,0.0,0.0,0.0,0.0,0.0,0.0,0.0,0.0,0.0,0.0,0.0,0.0,0.0,0.0,0.0,0.0,0.0,0.0,0.0,0.0,0.0,0.0,0.0,0.0,0.0,0.0,0.0,0.0,0.0,0.0,0.0,0.0,0.0,0.0,0.0,0.0,0.0,0.0,0.0,0.0,0.0,0.0,1142.058,770.219866947107,-1435.4934104026288,6000.0,1200.0,3.0,81.39017524635958,188.44635672818393,107.05618148182435,7949.291680369901,0.9753072966079124,0.0,462.99171424543545,760.5386122856862,770.219866947107,3750.6397577924954,0.0,770.219866947107,6000.0,469.26986002717223,770.219866947107,770.219866947107,3750.6397577924954,1.0,0.0,0.0,49.0,5.0,0.0,1.0,49.0,0.0,0.0,5.0,0.0,1.0,1.0,477.11652046746747,770.219866947107,6000.0,7.8466604402952385,687.1469102201095,0.0,1.0,0.0,1.0,1.0,0.0,1.0,5.0,4.0,0.0,0.0,770.219866947107,7.0,389.98260499394206,49.0,0.0,118.83956187165057,20.0,389.98260499394206,770.219866947107,6000.0,770.219866947107,3750.6397577924954,0.0,0.0,,,,,,,,,,,,,0.0,770.219866947107,3549.3983000087337,7.0,-1435.4934104026288,4750.0,477.11652046746747,770.219866947107,770.219866947107,3549.3983000087337,1.0,0.0,0.0,770.219866947107,6000.0,1.0,18.0,0.0,0.0,0.0,1156.4167702472816,0.0,1.0,0.0,1.0,1.0,1.0,1.0,0.0,0.0,0.0,0.0,0.0,1156.4167702472816,187.62520296681737,0.0,0.0,0.0,469.26986002717223,188.44635672818393,188.44635672818393,0.0,1.0,687.1469102201095,0.0,0.0,57.820838512364084,0.0,0.0,0.0,0.0,0.0,0.0,1156.4167702472816,1.0,0.0,1156.4167702472816,0.0,1.0,466.2314723692065,12803.0,12803.0,12803.0,5242.875,5242.875,5242.875,3732.4,3732.4,3732.4,3.0,21778.275,21778.275,21778.275,770.219866947107,6000.0,1.0,0.0,220.0,0.0,60.767753159315475,1.0,0.0,60.767753159315475,3.038387657965774,0.5,0.0,0.0,0.0,-1435.4934104026288,2264.879321407004,-3315.000000000001,37566.666666666664,-22100.000000000004,5635.000000000001,0.15000000000000002,0.0,932.3131065095208,524.5547158510244,932.3131065095208,524.5547158510244,1.0,1.0,0.0,-803.7920255172057,1.0,7547.887731481481,-5358.613503448038,1132.1831597222224,1.0,770.219866947107,0.0,0.0,770.219866947107,3732.4,1200.0,6000.0,2981.068506918674,0.43618452775835015,0.5638154722416499,4442.535630070988,469.26986002717223,466.2314723692065,1.0,,770.219866947107,,6000.0,1.0,,1.0,1.0,1156.4167702472816,,,0.0,0.0,188.44635672818393,62.81545224272798,770.219866947107,0.0,1749.8591861480036,770.219866947107,3750.6397577924954,56.668584296412114,1.0,0.0,0.0,-25.74792516191826,62.541734322272454,3.0,0.0,0.0,2249.3602422075046,1.0,0.0,1.0,0.0,0.0,0.0,0.0,0.0,0.0,1.0,6.0,0.0,1.0,0.2515527950310557,0.05098680523290611,0.0,0.0,1.0,0.0493149743104853,0.2515527950310557,0.0,770.219866947107,3750.6397577924954,770.219866947107,6000.0,469.26986002717223,770.219866947107,770.219866947107,3750.6397577924954,1.0,0.0,0.0,0.0,0.0,0.0,770.219866947107,6000.0,7949.291680369901,0.0,469.26986002717223,1.0,1.0,3.911140135694782e-05,0.0,770.219866947107,770.219866947107,5134.799112980712,0.023953100813449334,-0.10808875215351173,0.03152877040353723,0.541321748370865,1.2234360435376095,6.0,1.0,56.0,62.0,56.0,62.0,56.0,12.0,1.0,6.0,0.0,0.0,456.6979422267866,0.0,5.333610733308888,456.6979422267866,451.3643314934777,0.0,456.6979422267866,0.0,2.922554615789977,456.6979422267866,453.7753876109966,0.0,456.6979422267866,0.0,36.55990137342599,456.6979422267866,420.1380408533606,0.0,456.6979422267866,0.0,3.6378580462043146,456.6979422267866,453.0600841805823,0.0,-0.003475906840472047,0.009559947414807677,0.09502435591193523,0.011543504992147409,1.0,1500.0,1500.0,1500.0,1500.0,0.7164399012638238,0.6252132525974985,0.0,-0.1811268947293378,-0.18491617927354084,0.05560444223377095,-0.009208200983610481,0.0017106317423905889,0.0,0.004208847489988443,0.0,0.06844313598149264,0.039057978641472424,0.045131274429553336,0.0,0.0007885558247437529,0.0004097711060012443,0.0003921376903520013,0.0,1.0,90.0,90.0,70.0,90.0,90.0,90.0,90.0,90.0,90.0,90.0,90.0,90.0,90.0,80.0,90.0,90.0,0.0,0.0,0.0,0.0,0.0,1.0,0.0,0.0,323.0,0.08346814645732059,0.0,1.0,932.3131065095208,770.219866947107,524.5547158510244,770.219866947107,770.219866947107,770.219866947107,0.0,0.0,0.0,1.0,0.0,0.0,0.0,770.219866947107,770.219866947107,0.0,770.219866947107,770.219866947107,770.219866947107,0.0,160.0,188.44635672818393,191.8736438336308,0.0,3.0,2.2356908999936422,770.219866947107,51.0,1.0,2617.107166550101,3000.0,65.0,69.0,0.65,0.6252132525974985,1.1367511049106025,0.988559962737307,1875.0,1875.6397577924954,1875.0,1425.0,,,56.0,56.0,62.0,50.0,56.0,56.0,56.0,56.0,50.0,62.0,0.0,0.0,0.0,0.0,0.0,1500.0,1382.0503478471019,375.0,493.5894099453935,31,5760.0,70.0,100.0,100.0,70.0,90.0,90.0,90.0,90.0,90.0,80.0,90.0,90.0,90.0,90.0,90.0,80.0,90.0,90.0
857.957266051719,6000.0,0.0,0.0,0.0,0.0,0.0,0.0,0.0,0.0,0.0,0.0,0.0,0.0,0.0,0.0,0.0,0.0,0.0,0.0,0.0,0.0,0.0,0.0,0.0,0.0,0.0,0.0,0.0,0.0,0.0,0.0,0.0,0.0,0.0,0.0,0.0,0.0,0.0,0.0,0.0,0.0,0.0,0.0,0.0,0.0,0.0,0.0,0.0,0.0,0.0,0.0,0.0,0.0,0.0,0.0,0.0,0.0,0.0,0.0,0.0,0.0,0.0,0.0,0.0,0.0,0.0,0.0,0.0,0.0,0.0,0.0,0.0,0.0,0.0,0.0,0.0,0.0,0.0,0.0,0.0,0.0,0.0,0.0,0.0,0.0,0.0,0.0,0.0,0.0,0.0,0.0,0.0,0.0,1142.058,857.957266051719,-1402.4974484435284,6000.0,1200.0,3.0,81.96090099986105,190.2196478700654,108.25874687020433,8328.984930382509,0.9763745318975199,0.0,363.2361111111111,648.0346229197031,857.957266051719,5399.08958533715,0.0,857.957266051719,6000.0,478.86516528554887,857.957266051719,857.957266051719,5399.08958533715,1.0,0.0,0.0,49.0,4.0,0.0,1.0,49.0,,0.0,4.0,0.0,,1.0,,,,0.0,342.5313487106048,0.0,1.0,0.0,,1.0,0.0,1.0,4.0,4.0,0.0,0.0,,0.0,409.5698618010247,49.0,0.0,132.7446207192976,12.0,409.5698618010247,,,,,0.0,0.0,,,,,,,,,,,,,0.0,857.957266051719,5399.08958533715,12.0,-1402.4974484435284,6000.0,478.86516528554887,857.957266051719,857.957266051719,5399.08958533715,1.0,0.0,0.0,,,,12.0,1271.7979697530454,63.58989848765228,0.0,821.3965139961537,0.0,1.0,0.0,1.0,1.0,1.0,1.0,0.0,0.0,0.0,0.0,0.0,821.3965139961537,190.2196478700654,0.0,0.0,0.0,478.86516528554887,191.56159018027427,191.56159018027427,0.0,1.0,342.5313487106048,0.0,1.0,41.06982569980769,1.0,0.0,1.0,0.0,0.0,1.0,821.3965139961537,1.0,0.0,821.3965139961537,0.0,1.0,757.8066155085014,12803.0,12803.0,12803.0,5242.875,5242.875,5242.875,3732.4,3732.4,3732.4,3.0,21778.275,21778.275,21778.275,857.957266051719,6000.0,0.0,0.0,220.0,0.0,0.0,1.0,0.0,0.0,0.0,0.5,0.005889099519059463,0.0,2.9445497595297314,-1402.4974484435284,2243.610946665803,-3315.000000000001,37566.666666666664,-22100.000000000004,5635.000000000001,,,,,,,,,,-759.706134434922,1.0,7358.443287037035,-5064.707562899479,1103.7664930555554,1.0,,,,,3732.4,1200.0,6000.0,5700.0,0.3998482642228584,0.6001517357771416,6000.0,821.3965139961537,757.8066155085014,1.0,0.0,857.957266051719,0.0,6000.0,1.0,1.0,1.0,1.0,821.3965139961537,857.957266051719,6000.0,1.0,0.0,190.2196478700654,63.40654929002179,857.957266051719,0.0,721.561275858722,857.957266051719,6000.0,58.61484182419568,1.0,0.0,0.0,-27.46107532268735,63.40654929002179,3.0,,,,,,,,,,,,,,6.0,0.0,1.0,0.2515527950310557,0.0,0.0,0.0,1.0,0.18324530224795413,0.2515527950310557,0.0,857.957266051719,6000.0,857.957266051719,6000.0,821.3965139961537,857.957266051719,857.957266051719,5399.08958533715,0.0,1.0,0.0,1.0,0.0,0.0,,,8328.984930382509,0.0,821.3965139961537,0.0,5.0,0.005889099519059463,0.0,857.957266051719,857.957266051719,5719.715107011459,0.020529785781525166,-0.0708903880296156,0.015510193009141767,-0.05872671207916502,-0.11067922579438456,6.0,1.0,56.0,62.0,56.0,56.0,50.0,13.0,1.0,6.0,0.0,0.0,447.36904474017933,0.0,8.417149877478096,447.36904474017933,455.7861946176574,0.0,447.36904474017933,0.0,9.07035570763992,447.14787623057657,456.660568957422,0.0,447.36904474017933,0.0,1.0359698747365655,436.6503639418348,459.12369541326046,0.0,447.36904474017933,0.0,0.8971746640713718,436.48108620609867,459.1541779383313,0.0,-0.025703819674870468,-0.02211475354144412,-0.030819366984247077,-0.0302468397993116,1.0,1500.0,1382.0503478471019,375.0,493.5894099453935,,,0.0,0.1,0.1,-0.05435355623972598,0.0,0.00041242375155654544,0.00018085964753815614,-0.0004976006780694322,-0.0006560658455750713,-0.011267603740621367,-0.01410059633243357,-0.014545282165327224,0.0038278110740272097,0.0035178736182238882,-0.026968765702392972,-0.0008701809992235354,-0.0009381280023823993,1.0,100.0,100.0,70.0,90.0,90.0,90.0,90.0,90.0,90.0,90.0,90.0,90.0,90.0,80.0,90.0,90.0,1.0,1.0,1.0,1.0,0.0,1.0,0.0,,953.0,0.08346814645732059,0.0,0.0,0.0,,0.0,,0.0,,0.0,0.0,0.0,1.0,0.0,0.0,0.0,0.0,,0.0,,857.957266051719,0.0,857.957266051719,160.0,190.2196478700654,193.4360339000986,0.0,2.0,5.075208999987808,857.957266051719,51.0,1.0,,,65.0,69.0,,,,,,,,,1.0,1.0,56.0,56.0,62.0,50.0,56.0,56.0,62.0,50.0,56.0,56.0,0.0,0.0,0.0,0.0,0.0,1500.0,1500.0,1500.0,1500.0,32,5940.0,70.0,90.0,90.0,70.0,90.0,90.0,90.0,90.0,90.0,80.0,90.0,90.0,90.0,90.0,90.0,80.0,90.0,90.0
853.4366162581537,6000.0,0.0,0.0,0.0,0.0,0.0,0.0,0.0,0.0,0.0,0.0,0.0,0.0,0.0,0.0,0.0,0.0,0.0,0.0,0.0,0.0,0.0,0.0,0.0,0.0,0.0,0.0,0.0,0.0,0.0,0.0,0.0,0.0,0.0,0.0,0.0,0.0,0.0,0.0,0.0,0.0,0.0,0.0,0.0,0.0,0.0,0.0,0.0,0.0,0.0,0.0,0.0,0.0,0.0,0.0,0.0,0.0,0.0,0.0,0.0,0.0,0.0,0.0,0.0,0.0,0.0,0.0,0.0,0.0,0.0,0.0,0.0,0.0,0.0,0.0,0.0,0.0,0.0,0.0,0.0,0.0,0.0,0.0,0.0,0.0,0.0,0.0,0.0,0.0,0.0,0.0,0.0,0.0,1142.058,853.4366162581537,-1434.1975596441557,6000.0,1200.0,3.0,87.33158076897195,195.722333597539,108.39075282856706,8915.064888652629,0.9787764372245285,0.0,367.07704305475295,655.4384470077031,853.4366162581537,3299.828090759073,0.0,853.4366162581537,6000.0,532.8838235261376,853.4366162581537,853.4366162581537,3299.828090759073,1.0,0.0,0.0,49.0,5.0,0.0,1.0,49.0,,0.0,5.0,0.0,,1.0,,,,20.360042932798365,459.0041596388669,0.0,1.0,0.0,,1.0,0.0,1.0,5.0,4.0,0.0,0.0,,6.0,419.85773686695194,49.0,0.0,119.07937189964463,18.0,419.85773686695194,,,,,0.0,0.0,,,,,,,,,,,,,0.0,853.4366162581537,2839.6028993239925,18.0,-802.0606398565074,4750.0,553.2438664589359,853.4366162581537,853.4366162581537,2839.6028993239925,1.0,0.0,0.0,,,,12.0,1598.7885553752558,79.9394277687628,0.0,991.8879831650045,0.0,1.0,0.0,1.0,1.0,1.0,1.0,0.0,0.0,0.0,0.0,0.0,991.8879831650045,195.722333597539,0.0,0.0,0.0,532.8838235261376,203.25147072775138,203.25147072775138,0.0,1.0,459.0041596388669,0.0,1.0,49.594399158250226,1.0,0.0,1.0,0.0,0.0,1.0,991.8879831650045,1.0,0.0,991.8879831650045,0.0,1.0,911.9485553962417,12803.0,12803.0,12803.0,5242.875,5242.875,5242.875,3732.4,3732.4,3732.4,3.0,21778.275,21778.275,21778.275,853.4366162581537,6000.0,0.0,0.0,220.0,0.0,0.0,1.0,0.0,0.0,0.0,0.5,0.005024755594918174,0.0,2.512377797459087,-1434.1975596441557,2264.879321407004,-3315.000000000001,37566.666666666664,-22100.000000000004,5635.000000000001,,,,,,,,,,-802.0606398565074,1.0,7547.887731481481,-5347.070932376715,1132.1831597222224,1.0,,,,,3732.4,1200.0,6000.0,3321.4952113184577,0.4146988697850531,0.5853011302149468,6000.0,991.8879831650045,911.9485553962417,1.0,0.0,853.4366162581537,0.0,6000.0,1.0,1.0,1.0,1.0,991.8879831650045,853.4366162581537,6000.0,1.0,0.0,195.722333597539,65.24077786584634,853.4366162581537,0.0,753.1746677756674,853.4366162581537,6000.0,60.898740132392064,1.0,0.0,0.0,-27.72028358966216,65.24077786584634,3.0,,,,,,,,,,,,,,6.0,0.0,1.0,0.2515527950310557,0.012326291943537626,0.0,0.0,1.0,0.15993576005541754,0.2515527950310557,0.0,853.4366162581537,6000.0,853.4366162581537,6000.0,991.8879831650045,853.4366162581537,853.4366162581537,3299.828090759073,0.0,1.0,0.0,1.0,0.0,0.0,,,8915.064888652629,0.0,991.8879831650045,0.0,5.0,0.005024755594918174,0.0,853.4366162581537,853.4366162581537,5689.577441721023,0.018188103855132438,-0.03342612492258993,0.03132039597855718,1.0966759186261261,0.08056969258228867,6.0,1.0,56.0,62.0,56.0,62.0,56.0,14.0,1.0,6.0,0.0,0.0,474.018530582386,0.0,18.93647244652675,474.018530582386,455.08205813585926,0.0,474.018530582386,0.0,13.570463680044895,474.018530582386,460.44806690234117,0.0,474.018530582386,0.0,50.87100464433206,474.018530582386,423.1475259380539,0.0,474.018530582386,0.0,12.798146224182801,474.018530582386,461.2203843582032,0.0,0.04629662724009101,0.0452466940007844,0.141550721152476,0.04141056573029009,1.0,1500.0,1500.0,1500.0,1500.0,,,0.0,0.23654578264024018,-0.01578047474296156,0.35168106298067203,0.0,0.005330922356343137,0.0,0.0,0.0,0.2122127017489117,0.0670330315500074,0.006627327771552061,0.0,-0.0092300946686521,0.000495141245024655,0.028994336996518655,0.0,1.0,90.0,90.0,70.0,90.0,90.0,90.0,90.0,90.0,90.0,90.0,90.0,90.0,90.0,80.0,90.0,90.0,0.0,0.0,0.0,0.0,0.0,1.0,0.0,,941.0,0.0734277025201244,0.0,0.0,0.0,,0.0,,0.0,,0.0,0.0,0.0,1.0,0.0,0.0,0.0,0.0,,0.0,,853.4366162581537,0.0,853.4366162581537,160.0,195.722333597539,198.95193621270099,0.0,3.0,4.927795299998252,853.4366162581537,51.0,1.0,,,62.0,68.0,,,,,,,,,1.0,1.0,56.0,56.0,62.0,50.0,56.0,56.0,56.0,56.0,56.0,56.0,0.0,0.0,0.0,0.0,0.0,1500.0,1500.0,1500.0,1500.0,33,6120.0,50.0,50.0,90.0,50.0,90.0,90.0,90.0,90.0,90.0,50.0,50.0,90.0,90.0,90.0,90.0,80.0,90.0,90.0
839.5579558691761,3632.6893622164457,0.0,0.0,0.0,0.0,0.0,0.0,0.0,0.0,0.0,0.0,0.0,0.0,0.0,0.0,0.0,0.0,0.0,0.0,0.0,0.0,0.0,0.0,0.0,0.0,0.0,0.0,0.0,0.0,0.0,0.0,0.0,0.0,0.0,0.0,0.0,0.0,0.0,0.0,0.0,0.0,0.0,0.0,0.0,0.0,0.0,0.0,0.0,0.0,0.0,0.0,0.0,0.0,0.0,0.0,0.0,0.0,0.0,0.0,0.0,0.0,0.0,0.0,0.0,0.0,0.0,0.0,0.0,0.0,0.0,0.0,0.0,0.0,0.0,0.0,0.0,0.0,0.0,0.0,0.0,0.0,0.0,0.0,0.0,0.0,0.0,0.0,0.0,0.0,0.0,0.0,0.0,0.0,1142.058,839.5579558691761,-1397.713393914314,6000.0,1200.0,3.0,94.33173732918789,204.79317910352515,110.46144177433726,8676.908730402207,0.9764684172253759,0.0,371.79704413641247,665.3783974809689,839.5579558691761,3632.6893622164457,0.0,839.5579558691761,6000.0,515.6399223805146,839.5579558691761,839.5579558691761,3632.6893622164457,1.0,0.0,0.0,49.0,5.0,0.0,1.0,49.0,0.0,0.0,5.0,0.0,1.0,1.0,538.9147746939219,839.5579558691761,6000.0,23.274852313407337,838.7499603459604,0.0,1.0,0.0,1.0,1.0,0.0,1.0,5.0,4.0,0.0,0.0,839.5579558691761,6.0,428.08628620224704,49.0,0.0,118.86029389307896,19.0,428.08628620224704,839.5579558691761,6000.0,839.5579558691761,3632.6893622164457,0.0,0.0,,,,,,,,,,,,,0.0,839.5579558691761,3087.5,6.0,-1397.713393914314,4750.0,538.9147746939219,839.5579558691761,839.5579558691761,3087.5,1.0,0.0,0.0,839.5579558691761,6000.0,1.0,18.0,2.3821561200039554,0.11910780600019777,0.0,1354.389882726475,0.0,1.0,0.0,1.0,1.0,1.0,1.0,0.0,0.0,0.0,0.0,0.0,1354.389882726475,205.97006384989322,0.0,0.0,0.0,515.6399223805146,204.79317910352515,204.79317910352515,0.0,1.0,838.7499603459604,0.0,0.0,67.71949413632375,0.0,0.0,0.0,0.0,0.0,0.0,1354.389882726475,1.0,0.0,1354.389882726475,0.0,1.0,514.8933724193349,12803.0,12803.0,12803.0,5242.875,5242.875,5242.875,3732.4,3732.4,3732.4,3.0,21778.275,21778.275,21778.275,839.5579558691761,6000.0,1.0,0.0,220.0,0.0,12.548843103589888,1.0,0.0,12.548843103589888,0.6274421551794944,0.5,0.0,0.0,0.0,-1397.713393914314,2243.610946665803,-3315.000000000001,37566.666666666664,-22100.000000000004,5635.000000000001,0.15000000000000002,0.0,964.0078660120414,591.8004618929028,964.0078660120414,591.8004618929028,1.0,1.0,0.0,-753.3141611635236,1.0,7358.443287037035,-5022.094407756824,1103.7664930555554,1.0,839.5579558691761,0.0,0.0,839.5579558691761,3732.4,1200.0,6000.0,2597.7291431609005,0.43145881082472964,0.5685411891752703,5899.592320577072,515.6399223805146,514.8933724193349,1.0,,839.5579558691761,,6000.0,1.0,,1.0,1.0,1354.389882726475,,,0.0,0.0,204.79317910352515,68.26439303450839,839.5579558691761,0.0,2583.3739002892635,839.5579558691761,3632.6893622164457,62.758581889286226,1.0,0.0,0.0,-28.0358037800807,68.65668794996441,3.0,0.0,0.0,2367.3106377835543,1.0,0.0,1.0,0.0,0.0,0.0,0.0,0.0,0.0,1.0,6.0,0.0,1.0,0.2515527950310557,0.16628738434299395,0.0,0.0,1.0,0.1504994667067412,0.2515527950310557,0.0,839.5579558691761,3632.6893622164457,839.5579558691761,6000.0,515.6399223805146,839.5579558691761,839.5579558691761,3632.6893622164457,1.0,0.0,0.0,0.0,0.0,0.0,839.5579558691761,6000.0,8676.908730402207,0.0,515.6399223805146,1.0,1.0,3.2185808568702984e-05,0.0,839.5579558691761,839.5579558691761,5597.05303912784,0.02918784021165092,-0.06496964826898075,0.02197243589973208,1.455824322162821,-0.38072786330689223,6.0,1.0,56.0,62.0,56.0,56.0,56.0,15.0,1.0,6.0,0.0,0.0,507.53315639979394,0.0,10.99584822825318,507.53315639979394,496.53730817154076,0.0,507.53315639979394,0.0,12.575607201388493,507.53315639979394,494.9575491984054,0.0,507.53315639979394,0.0,36.62125967967131,507.53315639979394,470.9118967201227,0.0,507.53315639979394,0.0,15.339943718687891,507.53315639979394,492.193212681106,0.0,0.03230797240696802,0.04191869067129517,0.0848964540351996,0.051090457080750225,1.0,1500.0,1500.0,1500.0,1500.0,0.65,0.65,0.0,0.030551743568685202,0.011174336309725773,0.46202376797303163,-0.0011400798975586212,-0.0006071792792017305,0.0,0.0,0.0,0.2992200918725743,-0.024925684705188546,-0.010800159046855384,4.2335189565889665e-05,0.0,-0.010120583339480049,0.0,0.0,1.0,50.0,90.0,50.0,90.0,90.0,90.0,90.0,90.0,50.0,90.0,90.0,90.0,90.0,80.0,90.0,90.0,0.0,0.0,0.0,0.0,0.0,1.0,0.0,0.0,316.0,0.06545107107092116,0.0,1.0,964.0078660120414,839.5579558691761,591.8004618929028,839.5579558691761,839.5579558691761,839.5579558691761,0.0,0.0,0.0,1.0,0.0,0.0,0.0,839.5579558691761,839.5579558691761,0.0,839.5579558691761,839.5579558691761,839.5579558691761,0.0,160.0,204.79317910352515,207.8844430021612,0.0,2.0,2.2558111999969697,839.5579558691761,51.0,1.0,2588.752864948378,3000.0,62.0,68.0,0.65,0.65,1.4397896882765349,1.0392004039282627,1682.6893622164457,1950.0,750.0,750.0,,,56.0,56.0,62.0,50.0,56.0,56.0,50.0,62.0,62.0,50.0,0.0,0.0,0.0,0.0,0.0,841.3446811082229,975.0,841.3446811082229,975.0,34,6300.0,50.0,50.0,90.0,50.0,90.0,90.0,90.0,90.0,90.0,50.0,50.0,90.0,90.0,90.0,90.0,80.0,90.0,90.0
897.8089570085835,5532.130936469037,0.0,0.0,0.0,0.0,0.0,0.0,0.0,0.0,0.0,0.0,0.0,0.0,0.0,0.0,0.0,0.0,0.0,0.0,0.0,0.0,0.0,0.0,0.0,0.0,0.0,0.0,0.0,0.0,0.0,0.0,0.0,0.0,0.0,0.0,0.0,0.0,0.0,0.0,0.0,0.0,0.0,0.0,0.0,0.0,0.0,0.0,0.0,0.0,0.0,0.0,0.0,0.0,0.0,0.0,0.0,0.0,0.0,0.0,0.0,0.0,0.0,0.0,0.0,0.0,0.0,0.0,0.0,0.0,0.0,0.0,0.0,0.0,0.0,0.0,0.0,0.0,0.0,0.0,0.0,0.0,0.0,0.0,0.0,0.0,0.0,0.0,0.0,0.0,0.0,0.0,0.0,0.0,1142.058,897.8089570085835,-1524.9523764647845,6000.0,1200.0,3.0,96.07778372489796,207.59640786080487,111.51862413590692,8349.157255890614,0.9790415634875029,0.0,377.99257211935134,680.8593127778565,897.8089570085835,5532.130936469037,12.0,-1524.9523764647845,6000.0,539.4526086618503,897.8089570085835,897.8089570085835,5532.130936469037,1.0,0.0,0.0,49.0,4.0,0.0,1.0,49.0,0.0,0.0,4.0,0.0,1.0,1.0,539.863667713933,-1524.9523764647845,6000.0,0.0,607.7639536229774,0.0,1.0,0.0,1.0,1.0,0.0,1.0,4.0,4.0,0.0,0.0,897.8089570085835,0.0,447.9783334622181,49.0,0.0,132.77154906145574,12.0,447.9783334622181,-1524.9523764647845,6000.0,897.8089570085835,5532.130936469037,0.0,0.0,,,,,,,,,,,,,0.0,897.8089570085835,5532.130936469037,24.0,-802.0325917797871,6000.0,539.4526086618503,897.8089570085835,897.8089570085835,5532.130936469037,1.0,0.0,0.0,-1524.9523764647845,6000.0,1.0,12.0,423.16402153548887,21.158201076774446,0.0,1147.2165622848277,0.0,1.0,0.0,1.0,1.0,1.0,1.0,0.0,0.0,0.0,0.0,0.0,1147.2165622848277,206.71726850116255,0.0,0.0,0.0,539.4526086618503,207.59640786080487,207.59640786080487,0.0,1.0,607.7639536229774,0.0,0.0,57.360828114241386,0.0,0.0,0.0,0.0,0.0,0.0,1147.2165622848277,1.0,0.0,1147.2165622848277,0.0,1.0,518.2418367981959,12803.0,12803.0,12803.0,5242.875,5242.875,5242.875,3732.4,3732.4,3732.4,3.0,21778.275,21778.275,21778.275,-1524.9523764647845,6000.0,1.0,0.0,220.0,0.0,1.051415737599953,1.0,0.0,1.051415737599953,0.05257078687999766,0.5,0.0,0.0,0.0,-1524.9523764647845,2421.7566316583675,-3315.000000000001,37566.666666666664,-22100.000000000004,5635.000000000001,0.15000000000000002,0.0,970.2268159275407,631.2865053828066,970.2268159275407,631.2865053828066,1.0,1.0,0.0,-802.0325917797871,1.0,7493.813657407407,-5346.8839451985805,1124.0720486111113,1.0,-1524.9523764647845,0.0,0.0,-1524.9523764647845,3732.4,1200.0,6000.0,5700.0,0.4220218227448395,0.5779781772551603,6000.0,539.4526086618503,518.2418367981959,1.0,,897.8089570085835,,6000.0,1.0,,1.0,1.0,1147.2165622848277,,,0.0,0.0,207.59640786080487,69.1988026202683,897.8089570085835,0.0,1370.565950277539,897.8089570085835,5532.130936469037,64.53347133867264,1.0,0.0,0.0,-28.843623256064888,68.90575616705418,3.0,-2422.761333473368,-2422.761333473368,467.8690635309631,1.0,1.0,1.0,0.0,0.0,0.0,0.0,0.0,0.0,1.0,6.0,0.0,1.0,0.2515527950310557,0.0,0.0,0.0,1.0,0.28767575031822584,0.28767575031822584,0.0,897.8089570085835,5532.130936469037,-1524.9523764647845,6000.0,539.4526086618503,897.8089570085835,897.8089570085835,5532.130936469037,1.0,0.0,0.0,0.0,0.0,0.0,-1524.9523764647845,6000.0,8349.157255890614,0.0,539.4526086618503,1.0,1.0,0.0003733405588317163,0.0,-1524.9523764647845,897.8089570085835,5985.39304672389,0.027952400854212984,-0.048349864748814975,0.005808806525304577,0.02047301973164502,0.1332748076828469,6.0,1.0,56.0,62.0,56.0,50.0,62.0,16.0,1.0,6.0,0.0,0.0,478.5552363283134,0.0,0.482731336002189,469.9526201439876,487.6405838486414,0.0,478.5552363283134,0.0,0.7312168879989258,469.82797099623883,488.0137185483869,0.0,478.5552363283134,0.0,1.173352830649037,468.4186812309074,489.8651442563685,0.0,478.5552363283134,0.0,1.4106038359229842,468.5598882853076,489.9611882072423,0.0,-0.024043037308774468,-0.024656562087277043,-0.029654493222952105,-0.029295822461438515,1.0,841.3446811082229,975.0,841.3446811082229,975.0,1.0,1.0,0.0,-0.13222339384324683,-0.007198180920463315,-0.15085231089711115,-0.00234030396024103,-0.005363462248293515,-0.0023220078141985567,-0.0029979099937701647,-0.0027677666215986108,-0.12817241133948798,-0.01150626517400788,-0.013069551577359563,-0.007788027083266157,-0.00658242430905851,-0.024321702402631828,0.0,0.0,1.0,50.0,90.0,50.0,90.0,90.0,90.0,90.0,90.0,50.0,90.0,90.0,90.0,90.0,80.0,90.0,90.0,1.0,1.0,1.0,1.0,0.0,1.0,0.0,0.0,289.0,0.06320678612410847,0.0,1.0,970.2268159275407,897.8089570085835,631.2865053828066,897.8089570085835,-1524.9523764647845,-1524.9523764647845,0.0,0.0,0.0,1.0,0.0,0.0,0.0,716.0215830189901,897.8089570085835,-2240.9739594837747,897.8089570085835,897.8089570085835,-1524.9523764647845,181.78737398959345,136.0,207.59640786080487,211.12890530198206,0.0,3.0,2.081949800005532,897.8089570085835,51.0,1.0,2532.130936469037,3000.0,62.0,68.0,,0.435842108288937,,0.9011578961333555,2532.130936469037,3000.0,3000.0,3000.0,,,56.0,56.0,62.0,50.0,56.0,56.0,56.0,56.0,56.0,56.0,0.0,0.0,0.0,0.0,0.0,1266.0654682345184,1500.0,1266.0654682345184,1500.0,35,6480.0,70.0,70.0,90.0,70.0,90.0,90.0,90.0,90.0,90.0,70.0,70.0,90.0,90.0,90.0,90.0,80.0,90.0,90.0
925.2318946157674,6000.0,0.0,0.0,0.0,0.0,0.0,0.0,0.0,0.0,0.0,0.0,0.0,0.0,0.0,0.0,0.0,0.0,0.0,0.0,0.0,0.0,0.0,0.0,0.0,0.0,0.0,0.0,0.0,0.0,0.0,0.0,0.0,0.0,0.0,0.0,0.0,0.0,0.0,0.0,0.0,0.0,0.0,0.0,0.0,0.0,0.0,0.0,0.0,0.0,0.0,0.0,0.0,0.0,0.0,0.0,0.0,0.0,0.0,0.0,0.0,0.0,0.0,0.0,0.0,0.0,0.0,0.0,0.0,0.0,0.0,0.0,0.0,0.0,0.0,0.0,0.0,0.0,0.0,0.0,0.0,0.0,0.0,0.0,0.0,0.0,0.0,0.0,0.0,0.0,0.0,0.0,0.0,0.0,1142.058,925.2318946157674,-1503.485153497284,6000.0,1200.0,3.0,97.76772772023017,211.82281690071312,114.05508918048297,9457.914336462944,0.9814333882687125,0.0,370.236948706717,657.9185534890718,925.2318946157674,3825.0,0.0,925.2318946157674,6000.0,546.8520632313904,925.2318946157674,925.2318946157674,3825.0,1.0,0.0,0.0,49.0,5.0,0.0,1.0,49.0,,0.0,5.0,0.0,,1.0,,,,11.18798370066611,500.140716866816,0.0,1.0,0.0,,1.0,0.0,1.0,5.0,4.0,0.0,0.0,,7.0,446.5817139725608,49.0,0.0,138.1205652366308,19.0,446.5817139725608,,,,,0.0,0.0,,,,,,,,,,,,,0.0,925.2318946157674,3589.287806522616,19.0,-759.8480924776743,5000.0,558.0400469320565,925.2318946157674,925.2318946157674,3589.287806522616,1.0,0.0,0.0,,,,18.0,1463.6523451891185,73.18261725945592,0.0,1046.9927800982064,0.0,1.0,0.0,1.0,1.0,1.0,1.0,0.0,0.0,0.0,0.0,0.0,1046.9927800982064,211.82281690071312,0.0,0.0,0.0,546.8520632313904,218.72371657414573,218.72371657414573,0.0,1.0,500.140716866816,0.0,1.0,52.34963900491032,1.0,0.0,1.0,0.0,0.0,1.0,1046.9927800982064,1.0,0.0,1046.9927800982064,0.0,1.0,973.8101628387506,12803.0,12803.0,12803.0,5242.875,5242.875,5242.875,3732.4,3732.4,3732.4,3.0,21778.275,21778.275,21778.275,925.2318946157674,6000.0,0.0,0.0,220.0,0.0,0.0,1.0,0.0,0.0,0.0,0.5,0.006833356386714277,0.0,3.416678193357139,-1503.485153497284,2422.511244777642,-3315.000000000001,37566.666666666664,-22100.000000000004,5635.000000000001,,,,,,,,,,-759.8480924776743,1.0,7358.443287037035,-5065.653949851161,1103.7664930555554,1.0,,,,,3732.4,1200.0,6000.0,3037.9158324984846,0.47252682876227203,0.5274731712377281,6000.0,1046.9927800982064,973.8101628387506,1.0,0.0,925.2318946157674,0.0,6000.0,1.0,1.0,1.0,1.0,1046.9927800982064,925.2318946157674,6000.0,1.0,0.0,211.82281690071312,70.60760563357104,925.2318946157674,0.0,1190.3583824618731,925.2318946157674,6000.0,66.6689139054721,1.0,0.0,0.0,-29.122577047720483,70.60760563357104,3.0,,,,,,,,,,,,,,6.0,0.0,1.0,0.2515527950310557,0.013525726718657483,0.0,0.0,1.0,0.29103438383853186,0.29103438383853186,0.0,925.2318946157674,6000.0,925.2318946157674,6000.0,1046.9927800982064,925.2318946157674,925.2318946157674,3825.0,0.0,1.0,0.0,1.0,0.0,0.0,,,9457.914336462944,0.0,1046.9927800982064,0.0,5.0,0.006833356386714277,0.0,925.2318946157674,925.2318946157674,6168.212630771782,0.025578352974932862,-0.0683302222202492,0.02239783765569673,1.183020756794557,-0.16512963990399734,6.0,1.0,56.0,62.0,56.0,56.0,56.0,17.0,1.0,6.0,0.0,0.0,462.51848685624714,0.0,7.477055012697747,465.0910554223025,467.42297330288955,1.0,462.51848685624714,0.0,21.645695413917224,462.51848685624714,440.8727914423299,0.0,462.51848685624714,1.0,21.048976254170725,477.2328845655819,468.8530654010831,1.0,462.51848685624714,0.0,19.63694571001247,462.51848685624714,442.88154114623467,0.0,-0.004328935250906507,0.07215983537373212,0.01307286173596811,0.06427659934515927,1.0,1266.0654682345184,1500.0,1266.0654682345184,1500.0,,,0.0,-0.03089588330097506,-0.010818131947954512,-0.06885458758172831,0.0,0.0,0.0,0.0,0.0,0.05212936380771645,0.1791610462721227,0.08855536154422444,-1.864706685879014e-05,-0.012419397819451205,-0.0015116590500838356,-0.011480579657813905,0.0,1.0,70.0,90.0,70.0,90.0,90.0,90.0,90.0,90.0,70.0,90.0,90.0,90.0,90.0,80.0,90.0,90.0,0.0,0.0,0.0,0.0,0.0,1.0,0.0,,967.0,0.06320678612410847,0.0,0.0,0.0,,0.0,,0.0,,0.0,0.0,0.0,1.0,0.0,0.0,0.0,0.0,,0.0,,925.2318946157674,0.0,925.2318946157674,160.0,211.82281690071312,215.0395901378974,0.0,2.0,5.42525349999778,925.2318946157674,51.0,1.0,,,66.0,69.0,,,,,,,,,1.0,1.0,56.0,56.0,62.0,50.0,56.0,56.0,50.0,62.0,62.0,50.0,0.0,0.0,0.0,0.0,0.0,1500.0,1500.0,1500.0,1500.0,36,6660.0,70.0,70.0,90.0,70.0,90.0,90.0,90.0,90.0,90.0,50.0,70.0,50.0,90.0,90.0,90.0,80.0,90.0,90.0
942.7836606532361,6000.0,0.0,0.0,0.0,0.0,0.0,0.0,0.0,0.0,0.0,0.0,0.0,0.0,0.0,0.0,0.0,0.0,0.0,0.0,0.0,0.0,0.0,0.0,0.0,0.0,0.0,0.0,0.0,0.0,0.0,0.0,0.0,0.0,0.0,0.0,0.0,0.0,0.0,0.0,0.0,0.0,0.0,0.0,0.0,0.0,0.0,0.0,0.0,0.0,0.0,0.0,0.0,0.0,0.0,0.0,0.0,0.0,0.0,0.0,0.0,0.0,0.0,0.0,0.0,0.0,0.0,0.0,0.0,0.0,0.0,0.0,0.0,0.0,0.0,0.0,0.0,0.0,0.0,0.0,0.0,0.0,0.0,0.0,0.0,0.0,0.0,0.0,0.0,0.0,0.0,0.0,0.0,0.0,1142.058,942.7836606532361,-1469.7575531131938,6000.0,1200.0,3.0,102.54175642133129,218.48738587579368,115.9456294544624,9875.576631323771,0.980131807144522,0.0,361.2934347564256,635.8382141563354,942.7836606532361,3877.9070248209982,0.0,942.7836606532361,6000.0,535.0740249905946,942.7836606532361,942.7836606532361,3877.9070248209982,1.0,0.0,0.0,49.0,5.0,0.0,1.0,49.0,,0.0,5.0,0.0,,1.0,,,,41.60675236029249,550.5201825079312,0.0,1.0,0.0,,1.0,0.0,1.0,5.0,4.0,0.0,0.0,,6.0,453.78766786711464,49.0,0.0,184.4653620006183,18.0,453.78766786711464,,,,,0.0,0.0,,,,,,,,,,,,,0.0,942.7836606532361,3087.5000000000005,18.0,-805.7656061312668,4750.0,576.6807773508871,942.7836606532361,942.7836606532361,3087.5000000000005,1.0,0.0,0.0,,,,18.0,1540.7027383520108,77.03513691760054,0.0,1085.5942074985257,0.0,1.0,0.0,1.0,1.0,1.0,1.0,0.0,0.0,0.0,0.0,0.0,1085.5942074985257,218.48738587579368,0.0,0.0,0.0,535.0740249905946,220.3670239564945,220.3670239564945,0.0,1.0,550.5201825079312,0.0,1.0,54.27971037492629,1.0,0.0,1.0,0.0,0.0,1.0,1085.5942074985257,1.0,0.0,1085.5942074985257,0.0,1.0,1006.9283117070131,12803.0,12803.0,12803.0,5242.875,5242.875,5242.875,3732.4,3732.4,3732.4,3.0,21778.275,21778.275,21778.275,942.7836606532361,6000.0,0.0,0.0,220.0,0.0,32.61517747824125,1.0,0.0,32.61517747824125,1.6307588739120626,0.5,0.00448488091467992,0.0,2.24244045733996,-1469.7575531131938,2317.7508218881976,-3315.000000000001,37566.666666666664,-22100.000000000004,5635.000000000001,,,,,,,,,,-805.7656061312668,1.0,7493.813657407407,-5371.770707541778,1124.0720486111113,1.0,,,,,3732.4,1200.0,6000.0,2850.0,0.5056648654305133,0.49433513456948674,6000.0,1085.5942074985257,1006.9283117070131,1.0,0.0,942.7836606532361,0.0,6000.0,1.0,1.0,1.0,1.0,1085.5942074985257,942.7836606532361,6000.0,1.0,0.0,218.48738587579368,72.82912862526456,942.7836606532361,0.0,1154.570848491593,942.7836606532361,6000.0,68.45570373632852,1.0,0.0,0.0,-29.32896574517534,72.82912862526456,3.0,,,,,,,,,,,,,,6.0,0.0,1.0,0.2515527950310557,0.16014303825121878,0.0,0.0,1.0,0.26461933911171415,0.26461933911171415,0.0,942.7836606532361,6000.0,942.7836606532361,6000.0,1085.5942074985257,942.7836606532361,942.7836606532361,3877.9070248209982,0.0,1.0,0.0,1.0,0.0,0.0,,,9875.576631323771,0.0,1085.5942074985257,0.0,5.0,0.00448488091467992,0.0,942.7836606532361,942.7836606532361,6285.224404354906,0.02675795726228817,-0.05317416263152741,0.005859086373015614,0.8872028656650996,0.05780846179332913,6.0,1.0,56.0,62.0,56.0,50.0,62.0,18.0,1.0,6.0,0.0,0.0,531.1469062904928,0.0,15.562333861688785,531.1469062904928,515.584572428804,0.0,531.1469062904928,0.0,16.544216361024155,531.1469062904928,514.6026899294685,0.0,531.1469062904928,0.0,44.7688570024942,531.1469062904928,486.3780492879986,0.0,531.1469062904928,0.0,20.725345535266342,531.1469062904928,510.4215607552264,0.0,0.0311776089357546,0.0545472801198031,0.11123847949875515,0.06432468065021962,1.0,1500.0,1500.0,1500.0,1500.0,,,0.0,-0.00790904999258899,-0.10623732883208489,0.2610212773702898,0.0,0.000630986849092352,0.0,0.0,0.0,0.22320143115937546,-0.04285479510443864,0.12760530963197175,0.0,0.0,0.013569576944636808,3.9592554560741176e-05,0.0,1.0,70.0,90.0,70.0,90.0,90.0,90.0,90.0,90.0,70.0,50.0,90.0,90.0,90.0,80.0,90.0,90.0,0.0,0.0,0.0,0.0,0.0,1.0,0.0,,903.0,0.05924475028687593,0.0,0.0,0.0,,0.0,,0.0,,0.0,0.0,0.0,1.0,0.0,0.0,0.0,0.0,,0.0,,942.7836606532361,0.0,942.7836606532361,144.0,218.48738587579368,221.80343558653726,0.0,3.0,4.904664100002265,942.7836606532361,51.0,1.0,,,63.0,66.0,,,,,,,,,1.0,1.0,56.0,56.0,62.0,50.0,56.0,56.0,44.0,68.0,56.0,56.0,0.0,0.0,0.0,0.0,0.0,1500.0,1500.0,1500.0,1500.0,37,6840.0,50.0,70.0,100.0,50.0,90.0,90.0,90.0,90.0,90.0,50.0,50.0,50.0,50.0,90.0,90.0,80.0,90.0,90.0
928.5497336288951,4200.0,0.0,0.0,0.0,0.0,0.0,0.0,0.0,0.0,0.0,0.0,0.0,0.0,0.0,0.0,0.0,0.0,0.0,0.0,0.0,0.0,0.0,0.0,0.0,0.0,0.0,0.0,0.0,0.0,0.0,0.0,0.0,0.0,0.0,0.0,0.0,0.0,0.0,0.0,0.0,0.0,0.0,0.0,0.0,0.0,0.0,0.0,0.0,0.0,0.0,0.0,0.0,0.0,0.0,0.0,0.0,0.0,0.0,0.0,0.0,0.0,0.0,0.0,0.0,0.0,0.0,0.0,0.0,0.0,0.0,0.0,0.0,0.0,0.0,0.0,0.0,0.0,0.0,0.0,0.0,0.0,0.0,0.0,0.0,0.0,0.0,0.0,0.0,0.0,0.0,0.0,0.0,0.0,1142.058,928.5497336288951,-1495.8780505476543,6000.0,1200.0,3.0,103.73662207884523,224.14986987386524,120.41324779502001,8593.158268812775,0.9816838225910756,0.0,321.53841888898756,592.6864335663611,928.5497336288951,4200.0,0.0,928.5497336288951,6000.0,492.6919885558218,928.5497336288951,928.5497336288951,4200.0,1.0,0.0,0.0,49.0,5.0,0.0,1.0,49.0,0.0,0.0,5.0,0.0,1.0,1.0,548.8360728406371,928.5497336288951,6000.0,56.144084284815335,714.2918033290098,0.0,1.0,0.0,1.0,1.0,0.0,1.0,5.0,4.0,0.0,0.0,928.5497336288951,4.0,475.5094773792786,49.0,0.0,160.13559104031907,16.0,475.5094773792786,928.5497336288951,6000.0,928.5497336288951,4200.0,0.0,0.0,,,,,,,,,,,,,0.0,928.5497336288951,3058.496316557962,4.0,-1495.8780505476543,3732.4,548.8360728406371,928.5497336288951,928.5497336288951,3058.496316557962,1.0,0.0,0.0,928.5497336288951,6000.0,1.0,18.0,36.07975253740959,1.8039876268704795,0.0,1206.9837918848316,0.0,1.0,0.0,1.0,1.0,1.0,1.0,0.0,0.0,0.0,0.0,0.0,1206.9837918848316,231.7696447143109,0.0,0.0,0.0,492.6919885558218,224.14986987386524,224.14986987386524,0.0,1.0,714.2918033290098,0.0,0.0,60.34918959424158,0.0,0.0,0.0,0.0,0.0,0.0,1206.9837918848316,1.0,0.0,1206.9837918848316,0.0,1.0,489.89224583417655,12803.0,12803.0,12803.0,5242.875,5242.875,5242.875,3732.4,3732.4,3732.4,3.0,21778.275,21778.275,21778.275,928.5497336288951,6000.0,1.0,0.0,220.0,0.0,19.91510189549581,1.0,0.0,19.91510189549581,0.9957550947747905,0.5,0.0,0.0,0.0,-1495.8780505476543,2397.485530611474,-3315.000000000001,37566.666666666664,-22100.000000000004,5635.000000000001,0.15000000000000002,0.0,998.0060267510038,633.1767140722716,998.0060267510038,633.1767140722716,1.0,1.0,0.0,-768.9522808268993,1.0,7358.443287037035,-5126.348538845994,1103.7664930555554,1.0,928.5497336288951,0.0,0.0,928.5497336288951,3732.4,1200.0,6000.0,2410.7060583216035,0.5158715827748043,0.48412841722519573,6000.0,492.6919885558218,489.89224583417655,1.0,,928.5497336288951,,6000.0,1.0,,1.0,1.0,1206.9837918848316,,,0.0,0.0,224.14986987386524,74.71662329128841,928.5497336288951,0.0,2008.5496966986527,928.5497336288951,4200.0,69.95818890976635,1.0,0.0,0.0,-28.493932916911803,77.25654823810363,3.0,0.0,0.0,1800.0,1.0,0.0,1.0,0.0,0.0,0.0,0.0,0.0,0.0,1.0,6.0,0.0,1.0,0.2515527950310557,0.2855114475061151,0.0,0.0,1.0,0.23904039485167408,0.2855114475061151,0.0,928.5497336288951,4200.0,928.5497336288951,6000.0,492.6919885558218,928.5497336288951,928.5497336288951,4200.0,1.0,0.0,0.0,0.0,0.0,0.0,928.5497336288951,6000.0,8593.158268812775,0.0,492.6919885558218,1.0,1.0,3.1338689373798874e-05,0.0,928.5497336288951,928.5497336288951,6190.331557525966,0.0385310916489772,-0.08849362608437956,0.02816637786518661,0.8129367876006064,-0.13958820176192907,6.0,1.0,56.0,62.0,56.0,44.0,56.0,19.0,1.0,6.0,0.0,0.0,536.4784094434823,0.0,11.378674444350281,536.4784094434823,525.0997349991321,0.0,536.4784094434823,0.0,1.6852601252787736,536.4784094434823,534.7931493182036,0.0,536.4784094434823,0.0,16.177078055834045,536.4784094434823,520.3013313876482,0.0,536.4784094434823,0.0,3.1312989463883696,536.4784094434823,539.6097083898708,0.0,0.04298587760602189,0.005617533750928866,0.0392379023696401,-0.009532907896206547,1.0,1500.0,1500.0,1500.0,1500.0,0.65,0.7745878710225889,0.0,0.029903311161776004,0.1,-0.9117661479638102,0.0,0.0011025454805185574,0.0,-0.0018044107459381565,0.0,-0.11725093991390807,0.07002409885549027,0.3169604862003773,-8.295456154883141e-05,0.0,0.05479148913780314,0.0,0.0,1.0,70.0,100.0,50.0,90.0,90.0,90.0,90.0,90.0,50.0,50.0,50.0,90.0,90.0,80.0,90.0,90.0,0.0,0.0,0.0,0.0,0.0,1.0,0.0,0.0,315.0,0.0545299276405692,0.0,1.0,998.0060267510038,928.5497336288951,633.1767140722716,928.5497336288951,928.5497336288951,928.5497336288951,0.0,0.0,0.0,1.0,0.0,0.0,0.0,928.5497336288951,928.5497336288951,0.0,928.5497336288951,928.5497336288951,928.5497336288951,0.0,160.0,224.14986987386524,227.38050687419405,0.0,2.0,2.207897200001753,928.5497336288951,51.0,1.0,3000.0,2904.7705033511743,63.0,66.0,0.65,0.65,1.6301519849416595,1.211940870712991,1950.0,2250.0,750.0,2250.0,,,56.0,56.0,62.0,50.0,56.0,56.0,38.0,74.0,62.0,50.0,0.0,0.0,0.0,0.0,0.0,975.0,750.0,975.0,1500.0,38,7020.0,70.0,70.0,90.0,70.0,90.0,90.0,90.0,90.0,90.0,50.0,70.0,50.0,50.0,90.0,90.0,80.0,90.0,90.0
951.5684027551225,4500.0,0.0,0.0,0.0,0.0,0.0,0.0,0.0,0.0,0.0,0.0,0.0,0.0,0.0,0.0,0.0,0.0,0.0,0.0,0.0,0.0,0.0,0.0,0.0,0.0,0.0,0.0,0.0,0.0,0.0,0.0,0.0,0.0,0.0,0.0,0.0,0.0,0.0,0.0,0.0,0.0,0.0,0.0,0.0,0.0,0.0,0.0,0.0,0.0,0.0,0.0,0.0,0.0,0.0,0.0,0.0,0.0,0.0,0.0,0.0,0.0,0.0,0.0,0.0,0.0,0.0,0.0,0.0,0.0,0.0,0.0,0.0,0.0,0.0,0.0,0.0,0.0,0.0,0.0,0.0,0.0,0.0,0.0,0.0,0.0,0.0,0.0,0.0,0.0,0.0,0.0,0.0,0.0,1142.058,951.5684027551225,-1622.8593926601125,6000.0,1200.0,3.0,107.03477583255156,230.24764983542323,123.21287400287167,8078.509788169669,0.983536417119635,0.0,256.31901727712966,504.64311878684555,951.5684027551225,4500.0,4.0,-1622.8593926601125,4500.0,464.1296207156456,951.5684027551225,951.5684027551225,4500.0,1.0,0.0,0.0,49.0,5.0,0.0,1.0,49.0,0.0,0.0,5.0,0.0,1.0,1.0,1240.0859714374362,-1622.8593926601125,4500.0,1.9479105861415746,inf,0.0,1.0,0.0,1.0,1.0,0.0,1.0,5.0,4.0,0.0,0.0,951.5684027551225,4.0,447.6199896162402,49.0,0.0,143.99368523320925,16.0,447.6199896162402,-1622.8593926601125,4500.0,951.5684027551225,4500.0,0.0,0.0,,,,,,,,,,,,,0.0,951.5684027551225,4500.0,16.0,-807.863344418904,4500.0,466.0775313017872,951.5684027551225,951.5684027551225,4500.0,1.0,0.0,0.0,-1622.8593926601125,4500.0,1.0,18.0,85.72342051782232,4.286171025891116,0.0,1240.0859714374362,0.0,1.0,0.0,1.0,1.0,1.0,1.0,0.0,0.0,0.0,0.0,0.0,1240.0859714374362,236.75046900571908,0.0,0.0,0.0,464.1296207156456,230.24764983542323,230.24764983542323,0.0,1.0,775.9563507217906,0.0,0.0,62.004298571871814,0.0,0.0,0.0,0.0,0.0,0.0,1240.0859714374362,1.0,0.0,1240.0859714374362,0.0,1.0,459.67838195717513,12803.0,12803.0,12803.0,5242.875,5242.875,5242.875,3732.4,3732.4,3732.4,3.0,21778.275,21778.275,21778.275,-1622.8593926601125,4500.0,1.0,0.0,220.0,0.0,3.301354651586692,1.0,0.0,3.301354651586692,0.1650677325793346,0.5,0.0,0.0,0.0,-1622.8593926601125,2585.4679367258723,-3315.000000000001,37566.666666666664,-22100.000000000004,5635.000000000001,0.15000000000000002,0.0,1018.0759001764532,657.0066135789427,1018.0759001764532,657.0066135789427,1.0,1.0,0.0,-807.863344418904,1.0,7444.6875,-5385.75562945936,1116.7031250000002,1.0,-1622.8593926601125,0.0,0.0,-1622.8593926601125,3732.4,1200.0,6000.0,4933.867429740866,0.5330990539837648,0.4669009460162352,6000.0,464.1296207156456,459.67838195717513,1.0,,951.5684027551225,,6000.0,1.0,,1.0,1.0,1240.0859714374362,,,0.0,0.0,230.24764983542323,76.74921661180774,951.5684027551225,0.0,2008.1852963300184,951.5684027551225,4500.0,71.49124891907816,1.0,0.0,0.0,-32.85746918146012,78.91682300190637,3.0,-2574.427795415235,-2574.427795415235,0.0,1.0,1.0,1.0,0.0,0.0,0.0,0.0,0.0,0.0,1.0,6.0,0.0,1.0,0.2515527950310557,0.10536916159054854,0.0,0.0,1.0,0.3250704529515608,0.3250704529515608,0.0,951.5684027551225,4500.0,-1622.8593926601125,4500.0,464.1296207156456,951.5684027551225,951.5684027551225,4500.0,1.0,0.0,0.0,0.0,0.0,0.0,-1622.8593926601125,4500.0,8078.509788169669,0.0,464.1296207156456,1.0,3.0,0.0005314330312764675,0.0,-1622.8593926601125,951.5684027551225,6343.789351700816,0.08875435649005962,-0.08340481818800613,0.020007189942302477,-0.21007783562207116,0.10573429512661944,6.0,1.0,56.0,62.0,56.0,38.0,62.0,20.0,1.0,6.0,0.0,0.0,444.70320184388845,0.0,0.9135200781640833,437.1715586498959,453.1483651160451,0.0,444.70320184388845,0.0,2.197646909869036,438.91369689822494,452.69035369942094,0.0,444.70320184388845,0.0,4.9034725723702195,439.31015655653476,454.99971970361236,0.0,444.70320184388845,0.0,9.240532222411503,444.70320184388845,453.9437340662999,0.0,-0.024864100041913178,-0.020584857588897783,-0.03001258868209542,-0.02782738869714495,1.0,975.0,750.0,975.0,1500.0,1.0,1.0,0.0,-0.020835285156309523,-0.012117603411354948,-0.03665778329334586,-0.006521351382356855,-0.006806260318239765,-0.0033760297565493145,-0.0032452383447122203,-0.0026247506087088367,-0.020785793490026093,-0.13427418236342065,-0.14319167635404143,-0.007756168202900681,-0.0071081827701164006,-0.008075230960795921,-0.0009453792657126315,-0.0008117876840714189,1.0,70.0,90.0,70.0,90.0,90.0,90.0,90.0,90.0,70.0,50.0,50.0,90.0,90.0,80.0,90.0,90.0,0.0,0.0,0.0,0.0,0.0,1.0,0.0,0.0,602.0,0.05529104804550466,0.0,1.0,1018.0759001764532,951.5684027551225,657.0066135789427,951.5684027551225,-1622.8593926601125,-1622.8593926601125,0.0,0.0,0.0,1.0,0.0,0.0,0.0,747.2739352283204,951.5684027551225,-2370.133327888433,951.5684027551225,951.5684027551225,-1622.8593926601125,204.29446752680212,128.0,230.24764983542323,233.57541581551334,0.0,3.0,3.4944066000025487,951.5684027551225,51.0,1.0,2398.9457429269414,2101.0542570730586,66.0,70.0,,,,,2398.9457429269414,2101.0542570730586,3000.0,3000.0,1.0,1.0,56.0,56.0,62.0,50.0,56.0,56.0,44.0,68.0,56.0,56.0,0.0,0.0,0.0,0.0,0.0,1199.4728714634707,1050.5271285365293,1199.4728714634707,1050.5271285365293,39,7200.0,70.0,70.0,90.0,70.0,90.0,90.0,90.0,90.0,90.0,70.0,70.0,100.0,100.0,90.0,90.0,80.0,90.0,90.0
920.2573501655886,4818.221030693506,0.0,0.0,0.0,0.0,0.0,0.0,0.0,0.0,0.0,0.0,0.0,0.0,0.0,0.0,0.0,0.0,0.0,0.0,0.0,0.0,0.0,0.0,0.0,0.0,0.0,0.0,0.0,0.0,0.0,0.0,0.0,0.0,0.0,0.0,0.0,0.0,0.0,0.0,0.0,0.0,0.0,0.0,0.0,0.0,0.0,0.0,0.0,0.0,0.0,0.0,0.0,0.0,0.0,0.0,0.0,0.0,0.0,0.0,0.0,0.0,0.0,0.0,0.0,0.0,0.0,0.0,0.0,0.0,0.0,0.0,0.0,0.0,0.0,0.0,0.0,0.0,0.0,0.0,0.0,0.0,0.0,0.0,0.0,0.0,0.0,0.0,0.0,0.0,0.0,0.0,0.0,0.0,1142.058,2774.0344182313247,-1719.823136454691,6000.0,1200.0,3.0,107.94417520269602,233.24642697009762,125.3022517674016,7373.3498848648205,0.9836744231335148,0.0,229.1751587423992,457.3922482723371,920.2573501655886,4818.221030693506,5.0,920.2573501655886,6000.0,429.8504136848189,920.2573501655886,920.2573501655886,4818.221030693506,1.0,0.0,0.0,50.0,6.0,1.0,0.0,75.0,0.0,0.0,11.0,1.0,1.0,1.0,453.7232665692731,920.2573501655886,6000.0,0.0,inf,0.0,1.0,0.0,1.0,1.0,1.0,0.0,6.0,4.0,0.0,0.0,920.2573501655886,18.0,396.5697708713758,50.0,0.0,140.68617205087241,39.0,396.5697708713758,920.2573501655886,6000.0,920.2573501655886,4818.221030693506,25.0,5.0,1.0,0.0,1.0,5.0,4.0,0.0,396.2683414524737,25.0,0.0,140.98760146977452,12.0,396.2683414524737,1.0,920.2573501655886,4818.221030693506,51.0,920.2573501655886,6000.0,429.8504136848189,920.2573501655886,920.2573501655886,4818.221030693506,0.0,0.0,1.0,920.2573501655886,6000.0,1.0,18.0,79.9719922946982,3.99859961473491,0.0,889.9573862357056,0.0,1.0,0.0,1.0,1.0,1.0,1.0,0.0,0.0,0.0,0.0,0.0,889.9573862357056,237.15367998365548,0.0,0.0,0.0,429.8504136848189,233.24642697009762,233.24642697009762,0.0,1.0,460.1069725508867,0.0,0.0,44.49786931178528,0.0,0.0,0.0,0.0,0.0,0.0,889.9573862357056,1.0,0.0,889.9573862357056,0.0,1.0,425.5267423113004,12803.0,11935.7,12803.0,5242.875,4887.7125,5242.875,3732.4,3479.5600000000004,3732.4,3.0,21778.275,20302.972500000003,21778.275,920.2573501655886,6000.0,1.0,0.0,220.0,0.0,6.501435175671418,1.0,0.0,6.501435175671418,0.3250717587835709,0.5,0.0,0.0,0.0,-1719.823136454691,2774.0344182313247,-3315.000000000001,37566.666666666664,-22100.000000000004,5635.000000000001,0.15000000000000002,0.0,1001.24161311324,677.0891209989218,1001.24161311324,677.0891209989218,1.0,1.0,0.0,-762.4417073001339,1.0,7046.408640682153,-5082.944715334225,1056.961296102323,1.0,920.2573501655886,0.0,0.0,920.2573501655886,3732.4,1200.0,6000.0,5700.0,0.4662105206906425,0.5337894793093576,6000.0,429.8504136848189,425.5267423113004,1.0,,920.2573501655886,,6000.0,1.0,,1.0,1.0,889.9573862357056,,,0.0,0.0,233.24642697009762,77.74880899003254,920.2573501655886,0.0,1899.7348403428641,920.2573501655886,4818.221030693506,73.59162572730745,1.0,0.0,0.0,-36.86168629565009,79.0512266612185,3.0,0.0,0.0,1181.7789693064942,1.0,0.0,1.0,0.0,0.0,0.0,0.0,0.0,0.0,1.0,6.0,0.0,1.0,0.2515527950310557,0.042400801446366376,0.0,0.0,1.0,0.37506741056319814,0.37506741056319814,0.0,920.2573501655886,4818.221030693506,920.2573501655886,6000.0,429.8504136848189,920.2573501655886,920.2573501655886,4818.221030693506,1.0,0.0,0.0,0.0,0.0,0.0,920.2573501655886,6000.0,7373.3498848648205,0.0,429.8504136848189,1.0,1.0,1.9088730674641408e-05,0.0,920.2573501655886,920.2573501655886,6135.049001103923,0.046518347678204806,-0.11364643061579568,0.028078834742550608,0.07287967917040176,-0.21492917354680982,6.0,1.0,56.0,62.0,56.0,44.0,56.0,21.0,1.0,6.0,1.0,0.0,406.63466797035005,1.0,46.87618307747027,447.1081524511024,413.037366567068,1.0,406.63466797035005,0.0,2.7936301818140237,399.8499520946558,416.21301402785826,0.0,406.63466797035005,1.0,69.20040509338912,468.80689489860487,413.66284613548436,1.0,406.63466797035005,0.0,1.017875650018368,396.70988857527294,417.5773230154456,0.0,0.04994352028065807,-0.022803597531327557,0.07089600961455846,-0.02950645091655292,1.0,1199.4728714634707,1050.5271285365293,1199.4728714634707,1050.5271285365293,0.6500000000000001,1.0,0.0,0.046451475521366345,-0.006018909951899331,-0.01774848479477598,-0.006674927750910342,-0.007451441411646442,-0.0020126361745973044,-0.049115267189071686,-0.001647971424833372,-0.012999198442627601,0.09351898453510331,0.09241104138533274,-0.011848834637356375,-0.012365993625067873,-0.025054870155125995,-0.006616411252250032,-0.005564532290858892,1.0,70.0,90.0,70.0,90.0,90.0,90.0,90.0,90.0,70.0,100.0,100.0,90.0,90.0,80.0,90.0,90.0,0.0,1.0,0.0,0.0,0.0,1.0,0.0,0.0,320.0,0.05370373363185326,0.0,1.0,1001.24161311324,920.2573501655886,677.0891209989218,920.2573501655886,920.2573501655886,920.2573501655886,0.0,0.0,0.0,1.0,0.0,0.0,0.0,920.2573501655886,920.2573501655886,0.0,920.2573501655886,920.2573501655886,920.2573501655886,0.0,160.0,233.24642697009762,236.49516719330515,0.0,2.0,2.141578599999775,920.2573501655886,51.0,1.0,2797.263124143855,3000.0,66.0,68.0,0.65,0.5473189104181218,1.8825760006243857,0.9526087278852869,1818.221030693506,3000.0,750.0,3000.0,,,56.0,56.0,62.0,50.0,56.0,56.0,50.0,62.0,62.0,50.0,0.0,0.0,0.0,0.0,0.0,909.110515346753,1500.0,909.110515346753,1500.0,40,7380.0,70.0,70.0,90.0,70.0,90.0,90.0,90.0,90.0,90.0,70.0,70.0,100.0,100.0,90.0,90.0,80.0,90.0,90.0
780.2593088969412,5500.0,0.0,0.0,0.0,0.0,0.0,0.0,0.0,0.0,0.0,0.0,0.0,0.0,0.0,0.0,0.0,0.0,0.0,0.0,0.0,0.0,0.0,0.0,0.0,0.0,0.0,0.0,0.0,0.0,0.0,0.0,0.0,0.0,0.0,0.0,0.0,0.0,0.0,0.0,0.0,0.0,0.0,0.0,0.0,0.0,0.0,0.0,0.0,0.0,0.0,0.0,0.0,0.0,0.0,0.0,0.0,0.0,0.0,0.0,0.0,0.0,0.0,0.0,0.0,0.0,0.0,0.0,0.0,0.0,0.0,0.0,0.0,0.0,0.0,0.0,0.0,0.0,0.0,0.0,0.0,0.0,0.0,0.0,0.0,0.0,0.0,0.0,0.0,0.0,0.0,0.0,0.0,0.0,1142.058,780.2593088969412,-1854.4055875449612,6000.0,1200.0,3.0,106.99627544871029,223.20168906574494,116.20541361703465,5920.7240213036075,0.9840784944840677,0.0,197.72517361111105,389.6556662880295,780.2593088969412,5500.0,13.0,-1854.4055875449612,5500.0,347.54061206653097,780.2593088969412,780.2593088969412,5500.0,1.0,0.0,0.0,49.0,5.0,0.0,1.0,49.0,0.0,0.0,5.0,0.0,1.0,1.0,350.3332056127928,-1854.4055875449612,5500.0,0.0,2.7925935462618554,0.0,1.0,0.0,1.0,1.0,0.0,1.0,5.0,4.0,0.0,0.0,780.2593088969412,13.0,342.1434706776307,49.0,0.0,152.17606418516806,29.0,342.1434706776307,-1854.4055875449612,5500.0,780.2593088969412,5500.0,0.0,0.0,,,,,,,,,,,,,0.0,780.2593088969412,5500.0,29.0,-1256.481534658837,5500.0,347.54061206653097,780.2593088969412,780.2593088969412,5500.0,1.0,0.0,0.0,-1854.4055875449612,5500.0,1.0,12.0,67.5512403809692,3.3775620190484603,0.0,350.3332056127928,0.0,1.0,0.0,1.0,1.0,1.0,1.0,0.0,0.0,0.0,0.0,0.0,350.3332056127928,222.2861859534773,0.0,1.0,0.0,347.54061206653097,223.20168906574494,223.20168906574494,0.0,1.0,2.7925935462618554,0.0,0.0,17.51666028063964,0.0,0.0,0.0,0.0,0.0,0.0,350.3332056127928,1.0,0.0,350.3332056127928,0.0,1.0,344.1630500474825,12803.0,8466.5,12803.0,5242.875,3467.0625,5242.875,3732.4,2468.2,3732.4,3.0,21778.275,14401.7625,21778.275,-1854.4055875449612,5500.0,1.0,0.0,220.0,0.0,0.0,1.0,0.0,0.0,0.0,0.5,0.0,0.0,0.0,-1854.4055875449612,2928.9868355440317,-3315.000000000001,37566.666666666664,-22100.000000000004,5635.000000000001,0.15000000000000002,0.0,854.9622699504791,616.0432890715983,854.9622699504791,616.0432890715983,1.0,1.0,0.0,-751.7935509922261,1.0,5908.001604976775,-5011.95700661484,886.2002407465163,1.0,-1854.4055875449612,0.0,0.0,-1854.4055875449612,3732.4,1200.0,6000.0,4169.414622692479,0.5328978150604649,0.4671021849395352,6000.0,347.54061206653097,344.1630500474825,1.0,,780.2593088969412,,6000.0,1.0,,1.0,1.0,350.3332056127928,,,0.0,0.0,223.20168906574494,74.40056302191498,780.2593088969412,0.0,1330.552971289032,780.2593088969412,5500.0,75.8604820004721,1.0,0.0,0.0,-37.803701044493664,74.09539531782576,3.0,-2634.6648964419023,-2634.6648964419023,0.0,1.0,1.0,1.0,0.0,0.0,0.0,0.0,0.0,0.0,1.0,6.0,0.0,1.0,0.2515527950310557,0.0,0.0,0.0,1.0,0.4301690318310333,0.4301690318310333,0.0,780.2593088969412,5500.0,-1854.4055875449612,5500.0,347.54061206653097,780.2593088969412,780.2593088969412,5500.0,1.0,0.0,0.0,0.0,0.0,0.0,-1854.4055875449612,5500.0,5920.7240213036075,0.0,347.54061206653097,1.0,3.0,0.000710147402222111,0.0,-1854.4055875449612,780.2593088969412,5201.728725979608,0.02884177012553598,-0.09501296022351055,0.030332531594657576,0.0016319786510411022,-0.10899628319656962,6.0,1.0,56.0,62.0,56.0,50.0,62.0,22.0,1.0,6.0,0.0,0.0,364.987627979786,0.0,0.365122950962359,355.4199024638786,374.9204764466557,0.0,364.987627979786,0.0,0.7658766819513403,364.987627979786,364.2217512978347,0.0,364.987627979786,0.0,1.270631138143699,354.3918749632772,376.85401213443845,0.0,364.987627979786,0.0,5.351472659182491,364.987627979786,370.33910063896843,0.0,-0.027351789860871754,-0.0003923141130950116,-0.032142129534891435,-0.026146163938246095,1.0,909.110515346753,1500.0,909.110515346753,1500.0,1.0,1.0,0.0,-0.00868547843528802,-0.0112360796687895,-0.015264611034911724,-0.01427752138542502,-0.01574764820258423,-0.01238753403430053,-0.011638930845185769,-0.009473009639145857,0.017583158537303235,0.09605103999854236,0.09993138525776431,-0.013928193526342624,-0.01077703776299259,0.023313787295530373,-0.0038193020363326727,-0.0029451568706889476,1.0,70.0,90.0,70.0,90.0,90.0,90.0,90.0,90.0,70.0,100.0,100.0,90.0,90.0,80.0,90.0,90.0,1.0,0.0,0.0,0.0,0.0,1.0,0.0,0.0,618.0,0.05259261354229728,0.0,1.0,854.9622699504791,780.2593088969412,616.0432890715983,780.2593088969412,-1854.4055875449612,-1854.4055875449612,0.0,0.0,0.0,1.0,0.0,0.0,0.0,675.7730342913185,780.2593088969412,-2530.1786218362795,780.2593088969412,780.2593088969412,-1854.4055875449612,104.48627460562273,144.0,223.20168906574494,226.3680717054835,0.0,3.0,3.420806800000719,780.2593088969412,51.0,1.0,2930.937982832557,2569.0620171674436,66.0,68.0,,,,,2930.937982832557,2569.0620171674436,3000.0,3000.0,1.0,1.0,56.0,56.0,62.0,50.0,56.0,56.0,56.0,56.0,62.0,50.0,0.0,0.0,0.0,0.0,0.0,1465.4689914162784,1284.5310085837218,1465.4689914162784,1284.5310085837218,41,7560.0,70.0,70.0,90.0,70.0,90.0,90.0,90.0,90.0,90.0,70.0,70.0,100.0,100.0,90.0,90.0,80.0,90.0,90.0
557.2523496076992,6000.0,0.0,0.0,0.0,0.0,0.0,0.0,0.0,0.0,0.0,0.0,0.0,0.0,0.0,0.0,0.0,0.0,0.0,0.0,0.0,0.0,0.0,0.0,0.0,0.0,0.0,0.0,0.0,0.0,0.0,0.0,0.0,0.0,0.0,0.0,0.0,0.0,0.0,0.0,0.0,0.0,0.0,0.0,0.0,0.0,0.0,0.0,0.0,0.0,0.0,0.0,0.0,0.0,0.0,0.0,0.0,0.0,0.0,0.0,0.0,0.0,0.0,0.0,0.0,0.0,0.0,0.0,0.0,0.0,0.0,0.0,0.0,0.0,0.0,0.0,0.0,0.0,0.0,0.0,0.0,0.0,0.0,0.0,0.0,0.0,0.0,0.0,0.0,0.0,0.0,0.0,0.0,0.0,1142.058,557.2523496076992,-1809.8918268455973,6000.0,1200.0,3.0,96.13370083904674,194.23465666766526,98.10095582861852,4639.473292949791,0.9846510293162855,0.0,161.2034722222222,326.6361811886785,557.2523496076992,6000.0,1000000.0,557.2523496076992,6000.0,282.37393386423844,557.2523496076992,557.2523496076992,6000.0,0.0,1.0,0.0,49.0,4.0,0.0,1.0,49.0,,0.0,4.0,0.0,,1.0,,,,4.039649064666207,4.039649064666207,0.0,1.0,0.0,,1.0,0.0,1.0,4.0,4.0,0.0,0.0,,0.0,280.8554514057717,49.0,0.0,148.72673185265865,16.0,280.8554514057717,,,,,0.0,0.0,,,,,,,,,,,,,0.0,557.2523496076992,5669.842490196811,0.0,557.2523496076992,6000.0,286.41358292890465,557.2523496076992,557.2523496076992,5669.842490196811,1.0,0.0,0.0,,,,12.0,96.0211497176095,4.8010574858804755,0.0,282.37393386423844,0.0,1.0,0.0,1.0,1.0,1.0,1.0,0.0,0.0,0.0,0.0,0.0,282.37393386423844,194.23465666766526,0.0,1.0,0.0,286.41358292890465,194.09861183084917,194.09861183084917,0.0,1.0,0.0,1.0,1.0,14.118696693211923,1.0,0.0,1.0,0.0,0.0,0.0,282.37393386423844,1.0,0.0,282.37393386423844,0.0,1.0,277.572876378358,11068.4,4997.299999999999,11068.4,4532.55,2046.4125,4532.55,3226.7200000000003,1456.84,3226.7200000000003,3.0,18827.670000000002,8500.5525,18827.670000000002,557.2523496076992,6000.0,0.0,0.0,220.0,0.0,0.0,1.0,0.0,0.0,0.0,0.5,0.010151243645834914,0.0,5.075621822917457,-1809.8918268455973,2821.9444563716925,-3315.000000000001,37566.666666666664,-22100.000000000004,5635.000000000001,,,,,,,,,,-637.5405318463994,1.0,4205.422453703703,-4250.270212309329,630.8133680555554,1.0,,,,,3226.7200000000003,1200.0,6000.0,2850.0,0.4449737483661352,0.5550262516338648,6000.0,282.37393386423844,277.572876378358,1.0,0.0,557.2523496076992,0.0,6000.0,1.0,1.0,1.0,1.0,282.37393386423844,557.2523496076992,6000.0,1.0,1.0,194.23465666766526,64.74488555588842,557.2523496076992,0.0,924.250209157953,557.2523496076992,6000.0,77.78877687859377,1.0,0.0,0.0,-28.028904872672427,64.74488555588842,3.0,,,,,,,,,,,,,,6.0,0.0,1.0,0.0819875776397514,0.08015018437943144,0.0,0.0,1.0,0.4378595862770096,0.4378595862770096,0.0,557.2523496076992,6000.0,557.2523496076992,6000.0,282.37393386423844,557.2523496076992,557.2523496076992,6000.0,0.0,1.0,0.0,1.0,0.0,0.0,,,4639.473292949791,0.0,282.37393386423844,0.0,5.0,0.010151243645834914,0.0,557.2523496076992,557.2523496076992,3715.0156640513273,0.02130571100476205,-0.07628080153938988,0.006806330767715234,-0.1427558100027495,-0.03361452561211742,6.0,1.0,56.0,62.0,56.0,56.0,62.0,23.0,1.0,6.0,0.0,0.0,279.170447000646,0.0,4.439986164634661,279.3422355543262,283.43864461160047,1.0,279.170447000646,0.0,5.227802513251618,278.6318734031977,284.9368231113459,0.0,279.170447000646,0.0,7.640362507106602,279.34945878180827,286.6317977265903,1.0,279.170447000646,0.0,6.3964002829966375,275.13860845410613,289.5986858301825,0.0,-0.02095049945443089,-0.010258685840955316,-0.039380202892129366,-0.026898251151642048,1.0,1465.4689914162784,1284.5310085837218,1465.4689914162784,1284.5310085837218,,,0.0,-0.040204345492624326,-0.03105822265438434,-0.03785454187674233,-0.011209786436583612,-0.014113874359489386,-0.00429287038816426,-0.0043073940028193645,-0.003552235182780805,-0.0060280672472043054,0.09054543403908467,0.08729307074154063,-0.014394278582755504,-0.018186122323733046,-0.026539304744487777,-0.009773748651721804,-0.008002174796297367,1.0,70.0,90.0,70.0,90.0,90.0,90.0,90.0,90.0,70.0,100.0,100.0,90.0,90.0,80.0,90.0,90.0,0.0,0.0,0.0,0.0,0.0,1.0,0.0,,957.0,0.05259261354229728,0.0,0.0,0.0,,0.0,,0.0,,0.0,0.0,0.0,1.0,0.0,0.0,0.0,0.0,,0.0,,557.2523496076992,0.0,557.2523496076992,160.0,194.23465666766526,196.7738167972514,0.0,2.0,5.117297100005089,557.2523496076992,51.0,1.0,,,66.0,68.0,,,,,,,,,1.0,1.0,56.0,56.0,62.0,50.0,56.0,56.0,62.0,50.0,62.0,50.0,0.0,0.0,0.0,0.0,0.0,1500.0,1500.0,1500.0,1500.0,42,7740.0,70.0,70.0,90.0,70.0,90.0,90.0,90.0,90.0,90.0,70.0,70.0,100.0,100.0,90.0,90.0,80.0,90.0,90.0
378.7448065942897,6000.0,0.0,0.0,0.0,0.0,0.0,0.0,0.0,0.0,0.0,0.0,0.0,0.0,0.0,0.0,0.0,0.0,0.0,0.0,0.0,0.0,0.0,0.0,0.0,0.0,0.0,0.0,0.0,0.0,0.0,0.0,0.0,0.0,0.0,0.0,0.0,0.0,0.0,0.0,0.0,0.0,0.0,0.0,0.0,0.0,0.0,0.0,0.0,0.0,0.0,0.0,0.0,0.0,0.0,0.0,0.0,0.0,0.0,0.0,0.0,0.0,0.0,0.0,0.0,0.0,0.0,0.0,0.0,0.0,0.0,0.0,0.0,0.0,0.0,0.0,0.0,0.0,0.0,0.0,0.0,0.0,0.0,0.0,0.0,0.0,0.0,0.0,0.0,0.0,0.0,0.0,0.0,0.0,1142.058,378.7448065942897,-1702.3437722798703,6000.0,1200.0,3.0,79.85269756905048,151.95015573727193,72.09745816822144,3476.365003950103,0.9854792064281066,0.0,118.45555555555555,248.54799295229057,378.7448065942897,6000.0,1000000.0,378.7448065942897,6000.0,217.26205805043904,378.7448065942897,378.7448065942897,6000.0,0.0,1.0,0.0,49.0,4.0,0.0,1.0,49.0,,0.0,4.0,0.0,,1.0,,,,1.6837075035281543,1.6837075035281543,0.0,1.0,0.0,,1.0,0.0,1.0,4.0,4.0,0.0,0.0,,0.0,216.16844678529054,49.0,0.0,136.20570812095588,16.0,216.16844678529054,,,,,0.0,0.0,,,,,,,,,,,,,0.0,378.7448065942897,5778.380259081279,0.0,378.7448065942897,6000.0,218.9457655539672,378.7448065942897,378.7448065942897,5778.380259081279,1.0,0.0,0.0,,,,12.0,64.37532451187404,3.2187662255937024,0.0,217.26205805043904,0.0,1.0,0.0,1.0,1.0,1.0,1.0,0.0,0.0,0.0,0.0,0.0,217.26205805043904,151.95015573727193,0.0,1.0,0.0,218.9457655539672,151.31002297062452,151.31002297062452,0.0,1.0,0.0,1.0,1.0,10.863102902521952,1.0,0.0,1.0,0.0,0.0,0.0,217.26205805043904,1.0,0.0,217.26205805043904,0.0,1.0,214.04329182484534,5864.599999999999,4130.0,5864.599999999999,2401.575,1691.25,2401.575,1709.6799999999998,1204.0,1709.6799999999998,3.0,9975.855,7025.25,9975.855,378.7448065942897,6000.0,0.0,0.0,220.0,0.0,0.0,1.0,0.0,0.0,0.0,0.5,0.026273918908600452,0.0,13.136959454300227,-1702.3437722798703,2575.1871720325476,-3315.000000000001,37566.666666666664,-22100.000000000004,5635.000000000001,,,,,,,,,,-584.9676795541119,1.0,3034.041666666666,-3899.7845303607455,455.10625,1.0,,,,,1709.6799999999998,1200.0,6000.0,3668.7286473489926,0.46306337651354657,0.5369366234864534,6000.0,217.26205805043904,214.04329182484534,1.0,0.0,378.7448065942897,0.0,6000.0,1.0,1.0,1.0,1.0,217.26205805043904,378.7448065942897,6000.0,1.0,1.0,151.95015573727193,50.650051912423976,378.7448065942897,0.0,641.3340610104771,378.7448065942897,6000.0,76.98292228254002,1.0,0.0,0.0,-9.048477126820046,50.650051912423976,3.0,,,,,,,,,,,,,,6.0,0.0,1.0,0.0,0.08952086592421438,0.0,0.0,1.0,0.40929042647497305,0.40929042647497305,0.0,378.7448065942897,6000.0,378.7448065942897,6000.0,217.26205805043904,378.7448065942897,378.7448065942897,6000.0,0.0,1.0,0.0,1.0,0.0,0.0,,,3476.365003950103,0.0,217.26205805043904,0.0,5.0,0.026273918908600452,0.0,378.7448065942897,378.7448065942897,2524.9653772952643,0.020014936954891573,-0.06600955790228509,0.022918814837246854,-0.04580757134568167,-0.015029727460680911,6.0,1.0,56.0,62.0,56.0,62.0,62.0,24.0,1.0,6.0,0.0,0.0,212.322972538447,0.0,1.7044563907584234,212.322972538447,214.02742892920543,0.0,212.322972538447,0.0,0.3760468028548303,212.322972538447,212.69901934130183,0.0,212.322972538447,0.0,7.111736455289872,212.322972538447,219.43470899373688,0.0,212.322972538447,0.0,3.51084133908671,212.322972538447,215.8338138775337,0.0,-0.01436425742408666,-0.0007075751622498197,-0.03874984267528208,-0.008676751803755801,1.0,1500.0,1500.0,1500.0,1500.0,,,0.0,-0.012390354343664003,-0.015164043868012556,-0.03509029738077949,-0.013362188783283102,-0.011998600068779909,-0.005471516428920608,-0.004606188957446376,-0.004468292971640153,-0.005847641875578092,0.09150494947014565,0.08997331195735433,-0.011666155105991649,-0.015555626965045557,-0.019765826190875656,-0.010295993587608975,-0.007881522606943215,1.0,70.0,90.0,70.0,90.0,90.0,90.0,90.0,90.0,70.0,100.0,100.0,90.0,90.0,80.0,90.0,90.0,0.0,0.0,0.0,0.0,0.0,1.0,0.0,,877.0,0.051814829479608096,0.0,0.0,0.0,,0.0,,0.0,,0.0,0.0,0.0,1.0,0.0,0.0,0.0,0.0,,0.0,,378.7448065942897,0.0,378.7448065942897,112.0,151.95015573727193,153.67386291699347,0.0,3.0,4.756123099999968,378.7448065942897,51.0,1.0,,,66.0,68.0,,,,,,,,,1.0,1.0,56.0,56.0,62.0,50.0,56.0,56.0,68.0,44.0,62.0,50.0,0.0,0.0,0.0,0.0,0.0,1500.0,1500.0,1500.0,1500.0,43,7920.0,70.0,70.0,90.0,70.0,90.0,90.0,90.0,90.0,90.0,70.0,70.0,100.0,100.0,90.0,90.0,80.0,90.0,90.0
207.1600945272552,6000.0,0.0,0.0,0.0,0.0,0.0,0.0,0.0,0.0,0.0,0.0,0.0,0.0,0.0,0.0,0.0,0.0,0.0,0.0,0.0,0.0,0.0,0.0,0.0,0.0,0.0,0.0,0.0,0.0,0.0,0.0,0.0,0.0,0.0,0.0,0.0,0.0,0.0,0.0,0.0,0.0,0.0,0.0,0.0,0.0,0.0,0.0,0.0,0.0,0.0,0.0,0.0,0.0,0.0,0.0,0.0,0.0,0.0,0.0,0.0,0.0,0.0,0.0,0.0,0.0,0.0,0.0,0.0,0.0,0.0,0.0,0.0,0.0,0.0,0.0,0.0,0.0,0.0,0.0,0.0,0.0,0.0,0.0,0.0,0.0,0.0,0.0,0.0,0.0,0.0,0.0,0.0,0.0,1142.058,207.1600945272552,-1396.4317775157363,6000.0,1200.0,3.0,59.894934450021935,109.90636325130767,50.01142880128573,2590.511699837085,0.9872059348414162,0.0,112.5,226.82125129826147,207.1600945272552,6000.0,1000000.0,207.1600945272552,6000.0,161.94255550435543,207.1600945272552,207.1600945272552,6000.0,0.0,1.0,0.0,49.0,4.0,0.0,1.0,49.0,,0.0,4.0,0.0,,1.0,,,,1.5061260024242245,1.5061260024242245,0.0,1.0,0.0,,1.0,0.0,1.0,4.0,4.0,0.0,0.0,,0.0,161.60472313238537,49.0,0.0,115.32480914313149,13.0,161.60472313238537,,,,,0.0,0.0,,,,,,,,,,,,,0.0,207.1600945272552,5835.199555357269,0.0,207.1600945272552,6000.0,163.44868150677965,207.1600945272552,207.1600945272552,5835.199555357269,1.0,0.0,0.0,,,,12.0,24.2108552251826,1.21054276125913,0.0,161.94255550435543,0.0,1.0,0.0,1.0,1.0,1.0,1.0,0.0,0.0,0.0,0.0,0.0,161.94255550435543,109.90636325130767,0.0,1.0,0.0,163.44868150677965,109.95120908829867,109.95120908829867,0.0,1.0,0.0,1.0,1.0,8.097127775217771,1.0,0.0,1.0,0.0,0.0,0.0,161.94255550435543,1.0,0.0,161.94255550435543,0.0,1.0,160.7320127430963,4130.0,4130.0,4130.0,1691.25,1691.25,1691.25,1204.0,1204.0,1204.0,3.0,7025.25,7025.25,7025.25,207.1600945272552,6000.0,0.0,0.0,220.0,0.0,0.0,1.0,0.0,0.0,0.0,0.5,0.029439089524020957,0.0,14.719544762010479,-1396.4317775157363,2071.987076609979,-3315.000000000001,37566.666666666664,-22100.000000000004,5635.000000000001,,,,,,,,,,-475.32052389297087,1.0,2409.148148148148,-3168.803492619805,361.3722222222222,1.0,,,,,1204.0,1200.0,6000.0,4719.303018686267,0.47253325922621137,0.5274667407737886,5874.950423725882,161.94255550435543,160.7320127430963,1.0,0.0,207.1600945272552,0.0,6000.0,1.0,1.0,1.0,1.0,161.94255550435543,207.1600945272552,6000.0,1.0,1.0,109.90636325130767,36.63545441710256,207.1600945272552,0.0,410.2090277602156,207.1600945272552,6000.0,67.11596774483199,1.0,1.0,1.0,13.448300841213808,36.63545441710256,3.0,,,,,,,,,,,,,,6.0,0.0,1.0,0.0,0.0,0.0,0.0,1.0,0.3243715572031862,0.3243715572031862,0.0,207.1600945272552,6000.0,207.1600945272552,6000.0,161.94255550435543,207.1600945272552,207.1600945272552,6000.0,0.0,1.0,0.0,1.0,0.0,0.0,,,2590.511699837085,0.0,161.94255550435543,0.0,5.0,0.029439089524020957,0.0,207.1600945272552,207.1600945272552,1381.067296848368,-0.027761842862839444,-0.0414783288157069,0.005600356568168355,0.09683772914856403,0.024687609583604463,6.0,1.0,56.0,62.0,56.0,68.0,62.0,25.0,1.0,6.0,0.0,0.0,158.90572721916112,0.0,1.3670635431589062,158.90572721916112,160.27279076232,0.0,158.90572721916112,0.0,0.08341568123648813,158.90572721916112,158.98914290039764,0.0,158.90572721916112,0.0,8.86685109548273,158.90572721916112,167.77257831464385,0.0,158.90572721916112,0.0,1.6901172367748813,158.90572721916112,160.595844455936,0.0,-0.005531414456276925,-0.0002780522707883885,-0.030628049079141278,-0.0023632029863493876,1.0,1500.0,1500.0,1500.0,1500.0,,,0.0,-0.01466707791506323,-0.018669269646392907,-0.0200334081523188,-0.014160752637884855,-0.01758353057262383,-0.009331572746569705,-0.008971815808669348,-0.007210220919142785,-0.007312905787293823,0.09242495082228572,0.09179466031256674,-0.007295434265334497,-0.00778762394467414,-0.011271185262186734,-0.008763706128845073,-0.006463683303096524,1.0,70.0,90.0,70.0,90.0,90.0,90.0,90.0,90.0,70.0,100.0,100.0,90.0,90.0,80.0,90.0,90.0,0.0,1.0,0.0,1.0,0.0,1.0,0.0,,941.0,0.051270380635725664,0.0,0.0,0.0,,0.0,,0.0,,0.0,0.0,0.0,1.0,0.0,0.0,0.0,0.0,,0.0,,207.1600945272552,0.0,207.1600945272552,152.0,109.90636325130767,110.04749164472251,0.0,2.0,5.023796499997843,207.1600945272552,51.0,1.0,,,66.0,68.0,,,,,,,,,1.0,1.0,56.0,56.0,62.0,50.0,56.0,56.0,68.0,44.0,62.0,50.0,0.0,0.0,0.0,0.0,0.0,1500.0,1500.0,1500.0,1500.0,44,8100.0,70.0,70.0,90.0,70.0,90.0,90.0,90.0,90.0,90.0,70.0,70.0,100.0,100.0,90.0,90.0,80.0,90.0,90.0
249.70646618670767,6000.0,0.0,0.0,0.0,0.0,0.0,0.0,0.0,0.0,0.0,0.0,0.0,0.0,0.0,0.0,0.0,0.0,0.0,0.0,0.0,0.0,0.0,0.0,0.0,0.0,0.0,0.0,0.0,0.0,0.0,0.0,0.0,0.0,0.0,0.0,0.0,0.0,0.0,0.0,0.0,0.0,0.0,0.0,0.0,0.0,0.0,0.0,0.0,0.0,0.0,0.0,0.0,0.0,0.0,0.0,0.0,0.0,0.0,0.0,0.0,0.0,0.0,0.0,0.0,0.0,0.0,0.0,0.0,0.0,0.0,0.0,0.0,0.0,0.0,0.0,0.0,0.0,0.0,0.0,0.0,0.0,0.0,0.0,0.0,0.0,0.0,0.0,0.0,0.0,0.0,0.0,0.0,0.0,1142.058,249.70646618670767,-1119.5200712988099,6000.0,1200.0,3.0,43.23282630795285,78.97457786317706,35.74175155522421,2034.4102990509905,0.9898663556734759,0.0,112.5,214.15033763722775,249.70646618670767,6000.0,1000000.0,249.70646618670767,6000.0,124.79497548999603,249.70646618670767,249.70646618670767,6000.0,0.0,1.0,0.0,49.0,4.0,0.0,1.0,49.0,,0.0,4.0,0.0,,1.0,,,,3.412886495718112,3.412886495718112,0.0,1.0,0.0,,1.0,0.0,1.0,4.0,4.0,0.0,0.0,,0.0,126.28933687942464,49.0,0.0,88.0596735632131,13.0,126.28933687942464,,,,,0.0,0.0,,,,,,,,,,,,,0.0,249.70646618670767,5652.919400917905,0.0,249.70646618670767,6000.0,128.20786198571415,249.70646618670767,249.70646618670767,5652.919400917905,1.0,0.0,0.0,,,,12.0,4.068654736741038,0.20343273683705193,0.0,124.79497548999603,0.0,1.0,0.0,1.0,1.0,1.0,1.0,0.0,0.0,0.0,0.0,0.0,124.79497548999603,78.97457786317706,0.0,1.0,0.0,128.20786198571415,80.04945417498061,80.04945417498061,0.0,1.0,0.0,1.0,1.0,6.239748774499802,1.0,0.0,1.0,0.0,0.0,1.0,124.79497548999603,1.0,0.0,124.79497548999603,0.0,1.0,124.59154275315898,4130.0,4130.0,4130.0,1691.25,1691.25,1691.25,1204.0,1204.0,1204.0,3.0,7025.25,7025.25,7025.25,249.70646618670767,6000.0,0.0,0.0,220.0,0.0,0.0,1.0,0.0,0.0,0.0,0.5,0.0427921490523083,0.0,21.39607452615415,-1119.5200712988099,1714.7359201709944,-3315.000000000001,37566.666666666664,-22100.000000000004,5635.000000000001,,,,,,,,,,-363.38914625781894,1.0,2430.5555555555557,-2422.594308385459,364.5833333333334,1.0,,,,,1204.0,1200.0,6000.0,4275.0,0.4421532334863175,0.5578467665136825,4892.929828532654,124.79497548999603,124.59154275315898,1.0,0.0,249.70646618670767,0.0,6000.0,1.0,1.0,1.0,1.0,124.79497548999603,249.70646618670767,6000.0,1.0,0.0,78.97457786317706,26.324859287725687,249.70646618670767,0.0,227.68418063608843,249.70646618670767,6000.0,50.23444542136502,1.0,1.0,1.0,27.09990437478055,26.324859287725687,3.0,,,,,,,,,,,,,,6.0,0.0,1.0,0.0,0.0,0.0,0.0,1.0,0.2561756825369899,0.2561756825369899,0.0,249.70646618670767,6000.0,249.70646618670767,6000.0,124.79497548999603,249.70646618670767,249.70646618670767,6000.0,0.0,1.0,0.0,1.0,0.0,0.0,,,2034.4102990509905,0.0,124.79497548999603,0.0,5.0,0.0427921490523083,0.0,249.70646618670767,249.70646618670767,1664.7097745780509,-0.027761842862839444,-0.0414783288157069,0.005600356568168355,0.09683772914856403,0.024687609583604463,6.0,1.0,56.0,62.0,56.0,68.0,62.0,25.0,0.0,6.0,0.0,0.0,158.90572721916112,0.0,1.3670635431589062,158.90572721916112,160.27279076232,0.0,158.90572721916112,0.0,0.08341568123648813,158.90572721916112,158.98914290039764,0.0,158.90572721916112,0.0,8.86685109548273,158.90572721916112,167.77257831464385,0.0,158.90572721916112,0.0,1.6901172367748813,158.90572721916112,160.595844455936,0.0,-0.005531414456276925,-0.0002780522707883885,-0.030628049079141278,-0.0023632029863493876,1.0,1500.0,1500.0,1500.0,1500.0,,,0.0,-0.01466707791506323,-0.018669269646392907,-0.0200334081523188,-0.014160752637884855,-0.01758353057262383,-0.009331572746569705,-0.008971815808669348,-0.007210220919142785,-0.007312905787293823,0.09242495082228572,0.09179466031256674,-0.007295434265334497,-0.00778762394467414,-0.011271185262186734,-0.008763706128845073,-0.006463683303096524,1.0,70.0,90.0,70.0,90.0,90.0,90.0,90.0,90.0,70.0,100.0,100.0,90.0,90.0,80.0,90.0,90.0,0.0,1.0,0.0,1.0,0.0,1.0,0.0,,922.0,0.050889266445007963,0.0,0.0,0.0,,0.0,,0.0,,0.0,0.0,0.0,1.0,0.0,0.0,0.0,0.0,,0.0,,249.70646618670767,0.0,249.70646618670767,136.0,78.97457786317706,79.4311948998403,0.0,3.0,4.935689999998431,249.70646618670767,51.0,1.0,,,66.0,68.0,,,,,,,,,1.0,1.0,56.0,56.0,62.0,50.0,56.0,56.0,68.0,44.0,62.0,50.0,0.0,0.0,0.0,0.0,0.0,1500.0,1500.0,1500.0,1500.0,45,8280.0,70.0,70.0,90.0,70.0,90.0,90.0,90.0,90.0,90.0,70.0,70.0,100.0,100.0,90.0,90.0,80.0,90.0,90.0
241.56004935827482,6000.0,0.0,0.0,0.0,0.0,0.0,0.0,0.0,0.0,0.0,0.0,0.0,0.0,0.0,0.0,0.0,0.0,0.0,0.0,0.0,0.0,0.0,0.0,0.0,0.0,0.0,0.0,0.0,0.0,0.0,0.0,0.0,0.0,0.0,0.0,0.0,0.0,0.0,0.0,0.0,0.0,0.0,0.0,0.0,0.0,0.0,0.0,0.0,0.0,0.0,0.0,0.0,0.0,0.0,0.0,0.0,0.0,0.0,0.0,0.0,0.0,0.0,0.0,0.0,0.0,0.0,0.0,0.0,0.0,0.0,0.0,0.0,0.0,0.0,0.0,0.0,0.0,0.0,0.0,0.0,0.0,0.0,0.0,0.0,0.0,0.0,0.0,0.0,0.0,0.0,0.0,0.0,0.0,1142.058,241.56004935827482,-704.8507307070017,6000.0,1200.0,3.0,31.0808238202214,59.85764098154161,28.776817161320203,1723.7986808819892,0.9932423760706853,0.0,112.5,211.58632423476098,241.56004935827482,6000.0,1000000.0,241.56004935827482,6000.0,103.22891940033851,241.56004935827482,241.56004935827482,6000.0,0.0,1.0,0.0,49.0,4.0,0.0,1.0,49.0,,0.0,4.0,0.0,,1.0,,,,5.383792861306603,5.383792861306603,0.0,1.0,0.0,,1.0,0.0,1.0,4.0,4.0,0.0,0.0,,0.0,106.79078448026198,49.0,0.0,59.447324267193295,13.0,106.79078448026198,,,,,0.0,0.0,,,,,,,,,,,,,0.0,241.56004935827482,5319.32830920328,0.0,241.56004935827482,6000.0,108.61271226164511,241.56004935827482,241.56004935827482,5319.32830920328,1.0,0.0,0.0,,,,12.0,0.0,0.0,0.0,103.22891940033851,0.0,1.0,0.0,1.0,1.0,1.0,1.0,0.0,0.0,0.0,0.0,0.0,103.22891940033851,59.85764098154161,0.0,1.0,0.0,108.61271226164511,62.63826749823538,62.63826749823538,0.0,1.0,0.0,1.0,1.0,5.161445970016926,1.0,0.0,1.0,0.0,0.0,1.0,103.22891940033851,1.0,0.0,103.22891940033851,0.0,1.0,103.22891940033851,4130.0,4130.0,4130.0,1691.25,1691.25,1691.25,1204.0,1204.0,1204.0,3.0,7025.25,7025.25,7025.25,241.56004935827482,6000.0,0.0,0.0,220.0,0.0,0.0,1.0,0.0,0.0,0.0,0.5,0.021258942362894405,0.0,10.629471181447203,-704.8507307070017,1072.0106683871763,-3315.000000000001,37566.666666666664,-22100.000000000004,5635.000000000001,,,,,,,,,,-294.9402150255152,1.0,2369.4444444444443,-1966.2681001701012,355.4166666666667,1.0,,,,,1204.0,1200.0,6000.0,4669.164062791198,0.3865547182005466,0.6134452817994535,3158.5015152285387,103.22891940033851,103.22891940033851,1.0,0.0,241.56004935827482,0.0,6000.0,1.0,1.0,1.0,1.0,103.22891940033851,241.56004935827482,6000.0,1.0,0.0,59.85764098154161,19.952546993847204,241.56004935827482,0.0,132.37982614156186,241.56004935827482,6000.0,35.6248678631143,1.0,1.0,1.0,28.003878850333848,19.952546993847204,3.0,,,,,,,,,,,,,,6.0,0.0,1.0,0.0,0.0,0.0,0.0,1.0,0.13572927189087072,0.13572927189087072,0.0,241.56004935827482,6000.0,241.56004935827482,6000.0,103.22891940033851,241.56004935827482,241.56004935827482,6000.0,0.0,1.0,0.0,1.0,0.0,0.0,,,1723.7986808819892,0.0,103.22891940033851,0.0,5.0,0.021258942362894405,0.0,241.56004935827482,241.56004935827482,1610.4003290551652,-0.027761842862839444,-0.0414783288157069,0.005600356568168355,0.09683772914856403,0.024687609583604463,6.0,1.0,56.0,62.0,56.0,68.0,62.0,25.0,0.0,6.0,0.0,0.0,158.90572721916112,0.0,1.3670635431589062,158.90572721916112,160.27279076232,0.0,158.90572721916112,0.0,0.08341568123648813,158.90572721916112,158.98914290039764,0.0,158.90572721916112,0.0,8.86685109548273,158.90572721916112,167.77257831464385,0.0,158.90572721916112,0.0,1.6901172367748813,158.90572721916112,160.595844455936,0.0,-0.005531414456276925,-0.0002780522707883885,-0.030628049079141278,-0.0023632029863493876,1.0,1500.0,1500.0,1500.0,1500.0,,,0.0,-0.01466707791506323,-0.018669269646392907,-0.0200334081523188,-0.014160752637884855,-0.01758353057262383,-0.009331572746569705,-0.008971815808669348,-0.007210220919142785,-0.007312905787293823,0.09242495082228572,0.09179466031256674,-0.007295434265334497,-0.00778762394467414,-0.011271185262186734,-0.008763706128845073,-0.006463683303096524,1.0,70.0,90.0,70.0,90.0,90.0,90.0,90.0,90.0,70.0,100.0,100.0,90.0,90.0,80.0,90.0,90.0,0.0,1.0,0.0,1.0,0.0,1.0,0.0,,962.0,0.05062248651150557,0.0,0.0,0.0,,0.0,,0.0,,0.0,0.0,0.0,1.0,0.0,0.0,0.0,0.0,,0.0,,241.56004935827482,0.0,241.56004935827482,160.0,59.85764098154161,60.32211638348922,0.0,2.0,5.137638100000913,241.56004935827482,51.0,1.0,,,66.0,68.0,,,,,,,,,1.0,1.0,56.0,56.0,62.0,50.0,56.0,56.0,68.0,44.0,62.0,50.0,0.0,0.0,0.0,0.0,0.0,1500.0,1500.0,1500.0,1500.0,46,8460.0,70.0,70.0,90.0,70.0,90.0,90.0,90.0,90.0,90.0,70.0,70.0,100.0,100.0,90.0,90.0,80.0,90.0,90.0
264.3165773160505,6000.0,0.0,0.0,0.0,0.0,0.0,0.0,0.0,0.0,0.0,0.0,0.0,0.0,0.0,0.0,0.0,0.0,0.0,0.0,0.0,0.0,0.0,0.0,0.0,0.0,0.0,0.0,0.0,0.0,0.0,0.0,0.0,0.0,0.0,0.0,0.0,0.0,0.0,0.0,0.0,0.0,0.0,0.0,0.0,0.0,0.0,0.0,0.0,0.0,0.0,0.0,0.0,0.0,0.0,0.0,0.0,0.0,0.0,0.0,0.0,0.0,0.0,0.0,0.0,0.0,0.0,0.0,0.0,0.0,0.0,0.0,0.0,0.0,0.0,0.0,0.0,0.0,0.0,0.0,0.0,0.0,0.0,0.0,0.0,0.0,0.0,0.0,0.0,0.0,0.0,0.0,0.0,0.0,1142.058,264.3165773160505,-567.2257600385185,6000.0,1200.0,3.0,23.290604257784373,48.99936396785348,25.70875971006911,1570.19888447935,0.996832184028579,0.0,112.5,211.21258302637193,264.3165773160505,6000.0,1000000.0,264.3165773160505,6000.0,92.27207505360717,264.3165773160505,264.3165773160505,6000.0,0.0,1.0,0.0,49.0,4.0,0.0,1.0,49.0,,0.0,4.0,0.0,,1.0,,,,1.0769156324723212,1.0769156324723212,0.0,1.0,0.0,,1.0,0.0,1.0,4.0,4.0,0.0,0.0,,0.0,91.4327048065759,49.0,0.0,48.860160445316595,13.0,91.4327048065759,,,,,0.0,0.0,,,,,,,,,,,,,0.0,264.3165773160505,5622.688029089955,0.0,264.3165773160505,6000.0,93.34899068607949,264.3165773160505,264.3165773160505,5622.688029089955,1.0,0.0,0.0,,,,12.0,0.0,0.0,0.0,92.27207505360717,0.0,1.0,0.0,1.0,1.0,1.0,1.0,0.0,0.0,0.0,0.0,0.0,92.27207505360717,48.99936396785348,0.0,1.0,0.0,93.34899068607949,50.05726517967892,50.05726517967892,0.0,1.0,0.0,1.0,1.0,4.613603752680358,1.0,0.0,1.0,0.0,0.0,1.0,92.27207505360717,1.0,0.0,92.27207505360717,0.0,1.0,92.27207505360717,4130.0,4130.0,4130.0,1691.25,1691.25,1691.25,1204.0,1204.0,1204.0,3.0,7025.25,7025.25,7025.25,264.3165773160505,6000.0,0.0,0.0,220.0,0.0,0.0,1.0,0.0,0.0,0.0,0.5,0.03793120083413974,0.0,18.965600417069872,-567.2257600385185,937.4583448623623,-3315.000000000001,37566.666666666664,-22100.000000000004,5635.000000000001,,,,,,,,,,-232.12895516495308,1.0,2430.5555555555557,-1547.5263677663536,364.5833333333334,1.0,,,,,1204.0,1200.0,6000.0,3856.440744508289,0.43711467151499245,0.5628853284850076,2769.2273221948954,92.27207505360717,92.27207505360717,1.0,0.0,264.3165773160505,0.0,6000.0,1.0,1.0,1.0,1.0,92.27207505360717,264.3165773160505,6000.0,1.0,0.0,48.99936396785348,16.333121322617828,264.3165773160505,0.0,56.0400996879573,264.3165773160505,6000.0,25.27705778365079,1.0,1.0,1.0,19.932224299587105,16.333121322617828,3.0,,,,,,,,,,,,,,6.0,0.0,1.0,0.0,0.0,0.0,0.0,1.0,0.10869634181908998,0.10869634181908998,0.0,264.3165773160505,6000.0,264.3165773160505,6000.0,92.27207505360717,264.3165773160505,264.3165773160505,6000.0,0.0,1.0,0.0,1.0,0.0,0.0,,,1570.19888447935,0.0,92.27207505360717,0.0,5.0,0.03793120083413974,0.0,264.3165773160505,264.3165773160505,1762.1105154403363,-0.027761842862839444,-0.0414783288157069,0.005600356568168355,0.09683772914856403,0.024687609583604463,6.0,1.0,56.0,62.0,56.0,68.0,62.0,25.0,0.0,6.0,0.0,0.0,158.90572721916112,0.0,1.3670635431589062,158.90572721916112,160.27279076232,0.0,158.90572721916112,0.0,0.08341568123648813,158.90572721916112,158.98914290039764,0.0,158.90572721916112,0.0,8.86685109548273,158.90572721916112,167.77257831464385,0.0,158.90572721916112,0.0,1.6901172367748813,158.90572721916112,160.595844455936,0.0,-0.005531414456276925,-0.0002780522707883885,-0.030628049079141278,-0.0023632029863493876,1.0,1500.0,1500.0,1500.0,1500.0,,,0.0,-0.01466707791506323,-0.018669269646392907,-0.0200334081523188,-0.014160752637884855,-0.01758353057262383,-0.009331572746569705,-0.008971815808669348,-0.007210220919142785,-0.007312905787293823,0.09242495082228572,0.09179466031256674,-0.007295434265334497,-0.00778762394467414,-0.011271185262186734,-0.008763706128845073,-0.006463683303096524,1.0,70.0,90.0,70.0,90.0,90.0,90.0,90.0,90.0,70.0,100.0,100.0,90.0,90.0,80.0,90.0,90.0,0.0,1.0,0.0,1.0,0.0,1.0,0.0,,925.0,0.050435740558053895,0.0,0.0,0.0,,0.0,,0.0,,0.0,0.0,0.0,1.0,0.0,0.0,0.0,0.0,,0.0,,264.3165773160505,0.0,264.3165773160505,136.0,48.99936396785348,49.19519563649828,0.0,3.0,5.262792599998647,264.3165773160505,51.0,1.0,,,66.0,68.0,,,,,,,,,1.0,1.0,56.0,56.0,62.0,50.0,56.0,56.0,68.0,44.0,62.0,50.0,0.0,0.0,0.0,0.0,0.0,1500.0,1500.0,1500.0,1500.0,47,8640.0,70.0,70.0,90.0,70.0,90.0,90.0,90.0,90.0,90.0,70.0,70.0,100.0,100.0,90.0,90.0,80.0,90.0,90.0
272.03851819606405,6000.0,0.0,0.0,0.0,0.0,0.0,0.0,0.0,0.0,0.0,0.0,0.0,0.0,0.0,0.0,0.0,0.0,0.0,0.0,0.0,0.0,0.0,0.0,0.0,0.0,0.0,0.0,0.0,0.0,0.0,0.0,0.0,0.0,0.0,0.0,0.0,0.0,0.0,0.0,0.0,0.0,0.0,0.0,0.0,0.0,0.0,0.0,0.0,0.0,0.0,0.0,0.0,0.0,0.0,0.0,0.0,0.0,0.0,0.0,0.0,0.0,0.0,0.0,0.0,0.0,0.0,0.0,0.0,0.0,0.0,0.0,0.0,0.0,0.0,0.0,0.0,0.0,0.0,0.0,0.0,0.0,0.0,0.0,0.0,0.0,0.0,0.0,0.0,0.0,0.0,0.0,0.0,0.0,1142.058,272.03851819606405,-409.0794812529581,6000.0,1200.0,3.0,18.83411748868181,43.7010974665171,24.866979977835292,1499.0298976211332,1.0006921192715106,0.0,112.5,210.44170170208153,272.03851819606405,6000.0,1000000.0,272.03851819606405,6000.0,86.85419794609088,272.03851819606405,272.03851819606405,6000.0,0.0,1.0,0.0,49.0,4.0,0.0,1.0,49.0,,0.0,4.0,0.0,,1.0,,,,0.11026660641809372,0.11026660641809372,0.0,1.0,0.0,,1.0,0.0,1.0,4.0,4.0,0.0,0.0,,0.0,85.14573571521308,49.0,0.0,38.4183583594,13.0,85.14573571521308,,,,,0.0,0.0,,,,,,,,,,,,,0.0,272.03851819606405,5816.908526932993,0.0,272.03851819606405,6000.0,86.96446455250897,272.03851819606405,272.03851819606405,5816.908526932993,1.0,0.0,0.0,,,,12.0,0.0,0.0,0.0,86.85419794609088,0.0,1.0,0.0,1.0,1.0,1.0,1.0,0.0,0.0,0.0,0.0,0.0,86.85419794609088,43.7010974665171,0.0,1.0,0.0,86.96446455250897,43.80849694265477,43.80849694265477,0.0,1.0,0.0,1.0,1.0,4.342709897304544,1.0,0.0,1.0,0.0,0.0,0.0,86.85419794609088,1.0,0.0,86.85419794609088,0.0,1.0,86.85419794609088,4130.0,4130.0,4130.0,1691.25,1691.25,1691.25,1204.0,1204.0,1204.0,3.0,7025.25,7025.25,7025.25,272.03851819606405,6000.0,0.0,0.0,220.0,0.0,0.0,1.0,0.0,0.0,0.0,0.5,0.019851587150477964,0.0,9.925793575238982,-409.0794812529581,688.5320564379051,-3315.000000000001,37566.666666666664,-22100.000000000004,5635.000000000001,,,,,,,,,,-213.38290395955096,1.0,2369.4444444444443,-1422.552693063673,355.4166666666667,1.0,,,,,1204.0,1200.0,6000.0,4651.480742739376,0.4694847544888321,0.5305152455111679,2112.568216438639,86.85419794609088,86.85419794609088,1.0,0.0,272.03851819606405,0.0,6000.0,1.0,1.0,1.0,1.0,86.85419794609088,272.03851819606405,6000.0,1.0,1.0,43.7010974665171,14.567032488839033,272.03851819606405,0.0,13.032397500406598,272.03851819606405,6000.0,19.346659069269375,1.0,1.0,1.0,11.37700435142466,14.567032488839033,3.0,,,,,,,,,,,,,,6.0,0.0,1.0,0.0,0.0,0.0,0.0,1.0,0.06309501503046105,0.06309501503046105,0.0,272.03851819606405,6000.0,272.03851819606405,6000.0,86.85419794609088,272.03851819606405,272.03851819606405,6000.0,0.0,1.0,0.0,1.0,0.0,0.0,,,1499.0298976211332,0.0,86.85419794609088,0.0,5.0,0.019851587150477964,0.0,272.03851819606405,272.03851819606405,1813.5901213070933,-0.027761842862839444,-0.0414783288157069,0.005600356568168355,0.09683772914856403,0.024687609583604463,6.0,1.0,56.0,62.0,56.0,68.0,62.0,25.0,0.0,6.0,0.0,0.0,158.90572721916112,0.0,1.3670635431589062,158.90572721916112,160.27279076232,0.0,158.90572721916112,0.0,0.08341568123648813,158.90572721916112,158.98914290039764,0.0,158.90572721916112,0.0,8.86685109548273,158.90572721916112,167.77257831464385,0.0,158.90572721916112,0.0,1.6901172367748813,158.90572721916112,160.595844455936,0.0,-0.005531414456276925,-0.0002780522707883885,-0.030628049079141278,-0.0023632029863493876,1.0,1500.0,1500.0,1500.0,1500.0,,,0.0,-0.01466707791506323,-0.018669269646392907,-0.0200334081523188,-0.014160752637884855,-0.01758353057262383,-0.009331572746569705,-0.008971815808669348,-0.007210220919142785,-0.007312905787293823,0.09242495082228572,0.09179466031256674,-0.007295434265334497,-0.00778762394467414,-0.011271185262186734,-0.008763706128845073,-0.006463683303096524,1.0,70.0,90.0,70.0,90.0,90.0,90.0,90.0,90.0,70.0,100.0,100.0,90.0,90.0,80.0,90.0,90.0,0.0,1.0,0.0,1.0,0.0,1.0,0.0,,990.0,0.050305018390637724,0.0,0.0,0.0,,0.0,,0.0,,0.0,0.0,0.0,1.0,0.0,0.0,0.0,0.0,,0.0,,272.03851819606405,0.0,272.03851819606405,160.0,43.7010974665171,44.053523925361745,0.0,2.0,5.604341400001431,272.03851819606405,51.0,1.0,,,66.0,68.0,,,,,,,,,1.0,1.0,56.0,56.0,62.0,50.0,56.0,56.0,68.0,44.0,62.0,50.0,0.0,0.0,0.0,0.0,0.0,1500.0,1500.0,1500.0,1500.0,48,8820.0,70.0,70.0,90.0,70.0,90.0,90.0,90.0,90.0,90.0,70.0,70.0,100.0,100.0,90.0,90.0,80.0,90.0,90.0
266.67909079496974,6000.0,0.0,0.0,0.0,0.0,0.0,0.0,0.0,0.0,0.0,0.0,0.0,0.0,0.0,0.0,0.0,0.0,0.0,0.0,0.0,0.0,0.0,0.0,0.0,0.0,0.0,0.0,0.0,0.0,0.0,0.0,0.0,0.0,0.0,0.0,0.0,0.0,0.0,0.0,0.0,0.0,0.0,0.0,0.0,0.0,0.0,0.0,0.0,0.0,0.0,0.0,0.0,0.0,0.0,0.0,0.0,0.0,0.0,0.0,0.0,0.0,0.0,0.0,0.0,0.0,0.0,0.0,0.0,0.0,0.0,0.0,0.0,0.0,0.0,0.0,0.0,0.0,0.0,0.0,0.0,0.0,0.0,0.0,0.0,0.0,0.0,0.0,0.0,0.0,0.0,0.0,0.0,0.0,1142.058,266.67909079496974,-219.17399572633627,6000.0,1200.0,3.0,16.887957460812686,41.55259743074038,24.66463996992769,1481.0944640247913,1.0029769818474903,0.0,112.5,210.28794831480909,266.67909079496974,6000.0,1000000.0,266.67909079496974,6000.0,84.81122291255471,266.67909079496974,266.67909079496974,6000.0,0.0,1.0,0.0,49.0,4.0,0.0,1.0,49.0,,0.0,4.0,0.0,,1.0,,,,0.0040409003885031325,0.0040409003885031325,0.0,1.0,0.0,,1.0,0.0,1.0,4.0,4.0,0.0,0.0,,0.0,82.90068320241618,49.0,0.0,27.06700403525805,13.0,82.90068320241618,,,,,0.0,0.0,,,,,,,,,,,,,0.0,266.67909079496974,5847.78118612513,0.0,266.67909079496974,6000.0,84.81526381294321,266.67909079496974,266.67909079496974,5847.78118612513,1.0,0.0,0.0,,,,12.0,0.0,0.0,0.0,84.81122291255471,0.0,1.0,0.0,1.0,1.0,1.0,1.0,0.0,0.0,0.0,0.0,0.0,84.81122291255471,41.55259743074038,0.0,1.0,0.0,84.81526381294321,41.55430841270221,41.55430841270221,0.0,1.0,0.0,1.0,1.0,4.240561145627736,1.0,0.0,1.0,0.0,0.0,0.0,84.81122291255471,1.0,0.0,84.81122291255471,0.0,1.0,84.81122291255471,4130.0,4130.0,4130.0,1691.25,1691.25,1691.25,1204.0,1204.0,1204.0,3.0,7025.25,7025.25,7025.25,266.67909079496974,6000.0,0.0,0.0,220.0,0.0,0.0,1.0,0.0,0.0,0.0,0.5,0.007573720693479334,0.0,3.786860346739667,-219.17399572633627,378.67581045459707,-3315.000000000001,37566.666666666664,-22100.000000000004,5635.000000000001,,,,,,,,,,-210.87392602678966,1.0,2430.5555555555557,-1405.8261735119308,364.5833333333334,1.0,,,,,1204.0,1200.0,6000.0,3313.9835975873657,0.47463019768752174,0.5253698023124782,1242.5039140889298,84.81122291255471,84.81122291255471,1.0,0.0,266.67909079496974,0.0,6000.0,1.0,1.0,1.0,1.0,84.81122291255471,266.67909079496974,6000.0,1.0,1.0,41.55259743074038,13.850865810246793,266.67909079496974,0.0,13.028841266497013,266.67909079496974,6000.0,15.95918517431764,1.0,1.0,1.0,4.644931141403326,13.850865810246793,3.0,,,,,,,,,,,,,,6.0,0.0,1.0,0.0,0.0,0.0,0.0,1.0,0.0026738829228423423,0.0026738829228423423,0.0,266.67909079496974,6000.0,266.67909079496974,6000.0,84.81122291255471,266.67909079496974,266.67909079496974,6000.0,0.0,1.0,0.0,1.0,0.0,0.0,,,1481.0944640247913,0.0,84.81122291255471,0.0,5.0,0.007573720693479334,0.0,266.67909079496974,266.67909079496974,1777.860605299798,-0.027761842862839444,-0.0414783288157069,0.005600356568168355,0.09683772914856403,0.024687609583604463,6.0,1.0,56.0,62.0,56.0,68.0,62.0,25.0,0.0,6.0,0.0,0.0,158.90572721916112,0.0,1.3670635431589062,158.90572721916112,160.27279076232,0.0,158.90572721916112,0.0,0.08341568123648813,158.90572721916112,158.98914290039764,0.0,158.90572721916112,0.0,8.86685109548273,158.90572721916112,167.77257831464385,0.0,158.90572721916112,0.0,1.6901172367748813,158.90572721916112,160.595844455936,0.0,-0.005531414456276925,-0.0002780522707883885,-0.030628049079141278,-0.0023632029863493876,1.0,1500.0,1500.0,1500.0,1500.0,,,0.0,-0.01466707791506323,-0.018669269646392907,-0.0200334081523188,-0.014160752637884855,-0.01758353057262383,-0.009331572746569705,-0.008971815808669348,-0.007210220919142785,-0.007312905787293823,0.09242495082228572,0.09179466031256674,-0.007295434265334497,-0.00778762394467414,-0.011271185262186734,-0.008763706128845073,-0.006463683303096524,1.0,70.0,90.0,70.0,90.0,90.0,90.0,90.0,90.0,70.0,100.0,100.0,90.0,90.0,80.0,90.0,90.0,0.0,1.0,0.0,1.0,0.0,1.0,0.0,,943.0,0.0502135128734464,0.0,0.0,0.0,,0.0,,0.0,,0.0,0.0,0.0,1.0,0.0,0.0,0.0,0.0,,0.0,,266.67909079496974,0.0,266.67909079496974,136.0,41.55259743074038,41.7525527436714,0.0,3.0,5.063187799998559,266.67909079496974,51.0,1.0,,,66.0,68.0,,,,,,,,,1.0,1.0,56.0,56.0,62.0,50.0,56.0,56.0,68.0,44.0,62.0,50.0,0.0,0.0,0.0,0.0,0.0,1500.0,1500.0,1500.0,1500.0,49,9000.0,70.0,70.0,90.0,70.0,90.0,90.0,90.0,90.0,90.0,70.0,70.0,100.0,100.0,90.0,90.0,80.0,90.0,90.0
276.3597201815968,6000.0,0.0,0.0,0.0,0.0,0.0,0.0,0.0,0.0,0.0,0.0,0.0,0.0,0.0,0.0,0.0,0.0,0.0,0.0,0.0,0.0,0.0,0.0,0.0,0.0,0.0,0.0,0.0,0.0,0.0,0.0,0.0,0.0,0.0,0.0,0.0,0.0,0.0,0.0,0.0,0.0,0.0,0.0,0.0,0.0,0.0,0.0,0.0,0.0,0.0,0.0,0.0,0.0,0.0,0.0,0.0,0.0,0.0,0.0,0.0,0.0,0.0,0.0,0.0,0.0,0.0,0.0,0.0,0.0,0.0,0.0,0.0,0.0,0.0,0.0,0.0,0.0,0.0,0.0,0.0,0.0,0.0,0.0,0.0,0.0,0.0,0.0,0.0,0.0,0.0,0.0,0.0,0.0,1142.058,373.1801762948324,-218.56038336252635,6000.0,1200.0,3.0,16.62181793948878,41.35833498020171,24.736517040712933,1480.5772927614435,1.0043568281047868,0.0,112.5,210.2005702670707,276.3597201815968,6000.0,1000000.0,276.3597201815968,6000.0,84.50755534982822,276.3597201815968,276.3597201815968,6000.0,0.0,1.0,0.0,50.0,5.0,1.0,0.0,75.0,,0.0,9.0,1.0,,1.0,,,,0.0006081464336915587,inf,0.0,1.0,0.0,,1.0,1.0,0.0,5.0,4.0,0.0,0.0,,1.0,82.68978477600021,50.0,0.0,26.195290421199417,3.0,82.68978477600021,,,,,25.0,4.0,1.0,0.0,1.0,4.0,4.0,1.0,82.68978477600021,25.0,0.0,26.195290421199417,14.0,82.68978477600021,1.0,276.3597201815968,5968.053038844963,1.0,-218.56038336252635,6000.0,84.50816349626191,276.3597201815968,276.3597201815968,5968.053038844963,1.0,0.0,0.0,,,,12.0,0.0,0.0,0.0,84.50755534982822,0.0,1.0,0.0,1.0,1.0,1.0,1.0,0.0,0.0,0.0,0.0,0.0,84.50755534982822,41.35833498020171,0.0,1.0,0.0,84.50816349626191,41.35857400646621,41.35857400646621,0.0,1.0,0.0,1.0,1.0,4.225377767491412,1.0,0.0,1.0,0.0,0.0,0.0,84.50755534982822,1.0,0.0,84.50755534982822,0.0,1.0,84.50755534982822,4130.0,4130.0,4130.0,1691.25,1691.25,1691.25,1204.0,1204.0,1204.0,3.0,7025.25,7025.25,7025.25,276.3597201815968,6000.0,0.0,0.0,220.0,0.0,0.0,1.0,0.0,0.0,0.0,0.5,0.00878472851544463,0.0,4.392364257722315,-218.56038336252635,373.1801762948324,-3315.000000000001,37566.666666666664,-22100.000000000004,5635.000000000001,,,,,,,,,,-208.10703513205766,1.0,2369.4444444444443,-1387.3802342137176,355.4166666666667,1.0,,,,,1204.0,1200.0,6000.0,4282.05754078985,0.4946755064741606,0.5053244935258395,1252.449758720654,84.50755534982822,84.50755534982822,1.0,0.0,276.3597201815968,0.0,6000.0,1.0,1.0,1.0,1.0,84.50755534982822,276.3597201815968,6000.0,1.0,1.0,41.35833498020171,13.786111660067236,276.3597201815968,0.0,13.027057978096611,276.3597201815968,6000.0,14.177447886242062,1.0,1.0,1.0,0.2571705459550486,13.786111660067236,3.0,,,,,,,,,,,,,,6.0,0.0,1.0,0.0,0.0,0.0,0.0,1.0,0.0033645665778231923,0.0033645665778231923,0.0,276.3597201815968,6000.0,276.3597201815968,6000.0,84.50755534982822,276.3597201815968,276.3597201815968,6000.0,0.0,1.0,0.0,1.0,0.0,0.0,,,1480.5772927614435,0.0,84.50755534982822,0.0,5.0,0.00878472851544463,0.0,276.3597201815968,276.3597201815968,1842.3981345439784,-0.019580514604928063,-0.01581593105932594,0.0024500388957801964,0.044650179800359464,0.020815388106589505,6.0,1.0,56.0,62.0,56.0,68.0,62.0,26.0,1.0,6.0,0.0,0.0,82.68922408878085,0.0,0.025531319929740448,82.68922408878085,82.71475540871057,0.0,82.68922408878085,0.0,0.019330751297417237,82.68922408878085,82.70855484007826,0.0,82.68922408878085,0.0,0.012608866362000981,82.68922408878085,82.70183295514285,0.0,82.68922408878085,0.0,0.012470179320160923,82.68922408878085,82.70169426810102,0.0,-8.510439976575413e-05,-6.443583765805746e-05,-4.202955454000327e-05,-4.156726440058378e-05,1.0,1500.0,1500.0,1500.0,1500.0,,,0.0,-0.008609689233998097,-0.008556668360129648,-0.012599264285356073,-0.010870239965529292,-0.011556281627214827,-0.01133653670113608,-0.010331554275417078,-0.00798365483011567,-0.007827507930302601,0.09345824884764796,0.09236411623025535,-0.009864932693633843,-0.01126950805531921,-0.01472571160049294,-0.010336730396118909,-0.007856532182110777,1.0,70.0,90.0,70.0,90.0,90.0,90.0,90.0,90.0,70.0,100.0,100.0,90.0,90.0,80.0,90.0,90.0,1.0,1.0,1.0,1.0,0.0,1.0,0.0,,989.0,0.050149459011412476,0.0,0.0,0.0,,0.0,,0.0,,0.0,0.0,0.0,1.0,0.0,0.0,0.0,0.0,,0.0,,276.3597201815968,0.0,276.3597201815968,160.0,41.35833498020171,42.076547844221935,0.0,2.0,5.1344284000078915,276.3597201815968,51.0,1.0,,,66.0,68.0,,,,,,,,,1.0,1.0,56.0,56.0,62.0,50.0,56.0,56.0,68.0,44.0,62.0,50.0,0.0,0.0,0.0,0.0,0.0,1500.0,1500.0,1500.0,1500.0,50,9180.0,70.0,70.0,90.0,70.0,90.0,90.0,90.0,90.0,90.0,70.0,70.0,100.0,100.0,90.0,90.0,80.0,90.0,90.0
266.90192959079894,6000.0,0.0,0.0,0.0,0.0,0.0,0.0,0.0,0.0,0.0,0.0,0.0,0.0,0.0,0.0,0.0,0.0,0.0,0.0,0.0,0.0,0.0,0.0,0.0,0.0,0.0,0.0,0.0,0.0,0.0,0.0,0.0,0.0,0.0,0.0,0.0,0.0,0.0,0.0,0.0,0.0,0.0,0.0,0.0,0.0,0.0,0.0,0.0,0.0,0.0,0.0,0.0,0.0,0.0,0.0,0.0,0.0,0.0,0.0,0.0,0.0,0.0,0.0,0.0,0.0,0.0,0.0,0.0,0.0,0.0,0.0,0.0,0.0,0.0,0.0,0.0,0.0,0.0,0.0,0.0,0.0,0.0,0.0,0.0,0.0,0.0,0.0,0.0,0.0,0.0,0.0,0.0,0.0,1142.058,266.90192959079894,-218.94650825441855,6000.0,1200.0,3.0,16.705395723952464,41.33474725106328,24.629351527110817,1480.4682068282468,1.0042341037592921,0.0,112.5,210.19180101665552,266.90192959079894,6000.0,1000000.0,266.90192959079894,6000.0,84.59233571690547,266.90192959079894,266.90192959079894,6000.0,0.0,1.0,0.0,49.0,4.0,0.0,1.0,49.0,,0.0,4.0,0.0,,1.0,,,,0.0005766632139625472,0.0005766632139625472,0.0,1.0,0.0,,1.0,0.0,1.0,4.0,4.0,0.0,0.0,,0.0,82.67854653907739,49.0,0.0,27.02449019389725,13.0,82.67854653907739,,,,,0.0,0.0,,,,,,,,,,,,,0.0,266.90192959079894,5970.123806889289,0.0,266.90192959079894,6000.0,84.59291238011943,266.90192959079894,266.90192959079894,5970.123806889289,1.0,0.0,0.0,,,,12.0,0.0,0.0,0.0,84.59233571690547,0.0,1.0,0.0,1.0,1.0,1.0,1.0,0.0,0.0,0.0,0.0,0.0,84.59233571690547,41.33474725106328,0.0,1.0,0.0,84.59291238011943,41.335001378501126,41.335001378501126,0.0,1.0,0.0,1.0,1.0,4.229616785845273,1.0,0.0,1.0,0.0,0.0,0.0,84.59233571690547,1.0,0.0,84.59233571690547,0.0,1.0,84.59233571690547,4130.0,4130.0,4130.0,1691.25,1691.25,1691.25,1204.0,1204.0,1204.0,3.0,7025.25,7025.25,7025.25,266.90192959079894,6000.0,0.0,0.0,220.0,0.0,0.0,1.0,0.0,0.0,0.0,0.5,0.004894862543644595,0.0,2.4474312718222975,-218.94650825441855,378.6498141101813,-3315.000000000001,37566.666666666664,-22100.000000000004,5635.000000000001,,,,,,,,,,-210.66118186147017,1.0,2430.5555555555557,-1404.4078790764677,364.5833333333334,1.0,,,,,1204.0,1200.0,6000.0,3312.769018123577,0.49502063448154815,0.5049793655184519,1242.4328860501116,84.59233571690547,84.59233571690547,1.0,0.0,266.90192959079894,0.0,6000.0,1.0,1.0,1.0,1.0,84.59233571690547,266.90192959079894,6000.0,1.0,1.0,41.33474725106328,13.77824908368776,266.90192959079894,0.0,13.027053135101324,266.90192959079894,6000.0,13.728046632689626,1.0,1.0,1.0,-2.5597312618190458,13.77824908368776,3.0,,,,,,,,,,,,,,6.0,0.0,1.0,0.0,0.0,0.0,0.0,1.0,0.0026689504201466473,0.0026689504201466473,0.0,266.90192959079894,6000.0,266.90192959079894,6000.0,84.59233571690547,266.90192959079894,266.90192959079894,6000.0,0.0,1.0,0.0,1.0,0.0,0.0,,,1480.4682068282468,0.0,84.59233571690547,0.0,5.0,0.004894862543644595,0.0,266.90192959079894,266.90192959079894,1779.3461972719927,-0.019580514604928063,-0.01581593105932594,0.0024500388957801964,0.044650179800359464,0.020815388106589505,6.0,1.0,56.0,62.0,56.0,68.0,62.0,26.0,0.0,6.0,0.0,0.0,82.68922408878085,0.0,0.025531319929740448,82.68922408878085,82.71475540871057,0.0,82.68922408878085,0.0,0.019330751297417237,82.68922408878085,82.70855484007826,0.0,82.68922408878085,0.0,0.012608866362000981,82.68922408878085,82.70183295514285,0.0,82.68922408878085,0.0,0.012470179320160923,82.68922408878085,82.70169426810102,0.0,-8.510439976575413e-05,-6.443583765805746e-05,-4.202955454000327e-05,-4.156726440058378e-05,1.0,1500.0,1500.0,1500.0,1500.0,,,0.0,-0.008609689233998097,-0.008556668360129648,-0.012599264285356073,-0.010870239965529292,-0.011556281627214827,-0.01133653670113608,-0.010331554275417078,-0.00798365483011567,-0.007827507930302601,0.09345824884764796,0.09236411623025535,-0.009864932693633843,-0.01126950805531921,-0.01472571160049294,-0.010336730396118909,-0.007856532182110777,1.0,70.0,90.0,70.0,90.0,90.0,90.0,90.0,90.0,70.0,100.0,100.0,90.0,90.0,80.0,90.0,90.0,1.0,1.0,1.0,1.0,0.0,1.0,0.0,,944.0,0.05010462130798873,0.0,0.0,0.0,,0.0,,0.0,,0.0,0.0,0.0,1.0,0.0,0.0,0.0,0.0,,0.0,,266.90192959079894,0.0,266.90192959079894,136.0,41.33474725106328,41.52941694902965,0.0,3.0,5.012170000001788,266.90192959079894,51.0,1.0,,,66.0,68.0,,,,,,,,,1.0,1.0,56.0,56.0,62.0,50.0,56.0,56.0,68.0,44.0,62.0,50.0,0.0,0.0,0.0,0.0,0.0,1500.0,1500.0,1500.0,1500.0,51,9360.0,70.0,70.0,90.0,70.0,90.0,90.0,90.0,90.0,90.0,70.0,70.0,100.0,100.0,90.0,90.0,80.0,90.0,90.0
276.34695614939506,6000.0,0.0,0.0,0.0,0.0,0.0,0.0,0.0,0.0,0.0,0.0,0.0,0.0,0.0,0.0,0.0,0.0,0.0,0.0,0.0,0.0,0.0,0.0,0.0,0.0,0.0,0.0,0.0,0.0,0.0,0.0,0.0,0.0,0.0,0.0,0.0,0.0,0.0,0.0,0.0,0.0,0.0,0.0,0.0,0.0,0.0,0.0,0.0,0.0,0.0,0.0,0.0,0.0,0.0,0.0,0.0,0.0,0.0,0.0,0.0,0.0,0.0,0.0,0.0,0.0,0.0,0.0,0.0,0.0,0.0,0.0,0.0,0.0,0.0,0.0,0.0,0.0,0.0,0.0,0.0,0.0,0.0,0.0,0.0,0.0,0.0,0.0,0.0,0.0,0.0,0.0,0.0,0.0,1142.058,276.34695614939506,-218.45802735465188,6000.0,1200.0,3.0,16.618307544356277,41.34428601684568,24.725978472489402,1480.4409698107027,1.003709451461256,0.0,112.5,210.1886503611554,276.34695614939506,6000.0,1000000.0,276.34695614939506,6000.0,84.49323921909608,276.34695614939506,276.34695614939506,6000.0,0.0,1.0,0.0,49.0,4.0,0.0,1.0,49.0,,0.0,4.0,0.0,,1.0,,,,0.000563324118971309,0.000563324118971309,0.0,1.0,0.0,,1.0,0.0,1.0,4.0,4.0,0.0,0.0,,0.0,82.67542792383266,49.0,0.0,26.18172704510407,13.0,82.67542792383266,,,,,0.0,0.0,,,,,,,,,,,,,0.0,276.34695614939506,5969.166594759139,0.0,276.34695614939506,6000.0,84.49380254321505,276.34695614939506,276.34695614939506,5969.166594759139,1.0,0.0,0.0,,,,12.0,0.0,0.0,0.0,84.49323921909608,0.0,1.0,0.0,1.0,1.0,1.0,1.0,0.0,0.0,0.0,0.0,0.0,84.49323921909608,41.34428601684568,0.0,1.0,0.0,84.49380254321505,41.34450593369287,41.34450593369287,0.0,1.0,0.0,1.0,1.0,4.224661960954804,1.0,0.0,1.0,0.0,0.0,0.0,84.49323921909608,1.0,0.0,84.49323921909608,0.0,1.0,84.49323921909608,4130.0,4130.0,4130.0,1691.25,1691.25,1691.25,1204.0,1204.0,1204.0,3.0,7025.25,7025.25,7025.25,276.34695614939506,6000.0,0.0,0.0,220.0,0.0,0.0,1.0,0.0,0.0,0.0,0.5,0.005669596609964591,0.0,2.8347983049822956,-218.45802735465188,373.16722174357324,-3315.000000000001,37566.666666666664,-22100.000000000004,5635.000000000001,,,,,,,,,,-208.01198295344466,1.0,2369.4444444444443,-1386.7465530229642,355.4166666666667,1.0,,,,,1204.0,1200.0,6000.0,4281.453339946591,0.49486109912652315,0.5051389008734768,1252.4144253380073,84.49323921909608,84.49323921909608,1.0,0.0,276.34695614939506,0.0,6000.0,1.0,1.0,1.0,1.0,84.49323921909608,276.34695614939506,6000.0,1.0,1.0,41.34428601684568,13.781428672281892,276.34695614939506,0.0,13.027036185541842,276.34695614939506,6000.0,13.714037592141464,1.0,1.0,1.0,-3.9372170983288157,13.781428672281892,3.0,,,,,,,,,,,,,,6.0,0.0,1.0,0.0,0.0,0.0,0.0,1.0,0.0033621128706949497,0.0033621128706949497,0.0,276.34695614939506,6000.0,276.34695614939506,6000.0,84.49323921909608,276.34695614939506,276.34695614939506,6000.0,0.0,1.0,0.0,1.0,0.0,0.0,,,1480.4409698107027,0.0,84.49323921909608,0.0,5.0,0.005669596609964591,0.0,276.34695614939506,276.34695614939506,1842.3130409959667,-0.019580514604928063,-0.01581593105932594,0.0024500388957801964,0.044650179800359464,0.020815388106589505,6.0,1.0,56.0,62.0,56.0,68.0,62.0,26.0,0.0,6.0,0.0,0.0,82.68922408878085,0.0,0.025531319929740448,82.68922408878085,82.71475540871057,0.0,82.68922408878085,0.0,0.019330751297417237,82.68922408878085,82.70855484007826,0.0,82.68922408878085,0.0,0.012608866362000981,82.68922408878085,82.70183295514285,0.0,82.68922408878085,0.0,0.012470179320160923,82.68922408878085,82.70169426810102,0.0,-8.510439976575413e-05,-6.443583765805746e-05,-4.202955454000327e-05,-4.156726440058378e-05,1.0,1500.0,1500.0,1500.0,1500.0,,,0.0,-0.008609689233998097,-0.008556668360129648,-0.012599264285356073,-0.010870239965529292,-0.011556281627214827,-0.01133653670113608,-0.010331554275417078,-0.00798365483011567,-0.007827507930302601,0.09345824884764796,0.09236411623025535,-0.009864932693633843,-0.01126950805531921,-0.01472571160049294,-0.010336730396118909,-0.007856532182110777,1.0,70.0,90.0,70.0,90.0,90.0,90.0,90.0,90.0,70.0,100.0,100.0,90.0,90.0,80.0,90.0,90.0,1.0,1.0,1.0,1.0,0.0,1.0,0.0,,989.0,0.0500732349155921,0.0,0.0,0.0,,0.0,,0.0,,0.0,0.0,0.0,1.0,0.0,0.0,0.0,0.0,,0.0,,276.34695614939506,0.0,276.34695614939506,160.0,41.34428601684568,42.05904479676665,0.0,2.0,5.257987700009835,276.34695614939506,51.0,1.0,,,66.0,68.0,,,,,,,,,1.0,1.0,56.0,56.0,62.0,50.0,56.0,56.0,68.0,44.0,62.0,50.0,0.0,0.0,0.0,0.0,0.0,1500.0,1500.0,1500.0,1500.0,52,9540.0,70.0,70.0,90.0,70.0,90.0,90.0,90.0,90.0,90.0,70.0,70.0,100.0,100.0,90.0,90.0,80.0,90.0,90.0
266.91056816543113,6000.0,0.0,0.0,0.0,0.0,0.0,0.0,0.0,0.0,0.0,0.0,0.0,0.0,0.0,0.0,0.0,0.0,0.0,0.0,0.0,0.0,0.0,0.0,0.0,0.0,0.0,0.0,0.0,0.0,0.0,0.0,0.0,0.0,0.0,0.0,0.0,0.0,0.0,0.0,0.0,0.0,0.0,0.0,0.0,0.0,0.0,0.0,0.0,0.0,0.0,0.0,0.0,0.0,0.0,0.0,0.0,0.0,0.0,0.0,0.0,0.0,0.0,0.0,0.0,0.0,0.0,0.0,0.0,0.0,0.0,0.0,0.0,0.0,0.0,0.0,0.0,0.0,0.0,0.0,0.0,0.0,0.0,0.0,0.0,0.0,0.0,0.0,0.0,0.0,0.0,0.0,0.0,0.0,1142.058,266.91056816543113,-218.93165903851022,6000.0,1200.0,3.0,16.70476453662107,41.33088910857913,24.626124571958062,1480.4335946653496,1.001975877085172,0.0,112.5,210.19267069486898,266.91056816543113,6000.0,1000000.0,266.91056816543113,6000.0,84.58840706469377,266.91056816543113,266.91056816543113,6000.0,0.0,1.0,0.0,49.0,4.0,0.0,1.0,49.0,,0.0,4.0,0.0,,1.0,,,,0.0005616513545163571,0.0005616513545163571,0.0,1.0,0.0,,1.0,0.0,1.0,4.0,4.0,0.0,0.0,,0.0,82.67460336549719,49.0,0.0,27.02045057113851,13.0,82.67460336549719,,,,,0.0,0.0,,,,,,,,,,,,,0.0,266.91056816543113,5970.1350263080785,0.0,266.91056816543113,6000.0,84.58896871604829,266.91056816543113,266.91056816543113,5970.1350263080785,1.0,0.0,0.0,,,,12.0,0.0,0.0,0.0,84.58840706469377,0.0,1.0,0.0,1.0,1.0,1.0,1.0,0.0,0.0,0.0,0.0,0.0,84.58840706469377,41.33088910857913,0.0,1.0,0.0,84.58896871604829,41.331128406466526,41.331128406466526,0.0,1.0,0.0,1.0,1.0,4.229420353234689,1.0,0.0,1.0,0.0,0.0,0.0,84.58840706469377,1.0,0.0,84.58840706469377,0.0,1.0,84.58840706469377,4130.0,4130.0,4130.0,1691.25,1691.25,1691.25,1204.0,1204.0,1204.0,3.0,7025.25,7025.25,7025.25,266.91056816543113,6000.0,0.0,0.0,220.0,0.0,0.0,1.0,0.0,0.0,0.0,0.5,0.004890598944234751,0.0,2.4452994721173753,-218.93165903851022,378.6497800986793,-3315.000000000001,37566.666666666664,-22100.000000000004,5635.000000000001,,,,,,,,,,-210.6463129945731,1.0,2430.5555555555557,-1404.3087532971538,364.5833333333334,1.0,,,,,1204.0,1200.0,6000.0,3312.767429066621,0.49502250438467976,0.5049774956153202,1242.4327931228042,84.58840706469377,84.58840706469377,1.0,0.0,266.91056816543113,0.0,6000.0,1.0,1.0,1.0,1.0,84.58840706469377,266.91056816543113,6000.0,1.0,1.0,41.33088910857913,13.776963036193044,266.91056816543113,0.0,13.027035988235271,266.91056816543113,6000.0,13.711178742702188,1.0,0.0,0.0,-4.327105390107299,13.776963036193044,3.0,,,,,,,,,,,,,,6.0,0.0,1.0,0.0,0.0,0.0,0.0,1.0,0.0026689439668614126,0.0026689439668614126,0.0,266.91056816543113,6000.0,266.91056816543113,6000.0,84.58840706469377,266.91056816543113,266.91056816543113,6000.0,0.0,1.0,0.0,1.0,0.0,0.0,,,1480.4335946653496,0.0,84.58840706469377,0.0,5.0,0.004890598944234751,0.0,266.91056816543113,266.91056816543113,1779.4037877695407,-0.019580514604928063,-0.01581593105932594,0.0024500388957801964,0.044650179800359464,0.020815388106589505,6.0,1.0,56.0,62.0,56.0,68.0,62.0,26.0,0.0,6.0,0.0,0.0,82.68922408878085,0.0,0.025531319929740448,82.68922408878085,82.71475540871057,0.0,82.68922408878085,0.0,0.019330751297417237,82.68922408878085,82.70855484007826,0.0,82.68922408878085,0.0,0.012608866362000981,82.68922408878085,82.70183295514285,0.0,82.68922408878085,0.0,0.012470179320160923,82.68922408878085,82.70169426810102,0.0,-8.510439976575413e-05,-6.443583765805746e-05,-4.202955454000327e-05,-4.156726440058378e-05,1.0,1500.0,1500.0,1500.0,1500.0,,,0.0,-0.008609689233998097,-0.008556668360129648,-0.012599264285356073,-0.010870239965529292,-0.011556281627214827,-0.01133653670113608,-0.010331554275417078,-0.00798365483011567,-0.007827507930302601,0.09345824884764796,0.09236411623025535,-0.009864932693633843,-0.01126950805531921,-0.01472571160049294,-0.010336730396118909,-0.007856532182110777,1.0,70.0,90.0,70.0,90.0,90.0,90.0,90.0,90.0,70.0,100.0,100.0,90.0,90.0,80.0,90.0,90.0,1.0,1.0,1.0,1.0,0.0,1.0,0.0,,944.0,0.05005126444091447,0.0,0.0,0.0,,0.0,,0.0,,0.0,0.0,0.0,1.0,0.0,0.0,0.0,0.0,,0.0,,266.91056816543113,0.0,266.91056816543113,136.0,41.33088910857913,41.52522424664724,0.0,3.0,4.027526899997611,266.91056816543113,51.0,1.0,,,66.0,68.0,,,,,,,,,1.0,1.0,56.0,56.0,62.0,50.0,56.0,56.0,68.0,44.0,62.0,50.0,0.0,0.0,0.0,0.0,0.0,1500.0,1500.0,1500.0,1500.0,53,9720.0,70.0,70.0,90.0,70.0,90.0,90.0,90.0,90.0,90.0,70.0,70.0,100.0,100.0,90.0,90.0,80.0,90.0,90.0
276.3456029980007,6000.0,0.0,0.0,0.0,0.0,0.0,0.0,0.0,0.0,0.0,0.0,0.0,0.0,0.0,0.0,0.0,0.0,0.0,0.0,0.0,0.0,0.0,0.0,0.0,0.0,0.0,0.0,0.0,0.0,0.0,0.0,0.0,0.0,0.0,0.0,0.0,0.0,0.0,0.0,0.0,0.0,0.0,0.0,0.0,0.0,0.0,0.0,0.0,0.0,0.0,0.0,0.0,0.0,0.0,0.0,0.0,0.0,0.0,0.0,0.0,0.0,0.0,0.0,0.0,0.0,0.0,0.0,0.0,0.0,0.0,0.0,0.0,0.0,0.0,0.0,0.0,0.0,0.0,0.0,0.0,0.0,0.0,0.0,0.0,0.0,0.0,0.0,0.0,0.0,0.0,0.0,0.0,0.0,1142.058,276.3456029980007,-218.45256621820693,6000.0,1200.0,3.0,16.61809046136491,41.343256189240364,24.725165727875456,1480.4318619196072,1.000617583470746,0.0,112.5,210.19242573172406,276.3456029980007,6000.0,1000000.0,276.3456029980007,6000.0,84.49219046280815,276.3456029980007,276.3456029980007,6000.0,0.0,1.0,0.0,49.0,4.0,0.0,1.0,49.0,,0.0,4.0,0.0,,1.0,,,,0.0005633015968982136,0.0005633015968982136,0.0,1.0,0.0,,1.0,0.0,1.0,4.0,4.0,0.0,0.0,,0.0,82.67437925832648,49.0,0.0,26.180237989810152,13.0,82.67437925832648,,,,,0.0,0.0,,,,,,,,,,,,,0.0,276.3456029980007,5969.167428091743,0.0,276.3456029980007,6000.0,84.49275376440505,276.3456029980007,276.3456029980007,5969.167428091743,1.0,0.0,0.0,,,,12.0,0.0,0.0,0.0,84.49219046280815,0.0,1.0,0.0,1.0,1.0,1.0,1.0,0.0,0.0,0.0,0.0,0.0,84.49219046280815,41.343256189240364,0.0,1.0,0.0,84.49275376440505,41.343476097347875,41.343476097347875,0.0,1.0,0.0,1.0,1.0,4.2246095231404075,1.0,0.0,1.0,0.0,0.0,0.0,84.49219046280815,1.0,0.0,84.49219046280815,0.0,1.0,84.49219046280815,4130.0,4130.0,4130.0,1691.25,1691.25,1691.25,1204.0,1204.0,1204.0,3.0,7025.25,7025.25,7025.25,276.3456029980007,6000.0,0.0,0.0,220.0,0.0,0.0,1.0,0.0,0.0,0.0,0.5,0.005667062496758638,0.0,2.833531248379319,-218.45256621820693,373.1671291124102,-3315.000000000001,37566.666666666664,-22100.000000000004,5635.000000000001,,,,,,,,,,-208.00655809071287,1.0,2369.4444444444443,-1386.710387271419,355.4166666666667,1.0,,,,,1204.0,1200.0,6000.0,4281.449019625053,0.49486123801529047,0.5051387619847095,1252.4141726876248,84.49219046280815,84.49219046280815,1.0,0.0,276.3456029980007,0.0,6000.0,1.0,1.0,1.0,1.0,84.49219046280815,276.3456029980007,6000.0,1.0,1.0,41.343256189240364,13.781085396413454,276.3456029980007,0.0,13.02703165537574,276.3456029980007,6000.0,13.710479679909207,1.0,0.0,0.0,-4.334608856626112,13.781085396413454,3.0,,,,,,,,,,,,,,6.0,0.0,1.0,0.0,0.0,0.0,0.0,1.0,0.003362095325529508,0.003362095325529508,0.0,276.3456029980007,6000.0,276.3456029980007,6000.0,84.49219046280815,276.3456029980007,276.3456029980007,6000.0,0.0,1.0,0.0,1.0,0.0,0.0,,,1480.4318619196072,0.0,84.49219046280815,0.0,5.0,0.005667062496758638,0.0,276.3456029980007,276.3456029980007,1842.304019986671,-0.019580514604928063,-0.01581593105932594,0.0024500388957801964,0.044650179800359464,0.020815388106589505,6.0,1.0,56.0,62.0,56.0,68.0,62.0,26.0,0.0,6.0,0.0,0.0,82.68922408878085,0.0,0.025531319929740448,82.68922408878085,82.71475540871057,0.0,82.68922408878085,0.0,0.019330751297417237,82.68922408878085,82.70855484007826,0.0,82.68922408878085,0.0,0.012608866362000981,82.68922408878085,82.70183295514285,0.0,82.68922408878085,0.0,0.012470179320160923,82.68922408878085,82.70169426810102,0.0,-8.510439976575413e-05,-6.443583765805746e-05,-4.202955454000327e-05,-4.156726440058378e-05,1.0,1500.0,1500.0,1500.0,1500.0,,,0.0,-0.008609689233998097,-0.008556668360129648,-0.012599264285356073,-0.010870239965529292,-0.011556281627214827,-0.01133653670113608,-0.010331554275417078,-0.00798365483011567,-0.007827507930302601,0.09345824884764796,0.09236411623025535,-0.009864932693633843,-0.01126950805531921,-0.01472571160049294,-0.010336730396118909,-0.007856532182110777,1.0,70.0,90.0,70.0,90.0,90.0,90.0,90.0,90.0,70.0,100.0,100.0,90.0,90.0,80.0,90.0,90.0,1.0,1.0,1.0,1.0,0.0,1.0,0.0,,989.0,0.05003588510864013,0.0,0.0,0.0,,0.0,,0.0,,0.0,0.0,0.0,1.0,0.0,0.0,0.0,0.0,,0.0,,276.3456029980007,0.0,276.3456029980007,160.0,41.343256189240364,42.05795728613295,0.0,2.0,4.30915410000307,276.3456029980007,51.0,1.0,,,66.0,68.0,,,,,,,,,1.0,1.0,56.0,56.0,62.0,50.0,56.0,56.0,68.0,44.0,62.0,50.0,0.0,0.0,0.0,0.0,0.0,1500.0,1500.0,1500.0,1500.0,54,9900.0,70.0,70.0,90.0,70.0,90.0,90.0,90.0,90.0,90.0,70.0,70.0,100.0,100.0,90.0,90.0,80.0,90.0,90.0
266.9114838104209,6000.0,0.0,0.0,0.0,0.0,0.0,0.0,0.0,0.0,0.0,0.0,0.0,0.0,0.0,0.0,0.0,0.0,0.0,0.0,0.0,0.0,0.0,0.0,0.0,0.0,0.0,0.0,0.0,0.0,0.0,0.0,0.0,0.0,0.0,0.0,0.0,0.0,0.0,0.0,0.0,0.0,0.0,0.0,0.0,0.0,0.0,0.0,0.0,0.0,0.0,0.0,0.0,0.0,0.0,0.0,0.0,0.0,0.0,0.0,0.0,0.0,0.0,0.0,0.0,0.0,0.0,0.0,0.0,0.0,0.0,0.0,0.0,0.0,0.0,0.0,0.0,0.0,0.0,0.0,0.0,0.0,0.0,0.0,0.0,0.0,0.0,0.0,0.0,0.0,0.0,0.0,0.0,0.0,1142.058,266.9114838104209,-218.93019624469505,6000.0,1200.0,3.0,16.70471716109035,41.33062363301091,24.62590647192056,1480.4313732328344,0.999467483495642,0.0,112.5,210.19232577026492,266.9114838104209,6000.0,1000000.0,266.9114838104209,6000.0,84.58813669990386,266.9114838104209,266.9114838104209,6000.0,0.0,1.0,0.0,49.0,4.0,0.0,1.0,49.0,,0.0,4.0,0.0,,1.0,,,,0.0005616448906096139,0.0005616448906096139,0.0,1.0,0.0,,1.0,0.0,1.0,4.0,4.0,0.0,0.0,,0.0,82.67433302739941,49.0,0.0,27.020161362401794,13.0,82.67433302739941,,,,,0.0,0.0,,,,,,,,,,,,,0.0,266.9114838104209,5970.13525334879,0.0,266.9114838104209,6000.0,84.58869834479447,266.9114838104209,266.9114838104209,5970.13525334879,1.0,0.0,0.0,,,,12.0,0.0,0.0,0.0,84.58813669990386,0.0,1.0,0.0,1.0,1.0,1.0,1.0,0.0,0.0,0.0,0.0,0.0,84.58813669990386,41.33062363301091,0.0,1.0,0.0,84.58869834479447,41.330862928130855,41.330862928130855,0.0,1.0,0.0,1.0,1.0,4.229406834995193,1.0,0.0,1.0,0.0,0.0,0.0,84.58813669990386,1.0,0.0,84.58813669990386,0.0,1.0,84.58813669990386,4130.0,4130.0,4130.0,1691.25,1691.25,1691.25,1204.0,1204.0,1204.0,3.0,7025.25,7025.25,7025.25,266.9114838104209,6000.0,0.0,0.0,220.0,0.0,0.0,1.0,0.0,0.0,0.0,0.5,0.004890399450139153,0.0,2.4451997250695765,-218.93019624469505,378.6497787400587,-3315.000000000001,37566.666666666664,-22100.000000000004,5635.000000000001,,,,,,,,,,-210.64484708858507,1.0,2430.5555555555557,-1404.298980590567,364.5833333333334,1.0,,,,,1204.0,1200.0,6000.0,3312.767365590287,0.4950225422247982,0.5049774577752019,1242.432789410738,84.58813669990386,84.58813669990386,1.0,0.0,266.9114838104209,0.0,6000.0,1.0,1.0,1.0,1.0,84.58813669990386,266.9114838104209,6000.0,1.0,1.0,41.33062363301091,13.77687454433697,266.9114838104209,0.0,13.027031643630373,266.9114838104209,6000.0,13.710410830294729,1.0,0.0,0.0,-4.341355562471108,13.77687454433697,3.0,,,,,,,,,,,,,,6.0,0.0,1.0,0.0,0.0,0.0,0.0,1.0,0.0026689437090790307,0.0026689437090790307,0.0,266.9114838104209,6000.0,266.9114838104209,6000.0,84.58813669990386,266.9114838104209,266.9114838104209,6000.0,0.0,1.0,0.0,1.0,0.0,0.0,,,1480.4313732328344,0.0,84.58813669990386,0.0,5.0,0.004890399450139153,0.0,266.9114838104209,266.9114838104209,1779.4098920694726,-0.019580514604928063,-0.01581593105932594,0.0024500388957801964,0.044650179800359464,0.020815388106589505,6.0,1.0,56.0,62.0,56.0,68.0,62.0,26.0,0.0,6.0,0.0,0.0,82.68922408878085,0.0,0.025531319929740448,82.68922408878085,82.71475540871057,0.0,82.68922408878085,0.0,0.019330751297417237,82.68922408878085,82.70855484007826,0.0,82.68922408878085,0.0,0.012608866362000981,82.68922408878085,82.70183295514285,0.0,82.68922408878085,0.0,0.012470179320160923,82.68922408878085,82.70169426810102,0.0,-8.510439976575413e-05,-6.443583765805746e-05,-4.202955454000327e-05,-4.156726440058378e-05,1.0,1500.0,1500.0,1500.0,1500.0,,,0.0,-0.008609689233998097,-0.008556668360129648,-0.012599264285356073,-0.010870239965529292,-0.011556281627214827,-0.01133653670113608,-0.010331554275417078,-0.00798365483011567,-0.007827507930302601,0.09345824884764796,0.09236411623025535,-0.009864932693633843,-0.01126950805531921,-0.01472571160049294,-0.010336730396118909,-0.007856532182110777,1.0,70.0,90.0,70.0,90.0,90.0,90.0,90.0,90.0,70.0,100.0,100.0,90.0,90.0,80.0,90.0,90.0,1.0,1.0,1.0,1.0,0.0,1.0,0.0,,944.0,0.050025119576048084,0.0,0.0,0.0,,0.0,,0.0,,0.0,0.0,0.0,1.0,0.0,0.0,0.0,0.0,,0.0,,266.9114838104209,0.0,266.9114838104209,136.0,41.33062363301091,41.5249457107672,0.0,3.0,4.099003199997242,266.9114838104209,51.0,1.0,,,66.0,68.0,,,,,,,,,1.0,1.0,56.0,56.0,62.0,50.0,56.0,56.0,68.0,44.0,62.0,50.0,0.0,0.0,0.0,0.0,0.0,1500.0,1500.0,1500.0,1500.0,55,10080.0,70.0,70.0,90.0,70.0,90.0,90.0,90.0,90.0,90.0,70.0,70.0,100.0,100.0,90.0,90.0,80.0,90.0,90.0
276.345579703488,6000.0,0.0,0.0,0.0,0.0,0.0,0.0,0.0,0.0,0.0,0.0,0.0,0.0,0.0,0.0,0.0,0.0,0.0,0.0,0.0,0.0,0.0,0.0,0.0,0.0,0.0,0.0,0.0,0.0,0.0,0.0,0.0,0.0,0.0,0.0,0.0,0.0,0.0,0.0,0.0,0.0,0.0,0.0,0.0,0.0,0.0,0.0,0.0,0.0,0.0,0.0,0.0,0.0,0.0,0.0,0.0,0.0,0.0,0.0,0.0,0.0,0.0,0.0,0.0,0.0,0.0,0.0,0.0,0.0,0.0,0.0,0.0,0.0,0.0,0.0,0.0,0.0,0.0,0.0,0.0,0.0,0.0,0.0,0.0,0.0,0.0,0.0,0.0,0.0,0.0,0.0,0.0,0.0,1142.058,276.345579703488,-218.45225393627786,6000.0,1200.0,3.0,16.61807814521979,41.343186151042445,24.725108005822655,1480.4312453225477,0.9986079632304834,0.0,112.5,210.19230645592566,276.345579703488,6000.0,1000000.0,276.345579703488,6000.0,84.49211914008046,276.345579703488,276.345579703488,6000.0,0.0,1.0,0.0,49.0,4.0,0.0,1.0,49.0,,0.0,4.0,0.0,,1.0,,,,0.0005633003087837096,0.0005633003087837096,0.0,1.0,0.0,,1.0,0.0,1.0,4.0,4.0,0.0,0.0,,0.0,82.67430794178203,49.0,0.0,26.180154022262045,13.0,82.67430794178203,,,,,0.0,0.0,,,,,,,,,,,,,0.0,276.345579703488,5969.167475403299,0.0,276.345579703488,6000.0,84.49268244038925,276.345579703488,276.345579703488,5969.167475403299,1.0,0.0,0.0,,,,12.0,0.0,0.0,0.0,84.49211914008046,0.0,1.0,0.0,1.0,1.0,1.0,1.0,0.0,0.0,0.0,0.0,0.0,84.49211914008046,41.343186151042445,0.0,1.0,0.0,84.49268244038925,41.34340605864469,41.34340605864469,0.0,1.0,0.0,1.0,1.0,4.224605957004023,1.0,0.0,1.0,0.0,0.0,0.0,84.49211914008046,1.0,0.0,84.49211914008046,0.0,1.0,84.49211914008046,4130.0,4130.0,4130.0,1691.25,1691.25,1691.25,1204.0,1204.0,1204.0,3.0,7025.25,7025.25,7025.25,276.345579703488,6000.0,0.0,0.0,220.0,0.0,0.0,1.0,0.0,0.0,0.0,0.5,0.005666793320514777,0.0,2.8333966602573883,-218.45225393627786,373.16709987855836,-3315.000000000001,37566.666666666664,-22100.000000000004,5635.000000000001,,,,,,,,,,-208.0062620172511,1.0,2369.4444444444443,-1386.7084134483405,355.4166666666667,1.0,,,,,1204.0,1200.0,6000.0,4281.447656156911,0.49486124590055,0.5051387540994501,1252.414092952646,84.49211914008046,84.49211914008046,1.0,0.0,276.345579703488,0.0,6000.0,1.0,1.0,1.0,1.0,84.49211914008046,276.345579703488,6000.0,1.0,1.0,41.343186151042445,13.781062050347481,276.345579703488,0.0,13.027031296246621,276.345579703488,6000.0,13.710365533955855,1.0,0.0,0.0,-4.337159230478029,13.781062050347481,3.0,,,,,,,,,,,,,,6.0,0.0,1.0,0.0,0.0,0.0,0.0,1.0,0.0033620897883781865,0.0033620897883781865,0.0,276.345579703488,6000.0,276.345579703488,6000.0,84.49211914008046,276.345579703488,276.345579703488,6000.0,0.0,1.0,0.0,1.0,0.0,0.0,,,1480.4312453225477,0.0,84.49211914008046,0.0,5.0,0.005666793320514777,0.0,276.345579703488,276.345579703488,1842.3038646899197,-0.019580514604928063,-0.01581593105932594,0.0024500388957801964,0.044650179800359464,0.020815388106589505,6.0,1.0,56.0,62.0,56.0,68.0,62.0,26.0,0.0,6.0,0.0,0.0,82.68922408878085,0.0,0.025531319929740448,82.68922408878085,82.71475540871057,0.0,82.68922408878085,0.0,0.019330751297417237,82.68922408878085,82.70855484007826,0.0,82.68922408878085,0.0,0.012608866362000981,82.68922408878085,82.70183295514285,0.0,82.68922408878085,0.0,0.012470179320160923,82.68922408878085,82.70169426810102,0.0,-8.510439976575413e-05,-6.443583765805746e-05,-4.202955454000327e-05,-4.156726440058378e-05,1.0,1500.0,1500.0,1500.0,1500.0,,,0.0,-0.008609689233998097,-0.008556668360129648,-0.012599264285356073,-0.010870239965529292,-0.011556281627214827,-0.01133653670113608,-0.010331554275417078,-0.00798365483011567,-0.007827507930302601,0.09345824884764796,0.09236411623025535,-0.009864932693633843,-0.01126950805531921,-0.01472571160049294,-0.010336730396118909,-0.007856532182110777,1.0,70.0,90.0,70.0,90.0,90.0,90.0,90.0,90.0,70.0,100.0,100.0,90.0,90.0,80.0,90.0,90.0,1.0,1.0,1.0,1.0,0.0,1.0,0.0,,989.0,0.050017583703233656,0.0,0.0,0.0,,0.0,,0.0,,0.0,0.0,0.0,1.0,0.0,0.0,0.0,0.0,,0.0,,276.345579703488,0.0,276.345579703488,160.0,41.343186151042445,42.057883087263214,0.0,2.0,3.744155000007595,276.345579703488,51.0,1.0,,,66.0,68.0,,,,,,,,,1.0,1.0,56.0,56.0,62.0,50.0,56.0,56.0,68.0,44.0,62.0,50.0,0.0,0.0,0.0,0.0,0.0,1500.0,1500.0,1500.0,1500.0,56,10260.0,70.0,70.0,90.0,70.0,90.0,90.0,90.0,90.0,90.0,70.0,70.0,100.0,100.0,90.0,90.0,80.0,90.0,90.0
266.91154288917386,6000.0,0.0,0.0,0.0,0.0,0.0,0.0,0.0,0.0,0.0,0.0,0.0,0.0,0.0,0.0,0.0,0.0,0.0,0.0,0.0,0.0,0.0,0.0,0.0,0.0,0.0,0.0,0.0,0.0,0.0,0.0,0.0,0.0,0.0,0.0,0.0,0.0,0.0,0.0,0.0,0.0,0.0,0.0,0.0,0.0,0.0,0.0,0.0,0.0,0.0,0.0,0.0,0.0,0.0,0.0,0.0,0.0,0.0,0.0,0.0,0.0,0.0,0.0,0.0,0.0,0.0,0.0,0.0,0.0,0.0,0.0,0.0,0.0,0.0,0.0,0.0,0.0,0.0,0.0,0.0,0.0,0.0,0.0,0.0,0.0,0.0,0.0,0.0,0.0,0.0,0.0,0.0,0.0,1142.058,266.91154288917386,-218.93008412365546,6000.0,1200.0,3.0,16.704713620702012,41.33060481582801,24.625891195125995,1480.4312125524714,0.9978601911331669,0.0,112.5,210.19230013273366,266.91154288917386,6000.0,1000000.0,266.91154288917386,6000.0,84.588117540278,266.91154288917386,266.91154288917386,6000.0,0.0,1.0,0.0,49.0,4.0,0.0,1.0,49.0,,0.0,4.0,0.0,,1.0,,,,0.0005616444838238976,0.0005616444838238976,0.0,1.0,0.0,,1.0,0.0,1.0,4.0,4.0,0.0,0.0,,0.0,82.67431386970841,49.0,0.0,27.02014082987671,13.0,82.67431386970841,,,,,0.0,0.0,,,,,,,,,,,,,0.0,266.91154288917386,5970.135267688733,0.0,266.91154288917386,6000.0,84.58867918476183,266.91154288917386,266.91154288917386,5970.135267688733,1.0,0.0,0.0,,,,12.0,0.0,0.0,0.0,84.588117540278,0.0,1.0,0.0,1.0,1.0,1.0,1.0,0.0,0.0,0.0,0.0,0.0,84.588117540278,41.33060481582801,0.0,1.0,0.0,84.58867918476183,41.33084411077466,41.33084411077466,0.0,1.0,0.0,1.0,1.0,4.2294058770139005,1.0,0.0,1.0,0.0,0.0,0.0,84.588117540278,1.0,0.0,84.588117540278,0.0,1.0,84.588117540278,4130.0,4130.0,4130.0,1691.25,1691.25,1691.25,1204.0,1204.0,1204.0,3.0,7025.25,7025.25,7025.25,266.91154288917386,6000.0,0.0,0.0,220.0,0.0,0.0,1.0,0.0,0.0,0.0,0.5,0.00489038664474345,0.0,2.4451933223717246,-218.93008412365546,378.6497786593437,-3315.000000000001,37566.666666666664,-22100.000000000004,5635.000000000001,,,,,,,,,,-210.6447347151695,1.0,2430.5555555555557,-1404.298231434463,364.5833333333334,1.0,,,,,1204.0,1200.0,6000.0,3312.7673618191893,0.4950225446147889,0.5049774553852111,1242.432789190206,84.588117540278,84.588117540278,1.0,0.0,266.91154288917386,0.0,6000.0,1.0,1.0,1.0,1.0,84.588117540278,266.91154288917386,6000.0,1.0,1.0,41.33060481582801,13.77686827194267,266.91154288917386,0.0,13.027031295523976,266.91154288917386,6000.0,13.710351825250207,1.0,0.0,0.0,-4.341796000706914,13.77686827194267,3.0,,,,,,,,,,,,,,6.0,0.0,1.0,0.0,0.0,0.0,0.0,1.0,0.0026689436937643056,0.0026689436937643056,0.0,266.91154288917386,6000.0,266.91154288917386,6000.0,84.588117540278,266.91154288917386,266.91154288917386,6000.0,0.0,1.0,0.0,1.0,0.0,0.0,,,1480.4312125524714,0.0,84.588117540278,0.0,5.0,0.00489038664474345,0.0,266.91154288917386,266.91154288917386,1779.4102859278255,-0.019580514604928063,-0.01581593105932594,0.0024500388957801964,0.044650179800359464,0.020815388106589505,6.0,1.0,56.0,62.0,56.0,68.0,62.0,26.0,0.0,6.0,0.0,0.0,82.68922408878085,0.0,0.025531319929740448,82.68922408878085,82.71475540871057,0.0,82.68922408878085,0.0,0.019330751297417237,82.68922408878085,82.70855484007826,0.0,82.68922408878085,0.0,0.012608866362000981,82.68922408878085,82.70183295514285,0.0,82.68922408878085,0.0,0.012470179320160923,82.68922408878085,82.70169426810102,0.0,-8.510439976575413e-05,-6.443583765805746e-05,-4.202955454000327e-05,-4.156726440058378e-05,1.0,1500.0,1500.0,1500.0,1500.0,,,0.0,-0.008609689233998097,-0.008556668360129648,-0.012599264285356073,-0.010870239965529292,-0.011556281627214827,-0.01133653670113608,-0.010331554275417078,-0.00798365483011567,-0.007827507930302601,0.09345824884764796,0.09236411623025535,-0.009864932693633843,-0.01126950805531921,-0.01472571160049294,-0.010336730396118909,-0.007856532182110777,1.0,70.0,90.0,70.0,90.0,90.0,90.0,90.0,90.0,70.0,100.0,100.0,90.0,90.0,80.0,90.0,90.0,1.0,1.0,1.0,1.0,0.0,1.0,0.0,,944.0,0.050012308592263556,0.0,0.0,0.0,,0.0,,0.0,,0.0,0.0,0.0,1.0,0.0,0.0,0.0,0.0,,0.0,,266.91154288917386,0.0,266.91154288917386,136.0,41.33060481582801,41.524926284684454,0.0,3.0,3.7288322000094922,266.91154288917386,51.0,1.0,,,66.0,68.0,,,,,,,,,1.0,1.0,56.0,56.0,62.0,50.0,56.0,56.0,68.0,44.0,62.0,50.0,0.0,0.0,0.0,0.0,0.0,1500.0,1500.0,1500.0,1500.0,57,10440.0,70.0,70.0,90.0,70.0,90.0,90.0,90.0,90.0,90.0,70.0,70.0,100.0,100.0,90.0,90.0,80.0,90.0,90.0
276.3455685164315,6000.0,0.0,0.0,0.0,0.0,0.0,0.0,0.0,0.0,0.0,0.0,0.0,0.0,0.0,0.0,0.0,0.0,0.0,0.0,0.0,0.0,0.0,0.0,0.0,0.0,0.0,0.0,0.0,0.0,0.0,0.0,0.0,0.0,0.0,0.0,0.0,0.0,0.0,0.0,0.0,0.0,0.0,0.0,0.0,0.0,0.0,0.0,0.0,0.0,0.0,0.0,0.0,0.0,0.0,0.0,0.0,0.0,0.0,0.0,0.0,0.0,0.0,0.0,0.0,0.0,0.0,0.0,0.0,0.0,0.0,0.0,0.0,0.0,0.0,0.0,0.0,0.0,0.0,0.0,0.0,0.0,0.0,0.0,0.0,0.0,0.0,0.0,0.0,0.0,0.0,0.0,0.0,0.0,1142.058,276.3455685164315,-218.45223079594047,6000.0,1200.0,3.0,16.618077301510553,41.34318129459296,24.725103993082406,1480.431203726866,0.9973224871809169,0.0,112.5,210.19229902099036,276.3455685164315,6000.0,1000000.0,276.3455685164315,6000.0,84.49211419591467,276.3455685164315,276.3455685164315,6000.0,0.0,1.0,0.0,49.0,4.0,0.0,1.0,49.0,,0.0,4.0,0.0,,1.0,,,,0.000563300200468575,0.000563300200468575,0.0,1.0,0.0,,1.0,0.0,1.0,4.0,4.0,0.0,0.0,,0.0,82.6743029980365,49.0,0.0,26.180149191710967,13.0,82.6743029980365,,,,,0.0,0.0,,,,,,,,,,,,,0.0,276.3455685164315,5969.167479386946,0.0,276.3455685164315,6000.0,84.49267749611514,276.3455685164315,276.3455685164315,5969.167479386946,1.0,0.0,0.0,,,,12.0,0.0,0.0,0.0,84.49211419591467,0.0,1.0,0.0,1.0,1.0,1.0,1.0,0.0,0.0,0.0,0.0,0.0,84.49211419591467,41.34318129459296,0.0,1.0,0.0,84.49267749611514,41.34340120215282,41.34340120215282,0.0,1.0,0.0,1.0,1.0,4.224605709795734,1.0,0.0,1.0,0.0,0.0,0.0,84.49211419591467,1.0,0.0,84.49211419591467,0.0,1.0,84.49211419591467,4130.0,4130.0,4130.0,1691.25,1691.25,1691.25,1204.0,1204.0,1204.0,3.0,7025.25,7025.25,7025.25,276.3455685164315,6000.0,0.0,0.0,220.0,0.0,0.0,1.0,0.0,0.0,0.0,0.5,0.005666775980844836,0.0,2.833387990422418,-218.45223079594047,373.16709745661245,-3315.000000000001,37566.666666666664,-22100.000000000004,5635.000000000001,,,,,,,,,,-208.00624022895582,1.0,2369.4444444444443,-1386.7082681930385,355.4166666666667,1.0,,,,,1204.0,1200.0,6000.0,4281.447543197248,0.494861246564491,0.505138753435509,1252.4140863468176,84.49211419591467,84.49211419591467,1.0,0.0,276.3455685164315,0.0,6000.0,1.0,1.0,1.0,1.0,84.49211419591467,276.3455685164315,6000.0,1.0,1.0,41.34318129459296,13.781060431530987,276.3455685164315,0.0,13.027031278340367,276.3455685164315,6000.0,13.710348440501036,1.0,0.0,0.0,-4.337219553582742,13.781060431530987,3.0,,,,,,,,,,,,,,6.0,0.0,1.0,0.0,0.0,0.0,0.0,1.0,0.0033620893296401146,0.0033620893296401146,0.0,276.3455685164315,6000.0,276.3455685164315,6000.0,84.49211419591467,276.3455685164315,276.3455685164315,6000.0,0.0,1.0,0.0,1.0,0.0,0.0,,,1480.431203726866,0.0,84.49211419591467,0.0,5.0,0.005666775980844836,0.0,276.3455685164315,276.3455685164315,1842.3037901095431,-0.019580514604928063,-0.01581593105932594,0.0024500388957801964,0.044650179800359464,0.020815388106589505,6.0,1.0,56.0,62.0,56.0,68.0,62.0,26.0,0.0,6.0,0.0,0.0,82.68922408878085,0.0,0.025531319929740448,82.68922408878085,82.71475540871057,0.0,82.68922408878085,0.0,0.019330751297417237,82.68922408878085,82.70855484007826,0.0,82.68922408878085,0.0,0.012608866362000981,82.68922408878085,82.70183295514285,0.0,82.68922408878085,0.0,0.012470179320160923,82.68922408878085,82.70169426810102,0.0,-8.510439976575413e-05,-6.443583765805746e-05,-4.202955454000327e-05,-4.156726440058378e-05,1.0,1500.0,1500.0,1500.0,1500.0,,,0.0,-0.008609689233998097,-0.008556668360129648,-0.012599264285356073,-0.010870239965529292,-0.011556281627214827,-0.01133653670113608,-0.010331554275417078,-0.00798365483011567,-0.007827507930302601,0.09345824884764796,0.09236411623025535,-0.009864932693633843,-0.01126950805531921,-0.01472571160049294,-0.010336730396118909,-0.007856532182110777,1.0,70.0,90.0,70.0,90.0,90.0,90.0,90.0,90.0,70.0,100.0,100.0,90.0,90.0,80.0,90.0,90.0,1.0,1.0,1.0,1.0,0.0,1.0,0.0,,989.0,0.050008616014584485,0.0,0.0,0.0,,0.0,,0.0,,0.0,0.0,0.0,1.0,0.0,0.0,0.0,0.0,,0.0,,276.3455685164315,0.0,276.3455685164315,160.0,41.34318129459296,42.05787793257824,0.0,2.0,3.7514091999910306,276.3455685164315,51.0,1.0,,,66.0,68.0,,,,,,,,,1.0,1.0,56.0,56.0,62.0,50.0,56.0,56.0,68.0,44.0,62.0,50.0,0.0,0.0,0.0,0.0,0.0,1500.0,1500.0,1500.0,1500.0,58,10620.0,70.0,70.0,90.0,70.0,90.0,90.0,90.0,90.0,90.0,70.0,70.0,100.0,100.0,90.0,90.0,80.0,90.0,90.0
266.91154722372653,6000.0,0.0,0.0,0.0,0.0,0.0,0.0,0.0,0.0,0.0,0.0,0.0,0.0,0.0,0.0,0.0,0.0,0.0,0.0,0.0,0.0,0.0,0.0,0.0,0.0,0.0,0.0,0.0,0.0,0.0,0.0,0.0,0.0,0.0,0.0,0.0,0.0,0.0,0.0,0.0,0.0,0.0,0.0,0.0,0.0,0.0,0.0,0.0,0.0,0.0,0.0,0.0,0.0,0.0,0.0,0.0,0.0,0.0,0.0,0.0,0.0,0.0,0.0,0.0,0.0,0.0,0.0,0.0,0.0,0.0,0.0,0.0,0.0,0.0,0.0,0.0,0.0,0.0,0.0,0.0,0.0,0.0,0.0,0.0,0.0,0.0,0.0,0.0,0.0,0.0,0.0,0.0,0.0,1142.058,266.91154722372653,-218.93007699492193,6000.0,1200.0,3.0,16.704713392821485,41.33060353866718,24.62589014584569,1480.4312014204215,0.996831758470953,0.0,112.5,210.1922986156705,266.91154722372653,6000.0,1000000.0,266.91154722372653,6000.0,84.58811623982659,266.91154722372653,266.91154722372653,6000.0,0.0,1.0,0.0,49.0,4.0,0.0,1.0,49.0,,0.0,4.0,0.0,,1.0,,,,0.0005616444585143654,0.0005616444585143654,0.0,1.0,0.0,,1.0,0.0,1.0,4.0,4.0,0.0,0.0,,0.0,82.67431256939017,49.0,0.0,27.020139385232653,13.0,82.67431256939017,,,,,0.0,0.0,,,,,,,,,,,,,0.0,266.91154722372653,5970.135268578211,0.0,266.91154722372653,6000.0,84.5886778842851,266.91154722372653,266.91154722372653,5970.135268578211,1.0,0.0,0.0,,,,12.0,0.0,0.0,0.0,84.58811623982659,0.0,1.0,0.0,1.0,1.0,1.0,1.0,0.0,0.0,0.0,0.0,0.0,84.58811623982659,41.33060353866718,0.0,1.0,0.0,84.5886778842851,41.33084283360298,41.33084283360298,0.0,1.0,0.0,1.0,1.0,4.22940581199133,1.0,0.0,1.0,0.0,0.0,0.0,84.58811623982659,1.0,0.0,84.58811623982659,0.0,1.0,84.58811623982659,4130.0,4130.0,4130.0,1691.25,1691.25,1691.25,1204.0,1204.0,1204.0,3.0,7025.25,7025.25,7025.25,266.91154722372653,6000.0,0.0,0.0,220.0,0.0,0.0,1.0,0.0,0.0,0.0,0.5,0.004890385803925682,0.0,2.445192901962841,-218.93007699492193,378.6497786543906,-3315.000000000001,37566.666666666664,-22100.000000000004,5635.000000000001,,,,,,,,,,-210.64472757028412,1.0,2430.5555555555557,-1404.2981838018939,364.5833333333334,1.0,,,,,1204.0,1200.0,6000.0,3312.767361587774,0.49502254476303525,0.5049774552369648,1242.432789176673,84.58811623982659,84.58811623982659,1.0,0.0,266.91154722372653,0.0,6000.0,1.0,1.0,1.0,1.0,84.58811623982659,266.91154722372653,6000.0,1.0,1.0,41.33060353866718,13.776867846222393,266.91154722372653,0.0,13.027031278294153,266.91154722372653,6000.0,13.710347532361546,1.0,0.0,0.0,-4.341842031090465,13.776867846222393,3.0,,,,,,,,,,,,,,6.0,0.0,1.0,0.0,0.0,0.0,0.0,1.0,0.00266894369282451,0.00266894369282451,0.0,266.91154722372653,6000.0,266.91154722372653,6000.0,84.58811623982659,266.91154722372653,266.91154722372653,6000.0,0.0,1.0,0.0,1.0,0.0,0.0,,,1480.4312014204215,0.0,84.58811623982659,0.0,5.0,0.004890385803925682,0.0,266.91154722372653,266.91154722372653,1779.4103148248432,-0.019580514604928063,-0.01581593105932594,0.0024500388957801964,0.044650179800359464,0.020815388106589505,6.0,1.0,56.0,62.0,56.0,68.0,62.0,26.0,0.0,6.0,0.0,0.0,82.68922408878085,0.0,0.025531319929740448,82.68922408878085,82.71475540871057,0.0,82.68922408878085,0.0,0.019330751297417237,82.68922408878085,82.70855484007826,0.0,82.68922408878085,0.0,0.012608866362000981,82.68922408878085,82.70183295514285,0.0,82.68922408878085,0.0,0.012470179320160923,82.68922408878085,82.70169426810102,0.0,-8.510439976575413e-05,-6.443583765805746e-05,-4.202955454000327e-05,-4.156726440058378e-05,1.0,1500.0,1500.0,1500.0,1500.0,,,0.0,-0.008609689233998097,-0.008556668360129648,-0.012599264285356073,-0.010870239965529292,-0.011556281627214827,-0.01133653670113608,-0.010331554275417078,-0.00798365483011567,-0.007827507930302601,0.09345824884764796,0.09236411623025535,-0.009864932693633843,-0.01126950805531921,-0.01472571160049294,-0.010336730396118909,-0.007856532182110777,1.0,70.0,90.0,70.0,90.0,90.0,90.0,90.0,90.0,70.0,100.0,100.0,90.0,90.0,80.0,90.0,90.0,1.0,1.0,1.0,1.0,0.0,1.0,0.0,,944.0,0.050006031210209134,0.0,0.0,0.0,,0.0,,0.0,,0.0,0.0,0.0,1.0,0.0,0.0,0.0,0.0,,0.0,,266.91154722372653,0.0,266.91154722372653,136.0,41.33060353866718,41.52492496077244,0.0,3.0,3.584418500002357,266.91154722372653,51.0,1.0,,,66.0,68.0,,,,,,,,,1.0,1.0,56.0,56.0,62.0,50.0,56.0,56.0,68.0,44.0,62.0,50.0,0.0,0.0,0.0,0.0,0.0,1500.0,1500.0,1500.0,1500.0,59,10800.0,70.0,70.0,90.0,70.0,90.0,90.0,90.0,90.0,90.0,70.0,70.0,100.0,100.0,90.0,90.0,80.0,90.0,90.0
