boundary_queue_in_A_left,boundary_queue_in_A_top,boundary_queue_in_B_top,boundary_queue_in_C_right,boundary_queue_in_C_top,boundary_queue_in_D_left,boundary_queue_in_F_right,boundary_queue_out_A_left,boundary_queue_out_A_top,boundary_queue_out_B_top,boundary_queue_out_C_right,boundary_queue_out_C_top,boundary_queue_out_D_left,boundary_queue_out_F_right,flow_FW_E_mean,flow_FW_W_mean,freeway_vehicles,lambda_eff_FW_E_last,lambda_eff_FW_E_mean,lambda_eff_FW_W_last,lambda_eff_FW_W_mean,movement_queue_A_E_to_N,movement_queue_A_E_to_S,movement_queue_A_E_to_W,movement_queue_A_N_to_E,movement_queue_A_N_to_S,movement_queue_A_N_to_W,movement_queue_A_S_to_E,movement_queue_A_S_to_N,movement_queue_A_S_to_W,movement_queue_A_W_to_E,movement_queue_A_W_to_N,movement_queue_A_W_to_S,movement_queue_B_E_to_N,movement_queue_B_E_to_S,movement_queue_B_E_to_W,movement_queue_B_N_to_E,movement_queue_B_N_to_S,movement_queue_B_N_to_W,movement_queue_B_S_to_E,movement_queue_B_S_to_N,movement_queue_B_S_to_W,movement_queue_B_W_to_E,movement_queue_B_W_to_N,movement_queue_B_W_to_S,movement_queue_C_E_to_N,movement_queue_C_E_to_S,movement_queue_C_E_to_W,movement_queue_C_N_to_E,movement_queue_C_N_to_S,movement_queue_C_N_to_W,movement_queue_C_S_to_E,movement_queue_C_S_to_N,movement_queue_C_S_to_W,movement_queue_C_W_to_E,movement_queue_C_W_to_N,movement_queue_C_W_to_S,movement_queue_D_E_to_N,movement_queue_D_E_to_W,movement_queue_D_E_to_onE,movement_queue_D_E_to_onW,movement_queue_D_N_to_E,movement_queue_D_N_to_W,movement_queue_D_N_to_onE,movement_queue_D_N_to_onW,movement_queue_D_W_to_E,movement_queue_D_W_to_N,movement_queue_D_W_to_onE,movement_queue_D_W_to_onW,movement_queue_D_offE_to_E,movement_queue_D_offE_to_N,movement_queue_D_offE_to_W,movement_queue_D_offW_to_E,movement_queue_D_offW_to_N,movement_queue_D_offW_to_W,movement_queue_E_E_to_N,movement_queue_E_E_to_W,movement_queue_E_N_to_E,movement_queue_E_N_to_W,movement_queue_E_W_to_E,movement_queue_E_W_to_N,movement_queue_F_E_to_N,movement_queue_F_E_to_W,movement_queue_F_E_to_onE,movement_queue_F_E_to_onW,movement_queue_F_N_to_E,movement_queue_F_N_to_W,movement_queue_F_N_to_onE,movement_queue_F_N_to_onW,movement_queue_F_W_to_E,movement_queue_F_W_to_N,movement_queue_F_W_to_onE,movement_queue_F_W_to_onW,movement_queue_F_offE_to_E,movement_queue_F_offE_to_N,movement_queue_F_offE_to_W,movement_queue_F_offW_to_E,movement_queue_F_offW_to_N,movement_queue_F_offW_to_W,ramp_queue_R_D_E,ramp_queue_R_D_W,ramp_queue_R_F_E,ramp_queue_R_F_W,rho_FW_E_mean,rho_FW_W_mean,speed_FW_E_mean,speed_FW_W_mean,step,storage_available_A_left_out,storage_available_A_to_B,storage_available_A_to_D,storage_available_A_top_out,storage_available_B_to_A,storage_available_B_to_C,storage_available_B_to_E,storage_available_B_top_out,storage_available_C_right_out,storage_available_C_to_B,storage_available_C_to_F,storage_available_C_top_out,storage_available_D_R_E,storage_available_D_R_W,storage_available_D_left_out,storage_available_D_to_A,storage_available_D_to_E,storage_available_E_to_B,storage_available_E_to_D,storage_available_E_to_F,storage_available_F_R_E,storage_available_F_R_W,storage_available_F_right_out,storage_available_F_to_C,storage_available_F_to_E,storage_available_OR_D_E_storage,storage_available_OR_D_W_storage,storage_available_OR_F_E_storage,storage_available_OR_F_W_storage,time_sec,urban_protected_accumulation_veh,urban_vehicles
4.583333333333335,0.0,0.0,5.833333333333332,0.0,6.249999999999999,6.666666666666665,0.3645833333333333,1.3281250000000004,6.182725694444445,0.3645833333333333,1.6406249999999998,0.0,0.0,948.3238048137073,903.7622944901453,70.8486519419406,2.0,2.0,2.0,2.0,0.18229166666666666,0.18229166666666666,0.3645833333333333,0.0,0.0,0.0,0.0,0.0,0.0,2.2916666666666674,1.1458333333333337,1.1458333333333337,3.114149305555556,3.114149305555556,6.228298611111112,0.0,0.0,0.0,0.0,0.0,0.0,6.137152777777778,3.068576388888889,3.068576388888889,1.458333333333333,1.458333333333333,2.916666666666666,0.0,0.0,0.0,0.0,0.0,0.0,0.3645833333333333,0.18229166666666666,0.18229166666666666,0.0,0.0,2.5666666666666678,2.3333333333333335,0.0,0.0,0.0,0.0,3.1249999999999996,1.5624999999999998,0.7812499999999999,0.7812499999999999,0.0,0.0,0.0,0.0,0.0,0.0,0.0,0.0,0.0,0.0,0.0,0.0,1.6666666666666663,3.3333333333333326,0.8333333333333331,0.8333333333333331,0.0,0.0,0.0,0.0,0.0,0.0,2.683333333333333,2.4499999999999997,0.0,0.0,0.0,0.0,0.0,0.0,0.4755208333333334,0.4366319444444444,0.5079861111111112,0.4690972222222223,4.418393623585322,4.201533355268364,108.33727017429325,108.54514822675215,0,219.88064236111111,210.93585061529444,213.8802083333333,219.93489583333334,214.71788194444454,214.78298611111123,212.25043402777763,220.0,219.85243055555554,208.81642215924686,212.47395833333323,219.93055555555554,180.0,180.0,219.97612847222223,216.76528379789465,209.48941273228078,203.67154360787458,205.48308882591357,205.688454781961,180.0,180.0,219.96961805555554,211.84745731499092,204.78271557042555,59.70677094615321,59.7204537900166,59.45901173836621,59.49508799652893,180.0,161.05926712189546,59.555902777777774
0.0,4.166666666666667,5.0,0.0,5.416666666666668,0.0,0.0,2.440787173492002,2.7982410136506704,3.7758264312678524,3.0488686589589897,3.3894039845846455,1.0226779513888888,1.2879774305555558,1156.529649436182,1095.7130727540439,84.75404204304685,2.0,1.998445572291335,2.0,1.9985962101773564,0.0,0.0,0.0,1.0416666666666667,2.0833333333333335,1.0416666666666667,1.3991205068253352,2.7982410136506704,1.3991205068253352,0.0,0.0,0.0,0.0,0.0,0.0,1.25,2.5,1.25,1.6934687711894816,3.7758264312678524,1.6934687711894816,0.0,0.0,0.0,0.0,0.0,0.0,1.354166666666667,2.708333333333334,1.354166666666667,1.6947019922923228,3.3894039845846455,1.6947019922923228,0.0,0.0,0.0,0.0,0.0,0.0,0.0,1.0226779513888888,1.0226779513888888,3.5893446180555557,3.3560112847222228,0.0,0.0,0.0,0.0,0.0,0.0,0.0,0.0,0.0,0.0,0.0,0.0,0.0,0.0,0.0,0.0,0.0,0.0,0.0,0.0,1.2879774305555558,1.2879774305555558,3.971310763888889,3.7379774305555555,0.0,0.0,0.0,0.0,0.0,0.0,0.0,0.0,0.0,0.0,0.5893602176803105,0.5504713287914216,0.6314252239162138,0.5925363350273247,5.299858628196529,5.0058914517105,109.64048698203477,109.94246057968985,1,219.70486111111111,213.98197494478143,212.1854738981757,219.75694444444443,211.7503087989841,213.2709490440129,213.40516017149855,219.95008680555557,219.70486111111111,212.43659395300193,211.4591915176819,219.73090277777777,180.0,180.0,220.0,211.10433271788185,212.36299874304592,209.88306436533085,207.51443748828424,208.1693252790153,180.0,180.0,219.9142296598907,211.0713769212172,211.5806077231891,56.64293150811759,56.801911829194864,55.37897637409281,55.62363313104284,360.0,145.22168325801465,53.39734216456189
4.583333333333335,0.0,0.0,5.833333333333332,0.0,6.249999999999999,6.666666666666665,2.31836887286062,2.305017769763644,3.027308863026663,1.9580652915824281,2.437365979124547,3.076303205130919,2.937184827780538,1132.2254831805594,1070.5458350904921,82.67718799374383,2.0,2.0,2.0,2.0,1.15918443643031,1.15918443643031,2.31836887286062,0.0,0.0,0.0,0.0,0.0,0.0,2.2916666666666674,1.1458333333333337,1.1458333333333337,1.648718760968329,1.648718760968329,3.297437521936658,0.0,0.0,0.0,0.0,0.0,0.0,2.757180204116668,1.378590102058334,1.378590102058334,1.458333333333333,1.458333333333333,2.916666666666666,0.0,0.0,0.0,0.0,0.0,0.0,1.9580652915824281,0.9790326457912141,0.9790326457912141,1.5381516025654596,3.076303205130919,3.3357424679493977,3.1024091346160643,0.0,0.0,0.0,0.0,3.1249999999999996,1.5624999999999998,0.7812499999999999,0.7812499999999999,0.0,0.0,0.0,0.0,0.0,0.0,0.0,0.0,0.0,0.0,0.0,0.0,1.6666666666666663,3.3333333333333326,0.8333333333333331,0.8333333333333331,0.0,0.0,0.0,0.0,2.937184827780538,1.468592413890269,3.417629540278468,3.184296206945134,0.0,0.0,0.0,0.0,0.0,0.0,0.48257378472222223,0.44368489583333337,0.5142807426656469,0.47539185377675797,5.195960270616392,4.89919681897684,109.45909757118804,109.74367841359881,2,219.87236870659723,213.51807918649584,213.98326279620235,219.91834852430554,212.40227300339106,212.84037558901608,213.04004012228572,219.86545138888889,219.8374609979816,212.10497498942854,212.56130592908445,219.90061644040767,180.0,180.0,219.97260199652777,213.1332236353256,212.84552513398495,208.7482426501237,209.68341809491298,210.75887638683614,180.0,180.0,219.96690538194446,211.65255004227876,211.47697150248356,59.50571139182381,59.52937566293552,59.2859978722239,59.337188645797205,540.0,141.599463331857,66.05574651348233
0.0,4.166666666666667,5.0,0.0,5.416666666666668,0.0,0.0,2.4431394025560857,2.8029454717788385,3.1255677760219496,2.9989927548013378,3.2896521762693416,1.1797304648757883,1.4444067062135737,1132.8614180765562,1071.2927426272017,83.0501411609621,2.0,1.9984052592334232,2.0,1.9985623091502946,0.0,0.0,0.0,1.0416666666666667,2.0833333333333335,1.0416666666666667,1.4014727358894192,2.8029454717788385,1.4014727358894192,0.0,0.0,0.0,0.0,0.0,0.0,1.25,2.5,1.25,1.5627838880109748,3.1255677760219496,1.5627838880109748,0.0,0.0,0.0,0.0,0.0,0.0,1.354166666666667,2.708333333333334,1.354166666666667,1.6448260881346708,3.2896521762693416,1.6448260881346708,0.0,0.0,0.0,0.0,0.0,0.0,0.0,1.1797304648757883,1.1797304648757883,3.7463971315424556,3.513063798209122,0.0,0.0,0.0,0.0,0.0,0.0,0.0,0.0,0.0,0.0,0.0,0.0,0.0,0.0,0.0,0.0,0.0,0.0,0.0,0.0,1.4444067062135737,1.4444067062135737,4.127740039546906,3.894406706213573,0.0,0.0,0.0,0.0,0.0,0.0,0.0,0.0,0.0,0.0,0.608698433398267,0.569809544509378,0.6361105996601433,0.5972217107712543,5.19160621239882,4.895121014995351,109.66485118963267,109.9556494751835,3,219.91427951388889,213.50454973886323,213.56387669110677,219.86165364583334,212.8391355522415,213.9841678962089,213.11868297422515,219.95008680555557,219.91427951388889,211.96137502237045,212.84693623753574,219.83561197916669,180.0,180.0,219.92615213625604,212.5244506120706,212.14653513981585,209.01667767780114,209.3165053272719,210.21972018417188,180.0,180.0,219.91614674543075,212.0485085513782,211.40860387497642,56.624051994649555,56.78490951636223,55.37428267021512,55.62662441084547,720.0,135.86666937026106,53.549546199164375
4.583333333333335,0.0,0.0,5.833333333333332,0.0,6.249999999999999,6.666666666666665,2.47081075829624,2.381238712481454,2.874337768808028,2.111058745839818,2.513862706253242,3.065642188955574,2.92522995446369,1122.3255889696404,1060.7005005639128,81.88489655746987,2.0,2.0,2.0,2.0,1.23540537914812,1.23540537914812,2.47081075829624,0.0,0.0,0.0,0.0,0.0,0.0,2.2916666666666674,1.1458333333333337,1.1458333333333337,1.5840725522807015,1.5840725522807015,3.168145104561403,0.0,0.0,0.0,0.0,0.0,0.0,2.580530433054653,1.2902652165273265,1.2902652165273265,1.458333333333333,1.458333333333333,2.916666666666666,0.0,0.0,0.0,0.0,0.0,0.0,2.111058745839818,1.055529372919909,1.055529372919909,1.532821094477787,3.065642188955574,3.333077213905561,3.0997438805722277,0.0,0.0,0.0,0.0,3.1249999999999996,1.5624999999999998,0.7812499999999999,0.7812499999999999,0.0,0.0,0.0,0.0,0.0,0.0,0.0,0.0,0.0,0.0,0.0,0.0,1.6666666666666663,3.3333333333333326,0.8333333333333331,0.8333333333333331,0.0,0.0,0.0,0.0,2.92522995446369,1.462614977231845,3.4146408219492557,3.1813074886159227,0.0,0.0,0.0,0.0,0.0,0.0,0.48687867314710553,0.4479897842582167,0.5171003210620913,0.4782114321732023,5.145081861641518,4.84925768171214,109.55938767925826,109.83948116889772,4,219.87413194444446,213.6430654843053,214.0015839026874,219.921875,212.24702347481966,212.66363057406232,213.04692716793315,219.86545138888889,219.84456380208331,212.2595544720952,212.57871165835135,219.91482204861111,180.0,180.0,219.97260199652777,213.03836009319664,213.01815604666706,208.84389237403718,209.60424044051385,210.66130799968363,180.0,180.0,219.96690538194446,211.57083178855262,211.668897044196,59.505855809065416,59.5295329461539,59.29591825007363,59.34700758659644,900.0,141.44086421503175,66.00950103700943
0.0,4.166666666666667,5.0,0.0,5.416666666666668,0.0,0.0,2.435176925075906,2.787020516818478,3.033008876840314,2.98870446854772,3.269075603762106,1.1928753028022316,1.4574523026134092,1141.3972434267716,1079.3678245349442,83.49929861667631,2.0,1.9984124775540308,2.0,1.998568470321041,0.0,0.0,0.0,1.0416666666666667,2.0833333333333335,1.0416666666666667,1.393510258409239,2.787020516818478,1.393510258409239,0.0,0.0,0.0,0.0,0.0,0.0,1.25,2.5,1.25,1.516504438420157,3.033008876840314,1.516504438420157,0.0,0.0,0.0,0.0,0.0,0.0,1.354166666666667,2.708333333333334,1.354166666666667,1.634537801881053,3.269075603762106,1.634537801881053,0.0,0.0,0.0,0.0,0.0,0.0,0.0,1.1928753028022316,1.1928753028022316,3.759541969468899,3.526208636135566,0.0,0.0,0.0,0.0,0.0,0.0,0.0,0.0,0.0,0.0,0.0,0.0,0.0,0.0,0.0,0.0,0.0,0.0,0.0,0.0,1.4574523026134092,1.4574523026134092,4.1407856359467425,3.9074523026134083,0.0,0.0,0.0,0.0,0.0,0.0,0.0,0.0,0.0,0.0,0.6099853015668253,0.5710964126779363,0.6356692179164589,0.5967803290275698,5.221205098646472,4.921501146989705,109.8078011109518,110.12830723764618,5,219.91427951388889,213.50010760498765,213.6123744821018,219.86165364583334,212.89970353865746,214.03318327968046,213.1734746591689,219.95008680555557,219.91427951388889,211.95752671066302,212.90618268643738,219.83561197916669,180.0,180.0,219.92081077760508,212.52064154019763,212.12859664481277,209.0331080155211,209.41120904596846,210.29830062978758,180.0,180.0,219.91790371490399,212.0672259817795,211.40144310694353,56.62621232147313,56.78678733777967,55.36337726560109,55.61576403806798,1080.0,135.2211613281234,53.39618708317103
12.501736111111112,0.0798611111111111,0.1736111111111111,16.01736111111111,0.2204861111111111,8.303819444444443,9.194444444444443,2.9780662390008192,4.5827831195004105,6.859656336753902,2.7319609459754357,5.303480472987718,0.8550000574068527,0.7498143099978547,2224.81683240695,2122.0265864876983,190.28979405638958,2.0,1.999881322900704,2.0,1.9998899173840798,1.4890331195004096,1.4890331195004096,2.9780662390008192,0.0,0.0798611111111111,0.0,0.0,0.0,0.0,6.314236111111112,3.0937500000000004,3.0937500000000004,3.8024800454720347,3.8024800454720347,7.604960090944069,0.0,0.1736111111111111,0.0,0.0,0.0,0.0,6.114352582563735,3.0571762912818676,3.0571762912818676,3.9375,3.9375,8.14236111111111,0.0,0.2204861111111111,0.0,0.0,0.0,0.0,2.7319609459754357,1.3659804729877179,1.3659804729877179,0.0,0.714813559174378,5.567175504512128,4.88467550451213,0.14018649823247464,0.14018649823247464,1.2951864982324746,1.1901864982324746,6.418402777777777,1.8854166666666667,0.0,0.0,0.0,0.0,0.0,0.0,0.0,0.0,0.0,0.0,0.0,0.0,0.0,0.0,2.166666666666666,7.027777777777777,0.0,0.0,0.1729994756797108,0.1729994756797108,1.3804994756797109,1.275499475679711,0.5768148343181438,0.0,5.874924775798768,5.19242477579877,0.0,0.0,0.0,0.0,0.0,0.0,4.442708333333333,4.442708333333333,4.583333333333334,4.583333333333333,11.117692600427858,10.413174209971771,101.49634620372757,103.00829345083115,6,219.66321355378443,207.55151638475917,205.7737490549224,219.79517710756883,207.64496132020219,208.0499259890245,204.23510678431947,219.86545138888889,219.59369574652777,204.68208561644352,202.06726033964563,219.79676649305554,180.0,180.0,218.05555555555554,207.46242042207666,206.77409667722762,200.85418395445774,203.4896882682684,204.5992845293594,180.0,180.0,218.05555555555554,204.97071525443482,203.06944927112286,58.33917574781193,58.407994041676375,57.77779971715962,57.84242639823039,1260.0,254.72682079108418,113.92857201117562
0.5138888888888888,18.70833333333334,20.305555555555557,4.8611111111111125,26.32465277777777,1.9965277777777863,3.944444444444446,7.604235068013107,6.073053469359545,4.264373929579036,9.852541849807043,7.718972588502978,4.577458806306491,5.142190348078104,3337.0675112092363,3257.7161532018886,318.78459718610566,2.0,1.9850682619525923,2.0,1.9860839737919966,0.0,0.0,0.0,4.583333333333335,9.54166666666667,4.583333333333335,3.0209017346797724,6.041803469359545,3.0209017346797724,0.4513888888888889,0.03125,0.03125,0.0,0.0,0.10824682529805096,5.041666666666667,10.222222222222223,5.041666666666667,1.7432980759006291,4.264373929579036,1.7432980759006291,0.19312449566311624,0.0,0.0,0.14583333333333331,0.14583333333333331,4.569444444444446,6.065972222222221,14.192708333333327,6.065972222222221,3.7865696275848224,7.573139255169645,3.7865696275848224,0.0,0.0,0.0,0.0,0.19444444444444448,0.6980555555555557,0.6125,4.383014361862046,4.383014361862046,27.57926817839212,24.394268178392117,1.8125000000000084,0.18402777777777785,0.0,0.0,0.0,0.0,0.0,0.0,0.0,0.0,0.0,0.0,0.0,0.0,0.0,0.0,0.22222222222222227,3.7222222222222237,0.0,0.0,4.94774590363366,4.94774590363366,31.08728265900699,27.902282659007007,0.19444444444444448,0.0,0.7408333333333335,0.6552777777777778,0.0,0.0,0.0,0.0,0.0,0.0,5.969377470186511,3.916044136853183,7.170830728988273,5.117497395654949,19.011835972871722,18.318669438123873,90.11272101387438,91.23741118053616,7,219.68001302083334,196.77676137497727,196.28498226620397,219.45111762152777,196.5653706451027,200.45816479243217,194.3932001138428,219.46042545063054,219.68001302083334,194.61521519908337,192.41274815919118,219.45111762152777,180.0,180.0,219.61111111111111,197.51335823213333,192.24915374606985,187.30654463916142,189.4250756785906,191.53061472552392,180.0,180.0,219.61111111111111,196.64777436724074,191.71726199173233,49.30596703611328,49.730681018013605,46.49878789557892,46.91988061681658,1440.0,419.4915013824194,244.65691850163395
20.68055555555556,0.37500000000000006,0.8888888888888866,34.416666666666664,6.602430555555539,23.55208333333336,29.166666666666657,9.496202256944443,9.779351128472223,11.887867106966524,9.603841145833332,11.268934461805557,10.036697767950217,9.972461656839107,3961.9317744155464,3894.599558095608,444.75538155589663,2.0,1.9994076587870502,2.0,1.9994316002491348,4.706434461805555,4.706434461805555,9.496202256944443,0.0,0.37500000000000006,0.0,0.0,0.0,0.0,10.534722222222225,5.072916666666668,5.072916666666668,4.271029683966757,4.271029683966757,8.542059367933515,0.06944444444444448,0.7499999999999978,0.06944444444444448,1.5555555555555556,3.5,1.5555555555555556,8.377453226595339,4.116837422999768,4.116837422999768,6.562500000000001,6.562500000000001,21.29166666666666,0.1076388888888889,6.387152777777761,0.1076388888888889,0.0,0.0,0.0,9.496202256944443,4.706434461805555,4.706434461805555,3.3458152635476583,9.41385274931754,16.05273943635567,12.887183880800128,0.6228450186326782,0.6228450186326782,36.96337918737718,30.698379187377064,16.61805555555558,4.725694444444446,1.104166666666668,1.104166666666668,0.0,0.0,0.0,0.0,0.0,0.0,0.0,0.0,0.0,0.0,0.0,0.0,5.22222222222222,21.277777777777775,1.3333333333333333,1.3333333333333333,0.5586089075215671,0.5586089075215671,44.17018033831518,37.90518033831514,9.41385274931754,3.3458152635476583,17.33908159862039,14.173526043064852,0.0,0.0,0.0,0.0,0.0,0.0,5.511044136853172,5.09722222222222,7.170830728988258,5.555555555555545,26.93718113792726,25.754992359296462,75.9394117170412,78.07167087851509,8,219.43536416785423,194.98352831778072,197.89930555555497,219.63461722459738,191.0854031030256,193.79009872910427,194.1706034039351,219.61111111111111,219.43269924900915,189.92713952840398,193.996527777778,219.64317627579604,180.0,180.0,218.05555555555554,193.17062455244817,185.40983027780103,197.37913248342076,189.36524800066124,191.41998582416667,180.0,180.0,216.39256114493816,191.05042250459587,181.83700558938216,56.113969725158015,56.23070402601198,55.61340238857328,55.668822084639515,1620.0,508.3168037818026,431.8786858356153
0.5138888888888888,18.70833333333334,23.1111111111111,16.527777777777754,32.491319444444436,14.496527777777803,21.944444444444446,10.054755938500962,10.660086078735326,14.208794235937663,12.031943959214763,12.285161848166624,8.427420555781783,5.628366244214262,3991.691597381885,3932.1447055126723,556.2260414181792,2.0,1.9778123532688998,2.0,1.9787827797413773,0.0,0.0,0.16655317691107546,4.583333333333335,9.54166666666667,4.583333333333335,5.304869428256552,10.628836078735326,5.304869428256552,0.4513888888888889,0.03125,0.03125,0.0,0.0,1.31362438298255,5.569444444444445,11.972222222222214,5.569444444444445,6.663589961046451,14.137613680382108,6.663589961046451,0.53125,0.07118055555555552,0.07118055555555552,0.14583333333333331,0.14583333333333331,16.23611111111109,6.065972222222221,20.359374999999993,6.065972222222221,5.761110625881431,12.13932851483329,5.761110625881431,0.2048611111111111,0.0,0.0,1.0083358189263714,4.00352183194944,15.390775783654005,9.145220228098447,4.423898723832344,4.423898723832344,63.207358442223,53.862358442222785,14.312500000000025,0.18402777777777785,0.0,0.0,0.0,0.0,0.0,0.0,0.0,0.0,0.0,0.0,0.0,0.0,0.0,0.0,0.22222222222222227,21.722222222222225,0.0,0.0,4.340277777777778,4.340277777777778,73.44831056097554,64.10331056097546,1.2880884664364842,0.34027777777777773,17.281417376601958,11.035861821046446,0.0,0.0,0.0,0.0,0.0,0.0,22.261044136853176,21.847222222222225,24.837497395654925,23.222222222222204,30.346247950243907,28.28934598351673,69.4816086558048,73.22564016866905,9,219.61111111111111,196.46523828611538,194.32470952265496,219.49652777777777,193.32638888888985,195.26890918041173,190.42274163797612,219.34884982638889,219.61111111111111,195.60082820965513,188.83586434656013,219.31423611111111,180.0,180.0,219.61111111111111,190.52459801516727,194.92743796953908,180.15210232732966,188.83997653651124,186.79237363513548,180.0,180.0,219.61111111111111,189.86776094399883,194.6071774758868,45.529546989099636,46.07026171187731,44.33177496859199,44.49816067307261,1800.0,502.3319798491917,534.1601609783212
20.68055555555556,0.37500000000000006,1.5555555555555403,46.08333333333327,12.769097222222253,47.71875000000001,58.83333333333333,10.03654260187874,11.741433455295331,15.99538585091475,9.322916666666666,16.232574425676024,14.545671840783703,12.802620635877805,4011.2089226330622,3916.584485915158,644.9808801005025,2.0,2.0,2.0,2.0,4.444444444444445,4.444444444444445,10.03654260187874,0.0,0.37500000000000006,0.0,0.0,2.224072344184218,0.0,10.534722222222225,5.072916666666668,5.072916666666668,4.304433265878223,4.304433265878223,10.54716342014393,0.06944444444444448,1.4166666666666514,0.06944444444444448,0.5833333333333333,7.011241988693229,0.5833333333333333,9.647615637131043,4.679710596343299,4.679710596343299,6.562500000000001,6.562500000000001,32.95833333333327,0.1076388888888889,12.553819444444475,0.1076388888888889,0.0,5.104102203453802,0.0,9.215277777777777,4.565972222222221,4.565972222222221,5.252712850808729,14.464942674117037,35.55279766086264,26.22724210530699,0.08072916666666663,0.08072916666666663,68.81217064489256,56.387170644892265,33.78472222222223,7.05902777777778,3.4375000000000013,3.4375000000000013,0.0,0.0,0.0,0.0,0.0,0.0,0.0,0.0,0.0,0.0,0.0,0.0,7.555555555555554,43.94444444444444,3.666666666666666,3.666666666666666,0.10937499999999994,0.10937499999999994,83.6546904283376,71.22969042833762,12.693245635877805,5.738823961919841,39.21937333562897,29.893817780073448,0.0,0.0,0.0,0.0,0.0,0.0,49.46937747018648,49.05555555555553,52.50416406232155,43.3888888888888,29.19721613055967,27.1231456348841,71.24765946421525,75.14241447780736,10,219.40228949652777,192.8542184745941,197.31674139862656,219.61111111111111,188.5492969569562,190.55881760824624,193.13076856011207,219.61111111111111,219.393802218967,187.99107548045276,195.04243584307153,219.61111111111111,180.0,180.0,219.61111111111111,194.52916079862382,185.45115947339204,189.56215669712813,186.65082936329154,189.0788856244438,180.0,180.0,217.25829206379876,193.71691310569108,184.6471809526868,57.878968927126714,57.9776841317895,57.75049798595973,57.83821915528836,1980.0,545.8932685927078,728.4643151820945
0.5138888888888888,18.70833333333334,23.777777777777757,38.597222222222136,40.60243055555565,29.32986111111118,42.27777777777779,12.179360078001125,13.891930821655142,21.430404922497235,11.530640462368224,17.915794390266594,11.020952610017137,5.1753043568569455,3924.8530694308547,3853.087320000634,761.3839642099035,2.0,1.9711825914633012,2.0,1.9731344650895544,0.0,0.0,2.3096800918153098,4.583333333333335,9.54166666666667,4.583333333333335,5.2863466528524805,13.860680821655142,5.2863466528524805,0.4513888888888889,0.03125,0.03125,0.0998263888888889,0.0998263888888889,4.133886541705538,5.569444444444445,12.638888888888866,5.569444444444445,6.793263002295515,21.330578533608346,6.793263002295515,0.2881944444444445,0.0,0.0,0.14583333333333331,10.548611111111107,27.902777777777697,6.065972222222221,28.470486111111203,6.065972222222221,5.381334906812668,17.769961056933262,5.381334906812668,0.08333333333333331,0.0,7.447759241157257,1.0694444444444444,5.667262836493526,32.81671103479021,20.411155479234427,5.353689773523611,5.353689773523611,97.68716117987061,82.1821611798702,29.145833333333403,0.18402777777777785,0.0,0.0,0.0,0.0,0.0,0.0,0.0,0.0,0.0,0.0,0.0,0.0,0.0,0.0,0.22222222222222227,42.05555555555557,0.0,0.0,4.105859912412501,4.105859912412501,114.18757550594316,98.68257550594345,1.0694444444444444,0.34027777777777773,37.183419908257086,24.777864352701467,0.0,0.0,0.0,0.0,0.0,0.0,98.55271080351983,90.63888888888869,80.00416406232159,63.388888888888864,27.701391500200188,26.58491068549008,74.23637569096819,76.29583170274412,11,219.61111111111111,194.81491888112666,194.21569034912542,219.55034722222223,193.81250000000045,194.92304817223973,190.2327435621044,219.27256944444446,219.61111111111111,194.96292720364875,204.05555555555526,219.375,180.0,180.0,219.61111111111111,192.69248104699088,194.34791017467126,182.90593021734927,189.74677688334805,186.7227884619002,180.0,180.0,219.61111111111111,192.0893611716419,194.06554602389656,42.98412409220888,43.84001322857759,43.13317825557416,43.49880133575721,2160.0,513.1806060266744,831.1470606546615
24.930555555555564,2.7638888888888946,0.0,83.31944444444429,51.39730378966479,41.67708333333349,57.83333333333334,11.657700481851945,13.336236574157187,17.22012617610574,11.209412970583726,15.593193761909028,6.7612585539186725,7.247369665029785,3991.155514715813,3912.674090621098,866.7257985017093,2.0,1.9993692775646534,2.0,1.999405675048336,4.394097222222222,9.729565750573878,11.657700481851945,0.0,2.7638888888888946,0.0,0.0,3.8692226852682965,0.0,10.534722222222225,5.072916666666668,9.322916666666673,3.6735981614344864,3.6735981614344864,14.805085812316,0.0,0.0,0.0,0.0,9.218693819734742,0.0,10.280533204289776,4.327834194936512,4.327834194936512,6.562500000000001,29.79861111111108,46.958333333333215,0.0,51.39730378966479,0.0,0.0,4.575832650797917,0.0,11.209412970583726,4.454861111111111,22.733021282004675,0.8528514991815601,6.7612585539186725,43.57777638080215,28.092220825246258,0.0,0.0,111.29101637036698,92.70601637036647,39.28472222222238,2.3923611111111134,0.0,0.0,0.0,0.0,0.0,0.0,0.0,0.0,0.0,0.0,0.0,0.0,0.0,0.0,2.8888888888888875,54.94444444444446,0.0,0.0,0.0,0.0,122.57725997519356,103.99225997519403,7.247369665029785,1.0959070547371146,49.844836047526385,34.359280491970665,0.0,0.0,0.0,0.0,0.0,0.0,129.1985441368531,113.78472222222211,88.83749739565489,64.72222222222204,29.376781463939572,29.412013939174052,71.0915879539315,71.06683448990493,12,219.40228949652777,193.1200899272691,204.05555555555472,219.61111111111111,190.09066457915918,190.0906645791593,195.60780129615628,218.05555555555554,219.285888671875,189.30230504112464,219.99999999999974,218.05555555555554,180.0,180.0,215.2436427274745,186.46900228644316,182.6325316163625,185.39726928247893,183.49474034231267,182.67012015181794,180.0,180.0,218.05555555555554,186.17420742007016,188.53755317560552,55.76563341728366,55.97144436752927,55.704892790853265,55.75295115108076,2340.0,553.5361745491945,987.2505542582503
24.930555555555575,37.777588296289885,22.666666666666664,91.09722222222203,99.2792482341093,30.163194444444713,48.61111111111114,13.49384278783914,15.496351266885073,24.866426869390523,14.641470052560546,17.29804351917001,1.0694444444444444,1.8228407279816383,3909.731420496607,3825.6895134918636,975.4808572113453,2.0,1.9633325441893823,2.0,1.9653161784716098,0.0,27.355681386740155,3.3543761986289504,4.583333333333335,28.610921629623213,4.583333333333335,5.556133255876855,15.465101266885073,5.556133255876855,0.4513888888888889,0.03125,24.447916666666686,0.0,0.0,7.837296865803323,5.569444444444445,11.527777777777779,5.569444444444445,6.659294956559277,24.866426869390523,6.659294956559277,0.0,0.0,0.0,0.14583333333333331,49.04861111111105,41.902777777777644,6.065972222222221,87.14730378966485,6.065972222222221,5.669409142977595,17.15221018583668,5.669409142977595,2.9060886873607292,0.0,40.35913691817099,0.34027777777777773,1.0694444444444444,35.685460294638986,17.11990473908298,0.0,0.0,134.3793497037003,112.7143497036998,29.979166666666934,0.18402777777777785,0.0,0.0,0.0,0.0,0.0,0.0,0.0,0.0,0.0,0.0,0.0,0.0,0.0,0.0,0.22222222222222227,48.38888888888892,0.0,0.0,0.0,0.0,143.21948219741557,121.5544821974164,1.8228407279816383,0.7169759195463747,44.39606595906739,25.83051040351158,0.0,0.0,0.0,0.0,0.0,0.0,174.84437747018603,151.9305555555555,112.67083072898838,81.0555555555552,28.187535241230037,29.613617187091645,73.32076040849766,70.75472098863153,13,219.61111111111111,196.96353126825147,218.34703274073354,219.48958333333334,194.05555555555546,195.09350977441989,190.7212116419858,219.67599826388889,219.61111111111111,195.60558641244629,219.99999999999974,219.48958333333334,180.0,180.0,219.61111111111111,194.9474515437589,191.22222222222118,187.7597646685763,190.38887141656275,192.04818000556213,180.0,180.0,219.61111111111111,192.80654607107587,191.22222222222086,40.88018717585319,41.804385026482784,41.16253458165933,41.359645881048884,2520.0,510.7342370410239,1168.4407236883264
55.18055555555553,56.110921629623114,1.1111111111111045,127.65277777777759,124.10563712299825,42.38584169815984,64.1666666666667,12.857634788019686,13.191462439843122,26.110897949672946,8.855647945097104,18.95763092532691,4.868308200614954,7.201641533948289,3902.603411800779,3792.636177448759,1012.0243707204647,2.0,1.9984719787928644,2.0,1.9986007119370237,4.444444444444445,42.99619957032446,12.857634788019686,0.0,56.110921629623114,0.0,0.0,3.6741013287320086,0.0,10.534722222222225,5.072916666666668,39.572916666666636,4.35683082035687,4.35683082035687,17.181150388850266,0.06944444444444448,0.9722222222222157,0.06944444444444448,1.0694444444444444,17.653211201767853,1.0694444444444444,8.201711855096447,4.100855927548223,4.100855927548223,4.618055555555556,68.29861111111109,54.736111111110944,0.6041666666666667,122.8973037896649,0.6041666666666667,0.25,11.718047591993574,0.25,8.001481278430438,2.621527777777777,55.74016654703924,0.0,4.868308200614954,71.37455341772221,32.686906164006594,0.0,0.0,153.5169689887023,124.14981374073841,35.45138888888924,0.05902777777777968,4.062500000000003,2.812925031492817,0.0,0.0,0.0,0.0,0.0,0.0,0.0,0.0,0.0,0.0,0.0,0.0,2.8888888888888875,61.27777777777781,0.0,0.0,0.0,0.0,144.41725997519302,119.67225997519421,7.201641533948289,1.0730429891963664,56.556634397414385,34.91107884185846,0.0,0.0,0.0,0.0,0.0,0.0,180.0,180.0,121.50416406232168,97.38888888888833,27.078167705397988,27.094435896318178,75.28550080836055,75.19079841716638,14,219.37760416666666,193.43728291646846,219.99999999999923,219.61111111111111,189.0788300560332,190.85223833250998,192.76266211023088,219.61111111111111,218.05555555555554,186.309715612484,219.99999999999974,216.1111111111111,180.0,180.0,218.05555555555554,183.14079525094735,189.4524052311826,197.12112533199254,190.71246999655398,188.88426808894263,180.0,180.0,218.05555555555554,186.85285664010595,190.87334822411532,53.60556249117897,53.909902290981854,56.054278112616885,56.147111338306765,2700.0,589.4313299227025,1425.7859189436565
55.18055555555541,94.30536607406746,27.361111111111093,137.37500000000003,170.779248234109,33.88271325167624,59.61111111111122,13.466526970591955,18.08330272223597,26.511210171945258,11.970948276508107,23.145826827752302,1.0694444444444444,1.0694444444444444,3873.710980783712,3810.341062519083,1026.9608327341189,2.0,1.9724877964274155,2.0,1.974346546267078,0.029513888888888895,60.36649116751089,1.7093290935035141,5.347222222222224,83.61092162962301,5.347222222222224,6.409975654866216,18.02253883334708,6.409975654866216,0.4513888888888889,0.03125,54.69791666666652,0.0,0.0,9.592773319264321,6.416666666666666,14.527777777777764,6.416666666666666,6.146780818087448,26.511210171945258,6.146780818087448,0.0,0.0,0.0,0.14583333333333331,87.54861111111131,49.68055555555537,6.065972222222221,158.64730378966453,6.065972222222221,5.4570593876192195,22.97047960553008,5.4570593876192195,0.4479166666666667,0.029513888888888895,72.24403871838847,0.34027777777777773,1.0694444444444444,102.69435080736166,59.37994289190958,0.0,0.0,180.41492906766118,146.8187469863392,28.479166666667094,0.18402777777777785,3.901940118438998,1.3175786887923726,0.0,0.0,0.0,0.0,0.0,0.0,0.0,0.0,0.0,0.0,0.0,0.0,0.22222222222222227,59.388888888889,0.0,0.0,0.0,0.0,160.3928155307483,132.5678155307499,1.0694444444444444,0.34027777777777773,54.317936955235595,29.592381399679553,0.0,0.0,0.0,0.0,0.0,0.0,180.0,179.88689332456008,141.98117802732955,109.57854159054713,25.882423605472447,26.673226722218573,77.552225323193,76.04748323908082,15,219.61111111111111,198.2472093704988,219.99999999999923,219.22222222222223,193.44444444444392,197.4231006089618,192.42623500150108,219.67599826388889,219.61111111111111,195.63394374305193,219.99999999999974,219.22222222222223,180.0,180.0,219.61111111111111,193.69848613322418,192.51587773473162,187.85560734825717,190.6030535882993,189.543583713028,180.0,180.0,219.61111111111111,192.45229702124809,194.8947865602463,43.054094463181336,43.87106153316111,43.86685459428806,44.238022824680534,2880.0,575.4673690992555,1695.4449060268396
85.43055555555532,111.1109216296229,4.111111111111082,182.09722222222243,194.39730378966408,46.38353926736656,75.16666666666698,11.928552835880561,16.389171772106366,24.82181605971327,11.01114566011815,20.066975359948994,5.054076397484309,6.115663471847137,3987.931894374099,3886.4804794794727,1074.3990674606428,2.0,1.9993766305508043,2.0,1.999418167609462,4.329861111111111,76.36499192758835,11.928552835880561,0.0,111.1109216296229,0.0,0.0,6.986393994328586,0.0,10.534722222222225,5.072916666666668,69.82291666666642,3.686105198260223,3.686105198260223,17.554564847224224,0.06944444444444448,3.9722222222221935,0.06944444444444448,1.0694444444444444,17.036295979625738,1.0694444444444444,8.19882976365462,4.09941488182731,4.09941488182731,6.562500000000001,106.79861111111154,68.73611111111089,0.0,194.39730378966408,0.0,0.0,8.908989248837884,0.0,11.01114566011815,4.595486111111111,87.2478754373365,0.0,5.054076397484309,133.4804707856794,84.55131226842606,0.0,0.0,192.41617811488285,153.43994681923263,38.61805555555606,2.3923611111111134,3.6897357448278463,1.6833868558715315,0.0,0.0,0.0,0.0,0.0,0.0,0.0,11.671414693043488,0.0,14.982456409806385,0.0,0.0,2.8888888888888875,72.2777777777781,0.0,0.0,0.0,0.0,161.59059330852574,130.6855933085277,6.115663471847137,0.5300539581457906,66.60416250064748,38.79860694509144,0.0,0.0,0.0,0.0,0.0,0.0,180.0,180.0,147.45819201066323,110.9118749238806,28.02607658507396,28.99250964080368,73.58870552190078,71.76503429452552,16,219.38299680222997,193.36428421953462,219.99999999999923,219.61111111111111,190.6957904294924,192.14707559539508,192.29389707217692,219.61111111111111,219.25744062365484,189.57912925636526,219.99999999999974,218.05555555555554,180.0,180.0,218.05555555555554,186.42536045140338,190.203942324132,197.6305271989591,215.38623098366534,191.5230592255789,180.0,180.0,218.05555555555554,185.88871059838308,192.08334163499876,55.76707962870847,55.96957645039285,55.75174567660973,55.83915037236923,3060.0,640.9759055913504,1970.4907651894305
85.43055555555519,149.30536607406725,22.166666666666632,189.87500000000043,242.27924823410808,31.86234973022734,68.27777777777838,10.613517348567973,17.085907092803712,19.704766945916862,12.183022020533754,20.85659058398694,0.0,0.875,3903.8764308945897,3738.7492742219006,1157.8367638778263,2.0,1.971028416123164,2.0,1.9731820870624428,0.029513888888888895,92.7158724813911,0.4479166666666667,5.347222222222224,138.6109216296228,5.347222222222224,4.818378459679082,17.025143203914823,4.818378459679082,0.4513888888888889,0.03125,84.9479166666663,0.0,0.0,14.93069268441001,5.041666666666667,12.083333333333297,5.041666666666667,2.917399866507098,19.704766945916862,2.917399866507098,1.0898690237425983,0.0,0.0,0.14583333333333331,126.04861111111177,63.680555555555316,6.065972222222221,230.14730378966362,6.065972222222221,5.669133131644867,20.681243361764718,5.669133131644867,0.4479166666666667,0.029513888888888895,103.2359346996636,0.0,0.0,140.85680095217617,83.88385743412803,0.0,0.0,211.03636041210467,167.94291356032693,31.64583333333395,0.18402777777777785,0.032488619115611794,0.0,0.0,0.0,0.0,0.0,0.0,0.0,0.0,40.55681705854957,0.0,43.22239176378881,0.0,0.0,0.22222222222222227,68.05555555555615,0.0,0.0,0.0,0.0,179.8994821974144,145.91448219741676,0.875,0.24305555555555552,61.44155402406894,30.555998468512975,0.0,0.0,0.0,0.0,0.0,0.0,179.16866223055555,179.05212191763826,148.7915253439963,112.24520825721409,33.559497305399965,34.681317348683166,63.931862167095545,62.24588931848665,17,219.61111111111111,198.26481103904084,219.99999999999923,219.22222222222223,193.751921472509,193.7519214725091,188.3718155058081,219.68389450367516,219.61111111111111,195.63869656147372,219.99999999999974,219.22222222222223,180.0,180.0,220.0,200.56147944100078,192.52624176975274,187.9523608158409,219.99999999999724,188.49255010877388,180.0,180.0,219.61111111111111,193.0025170962119,192.48241723510318,43.20591483354703,43.99590446665929,42.837506694833685,43.44201198587428,3240.0,680.2870660059974,2192.773884090023
111.79166666666619,166.8748105185116,1.6666666666666217,234.59722222222283,265.89730378966317,56.00858032190677,93.50000000000084,8.039062499999998,8.007967164961661,19.899450815905798,10.544544752554131,17.857837005618936,0.0,10.434823901325855,3756.34039373267,3491.8406906077075,1238.4123164987263,2.0,1.9994285552170388,2.0,1.9995461903219083,2.621527777777777,107.48640874655712,7.5138888888888875,0.3819444444444445,166.11092162962268,0.3819444444444445,0.14322916666666669,2.2579671649616615,0.14322916666666669,8.59027777777778,3.128472222222223,100.07291666666619,3.6758983445532145,3.6758983445532145,22.97597827691233,0.06944444444444448,1.5277777777777328,0.06944444444444448,1.5555555555555556,11.754199564557828,1.5555555555555556,8.988877726985384,4.469352906794755,4.469352906794755,6.562500000000001,145.298611111112,82.73611111111083,0.0,265.89730378966317,0.0,0.0,6.729364783396713,0.0,10.544544752554131,4.565972222222221,118.00647096482962,0.0,0.0,163.89236064284285,102.29873381844823,0.0,0.0,219.82137392877078,171.11423974740967,46.45138888888962,4.725694444444446,2.524917942337333,2.306579046235371,0.0,0.0,0.0,0.0,0.0,0.0,0.0,68.94271281753119,0.0,77.63187889415354,0.0,0.0,5.22222222222222,85.61111111111197,1.3333333333333333,1.3333333333333333,0.0,0.0,176.4305933085251,139.36559330852788,10.434823901325855,3.8563008395518166,78.77857890297093,44.813023347415175,0.0,0.0,0.0,0.0,0.0,0.0,180.0,180.0,163.7915253439969,127.24520825721386,35.769677245331245,37.67129292366925,60.00331385560518,57.392107718656625,18,218.05555555555554,196.01752371477963,219.99999999999923,216.1111111111111,190.41972813512274,192.2445165303949,192.94295473431535,219.61111111111111,219.25776449974927,189.48399057068414,219.99999999999974,218.05555555555554,180.0,180.0,220.0,195.66274104362628,192.50767500483371,202.55283846671594,219.99999999999724,192.75121462664535,180.0,180.0,218.05555555555554,192.4456574528487,193.72781696393884,55.77707180720507,56.02087600349882,56.13566304263436,56.82641493949886,3420.0,784.0956786368066,2510.849736459895
115.68055555555496,203.5414771851781,23.888888888888836,242.3750000000008,313.7792482341072,43.16724950855687,81.87414455096526,10.147089434712118,10.22820664720201,14.085574005670884,11.03557133138525,16.62569739522197,0.0,1.0694444444444444,3647.3948587253317,3347.7684474607936,1295.6673027149748,2.0,1.9746452715085507,2.0,1.9797353165003913,0.0,124.12122986416179,0.08333333333333331,4.9652777777777795,193.61092162962257,4.9652777777777795,5.098478323601005,10.19695664720201,5.098478323601005,0.4513888888888889,0.03125,115.19791666666607,0.0,0.0,15.618808568937457,5.569444444444445,12.749999999999948,5.569444444444445,3.8038968372363335,14.085574005670884,3.8038968372363335,0.045138888888888895,0.0,0.0,0.14583333333333331,164.54861111111222,77.68055555555526,6.065972222222221,301.6473037896627,6.065972222222221,4.886265775829696,16.479864061888637,4.886265775829696,0.08333333333333331,0.0,133.40679495795942,0.0,0.0,187.27987975754547,120.76986997820542,0.0,0.0,246.7193340037702,193.78317299740957,39.479166666667524,0.18402777777777785,2.3837790526335616,1.120276011478008,0.0,0.0,0.0,0.0,0.0,0.0,0.0,98.57914776597809,0.0,107.94691488641286,0.0,0.0,0.22222222222222227,81.38888888889002,0.2630334398530107,0.0,0.0,0.0,196.16989643029964,154.59448219741694,1.0694444444444444,0.34027777777777773,88.75792372053378,36.47540160483137,0.0,0.0,0.0,0.0,0.0,0.0,180.0,179.886893325,179.52777777777777,159.91187492388062,36.3122003418681,39.2516485413949,58.831088611822054,54.310875865745196,19,219.61111111111111,197.23697916666436,219.99999999999923,219.375,192.59722222222078,195.5741620748966,191.28996638483966,219.40755208333334,219.61111111111111,195.63830618020683,219.99999999999974,219.375,180.0,180.0,220.0,204.21738421743106,192.53924766427025,189.5612930380184,219.99999999999724,191.2195675534602,180.0,180.0,219.61111111111111,193.4129324803207,192.69717068631562,43.18640092034346,44.86006374757124,45.208809390944886,47.08118488486906,3600.0,836.6589833240156,2798.490625022587
142.04166666666598,221.87481051851137,2.333333333333272,278.93055555555657,338.60563712299563,68.63947173077938,103.97183351249703,8.282118055555554,6.279513888888889,13.0321603979888,8.606412399380392,16.03705044787344,0.0,6.98306395934563,3905.1093032723943,3626.6223754418497,1256.896226487439,2.0,1.9993229172715048,2.0,1.9994604689798137,2.864583333333333,139.53400962902649,7.756944444444443,0.3819444444444445,221.11092162962245,0.3819444444444445,0.14322916666666669,0.28645833333333337,0.14322916666666669,8.59027777777778,3.128472222222223,130.32291666666598,4.402571787118013,4.402571787118013,24.55616061888204,0.06944444444444448,2.194444444444383,0.06944444444444448,1.0265182725958266,4.215526110870789,1.0265182725958266,8.829427083333334,4.4140625,4.4140625,4.618055555555556,183.79861111111245,90.51388888888856,0.6041666666666667,337.39730378966226,0.6041666666666667,0.24530128826928344,8.554411558984551,0.24530128826928344,7.756944444444443,2.864583333333333,148.07533975965524,0.0,0.0,217.92783983254526,147.30190990320534,0.0,0.0,274.13525415377023,215.93414617240975,49.61805555555652,2.3923611111111134,9.464239127633606,7.164815936478125,0.0,0.0,0.0,0.0,0.0,0.0,0.0,126.61263966726226,1.6711572637849073,141.025854358967,2.1980669860071296,0.0,2.8888888888888875,94.27777777777918,3.7984820149641463,3.0066848308648186,0.0,0.0,216.06211865252152,162.26781553075034,6.98306395934563,0.9637542018950371,124.53542554539166,59.22465320892754,0.0,0.0,0.0,0.0,0.0,0.0,180.0,180.0,180.0,180.0,31.457164162055566,35.67940690653481,66.36217961760629,58.32750497726973,20,218.05555555555554,196.1606330634703,219.99999999999923,216.1111111111111,190.850431108883,193.5544934464839,193.4223573303381,219.61111111111111,218.05555555555554,187.55352204398756,219.99999999999974,216.1111111111111,180.0,180.0,220.0,193.97868432902064,190.94876598329427,199.78559117668533,219.99999999999724,195.59578580444875,180.0,180.0,218.05555555555554,186.59722831690615,190.82258176325675,55.69716247102528,56.23227719846558,55.44872411135457,55.855576323747066,3780.0,969.942216749432,3228.998762556064
145.93055555555475,258.5414771851779,24.555555555555486,286.70833333333456,386.2723037896618,68.83391617522385,90.84713042359961,10.167720701956943,9.387524737247215,9.112718618916837,13.20278816191078,22.64345203976232,0.0,0.0,3942.378318167019,3917.364002172758,1198.5305245342188,2.0,1.9694824727305729,2.0,1.9672653603974468,0.09027777777777773,156.3449041936335,0.5694444444444444,4.9652777777777795,248.61092162962234,4.9652777777777795,4.632998479734718,9.265996959469437,4.632998479734718,0.4513888888888889,0.03125,145.44791666666586,0.0,3.4848730591020405,18.6600325104872,5.569444444444445,13.416666666666597,5.569444444444445,4.361914865013975,9.112718618916837,4.361914865013975,0.001302083333333648,0.0,2.276407001341173,0.14583333333333331,203.04861111111268,83.51388888888854,6.562499999999999,373.1473037896618,6.562499999999999,6.070843717466335,22.40734092865121,6.070843717466335,0.5694444444444444,0.09027777777777773,163.44708405137246,0.0,0.0,241.33477994504426,177.32496979070535,0.0,0.0,301.03321422877093,246.21618609740975,42.64583333333443,0.18402777777777785,9.303679240133443,16.700375823978195,0.0,0.0,0.0,0.0,0.0,0.0,0.0,159.46766295670017,24.965788671814543,171.56638197323414,23.661856962223595,0.0,0.22222222222222227,90.05555555555723,0.29117298345163883,0.27817966236850217,0.0,0.0,239.75989643029914,182.88559330852837,0.0,0.0,146.98819823090255,77.81862203142234,0.0,0.0,0.0,0.0,0.0,0.0,180.0,180.0,179.52777777777777,179.52777777777777,29.692951942874416,31.307308207068985,70.44610668540514,66.50603456297044,21,219.61111111111111,197.73263888888619,219.99999999999923,219.22222222222223,193.56944444444235,196.62754387445918,196.5321706450487,219.62738715277777,219.61111111111111,194.4381213493392,219.99999999999974,219.22222222222223,180.0,180.0,220.0,201.8729606170989,192.45591869341152,187.68635847530277,219.99999999999724,219.99999999999292,180.0,180.0,220.0,197.21916615867926,192.4448294830142,42.87693217459355,41.56571672384392,42.21675730933537,42.10972359086743,3960.0,1048.2401020900381,3671.1640406203446
172.29166666666575,276.8748105185119,48.24999999999988,329.09722222222365,409.1125815674392,95.78783304701778,116.95831226289047,8.101562499999998,6.067708333333334,11.127375905739168,9.070963541666668,17.488046273203665,0.0,0.0,3983.3577765973787,3869.5193407230613,1184.297699944117,2.0,1.9993617100765557,2.0,1.9993908024332439,2.652777777777777,171.6853829098871,7.5763888888888875,0.3819444444444445,276.11092162962296,0.3819444444444445,0.14322916666666669,0.28645833333333337,0.14322916666666669,8.59027777777778,3.128472222222223,160.57291666666575,1.6705685763888887,19.14584882177114,23.537539591380966,0.9166666666666667,46.41666666666655,0.9166666666666667,2.9166666666666665,7.376078162683614,2.9166666666666665,6.49609375,2.080729166666667,16.111650402150513,6.562500000000001,222.2986111111129,100.23611111111073,0.1076388888888889,408.89730378966135,0.1076388888888889,0.0,6.60707839125922,0.0,8.963324652777779,4.318467881944445,177.74428356984416,0.0,0.0,265.99021688350456,204.3312275018164,0.0,0.0,310.9511043231273,267.53183037518806,57.4513888888901,4.725694444444446,10.39161617859387,23.219133535089373,0.0,0.0,0.0,0.0,0.0,0.0,0.0,188.38601959727777,36.69970334928999,183.30029665070964,52.528419411852596,0.0,5.22222222222222,107.61111111111305,2.0759976135013094,2.0489813160539017,0.0,0.0,240.9069079397346,180.53114886408437,0.0,0.0,166.14663579013214,93.61004259995948,0.0,0.0,0.0,0.0,0.0,0.0,180.0,180.0,180.0,180.0,30.108203714819847,27.945166130230707,69.73528291417537,73.68319259974331,22,218.05555555555554,195.6372697875745,219.99999999999923,216.1111111111111,188.0064053631003,192.16013731148178,219.9999999999996,216.1111111111111,219.45833333333334,191.02589528457855,219.99999999999974,219.61111111111111,180.0,180.0,220.0,195.1131701481284,191.88692474384646,201.43137348824115,219.99999999999724,219.99999999999292,180.0,180.0,220.0,194.46825225300321,191.55780554863912,55.75392580721268,55.839127955759025,55.667947652255776,55.80913921516501,4140.0,1172.6524454017467,4101.658442114846
176.18055555555452,313.5414771851794,98.79311701355833,336.8750000000016,456.77924823410535,88.2177905268793,130.4817474124687,10.1457079980572,10.39211044055884,13.688097734327357,12.553132995963423,15.465329367793835,0.0,0.0,3911.564652850192,3769.4898566319753,1150.7498295425396,2.0,1.9714696441617563,2.0,1.9752858212537519,0.0,189.02325284349973,0.0,4.9652777777777795,303.6109216296239,4.9652777777777795,5.18043022027942,10.36086044055884,5.18043022027942,0.4513888888888889,0.03125,175.69791666666563,0.0,36.05802590147965,13.806338195242402,9.981067705394679,79.41666666666659,9.395382641497067,8.345278650836185,13.688097734327357,8.041630935660933,0.045138888888888895,0.0,30.50190044599801,0.14583333333333331,241.54861111111313,95.18055555555516,6.065972222222221,444.6473037896609,6.065972222222221,6.487160773741202,15.319496034460501,6.487160773741202,0.0,0.0,192.46742304259055,0.0,0.0,289.59100336475484,228.72928738931623,0.0,0.0,337.9782953106277,294.0638703001884,50.47916666666801,0.18402777777777785,10.424902659843992,27.129693422589515,0.0,0.0,0.0,0.0,0.0,0.0,0.0,211.23240162777506,36.69970334928999,183.30029665070964,84.60009405708699,0.0,0.22222222222222227,130.1194282939761,0.14009689627036542,0.0,0.0,0.0,262.7220456897345,195.76003775297343,0.0,0.0,176.9903808823631,89.71767780537604,0.0,0.0,0.0,0.0,0.0,0.0,180.0,180.0,179.339513775,178.89245722174863,28.47814434867986,26.215836771719264,72.78949547019744,76.99644066524891,23,220.0,197.2369791666634,219.99999999999923,219.61111111111111,198.22222222221967,201.1304657129584,219.9999999999996,219.53732638888889,220.0,194.44444444444184,219.99999999999974,219.61111111111111,180.0,180.0,220.0,204.15774422543592,192.5094276682724,197.2484670669081,219.99999999999724,219.99999999999292,180.0,180.0,220.0,203.31991927038848,211.64735595518397,42.98083984182693,43.787254373626155,43.314778081015994,44.9870493654766,4320.0,1238.148546442874,4533.2466552095275
202.54166666666552,331.8748105185137,153.7544477796337,381.59722222222405,480.39730378966044,104.51126642349107,180.31627336975055,4.414062500000014,4.387152777777786,1.6226628081697694,3.8888888888889315,8.506944444444466,0.0,0.0,3953.0884084840277,3841.874044620704,1149.0078773601329,2.0,1.9993410830945766,2.0,1.9994380650037362,0.9722222222222292,199.68410629929087,3.8888888888889026,0.3819444444444445,331.1109216296248,0.3819444444444445,0.14322916666666669,0.28645833333333337,0.14322916666666669,8.59027777777778,3.128472222222223,190.82291666666552,0.0,50.92197391829324,21.756456451091704,20.7692744556276,112.41666666666676,20.568506657339327,13.27572901474173,1.6226628081697694,13.35699856517581,10.062684581959905,0.0,44.455117736978046,6.562500000000001,260.79861111111336,114.23611111111067,0.0,480.39730378966044,0.0,0.0,0.0,0.0,3.8888888888889315,1.9444444444444657,201.29501172638683,0.0,0.0,314.7536637766449,251.56788065181632,0.0,0.0,354.01953623132243,308.7148434751878,60.61805555555701,2.3923611111111134,12.020063071733519,29.480786685089427,0.0,0.0,0.0,0.0,0.0,0.0,0.0,217.61294901691983,36.69970334928999,183.30029665070964,114.09513477857185,0.0,5.22222222222222,171.5409398022899,2.2197780119050643,1.3333333333333333,0.0,0.0,265.86166249529026,189.21114886408455,0.0,0.0,197.41172574093514,96.75482318644858,0.0,0.0,0.0,0.0,0.0,0.0,180.0,180.0,180.0,177.75086739623174,27.33509075649023,26.58610167387539,74.75280100776571,76.18511699529503,24,218.05555555555554,195.9817095509325,219.99999999999923,216.1111111111111,208.4341062992909,207.12834505972023,219.9999999999996,216.43750000000003,219.35069444444446,190.6684499548046,219.99999999999974,219.69444444444446,180.0,180.0,220.0,193.27798636290922,190.14690334336933,203.9418534109688,219.99999999999724,219.99999999999292,180.0,180.0,220.0,188.68499864677645,217.61294901691983,55.754819935542145,55.96326761409324,55.66205636591976,56.03191116550411,4500.0,1313.8795788074544,4932.694461200359
206.4305555555543,367.7775882962923,219.75444777963355,398.7083333333353,526.0778593452156,88.53272444579933,214.70566134574113,9.056103539744445,8.976790412822218,7.0374457900881335,11.304330821233702,12.823939420245184,0.0,0.0,3943.679815479879,3870.778621306361,1161.3777314327904,2.0,1.9745648307701986,2.0,1.9765200222079078,0.0,206.93168479335006,0.0,4.583333333333335,358.6109216296257,4.583333333333335,4.472770206411109,8.945540412822218,4.472770206411109,0.4513888888888889,0.03125,205.9479166666654,0.0,67.21291706972325,23.845607271774238,37.269274455627595,145.41666666666666,37.06850665733931,21.554932036862702,7.0374457900881335,21.63620158729677,11.754145513125007,0.0,58.852038423784336,0.14583333333333331,280.0486111111136,118.51388888888842,4.965277777777778,516.14730378966,4.965277777777778,6.339053043455925,12.67810608691185,6.339053043455925,0.0,0.0,208.38469409609158,0.0,0.0,334.75223474892994,266.4929899240618,0.0,0.0,376.665633696658,326.45360104882025,55.97916666666822,0.18402777777777785,8.451134044018415,23.918395957334912,0.0,0.0,0.0,0.0,0.0,0.0,0.0,219.386421982919,36.69970334928999,183.30029665070964,146.92158554762509,0.0,0.22222222222222227,214.36758372329749,0.11585540022141488,0.0,0.0,0.0,283.2847636337595,199.7733710863069,0.0,0.0,209.5295551643147,90.05962597101257,0.0,0.0,0.0,0.0,0.0,0.0,179.685806840283,179.51968503194638,179.24562879857615,178.7340652071124,27.321457596843477,28.81564736987868,74.89365283700585,72.22782056455858,25,220.0,197.20746527777402,219.99999999999923,219.61111111111111,206.93168479335006,208.38469409609158,219.9999999999996,219.43771701388889,220.0,198.1909722222195,219.99999999999974,219.61111111111111,180.0,180.0,220.0,202.10779842370022,194.85327959938533,202.45874176440026,219.99999999999724,219.99999999999292,180.0,180.0,220.0,199.13578439131587,219.4623036266539,43.073390787643845,43.91351691355337,44.95981305103693,45.410066536188765,4680.0,1409.3723036811173,5365.763912487543
236.68055555555418,386.1109216296266,285.7544477796334,448.0972222222247,551.8973037896595,118.7040415533117,273.18780540969993,3.888888888888903,7.01736111111112,3.0566862020404346,0.7777777777778141,6.951388888888908,0.0,0.0,4001.0952707438087,3878.7094158528294,1189.0606105176694,2.0,1.9999985305862096,2.0,1.9999986377385839,1.9444444444444515,212.1432080394564,3.888888888888903,0.0,386.1109216296266,0.0,0.0,0.0,0.0,10.534722222222225,5.072916666666668,221.0729166666653,0.0,79.76141602835195,39.141368784045966,53.76927445562768,178.41666666666632,53.568506657339384,29.62929413708032,3.0566862020404346,29.710563687514373,29.96566319099373,0.0,72.31353697668352,6.562500000000001,299.2986111111138,142.2361111111109,0.0,551.8973037896595,0.0,0.0,0.0,0.0,0.7777777777778141,0.38888888888890705,211.67740946095697,0.0,0.0,360.74908752207114,288.37523203621095,0.0,0.0,380.75807987101854,323.3339178810433,75.45138888889038,7.05902777777778,10.880486817159309,25.313138069484225,0.0,0.0,0.0,0.0,0.0,0.0,0.0,219.79251230587897,36.69970334928999,183.30029665070964,173.37855363781097,0.0,7.555555555555554,258.2051779733255,3.7485328316046234,3.6785390492143213,0.0,0.0,276.56685031805625,185.63305719584133,0.0,0.0,234.10811920264848,109.82676011886409,0.0,0.0,0.0,0.0,0.0,0.0,179.1074384251531,178.93500331498785,180.0,180.0,28.16981337764913,30.70750044086708,73.23108471556638,68.65974629245262,26,219.47482638888889,195.48499221246848,219.99999999999923,219.71354166666666,217.97654137278974,212.84407612762368,219.9999999999996,219.51388888888889,219.01736111111111,188.7347211719518,219.99999999999974,219.02777777777777,180.0,180.0,220.0,196.93451961539833,195.34857752617614,207.89313175212476,219.99999999999724,219.99999999999292,180.0,180.0,219.714476789766,188.21411205921868,219.7940314031012,57.88268814227374,57.98601433621899,57.671969540794166,57.72876600801856,4860.0,1487.8836365868724,5787.353614536278
236.68055555555406,422.77758829629414,351.754447779633,465.2083333333363,597.5778593452147,111.00881280793088,302.89088568543366,9.337528721349557,9.539640776032442,6.700458878790553,10.883878886999794,11.983035551777366,0.0,0.0,3929.95206399577,3828.719801869247,1173.4319311881825,2.0,1.9769481477790458,2.0,1.9781579976062855,0.0,214.48680452219315,0.0,4.583333333333335,413.6109216296275,4.583333333333335,4.754195388016221,9.508390776032442,4.754195388016221,0.4513888888888889,0.03125,236.19791666666518,0.0,96.39508289832862,59.54457974245552,70.26927445562767,211.41666666666598,70.06850665733936,36.00624063844323,6.700458878790553,36.087510188877275,47.87045205034151,0.0,86.98283978093625,0.14583333333333331,318.54861111111404,146.51388888888894,4.965277777777778,587.6473037896591,4.965277777777778,5.918601109222016,11.837202218444032,5.918601109222016,0.0,0.0,215.09979282178728,0.0,0.0,383.0276233902036,305.41832903259393,0.0,0.0,405.90323587935234,343.50228768243187,79.3645272789948,0.18402777777777785,9.591522685291334,21.868735065866975,0.0,0.0,0.0,0.0,0.0,0.0,0.0,219.94240160964023,36.69970334928999,183.30029665070964,202.87760352914682,0.0,0.22222222222222227,302.1251069978059,0.08034312159623519,0.4632133438093062,0.0,0.0,289.6896306388891,199.1004689541748,0.0,0.0,247.77879184876767,125.76009888538019,0.0,0.0,0.0,0.0,0.0,0.0,179.91299398055554,179.74055887083333,179.12243609305554,179.38586928055554,27.771481054366465,29.69175899261223,74.09305622085105,70.4915166829506,27,220.0,196.12847222221777,219.99999999999923,219.61111111111111,214.48680452219315,215.09979282178728,219.9999999999996,219.56163194444446,220.0,196.53819444444153,219.99999999999974,219.61111111111111,180.0,180.0,220.0,204.16623803840363,203.39903518708292,203.7519785624791,219.99999999999724,219.99999999999292,180.0,180.0,220.0,197.5723819509646,219.94543980408469,43.012969646502285,43.82235696656756,46.61445137893321,46.55681968562816,5040.0,1614.812760929583,6272.763901765084
254.8871527777763,430.4859216296275,392.254447779633,489.6597222222251,609.5848037896591,131.71613629296579,338.11393517511283,2.0674483041766667,4.127474152088334,1.5886379576962506,0.7777777777777857,4.326388888888893,0.0,0.0,3861.4867723821117,3690.634848855448,1200.6091595851387,2.0,1.9999986143385104,2.0,1.9999986515795154,1.0337241520883333,216.89882754373258,2.0674483041766667,0.0,430.4859216296275,0.0,0.0,0.0,0.0,6.314236111111112,3.0937500000000004,245.47916666666518,0.0,108.62997492869864,79.87946719484205,80.39427445562767,231.66666666666598,80.19350665733936,42.149204089240456,1.5886379576962506,42.2304736396745,68.71654516144663,0.0,99.24346402831772,3.9375,330.36111111111404,155.3611111111111,0.0,609.5848037896591,0.0,0.0,0.0,0.0,0.7777777777777857,0.38888888888889284,216.71373350522876,0.0,0.0,395.9344761624254,315.40057114648175,0.0,0.0,397.13286919046345,328.703478360209,100.18178365569632,4.21875,8.036500457513561,19.27910217975591,0.0,0.0,0.0,0.0,0.0,0.0,0.0,219.9818754396032,36.69970334928999,183.30029665070964,215.4595470269153,0.0,4.5,329.11393517511283,2.25,2.25,0.0,0.0,261.6468528611107,170.75600779693045,0.0,0.0,252.4026807376562,133.03493676699,0.0,0.0,0.0,0.0,0.0,0.0,179.107438425,178.93500331527778,175.99936745354108,180.0,29.918593756727883,30.902369286067827,69.7928290106028,67.82129159989113,28,219.677734375,202.15843987663854,219.99999999999923,219.82421875,219.99999999999758,217.88040017189545,219.9999999999996,219.38498263888889,219.6015625,193.81104696596273,219.99999999999974,219.8125,180.0,180.0,219.95306272903196,191.69157819686674,215.75164611973938,215.7024150379367,219.99999999999724,219.99999999999292,180.0,180.0,219.7188721982248,190.95267108394896,219.9818754396032,57.91856886962516,58.04667711015959,57.740080986263614,57.76552333582387,5220.0,1649.856583554604,6437.473582327594
248.9166666666653,438.81925496296,407.25444777963367,483.73577749175433,620.0086454508348,107.54784422652376,339.1075857709242,5.69616514898339,9.308996964633446,0.8630033857427337,5.891813568785787,9.752377137571575,0.0,0.0,2744.3008710147233,2604.9880388251195,1150.6153154937463,2.0,1.9911036533682214,2.0,1.992618073209083,0.0,217.67412065779882,0.0,1.0416666666666667,436.7359216296266,1.0416666666666667,4.654498482316723,9.308996964633446,4.654498482316723,0.0,0.0,248.9166666666653,0.0,118.7047018855339,94.60186931004876,84.14427445562784,239.16666666666632,83.94350665733953,43.64710362194002,0.8630033857427337,43.72837317237406,81.67949345190996,0.0,108.1367588940749,0.0,334.7361111111138,148.9996663806405,1.015625,617.7098037896595,1.283216661175272,4.876188568785787,9.752377137571575,11.925842645879577,0.0,0.0,217.93272509669015,0.0,0.0,373.44723933460114,298.720262483168,0.0,0.0,384.6072862802819,313.9257005824315,107.54784422652376,0.0,0.0,0.0,0.0,0.0,0.0,0.0,0.0,0.0,0.0,219.99520642173894,36.69970334928999,183.30029665070964,218.53707211022345,0.0,0.0,339.1075857709242,0.0,0.0,0.0,0.0,235.4746306388878,143.88378557470853,0.0,0.0,230.89712518209998,111.09645669755228,0.0,0.0,0.0,0.0,0.0,0.0,178.7682919205207,178.67606128612528,169.52714523131866,173.26070229165984,27.255457816264467,29.23457725237334,67.0654509304897,63.51341541149382,29,220.0,214.0993923611065,219.99999999999923,219.90451388888889,217.67412065779882,217.93272509669015,219.9999999999996,219.85677083333334,220.0,213.30657119558265,219.99999999999974,219.87847222222223,180.0,180.0,220.0,211.21298353112329,218.6614878943621,218.60315710329104,219.99999999999724,219.99999999999292,180.0,180.0,220.0,206.27141377263177,219.9957992470806,50.93167992976276,51.73283429939952,50.10045754189512,51.0043872306462,5400.0,1673.2754224854789,6368.115539412606
255.7916666666654,442.9859216296257,422.25444777963435,496.5542901198264,629.9268266111202,119.6264750137618,352.4400501622718,0.8722047533245529,1.5819357099956102,0.09092194095536144,0.7752280887403202,1.8459473777034932,0.0,0.0,2383.4434879572805,2334.831510156102,1049.5680942903723,2.0,1.999999369916305,2.0,1.9999993912969725,0.43610237666227647,218.69169287001077,0.8722047533245529,0.0,442.9859216296257,0.0,0.0,0.0,0.0,2.2916666666666674,1.1458333333333337,252.3541666666654,0.0,121.23250076357567,97.91305755948315,87.89427445562801,246.66666666666666,87.6935066573397,44.151398681714184,0.09092194095536144,44.23266823214823,89.16772781030807,0.0,112.65610416201434,1.458333333333333,339.1111111111136,155.9848456753795,0.0,625.83480378966,4.092022821460163,0.0,0.0,21.029864357735445,0.7752280887403202,0.3876140443701601,218.83715786688722,0.0,0.0,359.3694615568237,283.94248470539054,0.0,0.0,348.75173072472654,277.37014502687606,116.5014750137618,1.5624999999999998,0.7812499999999999,0.7812499999999999,0.0,0.0,0.0,0.0,0.0,0.0,0.0,219.99836713444,36.69970334928999,183.30029665070964,219.57792893478802,0.0,1.6666666666666663,349.1067168289385,0.8333333333333331,0.8333333333333331,0.0,0.0,189.0801861944425,96.7893411302641,0.0,0.0,226.50268073765497,106.00201225310782,0.0,0.0,0.0,0.0,0.0,0.0,170.664125253854,170.57189461945856,163.0827007868742,166.81625784721538,22.394571905415244,24.909584140776417,70.79962771645258,66.68422309916305,30,219.88064236111111,212.32347727550382,219.99999999999923,219.93489583333334,219.9999999999976,219.9999999999977,219.9999999999996,219.95225694444446,219.81076388888889,219.14555832305882,219.99999999999974,219.84722222222223,180.0,180.0,219.938806654994,211.06735859125715,219.57792893478802,219.576319805122,219.99999999999724,219.99999999999292,180.0,180.0,219.8156127526761,201.6874464802984,219.99836713444,59.48385330754746,59.53534406587913,58.55487499350637,58.498147242509816,5580.0,1667.493882375035,6237.438259889349
255.79166666666552,451.31925496295815,437.25444777963503,501.72729408247966,643.0853024546994,125.65170321179521,359.1064389475172,2.6508903623389823,3.2184473913446316,0.0978049479772567,4.183240139419636,6.078285834394829,0.0,0.0,2375.084295406521,2398.2189899984382,940.5323743090175,2.0,1.9983220878138475,2.0,1.9982799659183614,0.0,219.01876965250747,0.0,1.0416666666666667,449.2359216296248,1.0416666666666667,1.6092236956723158,3.2184473913446316,1.6092236956723158,0.0,0.0,255.79166666666552,0.0,121.7731879653069,96.70489448546864,91.64427445562818,254.166666666667,91.44350665733987,44.30622120442106,0.0978049479772567,44.3874907548551,90.83649259679875,0.0,116.6100360349993,0.0,339.2819858845776,162.44530819790208,1.2413194444444446,633.9598037896604,7.884179220594537,2.941920694975192,6.078285834394829,30.14560105222521,0.0,0.0,214.92374317362908,0.0,0.0,323.5139060012683,247.38692914983514,0.0,0.0,334.6739529469491,262.5923672490986,125.65170321179521,0.0,0.0,0.0,0.0,0.0,0.0,0.0,0.0,0.0,0.0,219.99949555441827,36.69970334928999,183.30029665070964,219.8783652962076,0.0,0.0,359.1064389475172,0.0,0.0,0.0,0.0,153.57463063888616,60.58378557470856,0.0,0.0,214.33045851543213,93.12979003088559,0.0,0.0,0.0,0.0,0.0,0.0,164.12245858718717,164.03022795279173,155.19381189798523,158.9273689583264,17.00747802091895,20.29741145060419,80.43104837555902,74.12921865452452,31,220.0,214.1026589985916,219.99999999999923,219.90451388888889,219.01876965250747,214.92374317362908,219.9999999999996,219.97118801676254,220.0,218.47808245077556,211.59174954692816,219.87847222222223,180.0,180.0,220.0,214.8926201632708,219.88491037004263,219.89404511455174,219.99999999999724,219.99999999999292,180.0,180.0,220.0,205.91580354326138,219.99952624057562,56.59082810764904,56.74508865071667,54.75868313938627,54.53601307581458,5760.0,1695.683120648877,6117.861132243687
262.6666666666647,455.4859216296239,450.1364469275409,495.31256223744947,611.1961374925563,138.12895346891642,372.43972594625353,0.3679613803087989,1.3298140234877331,0.004334763490547289,3.888888888888889,3.4027777777777777,0.0,0.0,2146.9007619944573,2241.9062687390665,831.9407006310059,2.0,1.9999994650000539,2.0,1.9999994686304896,0.18398069015439944,219.4480579295344,0.3679613803087989,0.0,455.4859216296239,0.0,0.0,0.0,0.0,2.2916666666666674,1.1458333333333337,259.2291666666647,0.0,122.432767889593,97.2881315734232,93.27627360353426,261.6666666666666,95.19350665734004,42.228449923711665,0.004334763490547289,44.42772032623979,77.9458623554832,0.0,120.0813875810083,1.458333333333333,323.3948434668321,170.45938543728403,0.0,599.5792482341049,11.616889258451456,0.0,0.0,38.389645781620096,3.888888888888889,1.9444444444444444,197.8751094069205,0.0,0.0,309.43612822349087,232.60915137205768,0.0,0.0,298.8183973913937,226.0368116935432,135.00395346891642,1.5624999999999998,0.7812499999999999,0.7812499999999999,0.0,0.0,0.0,0.0,0.0,0.0,0.0,219.99985430596763,36.69970334928999,183.30029665070964,219.9665578193905,0.0,1.6666666666666663,369.1063926129202,0.8333333333333331,0.8333333333333331,0.0,16.03400705771238,118.547526585487,24.85668152130984,0.0,0.0,214.60268073765383,92.70201225310778,0.0,0.0,0.0,0.0,0.0,0.0,156.01829192052045,155.92606128612502,148.74936745354083,152.482924513882,12.836277858086767,14.509235709717471,88.21131501545163,84.52515515178689,32,219.88064236111111,213.92130421872938,219.99999999999923,219.93489583333334,219.9999999999976,203.70844274025384,219.9999999999996,219.95225694444446,219.80280103910647,219.72089946301622,192.6979373867314,219.83129652265742,180.0,180.0,219.93772864153877,211.57476390490763,219.9675762405974,219.966412125358,219.99999999999724,219.99999999999292,180.0,180.0,218.86397939008017,201.81363819560522,219.99985841125846,59.48650808709494,59.510872632453484,58.693873043474895,58.690531279671134,5940.0,1720.9327286991756,5945.482966264941
262.6666666666638,463.81925496295634,455.13822406624774,459.98645587429974,605.4841665921007,144.36465663884326,379.10635232484356,2.646917686816348,3.210502040299363,0.0072178848420421104,5.166102982380835,7.172483742539447,0.0,2.5277777777777777,2097.6266581516534,2078.515683231718,779.3191512694817,2.0,1.9984426683172087,2.0,1.9985226184981735,0.0,219.5860434471502,0.0,1.0416666666666667,461.73592162962296,1.0416666666666667,1.6052510201496815,3.210502040299363,1.6052510201496815,0.0,0.0,262.6666666666638,0.0,122.64052854145397,96.73775425383457,87.02805074224167,269.1666666666659,98.94350665734021,32.24223297349913,0.0072178848420421104,44.439726237320016,42.21200874927763,0.0,123.60334966679446,0.0,281.88095457794265,178.10550129635712,1.5798611111111116,588.2598037896607,15.644501691328818,3.5862418712697237,7.172483742539447,47.304283356732874,0.0,0.0,166.0165545969471,0.0,0.0,273.5805726679355,196.0535958165023,0.0,0.0,284.7406196136163,211.25903391576574,144.36465663884326,0.0,0.0,0.0,0.0,0.0,0.0,0.0,0.0,0.0,0.0,219.99995123314528,36.69970334928999,183.30029665070964,219.988847745278,0.0,0.0,379.10635232484356,0.0,0.0,2.5277777777777777,37.637300488807156,104.64526446102636,10.254419396849046,0.0,0.0,202.43045851543098,79.82979003088555,0.0,0.0,0.0,0.0,0.0,0.0,149.47662525385363,149.3843946194582,140.86047856465186,144.59403562499304,12.205105913253558,12.18562304099973,89.76785080160757,89.34021331410696,33,220.0,214.09945812143457,219.99999999999923,219.90451388888889,219.5860434471502,197.05555555555298,219.9999999999996,219.97052574476436,220.0,219.37828279528856,167.88888888888778,219.87847222222223,180.0,180.0,220.0,214.8703325535445,219.9891246146973,219.99204891661384,219.99999999999724,219.99999999999292,180.0,180.0,220.0,206.96301848156722,219.99995312246853,56.598919789196074,56.760945243754385,55.04258658617484,55.10828921590837,6120.0,1712.547088294198,5745.482838191235
269.5416666666629,467.98592162962206,437.5076124758334,441.4179738684219,582.2081249254342,156.8617737589829,392.43968118529136,0.15523370731779093,1.2234501869922292,0.0002545624708787386,9.53632671609409,1.2503331489636749,0.0,0.0,2093.751675161618,2061.069224339192,737.3849088773237,2.0,1.9999994703663893,2.0,1.9999994917463941,0.07761685365889547,219.76714943902093,0.15523370731779093,0.0,467.98592162962206,0.0,0.0,0.0,0.0,2.2916666666666674,1.1458333333333337,266.1041666666629,0.0,122.91243202158427,96.97109379945954,58.147439151827825,276.6666666666652,102.69350665734038,0.0001272812354393693,0.0002545624708787386,44.44285908011139,18.823778559995134,0.0,127.07590123881997,0.0,255.1448434668311,186.2731304015908,0.3385416666666667,562.1625815674388,19.70700169132879,0.48384012568008217,0.9676802513601643,55.31804131947669,8.713944923747341,0.28265289760351053,153.26241594770957,0.0,0.0,259.50279489015804,181.27581803872485,0.0,0.0,248.88506405806092,174.70347836021037,153.7367737589829,1.5624999999999998,0.7812499999999999,0.7812499999999999,0.0,0.0,0.0,0.0,0.0,0.0,0.0,219.99998593789036,36.69970334928999,183.30029665070964,219.99670256980068,0.0,1.6666666666666663,389.10634785195805,0.8333333333333331,0.8333333333333331,0.0,66.02618937769607,84.3063755721376,0.0,0.0,0.0,200.3693474043193,77.06867891977441,0.0,0.0,0.0,0.0,0.0,0.0,141.3724585871869,141.28022795279148,134.41603412020743,127.36512168850857,12.151177837643939,11.967711713302839,89.8839044586687,89.87072878893487,34,219.88064236111111,213.9199401484711,219.99999999999923,219.93489583333334,219.9999999999976,175.274261944245,219.9999999999996,219.95225694444446,218.05555555555554,219.8835258210438,184.99999999999852,217.65277777777777,180.0,180.0,219.93737581781747,211.57282353154602,219.99670256980068,219.9966907585116,219.99999999999724,219.99999999999292,180.0,180.0,218.38043243007337,202.49752384593137,219.99998667963706,59.486658160127476,59.51137034193288,58.700497111468,58.719928989511594,6300.0,1693.3425078753535,5549.352211648273
269.54166666666197,476.3192549629545,435.3965013647217,405.82593197950706,581.0848610365457,163.11008420092386,399.10634371515323,2.646613109049622,3.209892884765911,0.0006494003518540126,6.360601059719271,8.040599183511628,0.0,2.333333333333333,2093.619779282361,2060.0517129938885,691.7575884653528,2.0,1.9984437015276866,2.0,1.9985272516566992,0.0,219.8253620792651,0.0,1.0416666666666667,474.23592162962115,1.0416666666666667,1.6049464423829556,3.209892884765911,1.6049464423829556,0.0,0.0,269.54166666666197,0.0,122.99976320656674,96.73826768771526,44.78632804071664,284.1666666666645,106.44350665734055,0.0003247001759270063,0.0006494003518540126,44.44401137201073,0.0,0.0,130.5982315615596,0.0,211.29762124460837,194.5283107348987,1.8055555555555562,555.5098037896614,23.769501691328763,3.9716805839161426,7.943361167832285,64.06839927091222,0.583364920247573,0.0972380156793421,124.92589490965025,0.0,0.0,223.64723933460272,144.72026248316948,0.0,0.0,234.8072862802835,159.9257005824329,163.11008420092386,0.0,0.0,0.0,0.0,0.0,0.0,0.0,0.0,0.0,0.0,219.9999955750559,36.69970334928999,183.30029665070964,219.9989867275379,0.0,0.0,399.10634371515323,0.0,0.0,2.333333333333333,89.3595227110295,72.13415334991552,3.7624999999999997,0.0,0.0,188.19712518209647,64.19645669755218,0.0,0.0,0.0,0.0,0.0,0.0,134.83079192052008,134.73856128612465,126.5271452313186,102.84151057739761,12.156001975360903,11.961654191056525,89.89579191897498,89.9094562657387,35,220.0,214.09908190565062,219.99999999999923,219.90451388888889,219.8253620792651,211.8365614913525,219.9999999999996,219.97047432278117,219.61111111111111,219.73803089428202,167.11111111110912,219.48958333333334,180.0,180.0,220.0,214.8671587430957,219.9989867275379,219.99900613120633,219.99999999999724,219.99999999999292,180.0,180.0,220.0,206.99128924027576,219.9999955750559,56.59905345399461,56.76110191742463,55.0449549835452,55.11950113280996,6480.0,1660.8659064374365,5396.083540828892
276.41666666666106,480.48592162962024,416.174279142499,387.736209391535,562.3626388143239,175.60984501622647,412.4396767982303,0.06548922027469926,1.1785779434706833,2.885788102702236e-05,1.2575136884610267,1.6122495991442758,0.0,0.0,2093.4855350573157,2059.872082311065,645.8876133194431,2.0,1.9999994703939559,2.0,1.9999994907867473,0.03274461013734963,219.90176616958556,0.06548922027469926,0.0,480.48592162962024,0.0,0.0,0.0,0.0,2.2916666666666674,1.1458333333333337,272.97916666666106,0.0,123.11437316224001,96.83650915851243,14.314105818494447,291.66666666666384,110.19350665734072,1.442894051351118e-05,2.885788102702236e-05,44.444379066678806,0.0,0.0,134.07099940624232,0.0,184.7034870528595,203.03272233867554,0.4513888888888889,534.0792482341062,27.832001691328735,0.8061247995721379,1.6122495991442758,72.07152015291982,0.0,0.0,100.98925097526633,0.0,0.0,209.5694615568253,129.942484705392,0.0,0.0,198.95173072472818,123.37014502687754,172.48484501622647,1.5624999999999998,0.7812499999999999,0.7812499999999999,0.0,0.0,0.0,0.0,0.0,0.0,0.0,219.9999988296902,36.69970334928999,183.30029665070964,219.99972287274096,0.0,1.6666666666666663,409.106343464897,0.8333333333333331,0.8333333333333331,0.0,118.2607564735705,52.307609334678794,0.0,0.0,0.0,186.1360140709848,61.435345586441045,0.0,0.0,0.0,0.0,0.0,0.0,126.72662525385338,126.63439461945795,120.08270078687426,79.63302211771645,12.147940773222063,11.953424279999865,89.89235641760985,89.9079205049745,36,219.88064236111111,213.91949839622896,219.99999999999923,219.93489583333334,219.9999999999976,198.79808664331944,219.9999999999996,219.95225694444446,219.95225694444446,219.95088232075244,191.22222222221987,219.85460069444446,180.0,180.0,219.93737071271272,211.57202535395732,219.99974070105475,219.99973751004126,219.99999999999724,219.99999999999292,180.0,180.0,219.13198991790853,202.49955710640432,219.99999897442297,59.486659034008746,59.51111997310554,58.70053027763776,58.72007992755332,6660.0,1655.6001651466095,5245.14395624842
276.41666666666015,489.16647718517487,414.67267332400405,367.3441289775657,561.744893511465,179.97317823760224,419.10634309743426,2.885377606480354,3.3401996574051527,3.7917358909567156e-05,6.25928452880597,7.837994209213583,0.0,3.248186325714829,2093.69082325651,2060.061393200333,597.8520241358381,2.0,1.9975058209186443,2.0,1.997630317571688,0.0,219.92632462718856,0.0,1.215277777777778,486.7359216296193,1.215277777777778,1.6700998287025763,3.3401996574051527,1.6700998287025763,0.0,0.0,276.41666666666015,0.0,122.0134953984567,96.73827571011962,1.5625000000000002,299.16666666666316,113.94350665734089,1.8958679454783578e-05,3.7917358909567156e-05,44.44446562379799,0.0,0.0,136.45576488530807,0.0,156.15904260841478,211.18508636915092,1.8055555555555562,528.0448362645807,31.894501691328706,3.8703844066117985,7.740768813223597,80.72004492027648,0.5833445666386148,0.09722539598998547,76.88232926016377,0.0,0.0,171.38057266793663,91.0535958165031,0.0,0.0,187.2072862802841,110.92570058243305,179.97317823760224,0.0,0.0,0.0,0.0,0.0,0.0,0.0,0.0,0.0,0.0,219.99999960134852,33.296494289117234,183.30029665070964,216.596693490579,0.0,0.0,419.10634309743426,0.0,0.0,3.248186325714829,135.5089427992854,38.71690677150482,4.881519659048162,0.0,0.0,169.29712518209527,43.89645669755215,0.0,0.0,0.0,0.0,0.0,0.0,120.18495858718694,120.0927279527915,112.19381189798546,52.57191100660537,12.161011408595176,11.965717139367067,89.89941548023863,89.91471846740879,37,220.0,214.33775907688397,219.99999999999923,219.90451388888889,219.92632462718856,210.50152747428476,217.7245687176047,219.97046852276372,219.61111111111111,219.50059786088488,180.21666666666434,219.48958333333334,180.0,180.0,220.0,215.49338294943112,218.1133657526934,219.999903288849,219.99999999999724,213.1935818796474,180.0,180.0,220.0,208.60219141987838,219.99999960134852,56.117703360890104,56.3026004267759,53.82606455266581,53.919009284025115,6840.0,1671.517946783926,5113.887017612642
279.85416666665924,493.5067549629518,421.7393399906701,350.8305396718555,543.8343690241999,178.2840916834611,432.4396763673482,0.35807291666666663,0.1953125,1.975609343674023e-06,1.8023642918102776,2.7019508058427775,0.0,0.0,2093.47901616585,2059.8626855371417,552.8872208463522,2.0,1.9999834557833955,2.0,1.999984965071262,0.0,219.95855760279252,0.0,0.26041666666666663,492.9859216296184,0.26041666666666663,0.09765625,0.1953125,0.09765625,0.0,0.0,279.85416666665924,0.0,117.09854265650992,97.30713365009937,0.20833333333333334,303.8374999999957,117.69350665734106,9.878046718370115e-07,1.975609343674023e-06,44.44450033805292,0.0,0.0,134.55216614413496,0.0,135.60043961603313,215.23010005582236,0.4513888888888889,508.28650293124764,35.0964772040633,1.3509754029213887,2.7019508058427775,88.30701162748366,0.0,0.0,55.63443207455954,0.0,0.0,152.63612822349253,71.60915137205863,0.0,0.0,156.01839739139547,79.03681169354414,178.2840916834611,0.0,0.0,0.0,0.0,0.0,0.0,0.0,0.0,0.0,0.0,219.99999987684174,22.80124757962946,185.001901180796,206.101516502482,0.0,1.6666666666666663,429.1063430340149,0.8333333333333331,0.8333333333333331,0.0,157.96046651769825,17.10731937880655,0.0,0.0,0.0,163.4201496693601,37.31948118481755,0.0,0.0,0.0,0.0,0.0,0.0,112.86204192052044,112.769811286125,105.74936745354113,28.69939882851066,12.14772625039442,11.95317844681255,89.89335880589701,89.90898792433262,38,220.0,211.8805636423115,219.99999999999923,219.90451388888889,219.95855760279252,213.4518664812578,207.80314876042547,219.76540798611111,219.95225694444446,214.40567630660928,192.27222222221928,219.85460069444446,180.0,180.0,220.0,211.8572280578165,206.101516502482,218.29836761889828,219.99999999999724,195.60629752084446,180.0,180.0,219.83877266548797,203.46118769823866,219.99999988433348,59.03743141274715,59.08327003724923,58.700591549431266,58.72013742478965,7020.0,1679.1988454456557,4931.247407203879
276.16527777776946,497.9744640478914,423.4553273287038,305.37477957725065,540.6722162464224,150.05353416122327,406.326205020311,2.921432204546379,3.0650866313149807,1.875268383736748,6.147400198909197,8.909383731151726,0.0,5.919860651902964,2093.7544586050362,2060.124567557393,509.7931896505785,2.0,1.9968708763611658,2.0,1.9969999515026822,0.0,212.84252931320492,0.0,1.388888888888889,495.19668627011356,1.388888888888889,1.5325433156574904,3.0650866313149807,1.5325433156574904,0.0,0.0,276.16527777776946,0.0,92.40449850937576,103.92557222472097,1.3541666666666667,302.2287504592033,119.87241020283378,0.937634191868374,1.875268383736748,44.965613334547086,0.0,0.0,108.01374841355307,0.0,115.55334279874005,189.82143677851062,1.692708333333334,500.77816959791465,38.20133831517442,4.454691865575863,8.909383731151726,96.92511210978446,0.0,0.0,34.078614738292046,0.0,0.0,121.08185716293744,39.35488031150325,0.0,0.0,141.94061961361805,64.25903391576632,150.05353416122327,0.0,0.0,0.0,0.0,0.0,0.0,0.0,0.0,0.0,0.0,190.0085420865381,10.207589641243084,171.35074369208962,184.60259120389048,0.0,0.0,406.326205020311,0.0,0.0,2.54722222222223,169.99973089755707,9.72717846023518,4.588888888888896,3.3726384296807344,0.0,145.4180776422286,18.617409157686826,0.0,0.0,0.0,0.0,0.0,0.0,105.539125253854,105.44689461945856,97.86047856465233,8.141480132161504,12.165983093195159,11.970528008635114,89.90159580303548,89.91688271949354,39,220.0,214.73307291666305,201.70798686271758,219.90451388888889,212.84252931320492,214.21327230625062,188.5583333333327,219.97829861111111,219.94791646674577,199.5991679563189,184.29635380223675,219.8524304555951,180.0,180.0,220.0,206.86298819338774,197.51750081391512,202.0270343243401,177.2222222222192,185.89444444443657,180.0,180.0,219.61111111111111,200.6667239674147,199.59951432402167,56.63111812378277,56.79155094550811,52.6884594937224,52.79853269570865,7200.0,1742.5164829377509,4592.561647564099
256.8103300490038,481.3147418256681,377.77822026560017,279.56947846100707,505.9935187840311,132.98408971677833,400.21509390919954,3.5307962052628605,6.810763888888888,4.7064569856668035,2.354726507800926,2.0833333333333335,17.220520151666996,16.93246470376773,2093.4808496575242,1951.3164264072077,466.2141669059534,2.0,1.9999839127225627,2.0,1.9999854115535451,0.0,196.5462536087698,0.08027537192952772,0.4340277777777778,480.44668627011254,0.4340277777777778,3.016493055555555,6.810763888888888,3.016493055555555,0.0,0.0,256.8103300490038,1.9444444444444444,81.34708539075177,112.41253357335091,0.0,266.17319490364673,111.60502536195342,0.744361255175094,1.8776113992390768,44.02076349468453,1.7688022839665654,0.8844011419832827,92.19313019868427,0.0,100.83137501583037,178.7381034451767,0.22569444444444445,471.2587251534704,34.50909918611625,1.0416666666666667,2.0833333333333335,100.2000956309998,1.0873653966898151,0.0,18.926304405248594,5.016666666666674,17.220520151666996,113.25365386752094,30.826677016086627,0.0,0.0,124.67929120676554,46.29770550891347,132.98408971677833,0.0,0.0,0.0,0.0,0.0,0.0,0.0,0.0,0.0,0.0,169.54957937961217,11.344892853527204,163.48471115982733,167.99222448291684,0.0,1.6666666666666663,396.8817605758662,0.8333333333333331,0.8333333333333331,0.0,154.73093721452125,0.0,0.0,16.93246470376773,3.888888888888889,142.27470087741642,14.774032392875238,0.0,0.0,0.0,0.0,0.0,0.0,98.2162085871875,98.12397795279206,83.65510802133798,1.7901505581213994,12.147558922876023,10.90610489577078,89.89415255525803,92.04899259179362,40,218.05555555555554,209.09216891293576,190.83333333333223,219.90451388888889,207.55555555555298,209.19328645595402,185.77777777777698,219.61111111111111,218.05555555555554,195.70406340854714,196.08333333332988,217.60909507943285,180.0,180.0,218.05555555555554,208.81368057079982,195.38206590337765,197.7836023265476,170.2064065908301,175.30342019628173,180.0,180.0,219.59040499743415,204.2544647770945,180.98197555617395,59.0374060770095,59.08334063103492,58.78186714470282,58.78591295006818,7380.0,1742.3161366552445,4286.934596978179
232.1868275857641,476.01890849233376,358.0907202656,216.60161373493526,483.56418047118433,96.47020082788958,363.3262050203101,6.0702850189881215,9.885361704642909,9.338472600882056,4.94765834732465,7.186983361315966,37.64950214350683,35.83925944412222,2093.8662710726358,1933.1983266000414,439.212217028678,2.0,1.995556641289922,2.0,1.9957148352817033,0.0,176.5755214872102,0.0,1.388888888888889,473.24113071455594,1.388888888888889,4.681396130099232,9.885361704642909,4.681396130099232,0.0,0.0,232.1868275857641,0.0,59.988169250593344,109.6669532596465,1.1458333333333333,248.7843060147575,108.16058091750917,4.464179159174465,9.338472600882056,51.30713550837956,0.0,0.0,58.29132494866324,0.0,64.89128806753706,151.7103256673982,1.354166666666667,457.6059473756929,24.60406642882476,3.593491680657983,7.186983361315966,97.3041050267579,0.0,0.0,0.0,0.0,35.063391032395714,90.99770492103657,7.870728069602105,2.5861111111111144,2.5861111111111144,127.26629202784565,48.1847063299934,96.47020082788958,0.0,0.0,0.0,0.0,0.0,0.0,0.0,0.0,0.0,0.0,147.15969509052627,1.6895406179663468,144.13308142812602,138.16182348497543,0.0,0.0,363.3262050203101,0.0,0.0,5.4769879185910035,152.08986957755667,8.383932363035449,8.131154585257669,30.362271525531217,0.0,121.01548591618989,0.0,0.0,0.0,0.0,0.0,0.0,0.0,90.89329192052105,90.80106128612562,74.34677468800474,0.5472222222222224,12.173600538902068,10.705450804668667,89.90591484520571,92.71628251837228,41,220.0,213.1449652777743,178.58155391339466,219.90451388888889,187.7222222222195,208.5692937185223,172.55555555555435,219.80008778802093,219.70486111111111,202.11111111110765,185.48996925399376,219.73090277777777,180.0,180.0,219.61111111111111,195.66731725229812,194.1169742699502,184.4289532212861,169.5222222222179,175.47222222221353,180.0,180.0,219.61111111111111,196.93030279841898,190.791086184742,56.14973083705687,56.33323742264832,51.469678892432505,51.5912942696195,7560.0,1682.807036134299,3894.3820337569914
207.42988314131972,457.2980751589993,291.4068015669117,193.85161373493463,418.4301681628575,74.73408971677868,346.8817605758652,7.810677083333331,9.164532685787927,4.091319198828014,3.943119751984539,3.4298932093256025,67.11136790976514,55.11464714494407,2093.480227644342,1900.469253844536,408.834489978212,2.0,1.9998808308466998,2.0,1.9998921674122292,0.0,166.3344188931848,4.861111111111109,0.4340277777777778,456.4300196034438,0.4340277777777778,2.5155381944444453,9.164532685787927,2.5155381944444453,0.0,0.0,207.42988314131972,2.8639971502169024,55.56049973414363,120.25605867119151,0.0,208.8398615703131,82.56693999659862,0.0,0.0,39.370364300526354,2.4546440972222228,1.2273220486111114,43.52136971685916,1.458333333333333,49.821843623092555,142.57143677850874,0.0,418.2865029312486,0.14366523160890038,0.0,0.0,72.8972888556585,3.943119751984539,1.9715598759922695,1.9715598759922695,6.314583333333326,67.11136790976514,83.37636580704573,3.157291666666665,0.0,0.0,123.51395910505225,43.7323734071999,74.73408971677868,0.0,0.0,0.0,0.0,0.0,0.0,0.0,0.0,0.0,0.0,119.59992456717191,11.190039025742891,129.45102002027545,115.38509283936048,0.0,0.0,346.8817605758652,0.0,0.0,1.1745876736111112,131.58978251776045,1.6218098958333333,1.5829210069444444,53.94005947133296,6.270833333333329,115.1265995693071,4.4187499999999975,0.0,0.0,0.0,0.0,0.0,0.0,83.57037525385458,79.87024190840361,61.49214342874421,3.1666666666666665,12.147545586154767,10.445673138067376,89.8973571722805,93.1355352346791,42,218.05555555555554,206.6381731465528,190.21111111110946,219.41840277777777,181.40386333762922,203.37670212951724,184.22222222222075,218.67291666666665,219.85243055555554,178.68055555555205,187.0106913213136,219.93055555555554,180.0,180.0,218.05555555555554,202.77587502586672,191.2029590995127,188.33881768701505,168.47627538347746,183.64513126286226,180.0,180.0,218.05555555555554,199.9252351911055,181.8161587428672,59.03731020579722,59.082834132785784,57.56344398593255,57.66654819205646,7740.0,1613.691470410234,3540.0186763647744
182.754910303288,451.59390849233176,267.63094455769885,127.74050262382335,404.00525293124895,35.88686749455647,308.6595383536424,6.472564211930964,14.633551244954951,13.354023501448868,4.575425565654747,6.751696393885209,83.41958438469022,64.02661272085062,2093.9629676583813,1820.8355205834364,356.99331488221287,2.0,1.994261575197208,2.0,1.9945686493282366,0.0,158.52279761424052,0.3036347869910149,1.388888888888889,448.81613071455394,1.388888888888889,4.780040536051059,14.633551244954951,4.780040536051059,0.0,0.0,182.754910303288,0.12543402777777773,31.17063479204581,115.03188434255138,1.25,194.56208379253553,71.81886076516332,6.193243498327319,13.22858947367109,42.375468694815375,0.0,0.0,5.932344657769936,0.0,15.307954734203713,112.43254788961963,1.2413194444444446,401.52261404236003,1.2413194444444446,3.3341061212103025,6.751696393885209,60.694606032601015,0.0,0.0,0.0,0.0,80.73138994024579,58.31470464799935,0.0,2.688194444444433,2.688194444444433,129.3669593103222,48.88537361246972,35.88686749455647,0.0,0.0,0.0,0.0,0.0,0.0,0.0,0.0,0.0,0.0,97.70605030261873,0.6375062682918833,113.4275825202759,85.42134952533395,0.0,0.0,308.6595383536424,0.0,0.0,7.4925809927419245,132.47816729988304,10.846747659408594,10.555080992741928,56.5340317281087,0.0,87.65842596683447,0.0,0.0,0.0,0.0,0.0,0.0,0.0,76.24745858718815,49.9429557493572,54.038923780624714,0.5472222222222223,12.181849315317836,9.911755241656653,89.91036396838908,93.98893776933565,43,219.61111111111111,213.60026041666333,181.17872181168076,219.90451388888889,190.05555555555227,209.46301691241223,170.22222222222035,219.42697482638889,219.70486111111111,189.37847222221794,184.68834724036668,219.73090277777777,180.0,180.0,219.61111111111111,195.7088120488871,191.10858320854086,185.01630036063227,165.22499999999405,165.55555555554574,180.0,180.0,219.61111111111111,198.32196511710376,191.400533697271,56.14970156010209,56.332931046817805,50.2504331243981,50.448841646742736,7920.0,1499.1391879127443,3171.5623371656984
165.30294497419288,423.19251960344184,199.12026142710226,104.65477011184191,362.20316959791575,14.15075638344536,282.8817605758641,9.956824836373535,4.840949590704319,12.022370528965116,3.31895538100876,3.117811023837713,109.19474197733442,83.38457338824259,2093.490943568482,1907.5671446853376,332.4492648437465,2.0,1.9995712875686409,2.0,1.9996080004267582,0.1267252330245887,157.10727974039224,8.140418586373535,0.26041666666666663,422.67168627010847,0.26041666666666663,1.5559895833333333,4.714224357679731,1.5559895833333333,0.0,0.0,165.30294497419288,5.739149305555554,26.57254451426808,127.61348156477362,0.0,158.50652823698005,40.61373319012221,0.2874131944444431,4.818377473409562,24.993012897421362,2.929687500000001,1.4648437500000004,1.4648437500000004,1.458333333333333,1.458333333333333,101.73810344517526,0.0,362.20316959791575,0.0,0.0,0.0,26.246931492007228,3.31895538100876,1.65947769050438,1.65947769050438,5.13500413071496,108.27778709056463,49.567970602245786,2.5675020653574796,0.9169548867697799,0.9169548867697799,124.71076152194915,43.52917582409659,14.15075638344536,0.0,0.0,0.0,0.0,0.0,0.0,0.0,0.0,0.0,0.0,79.24067281558433,0.29799783541688485,106.90036334120357,52.9981319999883,0.0,0.0,282.8817605758641,0.0,0.0,2.149548285388167,121.37783637720891,7.796416736734463,6.804750070067798,81.23502510285442,4.666666666666666,75.05034097718767,1.283333333333333,0.0,0.0,0.0,0.0,0.0,0.0,68.92454192052168,30.605802971579404,46.87225711395788,4.027777777777779,12.149042485325522,10.60847329355162,89.90028596789361,92.59581893967217,44,218.05555555555554,207.23186739982378,194.46944444444222,217.96006944444443,176.2633124486793,201.7631618771365,190.88591891166,219.61111111111111,219.88715277777777,185.90451388888408,187.5204705023216,220.0,180.0,180.0,218.05555555555554,204.1583565837244,192.82096296276637,188.44680662351982,173.98715277777166,174.95203274670868,180.0,180.0,216.6653749146882,196.3728629288128,181.54533711598373,59.03724726331198,59.08271922873583,56.34242785436696,56.49306364865155,8100.0,1399.524746135797,2828.898200511941
140.32777475832813,417.8355751589964,170.14688836826497,71.59921455628646,347.9219195979161,0.0,239.99287168697467,11.487733473884226,8.985720001482022,17.781610947513258,4.950592908294015,7.418546927699142,120.8846886517589,83.79238108168087,2094.0651714603905,1718.900163794942,274.1515705181912,2.0,1.9927811243528168,2.0,1.9930836060606094,0.5833333333333333,152.85100363457906,5.897651250920994,1.388888888888889,415.05779738121856,1.388888888888889,4.201193334074344,8.402386668148688,4.201193334074344,0.0,0.0,140.32777475832813,0.12543402777777773,0.5352181253791943,119.09438434255142,1.25,144.22875045920247,24.66813790906249,6.024853519355845,17.65617691973548,22.60520622841351,0.0,0.0,0.0,0.0,0.0,71.59921455628646,1.2413194444444446,345.4392807090272,1.2413194444444446,3.709273463849571,7.418546927699142,13.606460319725631,0.0,0.0,0.0,0.0,117.57120598721139,23.424658659740853,0.0,3.3134826645475273,3.3134826645475273,129.85688307538575,47.97529737753299,0.0,0.0,0.0,0.0,0.0,0.0,0.0,0.0,0.0,0.0,0.0,58.87976455669577,0.0,79.15965434152513,11.625531939591719,0.0,0.0,239.99287168697467,0.0,0.0,4.201881808226398,122.22737833763176,16.695958697157252,15.004292030490607,79.59049927345447,0.34624565972222227,43.022542853171096,0.1828450520833333,0.0,0.0,0.0,0.0,0.0,0.0,61.60162525385512,0.5190972222222223,39.705590447291044,1.0965277777777778,12.19128331253756,9.29770175053409,89.91556526953951,94.48736223567269,45,219.61111111111111,213.60026041666353,182.00914578201377,219.515625,189.94214277121,209.59694601883044,186.62079138370308,219.42697482638889,219.70486111111111,189.378472222217,199.38205527424202,219.73090277777777,180.0,180.0,219.61111111111111,196.73624358971904,211.57054626576831,187.680029661032,165.55555555554815,173.15203029996735,180.0,180.0,219.61111111111111,198.43160017103008,190.44444444444068,56.14967573921932,56.33305131282438,49.02869267581466,49.21350254609883,8280.0,1235.8294817577755,2511.128164535101
116.54574520595148,393.8661307145508,108.1731949036468,63.821436778508755,306.1198362645829,0.7916666666666663,214.21509390919647,14.736865474835612,4.149305555555555,6.188800764541449,3.0375792162441924,2.977122941455429,144.5121625526203,84.76118279386151,2093.4834619966937,1665.7264594916305,261.958951151787,2.0,1.999571286926861,2.0,1.9998372379604588,0.0,146.72903258304854,12.314990474835612,0.3472222222222222,393.17168627010636,0.3472222222222222,2.0746527777777777,4.149305555555555,2.0746527777777777,0.0,0.0,116.54574520595148,4.211347290378782,4.211347290378782,128.62037753442007,0.0,108.1731949036468,0.0,0.12977430555555552,0.6639769116626675,0.12977430555555552,2.6269531250000004,1.3134765625000002,1.3134765625000002,1.458333333333333,1.458333333333333,60.90477011184208,0.0,306.1198362645829,0.0,0.0,0.0,0.0,3.0375792162441924,1.5187896081220962,1.5187896081220962,5.220833333333318,144.5121625526203,18.026564467759773,3.7770833333333247,0.0,0.0,121.74144473940338,39.15985904155062,0.7916666666666663,0.0,0.0,0.0,0.0,0.0,0.0,0.0,0.0,0.0,0.0,47.14194211166466,0.0,63.852490368952786,0.0,0.0,0.0,214.21509390919647,0.0,0.0,0.28732266852495003,105.20306233733773,7.721642696863164,5.329976030196527,84.47386012533656,0.0,25.460049732808343,0.0,0.0,0.0,0.0,0.0,0.0,0.0,54.278708587188376,3.114583333333333,32.538923780624245,1.0529462140094812,12.148954549896173,9.226356967603111,89.90050700363555,93.04687237541638,46,218.05555555555554,208.065941068729,191.72777777777506,218.5714196952392,188.379351391155,205.62316414576867,193.95162559767658,219.61111111111111,219.88715277777777,201.1345437948826,193.90177273126827,220.0,180.0,180.0,218.05555555555554,204.53087674417134,199.70167662613827,189.71453009304543,175.42553257593565,195.32590648428464,180.0,180.0,218.05555555555554,199.76540803342314,182.26861026594366,59.03724680792643,59.11879331869053,56.34242620757375,57.526141995487016,8460.0,1125.5769024062133,2192.079694472224
85.1255637630968,387.5189084923276,99.14541712586886,35.432547889619954,286.946225153472,0.0,173.6595383536404,5.820576815864313,8.863375853950847,14.023921332533424,4.10471885414899,5.952493263853534,157.88247740586402,63.64024069237568,2094.064731467884,1433.776324294947,213.88401800873055,2.0,1.9927811254616747,2.0,1.9951597026173948,0.0,127.77883866853249,0.0,1.388888888888889,384.7411307145498,1.388888888888889,4.431687926975424,8.863375853950847,4.431687926975424,0.0,0.0,85.1255637630968,0.0,0.0,104.42965185501963,1.4583333333333335,96.2287504592022,1.4583333333333335,7.011960666266712,14.023921332533424,7.011960666266712,0.0,0.0,0.0,0.0,0.0,35.432547889619954,1.1284722222222223,284.68928070902757,1.1284722222222223,2.976246631926767,5.952493263853534,2.976246631926767,0.0,0.0,0.0,0.0,154.4196089066588,0.0,0.0,3.4628684992052383,3.4628684992052383,127.33347990527531,44.051894207422535,0.0,0.0,0.0,0.0,0.0,0.0,0.0,0.0,0.0,0.0,0.0,29.760680429841916,0.0,30.251393007831055,0.0,0.0,0.0,173.6595383536404,0.0,0.0,4.222666960628151,102.53361944848125,13.10219980800661,10.010533141339975,59.417573731747524,0.0,0.02200520833333336,0.002560763888888873,0.0,0.0,0.0,0.0,0.0,0.0,40.7425513101244,0.5190972222222223,14.679563373368701,1.1086873372395831,12.191278150208554,7.478817803338854,89.91557823564143,97.26223163996319,47,219.81011284722223,213.33940972221916,176.67777777777502,219.8095703125,195.0251736111069,211.9335470930194,202.30762965441403,219.84722222222223,219.81011284722223,201.10919734252445,197.7679072748202,219.78352864583334,180.0,180.0,219.61111111111111,198.43093436248375,207.93232589730007,193.95405047163771,170.3388888888802,204.04076607187181,180.0,180.0,219.61111111111111,208.23619141953628,191.22222222221816,56.14967574990194,56.37931927316356,49.028693588970775,51.09717042222345,8640.0,986.8205600007975,1939.7702247201191
60.2988063750029,362.32446404788203,65.25652823697983,29.98810344517558,243.0365029312499,0.7916666666666663,147.8817605758622,2.8537326388888884,4.149305555555555,1.1996527777777777,2.2391493055555554,2.5779079861111107,174.97526648070527,39.55750094789561,1960.6252282860205,1617.842675817959,185.2548894839985,2.0,1.999589151162353,2.0,1.9998471014210368,0.0,112.19563134283854,0.4318576388888886,0.3472222222222222,361.6300196034376,0.3472222222222222,2.0746527777777777,4.149305555555555,2.0746527777777777,0.0,0.0,60.2988063750029,0.0,0.0,94.8630923156011,0.20833333333333334,64.83986157031318,0.20833333333333334,0.5998263888888888,1.1996527777777777,0.5998263888888888,0.4240451388888895,0.0,0.0,1.458333333333333,1.458333333333333,27.071436778508915,0.0,243.0365029312499,0.0,0.0,0.0,0.0,2.2391493055555554,1.1195746527777777,1.1195746527777777,5.016666666666636,174.64869334221382,3.908333333333318,3.6749999999999865,0.32657313849146163,0.32657313849146163,121.27741415487785,37.295828457025074,0.7916666666666663,0.0,0.0,0.0,0.0,0.0,0.0,0.0,0.0,0.0,0.0,29.373934897711933,0.0,16.1377627969743,0.0,0.0,0.0,147.8817605758622,0.0,0.0,0.4980769177972323,86.22860843646149,4.847188795986755,1.3147435844638988,39.05942403009838,0.0,0.0,0.0,0.0,0.0,0.0,0.0,0.0,0.0,22.43523908567979,3.114583333333333,0.6329505072699653,0.5940616183810765,10.924460164709917,8.888610420584504,92.36773747106886,93.57424889723619,48,218.05555555555554,207.91264931034564,191.31944444444122,219.41840277777777,195.7895151606254,202.4630026714649,194.58599675893802,217.22608556503212,219.74609375,202.34748732409264,193.43255670842953,219.71788194444446,180.0,180.0,218.05555555555554,207.69734964364065,199.0757375973758,189.6626244086762,191.13758223110267,195.90236092685728,180.0,180.0,218.05555555555554,203.06286864035764,182.42109690136505,59.03654414729813,59.12083751853033,56.415975370880865,57.5946363650627,8820.0,907.6217516472684,1656.6034956834078
25.28646934762304,355.97724182565884,55.8120837925354,6.2658812229534036,218.97053070902797,0.0,109.6595383536396,4.8732839832235335,6.968790188669289,14.142284430868553,4.019839901818978,6.008429803637956,174.4333744488798,19.276421138742396,1635.8382227699576,1427.017452095732,131.2282720297509,2.0,1.9945019007584606,2.0,1.9961136181164805,0.0,87.97358136086962,0.0,1.388888888888889,353.199464047881,1.388888888888889,3.4843950943346447,6.968790188669289,3.4843950943346447,0.0,0.0,25.28646934762304,0.0,0.0,68.3221150735064,1.4583333333333335,52.895417125868725,1.4583333333333335,7.071142215434277,14.142284430868553,7.071142215434277,0.0,0.0,0.0,0.0,0.0,6.2658812229534036,1.015625,216.93928070902797,1.015625,3.004214901818978,6.008429803637956,3.004214901818978,0.0,0.0,0.0,0.0,171.05490222665756,0.0,0.0,3.378472222222217,3.378472222222217,124.95484471043338,40.27325901258056,0.0,0.0,0.0,0.0,0.0,0.0,0.0,0.0,0.0,0.0,0.0,22.851018406641906,0.0,0.0,0.0,0.0,0.0,109.6595383536396,0.0,0.0,4.409349008380501,81.91870715662263,8.587287516147814,7.471849008380499,14.867072130361896,0.0,0.0,0.0,0.0,0.0,0.0,0.0,0.0,0.0,0.5579861111111111,0.5190972222222223,1.0287407459354911,0.9898518570466021,8.624014884189231,7.4391214183262875,96.38088787307797,97.21482537387416,49,219.81011284722223,213.14496527777484,170.76004816745842,219.8095703125,195.02517361110682,212.42657842767537,203.47376016855614,219.93817816840277,219.81011284722223,203.01361384895384,195.37142400877698,219.78352864583334,180.0,180.0,219.61111111111111,202.30421923479574,207.3040090607313,193.38962497310706,185.61892563408688,204.3382052083653,180.0,180.0,219.61111111111111,208.31444597472662,191.5567152523259,56.63013262993621,56.828933873864464,50.257616194613604,51.824246549024394,9000.0,807.9772647619924,1465.6516841528169
0.3885526809564721,330.685575158991,21.92319490364659,5.833333333333332,170.61983626458363,0.7916666666666663,88.5484272425283,1.867133120091187,2.6986759624045966,2.0945722324013465,2.2877604166666665,2.602213541666666,178.31895472563056,1.050595792714567,1621.8713052589617,1569.6936285884492,150.23240640870898,2.0,1.9999374532224192,2.0,1.9999415940107437,0.0,72.33401014389503,0.4318576388888886,0.3472222222222222,329.99113071454656,0.3472222222222222,1.0880532589800762,2.6986759624045966,1.0880532589800762,0.0,0.0,0.3885526809564721,0.0,0.0,54.716714597165996,0.20833333333333334,21.506528236979925,0.20833333333333334,1.0472861162006732,2.0945722324013465,1.0472861162006732,0.060749336674233545,0.0,0.0,1.458333333333333,1.458333333333333,2.916666666666666,0.0,170.61983626458363,0.0,0.0,0.0,0.0,2.2877604166666665,1.1438802083333333,1.1438802083333333,2.3709254172645213,177.47069083674174,2.58546270863226,2.3521293752989276,0.8482638888888343,0.8482638888888343,120.43809655745677,35.05651085960392,0.7916666666666663,0.0,0.0,0.0,0.0,0.0,0.0,0.0,0.0,0.0,0.0,15.602698229052933,0.0,1.3898826244788909,0.0,0.0,0.0,88.5484272425283,0.0,0.0,1.050595792714567,62.682002502697664,1.7214291260479007,1.6630957927145669,0.0,0.0,0.0,0.0,0.0,0.0,0.0,0.0,0.0,0.0,3.114583333333334,3.114583333333333,2.7900357281311057,2.5567023947977727,8.809427824460654,8.523188974374168,94.2181083421606,94.2877045642051,50,218.05555555555554,208.06469877300384,191.31944444444062,219.41840277777777,195.61168081018533,202.85649528154403,196.56841267660295,218.86491104205908,219.74609375,201.4125032518866,193.41776132113748,219.71788194444446,180.0,180.0,218.05555555555554,208.0034520925982,198.05390768076003,191.85730992275117,188.66809722682635,196.27809241328106,180.0,180.0,219.16313944781652,204.80657054319067,183.5907858058744,59.07742934338919,59.122734711416804,58.16065677572789,58.207695533886174,9180.0,729.9153503585612,1186.0534133463132
0.0,321.7341862701011,12.47875045920214,0.0,136.54344737569494,0.0,52.659538353639284,3.9591959116679876,5.314225156669308,14.105319683895056,2.691490591937772,4.028814517208877,175.97474472276764,5.542010681540394,1436.4152003589977,1381.2959384904043,120.04167243038087,2.0,1.9956711007042018,2.0,1.995896054307698,0.0,38.28982873216983,0.0,1.3020833333333335,319.13001960343445,1.3020833333333335,2.657112578334654,5.314225156669308,2.657112578334654,0.0,0.0,0.0,0.0,0.0,23.874224732340153,1.4583333333333335,9.562083792535471,1.4583333333333335,7.052659841947528,14.105319683895056,7.052659841947528,0.0,0.0,0.0,0.0,0.0,0.0,0.6770833333333334,135.18928070902825,0.6770833333333334,2.0144072586044386,4.028814517208877,2.0144072586044386,0.0,0.0,0.0,0.0,169.9009600005454,0.0,0.0,6.0737847222222205,6.0737847222222205,125.09460972769591,39.01302402984303,0.0,0.0,0.0,0.0,0.0,0.0,0.0,0.0,0.0,0.0,0.0,0.0,0.0,0.0,0.0,0.0,0.0,52.659538353639284,0.0,0.0,5.363054331361663,57.67672761488517,8.493609886917218,8.221387664694996,0.17895635017873074,0.0,0.0,0.0,0.0,0.0,0.0,0.0,0.0,0.0,0.5579861111111111,0.5190972222222221,0.8514986154268636,0.8126097265379748,7.493130838266892,7.200825530682951,97.20956643668612,97.28387878057387,51,219.94791666666666,212.7974596179033,187.76388888888468,219.87847222222223,194.7495659722178,212.86091877097167,205.99727195549417,219.95008680555557,219.81011284722223,211.03658057101774,192.80864038829787,219.78352864583334,180.0,180.0,219.61111111111111,203.96545873037326,210.73188172615906,194.2730329792814,187.7921747171713,203.67588662101747,180.0,180.0,219.61111111111111,208.99761680023695,191.70381844603457,56.17439467660704,56.35578924050419,51.85482223662039,52.053494506535685,9360.0,616.5815043266883,1058.5665936892606
0.0,286.83835293676657,0.8333333333333334,5.833333333333332,86.53650293125048,0.7916666666666663,44.21509390919489,5.8593256236108475,2.350270170832806,1.1996527777777777,2.3746368316345876,2.645651749150627,172.12734309712616,2.5793073136345446,1605.585426633878,1555.9376307706932,144.04799958289277,2.0,1.9999854818586336,2.0,1.9999868759044444,1.4514973958333337,24.605511053767863,5.236328125,0.1736111111111111,286.4911307145444,0.1736111111111111,0.44938638749973625,0.8987727749994725,0.44938638749973625,0.0,0.0,0.0,0.0,0.0,5.490665488909913,0.20833333333333334,0.4166666666666667,0.20833333333333334,0.5998263888888888,1.1996527777777777,0.5998263888888888,0.7443339800862951,0.0,0.0,1.458333333333333,1.458333333333333,2.916666666666666,0.0,86.53650293125048,0.0,0.0,0.0,0.0,2.3746368316345876,1.1873184158172938,1.1873184158172938,0.6460430032268525,171.1073778193484,1.7230215016134272,1.4896881682800942,1.0199652777777777,1.0199652777777777,111.2655298665848,24.48394416873192,0.7916666666666663,0.0,0.0,0.0,0.0,0.0,0.0,0.0,0.0,0.0,0.0,0.0,0.0,0.0,0.0,0.0,1.6666666666666663,40.881760575861556,0.8333333333333331,0.8333333333333331,0.5434147990363214,30.212426761290608,0.7670259101474326,0.747581465702988,2.035892514598223,0.9184496872546306,3.1425581769606485,2.909224843627315,0.0,0.0,0.0,0.0,0.0,0.0,3.114583333333334,3.114583333333334,0.7097222222222221,0.6902777777777778,8.66124411013951,8.391173128289909,94.64512224698777,94.69987981233187,52,218.05555555555554,209.17730172364784,188.43229166666185,217.2986111111111,196.31195687745446,204.01391876288488,210.4062400982953,218.39069471467715,219.7726941413814,207.73474323392298,193.05779858117583,219.77108272720727,180.0,180.0,218.05555555555554,207.9001285540526,201.82339383375017,191.47818946579832,193.04814678294406,202.69647761809307,180.0,180.0,219.61111111111111,208.11020630557343,183.83865035083312,59.07691377564022,59.12217765663727,58.99640765868663,59.01845488364228,9540.0,544.9932471810447,825.5548531649256
0.0,273.0466862700989,5.833333333333334,0.0,52.46011404236158,0.0,7.326205020306049,2.8441434328767317,3.6049535324201294,13.166086176074431,2.5376781875106955,3.7211897083547245,157.77296729981185,5.109164976412738,1398.3325513431435,1340.0852590691507,115.6935079914217,2.0,1.9965510993249196,2.0,1.9967386053049831,0.0,0.0,0.0,1.0416666666666667,270.96335293676555,1.0416666666666667,1.8024767662100647,3.6049535324201294,1.8024767662100647,0.0,0.0,0.0,0.0,0.0,0.0,1.4583333333333335,2.916666666666667,1.4583333333333335,6.583043088037216,13.166086176074431,6.583043088037216,0.0,0.0,0.0,0.0,0.0,0.0,0.6770833333333334,51.10594737569491,0.6770833333333334,1.8605948541773623,3.7211897083547245,1.8605948541773623,0.0,0.0,0.0,0.19444444444444448,151.18919993870074,0.11666666666666664,0.09722222222222227,6.583767361111109,6.583767361111109,116.54669306102926,29.065107363176324,0.0,0.0,0.0,0.0,0.0,0.0,0.0,0.0,0.0,0.0,0.0,0.0,0.0,0.0,0.0,0.0,0.0,7.326205020306049,0.0,0.0,4.817498309746071,22.904364314630666,7.724442754190514,7.471664976412735,0.2916666666666667,0.0,0.004861111111111149,0.0,0.0,0.0,0.0,0.0,0.0,0.0,0.8675347222222223,0.8480902777777779,0.8017361111111112,0.7677083333333333,7.188607765845964,6.884468617230953,98.10514094237114,98.18119840055375,53,219.81011284722223,212.51738531955576,195.66819259860264,219.8095703125,212.209376411767,213.0046054979415,212.7762617881897,219.8985670614358,219.81011284722223,210.8228908566549,192.94364974671237,219.78352864583334,180.0,180.0,219.61111111111111,208.71734230767308,211.24609338223888,194.24414522323332,196.840626156115,207.42853339817154,180.0,180.0,219.61111111111111,210.7941436908663,191.28703370075445,56.159242503391766,56.341255256622006,52.920084286703656,53.09450371899348,9720.0,444.71477321519706,733.242164051018
4.583333333333335,229.76890849232066,0.8333333333333334,5.833333333333332,2.4531695979171193,0.0,6.666666666666665,2.838982146945766,2.5653244068062167,1.1996527777777777,2.4283793645548597,2.672523015610763,141.68216269214938,2.981211933830762,1561.404210409529,1512.617812956481,139.47543149616882,2.0,1.9999855477617838,2.0,1.9999869296275812,1.419491073472883,1.419491073472883,2.838982146945766,0.0,229.76890849232066,0.0,0.0,0.0,0.0,2.2916666666666674,1.1458333333333337,1.1458333333333337,0.0,0.0,0.0,0.20833333333333334,0.4166666666666667,0.20833333333333334,0.5998263888888888,1.1996527777777777,0.5998263888888888,0.630190587460105,0.0,0.0,1.458333333333333,1.458333333333333,2.916666666666666,0.0,2.4531695979171193,0.0,0.0,0.0,0.0,2.4283793645548597,1.2141896822774298,1.2141896822774298,0.0,141.5888158648701,0.0,0.0,0.09334682727927014,0.09334682727927014,103.075673468975,14.894087771121947,0.0,0.0,0.0,0.0,0.0,0.0,0.0,0.0,0.0,0.0,0.0,0.0,0.0,0.0,0.0,0.0,1.6666666666666663,3.3333333333333326,0.8333333333333331,0.8333333333333331,0.5344343786007066,0.5344343786007066,0.7580454897118178,0.7386010452673732,2.4467775552300552,1.0775554442816944,3.226972166585292,2.988777722140848,0.0,0.0,0.0,0.0,0.0,0.0,3.485248246244459,3.2324704684666807,0.7097222222222221,0.6902777777777778,8.342179609188928,8.077597166874332,95.27090112778606,95.33408279893524,54,219.80346774890452,212.57229296683556,193.66999443631863,219.78054660892016,205.31834911434106,204.54490659808323,210.7792199546315,218.5042662591318,219.82998318142361,208.21355257946354,193.17520276965337,219.88566080729166,180.0,180.0,218.05555555555554,207.0517807071914,203.9032251350988,192.3993639345485,197.23432217426597,205.94635811737544,180.0,180.0,219.61111111111111,209.70612105519155,196.25583806706973,59.07848317332314,59.123523182628496,59.01299207345606,59.034234438595874,9900.0,403.6918115597519,535.7538328628655
0.0,208.19946404787615,5.833333333333334,0.0,2.7083333333333335,0.0,0.0,2.609653512547333,3.4831959139835544,10.042699477233567,2.4010542904906518,3.447941914314637,116.85453447250231,2.509779386661211,1313.9084349693817,1255.6264925122578,108.17807001574359,2.0,1.9968180085095457,2.0,1.9970112097347759,0.0,0.0,0.0,0.8680555555555557,206.46335293676506,0.8680555555555557,1.7415979569917772,3.4831959139835544,1.7415979569917772,0.0,0.0,0.0,0.0,0.0,0.0,1.4583333333333335,2.916666666666667,1.4583333333333335,5.021349738616784,10.042699477233567,5.021349738616784,0.15824043747965627,0.0,0.0,0.0,0.0,0.0,0.6770833333333334,1.3541666666666667,0.6770833333333334,1.7239709571573185,3.447941914314637,1.7239709571573185,0.0,0.0,0.0,0.0,113.10284572597638,0.0,0.0,3.7516887465259243,3.7516887465259243,105.61224852008452,16.7306628222314,0.0,0.0,0.0,0.0,0.0,0.0,0.0,0.0,0.0,0.0,0.0,0.0,0.0,0.0,0.0,0.0,0.0,0.0,0.0,0.0,2.065334942216767,2.065334942216767,4.97227938666121,4.719501608883431,0.44444444444444436,0.027777777777777735,0.04305555555555557,0.023611111111111083,0.0,0.0,0.0,0.0,0.0,0.0,0.765451388888889,0.7265625,0.8130208333333334,0.7935763888888889,6.727695959259929,6.425657982377614,98.38445518172793,98.45822247472577,55,219.91427951388889,213.52713321771765,198.64664000504578,219.86165364583334,213.1856139264834,214.03790838400388,213.1291036101173,219.6982235312602,219.91427951388889,210.73404093321702,210.24010752249538,219.83561197916669,180.0,180.0,219.61111111111111,210.58026735282567,212.1605957969367,205.11472645432985,206.81480177402977,209.05636955035905,180.0,180.0,219.61111111111111,211.12418541802046,211.47824575486283,56.14821066287558,56.330793397976116,53.34824766528314,53.52898221584308,10080.0,301.03902026752223,508.15752009329725
4.583333333333335,160.60224182565375,0.8333333333333334,5.833333333333332,0.0,0.0,6.666666666666665,2.548694627805186,2.4201806472359264,0.2690972222222222,2.010921983754317,2.4637943252104915,92.68004669991387,2.254219031191355,1387.6997646829188,1337.577790036055,120.9188094408786,2.0,1.9999856529540587,2.0,1.9999870288811248,1.274347313902593,1.274347313902593,2.548694627805186,0.0,160.60224182565375,0.0,0.0,0.0,0.0,2.2916666666666674,1.1458333333333337,1.1458333333333337,0.0,0.0,0.0,0.20833333333333334,0.4166666666666667,0.20833333333333334,0.1345486111111111,0.2690972222222222,0.1345486111111111,0.10853669138557298,0.0,0.0,1.458333333333333,1.458333333333333,2.916666666666666,0.0,0.0,0.0,0.0,0.0,0.0,2.010921983754317,1.0054609918771584,1.0054609918771584,0.0,92.18947743143046,0.0,0.0,0.4905692684834096,0.4905692684834096,92.50226889841633,2.9206832005631225,0.0,0.0,0.0,0.0,0.0,0.0,0.0,0.0,0.0,0.0,0.0,0.0,0.0,0.0,0.0,0.0,1.6666666666666663,3.3333333333333326,0.8333333333333331,0.8333333333333331,0.0,0.0,0.0,0.0,2.254219031191355,0.932665071151233,3.1788325355756166,2.926054757797839,0.0,0.0,0.0,0.0,0.0,0.0,2.5907248966867282,2.3573915633533944,0.5600694444444445,0.5211805555555555,7.311050875029995,7.050191558804915,96.34028762310383,96.35017661223475,56,219.84876347802947,213.23954304358543,194.26875110700692,219.87113806717002,209.45716999234284,208.40673821504723,211.02001700599897,218.78695703710915,219.85243055555554,208.41096735461633,209.41831066828794,219.93055555555554,180.0,180.0,218.05555555555554,210.1273321812926,204.100078419864,204.93650504226514,208.5240949358343,207.2781972679259,180.0,180.0,219.94357638888889,209.95866875198877,209.7646496050834,59.08120926122055,59.126222670648275,58.97478336818379,58.995672688470115,10260.0,280.923464200685,386.17021231436223
0.0,129.35224182565364,5.833333333333334,0.0,2.7083333333333335,0.0,0.0,2.0046088297394533,2.6203287705900173,6.25061486876106,2.386505277013278,3.41884388735989,58.217887780964986,2.441194760570351,1263.4327171754198,1178.1256644203197,102.07783321933648,2.0,1.9969109264687792,2.0,1.9973055597915503,0.0,0.0,0.0,0.6944444444444445,127.96335293676474,0.6944444444444445,1.3101643852950087,2.6203287705900173,1.3101643852950087,0.0,0.0,0.0,0.0,0.0,0.0,1.4583333333333335,2.916666666666667,1.4583333333333335,3.12530743438053,6.25061486876106,3.12530743438053,0.0,0.0,0.0,0.0,0.0,0.0,0.6770833333333334,1.3541666666666667,0.6770833333333334,1.709421943679945,3.41884388735989,1.709421943679945,0.0,0.0,0.0,0.0,53.881477414577446,0.0,0.0,4.336410366387543,4.336410366387543,95.80482482138416,7.25307703305421,0.0,0.0,0.0,0.0,0.0,0.0,0.0,0.0,0.0,0.0,0.0,0.0,0.0,0.0,0.0,0.0,0.0,0.0,0.0,0.0,2.191194760570351,2.191194760570351,4.874528093903684,4.64119476057035,0.24999999999999994,0.0,0.0,0.0,0.0,0.0,0.0,0.0,0.0,0.0,0.6081159638885585,0.5692270749996695,0.8074652777777778,0.768576388888889,6.437081282670263,5.994728087364824,98.7674968178995,98.91756278971992,57,219.91427951388889,213.43645788029556,195.08286902363625,219.86165364583334,213.2742176639042,214.3789908578262,213.42187335808984,219.85286458333334,219.91427951388889,210.91433649072,211.26092081443625,219.83561197916669,180.0,180.0,219.61111111111111,212.7086778317777,211.83025774382006,206.67122492999297,208.10481568439954,208.77273248919218,180.0,180.0,219.61111111111111,211.2473895186191,212.04573286806823,56.15017373962352,56.32887719870471,53.48892264695069,53.964963289378055,10440.0,230.01485410880372,342.23379592314785
4.583333333333335,77.4355751589871,0.8333333333333334,5.833333333333332,0.0,0.0,6.666666666666665,2.425495738429322,2.3585812025479944,0.2690972222222222,1.906727543814582,2.411697105240624,33.60462965505483,2.220364542583916,1375.7602503114101,1255.2179565897388,116.28000760298472,2.0,1.9999856769253905,2.0,1.9999870753584175,1.212747869214661,1.212747869214661,2.425495738429322,0.0,77.4355751589871,0.0,0.0,0.0,0.0,2.2916666666666674,1.1458333333333337,1.1458333333333337,0.0,0.0,0.0,0.20833333333333334,0.4166666666666667,0.20833333333333334,0.1345486111111111,0.2690972222222222,0.1345486111111111,0.0,0.0,0.0,1.458333333333333,1.458333333333333,2.916666666666666,0.0,0.0,0.0,0.0,0.0,0.0,1.906727543814582,0.953363771907291,0.953363771907291,0.0,32.14737589793798,0.0,0.0,1.4572537571168516,1.4572537571168516,84.74691687814624,2.040587090450185,0.0,0.0,0.0,0.0,0.0,0.0,0.0,0.0,0.0,0.0,0.0,0.0,0.0,0.0,0.0,0.0,1.6666666666666663,3.3333333333333326,0.8333333333333331,0.8333333333333331,0.0,0.0,0.0,0.0,2.220364542583916,0.9157378268475136,3.170368913423757,2.9175911356459787,0.0,0.0,0.0,0.0,0.0,0.0,2.6632441439925363,2.429910810659203,0.5600694444444445,0.5211805555555555,7.248871429343656,6.514390756704056,96.33858001446669,97.37095790705348,58,219.8632262218157,210.9791618584598,194.6802345563298,219.9000635547425,209.98379121447257,210.58586175989495,211.90151014347566,219.46653938253985,219.85243055555554,208.49030160851575,209.92374529162208,219.93055555555554,180.0,180.0,218.05555555555554,210.1403985733498,203.34763071078265,204.53250087878175,208.66766966695107,206.9103752218885,180.0,180.0,219.94357638888889,210.14714893212962,210.35511743852976,59.081814116876245,59.12748673970422,58.97541610588998,59.000227740883055,10620.0,219.74323172069805,235.62833263385528
0.0,34.817519603431705,0.0,1.4583333333333333,0.0,0.7916666666666663,4.999999999999999,0.7135497277553774,0.46871609157986116,1.2154811352477843,0.2571614583333333,0.4931640625,16.319951972026363,4.82802287785905,1427.8960534316723,1265.7002190218786,120.61396536390532,2.0,1.9999856267871474,2.0,1.999987081488287,0.0,0.0,0.21877501529878018,0.26041666666666663,34.29668627009838,0.26041666666666663,0.23435804578993058,0.46871609157986116,0.23435804578993058,0.0,0.0,0.0,0.1178752761459895,0.1178752761459895,0.235750552291979,0.0,0.0,0.0,0.0,0.6617695598919464,0.0,0.8716725984196968,0.4358362992098484,0.4358362992098484,0.3645833333333333,0.3645833333333333,0.7291666666666666,0.0,0.0,0.0,0.0,0.0,0.0,0.2571614583333333,0.12858072916666666,0.12858072916666666,0.0,15.34772974980414,1.0630040516834616,0.8296707183501282,0.9722222222222222,0.9722222222222222,67.27846135671008,1.3611111111111112,0.7916666666666663,0.0,0.0,0.0,0.0,0.0,0.0,0.0,0.0,0.0,0.0,0.0,0.0,0.0,0.0,0.0,1.2499999999999998,2.4999999999999996,0.6249999999999999,0.6249999999999999,0.0,0.0,0.0,0.0,4.82802287785905,2.219566994485081,3.1514501639092063,2.9570057194647617,0.0,0.0,0.0,0.0,0.0,0.0,3.114583333333334,3.114583333333333,0.5600694444444445,0.5211805555555555,7.622562894850098,6.540442707467132,95.47928915159923,97.60576863462218,59,218.05555555555554,212.53752887821202,189.30207082567824,219.41318193679504,208.88283821706997,210.04924613004053,210.83425334239234,218.05555555555554,219.84090169270831,207.90583020489245,209.94348924040042,219.73989721371774,180.0,180.0,218.05555555555554,209.7312825078561,203.18233731383046,207.68744654242695,207.98505867320057,210.7179967747101,180.0,180.0,219.94357638888889,210.9496391579916,210.98422927079295,59.080534704524304,59.127695313112575,59.02280928800715,59.053040273138684,10800.0,205.08943906476185,147.59513276769366
6.875000000000003,0.0,2.0833333333333335,5.833333333333332,0.0,6.249999999999999,3.333333333333333,4.567109214210469,3.8719292490363406,1.1215549922565982,1.9981823566962518,2.457424511681459,3.6894361472009987,2.0259744741878034,1443.548320610936,1244.8236564601343,118.11024955404197,2.0,2.0,2.0,2.0,2.1531792490363397,2.1531792490363397,4.567109214210469,0.0,0.0,0.0,0.0,0.0,0.0,3.4375000000000013,1.7187500000000007,1.7187500000000007,0.0,0.0,0.0,0.5208333333333334,1.0416666666666667,0.5208333333333334,0.5607774961282991,1.1215549922565982,0.5607774961282991,0.0,0.0,0.0,1.458333333333333,1.458333333333333,2.916666666666666,0.0,0.0,0.0,0.0,0.0,0.0,1.9981823566962518,0.9990911783481259,0.9990911783481259,1.6326700509269985,3.5922139249787763,3.3830016921301675,3.1496683587968337,0.09722222222222221,0.09722222222222221,46.13919369138159,0.2916666666666667,3.1249999999999996,1.5624999999999998,0.7812499999999999,0.7812499999999999,0.0,0.0,0.0,0.0,0.0,0.0,0.0,0.0,0.0,0.0,0.0,0.0,0.8333333333333333,1.6666666666666665,0.41666666666666663,0.41666666666666663,0.0,0.0,0.0,0.0,2.0259744741878034,1.0129872370939017,1.8481602852136176,1.7314936185469507,0.0,0.0,0.0,0.0,0.0,0.0,2.3333333333333335,0.6884098117394459,0.5600694444444445,0.5211805555555555,7.7958589703742245,6.455048080746925,94.45040002362177,97.2141770556129,60,219.7368188974799,214.59644029142558,203.17553595211814,219.6472489060709,211.16164086228497,209.03874612168784,211.87157767794844,219.9240451388889,219.88715277777777,207.69201344348141,209.37157963156807,220.0,180.0,180.0,219.61111111111111,212.9724108258331,206.72724559739356,207.62518840792603,210.32376027128666,209.81935965569383,180.0,180.0,219.94357638888889,206.69930035960445,208.2764608669827,59.53440884352919,59.55830109067247,58.968505926179986,59.00674214474028,10980.0,175.4700193563685,104.48941685455661
1.1458333333333335,0.0,0.0,1.4583333333333333,0.0,4.6875,0.0,0.4003124667729786,0.48661456671982267,0.8160814480162936,0.4003124667729786,0.5647395667198226,2.4335843460384483,0.8462185329861115,1399.104612018269,1137.362145879929,112.06090007946388,2.0,1.9994272149346948,2.0,1.9996365009523842,0.2001562333864893,0.2001562333864893,0.4003124667729786,0.0,0.0,0.0,0.0,0.0,0.0,0.5729166666666667,0.28645833333333337,0.28645833333333337,0.5977371955006388,0.5977371955006388,1.1954743910012775,0.0,0.0,0.0,0.0,0.0,0.0,0.43668850503130957,0.21834425251565479,0.21834425251565479,0.3645833333333333,0.3645833333333333,0.7291666666666666,0.0,0.0,0.0,0.0,0.0,0.0,0.4003124667729786,0.2001562333864893,0.2001562333864893,1.2167921730192242,2.4335843460384483,2.5333960865096126,2.3583960865096123,0.0,0.0,20.969644837927085,0.0,2.34375,1.171875,0.5859375,0.5859375,0.0,0.0,0.0,0.0,0.0,0.0,0.0,0.0,0.0,0.0,0.0,0.0,0.0,0.0,0.0,0.0,0.8462185329861115,0.8462185329861115,2.8587185329861113,2.683718532986111,0.0,0.0,0.0,0.0,0.0,0.0,0.0,0.0,0.0,0.0,3.888888888888889,0.4756944444444444,0.707620470237477,0.668731581348588,7.479246427717073,5.814708543831778,95.20292826772813,98.55251962107205,61,219.89399388597116,210.83339954816083,211.18319988453132,219.9615988830534,208.18914770858336,209.86014058302743,210.63343301317346,219.888671875,219.88715277777777,208.60478598953773,209.8475180730107,219.9766075718926,180.0,180.0,219.95659722222223,212.42848488170094,212.94844328310856,206.50994368079233,209.61274697510942,209.07937594205796,180.0,180.0,219.89022449444997,209.97238813253705,210.59277104240462,59.53953340652226,59.55834743688113,56.40500689775365,57.04570421681509,11160.0,150.45776379608415,48.90392998777218
6.875000000000003,0.0,2.0833333333333335,8.749999999999996,0.0,4.6875,6.666666666666665,4.419064495980435,3.928282247990218,0.371175269075207,3.602337248835676,3.988668624417837,2.68072566130946,3.2164079573735593,1318.2039573637326,1090.910499262077,101.71440676544317,2.0,2.0,2.0,2.0,2.2095322479902175,2.2095322479902175,4.419064495980435,0.0,0.0,0.0,0.0,0.0,0.0,3.4375000000000013,1.7187500000000007,1.7187500000000007,0.0,0.0,0.0,0.5208333333333334,1.0416666666666667,0.5208333333333334,0.1855876345376035,0.371175269075207,0.1855876345376035,0.0,0.0,0.0,2.187499999999999,2.187499999999999,4.374999999999998,0.0,0.0,0.0,0.0,0.0,0.0,3.602337248835676,1.801168624417838,1.801168624417838,1.34036283065473,2.68072566130946,2.595181415327365,2.4201814153273657,0.0,0.0,0.0,0.0,2.34375,1.171875,0.5859375,0.5859375,0.0,0.0,0.0,0.0,0.0,0.0,0.0,0.0,0.0,0.0,0.0,0.0,1.6666666666666663,3.3333333333333326,0.8333333333333331,0.8333333333333331,0.0,0.0,0.0,0.0,3.2164079573735593,1.6082039786867797,3.4874353226767223,3.2541019893433893,0.0,0.0,0.0,0.0,0.0,0.0,0.4972437370455451,0.45835484815665606,0.5281637955971881,0.4892749067082992,6.880442816505228,5.587228368236707,96.66709759711856,98.36256968595899,62,219.83200452837167,214.78958110257275,215.69788953992486,219.83762016785442,209.38155277463525,210.46094873757863,210.7603051828032,219.89149305555557,219.79275173611111,213.57781024262812,214.41031433132795,219.81119791666666,180.0,180.0,219.96325566616625,212.48397593929417,212.8112238416137,208.65741410182395,210.3683676676871,210.9977199196284,180.0,180.0,219.9607679578993,210.40322765245003,210.52281120237762,59.539465712089076,59.54989819439589,59.235283483859284,59.3112945197138,11340.0,141.21862119083644,66.450254598482
1.1458333333333335,0.0,0.0,1.4583333333333333,0.0,0.0,0.0,0.5605495882217343,0.5667331274442005,0.4358192981966588,0.5605495882217343,0.6448581274442005,0.6419233791969948,0.8307254625303283,1197.2115936068817,1133.3737433777906,98.26838929015322,2.0,1.9993437515369579,2.0,1.9994111758321897,0.28027479411086714,0.28027479411086714,0.5605495882217343,0.0,0.0,0.0,0.0,0.0,0.0,0.5729166666666667,0.28645833333333337,0.28645833333333337,0.21538849683522385,0.21538849683522385,0.4307769936704477,0.0,0.0,0.0,0.0,0.0,0.0,0.4483498802736905,0.22043080136143497,0.22043080136143497,0.3645833333333333,0.3645833333333333,0.7291666666666666,0.0,0.0,0.0,0.0,0.0,0.0,0.5605495882217343,0.28027479411086714,0.28027479411086714,0.0,0.0,0.0,0.0,0.6419233791969948,0.6419233791969948,2.5669233791969948,2.3919233791969945,0.0,0.0,0.0,0.0,0.0,0.0,0.0,0.0,0.0,0.0,0.0,0.0,0.0,0.0,0.0,0.0,0.0,0.0,0.0,0.0,0.8307254625303283,0.8307254625303283,2.843225462530328,2.668225462530328,0.0,0.0,0.0,0.0,0.0,0.0,0.0,0.0,0.0,0.0,0.7550340006165503,0.7161451117276614,0.7780974187306234,0.7392085298417345,6.127528665538794,5.786234283184269,98.46986560594925,98.69401378278313,63,219.79270915334106,211.0034357363243,211.63127116913859,219.75902941779322,209.05561840189202,210.54659827456868,210.73315064398247,219.96336801196313,219.88715277777777,208.59703294793889,210.32465120616112,220.0,180.0,180.0,219.93147768644837,212.13996682333791,211.67309082994066,208.91162255062892,210.36648796775404,211.79907823501395,180.0,180.0,219.9472549088481,211.37008608602792,210.86741249052056,57.611321700994026,57.72595924075042,56.851308709870125,57.01173675560841,11520.0,138.63776618727738,20.01272585680035
6.875000000000003,0.0,2.0833333333333335,8.749999999999996,0.0,6.249999999999999,6.666666666666665,3.996377682074371,3.7169388410371864,0.6032986111111112,3.379197709580041,3.8770988547900194,3.9026186097632034,3.7370320229938563,1123.1786752057515,1062.1472248288865,91.2744036471037,2.0,2.0,2.0,2.0,1.9981888410371855,1.9981888410371855,3.996377682074371,0.0,0.0,0.0,0.0,0.0,0.0,3.4375000000000013,1.7187500000000007,1.7187500000000007,0.0,0.0,0.0,0.5208333333333334,1.0416666666666667,0.5208333333333334,0.3016493055555556,0.6032986111111112,0.3016493055555556,0.0,0.0,0.0,2.187499999999999,2.187499999999999,4.374999999999998,0.0,0.0,0.0,0.0,0.0,0.0,3.379197709580041,1.6895988547900205,1.6895988547900205,1.9513093048816017,3.9026186097632034,3.5423213191074683,3.308987985774135,0.0,0.0,0.0,0.0,3.1249999999999996,1.5624999999999998,0.7812499999999999,0.7812499999999999,0.0,0.0,0.0,0.0,0.0,0.0,0.0,0.0,0.0,0.0,0.0,0.0,1.6666666666666663,3.3333333333333326,0.8333333333333331,0.8333333333333331,0.0,0.0,0.0,0.0,3.7370320229938563,1.8685160114969281,3.617591339081797,3.384258005748464,0.0,0.0,0.0,0.0,0.0,0.0,0.5040500952059437,0.4651612063170547,0.5365153729837213,0.4976264840948324,5.738390806092205,5.420490504970563,98.55512976072231,98.65914278441753,64,219.842529296875,215.08142453692145,215.67912120642129,219.85866970486111,210.00137893708433,210.7432025269402,210.92905066749933,219.89149305555557,219.83778211805554,214.0607616614002,214.40307953975667,219.90125868055554,180.0,180.0,219.95632675459265,212.77427645347947,213.08690159110864,209.74485832826332,211.02060410203364,211.79064589581898,180.0,180.0,219.94981633792597,211.22423732548856,211.59344786157044,59.506054215695876,59.53033954515035,59.304701489258626,59.34787497015954,11700.0,136.04635737245871,71.8953826043785
1.1458333333333335,0.0,0.0,1.4583333333333333,0.0,0.0,0.0,0.7695312499999999,0.6712239583333333,0.47271458449718706,0.7695312499999999,0.7493489583333333,0.6443792642244897,0.8331813475578231,1190.1953803856409,1128.34150094835,97.71709545859727,2.0,1.9993469851905754,2.0,1.9994124654521976,0.38476562499999994,0.38476562499999994,0.7695312499999999,0.0,0.0,0.0,0.0,0.0,0.0,0.5729166666666667,0.28645833333333337,0.28645833333333337,0.255091131779371,0.255091131779371,0.510182263558742,0.0,0.0,0.0,0.0,0.0,0.0,0.4352469054356322,0.2176234527178161,0.2176234527178161,0.3645833333333333,0.3645833333333333,0.7291666666666666,0.0,0.0,0.0,0.0,0.0,0.0,0.7695312499999999,0.38476562499999994,0.38476562499999994,0.0,0.0,0.0,0.0,0.6443792642244897,0.6443792642244897,2.56937926422449,2.394379264224489,0.0,0.0,0.0,0.0,0.0,0.0,0.0,0.0,0.0,0.0,0.0,0.0,0.0,0.0,0.0,0.0,0.0,0.0,0.0,0.0,0.8331813475578231,0.8331813475578231,2.845681347557823,2.670681347557823,0.0,0.0,0.0,0.0,0.0,0.0,0.0,0.0,0.0,0.0,0.7457676801567656,0.7068787912678767,0.7704677337851913,0.7315788448963023,6.088643407395045,5.760383127824256,98.50863990494967,98.69750056404935,65,219.91319444444446,210.78267599632704,211.7501327813839,220.0,210.04331827100114,211.23913504063938,210.9671307084957,219.97416272994346,219.88715277777777,208.5930874787495,210.4042992181554,220.0,180.0,180.0,219.94394985455506,212.33822510703547,211.7491201588967,208.6802506577639,210.5717226519688,211.4384082358803,180.0,180.0,219.94557745872171,211.59418694340454,210.89985681483546,57.6103749079798,57.72461445771486,56.86242903890287,57.01740945543449,11880.0,137.2085172315737,21.008392451784665
6.875000000000003,0.0,2.0833333333333335,8.749999999999996,0.0,6.249999999999999,6.666666666666665,4.091146546284866,3.764323273142434,0.6727430555555556,3.47401864775933,3.924509323879664,3.8630164024310396,3.687699172462515,1121.4010996678646,1060.4970850020766,91.09745155191695,2.0,2.0,2.0,2.0,2.045573273142433,2.045573273142433,4.091146546284866,0.0,0.0,0.0,0.0,0.0,0.0,3.4375000000000013,1.7187500000000007,1.7187500000000007,0.0,0.0,0.0,0.5208333333333334,1.0416666666666667,0.5208333333333334,0.3363715277777778,0.6727430555555556,0.3363715277777778,0.0,0.0,0.0,2.187499999999999,2.187499999999999,4.374999999999998,0.0,0.0,0.0,0.0,0.0,0.0,3.47401864775933,1.737009323879665,1.737009323879665,1.9315082012155198,3.8630164024310396,3.532420767274427,3.2990874339410947,0.0,0.0,0.0,0.0,3.1249999999999996,1.5624999999999998,0.7812499999999999,0.7812499999999999,0.0,0.0,0.0,0.0,0.0,0.0,0.0,0.0,0.0,0.0,0.0,0.0,1.6666666666666663,3.3333333333333326,0.8333333333333331,0.8333333333333331,0.0,0.0,0.0,0.0,3.687699172462515,1.8438495862312576,3.605258126448962,3.3719247931156286,0.0,0.0,0.0,0.0,0.0,0.0,0.5065838726611287,0.46769498377223984,0.5390491504389066,0.5001602615500176,5.726316022833255,5.409179387603576,98.59789155823051,98.7031409625912,66,219.842529296875,215.0929707576298,215.68104641469347,219.85866970486111,210.13091032581767,210.85260019181672,210.96473380150576,219.89149305555557,219.83778211805554,214.04952415216331,214.40500474802909,219.90125868055554,180.0,180.0,219.95638478303567,212.82119434291354,213.12475820192296,209.7709863362885,210.98203932020107,211.74995032265494,180.0,180.0,219.94987436636902,211.2497810480301,211.62173034362038,59.5060616084126,59.53034670183326,59.305383530386024,59.3485094690729,12060.0,136.06666754894505,72.23558098231995
1.1458333333333335,0.0,0.0,1.4583333333333333,0.0,0.0,0.0,0.7695312499999999,0.6712239583333333,0.47255138068660696,0.7695312499999999,0.7493489583333333,0.6435318289211348,0.8323339122544683,1190.434912084831,1128.5839407111912,97.72172288962678,2.0,1.9993466747399655,2.0,1.9994121673852603,0.38476562499999994,0.38476562499999994,0.7695312499999999,0.0,0.0,0.0,0.0,0.0,0.0,0.5729166666666667,0.28645833333333337,0.28645833333333337,0.25494193272070836,0.25494193272070836,0.5098838654414167,0.0,0.0,0.0,0.0,0.0,0.0,0.43521889593179724,0.21760944796589862,0.21760944796589862,0.3645833333333333,0.3645833333333333,0.7291666666666666,0.0,0.0,0.0,0.0,0.0,0.0,0.7695312499999999,0.38476562499999994,0.38476562499999994,0.0,0.0,0.0,0.0,0.6435318289211348,0.6435318289211348,2.568531828921135,2.3935318289211343,0.0,0.0,0.0,0.0,0.0,0.0,0.0,0.0,0.0,0.0,0.0,0.0,0.0,0.0,0.0,0.0,0.0,0.0,0.0,0.0,0.8323339122544683,0.8323339122544683,2.8448339122544684,2.669833912254468,0.0,0.0,0.0,0.0,0.0,0.0,0.0,0.0,0.0,0.0,0.7417981771346422,0.7029092882457534,0.7664831708742491,0.72759428198536,6.089921496522063,5.761674356380399,98.50800302114197,98.69681171212002,67,219.91319444444446,210.78532390207056,211.7591481788918,220.0,210.04456341139357,211.25625047968106,210.96739652152186,219.9827914767795,219.88715277777777,208.59867874378853,210.41168207157642,220.0,180.0,180.0,219.94826422797308,212.34617275286283,211.74086290819108,208.68098040583027,210.57558324419165,211.4394680492228,180.0,180.0,219.94989183213977,211.60340088943718,210.8906860188661,57.61039841854975,57.72463644112195,56.861248411378604,57.01621834314073,12240.0,137.13856966845736,21.000960154115507
6.875000000000003,0.0,2.0833333333333335,8.749999999999996,0.0,6.249999999999999,6.666666666666665,4.088068489778554,3.7627842448892777,0.6727430555555556,3.471405521760564,3.9232027608802813,3.865173271250632,3.6896339531225935,1121.3260922822508,1060.45683722465,91.09312016802592,2.0,2.0,2.0,2.0,2.044034244889277,2.044034244889277,4.088068489778554,0.0,0.0,0.0,0.0,0.0,0.0,3.4375000000000013,1.7187500000000007,1.7187500000000007,0.0,0.0,0.0,0.5208333333333334,1.0416666666666667,0.5208333333333334,0.3363715277777778,0.6727430555555556,0.3363715277777778,0.0,0.0,0.0,2.187499999999999,2.187499999999999,4.374999999999998,0.0,0.0,0.0,0.0,0.0,0.0,3.471405521760564,1.735702760880282,1.735702760880282,1.932586635625316,3.865173271250632,3.532959984479325,3.299626651145992,0.0,0.0,0.0,0.0,3.1249999999999996,1.5624999999999998,0.7812499999999999,0.7812499999999999,0.0,0.0,0.0,0.0,0.0,0.0,0.0,0.0,0.0,0.0,0.0,0.0,1.6666666666666663,3.3333333333333326,0.8333333333333331,0.8333333333333331,0.0,0.0,0.0,0.0,3.6896339531225935,1.8448169765612967,3.6057418216139814,3.3724084882806484,0.0,0.0,0.0,0.0,0.0,0.0,0.5067593239814674,0.4678704350925784,0.539224601759245,0.5003357128703562,5.725915763385565,5.408950498404719,98.59808052519858,98.70344905882261,68,219.842529296875,215.09443778443176,215.68245214678126,219.85866970486111,210.13036018140684,210.85134338183857,210.96537694598717,219.89149305555557,219.83778211805554,214.05128860607024,214.40641048011705,219.90125868055554,180.0,180.0,219.95620145549876,212.82180999739,213.12457465232882,209.77330787626877,210.98390343705043,211.75223400201475,180.0,180.0,219.94969103883207,211.2501606878134,211.6230082355677,59.5060634907744,59.53034850187292,59.305413424593944,59.34853843497186,12420.0,136.04835120544877,72.23238191626913
1.1458333333333335,0.0,0.0,1.4583333333333333,0.0,0.0,0.0,0.7695312499999999,0.6712239583333333,0.4725478171719105,0.7695312499999999,0.7493489583333333,0.6435461022055903,0.8323481855389238,1190.4242099586402,1128.5732803877204,97.72073052615917,2.0,1.9993466967107636,2.0,1.9994121881736449,0.38476562499999994,0.38476562499999994,0.7695312499999999,0.0,0.0,0.0,0.0,0.0,0.0,0.5729166666666667,0.28645833333333337,0.28645833333333337,0.25493839275341107,0.25493839275341107,0.5098767855068221,0.0,0.0,0.0,0.0,0.0,0.0,0.43521884883699896,0.21760942441849948,0.21760942441849948,0.3645833333333333,0.3645833333333333,0.7291666666666666,0.0,0.0,0.0,0.0,0.0,0.0,0.7695312499999999,0.38476562499999994,0.38476562499999994,0.0,0.0,0.0,0.0,0.6435461022055903,0.6435461022055903,2.56854610220559,2.39354610220559,0.0,0.0,0.0,0.0,0.0,0.0,0.0,0.0,0.0,0.0,0.0,0.0,0.0,0.0,0.0,0.0,0.0,0.0,0.0,0.0,0.8323481855389238,0.8323481855389238,2.8448481855389236,2.6698481855389233,0.0,0.0,0.0,0.0,0.0,0.0,0.0,0.0,0.0,0.0,0.7417764112251963,0.7028875223363075,0.7664621392846673,0.7275732503957782,6.089864414129052,5.7616179272023595,98.5080349770988,98.69684063619752,69,219.91319444444446,210.78521125807046,211.75940762408504,220.0,210.04485587121178,211.25654381857092,210.9675104969112,219.9827914767795,219.88715277777777,208.59861998964666,210.41194565508198,220.0,180.0,180.0,219.94826422797308,212.34627663444212,211.74124787243457,208.68115592896814,210.57604411467122,211.4399335073863,180.0,180.0,219.94989183213977,211.60335026046496,210.890974048209,57.610398003954245,57.72463604402039,56.861319187270674,57.01628928451419,12600.0,137.13573300490776,21.001060086332362
6.875000000000003,0.0,2.0833333333333335,8.749999999999996,0.0,6.249999999999999,6.666666666666665,4.088051911433487,3.7627759557167444,0.6727430555555556,3.4714095220764323,3.9232047610382152,3.8650817451059956,3.6895170636987853,1121.3224243271022,1060.4540512613526,91.09282776570258,2.0,2.0,2.0,2.0,2.0440259557167435,2.0440259557167435,4.088051911433487,0.0,0.0,0.0,0.0,0.0,0.0,3.4375000000000013,1.7187500000000007,1.7187500000000007,0.0,0.0,0.0,0.5208333333333334,1.0416666666666667,0.5208333333333334,0.3363715277777778,0.6727430555555556,0.3363715277777778,0.0,0.0,0.0,2.187499999999999,2.187499999999999,4.374999999999998,0.0,0.0,0.0,0.0,0.0,0.0,3.4714095220764323,1.7357047610382161,1.7357047610382161,1.9325408725529978,3.8650817451059956,3.5329371029431664,3.2996037696098335,0.0,0.0,0.0,0.0,3.1249999999999996,1.5624999999999998,0.7812499999999999,0.7812499999999999,0.0,0.0,0.0,0.0,0.0,0.0,0.0,0.0,0.0,0.0,0.0,0.0,1.6666666666666663,3.3333333333333326,0.8333333333333331,0.8333333333333331,0.0,0.0,0.0,0.0,3.6895170636987853,1.8447585318493926,3.6057125992580294,3.372379265924696,0.0,0.0,0.0,0.0,0.0,0.0,0.5067589729442128,0.46787008405532393,0.5392242507219906,0.5003353618331017,5.7258953688139975,5.408934518204496,98.59810309270442,98.70347481932487,70,219.842529296875,215.09449539344712,215.6824594350378,219.85866970486111,210.13042862038733,210.85142228766153,210.9653710475568,219.89149305555557,219.83778211805554,214.0513353419889,214.4064177683737,219.90125868055554,180.0,180.0,219.9562017150818,212.82180974121377,213.12461942676535,209.77335273239,210.98391923146647,211.7522272075984,180.0,180.0,219.9496912984151,211.25017998271647,211.62306797467124,59.506063606806066,59.530348613127686,59.305415595611755,59.34854053902597,12780.0,136.04757513066355,72.23193992907385
1.1458333333333335,0.0,0.0,1.4583333333333333,0.0,0.0,0.0,0.7695312499999999,0.6712239583333333,0.4725476470519133,0.7695312499999999,0.7493489583333333,0.6435420519259749,0.8323441352593084,1190.4236793267207,1128.572752917042,97.72068095803775,2.0,1.9993466968252551,2.0,1.9994121882778326,0.38476562499999994,0.38476562499999994,0.7695312499999999,0.0,0.0,0.0,0.0,0.0,0.0,0.5729166666666667,0.28645833333333337,0.28645833333333337,0.2549382258911524,0.2549382258911524,0.5098764517823048,0.0,0.0,0.0,0.0,0.0,0.0,0.4352188423215219,0.21760942116076096,0.21760942116076096,0.3645833333333333,0.3645833333333333,0.7291666666666666,0.0,0.0,0.0,0.0,0.0,0.0,0.7695312499999999,0.38476562499999994,0.38476562499999994,0.0,0.0,0.0,0.0,0.6435420519259749,0.6435420519259749,2.568542051925975,2.3935420519259742,0.0,0.0,0.0,0.0,0.0,0.0,0.0,0.0,0.0,0.0,0.0,0.0,0.0,0.0,0.0,0.0,0.0,0.0,0.0,0.0,0.8323441352593084,0.8323441352593084,2.8448441352593083,2.669844135259308,0.0,0.0,0.0,0.0,0.0,0.0,0.0,0.0,0.0,0.0,0.7417759554909032,0.7028870666020144,0.766461703688598,0.727572814799709,6.089861405162982,5.761614959566052,98.50803906898498,98.69684463757989,71,219.91319444444446,210.7852213610039,211.75940576120965,220.0,210.04488682993033,211.25657168281836,210.9675270450971,219.9827914767795,219.88715277777777,208.59863478821393,210.41194618722062,220.0,180.0,180.0,219.94826422797308,212.34629280587245,211.74125186031821,208.68116199644487,210.57605428122702,211.43993985301927,180.0,180.0,219.94989183213977,211.6033656824301,210.89097643659952,57.61039793731618,57.724635978660864,56.861319800129344,57.01628990194042,12960.0,137.13555663205833,21.00102700361545
6.875000000000003,0.0,2.0833333333333335,8.749999999999996,0.0,6.249999999999999,6.666666666666665,4.088048034432072,3.762774017216037,0.6727430555555556,3.4714065597510166,3.9232032798755077,3.865081135579481,3.689516002850585,1121.3223087497622,1060.4539249328218,91.09281546294048,2.0,2.0,2.0,2.0,2.044024017216036,2.044024017216036,4.088048034432072,0.0,0.0,0.0,0.0,0.0,0.0,3.4375000000000013,1.7187500000000007,1.7187500000000007,0.0,0.0,0.0,0.5208333333333334,1.0416666666666667,0.5208333333333334,0.3363715277777778,0.6727430555555556,0.3363715277777778,0.0,0.0,0.0,2.187499999999999,2.187499999999999,4.374999999999998,0.0,0.0,0.0,0.0,0.0,0.0,3.4714065597510166,1.7357032798755083,1.7357032798755083,1.9325405677897405,3.865081135579481,3.532936950561538,3.2996036172282044,0.0,0.0,0.0,0.0,3.1249999999999996,1.5624999999999998,0.7812499999999999,0.7812499999999999,0.0,0.0,0.0,0.0,0.0,0.0,0.0,0.0,0.0,0.0,0.0,0.0,1.6666666666666663,3.3333333333333326,0.8333333333333331,0.8333333333333331,0.0,0.0,0.0,0.0,3.689516002850585,1.8447580014252924,3.60571233404598,3.3723790007126464,0.0,0.0,0.0,0.0,0.0,0.0,0.5067588559310081,0.4678699670421191,0.5392241337087857,0.5003352448198969,5.725894652819617,5.408933754860215,98.59810489872847,98.70347662448596,72,219.842529296875,215.09449635547017,215.68246000360628,219.85866970486111,210.13043261971032,210.85142550743194,210.9653732130635,219.89149305555557,219.83778211805554,214.0513368326616,214.40641833694238,219.90125868055554,180.0,180.0,219.95620182638586,212.82181249658368,213.12462184549508,209.77335665618685,210.98392465859914,211.75223167372576,180.0,180.0,219.9496914097192,211.25018272920846,211.62307088371938,59.50606361002311,59.53034861621112,59.305415654336905,59.34854059651828,13140.0,136.04752110271002,72.23192290967076
1.1458333333333335,0.0,0.0,1.4583333333333333,0.0,0.0,0.0,0.7695312499999999,0.6712239583333333,0.4725476372287546,0.7695312499999999,0.7493489583333333,0.6435420444328951,0.8323441277662287,1190.4236537037236,1128.5727273538823,97.72067805807039,2.0,1.9993466968569762,2.0,1.9994121883076756,0.38476562499999994,0.38476562499999994,0.7695312499999999,0.0,0.0,0.0,0.0,0.0,0.0,0.5729166666666667,0.28645833333333337,0.28645833333333337,0.25493821638909325,0.25493821638909325,0.5098764327781865,0.0,0.0,0.0,0.0,0.0,0.0,0.43521884167932273,0.21760942083966137,0.21760942083966137,0.3645833333333333,0.3645833333333333,0.7291666666666666,0.0,0.0,0.0,0.0,0.0,0.0,0.7695312499999999,0.38476562499999994,0.38476562499999994,0.0,0.0,0.0,0.0,0.6435420444328951,0.6435420444328951,2.5685420444328955,2.3935420444328948,0.0,0.0,0.0,0.0,0.0,0.0,0.0,0.0,0.0,0.0,0.0,0.0,0.0,0.0,0.0,0.0,0.0,0.0,0.0,0.0,0.8323441277662287,0.8323441277662287,2.8448441277662284,2.6698441277662286,0.0,0.0,0.0,0.0,0.0,0.0,0.0,0.0,0.0,0.0,0.7417758144506862,0.7028869255617972,0.7664615637282908,0.7275726748394019,6.089861258332728,5.76161481387801,98.50803926492097,98.69684483658506,73,219.91319444444446,210.7852218125343,211.7594066899967,220.0,210.0448881059409,211.2565728994362,210.96752765864792,219.9827914767795,219.88715277777777,208.59863536412854,210.41194710275695,220.0,180.0,180.0,219.94826422797308,212.34629328527163,211.7412524443236,208.68116243911854,210.57605475794426,211.43994014868653,180.0,180.0,219.94989183213977,211.6033662298649,210.89097691245263,57.61039793670216,57.72463597802988,56.86131991022996,57.0162900116708,13320.0,137.13554728309506,21.00102690437818
6.875000000000003,0.0,2.0833333333333335,8.749999999999996,0.0,6.249999999999999,6.666666666666665,4.088047866309631,3.762773933154816,0.6727430555555556,3.471406409816379,3.9232032049081886,3.865081015148564,3.689515846040315,1121.3222984050308,1060.4539201270466,91.0928147080974,2.0,2.0,2.0,2.0,2.0440239331548153,2.0440239331548153,4.088047866309631,0.0,0.0,0.0,0.0,0.0,0.0,3.4375000000000013,1.7187500000000007,1.7187500000000007,0.0,0.0,0.0,0.5208333333333334,1.0416666666666667,0.5208333333333334,0.3363715277777778,0.6727430555555556,0.3363715277777778,0.0,0.0,0.0,2.187499999999999,2.187499999999999,4.374999999999998,0.0,0.0,0.0,0.0,0.0,0.0,3.471406409816379,1.7357032049081895,1.7357032049081895,1.932540507574282,3.865081015148564,3.532936920453808,3.299603587120475,0.0,0.0,0.0,0.0,3.1249999999999996,1.5624999999999998,0.7812499999999999,0.7812499999999999,0.0,0.0,0.0,0.0,0.0,0.0,0.0,0.0,0.0,0.0,0.0,0.0,1.6666666666666663,3.3333333333333326,0.8333333333333331,0.8333333333333331,0.0,0.0,0.0,0.0,3.689515846040315,1.8447579230201574,3.605712294843412,3.3723789615100785,0.0,0.0,0.0,0.0,0.0,0.0,0.5067588394949532,0.4678699506060642,0.5392241172727308,0.500335228383842,5.7258945960825915,5.408933725459883,98.59810495200826,98.703476697763,74,219.842529296875,215.09449647894556,215.68246003813675,219.85866970486111,210.13043284929094,210.8514256857865,210.96537324827386,219.89149305555557,219.83778211805554,214.0513370000502,214.406418371473,219.90125868055554,180.0,180.0,219.95620184254622,212.82181260947362,213.1246219074071,209.77335694769428,210.98392494709665,211.75223192039937,180.0,180.0,219.94969142587954,211.25018285061216,211.6230709961953,59.50606361010196,59.53034861628557,59.305415655260134,59.34854059737363,13500.0,136.04751797998262,72.23192171907422
1.1458333333333335,0.0,0.0,1.4583333333333333,0.0,0.0,0.0,0.7695312499999999,0.6712239583333333,0.4725476365381084,0.7695312499999999,0.7493489583333333,0.6435420395217686,0.8323441228551021,1190.4236519059448,1128.5727255716067,97.72067788995615,2.0,1.9993466968585278,2.0,1.9994121883091278,0.38476562499999994,0.38476562499999994,0.7695312499999999,0.0,0.0,0.0,0.0,0.0,0.0,0.5729166666666667,0.28645833333333337,0.28645833333333337,0.25493821573662095,0.25493821573662095,0.5098764314732419,0.0,0.0,0.0,0.0,0.0,0.0,0.4352188416029749,0.21760942080148746,0.21760942080148746,0.3645833333333333,0.3645833333333333,0.7291666666666666,0.0,0.0,0.0,0.0,0.0,0.0,0.7695312499999999,0.38476562499999994,0.38476562499999994,0.0,0.0,0.0,0.0,0.6435420395217686,0.6435420395217686,2.568542039521769,2.393542039521768,0.0,0.0,0.0,0.0,0.0,0.0,0.0,0.0,0.0,0.0,0.0,0.0,0.0,0.0,0.0,0.0,0.0,0.0,0.0,0.0,0.8323441228551021,0.8323441228551021,2.844844122855102,2.669844122855102,0.0,0.0,0.0,0.0,0.0,0.0,0.0,0.0,0.0,0.0,0.7417758127702055,0.7028869238813166,0.7664615621477969,0.727572673258908,6.08986124814432,5.761614803851038,98.50803927773785,98.6968448491982,75,219.91319444444446,210.7852218424615,211.75940672873006,220.0,210.04488815248007,211.25657294160004,210.96752768534694,219.9827914767795,219.88715277777777,208.59863540069625,210.41194713621954,220.0,180.0,180.0,219.94826422797308,212.3462933145822,211.74125247403384,208.68116247129305,210.57605480752517,211.4399401912134,180.0,180.0,219.94989183213977,211.60336626006583,210.89097694051657,57.61039793660223,57.72463597793053,56.861319915879385,57.01629001729791,13680.0,137.13554676502713,21.001026862326583
6.875000000000003,0.0,2.0833333333333335,8.749999999999996,0.0,6.249999999999999,6.666666666666665,4.088047854308295,3.7627739271541483,0.6727430555555556,3.4714063990840747,3.9232031995420362,3.865081006738211,3.6895158368305987,1121.3222979009095,1060.4539197293793,91.09281466558414,2.0,2.0,2.0,2.0,2.0440239271541474,2.0440239271541474,4.088047854308295,0.0,0.0,0.0,0.0,0.0,0.0,3.4375000000000013,1.7187500000000007,1.7187500000000007,0.0,0.0,0.0,0.5208333333333334,1.0416666666666667,0.5208333333333334,0.3363715277777778,0.6727430555555556,0.3363715277777778,0.0,0.0,0.0,2.187499999999999,2.187499999999999,4.374999999999998,0.0,0.0,0.0,0.0,0.0,0.0,3.4714063990840747,1.7357031995420373,1.7357031995420373,1.9325405033691054,3.865081006738211,3.53293691835122,3.2996035850178873,0.0,0.0,0.0,0.0,3.1249999999999996,1.5624999999999998,0.7812499999999999,0.7812499999999999,0.0,0.0,0.0,0.0,0.0,0.0,0.0,0.0,0.0,0.0,0.0,0.0,1.6666666666666663,3.3333333333333326,0.8333333333333331,0.8333333333333331,0.0,0.0,0.0,0.0,3.6895158368305987,1.8447579184152993,3.6057122925409826,3.3723789592076496,0.0,0.0,0.0,0.0,0.0,0.0,0.506758838879312,0.4678699499904229,0.5392241166570896,0.5003352277682007,5.725894593313036,5.408933723223104,98.59810495463341,98.70347670076362,76,219.842529296875,215.09449648378313,215.68246003909871,219.85866970486111,210.13043286289172,210.85142569722345,210.96537325196562,219.89149305555557,219.83778211805554,214.05133700727302,214.40641837243518,219.90125868055554,180.0,180.0,219.95620184314538,212.82181261376175,213.12462191397412,209.77335696027276,210.98392496246018,211.7522319339096,180.0,180.0,219.94969142647872,211.250182855766,211.62307100523165,59.50606361011959,59.530348616302454,59.30541565556595,59.34854059767132,13860.0,136.04751779767525,72.2319216383668
1.1458333333333335,0.0,0.0,1.4583333333333333,0.0,0.0,0.0,0.7695312499999999,0.6712239583333333,0.47254763650888754,0.7695312499999999,0.7493489583333333,0.6435420392971258,0.8323441226304594,1190.4236517883514,1128.572725454348,97.7206778787345,2.0,1.9993466968586218,2.0,1.9994121883092162,0.38476562499999994,0.38476562499999994,0.7695312499999999,0.0,0.0,0.0,0.0,0.0,0.0,0.5729166666666667,0.28645833333333337,0.28645833333333337,0.25493821570768543,0.25493821570768543,0.5098764314153709,0.0,0.0,0.0,0.0,0.0,0.0,0.43521884160240426,0.21760942080120213,0.21760942080120213,0.3645833333333333,0.3645833333333333,0.7291666666666666,0.0,0.0,0.0,0.0,0.0,0.0,0.7695312499999999,0.38476562499999994,0.38476562499999994,0.0,0.0,0.0,0.0,0.6435420392971258,0.6435420392971258,2.568542039297126,2.3935420392971256,0.0,0.0,0.0,0.0,0.0,0.0,0.0,0.0,0.0,0.0,0.0,0.0,0.0,0.0,0.0,0.0,0.0,0.0,0.0,0.0,0.8323441226304594,0.8323441226304594,2.8448441226304593,2.669844122630459,0.0,0.0,0.0,0.0,0.0,0.0,0.0,0.0,0.0,0.0,0.7417758125890711,0.7028869237001821,0.7664615619713372,0.7275726730824481,6.089861247483977,5.761614803197022,98.50803927850787,98.69684484995905,77,219.91319444444446,210.785221844289,211.75940673089025,220.0,210.04488815644171,211.25657294527448,210.9675276873871,219.9827914767795,219.88715277777777,208.59863540292275,210.41194713815216,220.0,180.0,180.0,219.94826422797308,212.34629331685898,211.7412524759468,208.6811624727057,210.57605480926136,211.43994019240733,180.0,180.0,219.94989183213977,211.60336626241642,210.8909769423168,57.61039793659334,57.724635977921785,56.86131991622273,57.01629001764172,14040.0,137.13554673350527,21.00102686041256
6.875000000000003,0.0,2.0833333333333335,8.749999999999996,0.0,6.249999999999999,6.666666666666665,4.088047853649008,3.7627739268245044,0.6727430555555556,3.471406398496444,3.923203199248221,3.8650810062529475,3.689515836293609,1121.3222978714302,1060.4539197091603,91.092814663165,2.0,2.0,2.0,2.0,2.044023926824504,2.044023926824504,4.088047853649008,0.0,0.0,0.0,0.0,0.0,0.0,3.4375000000000013,1.7187500000000007,1.7187500000000007,0.0,0.0,0.0,0.5208333333333334,1.0416666666666667,0.5208333333333334,0.3363715277777778,0.6727430555555556,0.3363715277777778,0.0,0.0,0.0,2.187499999999999,2.187499999999999,4.374999999999998,0.0,0.0,0.0,0.0,0.0,0.0,3.471406398496444,1.735703199248222,1.735703199248222,1.9325405031264737,3.8650810062529475,3.5329369182299044,3.2996035848965715,0.0,0.0,0.0,0.0,3.1249999999999996,1.5624999999999998,0.7812499999999999,0.7812499999999999,0.0,0.0,0.0,0.0,0.0,0.0,0.0,0.0,0.0,0.0,0.0,0.0,1.6666666666666663,3.3333333333333326,0.8333333333333331,0.8333333333333331,0.0,0.0,0.0,0.0,3.689515836293609,1.8447579181468046,3.6057122924067353,3.372378959073402,0.0,0.0,0.0,0.0,0.0,0.0,0.5067588388524307,0.4678699499635419,0.5392241166302085,0.5003352277413196,5.725894593145462,5.408933723101726,98.59810495487118,98.7034767010371,78,219.842529296875,215.09449648401537,215.6824600391157,219.85866970486111,210.13043286378326,210.8514256979916,210.96537325224108,219.89149305555557,219.83778211805554,214.0513370076543,214.4064183724523,219.90125868055554,180.0,180.0,219.95620184317144,212.8218126140927,213.12462191430507,209.77335696108582,210.98392496342595,211.75223193474088,180.0,180.0,219.94969142650478,211.25018285614198,211.62307100570277,59.50606361012014,59.53034861630297,59.30541565557553,59.34854059768056,14220.0,136.04751778689408,72.23192163382846
1.1458333333333335,0.0,0.0,1.4583333333333333,0.0,0.0,0.0,0.7695312499999999,0.6712239583333333,0.47254763650700615,0.7695312499999999,0.7493489583333333,0.6435420392826843,0.8323441226160178,1190.4236517820916,1128.5727254481212,97.72067787809883,2.0,1.9993466968586273,2.0,1.9994121883092213,0.38476562499999994,0.38476562499999994,0.7695312499999999,0.0,0.0,0.0,0.0,0.0,0.0,0.5729166666666667,0.28645833333333337,0.28645833333333337,0.25493821570588265,0.25493821570588265,0.5098764314117653,0.0,0.0,0.0,0.0,0.0,0.0,0.43521884160224705,0.21760942080112353,0.21760942080112353,0.3645833333333333,0.3645833333333333,0.7291666666666666,0.0,0.0,0.0,0.0,0.0,0.0,0.7695312499999999,0.38476562499999994,0.38476562499999994,0.0,0.0,0.0,0.0,0.6435420392826843,0.6435420392826843,2.5685420392826845,2.393542039282684,0.0,0.0,0.0,0.0,0.0,0.0,0.0,0.0,0.0,0.0,0.0,0.0,0.0,0.0,0.0,0.0,0.0,0.0,0.0,0.0,0.8323441226160178,0.8323441226160178,2.8448441226160175,2.6698441226160177,0.0,0.0,0.0,0.0,0.0,0.0,0.0,0.0,0.0,0.0,0.7417758125706627,0.7028869236817737,0.7664615619531563,0.7275726730642673,6.089861247448583,5.761614803162044,98.50803927855128,98.69684485000222,79,219.91319444444446,210.7852218444029,211.7594067310385,220.0,210.0448881566351,211.25657294545297,210.96752768748007,219.9827914767795,219.88715277777777,208.5986354030546,210.41194713828548,220.0,180.0,180.0,219.94826422797308,212.34629331697985,211.7412524760548,208.6811624727662,210.57605480935754,211.439940192474,180.0,180.0,219.94989183213977,211.60336626254463,210.89097694242005,57.610397936592975,57.72463597792144,56.86131991624263,57.016290017661575,14400.0,137.13554673176412,21.0010268602895
