N_P_star,N_UF_star,allocation_A_E_to_N,allocation_A_E_to_S,allocation_A_E_to_W,allocation_A_N_to_E,allocation_A_N_to_S,allocation_A_N_to_W,allocation_A_S_to_E,allocation_A_S_to_N,allocation_A_S_to_W,allocation_A_W_to_E,allocation_A_W_to_N,allocation_A_W_to_S,allocation_B_E_to_N,allocation_B_E_to_S,allocation_B_E_to_W,allocation_B_N_to_E,allocation_B_N_to_S,allocation_B_N_to_W,allocation_B_S_to_E,allocation_B_S_to_N,allocation_B_S_to_W,allocation_B_W_to_E,allocation_B_W_to_N,allocation_B_W_to_S,allocation_C_E_to_N,allocation_C_E_to_S,allocation_C_E_to_W,allocation_C_N_to_E,allocation_C_N_to_S,allocation_C_N_to_W,allocation_C_S_to_E,allocation_C_S_to_N,allocation_C_S_to_W,allocation_C_W_to_E,allocation_C_W_to_N,allocation_C_W_to_S,allocation_D_E_to_N,allocation_D_E_to_W,allocation_D_E_to_onE,allocation_D_E_to_onW,allocation_D_N_to_E,allocation_D_N_to_W,allocation_D_N_to_onE,allocation_D_N_to_onW,allocation_D_W_to_E,allocation_D_W_to_N,allocation_D_W_to_onE,allocation_D_W_to_onW,allocation_D_offE_to_E,allocation_D_offE_to_N,allocation_D_offE_to_W,allocation_D_offW_to_E,allocation_D_offW_to_N,allocation_D_offW_to_W,allocation_E_E_to_N,allocation_E_E_to_W,allocation_E_N_to_E,allocation_E_N_to_W,allocation_E_W_to_E,allocation_E_W_to_N,allocation_F_E_to_N,allocation_F_E_to_W,allocation_F_E_to_onE,allocation_F_E_to_onW,allocation_F_N_to_E,allocation_F_N_to_W,allocation_F_N_to_onE,allocation_F_N_to_onW,allocation_F_W_to_E,allocation_F_W_to_N,allocation_F_W_to_onE,allocation_F_W_to_onW,allocation_F_offE_to_E,allocation_F_offE_to_N,allocation_F_offE_to_W,allocation_F_offW_to_E,allocation_F_offW_to_N,allocation_F_offW_to_W,allocation_in_A_left,allocation_in_A_top,allocation_in_B_top,allocation_in_C_right,allocation_in_C_top,allocation_in_D_left,allocation_in_F_right,allocation_out_A_left,allocation_out_A_top,allocation_out_B_top,allocation_out_C_right,allocation_out_C_top,allocation_out_D_left,allocation_out_F_right,diag_N_P_crit,diag_N_P_max,diag_N_P_min,diag_N_UF_max,diag_N_UF_min,diag_calib_fingerprint_mismatch_count,diag_distributed_response_rollout_freeway_ttt,diag_distributed_response_rollout_ttt,diag_distributed_response_rollout_urban_ttt,diag_leader_base_accumulation,diag_leader_beta_hat,diag_leader_boundary_in_queue_penalty,diag_leader_boundary_in_queue_veh,diag_leader_boundary_leg_excluded_veh,diag_leader_candidate_best_N_P_star,diag_leader_candidate_best_N_UF_star,diag_leader_candidate_best_index,diag_leader_candidate_best_intent_N_P_star,diag_leader_candidate_best_intent_N_UF_star,diag_leader_candidate_best_objective,diag_leader_candidate_best_projected_N_P_star,diag_leader_candidate_best_realized_N_P_star,diag_leader_candidate_best_realized_N_UF_star,diag_leader_candidate_best_stage_coarse,diag_leader_candidate_best_stage_fallback,diag_leader_candidate_best_stage_refined,diag_leader_candidate_coarse_count,diag_leader_candidate_coarse_evaluated_count,diag_leader_candidate_coarse_global,diag_leader_candidate_coarse_local,diag_leader_candidate_count,diag_leader_candidate_follower_early_terminated_candidates,diag_leader_candidate_follower_early_terminated_candidates_total,diag_leader_candidate_full_evaluated_count,diag_leader_candidate_global_refresh,diag_leader_candidate_incumbent_active,diag_leader_candidate_incumbent_any_active,diag_leader_candidate_incumbent_objective,diag_leader_candidate_intent_N_P_star,diag_leader_candidate_intent_N_UF_star,diag_leader_candidate_objective_gap,diag_leader_candidate_objective_spread,diag_leader_candidate_parallel_backend_process,diag_leader_candidate_parallel_backend_serial,diag_leader_candidate_parallel_backend_thread,diag_leader_candidate_parallel_workers,diag_leader_candidate_prefilter_active,diag_leader_candidate_prefilter_scope_global,diag_leader_candidate_prefilter_scope_local,diag_leader_candidate_prefilter_selected_count,diag_leader_candidate_prefilter_top_k,diag_leader_candidate_process_pool_reuse_enabled,diag_leader_candidate_process_pool_reused_existing,diag_leader_candidate_projected_N_P_star,diag_leader_candidate_proxy_best_index,diag_leader_candidate_proxy_best_objective,diag_leader_candidate_proxy_evaluated_count,diag_leader_candidate_proxy_objective_gap,diag_leader_candidate_proxy_objective_spread,diag_leader_candidate_proxy_second_index,diag_leader_candidate_proxy_second_objective,diag_leader_candidate_raw_N_P_star,diag_leader_candidate_raw_N_UF_star,diag_leader_candidate_realized_N_P_star,diag_leader_candidate_realized_N_UF_star,diag_leader_candidate_refined_count,diag_leader_candidate_refined_evaluated_count,diag_leader_candidate_refined_prefilter_active,diag_leader_candidate_refined_prefilter_scope_global,diag_leader_candidate_refined_prefilter_scope_local,diag_leader_candidate_refined_prefilter_selected_count,diag_leader_candidate_refined_prefilter_top_k,diag_leader_candidate_refined_proxy_best_index,diag_leader_candidate_refined_proxy_best_objective,diag_leader_candidate_refined_proxy_evaluated_count,diag_leader_candidate_refined_proxy_objective_gap,diag_leader_candidate_refined_proxy_objective_spread,diag_leader_candidate_refined_proxy_second_index,diag_leader_candidate_refined_proxy_second_objective,diag_leader_candidate_refinement_active,diag_leader_candidate_second_N_P_star,diag_leader_candidate_second_N_UF_star,diag_leader_candidate_second_index,diag_leader_candidate_second_intent_N_P_star,diag_leader_candidate_second_intent_N_UF_star,diag_leader_candidate_second_objective,diag_leader_candidate_second_projected_N_P_star,diag_leader_candidate_second_realized_N_P_star,diag_leader_candidate_second_realized_N_UF_star,diag_leader_candidate_second_stage_coarse,diag_leader_candidate_second_stage_fallback,diag_leader_candidate_second_stage_refined,diag_leader_candidate_solver_N_P_star,diag_leader_candidate_solver_N_UF_star,diag_leader_candidate_wu_metered_serial_override,diag_leader_density_effective_lane_weight_count,diag_leader_density_excess,diag_leader_density_penalty,diag_leader_fallback_best_completed_proxy_veh,diag_leader_fallback_best_objective,diag_leader_fallback_best_stage_no_control,diag_leader_fallback_best_stage_pfo,diag_leader_fallback_best_terminal_proxy_veh,diag_leader_fallback_candidate_count,diag_leader_fallback_enabled,diag_leader_fallback_evaluated_count,diag_leader_fallback_guard_active,diag_leader_fallback_guard_beta_applied,diag_leader_fallback_guard_beta_hat,diag_leader_fallback_guard_completed_severe,diag_leader_fallback_guard_completed_worse,diag_leader_fallback_guard_fallback_completed_proxy_veh,diag_leader_fallback_guard_fallback_objective,diag_leader_fallback_guard_fallback_rollout_ttt,diag_leader_fallback_guard_fallback_terminal_proxy_veh,diag_leader_fallback_guard_insufficient_gain,diag_leader_fallback_guard_leader_completed_proxy_veh,diag_leader_fallback_guard_leader_objective,diag_leader_fallback_guard_leader_rollout_ttt,diag_leader_fallback_guard_leader_rollout_ttt_beta,diag_leader_fallback_guard_leader_terminal_proxy_veh,diag_leader_fallback_guard_metric_ttt,diag_leader_fallback_guard_objective_gain,diag_leader_fallback_guard_objective_worse,diag_leader_fallback_guard_rejected_leader,diag_leader_fallback_guard_required_gain,diag_leader_fallback_guard_selected,diag_leader_fallback_guard_selected_no_control,diag_leader_fallback_guard_selected_pfo,diag_leader_fallback_guard_terminal_severe,diag_leader_fallback_guard_terminal_worse,diag_leader_fallback_guard_ttt_worse,diag_leader_fallback_incumbent_objective,diag_leader_fallback_incumbent_seed_active,diag_leader_fallback_pfo_completed_proxy_veh,diag_leader_fallback_pfo_objective,diag_leader_fallback_pfo_terminal_proxy_veh,diag_leader_follower_response_objective_used,diag_leader_follower_ttt_base,diag_leader_forecast_boundary_first_veh_h,diag_leader_forecast_boundary_future_mean_veh_h,diag_leader_forecast_boundary_peak_veh_h,diag_leader_forecast_mainline_first_veh_h,diag_leader_forecast_mainline_future_mean_veh_h,diag_leader_forecast_mainline_peak_veh_h,diag_leader_forecast_ramp_first_veh_h,diag_leader_forecast_ramp_future_mean_veh_h,diag_leader_forecast_ramp_peak_veh_h,diag_leader_forecast_steps,diag_leader_forecast_total_first_veh_h,diag_leader_forecast_total_future_mean_veh_h,diag_leader_forecast_total_peak_veh_h,diag_leader_intent_N_P_star,diag_leader_intent_N_UF_star,diag_leader_lambda_np_committed,diag_leader_lambda_uf_committed,diag_leader_mfd_boundary_queue_capacity_veh,diag_leader_mfd_link_excess_veh,diag_leader_mfd_movement_excess_veh,diag_leader_mfd_penalty_mode_all_urban_halfcap,diag_leader_mfd_penalty_mode_protected_exceed,diag_leader_mfd_storage_excess_veh,diag_leader_mfd_storage_penalty,diag_leader_mfd_storage_threshold_ratio,diag_leader_nonconvergence_control_residual_component,diag_leader_nonconvergence_obj_residual_component,diag_leader_nonconvergence_penalty,diag_leader_np_bound_lower,diag_leader_np_bound_upper,diag_leader_np_capacity_lower,diag_leader_np_capacity_max_net_flow_veh_h,diag_leader_np_capacity_min_net_flow_veh_h,diag_leader_np_capacity_upper,diag_leader_np_feasible_horizon_h,diag_leader_np_feasible_predictor_mode_code,diag_leader_np_feasible_sigma_max_veh,diag_leader_np_feasible_sigma_min_veh,diag_leader_np_follower_feasible_max,diag_leader_np_follower_feasible_min,diag_leader_np_follower_feasible_projection_active,diag_leader_np_follower_feasible_projection_cap_mode,diag_leader_np_follower_feasible_projection_failed,diag_leader_np_movement_lower,diag_leader_np_movement_lower_active,diag_leader_np_movement_max_net_flow_veh_h,diag_leader_np_movement_min_net_flow_veh_h,diag_leader_np_movement_upper,diag_leader_np_movement_upper_active,diag_leader_np_projected_N_P_star,diag_leader_np_projection_applied,diag_leader_np_projection_residual,diag_leader_np_raw_N_P_star,diag_leader_nuf_arrival_target,diag_leader_nuf_bound_lower,diag_leader_nuf_bound_upper,diag_leader_nuf_heuristic_target,diag_leader_nuf_omega_FW_E,diag_leader_nuf_omega_FW_W,diag_leader_nuf_queue_drain_target,diag_leader_objective,diag_leader_objective_base,diag_leader_output_closure_applied,diag_leader_pfo_incumbent_N_P_clipped,diag_leader_pfo_incumbent_N_P_star,diag_leader_pfo_incumbent_N_UF_clipped,diag_leader_pfo_incumbent_N_UF_star,diag_leader_pfo_incumbent_active,diag_leader_pfo_incumbent_candidate,diag_leader_pfo_incumbent_enabled,diag_leader_pfo_incumbent_local_center_used,diag_leader_pfo_incumbent_objective,diag_leader_pfo_incumbent_raw_N_P_star,diag_leader_pfo_incumbent_raw_N_UF_star,diag_leader_pfo_incumbent_selected,diag_leader_pfo_incumbent_tie_break_selected,diag_leader_pred_horizon_ttt,diag_leader_pred_interval_ttt,diag_leader_projected_N_P_star,diag_leader_ramp_queue_penalty,diag_leader_ramp_queue_veh,diag_leader_realized_N_P_star,diag_leader_realized_N_UF_star,diag_leader_realized_interval_ttt,diag_leader_recalib_needed,diag_leader_regret_active,diag_leader_regret_forced_commit,diag_leader_regret_gap,diag_leader_regret_incumbent_pred_interval_ttt,diag_leader_regret_window_len,diag_leader_response_N_P_star_projection_residual,diag_leader_response_N_P_star_realization_residual,diag_leader_response_N_UF_star_realization_residual,diag_leader_response_closure_applied,diag_leader_response_closure_changed_N_P,diag_leader_response_closure_use_rollout_objective,diag_leader_response_net_inflow_source_allocation_projected,diag_leader_response_net_inflow_source_distributed_projected,diag_leader_response_net_inflow_source_leader_realized,diag_leader_response_net_inflow_source_none,diag_leader_response_net_inflow_source_projected_only,diag_leader_response_net_inflow_source_wu_projected,diag_leader_response_net_inflow_source_wu_sum_nin,diag_leader_response_proxy_state_count,diag_leader_rollout_objective_base_used,diag_leader_rollout_prediction_used,diag_leader_search_demand_stress,diag_leader_search_density_stress,diag_leader_search_incident_stress,diag_leader_search_mode_continuous,diag_leader_search_mode_grid,diag_leader_search_ramp_queue_stress,diag_leader_search_stress_index,diag_leader_search_urban_storage_stress,diag_leader_selected_N_P_star,diag_leader_selected_N_UF_star,diag_leader_selected_intent_N_P_star,diag_leader_selected_intent_N_UF_star,diag_leader_selected_objective,diag_leader_selected_projected_N_P_star,diag_leader_selected_realized_N_P_star,diag_leader_selected_realized_N_UF_star,diag_leader_selected_stage_coarse,diag_leader_selected_stage_fallback,diag_leader_selected_stage_fallback_no_control,diag_leader_selected_stage_fallback_pfo,diag_leader_selected_stage_refined,diag_leader_smoothness_penalty,diag_leader_solver_N_P_star,diag_leader_solver_N_UF_star,diag_leader_state_accumulation_base,diag_leader_target_penalty,diag_leader_total_objective,diag_nash_converged,diag_nash_iterations,diag_nash_residual_control,diag_nash_residual_objective,diag_urban_net_inflow_original_target_veh,diag_urban_net_inflow_target_veh,diag_urban_net_inflow_target_veh_h,diag_wu_b2_price_A,diag_wu_b2_price_B,diag_wu_b2_price_C,diag_wu_b2_price_D,diag_wu_b2_price_F,diag_wu_b2_price_delta_sec,diag_wu_b2_price_enabled,diag_wu_b2_price_ref_A,diag_wu_b2_price_ref_B,diag_wu_b2_price_ref_C,diag_wu_b2_price_ref_D,diag_wu_b2_price_ref_F,diag_wu_b2_price_refresh_count,diag_wu_b2_price_refreshed,diag_wu_b2_price_trust_sec,diag_wu_b3_cliff_both_FW_E,diag_wu_b3_cliff_both_FW_W,diag_wu_b3_meter_fd3_R_D_E_base,diag_wu_b3_meter_fd3_R_D_E_cliffup,diag_wu_b3_meter_fd3_R_D_E_curv,diag_wu_b3_meter_fd3_R_D_E_hi,diag_wu_b3_meter_fd3_R_D_E_lo,diag_wu_b3_meter_fd3_R_D_E_nonlin,diag_wu_b3_meter_fd3_R_D_W_base,diag_wu_b3_meter_fd3_R_D_W_cliffup,diag_wu_b3_meter_fd3_R_D_W_curv,diag_wu_b3_meter_fd3_R_D_W_hi,diag_wu_b3_meter_fd3_R_D_W_lo,diag_wu_b3_meter_fd3_R_D_W_nonlin,diag_wu_b3_meter_fd3_R_F_E_base,diag_wu_b3_meter_fd3_R_F_E_cliffup,diag_wu_b3_meter_fd3_R_F_E_curv,diag_wu_b3_meter_fd3_R_F_E_hi,diag_wu_b3_meter_fd3_R_F_E_lo,diag_wu_b3_meter_fd3_R_F_E_nonlin,diag_wu_b3_meter_fd3_R_F_W_base,diag_wu_b3_meter_fd3_R_F_W_cliffup,diag_wu_b3_meter_fd3_R_F_W_curv,diag_wu_b3_meter_fd3_R_F_W_hi,diag_wu_b3_meter_fd3_R_F_W_lo,diag_wu_b3_meter_fd3_R_F_W_nonlin,diag_wu_b3_meter_price_R_D_E,diag_wu_b3_meter_price_R_D_W,diag_wu_b3_meter_price_R_F_E,diag_wu_b3_meter_price_R_F_W,diag_wu_b3_meter_price_enabled,diag_wu_b3_meter_price_ref_R_D_E,diag_wu_b3_meter_price_ref_R_D_W,diag_wu_b3_meter_price_ref_R_F_E,diag_wu_b3_meter_price_ref_R_F_W,diag_wu_b3_release_ratio_FW_E,diag_wu_b3_release_ratio_FW_W,diag_wu_b3_release_refresh,diag_wu_b3_vsl_price_FW_E__seg0,diag_wu_b3_vsl_price_FW_E__seg1,diag_wu_b3_vsl_price_FW_E__seg2,diag_wu_b3_vsl_price_FW_E__seg3,diag_wu_b3_vsl_price_FW_E__seg4,diag_wu_b3_vsl_price_FW_E__seg5,diag_wu_b3_vsl_price_FW_E__seg6,diag_wu_b3_vsl_price_FW_E__seg7,diag_wu_b3_vsl_price_FW_W__seg0,diag_wu_b3_vsl_price_FW_W__seg1,diag_wu_b3_vsl_price_FW_W__seg2,diag_wu_b3_vsl_price_FW_W__seg3,diag_wu_b3_vsl_price_FW_W__seg4,diag_wu_b3_vsl_price_FW_W__seg5,diag_wu_b3_vsl_price_FW_W__seg6,diag_wu_b3_vsl_price_FW_W__seg7,diag_wu_b3_vsl_price_enabled,diag_wu_b3_vsl_price_ref_FW_E__seg0,diag_wu_b3_vsl_price_ref_FW_E__seg1,diag_wu_b3_vsl_price_ref_FW_E__seg2,diag_wu_b3_vsl_price_ref_FW_E__seg3,diag_wu_b3_vsl_price_ref_FW_E__seg4,diag_wu_b3_vsl_price_ref_FW_E__seg5,diag_wu_b3_vsl_price_ref_FW_E__seg6,diag_wu_b3_vsl_price_ref_FW_E__seg7,diag_wu_b3_vsl_price_ref_FW_W__seg0,diag_wu_b3_vsl_price_ref_FW_W__seg1,diag_wu_b3_vsl_price_ref_FW_W__seg2,diag_wu_b3_vsl_price_ref_FW_W__seg3,diag_wu_b3_vsl_price_ref_FW_W__seg4,diag_wu_b3_vsl_price_ref_FW_W__seg5,diag_wu_b3_vsl_price_ref_FW_W__seg6,diag_wu_b3_vsl_price_ref_FW_W__seg7,diag_wu_b3cert_R_D_E,diag_wu_b3cert_R_D_W,diag_wu_b3cert_R_F_E,diag_wu_b3cert_R_F_W,diag_wu_b4_barrier_enabled,diag_wu_faithful_follower_active,diag_wu_faithful_lambda_P,diag_wu_faithful_lambda_next,diag_wu_faithful_local_evals,diag_wu_faithful_np_bias_ratio,diag_wu_faithful_np_cand_lambda,diag_wu_faithful_np_cand_lambda_applied,diag_wu_faithful_np_feasible_max,diag_wu_faithful_np_feasible_max_veh,diag_wu_faithful_np_feasible_min,diag_wu_faithful_np_feasible_min_veh,diag_wu_faithful_np_original_target,diag_wu_faithful_np_original_target_veh,diag_wu_faithful_np_pd_exit,diag_wu_faithful_np_pd_iters,diag_wu_faithful_np_pd_lam_entry,diag_wu_faithful_np_pd_residual,diag_wu_faithful_np_predictor_current_interval,diag_wu_faithful_np_predictor_legacy,diag_wu_faithful_np_predictor_mode_code,diag_wu_faithful_np_predictor_phase_substep,diag_wu_faithful_np_predictor_storage_aware,diag_wu_faithful_np_projected_target,diag_wu_faithful_np_projected_target_veh,diag_wu_faithful_np_projection_residual,diag_wu_faithful_np_realized_sum_nin_veh,diag_wu_faithful_np_sum_nin,diag_wu_faithful_np_target,diag_wu_faithful_np_target_error,diag_wu_faithful_offset_evals,diag_wu_faithful_offset_ttt_off,diag_wu_faithful_offset_ttt_on,diag_wu_faithful_offsets_off_zero,diag_wu_faithful_offsets_searched_off_zero,diag_wu_faithful_solve_time_sec,diag_wu_faithful_sum_nin,diag_wu_price_rollout_count,diag_wu_seg13_active,diag_wu_seg13_budget_FW_E,diag_wu_seg13_budget_FW_W,diag_wu_seg13_evals_FW_E,diag_wu_seg13_evals_FW_W,diag_wu_seg13_floor_alpha_FW_E,diag_wu_seg13_floor_alpha_FW_W,diag_wu_seg13_floor_cong_FW_E,diag_wu_seg13_floor_cong_FW_W,diag_wu_seg13_meter_box_edge_FW_E,diag_wu_seg13_meter_box_edge_FW_W,diag_wu_seg13_meter_box_r_FW_E,diag_wu_seg13_meter_box_r_FW_W,diag_wu_seg13_meter_box_total_FW_E,diag_wu_seg13_meter_box_total_FW_W,diag_wu_seg13_postsplit_FW_E,diag_wu_seg13_postsplit_FW_W,diag_wu_seg13_presplit_FW_E,diag_wu_seg13_presplit_FW_W,diag_wu_seg13_traj_used_FW_E,diag_wu_seg13_traj_used_FW_W,diag_wu_seg13_vsl_box_r_FW_E,diag_wu_seg13_vsl_box_r_FW_W,green_A_p1,green_A_p2,green_B_p1,green_B_p2,green_C_p1,green_C_p2,green_D_p1,green_D_p2,green_F_p1,green_F_p2,offset_A,offset_B,offset_C,offset_D,offset_F,ramp_metering_R_D_E,ramp_metering_R_D_W,ramp_metering_R_F_E,ramp_metering_R_F_W,step,time_sec,vsl_FW_E,vsl_FW_E_seg0,vsl_FW_E_seg1,vsl_FW_E_seg2,vsl_FW_E_seg3,vsl_FW_E_seg4,vsl_FW_E_seg5,vsl_FW_E_seg6,vsl_FW_E_seg7,vsl_FW_W,vsl_FW_W_seg0,vsl_FW_W_seg1,vsl_FW_W_seg2,vsl_FW_W_seg3,vsl_FW_W_seg4,vsl_FW_W_seg5,vsl_FW_W_seg6,vsl_FW_W_seg7
0.0,0.0,0.0,0.0,0.0,0.0,0.0,0.0,0.0,0.0,0.0,0.0,0.0,0.0,0.0,0.0,0.0,0.0,0.0,0.0,0.0,0.0,0.0,0.0,0.0,0.0,0.0,0.0,0.0,0.0,0.0,0.0,0.0,0.0,0.0,0.0,0.0,0.0,0.0,0.0,0.0,0.0,0.0,0.0,0.0,0.0,0.0,0.0,0.0,0.0,0.0,0.0,0.0,0.0,0.0,0.0,0.0,0.0,0.0,0.0,0.0,0.0,0.0,0.0,0.0,0.0,0.0,0.0,0.0,0.0,0.0,0.0,0.0,0.0,0.0,0.0,0.0,0.0,0.0,0.0,0.0,0.0,0.0,0.0,0.0,0.0,0.0,0.0,0.0,0.0,0.0,0.0,0.0,0.0,,,,,,,,,,,,,,,,,,,,,,,,,,,,,,,,,,,,,,,,,,,,,,,,,,,,,,,,,,,,,,,,,,,,,,,,,,,,,,,,,,,,,,,,,,,,,,,,,,,,,,,,,,,,,,,,,,,,,,,,,,,,,,,,,,,,,,,,,,,,,,,,,,,,,,,,,,,,,,,,,,,,,,,,,,,,,,,,,,,,,,,,,,,,,,,,,,,,,,,,,,,,,,,,,,,,,,,,,,,,,,,,,,,,,,,,,,,,,,,,,,,,,,,,,,,,,,,,,,,,,,,,,,,,,,,,,,,,,,,,,,,,,,,,,,,,,,,,,,,,,,,,,,,,,,,,,,,,,,,,,,,,,,,,,,,,,,,,,,,,,,,,,,,,,,,,,,,,,,,,,,,,,,,,,,,,,,,,,,,,,,,,,,,,,,,,,,,,,,,,,,,,,,,,,,,,,,,,,,,,,,,,,,,,,,,56.0,56.0,56.0,56.0,56.0,56.0,56.0,56.0,56.0,56.0,0.0,0.0,0.0,0.0,0.0,1500.0,1500.0,1500.0,1500.0,0,180.0,100.0,100.0,100.0,100.0,100.0,100.0,100.0,100.0,100.0,100.0,100.0,100.0,100.0,100.0,100.0,100.0,100.0,100.0
0.0,0.0,0.0,0.0,0.0,0.0,0.0,0.0,0.0,0.0,0.0,0.0,0.0,0.0,0.0,0.0,0.0,0.0,0.0,0.0,0.0,0.0,0.0,0.0,0.0,0.0,0.0,0.0,0.0,0.0,0.0,0.0,0.0,0.0,0.0,0.0,0.0,0.0,0.0,0.0,0.0,0.0,0.0,0.0,0.0,0.0,0.0,0.0,0.0,0.0,0.0,0.0,0.0,0.0,0.0,0.0,0.0,0.0,0.0,0.0,0.0,0.0,0.0,0.0,0.0,0.0,0.0,0.0,0.0,0.0,0.0,0.0,0.0,0.0,0.0,0.0,0.0,0.0,0.0,0.0,0.0,0.0,0.0,0.0,0.0,0.0,0.0,0.0,0.0,0.0,0.0,0.0,0.0,0.0,,,,,,,,,,,,,,,,,,,,,,,,,,,,,,,,,,,,,,,,,,,,,,,,,,,,,,,,,,,,,,,,,,,,,,,,,,,,,,,,,,,,,,,,,,,,,,,,,,,,,,,,,,,,,,,,,,,,,,,,,,,,,,,,,,,,,,,,,,,,,,,,,,,,,,,,,,,,,,,,,,,,,,,,,,,,,,,,,,,,,,,,,,,,,,,,,,,,,,,,,,,,,,,,,,,,,,,,,,,,,,,,,,,,,,,,,,,,,,,,,,,,,,,,,,,,,,,,,,,,,,,,,,,,,,,,,,,,,,,,,,,,,,,,,,,,,,,,,,,,,,,,,,,,,,,,,,,,,,,,,,,,,,,,,,,,,,,,,,,,,,,,,,,,,,,,,,,,,,,,,,,,,,,,,,,,,,,,,,,,,,,,,,,,,,,,,,,,,,,,,,,,,,,,,,,,,,,,,,,,,,,,,,,,,,,56.0,56.0,56.0,56.0,56.0,56.0,56.0,56.0,56.0,56.0,0.0,0.0,0.0,0.0,0.0,1500.0,1500.0,1500.0,1500.0,1,360.0,100.0,100.0,100.0,100.0,100.0,100.0,100.0,100.0,100.0,100.0,100.0,100.0,100.0,100.0,100.0,100.0,100.0,100.0
0.0,0.0,0.0,0.0,0.0,0.0,0.0,0.0,0.0,0.0,0.0,0.0,0.0,0.0,0.0,0.0,0.0,0.0,0.0,0.0,0.0,0.0,0.0,0.0,0.0,0.0,0.0,0.0,0.0,0.0,0.0,0.0,0.0,0.0,0.0,0.0,0.0,0.0,0.0,0.0,0.0,0.0,0.0,0.0,0.0,0.0,0.0,0.0,0.0,0.0,0.0,0.0,0.0,0.0,0.0,0.0,0.0,0.0,0.0,0.0,0.0,0.0,0.0,0.0,0.0,0.0,0.0,0.0,0.0,0.0,0.0,0.0,0.0,0.0,0.0,0.0,0.0,0.0,0.0,0.0,0.0,0.0,0.0,0.0,0.0,0.0,0.0,0.0,0.0,0.0,0.0,0.0,0.0,0.0,,,,,,,,,,,,,,,,,,,,,,,,,,,,,,,,,,,,,,,,,,,,,,,,,,,,,,,,,,,,,,,,,,,,,,,,,,,,,,,,,,,,,,,,,,,,,,,,,,,,,,,,,,,,,,,,,,,,,,,,,,,,,,,,,,,,,,,,,,,,,,,,,,,,,,,,,,,,,,,,,,,,,,,,,,,,,,,,,,,,,,,,,,,,,,,,,,,,,,,,,,,,,,,,,,,,,,,,,,,,,,,,,,,,,,,,,,,,,,,,,,,,,,,,,,,,,,,,,,,,,,,,,,,,,,,,,,,,,,,,,,,,,,,,,,,,,,,,,,,,,,,,,,,,,,,,,,,,,,,,,,,,,,,,,,,,,,,,,,,,,,,,,,,,,,,,,,,,,,,,,,,,,,,,,,,,,,,,,,,,,,,,,,,,,,,,,,,,,,,,,,,,,,,,,,,,,,,,,,,,,,,,,,,,,,,56.0,56.0,56.0,56.0,56.0,56.0,56.0,56.0,56.0,56.0,0.0,0.0,0.0,0.0,0.0,1500.0,1500.0,1500.0,1500.0,2,540.0,100.0,100.0,100.0,100.0,100.0,100.0,100.0,100.0,100.0,100.0,100.0,100.0,100.0,100.0,100.0,100.0,100.0,100.0
0.0,0.0,0.0,0.0,0.0,0.0,0.0,0.0,0.0,0.0,0.0,0.0,0.0,0.0,0.0,0.0,0.0,0.0,0.0,0.0,0.0,0.0,0.0,0.0,0.0,0.0,0.0,0.0,0.0,0.0,0.0,0.0,0.0,0.0,0.0,0.0,0.0,0.0,0.0,0.0,0.0,0.0,0.0,0.0,0.0,0.0,0.0,0.0,0.0,0.0,0.0,0.0,0.0,0.0,0.0,0.0,0.0,0.0,0.0,0.0,0.0,0.0,0.0,0.0,0.0,0.0,0.0,0.0,0.0,0.0,0.0,0.0,0.0,0.0,0.0,0.0,0.0,0.0,0.0,0.0,0.0,0.0,0.0,0.0,0.0,0.0,0.0,0.0,0.0,0.0,0.0,0.0,0.0,0.0,,,,,,,,,,,,,,,,,,,,,,,,,,,,,,,,,,,,,,,,,,,,,,,,,,,,,,,,,,,,,,,,,,,,,,,,,,,,,,,,,,,,,,,,,,,,,,,,,,,,,,,,,,,,,,,,,,,,,,,,,,,,,,,,,,,,,,,,,,,,,,,,,,,,,,,,,,,,,,,,,,,,,,,,,,,,,,,,,,,,,,,,,,,,,,,,,,,,,,,,,,,,,,,,,,,,,,,,,,,,,,,,,,,,,,,,,,,,,,,,,,,,,,,,,,,,,,,,,,,,,,,,,,,,,,,,,,,,,,,,,,,,,,,,,,,,,,,,,,,,,,,,,,,,,,,,,,,,,,,,,,,,,,,,,,,,,,,,,,,,,,,,,,,,,,,,,,,,,,,,,,,,,,,,,,,,,,,,,,,,,,,,,,,,,,,,,,,,,,,,,,,,,,,,,,,,,,,,,,,,,,,,,,,,,,,56.0,56.0,56.0,56.0,56.0,56.0,56.0,56.0,56.0,56.0,0.0,0.0,0.0,0.0,0.0,1500.0,1500.0,1500.0,1500.0,3,720.0,100.0,100.0,100.0,100.0,100.0,100.0,100.0,100.0,100.0,100.0,100.0,100.0,100.0,100.0,100.0,100.0,100.0,100.0
0.0,0.0,0.0,0.0,0.0,0.0,0.0,0.0,0.0,0.0,0.0,0.0,0.0,0.0,0.0,0.0,0.0,0.0,0.0,0.0,0.0,0.0,0.0,0.0,0.0,0.0,0.0,0.0,0.0,0.0,0.0,0.0,0.0,0.0,0.0,0.0,0.0,0.0,0.0,0.0,0.0,0.0,0.0,0.0,0.0,0.0,0.0,0.0,0.0,0.0,0.0,0.0,0.0,0.0,0.0,0.0,0.0,0.0,0.0,0.0,0.0,0.0,0.0,0.0,0.0,0.0,0.0,0.0,0.0,0.0,0.0,0.0,0.0,0.0,0.0,0.0,0.0,0.0,0.0,0.0,0.0,0.0,0.0,0.0,0.0,0.0,0.0,0.0,0.0,0.0,0.0,0.0,0.0,0.0,,,,,,,,,,,,,,,,,,,,,,,,,,,,,,,,,,,,,,,,,,,,,,,,,,,,,,,,,,,,,,,,,,,,,,,,,,,,,,,,,,,,,,,,,,,,,,,,,,,,,,,,,,,,,,,,,,,,,,,,,,,,,,,,,,,,,,,,,,,,,,,,,,,,,,,,,,,,,,,,,,,,,,,,,,,,,,,,,,,,,,,,,,,,,,,,,,,,,,,,,,,,,,,,,,,,,,,,,,,,,,,,,,,,,,,,,,,,,,,,,,,,,,,,,,,,,,,,,,,,,,,,,,,,,,,,,,,,,,,,,,,,,,,,,,,,,,,,,,,,,,,,,,,,,,,,,,,,,,,,,,,,,,,,,,,,,,,,,,,,,,,,,,,,,,,,,,,,,,,,,,,,,,,,,,,,,,,,,,,,,,,,,,,,,,,,,,,,,,,,,,,,,,,,,,,,,,,,,,,,,,,,,,,,,,,56.0,56.0,56.0,56.0,56.0,56.0,56.0,56.0,56.0,56.0,0.0,0.0,0.0,0.0,0.0,1500.0,1500.0,1500.0,1500.0,4,900.0,100.0,100.0,100.0,100.0,100.0,100.0,100.0,100.0,100.0,100.0,100.0,100.0,100.0,100.0,100.0,100.0,100.0,100.0
0.0,0.0,0.0,0.0,0.0,0.0,0.0,0.0,0.0,0.0,0.0,0.0,0.0,0.0,0.0,0.0,0.0,0.0,0.0,0.0,0.0,0.0,0.0,0.0,0.0,0.0,0.0,0.0,0.0,0.0,0.0,0.0,0.0,0.0,0.0,0.0,0.0,0.0,0.0,0.0,0.0,0.0,0.0,0.0,0.0,0.0,0.0,0.0,0.0,0.0,0.0,0.0,0.0,0.0,0.0,0.0,0.0,0.0,0.0,0.0,0.0,0.0,0.0,0.0,0.0,0.0,0.0,0.0,0.0,0.0,0.0,0.0,0.0,0.0,0.0,0.0,0.0,0.0,0.0,0.0,0.0,0.0,0.0,0.0,0.0,0.0,0.0,0.0,0.0,0.0,0.0,0.0,0.0,0.0,,,,,,,,,,,,,,,,,,,,,,,,,,,,,,,,,,,,,,,,,,,,,,,,,,,,,,,,,,,,,,,,,,,,,,,,,,,,,,,,,,,,,,,,,,,,,,,,,,,,,,,,,,,,,,,,,,,,,,,,,,,,,,,,,,,,,,,,,,,,,,,,,,,,,,,,,,,,,,,,,,,,,,,,,,,,,,,,,,,,,,,,,,,,,,,,,,,,,,,,,,,,,,,,,,,,,,,,,,,,,,,,,,,,,,,,,,,,,,,,,,,,,,,,,,,,,,,,,,,,,,,,,,,,,,,,,,,,,,,,,,,,,,,,,,,,,,,,,,,,,,,,,,,,,,,,,,,,,,,,,,,,,,,,,,,,,,,,,,,,,,,,,,,,,,,,,,,,,,,,,,,,,,,,,,,,,,,,,,,,,,,,,,,,,,,,,,,,,,,,,,,,,,,,,,,,,,,,,,,,,,,,,,,,,,,56.0,56.0,56.0,56.0,56.0,56.0,56.0,56.0,56.0,56.0,0.0,0.0,0.0,0.0,0.0,1500.0,1500.0,1500.0,1500.0,5,1080.0,100.0,100.0,100.0,100.0,100.0,100.0,100.0,100.0,100.0,100.0,100.0,100.0,100.0,100.0,100.0,100.0,100.0,100.0
0.0,0.0,0.0,0.0,0.0,0.0,0.0,0.0,0.0,0.0,0.0,0.0,0.0,0.0,0.0,0.0,0.0,0.0,0.0,0.0,0.0,0.0,0.0,0.0,0.0,0.0,0.0,0.0,0.0,0.0,0.0,0.0,0.0,0.0,0.0,0.0,0.0,0.0,0.0,0.0,0.0,0.0,0.0,0.0,0.0,0.0,0.0,0.0,0.0,0.0,0.0,0.0,0.0,0.0,0.0,0.0,0.0,0.0,0.0,0.0,0.0,0.0,0.0,0.0,0.0,0.0,0.0,0.0,0.0,0.0,0.0,0.0,0.0,0.0,0.0,0.0,0.0,0.0,0.0,0.0,0.0,0.0,0.0,0.0,0.0,0.0,0.0,0.0,0.0,0.0,0.0,0.0,0.0,0.0,,,,,,,,,,,,,,,,,,,,,,,,,,,,,,,,,,,,,,,,,,,,,,,,,,,,,,,,,,,,,,,,,,,,,,,,,,,,,,,,,,,,,,,,,,,,,,,,,,,,,,,,,,,,,,,,,,,,,,,,,,,,,,,,,,,,,,,,,,,,,,,,,,,,,,,,,,,,,,,,,,,,,,,,,,,,,,,,,,,,,,,,,,,,,,,,,,,,,,,,,,,,,,,,,,,,,,,,,,,,,,,,,,,,,,,,,,,,,,,,,,,,,,,,,,,,,,,,,,,,,,,,,,,,,,,,,,,,,,,,,,,,,,,,,,,,,,,,,,,,,,,,,,,,,,,,,,,,,,,,,,,,,,,,,,,,,,,,,,,,,,,,,,,,,,,,,,,,,,,,,,,,,,,,,,,,,,,,,,,,,,,,,,,,,,,,,,,,,,,,,,,,,,,,,,,,,,,,,,,,,,,,,,,,,,,56.0,56.0,56.0,56.0,56.0,56.0,56.0,56.0,56.0,56.0,0.0,0.0,0.0,0.0,0.0,1500.0,1500.0,1500.0,1500.0,6,1260.0,100.0,100.0,100.0,100.0,100.0,100.0,100.0,100.0,100.0,100.0,100.0,100.0,100.0,100.0,100.0,100.0,100.0,100.0
0.0,0.0,0.0,0.0,0.0,0.0,0.0,0.0,0.0,0.0,0.0,0.0,0.0,0.0,0.0,0.0,0.0,0.0,0.0,0.0,0.0,0.0,0.0,0.0,0.0,0.0,0.0,0.0,0.0,0.0,0.0,0.0,0.0,0.0,0.0,0.0,0.0,0.0,0.0,0.0,0.0,0.0,0.0,0.0,0.0,0.0,0.0,0.0,0.0,0.0,0.0,0.0,0.0,0.0,0.0,0.0,0.0,0.0,0.0,0.0,0.0,0.0,0.0,0.0,0.0,0.0,0.0,0.0,0.0,0.0,0.0,0.0,0.0,0.0,0.0,0.0,0.0,0.0,0.0,0.0,0.0,0.0,0.0,0.0,0.0,0.0,0.0,0.0,0.0,0.0,0.0,0.0,0.0,0.0,,,,,,,,,,,,,,,,,,,,,,,,,,,,,,,,,,,,,,,,,,,,,,,,,,,,,,,,,,,,,,,,,,,,,,,,,,,,,,,,,,,,,,,,,,,,,,,,,,,,,,,,,,,,,,,,,,,,,,,,,,,,,,,,,,,,,,,,,,,,,,,,,,,,,,,,,,,,,,,,,,,,,,,,,,,,,,,,,,,,,,,,,,,,,,,,,,,,,,,,,,,,,,,,,,,,,,,,,,,,,,,,,,,,,,,,,,,,,,,,,,,,,,,,,,,,,,,,,,,,,,,,,,,,,,,,,,,,,,,,,,,,,,,,,,,,,,,,,,,,,,,,,,,,,,,,,,,,,,,,,,,,,,,,,,,,,,,,,,,,,,,,,,,,,,,,,,,,,,,,,,,,,,,,,,,,,,,,,,,,,,,,,,,,,,,,,,,,,,,,,,,,,,,,,,,,,,,,,,,,,,,,,,,,,,,56.0,56.0,56.0,56.0,56.0,56.0,56.0,56.0,56.0,56.0,0.0,0.0,0.0,0.0,0.0,1500.0,1500.0,1500.0,1500.0,7,1440.0,100.0,100.0,100.0,100.0,100.0,100.0,100.0,100.0,100.0,100.0,100.0,100.0,100.0,100.0,100.0,100.0,100.0,100.0
0.0,0.0,0.0,0.0,0.0,0.0,0.0,0.0,0.0,0.0,0.0,0.0,0.0,0.0,0.0,0.0,0.0,0.0,0.0,0.0,0.0,0.0,0.0,0.0,0.0,0.0,0.0,0.0,0.0,0.0,0.0,0.0,0.0,0.0,0.0,0.0,0.0,0.0,0.0,0.0,0.0,0.0,0.0,0.0,0.0,0.0,0.0,0.0,0.0,0.0,0.0,0.0,0.0,0.0,0.0,0.0,0.0,0.0,0.0,0.0,0.0,0.0,0.0,0.0,0.0,0.0,0.0,0.0,0.0,0.0,0.0,0.0,0.0,0.0,0.0,0.0,0.0,0.0,0.0,0.0,0.0,0.0,0.0,0.0,0.0,0.0,0.0,0.0,0.0,0.0,0.0,0.0,0.0,0.0,,,,,,,,,,,,,,,,,,,,,,,,,,,,,,,,,,,,,,,,,,,,,,,,,,,,,,,,,,,,,,,,,,,,,,,,,,,,,,,,,,,,,,,,,,,,,,,,,,,,,,,,,,,,,,,,,,,,,,,,,,,,,,,,,,,,,,,,,,,,,,,,,,,,,,,,,,,,,,,,,,,,,,,,,,,,,,,,,,,,,,,,,,,,,,,,,,,,,,,,,,,,,,,,,,,,,,,,,,,,,,,,,,,,,,,,,,,,,,,,,,,,,,,,,,,,,,,,,,,,,,,,,,,,,,,,,,,,,,,,,,,,,,,,,,,,,,,,,,,,,,,,,,,,,,,,,,,,,,,,,,,,,,,,,,,,,,,,,,,,,,,,,,,,,,,,,,,,,,,,,,,,,,,,,,,,,,,,,,,,,,,,,,,,,,,,,,,,,,,,,,,,,,,,,,,,,,,,,,,,,,,,,,,,,,,56.0,56.0,56.0,56.0,56.0,56.0,56.0,56.0,56.0,56.0,0.0,0.0,0.0,0.0,0.0,1500.0,1500.0,1500.0,1500.0,8,1620.0,100.0,100.0,100.0,100.0,100.0,100.0,100.0,100.0,100.0,100.0,100.0,100.0,100.0,100.0,100.0,100.0,100.0,100.0
0.0,0.0,0.0,0.0,0.0,0.0,0.0,0.0,0.0,0.0,0.0,0.0,0.0,0.0,0.0,0.0,0.0,0.0,0.0,0.0,0.0,0.0,0.0,0.0,0.0,0.0,0.0,0.0,0.0,0.0,0.0,0.0,0.0,0.0,0.0,0.0,0.0,0.0,0.0,0.0,0.0,0.0,0.0,0.0,0.0,0.0,0.0,0.0,0.0,0.0,0.0,0.0,0.0,0.0,0.0,0.0,0.0,0.0,0.0,0.0,0.0,0.0,0.0,0.0,0.0,0.0,0.0,0.0,0.0,0.0,0.0,0.0,0.0,0.0,0.0,0.0,0.0,0.0,0.0,0.0,0.0,0.0,0.0,0.0,0.0,0.0,0.0,0.0,0.0,0.0,0.0,0.0,0.0,0.0,,,,,,,,,,,,,,,,,,,,,,,,,,,,,,,,,,,,,,,,,,,,,,,,,,,,,,,,,,,,,,,,,,,,,,,,,,,,,,,,,,,,,,,,,,,,,,,,,,,,,,,,,,,,,,,,,,,,,,,,,,,,,,,,,,,,,,,,,,,,,,,,,,,,,,,,,,,,,,,,,,,,,,,,,,,,,,,,,,,,,,,,,,,,,,,,,,,,,,,,,,,,,,,,,,,,,,,,,,,,,,,,,,,,,,,,,,,,,,,,,,,,,,,,,,,,,,,,,,,,,,,,,,,,,,,,,,,,,,,,,,,,,,,,,,,,,,,,,,,,,,,,,,,,,,,,,,,,,,,,,,,,,,,,,,,,,,,,,,,,,,,,,,,,,,,,,,,,,,,,,,,,,,,,,,,,,,,,,,,,,,,,,,,,,,,,,,,,,,,,,,,,,,,,,,,,,,,,,,,,,,,,,,,,,,,56.0,56.0,56.0,56.0,56.0,56.0,56.0,56.0,56.0,56.0,0.0,0.0,0.0,0.0,0.0,1500.0,1500.0,1500.0,1500.0,9,1800.0,100.0,100.0,100.0,100.0,100.0,100.0,100.0,100.0,100.0,100.0,100.0,100.0,100.0,100.0,100.0,100.0,100.0,100.0
0.0,0.0,0.0,0.0,0.0,0.0,0.0,0.0,0.0,0.0,0.0,0.0,0.0,0.0,0.0,0.0,0.0,0.0,0.0,0.0,0.0,0.0,0.0,0.0,0.0,0.0,0.0,0.0,0.0,0.0,0.0,0.0,0.0,0.0,0.0,0.0,0.0,0.0,0.0,0.0,0.0,0.0,0.0,0.0,0.0,0.0,0.0,0.0,0.0,0.0,0.0,0.0,0.0,0.0,0.0,0.0,0.0,0.0,0.0,0.0,0.0,0.0,0.0,0.0,0.0,0.0,0.0,0.0,0.0,0.0,0.0,0.0,0.0,0.0,0.0,0.0,0.0,0.0,0.0,0.0,0.0,0.0,0.0,0.0,0.0,0.0,0.0,0.0,0.0,0.0,0.0,0.0,0.0,0.0,,,,,,,,,,,,,,,,,,,,,,,,,,,,,,,,,,,,,,,,,,,,,,,,,,,,,,,,,,,,,,,,,,,,,,,,,,,,,,,,,,,,,,,,,,,,,,,,,,,,,,,,,,,,,,,,,,,,,,,,,,,,,,,,,,,,,,,,,,,,,,,,,,,,,,,,,,,,,,,,,,,,,,,,,,,,,,,,,,,,,,,,,,,,,,,,,,,,,,,,,,,,,,,,,,,,,,,,,,,,,,,,,,,,,,,,,,,,,,,,,,,,,,,,,,,,,,,,,,,,,,,,,,,,,,,,,,,,,,,,,,,,,,,,,,,,,,,,,,,,,,,,,,,,,,,,,,,,,,,,,,,,,,,,,,,,,,,,,,,,,,,,,,,,,,,,,,,,,,,,,,,,,,,,,,,,,,,,,,,,,,,,,,,,,,,,,,,,,,,,,,,,,,,,,,,,,,,,,,,,,,,,,,,,,,,56.0,56.0,56.0,56.0,56.0,56.0,56.0,56.0,56.0,56.0,0.0,0.0,0.0,0.0,0.0,1500.0,1500.0,1500.0,1500.0,10,1980.0,100.0,100.0,100.0,100.0,100.0,100.0,100.0,100.0,100.0,100.0,100.0,100.0,100.0,100.0,100.0,100.0,100.0,100.0
0.0,0.0,0.0,0.0,0.0,0.0,0.0,0.0,0.0,0.0,0.0,0.0,0.0,0.0,0.0,0.0,0.0,0.0,0.0,0.0,0.0,0.0,0.0,0.0,0.0,0.0,0.0,0.0,0.0,0.0,0.0,0.0,0.0,0.0,0.0,0.0,0.0,0.0,0.0,0.0,0.0,0.0,0.0,0.0,0.0,0.0,0.0,0.0,0.0,0.0,0.0,0.0,0.0,0.0,0.0,0.0,0.0,0.0,0.0,0.0,0.0,0.0,0.0,0.0,0.0,0.0,0.0,0.0,0.0,0.0,0.0,0.0,0.0,0.0,0.0,0.0,0.0,0.0,0.0,0.0,0.0,0.0,0.0,0.0,0.0,0.0,0.0,0.0,0.0,0.0,0.0,0.0,0.0,0.0,,,,,,,,,,,,,,,,,,,,,,,,,,,,,,,,,,,,,,,,,,,,,,,,,,,,,,,,,,,,,,,,,,,,,,,,,,,,,,,,,,,,,,,,,,,,,,,,,,,,,,,,,,,,,,,,,,,,,,,,,,,,,,,,,,,,,,,,,,,,,,,,,,,,,,,,,,,,,,,,,,,,,,,,,,,,,,,,,,,,,,,,,,,,,,,,,,,,,,,,,,,,,,,,,,,,,,,,,,,,,,,,,,,,,,,,,,,,,,,,,,,,,,,,,,,,,,,,,,,,,,,,,,,,,,,,,,,,,,,,,,,,,,,,,,,,,,,,,,,,,,,,,,,,,,,,,,,,,,,,,,,,,,,,,,,,,,,,,,,,,,,,,,,,,,,,,,,,,,,,,,,,,,,,,,,,,,,,,,,,,,,,,,,,,,,,,,,,,,,,,,,,,,,,,,,,,,,,,,,,,,,,,,,,,,,56.0,56.0,56.0,56.0,56.0,56.0,56.0,56.0,56.0,56.0,0.0,0.0,0.0,0.0,0.0,1500.0,1500.0,1500.0,1500.0,11,2160.0,100.0,100.0,100.0,100.0,100.0,100.0,100.0,100.0,100.0,100.0,100.0,100.0,100.0,100.0,100.0,100.0,100.0,100.0
0.0,0.0,0.0,0.0,0.0,0.0,0.0,0.0,0.0,0.0,0.0,0.0,0.0,0.0,0.0,0.0,0.0,0.0,0.0,0.0,0.0,0.0,0.0,0.0,0.0,0.0,0.0,0.0,0.0,0.0,0.0,0.0,0.0,0.0,0.0,0.0,0.0,0.0,0.0,0.0,0.0,0.0,0.0,0.0,0.0,0.0,0.0,0.0,0.0,0.0,0.0,0.0,0.0,0.0,0.0,0.0,0.0,0.0,0.0,0.0,0.0,0.0,0.0,0.0,0.0,0.0,0.0,0.0,0.0,0.0,0.0,0.0,0.0,0.0,0.0,0.0,0.0,0.0,0.0,0.0,0.0,0.0,0.0,0.0,0.0,0.0,0.0,0.0,0.0,0.0,0.0,0.0,0.0,0.0,,,,,,,,,,,,,,,,,,,,,,,,,,,,,,,,,,,,,,,,,,,,,,,,,,,,,,,,,,,,,,,,,,,,,,,,,,,,,,,,,,,,,,,,,,,,,,,,,,,,,,,,,,,,,,,,,,,,,,,,,,,,,,,,,,,,,,,,,,,,,,,,,,,,,,,,,,,,,,,,,,,,,,,,,,,,,,,,,,,,,,,,,,,,,,,,,,,,,,,,,,,,,,,,,,,,,,,,,,,,,,,,,,,,,,,,,,,,,,,,,,,,,,,,,,,,,,,,,,,,,,,,,,,,,,,,,,,,,,,,,,,,,,,,,,,,,,,,,,,,,,,,,,,,,,,,,,,,,,,,,,,,,,,,,,,,,,,,,,,,,,,,,,,,,,,,,,,,,,,,,,,,,,,,,,,,,,,,,,,,,,,,,,,,,,,,,,,,,,,,,,,,,,,,,,,,,,,,,,,,,,,,,,,,,,,56.0,56.0,56.0,56.0,56.0,56.0,56.0,56.0,56.0,56.0,0.0,0.0,0.0,0.0,0.0,1500.0,1500.0,1500.0,1500.0,12,2340.0,100.0,100.0,100.0,100.0,100.0,100.0,100.0,100.0,100.0,100.0,100.0,100.0,100.0,100.0,100.0,100.0,100.0,100.0
0.0,0.0,0.0,0.0,0.0,0.0,0.0,0.0,0.0,0.0,0.0,0.0,0.0,0.0,0.0,0.0,0.0,0.0,0.0,0.0,0.0,0.0,0.0,0.0,0.0,0.0,0.0,0.0,0.0,0.0,0.0,0.0,0.0,0.0,0.0,0.0,0.0,0.0,0.0,0.0,0.0,0.0,0.0,0.0,0.0,0.0,0.0,0.0,0.0,0.0,0.0,0.0,0.0,0.0,0.0,0.0,0.0,0.0,0.0,0.0,0.0,0.0,0.0,0.0,0.0,0.0,0.0,0.0,0.0,0.0,0.0,0.0,0.0,0.0,0.0,0.0,0.0,0.0,0.0,0.0,0.0,0.0,0.0,0.0,0.0,0.0,0.0,0.0,0.0,0.0,0.0,0.0,0.0,0.0,,,,,,,,,,,,,,,,,,,,,,,,,,,,,,,,,,,,,,,,,,,,,,,,,,,,,,,,,,,,,,,,,,,,,,,,,,,,,,,,,,,,,,,,,,,,,,,,,,,,,,,,,,,,,,,,,,,,,,,,,,,,,,,,,,,,,,,,,,,,,,,,,,,,,,,,,,,,,,,,,,,,,,,,,,,,,,,,,,,,,,,,,,,,,,,,,,,,,,,,,,,,,,,,,,,,,,,,,,,,,,,,,,,,,,,,,,,,,,,,,,,,,,,,,,,,,,,,,,,,,,,,,,,,,,,,,,,,,,,,,,,,,,,,,,,,,,,,,,,,,,,,,,,,,,,,,,,,,,,,,,,,,,,,,,,,,,,,,,,,,,,,,,,,,,,,,,,,,,,,,,,,,,,,,,,,,,,,,,,,,,,,,,,,,,,,,,,,,,,,,,,,,,,,,,,,,,,,,,,,,,,,,,,,,,,56.0,56.0,56.0,56.0,56.0,56.0,56.0,56.0,56.0,56.0,0.0,0.0,0.0,0.0,0.0,1500.0,1500.0,1500.0,1500.0,13,2520.0,100.0,100.0,100.0,100.0,100.0,100.0,100.0,100.0,100.0,100.0,100.0,100.0,100.0,100.0,100.0,100.0,100.0,100.0
0.0,0.0,0.0,0.0,0.0,0.0,0.0,0.0,0.0,0.0,0.0,0.0,0.0,0.0,0.0,0.0,0.0,0.0,0.0,0.0,0.0,0.0,0.0,0.0,0.0,0.0,0.0,0.0,0.0,0.0,0.0,0.0,0.0,0.0,0.0,0.0,0.0,0.0,0.0,0.0,0.0,0.0,0.0,0.0,0.0,0.0,0.0,0.0,0.0,0.0,0.0,0.0,0.0,0.0,0.0,0.0,0.0,0.0,0.0,0.0,0.0,0.0,0.0,0.0,0.0,0.0,0.0,0.0,0.0,0.0,0.0,0.0,0.0,0.0,0.0,0.0,0.0,0.0,0.0,0.0,0.0,0.0,0.0,0.0,0.0,0.0,0.0,0.0,0.0,0.0,0.0,0.0,0.0,0.0,,,,,,,,,,,,,,,,,,,,,,,,,,,,,,,,,,,,,,,,,,,,,,,,,,,,,,,,,,,,,,,,,,,,,,,,,,,,,,,,,,,,,,,,,,,,,,,,,,,,,,,,,,,,,,,,,,,,,,,,,,,,,,,,,,,,,,,,,,,,,,,,,,,,,,,,,,,,,,,,,,,,,,,,,,,,,,,,,,,,,,,,,,,,,,,,,,,,,,,,,,,,,,,,,,,,,,,,,,,,,,,,,,,,,,,,,,,,,,,,,,,,,,,,,,,,,,,,,,,,,,,,,,,,,,,,,,,,,,,,,,,,,,,,,,,,,,,,,,,,,,,,,,,,,,,,,,,,,,,,,,,,,,,,,,,,,,,,,,,,,,,,,,,,,,,,,,,,,,,,,,,,,,,,,,,,,,,,,,,,,,,,,,,,,,,,,,,,,,,,,,,,,,,,,,,,,,,,,,,,,,,,,,,,,,,56.0,56.0,56.0,56.0,56.0,56.0,56.0,56.0,56.0,56.0,0.0,0.0,0.0,0.0,0.0,1500.0,1500.0,1500.0,1500.0,14,2700.0,100.0,100.0,100.0,100.0,100.0,100.0,100.0,100.0,100.0,100.0,100.0,100.0,100.0,100.0,100.0,100.0,100.0,100.0
0.0,0.0,0.0,0.0,0.0,0.0,0.0,0.0,0.0,0.0,0.0,0.0,0.0,0.0,0.0,0.0,0.0,0.0,0.0,0.0,0.0,0.0,0.0,0.0,0.0,0.0,0.0,0.0,0.0,0.0,0.0,0.0,0.0,0.0,0.0,0.0,0.0,0.0,0.0,0.0,0.0,0.0,0.0,0.0,0.0,0.0,0.0,0.0,0.0,0.0,0.0,0.0,0.0,0.0,0.0,0.0,0.0,0.0,0.0,0.0,0.0,0.0,0.0,0.0,0.0,0.0,0.0,0.0,0.0,0.0,0.0,0.0,0.0,0.0,0.0,0.0,0.0,0.0,0.0,0.0,0.0,0.0,0.0,0.0,0.0,0.0,0.0,0.0,0.0,0.0,0.0,0.0,0.0,0.0,,,,,,,,,,,,,,,,,,,,,,,,,,,,,,,,,,,,,,,,,,,,,,,,,,,,,,,,,,,,,,,,,,,,,,,,,,,,,,,,,,,,,,,,,,,,,,,,,,,,,,,,,,,,,,,,,,,,,,,,,,,,,,,,,,,,,,,,,,,,,,,,,,,,,,,,,,,,,,,,,,,,,,,,,,,,,,,,,,,,,,,,,,,,,,,,,,,,,,,,,,,,,,,,,,,,,,,,,,,,,,,,,,,,,,,,,,,,,,,,,,,,,,,,,,,,,,,,,,,,,,,,,,,,,,,,,,,,,,,,,,,,,,,,,,,,,,,,,,,,,,,,,,,,,,,,,,,,,,,,,,,,,,,,,,,,,,,,,,,,,,,,,,,,,,,,,,,,,,,,,,,,,,,,,,,,,,,,,,,,,,,,,,,,,,,,,,,,,,,,,,,,,,,,,,,,,,,,,,,,,,,,,,,,,,,56.0,56.0,56.0,56.0,56.0,56.0,56.0,56.0,56.0,56.0,0.0,0.0,0.0,0.0,0.0,1500.0,1500.0,1500.0,1500.0,15,2880.0,100.0,100.0,100.0,100.0,100.0,100.0,100.0,100.0,100.0,100.0,100.0,100.0,100.0,100.0,100.0,100.0,100.0,100.0
0.0,0.0,0.0,0.0,0.0,0.0,0.0,0.0,0.0,0.0,0.0,0.0,0.0,0.0,0.0,0.0,0.0,0.0,0.0,0.0,0.0,0.0,0.0,0.0,0.0,0.0,0.0,0.0,0.0,0.0,0.0,0.0,0.0,0.0,0.0,0.0,0.0,0.0,0.0,0.0,0.0,0.0,0.0,0.0,0.0,0.0,0.0,0.0,0.0,0.0,0.0,0.0,0.0,0.0,0.0,0.0,0.0,0.0,0.0,0.0,0.0,0.0,0.0,0.0,0.0,0.0,0.0,0.0,0.0,0.0,0.0,0.0,0.0,0.0,0.0,0.0,0.0,0.0,0.0,0.0,0.0,0.0,0.0,0.0,0.0,0.0,0.0,0.0,0.0,0.0,0.0,0.0,0.0,0.0,,,,,,,,,,,,,,,,,,,,,,,,,,,,,,,,,,,,,,,,,,,,,,,,,,,,,,,,,,,,,,,,,,,,,,,,,,,,,,,,,,,,,,,,,,,,,,,,,,,,,,,,,,,,,,,,,,,,,,,,,,,,,,,,,,,,,,,,,,,,,,,,,,,,,,,,,,,,,,,,,,,,,,,,,,,,,,,,,,,,,,,,,,,,,,,,,,,,,,,,,,,,,,,,,,,,,,,,,,,,,,,,,,,,,,,,,,,,,,,,,,,,,,,,,,,,,,,,,,,,,,,,,,,,,,,,,,,,,,,,,,,,,,,,,,,,,,,,,,,,,,,,,,,,,,,,,,,,,,,,,,,,,,,,,,,,,,,,,,,,,,,,,,,,,,,,,,,,,,,,,,,,,,,,,,,,,,,,,,,,,,,,,,,,,,,,,,,,,,,,,,,,,,,,,,,,,,,,,,,,,,,,,,,,,,,56.0,56.0,56.0,56.0,56.0,56.0,56.0,56.0,56.0,56.0,0.0,0.0,0.0,0.0,0.0,1500.0,1500.0,1500.0,1500.0,16,3060.0,100.0,100.0,100.0,100.0,100.0,100.0,100.0,100.0,100.0,100.0,100.0,100.0,100.0,100.0,100.0,100.0,100.0,100.0
0.0,0.0,0.0,0.0,0.0,0.0,0.0,0.0,0.0,0.0,0.0,0.0,0.0,0.0,0.0,0.0,0.0,0.0,0.0,0.0,0.0,0.0,0.0,0.0,0.0,0.0,0.0,0.0,0.0,0.0,0.0,0.0,0.0,0.0,0.0,0.0,0.0,0.0,0.0,0.0,0.0,0.0,0.0,0.0,0.0,0.0,0.0,0.0,0.0,0.0,0.0,0.0,0.0,0.0,0.0,0.0,0.0,0.0,0.0,0.0,0.0,0.0,0.0,0.0,0.0,0.0,0.0,0.0,0.0,0.0,0.0,0.0,0.0,0.0,0.0,0.0,0.0,0.0,0.0,0.0,0.0,0.0,0.0,0.0,0.0,0.0,0.0,0.0,0.0,0.0,0.0,0.0,0.0,0.0,,,,,,,,,,,,,,,,,,,,,,,,,,,,,,,,,,,,,,,,,,,,,,,,,,,,,,,,,,,,,,,,,,,,,,,,,,,,,,,,,,,,,,,,,,,,,,,,,,,,,,,,,,,,,,,,,,,,,,,,,,,,,,,,,,,,,,,,,,,,,,,,,,,,,,,,,,,,,,,,,,,,,,,,,,,,,,,,,,,,,,,,,,,,,,,,,,,,,,,,,,,,,,,,,,,,,,,,,,,,,,,,,,,,,,,,,,,,,,,,,,,,,,,,,,,,,,,,,,,,,,,,,,,,,,,,,,,,,,,,,,,,,,,,,,,,,,,,,,,,,,,,,,,,,,,,,,,,,,,,,,,,,,,,,,,,,,,,,,,,,,,,,,,,,,,,,,,,,,,,,,,,,,,,,,,,,,,,,,,,,,,,,,,,,,,,,,,,,,,,,,,,,,,,,,,,,,,,,,,,,,,,,,,,,,,56.0,56.0,56.0,56.0,56.0,56.0,56.0,56.0,56.0,56.0,0.0,0.0,0.0,0.0,0.0,1500.0,1500.0,1500.0,1500.0,17,3240.0,100.0,100.0,100.0,100.0,100.0,100.0,100.0,100.0,100.0,100.0,100.0,100.0,100.0,100.0,100.0,100.0,100.0,100.0
0.0,0.0,0.0,0.0,0.0,0.0,0.0,0.0,0.0,0.0,0.0,0.0,0.0,0.0,0.0,0.0,0.0,0.0,0.0,0.0,0.0,0.0,0.0,0.0,0.0,0.0,0.0,0.0,0.0,0.0,0.0,0.0,0.0,0.0,0.0,0.0,0.0,0.0,0.0,0.0,0.0,0.0,0.0,0.0,0.0,0.0,0.0,0.0,0.0,0.0,0.0,0.0,0.0,0.0,0.0,0.0,0.0,0.0,0.0,0.0,0.0,0.0,0.0,0.0,0.0,0.0,0.0,0.0,0.0,0.0,0.0,0.0,0.0,0.0,0.0,0.0,0.0,0.0,0.0,0.0,0.0,0.0,0.0,0.0,0.0,0.0,0.0,0.0,0.0,0.0,0.0,0.0,0.0,0.0,,,,,,,,,,,,,,,,,,,,,,,,,,,,,,,,,,,,,,,,,,,,,,,,,,,,,,,,,,,,,,,,,,,,,,,,,,,,,,,,,,,,,,,,,,,,,,,,,,,,,,,,,,,,,,,,,,,,,,,,,,,,,,,,,,,,,,,,,,,,,,,,,,,,,,,,,,,,,,,,,,,,,,,,,,,,,,,,,,,,,,,,,,,,,,,,,,,,,,,,,,,,,,,,,,,,,,,,,,,,,,,,,,,,,,,,,,,,,,,,,,,,,,,,,,,,,,,,,,,,,,,,,,,,,,,,,,,,,,,,,,,,,,,,,,,,,,,,,,,,,,,,,,,,,,,,,,,,,,,,,,,,,,,,,,,,,,,,,,,,,,,,,,,,,,,,,,,,,,,,,,,,,,,,,,,,,,,,,,,,,,,,,,,,,,,,,,,,,,,,,,,,,,,,,,,,,,,,,,,,,,,,,,,,,,,56.0,56.0,56.0,56.0,56.0,56.0,56.0,56.0,56.0,56.0,0.0,0.0,0.0,0.0,0.0,1500.0,1500.0,1500.0,1500.0,18,3420.0,100.0,100.0,100.0,100.0,100.0,100.0,100.0,100.0,100.0,100.0,100.0,100.0,100.0,100.0,100.0,100.0,100.0,100.0
0.0,0.0,0.0,0.0,0.0,0.0,0.0,0.0,0.0,0.0,0.0,0.0,0.0,0.0,0.0,0.0,0.0,0.0,0.0,0.0,0.0,0.0,0.0,0.0,0.0,0.0,0.0,0.0,0.0,0.0,0.0,0.0,0.0,0.0,0.0,0.0,0.0,0.0,0.0,0.0,0.0,0.0,0.0,0.0,0.0,0.0,0.0,0.0,0.0,0.0,0.0,0.0,0.0,0.0,0.0,0.0,0.0,0.0,0.0,0.0,0.0,0.0,0.0,0.0,0.0,0.0,0.0,0.0,0.0,0.0,0.0,0.0,0.0,0.0,0.0,0.0,0.0,0.0,0.0,0.0,0.0,0.0,0.0,0.0,0.0,0.0,0.0,0.0,0.0,0.0,0.0,0.0,0.0,0.0,,,,,,,,,,,,,,,,,,,,,,,,,,,,,,,,,,,,,,,,,,,,,,,,,,,,,,,,,,,,,,,,,,,,,,,,,,,,,,,,,,,,,,,,,,,,,,,,,,,,,,,,,,,,,,,,,,,,,,,,,,,,,,,,,,,,,,,,,,,,,,,,,,,,,,,,,,,,,,,,,,,,,,,,,,,,,,,,,,,,,,,,,,,,,,,,,,,,,,,,,,,,,,,,,,,,,,,,,,,,,,,,,,,,,,,,,,,,,,,,,,,,,,,,,,,,,,,,,,,,,,,,,,,,,,,,,,,,,,,,,,,,,,,,,,,,,,,,,,,,,,,,,,,,,,,,,,,,,,,,,,,,,,,,,,,,,,,,,,,,,,,,,,,,,,,,,,,,,,,,,,,,,,,,,,,,,,,,,,,,,,,,,,,,,,,,,,,,,,,,,,,,,,,,,,,,,,,,,,,,,,,,,,,,,,,56.0,56.0,56.0,56.0,56.0,56.0,56.0,56.0,56.0,56.0,0.0,0.0,0.0,0.0,0.0,1500.0,1500.0,1500.0,1500.0,19,3600.0,100.0,100.0,100.0,100.0,100.0,100.0,100.0,100.0,100.0,100.0,100.0,100.0,100.0,100.0,100.0,100.0,100.0,100.0
464.38587163913223,5474.999999999999,0.0,0.0,0.0,0.0,0.0,0.0,0.0,0.0,0.0,0.0,0.0,0.0,0.0,0.0,0.0,0.0,0.0,0.0,0.0,0.0,0.0,0.0,0.0,0.0,0.0,0.0,0.0,0.0,0.0,0.0,0.0,0.0,0.0,0.0,0.0,0.0,0.0,0.0,0.0,0.0,0.0,0.0,0.0,0.0,0.0,0.0,0.0,0.0,0.0,0.0,0.0,0.0,0.0,0.0,0.0,0.0,0.0,0.0,0.0,0.0,0.0,0.0,0.0,0.0,0.0,0.0,0.0,0.0,0.0,0.0,0.0,0.0,0.0,0.0,0.0,0.0,0.0,0.0,0.0,0.0,0.0,0.0,0.0,0.0,0.0,0.0,0.0,0.0,0.0,0.0,0.0,0.0,1142.058,2597.2420289855077,-1512.5827005878223,6000.0,1200.0,3.0,30.15223577357596,71.39911937470154,41.246883601125575,4469.456373653905,,0.0,340.60069444444446,578.7038543584667,464.38587163913223,5474.999999999999,65.0,-1512.5827005878223,5475.0,260.6019245018309,464.38587163913223,464.38587163913223,5474.999999999999,0.0,0.0,1.0,50.0,6.0,1.0,0.0,75.0,0.0,0.0,11.0,1.0,1.0,1.0,260.97399488996894,-1512.5827005878223,5475.0,0.3720703881380132,4.331421400329873,0.0,1.0,0.0,1.0,1.0,1.0,0.0,6.0,4.0,0.0,0.0,464.38587163913223,19.0,231.44827602908327,50.0,0.3725859329830712,79.27678283491372,4.0,231.82086196206635,-1512.5827005878223,5475.0,464.38587163913223,5474.999999999999,25.0,5.0,1.0,0.0,1.0,5.0,4.0,15.0,231.21629633406366,25.0,0.2319796950196178,79.50876252993334,0.0,231.44827602908327,1.0,464.38587163913223,5400.0,19.0,0.0,5400.0,260.97399488996894,464.38587163913223,464.38587163913223,5400.0,1.0,0.0,0.0,-1512.5827005878223,5475.0,1.0,12.0,35.36580190065943,1.7682900950329714,0.0,262.5742986856593,0.0,1.0,0.0,1.0,1.0,1.0,1.0,0.0,0.0,0.0,0.0,0.0,262.5742986856593,71.32834378634986,0.0,1.0,0.0,260.6019245018309,71.39911937470154,71.39911937470154,0.0,1.0,1.9723741838283786,0.0,0.0,13.128714934282966,0.0,0.0,0.0,0.0,0.0,0.0,262.5742986856593,1.0,0.0,262.5742986856593,0.0,1.0,258.83363440679796,4130.0,12059.599999999999,14042.0,1691.25,4938.45,5750.25,1204.0,3515.68,4093.6,3.0,7025.25,20513.729999999996,23885.85,-1512.5827005878223,5475.0,1.0,0.0,220.0,0.0,0.0,1.0,0.0,0.0,0.0,0.5,0.0,0.0,0.0,-1512.5827005878223,2597.2420289855077,-3315.000000000001,37566.666666666664,-22100.000000000004,5635.000000000001,0.15000000000000002,0.0,545.6053354815929,387.2338716391322,545.6053354815929,387.2338716391322,1.0,1.0,0.0,-441.8397504419735,1.0,5284.222222222222,-2945.598336279823,792.6333333333333,1.0,-1512.5827005878223,0.0,0.0,-1512.5827005878223,4093.6,1200.0,6000.0,5255.51355769988,0.4971150790086566,0.5028849209913433,4142.0436778382,260.6019245018309,258.83363440679796,1.0,,464.38587163913223,,6000.0,1.0,,1.0,1.0,262.5742986856593,,,0.0,0.0,71.39911937470154,23.799706458233846,464.38587163913223,0.0,197.34672219946754,464.38587163913223,5474.999999999999,,1.0,0.0,0.0,0.0,23.776114595449954,0.0,-1976.9685722269546,-1976.9685722269546,9.094947017729282e-13,1.0,1.0,1.0,0.0,0.0,0.0,0.0,0.0,0.0,1.0,6.0,0.0,1.0,0.37267080745341613,0.0,0.0,0.0,1.0,0.00336414429431942,0.37267080745341613,0.0,464.38587163913223,5474.999999999999,-1512.5827005878223,5475.0,260.6019245018309,464.38587163913223,464.38587163913223,5474.999999999999,0.0,0.0,0.0,0.0,1.0,0.0,-1512.5827005878223,5475.0,4469.456373653905,0.0,260.6019245018309,1.0,1.0,0.0,0.0,-1512.5827005878223,464.38587163913223,3095.905810927548,-0.0010287550697035686,-0.02716588965833992,-0.015308812298335363,-0.026673529613255344,-0.07398073735695972,6.0,1.0,56.0,56.0,56.0,56.0,56.0,1.0,1.0,6.0,0.0,0.0,227.77308127141498,0.0,1.1710659826104006,227.77308127141498,228.94414725402538,0.0,227.77308127141498,0.0,1.1958490000292272,227.77308127141498,228.9689302714442,0.0,227.77308127141498,0.0,2.0548363950216526,227.77308127141498,229.82791766643663,0.0,227.77308127141498,0.0,1.8209158581334464,227.77308127141498,229.59399712954843,0.0,-0.003903553275368002,-0.003986163333430757,-0.006849454650072175,-0.006069719527111488,1.0,1500.0,1500.0,1500.0,1500.0,1.0,1.0,0.0,0.06549892567694551,0.06615828181020636,0.06680440497296311,0.06709504815947084,0.06752846900374418,0.06725911919194641,0.06674435546328494,0.06528624836534308,0.055033584532460815,0.05563978345777149,0.056219855870907325,0.05653114793152315,0.05692281617187298,0.05673874729031123,0.05623190798441496,0.054811024455380504,1.0,100.0,100.0,100.0,100.0,100.0,100.0,100.0,100.0,100.0,100.0,100.0,100.0,100.0,100.0,100.0,100.0,0.0,0.0,0.0,0.0,0.0,1.0,10.0,5.0,382.0,1.0,10.0,1.0,545.6053354815929,464.38587163913223,387.2338716391322,464.38587163913223,-1512.5827005878223,-1512.5827005878223,2.0,3.0,0.0,37.559134039384844,0.0,1.0,0.0,0.0,0.0,426.8267375997474,464.38587163913223,-1939.4094381875698,464.38587163913223,464.38587163913223,-1512.5827005878223,37.559134039384844,160.0,71.39911937470154,72.52040667459634,0.0,2.0,3.2078725999963353,464.38587163913223,51.0,1.0,2721.7050575723947,2753.2949424276044,24.0,24.0,,,,,2.0,2.0,300.0,300.0,2.0,2.0,2721.7050575723947,2753.2949424276044,3000.0,3000.0,1.0,1.0,10.0,10.0,56.0,56.0,56.0,56.0,56.0,56.0,56.0,56.0,56.0,56.0,0.0,0.0,0.0,0.0,0.0,1360.8525287861974,1376.6474712138022,1360.8525287861974,1376.6474712138022,20,3780.0,100.0,100.0,100.0,100.0,100.0,100.0,100.0,100.0,100.0,100.0,100.0,100.0,100.0,100.0,100.0,100.0,100.0,100.0
591.9514204460368,5250.0,0.0,0.0,0.0,0.0,0.0,0.0,0.0,0.0,0.0,0.0,0.0,0.0,0.0,0.0,0.0,0.0,0.0,0.0,0.0,0.0,0.0,0.0,0.0,0.0,0.0,0.0,0.0,0.0,0.0,0.0,0.0,0.0,0.0,0.0,0.0,0.0,0.0,0.0,0.0,0.0,0.0,0.0,0.0,0.0,0.0,0.0,0.0,0.0,0.0,0.0,0.0,0.0,0.0,0.0,0.0,0.0,0.0,0.0,0.0,0.0,0.0,0.0,0.0,0.0,0.0,0.0,0.0,0.0,0.0,0.0,0.0,0.0,0.0,0.0,0.0,0.0,0.0,0.0,0.0,0.0,0.0,0.0,0.0,0.0,0.0,0.0,0.0,0.0,0.0,0.0,0.0,0.0,1142.058,602.4347537793701,-1602.3590508600778,6000.0,1200.0,3.0,46.06700014461014,105.87467120829112,59.80767106368097,5327.031388117548,,0.0,491.05798611111084,777.0569907846077,591.9514204460368,5250.0,12.0,-1602.3590508600778,5250.0,317.82400228957283,591.9514204460368,591.9514204460368,5250.0,1.0,0.0,0.0,49.0,5.0,0.0,1.0,49.0,0.0,0.0,5.0,0.0,1.0,1.0,332.5997923477458,-1602.3590508600778,5250.0,0.0,22.394930075203035,0.0,1.0,0.0,1.0,1.0,0.0,1.0,5.0,4.0,0.0,0.0,591.9514204460368,12.0,281.58394207240786,49.0,0.0,108.62940889792321,29.0,281.58394207240786,-1602.3590508600778,5250.0,591.9514204460368,5250.0,0.0,0.0,,,,,,,,,,,,,0.0,591.9514204460368,5250.0,29.0,-1055.3151658793797,5250.0,317.82400228957283,591.9514204460368,591.9514204460368,5250.0,1.0,0.0,0.0,-1602.3590508600778,5250.0,1.0,12.0,38.97489506461024,1.948744753230512,0.0,332.5997923477458,0.0,1.0,0.0,1.0,1.0,1.0,1.0,0.0,0.0,0.0,0.0,0.0,332.5997923477458,105.58198893644399,0.0,1.0,0.0,317.82400228957283,105.87467120829112,105.87467120829112,0.0,1.0,14.775790058172959,0.0,0.0,16.62998961738729,0.0,0.0,0.0,0.0,0.0,0.0,332.5997923477458,1.0,0.0,332.5997923477458,0.0,1.0,315.8752575363423,10077.199999999999,14042.0,14042.0,4126.65,5750.25,5750.25,2937.7599999999998,4093.6,4093.6,3.0,17141.609999999997,23885.85,23885.85,-1602.3590508600778,5250.0,1.0,0.0,220.0,0.0,0.0,1.0,0.0,0.0,0.0,0.5,0.0,0.0,0.0,-1602.3590508600778,2773.992028985507,-3315.000000000001,37566.666666666664,-22100.000000000004,5635.000000000001,0.15000000000000002,0.0,740.5587537793701,442.84318248309967,740.5587537793701,442.84318248309967,1.0,1.0,0.0,-584.9485860244797,1.0,7162.555555555557,-3899.6572401631975,1074.3833333333337,1.0,-1602.3590508600778,0.0,0.0,-1602.3590508600778,4093.6,1200.0,6000.0,5087.22705118602,0.4971192354484629,0.502880764551537,4132.202361667798,317.82400228957283,315.8752575363423,1.0,,602.4347537793701,,6000.0,1.0,,1.0,1.0,332.5997923477458,,,0.0,0.0,105.87467120829112,35.291557069430375,591.9514204460368,0.0,476.1063111156591,591.9514204460368,5250.0,13.108769872457424,1.0,0.0,0.0,0.0,35.193996312147995,1.0,-2194.310471306115,-2194.310471306115,0.0,1.0,1.0,1.0,0.0,0.0,0.0,0.0,0.0,0.0,1.0,6.0,0.0,1.0,0.37267080745341613,0.0,0.0,0.0,1.0,0.0026807195602637822,0.37267080745341613,0.0,591.9514204460368,5250.0,-1602.3590508600778,5250.0,317.82400228957283,591.9514204460368,591.9514204460368,5250.0,1.0,0.0,0.0,0.0,0.0,0.0,-1602.3590508600778,5250.0,5327.031388117548,0.0,317.82400228957283,1.0,5.0,0.0006044735797232742,0.0,-1602.3590508600778,591.9514204460368,3946.342802973578,0.006846299215781762,-0.05715771142535393,-0.016293997577624692,0.04094248544990433,0.027708196061491143,6.0,1.0,56.0,56.0,56.0,56.0,56.0,2.0,1.0,6.0,0.0,0.0,277.1258822296171,0.0,2.448027814274269,276.43834942399064,280.26144284951783,0.0,277.1258822296171,0.0,2.5731997848247374,276.77778046478096,280.04718377927804,0.0,277.1258822296171,0.0,3.778642330759908,276.3836070726714,281.6467997173227,0.0,277.1258822296171,0.0,3.6816985456149496,276.5337392659555,281.39972373889367,0.0,-0.008705716589828398,-0.007722649782843751,-0.011985023231726403,-0.011493930334819396,1.0,1360.8525287861974,1376.6474712138022,1360.8525287861974,1376.6474712138022,1.0,1.0,0.0,0.09963682226678294,0.09594363736623598,0.09301908680557354,0.10001853522788942,0.10063733768423724,0.09835082028916808,0.09848913745399165,0.09883498539415712,0.10013091755688457,0.09930352470221084,0.09844484943068679,0.09981798129847447,0.09998385147014606,0.09975901123587842,0.09986192604926512,0.09996446854245579,1.0,100.0,100.0,100.0,100.0,100.0,100.0,100.0,100.0,100.0,100.0,100.0,100.0,100.0,100.0,100.0,100.0,0.0,0.0,0.0,0.0,0.0,1.0,10.0,5.0,630.0,1.0,10.0,1.0,740.5587537793701,591.9514204460368,442.84318248309967,591.9514204460368,-1602.3590508600778,-1602.3590508600778,2.0,1.0,10.0,74.67934513886951,0.0,1.0,0.0,0.0,0.0,517.2720753071673,591.9514204460368,-2119.631126167245,591.9514204460368,591.9514204460368,-1602.3590508600778,74.67934513886951,160.0,105.87467120829112,107.28011372898094,0.0,2.0,3.9646269000004395,591.9514204460368,51.0,1.0,2609.8759861044305,2640.124013895569,28.0,28.0,,,,,2.0,2.0,300.0,300.0,2.0,2.0,2609.8759861044305,2640.124013895569,3000.0,3000.0,1.0,1.0,10.0,10.0,56.0,56.0,56.0,56.0,56.0,56.0,62.0,50.0,62.0,50.0,0.0,0.0,0.0,0.0,0.0,1304.9379930522152,1320.0620069477845,1304.9379930522152,1320.0620069477845,21,3960.0,100.0,100.0,100.0,100.0,100.0,100.0,100.0,100.0,100.0,100.0,100.0,100.0,100.0,100.0,100.0,100.0,100.0,100.0
802.5706602759369,6000.0,0.0,0.0,0.0,0.0,0.0,0.0,0.0,0.0,0.0,0.0,0.0,0.0,0.0,0.0,0.0,0.0,0.0,0.0,0.0,0.0,0.0,0.0,0.0,0.0,0.0,0.0,0.0,0.0,0.0,0.0,0.0,0.0,0.0,0.0,0.0,0.0,0.0,0.0,0.0,0.0,0.0,0.0,0.0,0.0,0.0,0.0,0.0,0.0,0.0,0.0,0.0,0.0,0.0,0.0,0.0,0.0,0.0,0.0,0.0,0.0,0.0,0.0,0.0,0.0,0.0,0.0,0.0,0.0,0.0,0.0,0.0,0.0,0.0,0.0,0.0,0.0,0.0,0.0,0.0,0.0,0.0,0.0,0.0,0.0,0.0,0.0,0.0,0.0,0.0,0.0,0.0,0.0,1142.058,802.5706602759369,-1655.296524976663,6000.0,1200.0,3.0,59.47818862129212,136.64737274056415,77.16918411927202,6391.888092880253,,0.0,428.82708333333335,740.7408507641344,767.5341107724018,5250.0,11.0,-1655.296524976663,5250.0,377.40056607893456,767.5341107724018,767.5341107724018,5250.0,1.0,0.0,0.0,49.0,5.0,0.0,1.0,49.0,,0.0,5.0,0.0,,1.0,,,,0.392926804858007,92.65233247993626,0.0,1.0,0.0,,1.0,0.0,1.0,5.0,4.0,0.0,0.0,,11.0,330.4502912182767,49.0,0.0,118.89228467605778,27.0,330.4502912182767,,,,,0.0,0.0,,,,,,,,,,,,,0.0,767.5341107724018,5250.0,27.0,-1092.0229972470922,5250.0,377.79349288379257,767.5341107724018,767.5341107724018,5250.0,1.0,0.0,0.0,,,,12.0,720.0511877884547,36.002559389422736,0.0,470.0528985588708,0.0,1.0,0.0,1.0,1.0,1.0,1.0,0.0,0.0,0.0,0.0,0.0,470.0528985588708,136.64737274056415,0.0,0.0,0.0,377.40056607893456,139.71015563887286,139.71015563887286,0.0,1.0,92.65233247993626,0.0,1.0,23.502644927943543,1.0,0.0,1.0,0.0,0.0,1.0,470.0528985588708,1.0,0.0,470.0528985588708,0.0,1.0,434.0503391694481,14042.0,14042.0,14042.0,5750.25,5750.25,5750.25,4093.6,4093.6,4093.6,3.0,23885.85,23885.85,23885.85,802.5706602759369,6000.0,0.0,0.0,220.0,0.0,0.0,1.0,0.0,0.0,0.0,0.5,0.019576724600831093,0.0,9.788362300415546,-1655.296524976663,2850.8916968599037,-3315.000000000001,37566.666666666664,-22100.000000000004,5635.000000000001,,,,,,,,,,-669.3340645667595,1.0,7979.773148148148,-4462.22709711173,1196.9659722222223,1.0,,,,,4093.6,1200.0,6000.0,5700.0,0.48827815858110696,0.5117218414188931,4194.39458941231,470.0528985588708,434.0503391694481,1.0,0.0,802.5706602759369,0.0,6000.0,1.0,1.0,1.0,1.0,470.0528985588708,802.5706602759369,6000.0,1.0,0.0,136.64737274056415,45.54912424685472,802.5706602759369,0.0,142.13078333234859,802.5706602759369,6000.0,20.135491729944796,1.0,0.0,0.0,0.0,45.54912424685472,2.0,,,,,,,,,,,,,,6.0,0.0,1.0,0.37267080745341613,0.0,0.0,0.0,1.0,0.006999624264743748,0.37267080745341613,0.0,802.5706602759369,6000.0,-1655.296524976663,5250.0,470.0528985588708,767.5341107724018,767.5341107724018,5250.0,0.0,1.0,0.0,1.0,0.0,0.0,,,6391.888092880253,0.0,470.0528985588708,0.0,5.0,0.019576724600831093,0.0,802.5706602759369,802.5706602759369,5350.4710685062455,-0.0019034191384052698,-0.03562395202147561,-0.030256149788873143,0.27710188039649786,0.25041630107983043,6.0,1.0,56.0,56.0,56.0,62.0,62.0,3.0,1.0,6.0,0.0,0.0,325.2129444050833,0.0,4.656458700361327,324.82231660873106,330.2600309017969,0.0,325.2129444050833,0.0,3.3996281471701195,323.5954765956336,330.2300403617031,0.0,325.2129444050833,0.0,7.203272341690649,325.72274274456026,331.90641840729694,1.0,325.2129444050833,0.0,4.566335737230133,323.08221040967345,331.9100141377233,0.0,-0.009124327110501346,-0.01286925996583219,-0.00953197012082474,-0.016370349727800385,1.0,1304.9379930522152,1320.0620069477845,1304.9379930522152,1320.0620069477845,,,0.0,0.10398888014568257,0.10390430309474859,0.10265076603190303,0.09976447551623409,0.1,0.1,0.1,0.1,0.09919770768371272,0.10185004962914695,0.10059934180298348,0.0996638466785587,0.09974420672682206,0.1,0.1,0.1,1.0,100.0,100.0,100.0,100.0,100.0,100.0,100.0,100.0,100.0,100.0,100.0,100.0,100.0,100.0,100.0,100.0,0.0,0.0,0.0,0.0,0.0,1.0,0.0,,660.0,1.0,0.0,0.0,0.0,,0.0,,0.0,,-1.0,0.0,0.0,0.0,0.0,1.0,0.0,0.0,0.0,0.0,,0.0,,802.5706602759369,0.0,802.5706602759369,168.0,136.64737274056415,139.0818027670214,0.0,2.0,4.1761095999972895,802.5706602759369,51.0,1.0,,,32.0,32.0,,,,,2.0,2.0,300.0,300.0,2.0,2.0,,,,,1.0,1.0,10.0,10.0,56.0,56.0,56.0,56.0,56.0,56.0,56.0,56.0,56.0,56.0,0.0,0.0,0.0,0.0,0.0,1500.0,1500.0,1500.0,1500.0,22,4140.0,90.0,90.0,90.0,90.0,100.0,90.0,90.0,90.0,90.0,90.0,100.0,90.0,90.0,100.0,100.0,90.0,90.0,90.0
909.2838298264098,6000.0,0.0,0.0,0.0,0.0,0.0,0.0,0.0,0.0,0.0,0.0,0.0,0.0,0.0,0.0,0.0,0.0,0.0,0.0,0.0,0.0,0.0,0.0,0.0,0.0,0.0,0.0,0.0,0.0,0.0,0.0,0.0,0.0,0.0,0.0,0.0,0.0,0.0,0.0,0.0,0.0,0.0,0.0,0.0,0.0,0.0,0.0,0.0,0.0,0.0,0.0,0.0,0.0,0.0,0.0,0.0,0.0,0.0,0.0,0.0,0.0,0.0,0.0,0.0,0.0,0.0,0.0,0.0,0.0,0.0,0.0,0.0,0.0,0.0,0.0,0.0,0.0,0.0,0.0,0.0,0.0,0.0,0.0,0.0,0.0,0.0,0.0,0.0,0.0,0.0,0.0,0.0,0.0,1142.058,909.2838298264098,-1677.270588676114,6000.0,1200.0,3.0,68.45234930607967,156.81412188683845,88.3617725807588,7308.220477912126,0.956973902594402,0.0,347.8270833333333,678.4696935162083,898.7838298264098,4800.0,0.0,909.2838298264098,6000.0,401.2766160489093,898.7838298264098,898.7838298264098,4800.0,1.0,0.0,0.0,49.0,5.0,0.0,1.0,49.0,,0.0,5.0,0.0,,1.0,,,,10.44073782440995,191.0647044776905,0.0,1.0,0.0,,1.0,0.0,1.0,5.0,4.0,0.0,0.0,,10.0,360.8170452821479,49.0,0.0,114.95379199657265,26.0,360.8170452821479,,,,,0.0,0.0,,,,,,,,,,,,,0.0,864.0739937070805,4800.0,10.0,-1677.270588676114,5000.0,411.71735387331927,864.0739937070805,864.0739937070805,4800.0,1.0,0.0,0.0,,,,24.0,1031.5254571850803,51.57627285925402,0.0,592.3413205265998,0.0,1.0,0.0,1.0,1.0,1.0,1.0,0.0,0.0,0.0,0.0,0.0,592.3413205265998,156.81412188683845,0.0,0.0,0.0,401.2766160489093,160.0750080146891,160.0750080146891,0.0,1.0,191.0647044776905,0.0,1.0,29.617066026329994,1.0,0.0,1.0,0.0,0.0,1.0,592.3413205265998,1.0,0.0,592.3413205265998,0.0,1.0,540.7650476673458,14042.0,14042.0,14042.0,5750.25,5750.25,5750.25,4093.6,4093.6,4093.6,3.0,23885.85,23885.85,23885.85,909.2838298264098,6000.0,0.0,0.0,220.0,0.0,0.0,1.0,0.0,0.0,0.0,0.5,0.011243657123112236,0.0,5.621828561556118,-1677.270588676114,2879.795671583851,-3315.000000000001,37566.666666666664,-22100.000000000004,5635.000000000001,,,,,,,,,,-704.3620274936068,1.0,8286.937499999998,-4695.746849957378,1243.0406249999999,1.0,,,,,4093.6,1200.0,6000.0,5700.0,0.4712854441008071,0.5287145558991929,4280.266666666666,592.3413205265998,540.7650476673458,1.0,0.0,909.2838298264098,0.0,6000.0,1.0,1.0,1.0,1.0,592.3413205265998,909.2838298264098,6000.0,1.0,0.0,156.81412188683845,52.27137396227948,909.2838298264098,0.0,178.52394052547487,909.2838298264098,6000.0,35.08283230740949,1.0,0.0,0.0,-46.64406476008624,52.27137396227948,3.0,,,,,,,,,,,,,,6.0,0.0,1.0,0.37267080745341613,0.0,0.0,0.0,1.0,0.012962962962962964,0.37267080745341613,0.0,909.2838298264098,6000.0,909.2838298264098,6000.0,592.3413205265998,898.7838298264098,898.7838298264098,4800.0,0.0,1.0,0.0,1.0,0.0,0.0,,,7308.220477912126,0.0,592.3413205265998,0.0,5.0,0.011243657123112236,0.0,909.2838298264098,909.2838298264098,6061.892198842731,-0.09593970946736503,0.04520750879955364,-0.011032683667884976,0.3755655184036025,1.1553072604145318,6.0,1.0,56.0,56.0,56.0,56.0,56.0,4.0,1.0,6.0,0.0,0.0,384.6054526809002,0.0,17.827582751001387,384.6054526809002,366.77786992989877,0.0,384.6054526809002,0.0,8.389900882576171,384.6054526809002,376.215551798324,0.0,384.6054526809002,0.0,21.732847946899142,384.6054526809002,362.872604734001,0.0,384.6054526809002,0.0,8.019764201474118,384.6054526809002,376.5856884794261,0.0,0.059455512695205125,0.02796633627525409,0.0728029068402191,0.026842558863243212,1.0,1500.0,1500.0,1500.0,1500.0,,,0.0,0.11129730510716307,0.18784369517065258,0.014133615899798536,0.1,0.0018198964813763042,0.0,0.006144466640202495,0.0,0.1,0.033420869361642326,0.06280742148209484,0.1,0.1,0.021447383778715336,0.035713900253608696,0.0,1.0,90.0,90.0,90.0,100.0,90.0,90.0,90.0,90.0,100.0,90.0,90.0,100.0,100.0,90.0,90.0,90.0,0.0,0.0,0.0,0.0,0.0,1.0,0.0,,605.0,1.0,0.0,0.0,0.0,,0.0,,0.0,,-1.0,0.0,0.0,0.0,0.0,1.0,0.0,0.0,0.0,0.0,,0.0,,909.2838298264098,0.0,909.2838298264098,152.0,156.81412188683845,159.23466481534427,0.0,3.0,3.899754500002018,909.2838298264098,51.0,1.0,,,33.0,31.0,,,,,2.0,2.0,300.0,300.0,2.0,2.0,,,,,1.0,1.0,10.0,10.0,56.0,56.0,56.0,56.0,56.0,56.0,50.0,62.0,50.0,62.0,0.0,0.0,0.0,0.0,0.0,1500.0,1500.0,1500.0,1500.0,23,4320.0,80.0,80.0,80.0,90.0,90.0,90.0,90.0,90.0,90.0,90.0,90.0,90.0,90.0,90.0,90.0,90.0,90.0,90.0
936.9318683320687,6000.0,0.0,0.0,0.0,0.0,0.0,0.0,0.0,0.0,0.0,0.0,0.0,0.0,0.0,0.0,0.0,0.0,0.0,0.0,0.0,0.0,0.0,0.0,0.0,0.0,0.0,0.0,0.0,0.0,0.0,0.0,0.0,0.0,0.0,0.0,0.0,0.0,0.0,0.0,0.0,0.0,0.0,0.0,0.0,0.0,0.0,0.0,0.0,0.0,0.0,0.0,0.0,0.0,0.0,0.0,0.0,0.0,0.0,0.0,0.0,0.0,0.0,0.0,0.0,0.0,0.0,0.0,0.0,0.0,0.0,0.0,0.0,0.0,0.0,0.0,0.0,0.0,0.0,0.0,0.0,0.0,0.0,0.0,0.0,0.0,0.0,0.0,0.0,0.0,0.0,0.0,0.0,0.0,1142.058,936.9318683320687,-1700.8511897828012,6000.0,1200.0,3.0,71.7556759764715,169.7972052480483,98.0415292715768,7895.795592749921,0.9565925863936557,0.0,318.3178126295912,622.0501669389554,931.970062776513,4800.0,0.0,936.9318683320687,6000.0,415.2683308353735,931.970062776513,931.970062776513,4800.0,1.0,0.0,0.0,49.0,5.0,0.0,1.0,49.0,,0.0,5.0,0.0,,1.0,,,,12.992813453329006,205.92469971523917,0.0,1.0,0.0,,1.0,0.0,1.0,5.0,4.0,0.0,0.0,,8.0,390.24602834406096,49.0,0.0,100.4615634023279,25.0,390.24602834406096,,,,,0.0,0.0,,,,,,,,,,,,,0.0,861.3187328924173,4800.0,8.0,-1700.8511897828012,4500.0,428.2611442887025,861.3187328924173,861.3187328924173,4800.0,1.0,0.0,0.0,,,,24.0,1076.815537174003,53.84077685870016,0.0,621.1930305506127,0.0,1.0,0.0,1.0,1.0,1.0,1.0,0.0,0.0,0.0,0.0,0.0,621.1930305506127,169.7972052480483,0.0,0.0,0.0,415.2683308353735,171.45116760600587,171.45116760600587,0.0,1.0,205.92469971523917,0.0,1.0,31.059651527530633,1.0,0.0,1.0,0.0,0.0,1.0,621.1930305506127,1.0,0.0,621.1930305506127,0.0,1.0,567.3522536919126,14042.0,14042.0,14042.0,5750.25,5750.25,5750.25,4093.6,4093.6,4093.6,3.0,23885.85,23885.85,23885.85,936.9318683320687,6000.0,0.0,0.0,220.0,0.0,0.0,1.0,0.0,0.0,0.0,0.5,0.006835143404192281,0.0,3.4175717020961405,-1700.8511897828012,2860.7841118875094,-3315.000000000001,37566.666666666664,-22100.000000000004,5635.000000000001,,,,,,,,,,-741.950906485455,1.0,8084.900462962964,-4946.339376569699,1212.735069444445,1.0,,,,,4093.6,1200.0,6000.0,3050.2263792305084,0.4358903388852655,0.5641096611147345,4284.038041505215,621.1930305506127,567.3522536919126,1.0,0.0,936.9318683320687,0.0,6000.0,1.0,1.0,1.0,1.0,621.1930305506127,936.9318683320687,6000.0,1.0,0.0,169.7972052480483,56.5990684160161,936.9318683320687,0.0,202.41625849998246,936.9318683320687,6000.0,45.899114617841235,1.0,0.0,0.0,-45.1985053182149,56.5990684160161,3.0,,,,,,,,,,,,,,6.0,0.0,1.0,0.37267080745341613,0.04177155622446094,0.0,0.0,1.0,0.013224863993417706,0.37267080745341613,0.0,936.9318683320687,6000.0,936.9318683320687,6000.0,621.1930305506127,931.970062776513,931.970062776513,4800.0,0.0,1.0,0.0,1.0,0.0,0.0,,,7895.795592749921,0.0,621.1930305506127,0.0,5.0,0.006835143404192281,0.0,936.9318683320687,936.9318683320687,6246.212455547124,0.04805790782279481,-0.29106007298848546,0.015444791951618408,1.4559698143697957,1.9921558905585786,6.0,1.0,56.0,56.0,56.0,50.0,50.0,5.0,1.0,6.0,0.0,0.0,428.70977390754723,0.0,15.499265697355327,428.70977390754723,413.21050821019185,0.0,428.70977390754723,0.0,11.091716131495446,428.70977390754723,417.6180577760518,0.0,428.70977390754723,0.0,32.14381430384299,428.70977390754723,396.56595960370424,0.0,428.70977390754723,0.0,11.495798836200038,428.70977390754723,417.2139750713472,0.0,0.05166421899118461,0.03697238710498482,0.1072268345086394,0.03831932945400013,1.0,1500.0,1500.0,1500.0,1500.0,,,0.0,0.3202659265134255,0.19344535539149563,0.020495121669256378,0.0,0.004075151368070351,0.0,0.0,0.0,0.022958091551218373,0.11324010404444991,-0.05545146890665969,0.0,-7.650488678052625e-05,0.0,0.0,0.0,1.0,80.0,80.0,90.0,90.0,90.0,90.0,90.0,90.0,90.0,90.0,90.0,90.0,90.0,90.0,90.0,90.0,0.0,0.0,0.0,0.0,0.0,1.0,0.0,,651.0,1.0,0.0,0.0,0.0,,0.0,,0.0,,-1.0,0.0,0.0,0.0,0.0,1.0,0.0,0.0,0.0,0.0,,0.0,,936.9318683320687,0.0,936.9318683320687,160.0,169.7972052480483,173.63025726492796,0.0,2.0,4.179241900004854,936.9318683320687,51.0,1.0,,,36.0,36.0,,,,,2.0,2.0,300.0,300.0,2.0,2.0,,,,,1.0,1.0,10.0,10.0,56.0,56.0,62.0,50.0,56.0,56.0,44.0,68.0,44.0,68.0,0.0,0.0,0.0,0.0,0.0,1500.0,1500.0,1500.0,1500.0,24,4500.0,70.0,70.0,70.0,90.0,90.0,90.0,90.0,90.0,90.0,80.0,90.0,80.0,90.0,90.0,90.0,90.0,90.0,90.0
944.1224327980428,4800.0,0.0,0.0,0.0,0.0,0.0,0.0,0.0,0.0,0.0,0.0,0.0,0.0,0.0,0.0,0.0,0.0,0.0,0.0,0.0,0.0,0.0,0.0,0.0,0.0,0.0,0.0,0.0,0.0,0.0,0.0,0.0,0.0,0.0,0.0,0.0,0.0,0.0,0.0,0.0,0.0,0.0,0.0,0.0,0.0,0.0,0.0,0.0,0.0,0.0,0.0,0.0,0.0,0.0,0.0,0.0,0.0,0.0,0.0,0.0,0.0,0.0,0.0,0.0,0.0,0.0,0.0,0.0,0.0,0.0,0.0,0.0,0.0,0.0,0.0,0.0,0.0,0.0,0.0,0.0,0.0,0.0,0.0,0.0,0.0,0.0,0.0,0.0,0.0,0.0,0.0,0.0,0.0,1142.058,954.6224327980428,-1731.0045072937605,6000.0,1200.0,3.0,76.38630653690569,183.44236671283852,107.05606017593281,7723.14054461508,0.9592320243978937,0.0,423.1697638071022,725.1078208896092,944.1224327980428,4800.0,0.0,954.6224327980428,6000.0,453.3516672367923,944.1224327980428,944.1224327980428,4800.0,1.0,0.0,0.0,49.0,5.0,0.0,1.0,49.0,0.0,0.0,5.0,0.0,1.0,1.0,462.1920685858891,954.6224327980428,6000.0,8.840401349096794,281.28514204746784,0.0,1.0,0.0,1.0,1.0,0.0,1.0,5.0,4.0,0.0,0.0,944.1224327980428,9.0,405.2273320815828,49.0,0.0,135.24445967967978,26.0,405.2273320815828,954.6224327980428,6000.0,944.1224327980428,4800.0,0.0,0.0,,,,,,,,,,,,,0.0,862.6528948255741,4800.0,9.0,-1731.0045072937605,4750.0,462.1920685858891,862.6528948255741,862.6528948255741,4800.0,1.0,0.0,0.0,954.6224327980428,6000.0,1.0,24.0,148.54919114086525,7.427459557043263,0.0,734.6368092842602,0.0,1.0,0.0,1.0,1.0,1.0,1.0,0.0,0.0,0.0,0.0,0.0,734.6368092842602,182.69213450208946,0.0,0.0,0.0,453.3516672367923,183.44236671283852,183.44236671283852,0.0,1.0,281.28514204746784,0.0,0.0,36.73184046421301,0.0,0.0,0.0,0.0,0.0,0.0,734.6368092842602,1.0,0.0,734.6368092842602,0.0,1.0,445.37364826452995,14042.0,14042.0,14042.0,5750.25,5750.25,5750.25,4093.6,4093.6,4093.6,3.0,23885.85,23885.85,23885.85,954.6224327980428,6000.0,1.0,0.0,220.0,0.0,11.011188304382216,1.0,0.0,11.011188304382216,0.5505594152191108,0.5,0.004123939141552852,0.0,2.061969570776426,-1731.0045072937605,2860.6072399068325,-3315.000000000001,37566.666666666664,-22100.000000000004,5635.000000000001,0.15000000000000002,0.0,1024.513501792517,615.6860453340191,1024.513501792517,615.6860453340191,1.0,1.0,0.0,-790.0170858841126,1.0,8083.020833333332,-5266.7805725607495,1212.453125,1.0,954.6224327980428,0.0,0.0,954.6224327980428,4093.6,1200.0,6000.0,2893.3029293444556,0.47213142893070265,0.5278685710692974,4562.072222222222,453.3516672367923,445.37364826452995,1.0,,954.6224327980428,,6000.0,1.0,,1.0,1.0,734.6368092842602,,,0.0,0.0,183.44236671283852,61.14745557094617,944.1224327980428,0.0,437.3909778414301,944.1224327980428,4800.0,51.53727813249696,1.0,0.0,0.0,-37.342298229917674,60.89737816736315,3.0,10.5,10.5,1200.0,1.0,1.0,1.0,0.0,0.0,0.0,0.0,0.0,0.0,1.0,6.0,0.0,1.0,0.37267080745341613,0.10314547922024708,0.0,0.0,1.0,0.03253279320987654,0.37267080745341613,0.0,944.1224327980428,4800.0,954.6224327980428,6000.0,453.3516672367923,944.1224327980428,944.1224327980428,4800.0,1.0,0.0,0.0,0.0,0.0,0.0,954.6224327980428,6000.0,7723.14054461508,0.0,453.3516672367923,0.0,5.0,0.004123939141552852,0.0,954.6224327980428,944.1224327980428,6294.149551986951,0.056155564571321016,0.05808096007530147,0.016747257382066356,1.4623860661024537,1.9724094564030528,6.0,1.0,56.0,62.0,56.0,44.0,44.0,6.0,1.0,6.0,0.0,0.0,453.2568375112737,0.0,9.626543053948126,453.2568375112737,443.6302944573256,0.0,453.2568375112737,0.0,6.521495703357687,453.2568375112737,446.73534180791603,0.0,453.2568375112737,0.0,24.49504597441512,453.2568375112737,428.7617915368586,0.0,453.2568375112737,0.0,6.546419524444332,453.2568375112737,446.7104179868294,0.0,0.03130192835763322,0.022168935820950253,0.07832126153410073,0.022067883689732,1.0,1500.0,1500.0,1500.0,1500.0,0.8472217172788771,0.8,0.0,0.2159327721228401,0.1968034002965144,-1.1998481575759001e-05,0.0,0.009457380110804792,0.0,0.006230425887151369,0.0,0.07454037531474586,0.27445449614511386,0.10417282795756097,0.0,0.00018725835484190156,-0.00015542505911980697,0.0,0.0,1.0,70.0,70.0,90.0,90.0,90.0,90.0,90.0,90.0,90.0,80.0,90.0,90.0,90.0,90.0,90.0,90.0,0.0,0.0,0.0,0.0,0.0,1.0,0.0,0.0,636.0,1.0,0.0,1.0,1024.513501792517,944.1224327980428,615.6860453340191,944.1224327980428,954.6224327980428,954.6224327980428,1.0,2.0,10.0,-10.5,0.0,1.0,0.0,0.0,0.0,954.6224327980428,944.1224327980428,0.0,944.1224327980428,944.1224327980428,954.6224327980428,-10.5,96.0,183.44236671283852,185.34776585452846,0.0,2.0,4.198714199999813,944.1224327980428,51.0,1.0,2832.788573584216,3000.0,36.0,36.0,0.65,0.65,1.4090218102645222,1.0073094282738715,2.0,2.0,300.0,300.0,2.0,2.0,2400.0,2400.0,2400.0,2400.0,1.0,1.0,10.0,10.0,56.0,56.0,62.0,50.0,62.0,50.0,38.0,74.0,38.0,74.0,0.0,0.0,0.0,0.0,0.0,1200.0,1200.0,1200.0,1200.0,25,4680.0,60.0,60.0,60.0,90.0,90.0,90.0,90.0,90.0,90.0,70.0,90.0,70.0,90.0,90.0,90.0,90.0,90.0,90.0
916.8951648448099,4800.0,0.0,0.0,0.0,0.0,0.0,0.0,0.0,0.0,0.0,0.0,0.0,0.0,0.0,0.0,0.0,0.0,0.0,0.0,0.0,0.0,0.0,0.0,0.0,0.0,0.0,0.0,0.0,0.0,0.0,0.0,0.0,0.0,0.0,0.0,0.0,0.0,0.0,0.0,0.0,0.0,0.0,0.0,0.0,0.0,0.0,0.0,0.0,0.0,0.0,0.0,0.0,0.0,0.0,0.0,0.0,0.0,0.0,0.0,0.0,0.0,0.0,0.0,0.0,0.0,0.0,0.0,0.0,0.0,0.0,0.0,0.0,0.0,0.0,0.0,0.0,0.0,0.0,0.0,0.0,0.0,0.0,0.0,0.0,0.0,0.0,0.0,0.0,0.0,0.0,0.0,0.0,0.0,1142.058,916.8951648448099,-1740.5163681954386,6000.0,1200.0,3.0,80.91562593162423,195.59440720695824,114.67878127533402,8741.331174770947,0.9624662461723129,0.0,434.41237660928005,723.5805883851693,916.8951648448099,4800.0,0.0,916.8951648448099,6000.0,565.3655821911914,916.8951648448099,916.8951648448099,4800.0,1.0,0.0,0.0,49.0,5.0,0.0,1.0,49.0,0.0,0.0,5.0,0.0,1.0,1.0,565.6232596062196,916.8951648448099,6000.0,0.25767741502818353,613.9430954839374,0.0,1.0,0.0,1.0,1.0,0.0,1.0,5.0,4.0,0.0,0.0,916.8951648448099,12.0,437.0555248042125,49.0,0.0,111.40571095736675,29.0,437.0555248042125,916.8951648448099,6000.0,916.8951648448099,4800.0,0.0,0.0,,,,,,,,,,,,,0.0,903.4298870670323,4792.5975426612895,12.0,-1740.5163681954386,5250.0,565.6232596062196,903.4298870670323,903.4298870670323,4792.5975426612895,1.0,0.0,0.0,916.8951648448099,6000.0,1.0,24.0,547.2631634545681,27.363158172728408,0.0,1179.3086776751288,0.0,1.0,0.0,1.0,1.0,1.0,1.0,0.0,0.0,0.0,0.0,0.0,1179.3086776751288,196.66302958581144,0.0,0.0,0.0,565.3655821911914,195.59440720695824,195.59440720695824,0.0,1.0,613.9430954839374,0.0,0.0,58.96543388375645,0.0,0.0,0.0,0.0,0.0,0.0,1179.3086776751288,1.0,0.0,1179.3086776751288,0.0,1.0,537.4925305538568,14042.0,14042.0,14042.0,5750.25,5750.25,5750.25,4093.6,4093.6,4093.6,3.0,23885.85,23885.85,23885.85,916.8951648448099,6000.0,1.0,0.0,220.0,0.0,10.197869292124523,1.0,0.0,10.197869292124523,0.5098934646062262,0.5,0.0016866769636205783,0.0,0.8433384818102891,-1740.5163681954386,2858.940896739131,-3315.000000000001,37566.666666666664,-22100.000000000004,5635.000000000001,0.15000000000000002,0.0,1038.0556620319373,564.9190016028915,1038.0556620319373,564.9190016028915,1.0,1.0,0.0,-805.1795572224313,1.0,8065.312500000001,-5367.863714816208,1209.7968750000002,1.0,916.8951648448099,0.0,0.0,916.8951648448099,4093.6,1200.0,6000.0,3067.5669435806053,0.42998142044546867,0.5700185795545313,4750.56196934818,565.3655821911914,537.4925305538568,1.0,,916.8951648448099,,6000.0,1.0,,1.0,1.0,1179.3086776751288,,,0.0,0.0,195.59440720695824,65.19813573565274,916.8951648448099,0.0,1163.6047067563322,916.8951648448099,4800.0,55.52059307906607,1.0,0.0,0.0,-33.787616770820364,65.55434319527048,3.0,0.0,0.0,1200.0,1.0,0.0,1.0,0.0,0.0,0.0,0.0,0.0,0.0,1.0,6.0,0.0,1.0,0.37267080745341613,0.13832107404545102,0.0,0.0,1.0,0.04562235898251253,0.37267080745341613,0.0,916.8951648448099,4800.0,916.8951648448099,6000.0,565.3655821911914,916.8951648448099,916.8951648448099,4800.0,1.0,0.0,0.0,0.0,0.0,0.0,916.8951648448099,6000.0,8741.331174770947,0.0,565.3655821911914,0.0,5.0,0.0016866769636205783,0.0,916.8951648448099,916.8951648448099,6112.634432298732,0.09483553607661992,-0.016560561741874508,0.22063293561695568,0.07580623639665043,-0.08011466603348588,6.0,1.0,56.0,62.0,62.0,38.0,38.0,7.0,1.0,6.0,1.0,0.0,435.49271297965134,1.0,20.901921503427616,456.09987316406557,435.78747429866473,1.0,435.49271297965134,0.0,2.712073092153446,433.7472577061983,439.95024134525784,0.0,435.49271297965134,1.0,43.48873652543216,478.44138249956984,436.032779985165,1.0,435.49271297965134,0.0,2.6187890913115552,432.4996714153432,441.10454363527106,0.0,0.034092649011617744,-0.00984205882360508,0.07060382629226358,-0.013590711387401649,1.0,1200.0,1200.0,1200.0,1200.0,0.6977045652093397,1.0,0.0,0.22668750645856975,0.10870864090261811,6.894543508764172e-05,0.0,-0.0011176691374231496,0.010984389899223856,0.06660814371101935,0.0,-0.005996146674693747,-0.028865109225264262,0.0011216558786296465,0.000496751647377991,9.725641570490496e-06,0.0,0.0,0.0,1.0,60.0,60.0,90.0,90.0,90.0,90.0,90.0,90.0,90.0,70.0,90.0,90.0,90.0,90.0,90.0,90.0,0.0,0.0,0.0,0.0,0.0,1.0,0.0,0.0,731.0,1.0,0.0,1.0,1038.0556620319373,916.8951648448099,564.9190016028915,916.8951648448099,916.8951648448099,916.8951648448099,1.0,1.0,0.0,0.0,0.0,1.0,0.0,0.0,0.0,916.8951648448099,916.8951648448099,0.0,916.8951648448099,916.8951648448099,916.8951648448099,0.0,136.0,195.59440720695824,199.43553371613268,0.0,2.0,5.262969700001122,916.8951648448099,51.0,1.0,2579.888522672812,3000.0,48.0,48.0,0.65,0.65,1.209290485211631,1.012652232837091,2.0,2.0,300.0,300.0,2.0,2.0,1800.0,3000.0,1800.0,3000.0,1.0,1.0,10.0,10.0,56.0,56.0,62.0,50.0,56.0,56.0,44.0,68.0,44.0,68.0,0.0,0.0,0.0,0.0,0.0,900.0,1500.0,900.0,1500.0,26,4860.0,50.0,50.0,60.0,90.0,90.0,90.0,90.0,90.0,90.0,70.0,90.0,70.0,90.0,90.0,90.0,90.0,90.0,90.0
958.7180180951893,4800.0,0.0,0.0,0.0,0.0,0.0,0.0,0.0,0.0,0.0,0.0,0.0,0.0,0.0,0.0,0.0,0.0,0.0,0.0,0.0,0.0,0.0,0.0,0.0,0.0,0.0,0.0,0.0,0.0,0.0,0.0,0.0,0.0,0.0,0.0,0.0,0.0,0.0,0.0,0.0,0.0,0.0,0.0,0.0,0.0,0.0,0.0,0.0,0.0,0.0,0.0,0.0,0.0,0.0,0.0,0.0,0.0,0.0,0.0,0.0,0.0,0.0,0.0,0.0,0.0,0.0,0.0,0.0,0.0,0.0,0.0,0.0,0.0,0.0,0.0,0.0,0.0,0.0,0.0,0.0,0.0,0.0,0.0,0.0,0.0,0.0,0.0,0.0,0.0,0.0,0.0,0.0,0.0,1142.058,958.7180180951893,-1753.3666996232737,6000.0,1200.0,3.0,84.37751563501655,207.77781252018661,123.40029688517005,8479.221657614977,0.9662819060523506,0.0,729.0645361323328,1011.0144614894122,958.7180180951893,4800.0,0.0,958.7180180951893,5400.0,507.1753726891735,958.7180180951893,958.7180180951893,4800.0,1.0,0.0,0.0,49.0,5.0,0.0,1.0,49.0,0.0,0.0,5.0,0.0,1.0,1.0,510.6215021805587,958.7180180951893,5400.0,3.446129491385193,39.37243501073385,0.0,1.0,0.0,1.0,1.0,0.0,1.0,5.0,4.0,0.0,0.0,958.7180180951893,9.0,459.4004212502872,49.0,0.0,151.5397121951537,27.0,459.4004212502872,958.7180180951893,5400.0,958.7180180951893,4800.0,0.0,0.0,,,,,,,,,,,,,0.0,905.4957958729672,4616.513310129066,9.0,-1753.3666996232737,4600.0,510.6215021805587,905.4957958729672,905.4957958729672,4616.513310129066,1.0,0.0,0.0,958.7180180951893,5400.0,1.0,24.0,54.83514657618386,2.741757328809193,0.0,546.5478076999074,0.0,1.0,0.0,1.0,1.0,1.0,1.0,0.0,0.0,0.0,0.0,0.0,546.5478076999074,207.59526072654864,0.0,0.0,0.0,507.1753726891735,207.77781252018661,207.77781252018661,0.0,1.0,39.37243501073385,0.0,0.0,27.32739038499537,0.0,0.0,0.0,0.0,0.0,0.0,546.5478076999074,1.0,0.0,546.5478076999074,0.0,1.0,501.6157601568544,14042.0,14042.0,14042.0,5750.25,5750.25,5750.25,4093.6,4093.6,4093.6,3.0,23885.85,23885.85,23885.85,958.7180180951893,5400.0,1.0,0.0,220.0,0.0,56.357104070199654,1.0,0.0,56.357104070199654,2.817855203509983,0.5,0.00402843146890119,0.0,2.014215734450595,-1753.3666996232737,2860.6072399068325,-3315.000000000001,37566.666666666664,-22100.000000000004,5635.000000000001,0.15000000000000002,0.0,1022.005926636519,576.9184951412627,1022.005926636519,576.9184951412627,1.0,1.0,0.0,-825.6637489044257,1.0,8083.020833333332,-5504.42499269617,1212.453125,1.0,958.7180180951893,0.0,0.0,958.7180180951893,4093.6,1200.0,6000.0,5693.2705832841875,0.48185071959327513,0.5181492804067248,5715.146595029412,507.1753726891735,501.6157601568544,1.0,,958.7180180951893,,5400.0,1.0,,1.0,1.0,546.5478076999074,,,0.0,0.0,207.77781252018661,69.2592708400622,958.7180180951893,0.0,772.6912255705988,958.7180180951893,4800.0,59.605649453113244,1.0,0.0,0.0,-34.692348091838454,69.19842024218288,3.0,0.0,0.0,600.0,1.0,0.0,1.0,0.0,0.0,0.0,0.0,0.0,0.0,1.0,6.0,0.0,1.0,0.37267080745341613,0.09344112654218106,0.0,0.0,1.0,0.1126074024325981,0.37267080745341613,0.0,958.7180180951893,4800.0,958.7180180951893,5400.0,507.1753726891735,958.7180180951893,958.7180180951893,4800.0,1.0,0.0,0.0,0.0,0.0,0.0,958.7180180951893,5400.0,8479.221657614977,0.0,507.1753726891735,0.0,5.0,0.00402843146890119,0.0,958.7180180951893,958.7180180951893,6391.453453967928,0.05215142011504714,0.04717721400263427,0.02856911037422779,0.7343186544373115,1.292669341685349,6.0,1.0,56.0,62.0,56.0,44.0,44.0,8.0,1.0,6.0,0.0,0.0,497.5353541329441,0.0,1.1437383971031068,490.0536614219745,506.1607852410168,0.0,497.5353541329441,0.0,13.73517997299325,497.5353541329441,483.80017415995087,0.0,497.5353541329441,0.0,1.543578270617445,488.6686721933319,507.9456143431738,0.0,497.5353541329441,0.0,28.126385680999874,497.5353541329441,469.4089684519442,0.0,-0.022218097590828198,0.045795663449748975,-0.026932273227879864,0.09285477072192717,1.0,900.0,1500.0,900.0,1500.0,0.9223695770748149,0.8577536653058261,0.0,-0.13029223700676695,-0.04429080641266942,-0.0019189312027233286,0.0,0.0,0.0,0.0,0.0,0.04913707522159747,0.47291963939602905,0.0930784983721793,0.0,0.008712317190014574,0.0,0.004425906141318592,0.0,1.0,50.0,60.0,90.0,90.0,90.0,90.0,90.0,90.0,90.0,70.0,90.0,90.0,90.0,90.0,90.0,90.0,1.0,0.0,0.0,0.0,0.0,1.0,0.0,0.0,614.0,1.0,0.0,1.0,1022.005926636519,958.7180180951893,576.9184951412627,958.7180180951893,958.7180180951893,958.7180180951893,1.0,1.0,0.0,0.0,0.0,1.0,0.0,0.0,0.0,958.7180180951893,958.7180180951893,0.0,958.7180180951893,958.7180180951893,958.7180180951893,0.0,104.0,207.77781252018661,211.10546181952455,0.0,3.0,4.669644299996435,958.7180180951893,51.0,1.0,2601.9938858036858,2798.006114196314,47.0,36.0,0.65,0.65,1.007756764346535,1.5171738345931018,2.0,2.0,300.0,300.0,2.0,2.0,2400.0,2400.0,2400.0,2400.0,1.0,1.0,10.0,10.0,56.0,56.0,62.0,50.0,56.0,56.0,38.0,74.0,38.0,74.0,0.0,0.0,0.0,0.0,0.0,1200.0,1200.0,1200.0,1200.0,27,5040.0,60.0,60.0,60.0,90.0,90.0,90.0,90.0,90.0,90.0,60.0,90.0,60.0,90.0,90.0,90.0,90.0,90.0,90.0
951.994644478011,5700.0,0.0,0.0,0.0,0.0,0.0,0.0,0.0,0.0,0.0,0.0,0.0,0.0,0.0,0.0,0.0,0.0,0.0,0.0,0.0,0.0,0.0,0.0,0.0,0.0,0.0,0.0,0.0,0.0,0.0,0.0,0.0,0.0,0.0,0.0,0.0,0.0,0.0,0.0,0.0,0.0,0.0,0.0,0.0,0.0,0.0,0.0,0.0,0.0,0.0,0.0,0.0,0.0,0.0,0.0,0.0,0.0,0.0,0.0,0.0,0.0,0.0,0.0,0.0,0.0,0.0,0.0,0.0,0.0,0.0,0.0,0.0,0.0,0.0,0.0,0.0,0.0,0.0,0.0,0.0,0.0,0.0,0.0,0.0,0.0,0.0,0.0,0.0,0.0,0.0,0.0,0.0,0.0,1142.058,951.994644478011,-1741.897209278446,6000.0,1200.0,3.0,87.75933656298537,219.6401593645757,131.88082280159034,10184.974991652363,0.9679812581222286,0.0,801.220538980238,1063.8537701375294,947.0328389224555,4500.0,8.0,-1741.897209278446,4500.0,547.5514209754999,947.0328389224555,947.0328389224555,4500.0,1.0,0.0,0.0,49.0,5.0,0.0,1.0,49.0,,0.0,5.0,0.0,,1.0,,,,0.0,586.1291951856351,0.0,1.0,0.0,,1.0,0.0,1.0,5.0,4.0,0.0,0.0,,8.0,498.66176633396543,49.0,0.0,115.21407031045459,22.0,498.66176633396543,,,,,0.0,0.0,,,,,,,,,,,,,0.0,947.0328389224555,4500.0,22.0,-1166.703411023661,4500.0,547.5514209754999,947.0328389224555,947.0328389224555,4500.0,1.0,0.0,0.0,,,,24.0,1510.51897983048,75.525948991524,0.0,1133.680616161135,0.0,1.0,0.0,1.0,1.0,1.0,1.0,0.0,0.0,0.0,0.0,0.0,1133.680616161135,219.6401593645757,0.0,0.0,0.0,547.5514209754999,221.12513106229758,221.12513106229758,0.0,1.0,586.1291951856351,0.0,1.0,56.684030808056754,1.0,0.0,1.0,0.0,0.0,1.0,1133.680616161135,1.0,0.0,1133.680616161135,0.0,1.0,1056.04403052186,14042.0,14042.0,14042.0,5750.25,5750.25,5750.25,4093.6,4093.6,4093.6,3.0,23885.85,23885.85,23885.85,951.994644478011,5700.0,0.0,0.0,220.0,0.0,42.21273295502385,1.0,0.0,42.21273295502385,2.1106366477511926,0.5,0.0022672459144394757,0.0,1.1336229572197378,-1741.897209278446,2859.653176759835,-3315.000000000001,37566.666666666664,-22100.000000000004,5635.000000000001,,,,,,,,,,-807.3806999389088,1.0,8072.881944444445,-5382.537999592725,1210.932291666667,1.0,,,,,4093.6,1200.0,6000.0,3309.138269578794,0.46881970249554483,0.5311802975044552,5885.691689305936,1133.680616161135,1056.04403052186,1.0,0.0,951.994644478011,0.0,5700.0,1.0,1.0,1.0,1.0,1133.680616161135,951.994644478011,5700.0,1.0,0.0,219.6401593645757,73.21338645485856,951.994644478011,0.0,810.4687048621057,951.994644478011,5700.0,63.68946305374032,1.0,0.0,0.0,-36.39945017937853,73.21338645485856,3.0,,,,,,,,,,,,,,6.0,0.0,1.0,0.37267080745341613,0.12109158215640825,0.0,0.0,1.0,0.12445081175735666,0.37267080745341613,0.0,951.994644478011,5700.0,-1741.897209278446,4500.0,1133.680616161135,947.0328389224555,947.0328389224555,4500.0,0.0,1.0,0.0,1.0,0.0,0.0,,,10184.974991652363,0.0,1133.680616161135,0.0,5.0,0.0022672459144394757,0.0,951.994644478011,951.994644478011,6346.630963186739,0.0874946579246394,-0.019655122209150222,0.052926599209311385,-0.09038707220125661,-0.13067477058326088,6.0,1.0,56.0,62.0,56.0,38.0,38.0,9.0,1.0,6.0,0.0,0.0,486.6792897021338,0.0,13.237101279772332,495.3821880488654,491.2134926351746,1.0,486.6792897021338,0.0,2.797368718359621,484.7065597500984,491.4493883725289,0.0,486.6792897021338,1.0,32.288615293367,513.2640760074563,492.3831186901783,1.0,486.6792897021338,0.0,8.485235216489514,489.2605820662991,492.58323255445805,1.0,0.007897516477364329,-0.011023701872200167,0.03493269692709117,-0.005101137963049827,1.0,1200.0,1200.0,1200.0,1200.0,,,0.0,-0.04071273491649557,-0.057063043792047095,0.0,0.0,0.0,0.0,0.0,0.0,-0.006618856793297213,-0.035289203066885655,-0.009745176999378203,0.00013191910792809125,0.0,0.0,0.0,0.0,1.0,60.0,60.0,90.0,90.0,90.0,90.0,90.0,90.0,90.0,60.0,90.0,90.0,90.0,90.0,90.0,90.0,0.0,0.0,0.0,0.0,0.0,1.0,0.0,,770.0,1.0,0.0,0.0,0.0,,0.0,,0.0,,-1.0,0.0,0.0,0.0,0.0,1.0,0.0,0.0,0.0,0.0,,0.0,,951.994644478011,0.0,951.994644478011,160.0,219.6401593645757,223.5056394392963,0.0,2.0,4.881726999999955,951.994644478011,51.0,1.0,,,48.0,48.0,,,,,2.0,1.0,300.0,300.0,2.0,2.0,,,,,1.0,1.0,10.0,10.0,56.0,56.0,62.0,50.0,56.0,56.0,44.0,68.0,44.0,68.0,0.0,0.0,0.0,0.0,0.0,1500.0,1500.0,1500.0,1200.0,28,5220.0,60.0,60.0,60.0,90.0,90.0,90.0,90.0,90.0,90.0,60.0,90.0,60.0,90.0,90.0,90.0,90.0,90.0,90.0
949.6092312094581,4500.0,0.0,0.0,0.0,0.0,0.0,0.0,0.0,0.0,0.0,0.0,0.0,0.0,0.0,0.0,0.0,0.0,0.0,0.0,0.0,0.0,0.0,0.0,0.0,0.0,0.0,0.0,0.0,0.0,0.0,0.0,0.0,0.0,0.0,0.0,0.0,0.0,0.0,0.0,0.0,0.0,0.0,0.0,0.0,0.0,0.0,0.0,0.0,0.0,0.0,0.0,0.0,0.0,0.0,0.0,0.0,0.0,0.0,0.0,0.0,0.0,0.0,0.0,0.0,0.0,0.0,0.0,0.0,0.0,0.0,0.0,0.0,0.0,0.0,0.0,0.0,0.0,0.0,0.0,0.0,0.0,0.0,0.0,0.0,0.0,0.0,0.0,0.0,0.0,0.0,0.0,0.0,0.0,1142.058,949.6092312094581,-1753.6915263274977,6000.0,1200.0,3.0,93.60044720396324,232.34412992871188,138.74368272474865,10523.376522280583,0.9696942733614169,0.0,911.9266460550841,1189.035879706611,949.6092312094581,4500.0,0.0,949.6092312094581,6000.0,1148.7587572923876,949.6092312094581,949.6092312094581,4500.0,1.0,0.0,0.0,49.0,5.0,0.0,1.0,49.0,0.0,0.0,5.0,0.0,1.0,1.0,1183.0444812024434,949.6092312094581,6000.0,34.28572391005582,844.7010915089934,0.0,1.0,0.0,1.0,1.0,0.0,1.0,5.0,4.0,0.0,0.0,949.6092312094581,6.0,528.5586998477753,49.0,0.0,176.2018352018515,23.0,528.5586998477753,949.6092312094581,6000.0,949.6092312094581,4500.0,0.0,0.0,,,,,,,,,,,,,0.0,928.6092312094581,4500.0,6.0,-1753.6915263274977,4093.6,1183.0444812024434,928.6092312094581,928.6092312094581,4500.0,1.0,0.0,0.0,949.6092312094581,6000.0,1.0,24.0,1124.8628704177877,56.24314352088939,0.0,1993.459848801381,0.0,1.0,0.0,1.0,1.0,1.0,1.0,0.0,0.0,0.0,0.0,0.0,1993.459848801381,241.75172441485512,0.0,0.0,0.0,1148.7587572923876,232.34412992871188,232.34412992871188,0.0,1.0,844.7010915089934,0.0,0.0,99.67299244006905,0.0,0.0,0.0,0.0,0.0,0.0,1993.459848801381,1.0,0.0,1993.459848801381,0.0,1.0,1090.8828749384957,14042.0,14042.0,14042.0,5750.25,5750.25,5750.25,4093.6,4093.6,4093.6,3.0,23885.85,23885.85,23885.85,949.6092312094581,6000.0,1.0,0.0,220.0,0.0,32.65477666005144,1.0,0.0,32.65477666005144,1.632738833002572,0.5,0.0018998662202906148,0.0,0.9499331101453073,-1753.6915263274977,2861.1104101966876,-3315.000000000001,37566.666666666664,-22100.000000000004,5635.000000000001,0.15000000000000002,0.0,1033.2285508317336,572.5080265905384,1033.2285508317336,572.5080265905384,1.0,1.0,0.0,-826.1815419675949,1.0,8088.368055555555,-5507.876946450631,1213.2552083333335,1.0,949.6092312094581,0.0,0.0,949.6092312094581,4093.6,1200.0,6000.0,2735.5622235882292,0.4019166444454784,0.5980833555545215,5866.886164603375,1148.7587572923876,1090.8828749384957,1.0,,949.6092312094581,,6000.0,1.0,,1.0,1.0,1993.459848801381,,,0.0,0.0,232.34412992871188,77.44804330957062,949.6092312094581,0.0,1636.8761273790221,949.6092312094581,4500.0,67.71188886423691,1.0,0.0,0.0,-37.75576351045268,80.58390813828504,3.0,0.0,0.0,1500.0,1.0,0.0,1.0,0.0,0.0,0.0,0.0,0.0,0.0,1.0,6.0,0.0,1.0,0.37267080745341613,0.2491952634273753,0.0,0.0,1.0,0.12314487254190101,0.37267080745341613,0.0,949.6092312094581,4500.0,949.6092312094581,6000.0,1148.7587572923876,949.6092312094581,949.6092312094581,4500.0,1.0,0.0,0.0,0.0,0.0,0.0,949.6092312094581,6000.0,10523.376522280583,0.0,1148.7587572923876,0.0,5.0,0.0018998662202906148,0.0,949.6092312094581,949.6092312094581,6330.728208063053,0.06287725225878764,0.053153148701716654,0.022961275814646576,0.3218488019431402,-0.0678321487685472,6.0,1.0,56.0,62.0,56.0,44.0,44.0,10.0,1.0,6.0,0.0,0.0,594.7014908916669,0.0,19.729935336644303,594.7014908916669,574.9715555550225,0.0,594.7014908916669,0.0,0.2920362382944859,594.7014908916669,594.4094546533724,0.0,594.7014908916669,0.0,24.860282533477857,594.7014908916669,569.8412083581891,0.0,594.7014908916669,1.0,51.66255343149351,643.4502238189691,597.6153113958583,1.0,0.04933984992538044,0.000932880732924275,0.05036645456025359,0.07249227875471768,1.0,1500.0,1500.0,1500.0,1200.0,0.9952312389348223,0.7,0.0,-0.22903276890628277,-0.1546009971538133,0.0,0.0,-0.006581948965207829,-0.002484324794223625,0.0,0.0,0.017300723088130354,-0.0016203051355880402,0.054381805030628526,0.0,-0.00011934884529978263,0.031600681063980576,0.003139671024678137,0.0,1.0,60.0,60.0,90.0,90.0,90.0,90.0,90.0,90.0,90.0,60.0,90.0,90.0,90.0,90.0,90.0,90.0,0.0,0.0,0.0,0.0,0.0,1.0,0.0,0.0,589.0,1.0,0.0,1.0,1033.2285508317336,949.6092312094581,572.5080265905384,949.6092312094581,949.6092312094581,949.6092312094581,1.0,1.0,0.0,0.0,0.0,1.0,0.0,0.0,0.0,949.6092312094581,949.6092312094581,0.0,949.6092312094581,949.6092312094581,949.6092312094581,0.0,104.0,232.34412992871188,235.51383628377198,0.0,3.0,4.505804100001114,949.6092312094581,51.0,1.0,2411.4998666728707,3000.0,36.0,42.0,0.65,0.65,1.3101720384462516,1.3202622946510891,2.0,2.0,300.0,300.0,2.0,2.0,2400.0,2100.0,2400.0,2100.0,1.0,1.0,10.0,10.0,56.0,56.0,62.0,50.0,56.0,56.0,44.0,68.0,50.0,62.0,0.0,0.0,0.0,0.0,0.0,1200.0,1200.0,1200.0,900.0,29,5400.0,70.0,70.0,70.0,90.0,90.0,90.0,90.0,90.0,90.0,60.0,90.0,60.0,90.0,90.0,90.0,90.0,90.0,90.0
1010.0792103420042,4352.541285015392,0.0,0.0,0.0,0.0,0.0,0.0,0.0,0.0,0.0,0.0,0.0,0.0,0.0,0.0,0.0,0.0,0.0,0.0,0.0,0.0,0.0,0.0,0.0,0.0,0.0,0.0,0.0,0.0,0.0,0.0,0.0,0.0,0.0,0.0,0.0,0.0,0.0,0.0,0.0,0.0,0.0,0.0,0.0,0.0,0.0,0.0,0.0,0.0,0.0,0.0,0.0,0.0,0.0,0.0,0.0,0.0,0.0,0.0,0.0,0.0,0.0,0.0,0.0,0.0,0.0,0.0,0.0,0.0,0.0,0.0,0.0,0.0,0.0,0.0,0.0,0.0,0.0,0.0,0.0,0.0,0.0,0.0,0.0,0.0,0.0,0.0,0.0,0.0,0.0,0.0,0.0,0.0,1142.058,2868.3432669113636,-1740.0285892152765,6000.0,1200.0,3.0,100.79433286236139,246.39869655010494,145.60436368774356,9987.112707213344,0.9711997720102172,0.0,961.6971012930364,1250.7796190123527,1010.0792103420042,4352.541285015392,6.0,1224.7848116111832,4449.247371393492,620.717087519284,1010.0792103420042,1010.0792103420042,4352.541285015392,1.0,0.0,0.0,50.0,6.0,1.0,0.0,75.0,0.0,0.0,11.0,1.0,1.0,1.0,621.386920130442,1224.7848116111832,4449.247371393492,0.0,976.7109851253301,0.0,1.0,0.0,1.0,1.0,1.0,0.0,6.0,4.0,0.0,0.0,1010.0792103420042,4.0,550.3347802297385,50.0,0.0,222.6409585792942,6.0,550.3347802297385,1224.7848116111832,4449.247371393492,1010.0792103420042,4352.541285015392,25.0,5.0,1.0,0.0,1.0,5.0,4.0,10.0,550.3347802297385,25.0,2.0255025069834574,222.6409585792942,0.0,552.360282736722,1.0,1010.0792103420042,4352.541285015392,7.0,1010.0792103420042,4449.247371393492,620.717087519284,1010.0792103420042,1010.0792103420042,4352.541285015392,1.0,0.0,0.0,1078.9122159676883,4449.247371393492,1.0,18.0,48.794682373708866,2.4397341186854433,0.0,1597.428072644614,0.0,1.0,0.0,1.0,1.0,1.0,1.0,0.0,0.0,0.0,0.0,0.0,1597.428072644614,257.1057594132048,0.0,0.0,0.0,620.717087519284,246.39869655010494,246.39869655010494,0.0,1.0,976.7109851253301,0.0,0.0,79.87140363223071,0.0,0.0,0.0,0.0,0.0,0.0,1597.428072644614,1.0,0.0,1597.428072644614,0.0,1.0,616.383179618678,14042.0,14042.0,14042.0,5750.25,5750.25,5750.25,4093.6,4093.6,4093.6,3.0,23885.85,23885.85,23885.85,1224.7848116111832,4449.247371393492,1.0,0.0,220.0,0.0,37.88347563840907,1.0,0.0,37.88347563840907,1.8941737819204534,0.5,0.0,0.0,0.0,-1740.0285892152765,2868.3432669113636,-3315.000000000001,37566.666666666664,-22100.000000000004,5635.000000000001,0.15000000000000002,0.0,1078.9122159676883,656.5426891023161,1078.9122159676883,656.5426891023161,1.0,1.0,0.0,-804.4020085510838,1.0,8165.232077407886,-5362.680057007225,1224.7848116111832,1.0,1078.9122159676883,1.0,145.87259564349483,1224.7848116111832,4093.6,1200.0,6000.0,4449.247371393492,0.42629818664905056,0.5737018133509494,6000.0,620.717087519284,616.383179618678,1.0,,1010.0792103420042,,5700.0,1.0,,1.0,1.0,1597.428072644614,,,0.0,0.0,246.39869655010494,82.13289885003498,1010.0792103420042,0.0,2144.4463967662236,1010.0792103420042,4352.541285015392,71.64364909440894,1.0,0.0,0.0,-42.25028530647299,85.7019198044016,3.0,214.70560126917894,214.70560126917894,96.70608637810074,1.0,1.0,1.0,0.0,0.0,0.0,0.0,0.0,0.0,1.0,6.0,0.0,1.0,0.37267080745341613,0.16916031539853793,0.0,0.0,1.0,0.1747920873239868,0.37267080745341613,0.0,1010.0792103420042,4352.541285015392,1224.7848116111832,4449.247371393492,620.717087519284,1010.0792103420042,1010.0792103420042,4352.541285015392,1.0,0.0,0.0,0.0,0.0,0.0,1078.9122159676883,4449.247371393492,9987.112707213344,0.0,620.717087519284,1.0,5.0,0.0005956307602984909,0.0,1224.7848116111832,1010.0792103420042,6733.8614022800275,0.060916157873177355,-0.003664938476193244,0.022043277772701472,-0.10520343332313803,-0.32693593619581424,6.0,1.0,56.0,62.0,56.0,44.0,50.0,11.0,1.0,6.0,0.0,0.0,618.0128016523292,0.0,12.997908929261484,630.6551099682479,592.372584407149,0.0,618.0128016523292,0.0,4.935906787194654,614.9093091683163,626.0522009235369,0.0,618.0128016523292,0.0,52.58466769736742,634.3654217476006,549.0755138596905,0.0,618.0128016523292,0.0,3.2500421658373853,611.4480186878613,627.8276267826345,0.0,0.04403931451681507,-0.017226807011851537,0.10431462395261178,-0.022952517208952326,1.0,1200.0,1200.0,1200.0,900.0,0.9490136679200688,1.0,0.0,0.08256235323887501,0.05699154337002099,-7.340215679221273e-05,0.0,-0.0016152285883990203,0.0,0.0,0.0,-0.008808996108428602,-0.04299623050848318,-0.004981873893975574,3.746141221228072e-06,0.0,0.0,0.0,0.0,1.0,70.0,70.0,90.0,90.0,90.0,90.0,90.0,90.0,90.0,60.0,90.0,90.0,90.0,90.0,90.0,90.0,0.0,0.0,0.0,0.0,0.0,1.0,0.0,0.0,770.0,1.0,0.0,1.0,1078.9122159676883,1010.0792103420042,656.5426891023161,1010.0792103420042,1078.9122159676883,1078.9122159676883,2.0,1.0,0.0,-68.83300562568411,0.0,1.0,0.0,0.0,0.0,1078.9122159676883,1010.0792103420042,0.0,1010.0792103420042,1010.0792103420042,1078.9122159676883,-68.83300562568411,160.0,246.39869655010494,250.04884101705153,0.0,2.0,5.45981010000105,1010.0792103420042,51.0,1.0,1896.7060863781005,2552.5412850153916,48.0,48.0,0.65,,1.5297729530314468,,2.0,2.0,300.0,300.0,2.0,2.0,1800.0,2552.5412850153916,1800.0,2700.0,1.0,1.0,10.0,10.0,56.0,56.0,62.0,50.0,56.0,56.0,50.0,62.0,56.0,56.0,0.0,0.0,0.0,0.0,0.0,900.0,1418.0784916752175,900.0,1134.462793340174,30,5580.0,70.0,70.0,70.0,90.0,90.0,90.0,90.0,90.0,90.0,60.0,90.0,60.0,90.0,90.0,90.0,90.0,90.0,90.0
1023.8221228905488,5334.462793,0.0,0.0,0.0,0.0,0.0,0.0,0.0,0.0,0.0,0.0,0.0,0.0,0.0,0.0,0.0,0.0,0.0,0.0,0.0,0.0,0.0,0.0,0.0,0.0,0.0,0.0,0.0,0.0,0.0,0.0,0.0,0.0,0.0,0.0,0.0,0.0,0.0,0.0,0.0,0.0,0.0,0.0,0.0,0.0,0.0,0.0,0.0,0.0,0.0,0.0,0.0,0.0,0.0,0.0,0.0,0.0,0.0,0.0,0.0,0.0,0.0,0.0,0.0,0.0,0.0,0.0,0.0,0.0,0.0,0.0,0.0,0.0,0.0,0.0,0.0,0.0,0.0,0.0,0.0,0.0,0.0,0.0,0.0,0.0,0.0,0.0,0.0,0.0,0.0,0.0,0.0,0.0,1142.058,1023.8221228905488,-1769.3527925002857,6000.0,1200.0,3.0,107.77784401589923,259.7360342342698,151.9581902183706,11721.585630110649,0.972965905131469,0.0,1029.7920394454752,1320.0003842321573,1013.3221228905488,4228.723522391558,7.0,-1769.3527925002857,4195.3856608333335,663.5254432416045,1013.3221228905488,1013.3221228905488,4228.723522391558,1.0,0.0,0.0,49.0,5.0,0.0,1.0,49.0,,0.0,5.0,0.0,,1.0,,,,3.696334112973659,811.199690523825,0.0,1.0,0.0,,1.0,0.0,1.0,5.0,4.0,0.0,0.0,,6.0,584.971610228915,49.0,0.0,195.6458521431158,24.0,584.971610228915,,,,,0.0,0.0,,,,,,,,,,,,,0.0,1013.3221228905488,4173.5003005144035,6.0,-1769.3527925002857,4093.6,667.2217773545782,1013.3221228905488,1013.3221228905488,4173.5003005144035,1.0,0.0,0.0,,,,12.0,1727.715378228544,86.3857689114272,0.0,1474.7251337654295,0.0,1.0,0.0,1.0,1.0,1.0,1.0,0.0,0.0,0.0,0.0,0.0,1474.7251337654295,259.7360342342698,0.0,0.0,0.0,663.5254432416045,262.28043742115267,262.28043742115267,0.0,1.0,811.199690523825,0.0,1.0,73.73625668827148,1.0,0.0,1.0,0.0,0.0,1.0,1474.7251337654295,1.0,0.0,1474.7251337654295,0.0,1.0,1388.0980457251644,14042.0,14042.0,14042.0,5750.25,5750.25,5750.25,4093.6,4093.6,4093.6,3.0,23885.85,23885.85,23885.85,1023.8221228905488,5334.462793,0.0,0.0,220.0,0.0,4.826382576756359,1.0,0.0,4.826382576756359,0.24131912883781795,0.5,0.005712055427825849,0.0,2.8560277139129244,-1769.3527925002857,2891.2637762947006,-3315.000000000001,37566.666666666664,-22100.000000000004,5635.000000000001,,,,,,,,,,-851.1465306192667,1.0,8408.809767884277,-5674.310204128444,1261.3214651826418,1.0,,,,,4093.6,1200.0,6000.0,4555.678341013408,0.5425442191467198,0.4574557808532801,6000.0,1474.7251337654295,1388.0980457251644,1.0,0.0,1023.8221228905488,0.0,5334.462793,1.0,1.0,1.0,1.0,1474.7251337654295,1023.8221228905488,5334.462793,1.0,0.0,259.7360342342698,86.57867807808994,1023.8221228905488,0.0,1966.1035681610015,1023.8221228905488,5334.462793,75.89850354157171,1.0,0.0,0.0,-48.19509433708214,86.57867807808994,3.0,,,,,,,,,,,,,,6.0,0.0,1.0,0.37267080745341613,0.10124221654315768,0.0,0.0,1.0,0.2649409455825308,0.37267080745341613,0.0,1023.8221228905488,5334.462793,-1769.3527925002857,4195.3856608333335,1474.7251337654295,1013.3221228905488,1013.3221228905488,4228.723522391558,0.0,1.0,0.0,1.0,0.0,0.0,,,11721.585630110649,0.0,1474.7251337654295,0.0,5.0,0.005712055427825849,0.0,1023.8221228905488,1023.8221228905488,6825.480819270325,0.08053269557263634,0.04258718292997684,0.02960924839797796,-0.35707395183760815,-0.3497956088587859,6.0,1.0,56.0,62.0,56.0,50.0,56.0,12.0,1.0,6.0,0.0,0.0,576.1519060224748,0.0,2.8698455805890717,570.2838688855086,584.8897887400301,0.0,576.1519060224748,0.0,4.051564059963084,576.2238437779849,580.1315323269278,1.0,576.1519060224748,0.0,3.353151021622125,568.9975639084641,586.6593991581076,0.0,576.1519060224748,1.0,32.4192072231333,602.6571151933758,582.0659040747071,1.0,-0.02209943605194027,-0.00983389376273638,-0.02832057084025867,0.03187117471505703,1.0,900.0,1418.0784916752175,900.0,1134.462793340174,,,0.0,-0.023817537441334833,-0.03996121619186113,-0.0052812472312052,-0.00032518732051585176,0.0,0.0,0.0,0.0,-0.022824226343062293,-0.05093890896408197,-0.011669276881850621,0.0,0.0,0.0,0.0,0.0,1.0,70.0,70.0,90.0,90.0,90.0,90.0,90.0,90.0,90.0,60.0,90.0,90.0,90.0,90.0,90.0,90.0,0.0,0.0,0.0,0.0,0.0,1.0,0.0,,682.0,1.0,0.0,0.0,0.0,,0.0,,0.0,,-1.0,0.0,0.0,0.0,0.0,1.0,0.0,0.0,0.0,0.0,,0.0,,1023.8221228905488,0.0,1023.8221228905488,120.0,259.7360342342698,262.10141244900103,0.0,3.0,4.549358999996912,1023.8221228905488,51.0,1.0,,,48.0,45.0,,,,,2.0,2.0,300.0,300.0,2.0,2.0,,,,,1.0,1.0,10.0,10.0,56.0,56.0,62.0,50.0,56.0,56.0,56.0,56.0,62.0,50.0,0.0,0.0,0.0,0.0,0.0,1200.0,1500.0,1200.0,1434.462793,31,5760.0,70.0,70.0,70.0,90.0,90.0,90.0,90.0,90.0,90.0,60.0,90.0,60.0,90.0,90.0,90.0,90.0,90.0,90.0
1081.729625852337,4284.462793,0.0,0.0,0.0,0.0,0.0,0.0,0.0,0.0,0.0,0.0,0.0,0.0,0.0,0.0,0.0,0.0,0.0,0.0,0.0,0.0,0.0,0.0,0.0,0.0,0.0,0.0,0.0,0.0,0.0,0.0,0.0,0.0,0.0,0.0,0.0,0.0,0.0,0.0,0.0,0.0,0.0,0.0,0.0,0.0,0.0,0.0,0.0,0.0,0.0,0.0,0.0,0.0,0.0,0.0,0.0,0.0,0.0,0.0,0.0,0.0,0.0,0.0,0.0,0.0,0.0,0.0,0.0,0.0,0.0,0.0,0.0,0.0,0.0,0.0,0.0,0.0,0.0,0.0,0.0,0.0,0.0,0.0,0.0,0.0,0.0,0.0,0.0,0.0,0.0,0.0,0.0,0.0,1142.058,1081.729625852337,-1741.5536880047507,6000.0,1200.0,3.0,116.6141211023512,275.22646290538137,158.61234180303018,10875.12618958477,0.9747615777281813,0.0,1193.6519001095055,1496.6938022795762,1081.729625852337,4284.462793,0.0,1081.729625852337,6000.0,686.4383681460758,1081.729625852337,1081.729625852337,4284.462793,1.0,0.0,0.0,49.0,5.0,0.0,1.0,49.0,0.0,0.0,5.0,0.0,1.0,1.0,690.1314646210315,1081.729625852337,6000.0,3.6930964749556097,1747.2776356377967,0.0,1.0,0.0,1.0,1.0,0.0,1.0,5.0,4.0,0.0,0.0,1081.729625852337,6.0,604.2507076847137,49.0,0.0,310.80249050152815,22.0,604.2507076847137,1081.729625852337,6000.0,1081.729625852337,4284.462793,0.0,0.0,,,,,,,,,,,,,0.0,1047.0703819789442,4134.462793,6.0,-1741.5536880047507,4093.6,690.1314646210315,1047.0703819789442,1047.0703819789442,4134.462793,1.0,0.0,0.0,1081.729625852337,6000.0,1.0,12.0,34.65889130403342,1.732944565201671,0.0,2433.7160037838726,0.0,1.0,0.0,1.0,1.0,1.0,1.0,0.0,0.0,0.0,0.0,0.0,2433.7160037838726,284.81333912343524,0.0,0.0,0.0,686.4383681460758,275.22646290538137,275.22646290538137,0.0,1.0,1747.2776356377967,0.0,0.0,121.68580018919363,0.0,0.0,0.0,0.0,0.0,0.0,2433.7160037838726,1.0,0.0,2433.7160037838726,0.0,1.0,682.4524311746076,14042.0,14042.0,14042.0,5750.25,5750.25,5750.25,4093.6,4093.6,4093.6,3.0,23885.85,23885.85,23885.85,1081.729625852337,6000.0,1.0,0.0,220.0,0.0,45.05984812533178,1.0,0.0,45.05984812533178,2.252992406266589,0.5,0.001854411170315177,0.0,0.9272055851575884,-1741.5536880047507,2893.952485626891,-3315.000000000001,37566.666666666664,-22100.000000000004,5635.000000000001,0.15000000000000002,0.0,1159.699486963448,729.7742043954851,1159.699486963448,729.7742043954851,1.0,1.0,0.0,-806.8331066214338,1.0,8437.382850556392,-5378.887377476224,1265.607427583459,1.0,1081.729625852337,0.0,0.0,1081.729625852337,4093.6,1200.0,6000.0,2850.0,0.5083369406724778,0.4916630593275222,6000.0,686.4383681460758,682.4524311746076,1.0,,1081.729625852337,,6000.0,1.0,,1.0,1.0,2433.7160037838726,,,0.0,0.0,275.22646290538137,91.74215430179379,1081.729625852337,0.0,2781.5743756248635,1081.729625852337,4284.462793,80.6068339776919,1.0,0.0,0.0,-50.00197000918166,94.93777970781174,3.0,0.0,0.0,1715.5372070000003,1.0,0.0,1.0,0.0,0.0,0.0,0.0,0.0,0.0,1.0,6.0,0.0,1.0,0.37267080745341613,0.18818220035565325,0.0,0.0,1.0,0.3044733735762175,0.37267080745341613,0.0,1081.729625852337,4284.462793,1081.729625852337,6000.0,686.4383681460758,1081.729625852337,1081.729625852337,4284.462793,1.0,0.0,0.0,0.0,0.0,0.0,1081.729625852337,6000.0,10875.12618958477,0.0,686.4383681460758,0.0,5.0,0.001854411170315177,0.0,1081.729625852337,1081.729625852337,7211.530839015579,0.067513012451318,0.04099870434043189,-0.0185050686674737,0.04075907613096123,-0.07983609942379744,6.0,1.0,56.0,62.0,56.0,56.0,62.0,13.0,1.0,6.0,0.0,0.0,695.0300954571342,0.0,14.831890060071828,717.0538510339028,658.1744498202937,0.0,695.0300954571342,0.0,21.88896977563263,695.0300954571342,673.1411256815015,0.0,695.0300954571342,0.0,5.7003853517130665,726.1619467054587,658.1978588570964,0.0,695.0300954571342,0.0,46.981727142647514,699.6094011001442,643.4690626714766,0.0,0.08460058762837253,0.07268657680701465,0.08959222582240024,0.13327957527395767,1.0,1200.0,1500.0,1200.0,1434.462793,0.6499999999999999,0.7913491257586676,0.0,0.26769335758084123,0.33987956077045,0.0024229954078855086,0.0,0.0007970290934657953,0.0030840282995832522,0.07430879948491906,0.0,0.10502294683231489,0.36204011690199495,-0.005654724185704651,0.0,2.3906641644089177e-05,0.0,0.0,0.0,1.0,70.0,70.0,90.0,90.0,90.0,90.0,90.0,90.0,90.0,60.0,90.0,90.0,90.0,90.0,90.0,90.0,0.0,0.0,0.0,0.0,0.0,1.0,0.0,0.0,725.0,1.0,0.0,1.0,1159.699486963448,1081.729625852337,729.7742043954851,1081.729625852337,1081.729625852337,1081.729625852337,1.0,1.0,0.0,0.0,0.0,1.0,0.0,0.0,0.0,1081.729625852337,1081.729625852337,0.0,1081.729625852337,1081.729625852337,1081.729625852337,0.0,160.0,275.22646290538137,278.2678696479152,0.0,2.0,4.565454999996291,1081.729625852337,51.0,1.0,3000.0,2949.9783559651332,48.0,39.0,0.65,0.65,1.228361643075121,1.3590720486183434,2.0,2.0,300.0,300.0,2.0,2.0,1949.9999999999998,2334.4627929999997,1800.0,2334.4627929999997,1.0,1.0,10.0,10.0,56.0,56.0,56.0,56.0,56.0,56.0,56.0,56.0,62.0,50.0,0.0,0.0,0.0,0.0,0.0,974.9999999999999,1200.0,974.9999999999999,1134.462793,32,5940.0,60.0,60.0,60.0,90.0,90.0,90.0,90.0,90.0,90.0,50.0,90.0,50.0,90.0,90.0,90.0,90.0,90.0,90.0
1153.587042300359,5484.462793,0.0,0.0,0.0,0.0,0.0,0.0,0.0,0.0,0.0,0.0,0.0,0.0,0.0,0.0,0.0,0.0,0.0,0.0,0.0,0.0,0.0,0.0,0.0,0.0,0.0,0.0,0.0,0.0,0.0,0.0,0.0,0.0,0.0,0.0,0.0,0.0,0.0,0.0,0.0,0.0,0.0,0.0,0.0,0.0,0.0,0.0,0.0,0.0,0.0,0.0,0.0,0.0,0.0,0.0,0.0,0.0,0.0,0.0,0.0,0.0,0.0,0.0,0.0,0.0,0.0,0.0,0.0,0.0,0.0,0.0,0.0,0.0,0.0,0.0,0.0,0.0,0.0,0.0,0.0,0.0,0.0,0.0,0.0,0.0,0.0,0.0,0.0,0.0,0.0,0.0,0.0,0.0,1142.058,1153.587042300359,-1860.9178330861641,6000.0,1200.0,3.0,125.54575393594612,290.5781993503037,165.03244541435757,12881.340189357104,0.9762349617545911,0.0,1284.309174489146,1587.5135424616167,1134.1912089670257,4500.0,9.0,-1860.9178330861641,4500.0,719.9430639666621,1134.1912089670257,1134.1912089670257,4500.0,1.0,0.0,0.0,49.0,5.0,0.0,1.0,49.0,,0.0,5.0,0.0,,1.0,,,,0.0,948.9665192048942,0.0,1.0,0.0,,1.0,0.0,1.0,5.0,4.0,0.0,0.0,,9.0,630.5738680927544,49.0,0.0,250.77663955480773,27.0,630.5738680927544,,,,,0.0,0.0,,,,,,,,,,,,,0.0,1134.1912089670257,4500.0,27.0,-1246.4594589792928,4500.0,719.9430639666621,1134.1912089670257,1134.1912089670257,4500.0,1.0,0.0,0.0,,,,12.0,1952.2394333881466,97.61197166940734,0.0,1668.9095831715563,0.0,1.0,0.0,1.0,1.0,1.0,1.0,0.0,0.0,0.0,0.0,0.0,1668.9095831715563,290.5781993503037,0.0,0.0,0.0,719.9430639666621,291.78070416651906,291.78070416651906,0.0,1.0,948.9665192048942,0.0,1.0,83.44547915857783,1.0,0.0,1.0,0.0,0.0,1.0,1668.9095831715563,1.0,0.0,1668.9095831715563,0.0,1.0,1571.0361361308217,14042.0,14042.0,14042.0,5750.25,5750.25,5750.25,4093.6,4093.6,4093.6,3.0,23885.85,23885.85,23885.85,1153.587042300359,5484.462793,0.0,0.0,220.0,0.0,5.229507426546178,1.0,0.0,5.229507426546178,0.2614753713273089,0.5,0.005042980671960474,0.0,2.521490335980237,-1860.9178330861641,3054.7491597688067,-3315.000000000001,37566.666666666664,-22100.000000000004,5635.000000000001,,,,,,,,,,-879.7452205831233,1.0,8757.803207440671,-5864.9681372208215,1313.6704811161007,1.0,,,,,4093.6,1200.0,6000.0,2850.0,0.5191300617318858,0.48086993826811414,6000.0,1668.9095831715563,1571.0361361308217,1.0,0.0,1153.587042300359,0.0,5484.462793,1.0,1.0,1.0,1.0,1668.9095831715563,1153.587042300359,5484.462793,1.0,0.0,290.5781993503037,96.85939978343457,1153.587042300359,0.0,2589.445601738296,1153.587042300359,5484.462793,85.48984419820958,1.0,0.0,0.0,-51.94503363186038,96.85939978343457,3.0,,,,,,,,,,,,,,6.0,0.0,1.0,0.37267080745341613,0.13317292824554894,0.0,0.0,1.0,0.4029034747395025,0.4029034747395025,0.0,1153.587042300359,5484.462793,-1860.9178330861641,4500.0,1668.9095831715563,1134.1912089670257,1134.1912089670257,4500.0,0.0,1.0,0.0,1.0,0.0,0.0,,,12881.340189357104,0.0,1668.9095831715563,0.0,5.0,0.005042980671960474,0.0,1153.587042300359,1153.587042300359,7690.580282002392,0.08190333078012846,-0.0028904478135041538,0.0006791865745664864,-0.31426815730427177,-0.10560587476664315,6.0,1.0,56.0,56.0,56.0,56.0,62.0,14.0,1.0,6.0,0.0,0.0,633.4633380630942,0.0,3.45605349119478,627.6033469419815,642.7793826754016,0.0,633.4633380630942,0.0,11.345261974139248,639.464324940069,638.8076131602586,1.0,633.4633380630942,0.0,5.439002262742406,627.2408459686376,645.1248324202932,0.0,633.4633380630942,1.0,37.029498088930495,663.7880411606309,640.168133054488,1.0,-0.0220717473106414,9.436110725892163e-05,-0.0274602179818355,0.03327832862170779,1.0,974.9999999999999,1200.0,974.9999999999999,1134.462793,,,0.0,-0.030491067435834653,-0.045988181642268706,-0.003196460297733239,0.0,0.0,0.0,0.0,0.0,-0.002770569050061056,-0.1624499142100298,-0.0013229040071269793,0.0,0.0,0.0,0.0,0.0,1.0,60.0,60.0,90.0,90.0,90.0,90.0,90.0,90.0,90.0,50.0,90.0,90.0,90.0,90.0,90.0,90.0,0.0,0.0,0.0,0.0,0.0,1.0,0.0,,670.0,1.0,0.0,0.0,0.0,,0.0,,0.0,,-1.0,0.0,0.0,0.0,0.0,1.0,0.0,0.0,0.0,0.0,,0.0,,1153.587042300359,0.0,1153.587042300359,104.0,290.5781993503037,293.4482358956036,0.0,3.0,4.421440199999779,1153.587042300359,51.0,1.0,,,48.0,47.0,,,,,2.0,2.0,300.0,300.0,2.0,2.0,,,,,1.0,1.0,10.0,10.0,56.0,56.0,56.0,56.0,56.0,56.0,62.0,50.0,62.0,50.0,0.0,0.0,0.0,0.0,0.0,1275.0,1500.0,1275.0,1434.462793,33,6120.0,60.0,60.0,60.0,90.0,90.0,90.0,90.0,90.0,90.0,60.0,90.0,60.0,90.0,90.0,90.0,90.0,90.0,90.0
1204.0063947176413,4284.462793,0.0,0.0,0.0,0.0,0.0,0.0,0.0,0.0,0.0,0.0,0.0,0.0,0.0,0.0,0.0,0.0,0.0,0.0,0.0,0.0,0.0,0.0,0.0,0.0,0.0,0.0,0.0,0.0,0.0,0.0,0.0,0.0,0.0,0.0,0.0,0.0,0.0,0.0,0.0,0.0,0.0,0.0,0.0,0.0,0.0,0.0,0.0,0.0,0.0,0.0,0.0,0.0,0.0,0.0,0.0,0.0,0.0,0.0,0.0,0.0,0.0,0.0,0.0,0.0,0.0,0.0,0.0,0.0,0.0,0.0,0.0,0.0,0.0,0.0,0.0,0.0,0.0,0.0,0.0,0.0,0.0,0.0,0.0,0.0,0.0,0.0,0.0,0.0,0.0,0.0,0.0,0.0,1142.058,1235.5063947176413,-1917.912064146836,6000.0,1200.0,3.0,136.51184229306728,309.4334714882295,172.9216291951622,13225.359597314045,0.9784593707141422,0.0,1505.0426264691214,1903.6914854742429,1204.0063947176413,4284.462793,5.0,-1917.912064146836,3600.0,1509.3596680900937,1204.0063947176413,1204.0063947176413,4284.462793,1.0,0.0,0.0,49.0,5.0,0.0,1.0,49.0,0.0,0.0,5.0,0.0,1.0,1.0,2694.5210975772643,-1917.912064146836,3600.0,0.0,1185.1614294871706,0.0,1.0,0.0,1.0,1.0,0.0,1.0,5.0,4.0,0.0,0.0,1204.0063947176413,5.0,689.7898669293419,49.0,0.0,248.607567580509,21.0,689.7898669293419,-1917.912064146836,3600.0,1204.0063947176413,4284.462793,0.0,0.0,,,,,,,,,,,,,0.0,1204.0063947176413,4284.462793,21.0,-1278.0406032010887,3600.0,1509.3596680900937,1204.0063947176413,1204.0063947176413,4284.462793,1.0,0.0,0.0,-1917.912064146836,3600.0,1.0,12.0,1348.2514363647715,67.41257181823858,0.0,2694.5210975772643,0.0,1.0,0.0,1.0,1.0,1.0,1.0,0.0,0.0,0.0,0.0,0.0,2694.5210975772643,317.13374958821504,0.0,0.0,0.0,1509.3596680900937,309.4334714882295,309.4334714882295,0.0,1.0,1185.1614294871706,0.0,0.0,134.7260548788632,0.0,0.0,0.0,0.0,0.0,0.0,2694.5210975772643,1.0,0.0,2694.5210975772643,0.0,1.0,1438.467798318401,14042.0,14042.0,14042.0,5750.25,5750.25,5750.25,4093.6,4093.6,4093.6,3.0,23885.85,23885.85,23885.85,-1917.912064146836,3600.0,1.0,0.0,220.0,0.0,69.58595906908019,1.0,0.0,69.58595906908019,3.47929795345401,0.5,0.0013490281599870466,0.0,0.6745140799935233,-1917.912064146836,3201.059623419142,-3315.000000000001,37566.666666666664,-22100.000000000004,5635.000000000001,0.15000000000000002,0.0,1327.8359085053562,888.9188387172088,1327.8359085053562,888.9188387172088,1.0,1.0,0.0,-831.931014686319,1.0,8727.432780743615,-5546.20676457546,1309.1149171115424,1.0,-1917.912064146836,0.0,0.0,-1917.912064146836,4093.6,1200.0,6000.0,2205.075648269775,0.44007089439871905,0.559929105601281,6000.0,1509.3596680900937,1438.467798318401,1.0,,1235.5063947176413,,6000.0,1.0,,1.0,1.0,2694.5210975772643,,,0.0,0.0,309.4334714882295,103.1444904960765,1204.0063947176413,0.0,3299.8308564647095,1204.0063947176413,4284.462793,90.35551507942492,1.0,0.0,0.0,-49.761250070943504,105.71124986273834,3.0,-3121.9184588644775,-3121.9184588644775,-684.4627929999997,1.0,1.0,1.0,0.0,0.0,0.0,0.0,0.0,0.0,1.0,6.0,0.0,1.0,0.37267080745341613,0.22946718000858013,0.0,0.0,1.0,0.43735436102808345,0.43735436102808345,0.0,1204.0063947176413,4284.462793,-1917.912064146836,3600.0,1509.3596680900937,1204.0063947176413,1204.0063947176413,4284.462793,1.0,0.0,0.0,0.0,0.0,0.0,-1917.912064146836,3600.0,13225.359597314045,0.0,1509.3596680900937,0.0,5.0,0.0013490281599870466,0.0,-1917.912064146836,1204.0063947176413,8026.709298117607,0.04399530484200653,-0.020470884623743652,-0.0011213046990482907,0.08444875395691476,-0.1519749070635624,6.0,1.0,56.0,56.0,56.0,62.0,62.0,15.0,1.0,6.0,0.0,0.0,767.1835761252776,0.0,3.3906379098250454,787.1900953825248,743.7864189582053,0.0,767.1835761252776,0.0,5.156320522210308,767.1835761252776,762.0272556030673,0.0,767.1835761252776,0.0,10.18138501062731,799.7743311649996,744.774206096183,0.0,767.1835761252776,0.0,17.530501258503136,768.870962477517,747.965688514535,0.0,0.0747297885401042,0.005841135067989523,0.08988050307804724,0.016869317311029156,1.0,1275.0,1500.0,1275.0,1434.462793,1.2308622850569582,1.1581142692128716,0.0,0.5391617638096449,0.7215094102392605,0.0,0.0,0.03168029824179826,0.002819415061778585,0.02121495086081211,0.0,0.016326454032014937,0.02277556707406847,9.52175698046176e-05,0.0,-0.011300308498017131,0.0,0.0,0.0,1.0,60.0,60.0,90.0,90.0,90.0,90.0,90.0,90.0,90.0,60.0,90.0,90.0,90.0,90.0,90.0,90.0,0.0,0.0,0.0,0.0,0.0,1.0,10.0,5.0,1016.0,1.0,10.0,1.0,1327.8359085053562,1204.0063947176413,888.9188387172088,1204.0063947176413,-1917.912064146836,-1917.912064146836,2.0,2.0,0.0,205.3582885533957,0.0,1.0,0.0,0.0,0.0,998.6481061642456,1204.0063947176413,-2916.5601703110815,1204.0063947176413,1204.0063947176413,-1917.912064146836,205.3582885533957,136.0,309.4334714882295,311.8995794679536,0.0,2.0,6.9188615000020945,1204.0063947176413,51.0,1.0,1584.2552198353885,2015.7447801646115,48.0,39.0,,,,,2.0,1.0,300.0,300.0,2.0,2.0,1950.0,2334.4627929999997,1950.0,2484.4627929999997,1.0,1.0,10.0,10.0,56.0,56.0,56.0,56.0,50.0,62.0,68.0,44.0,68.0,44.0,0.0,0.0,0.0,0.0,0.0,975.0,1200.0,975.0,1134.462793,34,6300.0,50.0,50.0,50.0,90.0,90.0,90.0,90.0,90.0,90.0,60.0,90.0,60.0,90.0,90.0,90.0,90.0,90.0,90.0
1217.4791400213478,3123.5541622916157,0.0,0.0,0.0,0.0,0.0,0.0,0.0,0.0,0.0,0.0,0.0,0.0,0.0,0.0,0.0,0.0,0.0,0.0,0.0,0.0,0.0,0.0,0.0,0.0,0.0,0.0,0.0,0.0,0.0,0.0,0.0,0.0,0.0,0.0,0.0,0.0,0.0,0.0,0.0,0.0,0.0,0.0,0.0,0.0,0.0,0.0,0.0,0.0,0.0,0.0,0.0,0.0,0.0,0.0,0.0,0.0,0.0,0.0,0.0,0.0,0.0,0.0,0.0,0.0,0.0,0.0,0.0,0.0,0.0,0.0,0.0,0.0,0.0,0.0,0.0,0.0,0.0,0.0,0.0,0.0,0.0,0.0,0.0,0.0,0.0,0.0,0.0,0.0,0.0,0.0,0.0,0.0,1142.058,1280.4791400213478,-2217.681981593899,6000.0,1200.0,3.0,143.374802928373,332.6650002313636,189.29019730299063,12930.541750813572,0.9800071874554166,0.0,2016.7325732554837,2532.85222644245,1217.4791400213478,3123.5541622916157,3.0,-2217.681981593899,3000.0,886.6731076434512,1217.4791400213478,1217.4791400213478,3123.5541622916157,1.0,0.0,0.0,49.0,5.0,0.0,1.0,49.0,0.0,0.0,5.0,0.0,1.0,1.0,1930.7440861849727,-2217.681981593899,3000.0,0.0,1044.0709785415215,0.0,1.0,0.0,1.0,1.0,0.0,1.0,5.0,4.0,0.0,0.0,1217.4791400213478,3.0,763.7150635315405,49.0,0.0,198.92000122331785,21.0,763.7150635315405,-2217.681981593899,3000.0,1217.4791400213478,3123.5541622916157,0.0,0.0,,,,,,,,,,,,,0.0,1217.4791400213478,3123.5541622916157,21.0,-1502.9717338946616,3000.0,886.6731076434512,1217.4791400213478,1217.4791400213478,3123.5541622916157,1.0,0.0,0.0,-2217.681981593899,3000.0,1.0,12.0,62.61715342950351,3.1308576714751757,0.0,1930.7440861849727,0.0,1.0,0.0,1.0,1.0,1.0,1.0,0.0,0.0,0.0,0.0,0.0,1930.7440861849727,335.65929318128144,0.0,0.0,0.0,886.6731076434512,332.6650002313636,332.6650002313636,0.0,1.0,1044.0709785415215,0.0,0.0,96.53720430924864,0.0,0.0,0.0,0.0,0.0,0.0,1930.7440861849727,1.0,0.0,1930.7440861849727,0.0,1.0,858.7483057055217,14042.0,14042.0,14042.0,5750.25,5750.25,5750.25,4093.6,4093.6,4093.6,3.0,23885.85,23885.85,23885.85,-2217.681981593899,3000.0,1.0,0.0,220.0,0.0,495.87888532908653,1.0,0.0,495.87888532908653,24.79394426645433,0.5,0.0016242455577127062,0.0,0.8121227788563531,-2217.681981593899,3500.0,-3315.000000000001,37566.666666666664,-22100.000000000004,5635.000000000001,0.15000000000000002,0.0,1365.4111014731538,912.5647335772301,1365.4111014731538,912.5647335772301,1.0,1.0,0.0,-919.5022110001597,1.0,9026.102524442253,-6130.014740001064,1353.915378666338,0.0,-2217.681981593899,0.0,0.0,-2217.681981593899,4093.6,1200.0,6000.0,5519.366914951739,0.46303045643053864,0.5369695435694614,6000.0,886.6731076434512,858.7483057055217,1.0,,1280.4791400213478,,5484.462793,1.0,,1.0,1.0,1930.7440861849727,,,0.0,0.0,332.6650002313636,110.88833341045454,1217.4791400213478,0.0,3881.8974888868706,1217.4791400213478,3123.5541622916157,95.58255305527746,1.0,0.0,0.0,-55.8313599564712,111.88643106042714,3.0,-3435.161121615247,-3435.161121615247,-123.55416229161574,1.0,1.0,1.0,0.0,0.0,0.0,0.0,0.0,0.0,1.0,6.0,0.0,1.0,0.37267080745341613,0.20950862468485543,0.0,0.0,1.0,0.5419248460820956,0.5419248460820956,0.0,1217.4791400213478,3123.5541622916157,-2217.681981593899,3000.0,886.6731076434512,1217.4791400213478,1217.4791400213478,3123.5541622916157,1.0,0.0,0.0,0.0,0.0,0.0,-2217.681981593899,3000.0,12930.541750813572,0.0,886.6731076434512,0.0,5.0,0.0016242455577127062,0.0,-2217.681981593899,1217.4791400213478,8116.527600142317,-0.034353242775225626,-0.05692398635022585,-0.1384141006657152,0.3967568559280892,0.14063659799979197,6.0,1.0,56.0,56.0,50.0,68.0,68.0,16.0,1.0,6.0,0.0,0.0,793.6339631284463,0.0,3.3663785185835877,787.3133266329426,803.3209781425337,0.0,793.6339631284463,0.0,6.984439722406023,798.8394976207921,781.4439889136945,0.0,793.6339631284463,0.0,4.021372914113726,785.1398156958,806.1494834752064,0.0,793.6339631284463,0.0,17.028050740365416,803.8972231128109,766.3426524037162,0.0,-0.022785751601564333,0.0054582352630018725,-0.030809054922553234,0.019250609042240137,1.0,975.0,1200.0,975.0,1134.462793,1.0,1.0766984296541287,0.0,-0.13077629589040213,-0.1503842325351883,-1.7506646372567046e-07,0.0,0.0,0.0,0.0,0.0,0.002954229143892921,0.03779146221764906,0.01051364901492562,0.0,0.0011768379152620407,2.5672528309428995e-06,0.0,0.0,1.0,50.0,50.0,90.0,90.0,90.0,90.0,90.0,90.0,90.0,60.0,90.0,90.0,90.0,90.0,90.0,90.0,0.0,0.0,0.0,0.0,0.0,1.0,10.0,5.0,754.0,1.0,10.0,1.0,1365.4111014731538,1217.4791400213478,912.5647335772301,1217.4791400213478,-2217.681981593899,-2217.681981593899,2.0,1.0,10.0,191.7028144701369,0.0,1.0,0.0,0.0,0.0,1025.776325551211,1217.4791400213478,-3243.4583071451098,1217.4791400213478,1217.4791400213478,-2217.681981593899,191.7028144701369,144.0,332.6650002313636,333.19664818518083,0.0,2.0,5.138099000003422,1217.4791400213478,51.0,1.0,1389.0913692916158,1610.9086307083842,46.0,48.0,,,,,2.0,2.0,300.0,300.0,2.0,2.0,1389.0913692916158,1734.462793,2550.0,2334.462793,1.0,1.0,10.0,10.0,56.0,56.0,56.0,56.0,44.0,68.0,74.0,38.0,74.0,38.0,0.0,0.0,0.0,0.0,0.0,694.5456846458079,900.0,694.5456846458079,834.4627929999999,35,6480.0,60.0,60.0,60.0,90.0,90.0,90.0,90.0,90.0,90.0,60.0,90.0,60.0,90.0,90.0,90.0,90.0,90.0,90.0
1300.7240368281825,3723.5541630000002,0.0,0.0,0.0,0.0,0.0,0.0,0.0,0.0,0.0,0.0,0.0,0.0,0.0,0.0,0.0,0.0,0.0,0.0,0.0,0.0,0.0,0.0,0.0,0.0,0.0,0.0,0.0,0.0,0.0,0.0,0.0,0.0,0.0,0.0,0.0,0.0,0.0,0.0,0.0,0.0,0.0,0.0,0.0,0.0,0.0,0.0,0.0,0.0,0.0,0.0,0.0,0.0,0.0,0.0,0.0,0.0,0.0,0.0,0.0,0.0,0.0,0.0,0.0,0.0,0.0,0.0,0.0,0.0,0.0,0.0,0.0,0.0,0.0,0.0,0.0,0.0,0.0,0.0,0.0,0.0,0.0,0.0,0.0,0.0,0.0,0.0,0.0,0.0,0.0,0.0,0.0,0.0,1142.058,1300.7240368281825,-2676.977313341002,6000.0,1200.0,3.0,149.21268838287347,350.36135360823613,201.14866522536266,13348.322664490548,0.9824646495236365,0.0,2183.480506620228,2605.5167555965613,1300.7240368281825,3723.5541630000002,0.0,1300.7240368281825,4323.554163,904.3979149056748,1300.7240368281825,1300.7240368281825,3723.5541630000002,1.0,0.0,0.0,49.0,4.0,0.0,1.0,49.0,0.0,0.0,4.0,0.0,1.0,1.0,1807.0930627287596,1300.7240368281825,4323.554163,37.72401392448194,902.6951478230848,0.0,1.0,0.0,1.0,1.0,0.0,1.0,4.0,4.0,0.0,0.0,1300.7240368281825,0.0,769.0478213328327,49.0,0.0,227.00778535406482,10.0,769.0478213328327,1300.7240368281825,4323.554163,1300.7240368281825,3723.5541630000002,0.0,0.0,,,,,,,,,,,,,0.0,1237.7240368281823,3723.5541630000002,10.0,-2676.977313341002,4323.554163,942.1219288301568,1237.7240368281823,1237.7240368281823,3723.5541630000002,1.0,0.0,0.0,1300.7240368281825,4323.554163,1.0,12.0,23.578337039648765,1.1789168519824382,0.0,1807.0930627287596,0.0,1.0,0.0,1.0,1.0,1.0,1.0,0.0,0.0,0.0,0.0,0.0,1807.0930627287596,357.6473464128946,0.0,0.0,0.0,904.3979149056748,350.36135360823613,350.36135360823613,0.0,1.0,902.6951478230848,0.0,0.0,90.35465313643799,0.0,0.0,0.0,0.0,0.0,0.0,1807.0930627287596,1.0,0.0,1807.0930627287596,0.0,1.0,883.1550094340707,14042.0,14042.0,14042.0,5750.25,5750.25,5750.25,4093.6,4093.6,4093.6,3.0,23885.85,23885.85,23885.85,1300.7240368281825,4323.554163,1.0,0.0,220.0,0.0,401.2797723924326,1.0,0.0,401.2797723924326,20.063988619621632,0.5,0.0,0.0,0.0,-2676.977313341002,3500.0,-3315.000000000001,37566.666666666664,-22100.000000000004,5635.000000000001,0.15000000000000002,0.0,1421.040009050405,1008.701467383738,1421.040009050405,1008.701467383738,1.0,1.0,0.0,-927.629388302319,1.0,9052.109876915065,-6184.195922015459,1357.81648153726,0.0,1300.7240368281825,0.0,0.0,1300.7240368281825,4093.6,1200.0,6000.0,4275.0,0.5786270492506791,0.42137295074932085,6000.0,904.3979149056748,883.1550094340707,1.0,,1300.7240368281825,,4323.554163,1.0,,1.0,1.0,1807.0930627287596,,,0.0,0.0,350.36135360823613,116.78711786941204,1300.7240368281825,0.0,3833.2081345927936,1300.7240368281825,3723.5541630000002,102.40108026022308,1.0,0.0,0.0,-57.5636403823346,119.21578213763154,3.0,0.0,0.0,599.9999999999995,1.0,0.0,1.0,0.0,0.0,0.0,0.0,0.0,0.0,1.0,6.0,0.0,1.0,0.37267080745341613,0.0006091121657518794,0.0,0.0,1.0,0.732750883531529,0.732750883531529,0.0,1300.7240368281825,3723.5541630000002,1300.7240368281825,4323.554163,904.3979149056748,1300.7240368281825,1300.7240368281825,3723.5541630000002,1.0,0.0,0.0,0.0,0.0,0.0,1300.7240368281825,4323.554163,13348.322664490548,0.0,904.3979149056748,1.0,1.0,0.00042203416727298746,0.0,1300.7240368281825,1300.7240368281825,8671.493578854548,-0.07053290360308631,-0.09069606429522019,-0.4915165710803257,0.5151372499824518,0.22834686260098871,6.0,1.0,56.0,56.0,44.0,74.0,74.0,17.0,1.0,6.0,0.0,0.0,800.6562055959283,0.0,2.8671131356384194,791.4435812897635,812.7359430377317,0.0,800.6562055959283,0.0,11.96772113502061,804.1994495860623,809.0806827408151,1.0,800.6562055959283,0.0,0.6200335315627399,785.9526103945452,814.7397672657487,0.0,800.6562055959283,1.0,60.023751225732894,850.2727011500962,811.0634612674935,1.0,-0.029321472275585236,-0.01417921630526898,-0.04060185214426713,0.04884040801529155,1.0,694.5456846458079,900.0,694.5456846458079,834.4627929999999,0.7950878141339593,0.9520448992967399,0.0,-0.026442770151394516,-0.037311646654269025,-0.004703819541492038,-0.0057220747106832455,-0.006548796516376144,-0.006085582614283425,-0.0059943173745374174,-0.00504804556767482,-0.009636540519544923,-0.0419872637864934,-0.009140339764494599,-0.0023493044706938805,-0.0015842617487351162,0.0,0.0,0.0,1.0,60.0,60.0,90.0,90.0,90.0,90.0,90.0,90.0,90.0,60.0,90.0,90.0,90.0,90.0,90.0,90.0,1.0,0.0,1.0,0.0,0.0,1.0,0.0,0.0,616.0,1.0,0.0,1.0,1421.040009050405,1300.7240368281825,1008.701467383738,1300.7240368281825,1300.7240368281825,1300.7240368281825,1.0,2.0,10.0,0.0,0.0,1.0,0.0,0.0,0.0,1300.7240368281825,1300.7240368281825,0.0,1300.7240368281825,1300.7240368281825,1300.7240368281825,0.0,112.0,350.36135360823613,353.16667343364315,0.0,2.0,4.605831799999578,1300.7240368281825,51.0,1.0,2501.7253876121795,1821.82877538782,48.0,48.0,0.13527885067947337,0.65,0.7624363926212954,1.5590987360526596,2.0,2.0,300.0,300.0,2.0,2.0,1989.09137,1734.4627930000001,1989.09137,1734.4627930000001,1.0,1.0,10.0,10.0,56.0,56.0,56.0,56.0,50.0,62.0,68.0,44.0,68.0,44.0,0.0,0.0,0.0,0.0,0.0,994.545685,1200.0,994.545685,534.462793,36,6660.0,60.0,60.0,60.0,90.0,90.0,90.0,90.0,90.0,90.0,60.0,90.0,60.0,90.0,90.0,90.0,90.0,90.0,90.0
1448.3055636530846,4923.554163,0.0,0.0,0.0,0.0,0.0,0.0,0.0,0.0,0.0,0.0,0.0,0.0,0.0,0.0,0.0,0.0,0.0,0.0,0.0,0.0,0.0,0.0,0.0,0.0,0.0,0.0,0.0,0.0,0.0,0.0,0.0,0.0,0.0,0.0,0.0,0.0,0.0,0.0,0.0,0.0,0.0,0.0,0.0,0.0,0.0,0.0,0.0,0.0,0.0,0.0,0.0,0.0,0.0,0.0,0.0,0.0,0.0,0.0,0.0,0.0,0.0,0.0,0.0,0.0,0.0,0.0,0.0,0.0,0.0,0.0,0.0,0.0,0.0,0.0,0.0,0.0,0.0,0.0,0.0,0.0,0.0,0.0,0.0,0.0,0.0,0.0,0.0,0.0,0.0,0.0,0.0,0.0,1142.058,1448.3055636530846,-2911.0565487045387,6000.0,1200.0,3.0,156.70954767315112,363.66358461350563,206.9540369403545,13450.511092818026,0.9846691249535138,0.0,2054.3769437810643,2369.4331646715073,1448.3055636530846,4923.554163,1000000.0,1448.3055636530846,4923.554163,903.283167999471,1448.3055636530846,1448.3055636530846,4923.554163,0.0,1.0,0.0,49.0,5.0,0.0,1.0,49.0,,0.0,5.0,0.0,,1.0,,,,8.582713300286628,50.789122376895875,0.0,1.0,0.0,,1.0,0.0,1.0,5.0,4.0,0.0,0.0,,9.0,794.744201787875,49.0,0.0,210.26720482753285,26.0,794.744201787875,,,,,0.0,0.0,,,,,,,,,,,,,0.0,1448.3055636530846,4747.564394034958,0.0,1448.3055636530846,4923.554163,911.8658812997576,1448.3055636530846,1448.3055636530846,4747.564394034958,1.0,0.0,0.0,,,,12.0,116.2051590071868,5.81025795035934,0.0,903.283167999471,0.0,1.0,0.0,1.0,1.0,1.0,1.0,0.0,0.0,0.0,0.0,0.0,903.283167999471,363.66358461350563,0.0,1.0,0.0,911.8658812997576,363.93234016362544,363.93234016362544,0.0,1.0,0.0,1.0,1.0,45.16415839997355,1.0,0.0,1.0,0.0,0.0,0.0,903.283167999471,1.0,0.0,903.283167999471,0.0,1.0,892.0107308744202,14042.0,14042.0,14042.0,5750.25,5750.25,5750.25,4093.6,4093.6,4093.6,3.0,23885.85,23885.85,23885.85,1448.3055636530846,4923.554163,0.0,0.0,220.0,0.0,109.24358349382888,1.0,0.0,109.24358349382888,5.462179174691444,0.5,0.004567048739920141,0.0,2.283524369960071,-2911.0565487045387,3500.0,-3315.000000000001,37566.666666666664,-22100.000000000004,5635.000000000001,,,,,,,,,,-968.8016058132143,1.0,9322.27869495378,-6458.677372088095,1398.3418042430674,0.0,,,,,4093.6,1200.0,6000.0,5700.0,0.5616026649497108,0.43839733505028927,6000.0,903.283167999471,892.0107308744202,1.0,0.0,1448.3055636530846,0.0,4923.554163,1.0,1.0,1.0,1.0,903.283167999471,1448.3055636530846,4923.554163,1.0,1.0,363.66358461350563,121.22119487116855,1448.3055636530846,0.0,3604.5495178623232,1448.3055636530846,4923.554163,109.43450622645192,1.0,0.0,0.0,-63.076669824924295,121.22119487116855,3.0,,,,,,,,,,,,,,6.0,0.0,1.0,0.37267080745341613,0.0,0.0,0.0,1.0,0.8278306505126253,0.8278306505126253,0.0,1448.3055636530846,4923.554163,1448.3055636530846,4923.554163,903.283167999471,1448.3055636530846,1448.3055636530846,4923.554163,0.0,1.0,0.0,1.0,0.0,0.0,,,13450.511092818026,0.0,903.283167999471,0.0,5.0,0.004567048739920141,0.0,1448.3055636530846,1448.3055636530846,9655.370424353896,-0.04285170552708461,-0.06919417337519648,-0.21578902563948094,0.4946056322575624,0.40558049986593525,6.0,1.0,56.0,56.0,50.0,68.0,68.0,18.0,1.0,6.0,0.0,0.0,817.6815637747432,0.0,3.8937776631719316,810.923187929188,828.3337172834702,0.0,817.6815637747432,0.0,1.1910465306107199,810.1130475933041,826.4411264867929,0.0,817.6815637747432,0.0,0.009369170751597267,805.915465478224,829.4382929005108,0.0,817.6815637747432,0.0,0.25898576107488225,805.5654903891291,829.5386513992823,0.0,-0.024293008235210273,-0.023242598040029754,-0.03351912014937952,-0.036425517968418246,1.0,994.545685,1200.0,994.545685,534.462793,,,0.0,-0.028117702106312235,-0.042682007799528784,-0.002311118047089167,-9.128928797963454e-06,-2.0977435042368597e-07,0.0,0.0,0.0,-0.0099354335618699,-0.0395793738654298,-0.007377692483657228,-6.531301607992646e-06,-1.6345256653949036e-05,-0.0011886554887894363,-0.0013437530793680708,-0.001195569271118302,1.0,60.0,60.0,90.0,90.0,90.0,90.0,90.0,90.0,90.0,60.0,90.0,90.0,90.0,90.0,90.0,90.0,1.0,0.0,0.0,0.0,0.0,1.0,0.0,,792.0,1.0,0.0,0.0,0.0,,0.0,,0.0,,-1.0,0.0,0.0,0.0,0.0,1.0,0.0,0.0,0.0,0.0,,0.0,,1448.3055636530846,0.0,1448.3055636530846,144.0,363.66358461350563,365.2531120594347,0.0,3.0,4.839927900000475,1448.3055636530846,51.0,1.0,,,48.0,48.0,,,,,2.0,2.0,300.0,300.0,2.0,2.0,,,,,1.0,1.0,10.0,10.0,56.0,56.0,56.0,56.0,56.0,56.0,62.0,50.0,62.0,50.0,0.0,0.0,0.0,0.0,0.0,1294.545685,1500.0,1294.545685,834.462793,37,6840.0,60.0,60.0,60.0,90.0,90.0,90.0,90.0,90.0,90.0,60.0,90.0,60.0,90.0,90.0,90.0,90.0,90.0,90.0
1487.6061878004937,5634.462793,0.0,0.0,0.0,0.0,0.0,0.0,0.0,0.0,0.0,0.0,0.0,0.0,0.0,0.0,0.0,0.0,0.0,0.0,0.0,0.0,0.0,0.0,0.0,0.0,0.0,0.0,0.0,0.0,0.0,0.0,0.0,0.0,0.0,0.0,0.0,0.0,0.0,0.0,0.0,0.0,0.0,0.0,0.0,0.0,0.0,0.0,0.0,0.0,0.0,0.0,0.0,0.0,0.0,0.0,0.0,0.0,0.0,0.0,0.0,0.0,0.0,0.0,0.0,0.0,0.0,0.0,0.0,0.0,0.0,0.0,0.0,0.0,0.0,0.0,0.0,0.0,0.0,0.0,0.0,0.0,0.0,0.0,0.0,0.0,0.0,0.0,0.0,0.0,0.0,0.0,0.0,0.0,1142.058,1487.6061878004937,-2932.8180023014147,6000.0,1200.0,3.0,163.78420411197584,375.9315187382637,212.14731462628788,14746.396536548815,0.9844158542721568,0.0,2031.2952122017668,2314.287577215514,1438.8750071183663,4190.3000091489885,11.0,-2932.8180023014147,4800.0,938.3333973634814,1438.8750071183663,1438.8750071183663,4190.3000091489885,1.0,0.0,0.0,49.0,5.0,0.0,1.0,49.0,,0.0,5.0,0.0,,1.0,,,,11.570797529406036,887.9837813992114,0.0,1.0,0.0,,1.0,0.0,1.0,5.0,4.0,0.0,0.0,,9.0,802.4957784880386,49.0,0.0,221.10683700092716,27.0,802.4957784880386,,,,,0.0,0.0,,,,,,,,,,,,,0.0,1438.8750071183663,4052.724469202177,9.0,-2932.8180023014147,4500.0,949.9041948928874,1438.8750071183663,1438.8750071183663,4052.724469202177,1.0,0.0,0.0,,,,12.0,1670.815859930194,83.54079299650971,0.0,1826.3171787626927,0.0,1.0,0.0,1.0,1.0,1.0,1.0,0.0,0.0,0.0,0.0,0.0,1826.3171787626927,375.9315187382637,0.0,0.0,0.0,938.3333973634814,383.16634704474956,383.16634704474956,0.0,1.0,887.9837813992114,0.0,1.0,91.31585893813464,1.0,0.0,1.0,0.0,0.0,1.0,1826.3171787626927,1.0,0.0,1826.3171787626927,0.0,1.0,1731.9094651980672,14042.0,14042.0,14042.0,5750.25,5750.25,5750.25,4093.6,4093.6,4093.6,3.0,23885.85,23885.85,23885.85,1487.6061878004937,5634.462793,0.0,0.0,220.0,0.0,217.3384113623149,1.0,0.0,217.3384113623149,10.866920568115745,0.5,0.005119937768305909,0.0,2.5599688841529544,-2932.8180023014147,3500.0,-3315.000000000001,37566.666666666664,-22100.000000000004,5635.000000000001,,,,,,,,,,-935.4013420595171,1.0,9346.456838944632,-6236.008947063447,1401.968525841695,0.0,,,,,4093.6,1200.0,6000.0,4071.4725386052764,0.5414148668439608,0.45858513315603927,6000.0,1826.3171787626927,1731.9094651980672,1.0,0.0,1487.6061878004937,0.0,5634.462793,1.0,1.0,1.0,1.0,1826.3171787626927,1487.6061878004937,5634.462793,1.0,0.0,375.9315187382637,125.31050624608791,1487.6061878004937,0.0,3536.556845765527,1487.6061878004937,5634.462793,115.30809673744096,1.0,0.0,0.0,-60.412065652034016,125.31050624608791,3.0,,,,,,,,,,,,,,6.0,0.0,1.0,0.37267080745341613,0.09439241483158578,0.0,0.0,1.0,0.8393922452329166,0.8393922452329166,0.0,1487.6061878004937,5634.462793,-2932.8180023014147,4800.0,1826.3171787626927,1438.8750071183663,1438.8750071183663,4190.3000091489885,0.0,1.0,0.0,1.0,0.0,0.0,,,14746.396536548815,0.0,1826.3171787626927,0.0,5.0,0.005119937768305909,0.0,1487.6061878004937,1487.6061878004937,9917.374585336624,-0.0012796574218114642,-0.06510705029038,-0.11595525179849689,0.14571804474962136,0.25448449101655746,6.0,1.0,56.0,56.0,56.0,62.0,62.0,19.0,1.0,6.0,0.0,0.0,793.9030266255489,1.0,15.470566113777522,806.0979752215111,797.1786441433644,1.0,793.9030266255489,0.0,5.964167032818295,793.9030266255489,799.8671936583672,0.0,793.9030266255489,0.0,21.52518954888319,808.2050996660262,801.1261431339549,1.0,793.9030266255489,0.0,13.672231829636758,795.2161434392558,806.2621416414788,1.0,0.017747658150873938,-0.018244756392699107,0.013083035967985612,-0.021343766033832614,1.0,1294.545685,1500.0,1294.545685,834.462793,,,0.0,0.08113890792820798,0.028560983039307073,0.00020576485067067552,-2.0626275556878683e-06,0.00011452215599092597,0.0,0.0,0.0,-0.007783004132935645,-0.045158662623735066,-0.0015707439783341215,-5.092268953603707e-05,-2.0081086387335744e-05,0.0,0.0,0.0,1.0,60.0,60.0,90.0,90.0,90.0,90.0,90.0,90.0,90.0,60.0,90.0,90.0,90.0,90.0,90.0,90.0,0.0,0.0,0.0,0.0,0.0,1.0,0.0,,755.0,1.0,0.0,0.0,0.0,,0.0,,0.0,,-1.0,0.0,0.0,0.0,0.0,1.0,0.0,0.0,0.0,0.0,,0.0,,1487.6061878004937,0.0,1487.6061878004937,168.0,375.9315187382637,379.19670480780394,0.0,2.0,4.781705599998531,1487.6061878004937,51.0,1.0,,,48.0,42.0,,,,,2.0,2.0,300.0,300.0,2.0,2.0,,,,,1.0,1.0,10.0,10.0,56.0,56.0,56.0,56.0,57.0,55.0,56.0,56.0,56.0,56.0,0.0,0.0,0.0,0.0,0.0,1500.0,1500.0,1500.0,1134.462793,38,7020.0,60.0,60.0,60.0,90.0,90.0,90.0,90.0,90.0,90.0,60.0,90.0,60.0,90.0,90.0,90.0,90.0,90.0,90.0
1450.8074747602418,4434.462793,0.0,0.0,0.0,0.0,0.0,0.0,0.0,0.0,0.0,0.0,0.0,0.0,0.0,0.0,0.0,0.0,0.0,0.0,0.0,0.0,0.0,0.0,0.0,0.0,0.0,0.0,0.0,0.0,0.0,0.0,0.0,0.0,0.0,0.0,0.0,0.0,0.0,0.0,0.0,0.0,0.0,0.0,0.0,0.0,0.0,0.0,0.0,0.0,0.0,0.0,0.0,0.0,0.0,0.0,0.0,0.0,0.0,0.0,0.0,0.0,0.0,0.0,0.0,0.0,0.0,0.0,0.0,0.0,0.0,0.0,0.0,0.0,0.0,0.0,0.0,0.0,0.0,0.0,0.0,0.0,0.0,0.0,0.0,0.0,0.0,0.0,0.0,0.0,0.0,0.0,0.0,0.0,1142.058,1480.5574747602418,-2892.218402966233,6000.0,1200.0,3.0,160.5668212304181,391.68406053197396,231.11723930155586,13450.287738562009,0.9843756835861573,0.0,2110.1680595183193,2350.655837997952,1450.8074747602418,4434.462793,6.0,-2892.218402966233,4093.6,887.4349156214827,1450.8074747602418,1450.8074747602418,4434.462793,1.0,0.0,0.0,49.0,5.0,0.0,1.0,49.0,0.0,0.0,5.0,0.0,1.0,1.0,2374.8685471706895,-2892.218402966233,4093.6,0.0,1487.433631549207,0.0,1.0,0.0,1.0,1.0,0.0,1.0,5.0,4.0,0.0,0.0,1450.8074747602418,6.0,828.514076471233,49.0,0.0,173.1720335292099,24.0,828.514076471233,-2892.218402966233,4093.6,1450.8074747602418,4434.462793,0.0,0.0,,,,,,,,,,,,,0.0,1450.8074747602418,4434.462793,24.0,-2093.191102595454,4093.6,887.4349156214827,1450.8074747602418,1450.8074747602418,4434.462793,1.0,0.0,0.0,-2892.218402966233,4093.6,1.0,12.0,93.88710354737101,4.694355177368551,0.0,2374.8685471706895,0.0,1.0,0.0,1.0,1.0,1.0,1.0,0.0,0.0,0.0,0.0,0.0,2374.8685471706895,398.17617506720075,0.0,0.0,0.0,887.4349156214827,391.68406053197396,391.68406053197396,0.0,1.0,1487.433631549207,0.0,0.0,118.74342735853448,0.0,0.0,0.0,0.0,0.0,0.0,2374.8685471706895,1.0,0.0,2374.8685471706895,0.0,1.0,873.4652592703496,14042.0,14042.0,14042.0,5750.25,5750.25,5750.25,4093.6,4093.6,4093.6,3.0,23885.85,23885.85,23885.85,-2892.218402966233,4093.6,1.0,0.0,220.0,0.0,185.50602347528894,1.0,0.0,185.50602347528894,9.275301173764447,0.5,0.0010793977767325968,0.0,0.5396988883662984,-2892.218402966233,3500.0,-3315.000000000001,37566.666666666664,-22100.000000000004,5635.000000000001,0.15000000000000002,0.0,1559.4957772689004,1123.4140690210902,1559.4957772689004,1123.4140690210902,1.0,1.0,0.0,-958.0562935644434,1.0,9659.714449738194,-6387.041957096289,1448.9571674607294,0.0,-2892.218402966233,0.0,0.0,-2892.218402966233,4093.6,1200.0,6000.0,3308.84513897515,0.43177151208030745,0.5682284879196926,6000.0,887.4349156214827,873.4652592703496,1.0,,1480.5574747602418,,5934.462793,1.0,,1.0,1.0,2374.8685471706895,,,0.0,0.0,391.68406053197396,130.561353510658,1450.8074747602418,0.0,3874.143364438512,1450.8074747602418,4434.462793,120.08829697269728,1.0,0.0,0.0,-57.49133164378662,132.72539168906692,3.0,-4343.025877726475,-4343.025877726475,-340.8627929999998,1.0,1.0,1.0,0.0,0.0,0.0,0.0,0.0,0.0,1.0,6.0,0.0,1.0,0.37267080745341613,0.23228216726321071,0.0,0.0,1.0,0.8206229551094596,0.8206229551094596,0.0,1450.8074747602418,4434.462793,-2892.218402966233,4093.6,887.4349156214827,1450.8074747602418,1450.8074747602418,4434.462793,1.0,0.0,0.0,0.0,0.0,0.0,-2892.218402966233,4093.6,13450.287738562009,0.0,887.4349156214827,0.0,5.0,0.0010793977767325968,0.0,-2892.218402966233,1450.8074747602418,9672.049831734945,0.0891074724357026,-0.03685622920641474,-0.002490715444410559,-0.239859208161113,0.3411674058748334,6.0,1.0,56.0,56.0,57.0,56.0,56.0,20.0,1.0,6.0,0.0,0.0,868.73390893274,0.0,15.862172044982117,868.73390893274,852.8717368877578,0.0,868.73390893274,0.0,30.92051914389367,868.73390893274,837.8133897888463,0.0,868.73390893274,0.0,25.84332782983074,868.73390893274,842.8905811029092,0.0,868.73390893274,0.0,6.802688919565298,900.6912633736473,843.579243411398,0.0,0.030697399894275324,0.09338945976600413,0.05471610198612917,0.07213216439129602,1.0,1500.0,1500.0,1500.0,1134.462793,1.3578501768511224,0.8746239079026739,0.0,0.024145819006174917,0.07390580052721063,0.0,0.0026715601558301217,0.0001105737732601142,0.0,0.0,0.0,0.23244762120772577,0.5947353387613155,-0.0006955759660939976,0.00047988164935759415,-0.0055441397086397615,0.01756723630297401,0.2448326690148626,0.0,1.0,60.0,60.0,90.0,90.0,90.0,90.0,90.0,90.0,90.0,60.0,90.0,90.0,90.0,90.0,90.0,90.0,0.0,0.0,0.0,0.0,0.0,1.0,10.0,5.0,903.0,1.0,10.0,1.0,1559.4957772689004,1450.8074747602418,1123.4140690210902,1450.8074747602418,-2892.218402966233,-2892.218402966233,2.0,2.0,0.0,218.37297867719917,0.0,1.0,0.0,0.0,0.0,1232.4344960830426,1450.8074747602418,-4124.652899049275,1450.8074747602418,1450.8074747602418,-2892.218402966233,218.37297867719917,112.0,391.68406053197396,393.0281840329959,0.0,2.0,5.596640999996453,1450.8074747602418,51.0,1.0,1767.4998618519464,2326.1001381480537,36.0,42.0,,0.65,,1.2401549706904986,2.0,2.0,300.0,300.0,2.0,2.0,2400.0,2034.4627930000001,2400.0,2034.4627930000001,1.0,1.0,10.0,10.0,52.0,60.0,56.0,56.0,62.0,50.0,62.0,50.0,62.0,50.0,0.0,0.0,0.0,0.0,0.0,1200.0,1200.0,1200.0,834.462793,39,7200.0,60.0,60.0,60.0,90.0,90.0,90.0,90.0,90.0,90.0,50.0,80.0,50.0,90.0,90.0,90.0,90.0,80.0,90.0
1455.626547570195,4434.462793,0.0,0.0,0.0,0.0,0.0,0.0,0.0,0.0,0.0,0.0,0.0,0.0,0.0,0.0,0.0,0.0,0.0,0.0,0.0,0.0,0.0,0.0,0.0,0.0,0.0,0.0,0.0,0.0,0.0,0.0,0.0,0.0,0.0,0.0,0.0,0.0,0.0,0.0,0.0,0.0,0.0,0.0,0.0,0.0,0.0,0.0,0.0,0.0,0.0,0.0,0.0,0.0,0.0,0.0,0.0,0.0,0.0,0.0,0.0,0.0,0.0,0.0,0.0,0.0,0.0,0.0,0.0,0.0,0.0,0.0,0.0,0.0,0.0,0.0,0.0,0.0,0.0,0.0,0.0,0.0,0.0,0.0,0.0,0.0,0.0,0.0,0.0,0.0,0.0,0.0,0.0,0.0,1142.058,3500.0,-2964.309264154703,6000.0,1200.0,3.0,156.2704082842523,407.57188756015086,251.30147927589854,12916.571326258287,0.98543717459799,0.0,2150.9929521872978,2410.1952813005964,1455.626547570195,4434.462793,48.0,3500.0,4800.0,865.4466950963309,1455.626547570195,1455.626547570195,4434.462793,1.0,0.0,0.0,50.0,6.0,1.0,0.0,75.0,0.0,0.0,11.0,1.0,1.0,1.0,865.5820748996557,3500.0,4800.0,0.0,635.8247342844371,0.0,1.0,0.0,1.0,1.0,1.0,0.0,6.0,4.0,0.0,0.0,1455.626547570195,18.0,779.6627043534008,50.0,0.0,210.84749769422945,47.0,779.6627043534008,3500.0,4800.0,1455.626547570195,4434.462793,25.0,5.0,1.0,0.0,1.0,5.0,4.0,12.0,779.6627043534008,25.0,1.9322008117420637,210.84749769422945,11.0,781.5949051651429,1.0,1455.626547570195,4434.462793,5.0,1466.126547570195,5634.462793,865.4466950963309,1455.626547570195,1455.626547570195,4434.462793,1.0,0.0,0.0,1543.7758531257505,4800.0,1.0,12.0,25.83051580611663,1.2915257903058315,0.0,1501.271429380768,0.0,1.0,0.0,1.0,1.0,1.0,1.0,0.0,0.0,0.0,0.0,0.0,1501.271429380768,408.78136287579696,0.0,0.0,0.0,865.4466950963309,407.57188756015086,407.57188756015086,0.0,1.0,635.8247342844371,0.0,0.0,75.06357146903841,0.0,0.0,0.0,0.0,0.0,0.0,1501.271429380768,1.0,0.0,1501.271429380768,0.0,1.0,840.4385333937848,14042.0,13050.8,14042.0,5750.25,5344.35,5750.25,4093.6,3804.6400000000003,4093.6,3.0,23885.85,22199.79,23885.85,3500.0,4800.0,1.0,0.0,220.0,0.0,474.3327182448051,1.0,0.0,474.3327182448051,23.716635912240257,0.5,0.001160783953688399,0.0,0.5803919768441995,-2964.309264154703,3500.0,-3315.000000000001,37566.666666666664,-22100.000000000004,5635.000000000001,0.15000000000000002,0.0,1543.7758531257505,1175.0805501694902,1543.7758531257505,1175.0805501694902,1.0,1.0,0.0,-916.4847704809154,1.0,9392.12957000471,-6109.898469872768,1408.8194355007067,0.0,1543.7758531257505,1.0,1956.2241468742495,3500.0,4093.6,1200.0,6000.0,4123.121003157975,0.43263935671969084,0.5673606432803092,6000.0,865.4466950963309,840.4385333937848,1.0,,1466.126547570195,,5634.462793,1.0,,1.0,1.0,1501.271429380768,,,0.0,0.0,407.57188756015086,135.85729585338362,1455.626547570195,0.0,3599.6131071956233,1455.626547570195,4434.462793,124.51532412116413,1.0,0.0,0.0,-57.27108425565336,136.26045429193232,3.0,2044.373452429805,2044.373452429805,365.5372070000003,1.0,1.0,1.0,0.0,0.0,0.0,0.0,0.0,0.0,1.0,6.0,0.0,1.0,0.37267080745341613,0.16573587029779668,0.0,0.0,1.0,0.853788405623085,0.853788405623085,0.0,1455.626547570195,4434.462793,3500.0,4800.0,865.4466950963309,1455.626547570195,1455.626547570195,4434.462793,1.0,0.0,0.0,0.0,0.0,0.0,1543.7758531257505,4800.0,12916.571326258287,0.0,865.4466950963309,0.0,5.0,0.001160783953688399,0.0,3500.0,1455.626547570195,9704.176983801299,-0.022959048367470352,-0.08445543944294105,0.019572371384769013,-0.055587680848855556,0.07415403990254413,6.0,1.0,52.0,56.0,62.0,62.0,62.0,21.0,1.0,6.0,1.0,0.0,774.1196202337717,1.0,50.06374475428174,817.4447223202363,780.8582629015887,1.0,774.1196202337717,0.0,0.9986553946132517,766.0557484688046,783.1821473933521,0.0,774.1196202337717,1.0,64.67486576835472,828.697087123872,784.2170191120262,1.0,774.1196202337717,0.0,1.0488339312094013,758.8447054022588,788.3457011340752,0.0,0.05245119242053688,-0.024843516402385316,0.057822480603920826,-0.04530183703741397,1.0,1200.0,1200.0,1200.0,834.462793,0.8667727384842715,0.9673677963192296,0.0,0.009886504237717017,-0.010445905967223008,-0.006162431703546645,-0.0052948924716304194,0.002942917042791748,0.004317724561427383,0.008154868242270652,-0.0008427922769385532,-0.014283214083189222,-0.12518261634086086,-0.012744911749815912,-0.007963379729682174,-0.00887798463381273,-0.006682049455702099,-0.021862417373026945,-0.005158942255383181,1.0,60.0,60.0,90.0,90.0,90.0,90.0,90.0,90.0,80.0,50.0,90.0,90.0,90.0,90.0,80.0,90.0,0.0,0.0,0.0,0.0,0.0,1.0,0.0,0.0,802.0,1.0,0.0,1.0,1543.7758531257505,1455.626547570195,1175.0805501694902,1455.626547570195,1543.7758531257505,1543.7758531257505,2.0,2.0,10.0,-88.14930555555543,0.0,1.0,0.0,0.0,0.0,1543.7758531257505,1455.626547570195,0.0,1455.626547570195,1455.626547570195,1543.7758531257505,-88.14930555555543,104.0,407.57188756015086,409.60295572568936,0.0,3.0,5.063673999997263,1455.626547570195,51.0,1.0,2076.668912254516,2723.331087745484,48.0,47.0,0.65,0.65,1.1947192231903383,1.0411351783488738,2.0,2.0,300.0,300.0,2.0,2.0,1800.0,2634.4627929999997,1800.0,2634.4627929999997,1.0,1.0,10.0,10.0,52.0,60.0,56.0,56.0,62.0,50.0,68.0,44.0,56.0,56.0,0.0,0.0,0.0,0.0,0.0,900.0,1500.0,900.0,1134.462793,40,7380.0,60.0,60.0,60.0,90.0,90.0,90.0,90.0,90.0,90.0,60.0,80.0,60.0,90.0,90.0,90.0,90.0,80.0,90.0
1304.841097908583,5334.462793,0.0,0.0,0.0,0.0,0.0,0.0,0.0,0.0,0.0,0.0,0.0,0.0,0.0,0.0,0.0,0.0,0.0,0.0,0.0,0.0,0.0,0.0,0.0,0.0,0.0,0.0,0.0,0.0,0.0,0.0,0.0,0.0,0.0,0.0,0.0,0.0,0.0,0.0,0.0,0.0,0.0,0.0,0.0,0.0,0.0,0.0,0.0,0.0,0.0,0.0,0.0,0.0,0.0,0.0,0.0,0.0,0.0,0.0,0.0,0.0,0.0,0.0,0.0,0.0,0.0,0.0,0.0,0.0,0.0,0.0,0.0,0.0,0.0,0.0,0.0,0.0,0.0,0.0,0.0,0.0,0.0,0.0,0.0,0.0,0.0,0.0,0.0,0.0,0.0,0.0,0.0,0.0,1142.058,1304.841097908583,-2958.948984290955,6000.0,1200.0,3.0,158.4158074720841,407.33594567060817,248.92013819852406,12441.52932984362,0.9874101482338482,0.0,1754.7730474675668,1974.603017060644,1304.841097908583,4734.462793,0.0,1304.841097908583,5334.462793,805.3980426891819,1304.841097908583,1304.841097908583,4734.462793,1.0,0.0,0.0,49.0,5.0,0.0,1.0,49.0,,0.0,5.0,0.0,,1.0,,,,9.80749603684285,261.0271105122845,0.0,1.0,0.0,,1.0,0.0,1.0,5.0,4.0,0.0,0.0,,12.0,723.0595276021608,49.0,0.0,238.03351067764504,30.0,723.0595276021608,,,,,0.0,0.0,,,,,,,,,,,,,0.0,1260.0702645752494,4593.59173101018,12.0,-2958.948984290955,4917.231396499999,815.2055387260248,1260.0702645752494,1260.0702645752494,4593.59173101018,1.0,0.0,0.0,,,,18.0,760.2929457766617,38.01464728883308,0.0,1066.4251532014664,0.0,1.0,0.0,1.0,1.0,1.0,1.0,0.0,0.0,0.0,0.0,0.0,1066.4251532014664,407.33594567060817,0.0,0.0,0.0,805.3980426891819,410.4792430944197,410.4792430944197,0.0,1.0,261.0271105122845,0.0,1.0,53.32125766007332,1.0,0.0,1.0,0.0,0.0,1.0,1066.4251532014664,1.0,0.0,1066.4251532014664,0.0,1.0,1017.2035661750408,14042.0,9086.0,14042.0,5750.25,3720.7500000000005,5750.25,4093.6,2648.8,4093.6,3.0,23885.85,15455.550000000003,23885.85,1304.841097908583,5334.462793,0.0,0.0,220.0,0.0,224.1387947518504,1.0,0.0,224.1387947518504,11.20693973759252,0.5,0.004980782269173287,0.0,2.490391134586644,-2958.948984290955,3500.0,-3315.000000000001,37566.666666666664,-22100.000000000004,5635.000000000001,,,,,,,,,,-936.9998749570614,1.0,8390.450752947378,-6246.665833047075,1258.5676129421067,0.0,,,,,4093.6,1200.0,6000.0,4046.86398696538,0.5538969891529731,0.44610301084702686,6000.0,1066.4251532014664,1017.2035661750408,1.0,0.0,1304.841097908583,0.0,5334.462793,1.0,1.0,1.0,1.0,1066.4251532014664,1304.841097908583,5334.462793,1.0,0.0,407.33594567060817,135.7786485568694,1304.841097908583,0.0,3517.5618719768217,1304.841097908583,5334.462793,129.5617874506981,1.0,0.0,0.0,-59.560578905236355,135.7786485568694,3.0,,,,,,,,,,,,,,6.0,0.0,1.0,0.37267080745341613,0.10057764929144541,0.0,0.0,1.0,0.8502729196859835,0.8502729196859835,0.0,1304.841097908583,5334.462793,1304.841097908583,5334.462793,1066.4251532014664,1304.841097908583,1304.841097908583,4734.462793,0.0,1.0,0.0,1.0,0.0,0.0,,,12441.52932984362,0.0,1066.4251532014664,0.0,5.0,0.004980782269173287,0.0,1304.841097908583,1304.841097908583,8698.940652723884,-0.04050120401898713,-0.0766044829654587,-0.03418757958939504,0.2745828171280979,0.19559771046899027,6.0,1.0,52.0,56.0,62.0,68.0,56.0,22.0,1.0,6.0,0.0,0.0,741.9764854254216,0.0,0.8252117928641383,732.134066409951,752.6441162337564,0.0,741.9764854254216,0.0,7.564047914683897,741.9764854254216,749.5405333401055,0.0,741.9764854254216,0.0,1.3592810692691728,723.7218528715485,758.8718369100256,0.0,741.9764854254216,0.0,44.56886116453552,771.9845219923371,756.5373100230416,1.0,-0.02958241998092355,-0.02723194978937679,-0.05347872809764179,0.014601363952152915,1.0,900.0,1500.0,900.0,1134.462793,,,0.0,-0.010257546211271774,-0.012928009870504555,-0.015096351158237552,-0.013877742169802332,-0.014994881807166394,-0.011493432691179351,-0.010764346349964172,-0.008721560139895246,-0.028183237316961395,-0.003908244768608427,-0.017596009073980668,-0.009129644376446321,-0.009801273021743384,-0.0034376393067091725,-0.012170515565059502,-0.0029508102616318866,1.0,60.0,60.0,90.0,90.0,90.0,90.0,90.0,90.0,80.0,60.0,90.0,90.0,90.0,90.0,80.0,90.0,1.0,0.0,0.0,0.0,0.0,1.0,0.0,,690.0,1.0,0.0,0.0,0.0,,0.0,,0.0,,-1.0,0.0,0.0,0.0,0.0,1.0,0.0,0.0,0.0,0.0,,0.0,,1304.841097908583,0.0,1304.841097908583,112.0,407.33594567060817,408.51985417356775,0.0,2.0,4.878024400000868,1304.841097908583,51.0,1.0,,,48.0,42.0,,,,,2.0,2.0,300.0,300.0,2.0,2.0,,,,,1.0,1.0,10.0,10.0,52.0,60.0,56.0,56.0,62.0,50.0,62.0,50.0,50.0,62.0,0.0,0.0,0.0,0.0,0.0,1200.0,1500.0,1200.0,1434.462793,41,7560.0,60.0,60.0,60.0,90.0,90.0,90.0,90.0,90.0,90.0,60.0,80.0,60.0,90.0,90.0,90.0,90.0,80.0,90.0
1085.185154578705,5334.462793,0.0,0.0,0.0,0.0,0.0,0.0,0.0,0.0,0.0,0.0,0.0,0.0,0.0,0.0,0.0,0.0,0.0,0.0,0.0,0.0,0.0,0.0,0.0,0.0,0.0,0.0,0.0,0.0,0.0,0.0,0.0,0.0,0.0,0.0,0.0,0.0,0.0,0.0,0.0,0.0,0.0,0.0,0.0,0.0,0.0,0.0,0.0,0.0,0.0,0.0,0.0,0.0,0.0,0.0,0.0,0.0,0.0,0.0,0.0,0.0,0.0,0.0,0.0,0.0,0.0,0.0,0.0,0.0,0.0,0.0,0.0,0.0,0.0,0.0,0.0,0.0,0.0,0.0,0.0,0.0,0.0,0.0,0.0,0.0,0.0,0.0,0.0,0.0,0.0,0.0,0.0,0.0,1142.058,1109.0844601342603,-2944.8539976601487,6000.0,1200.0,3.0,150.24099544323252,384.54781046968486,234.30681502645234,10373.508639675352,0.9886891713517321,0.0,1412.5561894819527,1642.131541105836,1085.185154578705,5334.462793,14.0,-2944.8539976601487,5700.0,683.0061644331555,1085.185154578705,1085.185154578705,5334.462793,1.0,0.0,0.0,49.0,5.0,0.0,1.0,49.0,0.0,0.0,5.0,0.0,1.0,1.0,1101.5929676090898,-2944.8539976601487,5700.0,0.0,418.5868031759343,0.0,1.0,0.0,1.0,1.0,0.0,1.0,5.0,4.0,0.0,0.0,1085.185154578705,14.0,636.4610786279328,49.0,0.0,251.0276909379828,30.0,636.4610786279328,-2944.8539976601487,5700.0,1085.185154578705,5334.462793,0.0,0.0,,,,,,,,,,,,,0.0,1085.185154578705,5334.462793,30.0,-2139.24724795263,5700.0,683.0061644331555,1085.185154578705,1085.185154578705,5334.462793,1.0,0.0,0.0,-2944.8539976601487,5700.0,1.0,12.0,56.653506949811465,2.8326753474905733,0.0,1101.5929676090898,0.0,1.0,0.0,1.0,1.0,1.0,1.0,0.0,0.0,0.0,0.0,0.0,1101.5929676090898,388.018353147546,0.0,0.0,0.0,683.0061644331555,384.54781046968486,384.54781046968486,0.0,1.0,418.5868031759343,0.0,0.0,55.07964838045449,0.0,0.0,0.0,0.0,0.0,0.0,1101.5929676090898,1.0,0.0,1101.5929676090898,0.0,1.0,675.3365307524662,12059.6,5121.2,12059.6,4938.450000000001,2097.15,4938.450000000001,3515.6800000000003,1492.96,3515.6800000000003,3.0,20513.730000000003,8711.310000000001,20513.730000000003,-2944.8539976601487,5700.0,1.0,0.0,220.0,0.0,96.73916666397665,1.0,0.0,96.73916666397665,4.836958333198833,0.5,0.0,0.0,0.0,-2944.8539976601487,3500.0,-3315.000000000001,37566.666666666664,-22100.000000000004,5635.000000000001,0.15000000000000002,0.0,1113.1400156898158,936.5865195228113,1113.1400156898158,936.5865195228113,1.0,1.0,0.0,-884.0644172293405,1.0,6671.544844789245,-5893.762781528936,1000.7317267183869,0.0,-2944.8539976601487,0.0,0.0,-2944.8539976601487,3515.6800000000003,1200.0,6000.0,2781.850212887663,0.5390115838117605,0.46098841618823955,6000.0,683.0061644331555,675.3365307524662,1.0,,1109.0844601342603,,6000.0,1.0,,1.0,1.0,1101.5929676090898,,,0.0,0.0,384.54781046968486,128.18260348989494,1085.185154578705,0.0,3437.6835977122128,1085.185154578705,5334.462793,135.18056954048484,1.0,0.0,0.0,-55.983262879308484,129.339451049182,3.0,-4030.0391522388536,-4030.0391522388536,365.5372070000003,1.0,1.0,1.0,0.0,0.0,0.0,0.0,0.0,0.0,1.0,6.0,0.0,1.0,0.1788819875776396,0.20248831710035353,0.0,0.0,1.0,0.8477351662613872,0.8477351662613872,0.0,1085.185154578705,5334.462793,-2944.8539976601487,5700.0,683.0061644331555,1085.185154578705,1085.185154578705,5334.462793,1.0,0.0,0.0,0.0,0.0,0.0,-2944.8539976601487,5700.0,10373.508639675352,0.0,683.0061644331555,1.0,1.0,0.00035637718636243287,0.0,-2944.8539976601487,1085.185154578705,7234.5676971913645,-0.010127120778302986,-0.07213696960002429,0.012563427483366734,0.00799802061164101,-0.14711085548712313,6.0,1.0,52.0,56.0,62.0,62.0,50.0,23.0,1.0,6.0,0.0,0.0,694.3206712543073,0.0,0.8659725147947483,685.5694465620654,703.9378684613439,0.0,694.3206712543073,0.0,26.64522823843504,694.3206712543073,667.6754430158722,0.0,694.3206712543073,0.0,2.5849426397765,682.4487777588718,708.7775073895193,0.0,694.3206712543073,0.0,40.08271653892962,702.751338607319,645.807287362366,0.0,-0.02853429061889519,0.06429055312168336,-0.04271795642558708,0.11334364786024545,1.0,1200.0,1500.0,1200.0,1434.462793,1.0,0.8884276948895719,0.0,-0.009021997300778396,-0.011004344779191655,-0.01680482416168516,-0.01633446213166394,-0.018856422426097197,-0.009625418721606138,-0.009474307944441308,-0.007824563779252003,-0.07168741567639997,-0.025078158948903,-0.06838549964464491,-0.00011239317494187162,-0.15281128400050648,0.0,-0.028351773195777953,0.0,1.0,60.0,60.0,90.0,90.0,90.0,90.0,90.0,90.0,80.0,60.0,90.0,90.0,90.0,90.0,80.0,90.0,0.0,0.0,0.0,0.0,0.0,1.0,10.0,5.0,665.0,1.0,10.0,1.0,1113.1400156898158,1085.185154578705,936.5865195228113,1085.185154578705,-2944.8539976601487,-2944.8539976601487,2.0,2.0,0.0,104.46026101414247,0.0,1.0,0.0,0.0,0.0,980.7248935645624,1085.185154578705,-3925.5788912247112,1085.185154578705,1085.185154578705,-2944.8539976601487,104.46026101414247,120.0,384.54781046968486,386.47682494487606,0.0,3.0,4.319790800000192,1085.185154578705,51.0,1.0,3000.0,2627.6339722729654,48.0,39.0,0.6068822291411924,0.65,0.980099490372858,1.2125037199578514,2.0,2.0,300.0,300.0,2.0,2.0,3000.0,2334.4627929999997,3000.0,2334.4627929999997,1.0,1.0,10.0,10.0,52.0,60.0,56.0,56.0,62.0,50.0,68.0,44.0,56.0,56.0,0.0,0.0,0.0,0.0,0.0,1500.0,1200.0,1500.0,1134.462793,42,7740.0,60.0,60.0,60.0,90.0,90.0,90.0,90.0,90.0,90.0,60.0,80.0,60.0,90.0,90.0,100.0,90.0,80.0,90.0
893.1849221404792,5934.462793,0.0,0.0,0.0,0.0,0.0,0.0,0.0,0.0,0.0,0.0,0.0,0.0,0.0,0.0,0.0,0.0,0.0,0.0,0.0,0.0,0.0,0.0,0.0,0.0,0.0,0.0,0.0,0.0,0.0,0.0,0.0,0.0,0.0,0.0,0.0,0.0,0.0,0.0,0.0,0.0,0.0,0.0,0.0,0.0,0.0,0.0,0.0,0.0,0.0,0.0,0.0,0.0,0.0,0.0,0.0,0.0,0.0,0.0,0.0,0.0,0.0,0.0,0.0,0.0,0.0,0.0,0.0,0.0,0.0,0.0,0.0,0.0,0.0,0.0,0.0,0.0,0.0,0.0,0.0,0.0,0.0,0.0,0.0,0.0,0.0,0.0,0.0,0.0,0.0,0.0,0.0,0.0,1142.058,893.1849221404792,-2952.087523121271,6000.0,1200.0,3.0,138.78777744092912,339.3984381907037,200.61066074977458,8739.903870222002,0.9888237211181735,0.0,935.3910123513418,1132.3722510466437,893.1849221404792,5934.462793,1000000.0,893.1849221404792,5934.462793,572.1477010671701,893.1849221404792,893.1849221404792,5934.462793,0.0,1.0,0.0,49.0,4.0,0.0,1.0,49.0,,0.0,4.0,0.0,,1.0,,,,18.011420695863194,19.177551706514464,0.0,1.0,0.0,,1.0,0.0,1.0,4.0,4.0,0.0,0.0,,18.0,548.6834911431922,49.0,0.0,253.12599348460685,36.0,548.6834911431922,,,,,0.0,0.0,,,,,,,,,,,,,0.0,877.021727696035,5592.367705224328,18.0,-2952.087523121271,6000.0,590.1591217630333,877.021727696035,877.021727696035,5592.367705224328,1.0,0.0,0.0,,,,12.0,54.91681268112372,2.7458406340561865,0.0,572.1477010671701,0.0,1.0,0.0,1.0,1.0,1.0,1.0,0.0,0.0,0.0,0.0,0.0,572.1477010671701,339.3984381907037,0.0,1.0,0.0,590.1591217630333,341.7344637730605,341.7344637730605,0.0,1.0,0.0,1.0,1.0,28.60738505335851,1.0,0.0,1.0,0.0,0.0,1.0,572.1477010671701,1.0,0.0,572.1477010671701,0.0,1.0,567.6579999478405,6112.4,4130.0,6112.4,2503.05,1691.25,2503.05,1781.92,1204.0,1781.92,3.0,10397.37,7025.25,10397.37,893.1849221404792,5934.462793,0.0,0.0,220.0,0.0,34.87720970546913,1.0,0.0,34.87720970546913,1.7438604852734565,0.5,0.02866248909592035,0.0,14.331244547960175,-2952.087523121271,3500.0,-3315.000000000001,37566.666666666664,-22100.000000000004,5635.000000000001,,,,,,,,,,-858.569986852142,1.0,5453.73535855184,-5723.799912347613,818.0603037827761,0.0,,,,,1781.92,1200.0,6000.0,3507.0921778234606,0.44298415203738806,0.5570158479626119,6000.0,572.1477010671701,567.6579999478405,1.0,0.0,893.1849221404792,0.0,5934.462793,1.0,1.0,1.0,1.0,572.1477010671701,893.1849221404792,5934.462793,1.0,0.0,339.3984381907037,113.13281273023456,893.1849221404792,0.0,3022.4533187181987,893.1849221404792,5934.462793,138.4937482983204,1.0,0.0,0.0,-38.280303998278725,113.13281273023456,3.0,,,,,,,,,,,,,,6.0,0.0,1.0,0.0,0.15882833029487098,0.0,0.0,1.0,0.8522602008051244,0.8522602008051244,0.0,893.1849221404792,5934.462793,893.1849221404792,5934.462793,572.1477010671701,893.1849221404792,893.1849221404792,5934.462793,0.0,1.0,0.0,1.0,0.0,0.0,,,8739.903870222002,0.0,572.1477010671701,0.0,5.0,0.02866248909592035,0.0,893.1849221404792,893.1849221404792,5954.566147603194,-0.04420318136768512,-0.07025280391955405,0.07438174995240547,0.1574950583287536,-0.25517777429749344,6.0,1.0,52.0,56.0,62.0,68.0,56.0,24.0,1.0,6.0,0.0,0.0,553.4086188309275,0.0,8.101238530705814,553.4086188309275,561.5098573616334,0.0,553.4086188309275,0.0,2.7007079000668455,546.4136119440375,563.1043336178844,0.0,553.4086188309275,0.0,10.03281296100522,553.4086188309275,563.4414317919327,0.0,553.4086188309275,0.0,2.353065959808646,541.5865453852344,567.583758236429,0.0,-0.02692393280088529,-0.023782575776439545,-0.035438802437132516,-0.040709527021177506,1.0,1500.0,1200.0,1500.0,1134.462793,,,0.0,-0.018887514914280954,-0.02136393924771056,-0.019141219029958023,-0.01630338568859315,-0.017942569977576994,-0.00043059027036065347,-0.0007766198527576762,-0.0007776089978335677,-0.00857847926487949,-0.013657229078123835,-0.014788835968118263,-0.014794605842380546,0.09126438456405167,-0.011927405234906985,-0.026689816863159875,-0.009582144403843529,1.0,60.0,60.0,90.0,90.0,90.0,90.0,90.0,90.0,80.0,60.0,90.0,90.0,100.0,90.0,80.0,90.0,0.0,0.0,0.0,0.0,0.0,1.0,0.0,,651.0,1.0,0.0,0.0,0.0,,0.0,,0.0,,-1.0,0.0,0.0,0.0,0.0,1.0,0.0,0.0,0.0,0.0,,0.0,,893.1849221404792,0.0,893.1849221404792,112.0,339.3984381907037,340.86217751100025,0.0,3.0,4.806646600001841,893.1849221404792,51.0,1.0,,,36.0,47.0,,,,,2.0,2.0,300.0,300.0,2.0,2.0,,,,,1.0,1.0,10.0,10.0,52.0,60.0,56.0,56.0,62.0,50.0,62.0,50.0,62.0,50.0,0.0,0.0,0.0,0.0,0.0,1500.0,1500.0,1500.0,1434.462793,43,7920.0,60.0,60.0,60.0,90.0,90.0,90.0,90.0,90.0,90.0,60.0,80.0,60.0,90.0,90.0,100.0,90.0,80.0,90.0
675.4510515769068,6000.0,0.0,0.0,0.0,0.0,0.0,0.0,0.0,0.0,0.0,0.0,0.0,0.0,0.0,0.0,0.0,0.0,0.0,0.0,0.0,0.0,0.0,0.0,0.0,0.0,0.0,0.0,0.0,0.0,0.0,0.0,0.0,0.0,0.0,0.0,0.0,0.0,0.0,0.0,0.0,0.0,0.0,0.0,0.0,0.0,0.0,0.0,0.0,0.0,0.0,0.0,0.0,0.0,0.0,0.0,0.0,0.0,0.0,0.0,0.0,0.0,0.0,0.0,0.0,0.0,0.0,0.0,0.0,0.0,0.0,0.0,0.0,0.0,0.0,0.0,0.0,0.0,0.0,0.0,0.0,0.0,0.0,0.0,0.0,0.0,0.0,0.0,0.0,0.0,0.0,0.0,0.0,0.0,1142.058,675.4510515769068,-2875.742532472665,6000.0,1200.0,3.0,123.60174627685166,285.67023764369526,162.0684913668436,7333.660970568289,0.9897752597891647,0.0,616.0845284747336,802.0470985081563,675.4510515769068,6000.0,1000000.0,675.4510515769068,6000.0,468.14608238225264,675.4510515769068,675.4510515769068,6000.0,0.0,1.0,0.0,49.0,4.0,0.0,1.0,49.0,,0.0,4.0,0.0,,1.0,,,,8.588834607103365,8.588834607103365,0.0,1.0,0.0,,1.0,0.0,1.0,4.0,4.0,0.0,0.0,,0.0,450.737175159116,49.0,0.0,208.1430922275436,16.0,450.737175159116,,,,,0.0,0.0,,,,,,,,,,,,,0.0,675.4510515769068,5856.2999583801375,0.0,675.4510515769068,6000.0,476.734916989356,675.4510515769068,675.4510515769068,5856.2999583801375,1.0,0.0,0.0,,,,12.0,21.715077239720145,1.0857538619860072,0.0,468.14608238225264,0.0,1.0,0.0,1.0,1.0,1.0,1.0,0.0,0.0,0.0,0.0,0.0,468.14608238225264,285.67023764369526,0.0,1.0,0.0,476.734916989356,286.24845942005015,286.24845942005015,0.0,1.0,0.0,1.0,1.0,23.407304119112634,1.0,0.0,1.0,0.0,0.0,0.0,468.14608238225264,1.0,0.0,468.14608238225264,0.0,1.0,466.8802887313512,4130.0,4130.0,4130.0,1691.25,1691.25,1691.25,1204.0,1204.0,1204.0,3.0,7025.25,7025.25,7025.25,675.4510515769068,6000.0,0.0,0.0,220.0,0.0,3.6007957783090916,1.0,0.0,3.6007957783090916,0.18003978891545458,0.5,0.03600691070268305,0.0,18.003455351341522,-2875.742532472665,3500.0,-3315.000000000001,37566.666666666664,-22100.000000000004,5635.000000000001,,,,,,,,,,-774.9218104725659,1.0,4467.126461853447,-5166.145403150438,670.0689692780171,0.0,,,,,1204.0,1200.0,6000.0,3234.7394634552998,0.47604999306335627,0.5239500069366437,6000.0,468.14608238225264,466.8802887313512,1.0,0.0,675.4510515769068,0.0,6000.0,1.0,1.0,1.0,1.0,468.14608238225264,675.4510515769068,6000.0,1.0,1.0,285.67023764369526,95.22341254789842,675.4510515769068,0.0,2703.7645955948383,675.4510515769068,6000.0,131.04710722634726,1.0,0.0,0.0,-11.354578504762117,95.22341254789842,3.0,,,,,,,,,,,,,,6.0,0.0,1.0,0.0,0.0,0.0,0.0,1.0,0.8270693125359827,0.8270693125359827,0.0,675.4510515769068,6000.0,675.4510515769068,6000.0,468.14608238225264,675.4510515769068,675.4510515769068,6000.0,0.0,1.0,0.0,1.0,0.0,0.0,,,7333.660970568289,0.0,468.14608238225264,0.0,5.0,0.03600691070268305,0.0,675.4510515769068,675.4510515769068,4503.0070105127115,-0.01566074960051167,-0.06060064809969014,0.16492207387116645,0.03622894899803519,-0.058067831834727926,6.0,1.0,52.0,56.0,62.0,62.0,62.0,25.0,1.0,6.0,0.0,0.0,447.2798695197954,0.0,9.282036435413943,447.2798695197954,456.56190595520934,0.0,447.2798695197954,0.0,3.87021918379412,447.2798695197954,451.1500887035895,0.0,447.2798695197954,0.0,10.198243024989893,447.2798695197954,457.4781125447853,0.0,447.2798695197954,0.0,8.8366059185812,445.0560460286203,458.34029892955164,0.0,-0.026590651474902624,-0.008479853566892358,-0.030335169491312115,-0.03318398040587963,1.0,1500.0,1500.0,1500.0,1434.462793,,,0.0,-0.012495724701611977,-0.017531729039099983,-0.020079539707880657,-0.016494216965664776,-0.01835377029304297,-0.0009192086756598883,-0.0015709496202561013,-0.0015524586129572527,-0.008965959010379975,-0.01408620990486149,-0.014235535490572814,-0.014471108835075698,0.09011987522820278,-0.009514067216365519,-0.02297695959286621,-0.007765064791275833,1.0,60.0,60.0,90.0,90.0,90.0,90.0,90.0,90.0,80.0,60.0,90.0,90.0,100.0,90.0,80.0,90.0,0.0,0.0,0.0,0.0,0.0,1.0,0.0,,573.0,1.0,0.0,0.0,0.0,,0.0,,0.0,,-1.0,0.0,0.0,0.0,0.0,1.0,0.0,0.0,0.0,0.0,,0.0,,675.4510515769068,0.0,675.4510515769068,112.0,285.67023764369526,286.3231281272842,0.0,2.0,3.8448415999955614,675.4510515769068,51.0,1.0,,,36.0,38.0,,,,,2.0,2.0,300.0,300.0,2.0,2.0,,,,,1.0,1.0,10.0,10.0,52.0,60.0,56.0,56.0,56.0,56.0,62.0,50.0,62.0,50.0,0.0,0.0,0.0,0.0,0.0,1500.0,1500.0,1500.0,1500.0,44,8100.0,60.0,60.0,60.0,90.0,90.0,90.0,90.0,90.0,90.0,60.0,80.0,60.0,90.0,90.0,100.0,90.0,80.0,90.0
603.9722311561671,6000.0,0.0,0.0,0.0,0.0,0.0,0.0,0.0,0.0,0.0,0.0,0.0,0.0,0.0,0.0,0.0,0.0,0.0,0.0,0.0,0.0,0.0,0.0,0.0,0.0,0.0,0.0,0.0,0.0,0.0,0.0,0.0,0.0,0.0,0.0,0.0,0.0,0.0,0.0,0.0,0.0,0.0,0.0,0.0,0.0,0.0,0.0,0.0,0.0,0.0,0.0,0.0,0.0,0.0,0.0,0.0,0.0,0.0,0.0,0.0,0.0,0.0,0.0,0.0,0.0,0.0,0.0,0.0,0.0,0.0,0.0,0.0,0.0,0.0,0.0,0.0,0.0,0.0,0.0,0.0,0.0,0.0,0.0,0.0,0.0,0.0,0.0,0.0,0.0,0.0,0.0,0.0,0.0,1142.058,603.9722311561671,-2771.9298307938193,6000.0,1200.0,3.0,109.40901125559924,235.3525898681575,125.94357861255826,6122.5791770877295,0.990990329579253,0.0,378.8356402620905,538.4638520713133,603.9722311561671,6000.0,1000000.0,603.9722311561671,6000.0,379.5883511915669,603.9722311561671,603.9722311561671,6000.0,0.0,1.0,0.0,49.0,4.0,0.0,1.0,49.0,,0.0,4.0,0.0,,1.0,,,,3.497018774477567,3.497018774477567,0.0,1.0,0.0,,1.0,0.0,1.0,4.0,4.0,0.0,0.0,,0.0,367.4047814065405,49.0,0.0,177.6823187274918,16.0,367.4047814065405,,,,,0.0,0.0,,,,,,,,,,,,,0.0,603.9722311561671,5936.703458967724,0.0,603.9722311561671,6000.0,383.0853699660445,603.9722311561671,603.9722311561671,5936.703458967724,1.0,0.0,0.0,,,,12.0,0.0,0.0,0.0,379.5883511915669,0.0,1.0,0.0,1.0,1.0,1.0,1.0,0.0,0.0,0.0,0.0,0.0,379.5883511915669,235.3525898681575,0.0,1.0,0.0,383.0853699660445,235.71456163289798,235.71456163289798,0.0,1.0,0.0,1.0,1.0,18.979417559578348,1.0,0.0,1.0,0.0,0.0,0.0,379.5883511915669,1.0,0.0,379.5883511915669,0.0,1.0,379.5883511915669,4130.0,4130.0,4130.0,1691.25,1691.25,1691.25,1204.0,1204.0,1204.0,3.0,7025.25,7025.25,7025.25,603.9722311561671,6000.0,0.0,0.0,220.0,0.0,0.0,1.0,0.0,0.0,0.0,0.5,0.013572540608922098,0.0,6.786270304461049,-2771.9298307938193,3500.0,-3315.000000000001,37566.666666666664,-22100.000000000004,5635.000000000001,,,,,,,,,,-716.8579471227386,1.0,3988.8814769731753,-4779.052980818256,598.3322215459764,0.0,,,,,1204.0,1200.0,6000.0,5232.997084876565,0.48945057649462065,0.5105494235053794,6000.0,379.5883511915669,379.5883511915669,1.0,0.0,603.9722311561671,0.0,6000.0,1.0,1.0,1.0,1.0,379.5883511915669,603.9722311561671,6000.0,1.0,1.0,235.3525898681575,78.45086328938584,603.9722311561671,0.0,2354.068249891433,603.9722311561671,6000.0,113.41131562105062,1.0,1.0,1.0,11.486927185671789,78.45086328938584,3.0,,,,,,,,,,,,,,6.0,0.0,1.0,0.0,0.0,0.0,0.0,1.0,0.7909774915483282,0.7909774915483282,0.0,603.9722311561671,6000.0,603.9722311561671,6000.0,379.5883511915669,603.9722311561671,603.9722311561671,6000.0,0.0,1.0,0.0,1.0,0.0,0.0,,,6122.5791770877295,0.0,379.5883511915669,0.0,5.0,0.013572540608922098,0.0,603.9722311561671,603.9722311561671,4026.481541041114,-0.005691233741299133,-0.04086617839204887,-0.027180910818362797,0.0386914954937172,-0.0452153691540597,6.0,1.0,52.0,56.0,56.0,62.0,62.0,26.0,1.0,6.0,0.0,0.0,365.2782042971909,0.0,9.778670034548668,365.2782042971909,375.05687433173955,0.0,365.2782042971909,0.0,1.734828337246995,365.2782042971909,367.0130326344379,0.0,365.2782042971909,0.0,10.847973521777476,365.2782042971909,376.12617781896836,0.0,365.2782042971909,0.0,11.368355936270973,365.2782042971909,376.6465602334618,0.0,-0.02639389232293747,-0.00016678842975257659,-0.029514441930691977,-0.03131860327891213,1.0,1500.0,1500.0,1500.0,1500.0,,,0.0,-0.01164022953980819,-0.01569092255702138,-0.017582153912962185,-0.015083798838702478,-0.01803068915963983,-0.0013598807188270003,-0.002237056457365938,-0.0021910527235878166,-0.007958264588928543,-0.011443892138219523,-0.00981126589215151,-0.012138443062725202,0.08610892046119929,-0.012064949577654716,-0.02412729534094105,-0.009876852220577348,1.0,60.0,60.0,90.0,90.0,90.0,90.0,90.0,90.0,80.0,60.0,90.0,90.0,100.0,90.0,80.0,90.0,1.0,1.0,1.0,1.0,0.0,1.0,0.0,,579.0,1.0,0.0,0.0,0.0,,0.0,,0.0,,-1.0,0.0,0.0,0.0,0.0,1.0,0.0,0.0,0.0,0.0,,0.0,,603.9722311561671,0.0,603.9722311561671,104.0,235.3525898681575,235.36842535578342,0.0,2.0,3.8177676999985124,603.9722311561671,51.0,1.0,,,36.0,35.0,,,,,2.0,2.0,300.0,300.0,2.0,2.0,,,,,1.0,1.0,10.0,10.0,52.0,60.0,56.0,56.0,56.0,56.0,62.0,50.0,62.0,50.0,0.0,0.0,0.0,0.0,0.0,1500.0,1500.0,1500.0,1500.0,45,8280.0,60.0,60.0,60.0,90.0,90.0,90.0,90.0,90.0,90.0,60.0,80.0,60.0,90.0,90.0,100.0,90.0,80.0,90.0
530.4595858035278,6000.0,0.0,0.0,0.0,0.0,0.0,0.0,0.0,0.0,0.0,0.0,0.0,0.0,0.0,0.0,0.0,0.0,0.0,0.0,0.0,0.0,0.0,0.0,0.0,0.0,0.0,0.0,0.0,0.0,0.0,0.0,0.0,0.0,0.0,0.0,0.0,0.0,0.0,0.0,0.0,0.0,0.0,0.0,0.0,0.0,0.0,0.0,0.0,0.0,0.0,0.0,0.0,0.0,0.0,0.0,0.0,0.0,0.0,0.0,0.0,0.0,0.0,0.0,0.0,0.0,0.0,0.0,0.0,0.0,0.0,0.0,0.0,0.0,0.0,0.0,0.0,0.0,0.0,0.0,0.0,0.0,0.0,0.0,0.0,0.0,0.0,0.0,0.0,0.0,0.0,0.0,0.0,0.0,1142.058,530.4595858035278,-2569.7152626682782,6000.0,1200.0,3.0,98.01129989130636,192.9829014260107,94.97160153470435,5035.795812132922,0.9928430597892586,0.0,232.5339453599123,364.8478793347143,530.4595858035278,6000.0,1000000.0,530.4595858035278,6000.0,304.2620553161188,530.4595858035278,530.4595858035278,6000.0,0.0,1.0,0.0,49.0,4.0,0.0,1.0,49.0,,0.0,4.0,0.0,,1.0,,,,0.2403726587515962,0.2403726587515962,0.0,1.0,0.0,,1.0,0.0,1.0,4.0,4.0,0.0,0.0,,0.0,297.52355783733395,49.0,0.0,163.75742833101003,15.0,297.52355783733395,,,,,0.0,0.0,,,,,,,,,,,,,0.0,523.0719100358604,5990.64557428609,0.0,530.4595858035278,6000.0,304.5024279748704,523.0719100358604,523.0719100358604,5990.64557428609,1.0,0.0,0.0,,,,12.0,0.0,0.0,0.0,304.2620553161188,0.0,1.0,0.0,1.0,1.0,1.0,1.0,0.0,0.0,0.0,0.0,0.0,304.2620553161188,192.9829014260107,0.0,1.0,0.0,304.5024279748704,192.87827784501218,192.87827784501218,0.0,1.0,0.0,1.0,1.0,15.21310276580594,1.0,0.0,1.0,0.0,0.0,0.0,304.2620553161188,1.0,0.0,304.2620553161188,0.0,1.0,304.2620553161188,4130.0,4130.0,4130.0,1691.25,1691.25,1691.25,1204.0,1204.0,1204.0,3.0,7025.25,7025.25,7025.25,530.4595858035278,6000.0,0.0,0.0,220.0,0.0,0.0,1.0,0.0,0.0,0.0,0.5,0.03625306860390231,0.0,18.126534301951153,-2569.7152626682782,3500.0,-3315.000000000001,37566.666666666664,-22100.000000000004,5635.000000000001,,,,,,,,,,-636.2191795039575,1.0,3349.881669718226,-4241.46119669305,502.482250457734,0.0,,,,,1204.0,1200.0,6000.0,5700.0,0.49844092904768167,0.5015590709523183,6000.0,304.2620553161188,304.2620553161188,1.0,0.0,530.4595858035278,0.0,6000.0,1.0,1.0,1.0,1.0,304.2620553161188,530.4595858035278,6000.0,1.0,1.0,192.9829014260107,64.32763380867023,530.4595858035278,0.0,1926.8737902496373,530.4595858035278,6000.0,95.0262159722143,1.0,1.0,1.0,23.996841395341505,64.32763380867023,3.0,,,,,,,,,,,,,,6.0,0.0,1.0,0.0,0.0,0.0,0.0,1.0,0.7217821138521834,0.7217821138521834,0.0,530.4595858035278,6000.0,530.4595858035278,6000.0,304.2620553161188,530.4595858035278,530.4595858035278,6000.0,0.0,1.0,0.0,1.0,0.0,0.0,,,5035.795812132922,0.0,304.2620553161188,0.0,5.0,0.03625306860390231,0.0,530.4595858035278,530.4595858035278,3536.397238690185,-0.005691233741299133,-0.04086617839204887,-0.027180910818362797,0.0386914954937172,-0.0452153691540597,6.0,1.0,52.0,56.0,56.0,62.0,62.0,26.0,0.0,6.0,0.0,0.0,365.2782042971909,0.0,9.778670034548668,365.2782042971909,375.05687433173955,0.0,365.2782042971909,0.0,1.734828337246995,365.2782042971909,367.0130326344379,0.0,365.2782042971909,0.0,10.847973521777476,365.2782042971909,376.12617781896836,0.0,365.2782042971909,0.0,11.368355936270973,365.2782042971909,376.6465602334618,0.0,-0.02639389232293747,-0.00016678842975257659,-0.029514441930691977,-0.03131860327891213,1.0,1500.0,1500.0,1500.0,1500.0,,,0.0,-0.01164022953980819,-0.01569092255702138,-0.017582153912962185,-0.015083798838702478,-0.01803068915963983,-0.0013598807188270003,-0.002237056457365938,-0.0021910527235878166,-0.007958264588928543,-0.011443892138219523,-0.00981126589215151,-0.012138443062725202,0.08610892046119929,-0.012064949577654716,-0.02412729534094105,-0.009876852220577348,1.0,60.0,60.0,90.0,90.0,90.0,90.0,90.0,90.0,80.0,60.0,90.0,90.0,100.0,90.0,80.0,90.0,1.0,1.0,1.0,1.0,0.0,1.0,0.0,,583.0,1.0,0.0,0.0,0.0,,0.0,,0.0,,-1.0,0.0,0.0,0.0,0.0,1.0,0.0,0.0,0.0,0.0,,0.0,,530.4595858035278,0.0,530.4595858035278,112.0,192.9829014260107,194.11072305098412,0.0,2.0,3.8978380000044126,530.4595858035278,51.0,1.0,,,36.0,35.0,,,,,2.0,2.0,300.0,300.0,2.0,2.0,,,,,1.0,1.0,10.0,10.0,52.0,60.0,56.0,56.0,56.0,56.0,62.0,50.0,62.0,50.0,0.0,0.0,0.0,0.0,0.0,1500.0,1500.0,1500.0,1500.0,46,8460.0,60.0,60.0,60.0,90.0,90.0,90.0,90.0,90.0,90.0,60.0,80.0,60.0,90.0,90.0,100.0,90.0,80.0,90.0
474.9463773370089,6000.0,0.0,0.0,0.0,0.0,0.0,0.0,0.0,0.0,0.0,0.0,0.0,0.0,0.0,0.0,0.0,0.0,0.0,0.0,0.0,0.0,0.0,0.0,0.0,0.0,0.0,0.0,0.0,0.0,0.0,0.0,0.0,0.0,0.0,0.0,0.0,0.0,0.0,0.0,0.0,0.0,0.0,0.0,0.0,0.0,0.0,0.0,0.0,0.0,0.0,0.0,0.0,0.0,0.0,0.0,0.0,0.0,0.0,0.0,0.0,0.0,0.0,0.0,0.0,0.0,0.0,0.0,0.0,0.0,0.0,0.0,0.0,0.0,0.0,0.0,0.0,0.0,0.0,0.0,0.0,0.0,0.0,0.0,0.0,0.0,0.0,0.0,0.0,0.0,0.0,0.0,0.0,0.0,1142.058,474.9463773370089,-2290.045397204167,6000.0,1200.0,3.0,89.86348430100382,158.58412873124834,68.72064443024452,4087.8765045218865,0.9946276924544052,0.0,141.3711393466228,259.3777094685537,474.9463773370089,6000.0,1000000.0,474.9463773370089,6000.0,242.9716902742527,474.9463773370089,474.9463773370089,6000.0,0.0,1.0,0.0,49.0,4.0,0.0,1.0,49.0,,0.0,4.0,0.0,,1.0,,,,2.3714708436876037,2.3714708436876037,0.0,1.0,0.0,,1.0,0.0,1.0,4.0,4.0,0.0,0.0,,0.0,241.25700780591913,49.0,0.0,143.47144003017976,16.0,241.25700780591913,,,,,0.0,0.0,,,,,,,,,,,,,0.0,474.9463773370089,5939.658303752508,0.0,474.9463773370089,6000.0,245.3431611179403,474.9463773370089,474.9463773370089,5939.658303752508,1.0,0.0,0.0,,,,12.0,0.0,0.0,0.0,242.9716902742527,0.0,1.0,0.0,1.0,1.0,1.0,1.0,0.0,0.0,0.0,0.0,0.0,242.9716902742527,158.58412873124834,0.0,1.0,0.0,245.3431611179403,158.98427862311772,158.98427862311772,0.0,1.0,0.0,1.0,1.0,12.148584513712635,1.0,0.0,1.0,0.0,0.0,0.0,242.9716902742527,1.0,0.0,242.9716902742527,0.0,1.0,242.9716902742527,4130.0,4130.0,4130.0,1691.25,1691.25,1691.25,1204.0,1204.0,1204.0,3.0,7025.25,7025.25,7025.25,474.9463773370089,6000.0,0.0,0.0,220.0,0.0,0.0,1.0,0.0,0.0,0.0,0.5,0.007503475408353408,0.0,3.751737704176704,-2290.045397204167,3500.0,-3315.000000000001,37566.666666666664,-22100.000000000004,5635.000000000001,,,,,,,,,,-545.2337364005555,1.0,3014.974262310819,-3634.8915760037025,452.24613934662295,0.0,,,,,1204.0,1200.0,6000.0,5115.974841733095,0.489943050625418,0.5100569493745819,6000.0,242.9716902742527,242.9716902742527,1.0,0.0,474.9463773370089,0.0,6000.0,1.0,1.0,1.0,1.0,242.9716902742527,474.9463773370089,6000.0,1.0,1.0,158.58412873124834,52.86137624374945,474.9463773370089,0.0,1514.9101136966128,474.9463773370089,6000.0,77.73726342742182,1.0,1.0,1.0,24.37269441013683,52.86137624374945,3.0,,,,,,,,,,,,,,6.0,0.0,1.0,0.0,0.0,0.0,0.0,1.0,0.6299490623934973,0.6299490623934973,0.0,474.9463773370089,6000.0,474.9463773370089,6000.0,242.9716902742527,474.9463773370089,474.9463773370089,6000.0,0.0,1.0,0.0,1.0,0.0,0.0,,,4087.8765045218865,0.0,242.9716902742527,0.0,5.0,0.007503475408353408,0.0,474.9463773370089,474.9463773370089,3166.309182246726,-0.005691233741299133,-0.04086617839204887,-0.027180910818362797,0.0386914954937172,-0.0452153691540597,6.0,1.0,52.0,56.0,56.0,62.0,62.0,26.0,0.0,6.0,0.0,0.0,365.2782042971909,0.0,9.778670034548668,365.2782042971909,375.05687433173955,0.0,365.2782042971909,0.0,1.734828337246995,365.2782042971909,367.0130326344379,0.0,365.2782042971909,0.0,10.847973521777476,365.2782042971909,376.12617781896836,0.0,365.2782042971909,0.0,11.368355936270973,365.2782042971909,376.6465602334618,0.0,-0.02639389232293747,-0.00016678842975257659,-0.029514441930691977,-0.03131860327891213,1.0,1500.0,1500.0,1500.0,1500.0,,,0.0,-0.01164022953980819,-0.01569092255702138,-0.017582153912962185,-0.015083798838702478,-0.01803068915963983,-0.0013598807188270003,-0.002237056457365938,-0.0021910527235878166,-0.007958264588928543,-0.011443892138219523,-0.00981126589215151,-0.012138443062725202,0.08610892046119929,-0.012064949577654716,-0.02412729534094105,-0.009876852220577348,1.0,60.0,60.0,90.0,90.0,90.0,90.0,90.0,90.0,80.0,60.0,90.0,90.0,100.0,90.0,80.0,90.0,1.0,1.0,1.0,1.0,0.0,1.0,0.0,,582.0,1.0,0.0,0.0,0.0,,0.0,,0.0,,-1.0,0.0,0.0,0.0,0.0,1.0,0.0,0.0,0.0,0.0,,0.0,,474.9463773370089,0.0,474.9463773370089,104.0,158.58412873124834,158.3736642167496,0.0,2.0,3.8534250000011525,474.9463773370089,51.0,1.0,,,36.0,35.0,,,,,2.0,2.0,300.0,300.0,2.0,2.0,,,,,1.0,1.0,10.0,10.0,52.0,60.0,56.0,56.0,56.0,56.0,62.0,50.0,62.0,50.0,0.0,0.0,0.0,0.0,0.0,1500.0,1500.0,1500.0,1500.0,47,8640.0,60.0,60.0,60.0,90.0,90.0,90.0,90.0,90.0,90.0,60.0,80.0,60.0,90.0,90.0,100.0,90.0,80.0,90.0
363.1246068337279,6000.0,0.0,0.0,0.0,0.0,0.0,0.0,0.0,0.0,0.0,0.0,0.0,0.0,0.0,0.0,0.0,0.0,0.0,0.0,0.0,0.0,0.0,0.0,0.0,0.0,0.0,0.0,0.0,0.0,0.0,0.0,0.0,0.0,0.0,0.0,0.0,0.0,0.0,0.0,0.0,0.0,0.0,0.0,0.0,0.0,0.0,0.0,0.0,0.0,0.0,0.0,0.0,0.0,0.0,0.0,0.0,0.0,0.0,0.0,0.0,0.0,0.0,0.0,0.0,0.0,0.0,0.0,0.0,0.0,0.0,0.0,0.0,0.0,0.0,0.0,0.0,0.0,0.0,0.0,0.0,0.0,0.0,0.0,0.0,0.0,0.0,0.0,0.0,0.0,0.0,0.0,0.0,0.0,1142.058,363.1246068337279,-2161.8818926277822,6000.0,1200.0,3.0,80.81573581382095,129.9256144290334,49.109878615212445,3269.9924453848876,0.996605401902928,0.0,104.29166666666666,210.3135818569601,363.1246068337279,6000.0,1000000.0,363.1246068337279,6000.0,193.84272873357713,363.1246068337279,363.1246068337279,6000.0,0.0,1.0,0.0,49.0,4.0,0.0,1.0,49.0,,0.0,4.0,0.0,,1.0,,,,9.386225316615281,9.386225316615281,0.0,1.0,0.0,,1.0,0.0,1.0,4.0,4.0,0.0,0.0,,0.0,200.12279406049623,49.0,0.0,129.58056369176768,16.0,200.12279406049623,,,,,0.0,0.0,,,,,,,,,,,,,0.0,363.1246068337279,5713.749695963082,0.0,363.1246068337279,6000.0,203.2289540501924,363.1246068337279,363.1246068337279,5713.749695963082,1.0,0.0,0.0,,,,12.0,0.0,0.0,0.0,193.84272873357713,0.0,1.0,0.0,1.0,1.0,1.0,1.0,0.0,0.0,0.0,0.0,0.0,193.84272873357713,129.9256144290334,0.0,1.0,0.0,203.2289540501924,131.8899930391577,131.8899930391577,0.0,1.0,0.0,1.0,1.0,9.692136436678858,1.0,0.0,1.0,0.0,0.0,1.0,193.84272873357713,1.0,0.0,193.84272873357713,0.0,1.0,193.84272873357713,4130.0,4130.0,4130.0,1691.25,1691.25,1691.25,1204.0,1204.0,1204.0,3.0,7025.25,7025.25,7025.25,363.1246068337279,6000.0,0.0,0.0,220.0,0.0,0.0,1.0,0.0,0.0,0.0,0.5,0.016527082266032885,0.0,8.263541133016442,-2161.8818926277822,3500.0,-3315.000000000001,37566.666666666664,-22100.000000000004,5635.000000000001,,,,,,,,,,-452.39082945355136,1.0,2621.7335215700778,-3015.9388630236754,393.2600282355117,0.0,,,,,1204.0,1200.0,6000.0,5345.0090902390275,0.45229161599384693,0.5477083840061531,6000.0,193.84272873357713,193.84272873357713,1.0,0.0,363.1246068337279,0.0,6000.0,1.0,1.0,1.0,1.0,193.84272873357713,363.1246068337279,6000.0,1.0,0.0,129.9256144290334,43.308538143011134,363.1246068337279,0.0,1087.3639621798382,363.1246068337279,6000.0,63.65201917768022,1.0,1.0,1.0,21.21163790133025,43.308538143011134,3.0,,,,,,,,,,,,,,6.0,0.0,1.0,0.0,0.0,0.0,0.0,1.0,0.5971793428049078,0.5971793428049078,0.0,363.1246068337279,6000.0,363.1246068337279,6000.0,193.84272873357713,363.1246068337279,363.1246068337279,6000.0,0.0,1.0,0.0,1.0,0.0,0.0,,,3269.9924453848876,0.0,193.84272873357713,0.0,5.0,0.016527082266032885,0.0,363.1246068337279,363.1246068337279,2420.8307122248525,-0.005691233741299133,-0.04086617839204887,-0.027180910818362797,0.0386914954937172,-0.0452153691540597,6.0,1.0,52.0,56.0,56.0,62.0,62.0,26.0,0.0,6.0,0.0,0.0,365.2782042971909,0.0,9.778670034548668,365.2782042971909,375.05687433173955,0.0,365.2782042971909,0.0,1.734828337246995,365.2782042971909,367.0130326344379,0.0,365.2782042971909,0.0,10.847973521777476,365.2782042971909,376.12617781896836,0.0,365.2782042971909,0.0,11.368355936270973,365.2782042971909,376.6465602334618,0.0,-0.02639389232293747,-0.00016678842975257659,-0.029514441930691977,-0.03131860327891213,1.0,1500.0,1500.0,1500.0,1500.0,,,0.0,-0.01164022953980819,-0.01569092255702138,-0.017582153912962185,-0.015083798838702478,-0.01803068915963983,-0.0013598807188270003,-0.002237056457365938,-0.0021910527235878166,-0.007958264588928543,-0.011443892138219523,-0.00981126589215151,-0.012138443062725202,0.08610892046119929,-0.012064949577654716,-0.02412729534094105,-0.009876852220577348,1.0,60.0,60.0,90.0,90.0,90.0,90.0,90.0,90.0,80.0,60.0,90.0,90.0,100.0,90.0,80.0,90.0,1.0,1.0,1.0,1.0,0.0,1.0,0.0,,658.0,1.0,0.0,0.0,0.0,,0.0,,0.0,,-1.0,0.0,0.0,0.0,0.0,1.0,0.0,0.0,0.0,0.0,,0.0,,363.1246068337279,0.0,363.1246068337279,168.0,129.9256144290334,129.85167693424484,0.0,3.0,4.16093340000225,363.1246068337279,51.0,1.0,,,36.0,35.0,,,,,2.0,2.0,300.0,300.0,2.0,2.0,,,,,1.0,1.0,10.0,10.0,52.0,60.0,56.0,56.0,56.0,56.0,62.0,50.0,62.0,50.0,0.0,0.0,0.0,0.0,0.0,1500.0,1500.0,1500.0,1500.0,48,8820.0,60.0,60.0,60.0,90.0,90.0,90.0,90.0,90.0,90.0,60.0,80.0,60.0,90.0,90.0,100.0,90.0,80.0,90.0
314.22754762573686,6000.0,0.0,0.0,0.0,0.0,0.0,0.0,0.0,0.0,0.0,0.0,0.0,0.0,0.0,0.0,0.0,0.0,0.0,0.0,0.0,0.0,0.0,0.0,0.0,0.0,0.0,0.0,0.0,0.0,0.0,0.0,0.0,0.0,0.0,0.0,0.0,0.0,0.0,0.0,0.0,0.0,0.0,0.0,0.0,0.0,0.0,0.0,0.0,0.0,0.0,0.0,0.0,0.0,0.0,0.0,0.0,0.0,0.0,0.0,0.0,0.0,0.0,0.0,0.0,0.0,0.0,0.0,0.0,0.0,0.0,0.0,0.0,0.0,0.0,0.0,0.0,0.0,0.0,0.0,0.0,0.0,0.0,0.0,0.0,0.0,0.0,0.0,0.0,0.0,0.0,0.0,0.0,0.0,1142.058,314.22754762573686,-2019.4798475760274,6000.0,1200.0,3.0,67.56695434601781,104.22031648601039,36.65336213999258,2596.458089754882,0.9982557714914714,0.0,104.29166666666666,209.49210587511465,314.22754762573686,6000.0,1000000.0,314.22754762573686,6000.0,155.4187097320261,314.22754762573686,314.22754762573686,6000.0,0.0,1.0,0.0,49.0,4.0,0.0,1.0,49.0,,0.0,4.0,0.0,,1.0,,,,6.727014972773077,6.727014972773077,0.0,1.0,0.0,,1.0,0.0,1.0,4.0,4.0,0.0,0.0,,0.0,160.10296639413392,49.0,0.0,120.84198712554777,16.0,160.10296639413392,,,,,0.0,0.0,,,,,,,,,,,,,0.0,314.22754762573686,5693.43396811411,0.0,314.22754762573686,6000.0,162.14572470479916,314.22754762573686,314.22754762573686,5693.43396811411,1.0,0.0,0.0,,,,12.0,0.0,0.0,0.0,155.4187097320261,0.0,1.0,0.0,1.0,1.0,1.0,1.0,0.0,0.0,0.0,0.0,0.0,155.4187097320261,104.22031648601039,0.0,1.0,0.0,162.14572470479916,106.33108744052566,106.33108744052566,0.0,1.0,0.0,1.0,1.0,7.770935486601305,1.0,0.0,1.0,0.0,0.0,1.0,155.4187097320261,1.0,0.0,155.4187097320261,0.0,1.0,155.4187097320261,4130.0,4130.0,4130.0,1691.25,1691.25,1691.25,1204.0,1204.0,1204.0,3.0,7025.25,7025.25,7025.25,314.22754762573686,6000.0,0.0,0.0,220.0,0.0,0.0,1.0,0.0,0.0,0.0,0.5,0.03318002878291724,0.0,16.59001439145862,-2019.4798475760274,3328.0079879959912,-3315.000000000001,37566.666666666664,-22100.000000000004,5635.000000000001,,,,,,,,,,-353.3662846165689,1.0,2407.222222222222,-2355.7752307771257,361.08333333333337,1.0,,,,,1204.0,1200.0,6000.0,5115.547195658622,0.4489056613523517,0.5510943386476482,6000.0,155.4187097320261,155.4187097320261,1.0,0.0,314.22754762573686,0.0,6000.0,1.0,1.0,1.0,1.0,155.4187097320261,314.22754762573686,6000.0,1.0,0.0,104.22031648601039,34.7401054953368,314.22754762573686,0.0,684.238270619109,314.22754762573686,6000.0,52.53098498907221,1.0,1.0,1.0,17.372964579200357,34.7401054953368,3.0,,,,,,,,,,,,,,6.0,0.0,1.0,0.0,0.0,0.0,0.0,1.0,0.5625657063212331,0.5625657063212331,0.0,314.22754762573686,6000.0,314.22754762573686,6000.0,155.4187097320261,314.22754762573686,314.22754762573686,6000.0,0.0,1.0,0.0,1.0,0.0,0.0,,,2596.458089754882,0.0,155.4187097320261,0.0,5.0,0.03318002878291724,0.0,314.22754762573686,314.22754762573686,2094.8503175049123,-0.005691233741299133,-0.04086617839204887,-0.027180910818362797,0.0386914954937172,-0.0452153691540597,6.0,1.0,52.0,56.0,56.0,62.0,62.0,26.0,0.0,6.0,0.0,0.0,365.2782042971909,0.0,9.778670034548668,365.2782042971909,375.05687433173955,0.0,365.2782042971909,0.0,1.734828337246995,365.2782042971909,367.0130326344379,0.0,365.2782042971909,0.0,10.847973521777476,365.2782042971909,376.12617781896836,0.0,365.2782042971909,0.0,11.368355936270973,365.2782042971909,376.6465602334618,0.0,-0.02639389232293747,-0.00016678842975257659,-0.029514441930691977,-0.03131860327891213,1.0,1500.0,1500.0,1500.0,1500.0,,,0.0,-0.01164022953980819,-0.01569092255702138,-0.017582153912962185,-0.015083798838702478,-0.01803068915963983,-0.0013598807188270003,-0.002237056457365938,-0.0021910527235878166,-0.007958264588928543,-0.011443892138219523,-0.00981126589215151,-0.012138443062725202,0.08610892046119929,-0.012064949577654716,-0.02412729534094105,-0.009876852220577348,1.0,60.0,60.0,90.0,90.0,90.0,90.0,90.0,90.0,80.0,60.0,90.0,90.0,100.0,90.0,80.0,90.0,1.0,1.0,1.0,1.0,0.0,1.0,0.0,,635.0,1.0,0.0,0.0,0.0,,0.0,,0.0,,-1.0,0.0,0.0,0.0,0.0,1.0,0.0,0.0,0.0,0.0,,0.0,,314.22754762573686,0.0,314.22754762573686,144.0,104.22031648601039,104.48318839257705,0.0,3.0,4.615020799996273,314.22754762573686,51.0,1.0,,,36.0,35.0,,,,,2.0,2.0,300.0,300.0,2.0,2.0,,,,,1.0,1.0,10.0,10.0,52.0,60.0,56.0,56.0,56.0,56.0,62.0,50.0,62.0,50.0,0.0,0.0,0.0,0.0,0.0,1500.0,1500.0,1500.0,1500.0,49,9000.0,60.0,60.0,60.0,90.0,90.0,90.0,90.0,90.0,90.0,60.0,80.0,60.0,90.0,90.0,100.0,90.0,80.0,90.0
275.05646510951783,6000.0,0.0,0.0,0.0,0.0,0.0,0.0,0.0,0.0,0.0,0.0,0.0,0.0,0.0,0.0,0.0,0.0,0.0,0.0,0.0,0.0,0.0,0.0,0.0,0.0,0.0,0.0,0.0,0.0,0.0,0.0,0.0,0.0,0.0,0.0,0.0,0.0,0.0,0.0,0.0,0.0,0.0,0.0,0.0,0.0,0.0,0.0,0.0,0.0,0.0,0.0,0.0,0.0,0.0,0.0,0.0,0.0,0.0,0.0,0.0,0.0,0.0,0.0,0.0,0.0,0.0,0.0,0.0,0.0,0.0,0.0,0.0,0.0,0.0,0.0,0.0,0.0,0.0,0.0,0.0,0.0,0.0,0.0,0.0,0.0,0.0,0.0,0.0,0.0,0.0,0.0,0.0,0.0,1142.058,2746.297438669784,-1662.2431468539164,6000.0,1200.0,3.0,50.644930797725856,80.73208757106943,30.08715677334358,2101.2615834110015,0.9995040042276246,0.0,104.29166666666666,205.23550323292713,275.05646510951783,6000.0,1000000.0,275.05646510951783,6000.0,126.20857525864402,275.05646510951783,275.05646510951783,6000.0,0.0,1.0,0.0,50.0,5.0,1.0,0.0,75.0,,0.0,9.0,1.0,,1.0,,,,3.7913669595110804,inf,0.0,1.0,0.0,,1.0,1.0,0.0,5.0,4.0,0.0,0.0,,1.0,128.1361857031568,50.0,0.0,105.32148462009394,3.0,128.1361857031568,,,,,25.0,4.0,1.0,0.0,1.0,4.0,4.0,1.0,128.1361857031568,25.0,0.0,105.32148462009394,17.0,128.1361857031568,1.0,275.05646510951783,5694.342679715623,1.0,-1662.2431468539164,6000.0,129.9999422181551,275.05646510951783,275.05646510951783,5694.342679715623,1.0,0.0,0.0,,,,12.0,0.0,0.0,0.0,126.20857525864402,0.0,1.0,0.0,1.0,1.0,1.0,1.0,0.0,0.0,0.0,0.0,0.0,126.20857525864402,80.73208757106943,0.0,1.0,0.0,129.9999422181551,82.56711638878187,82.56711638878187,0.0,1.0,0.0,1.0,1.0,6.310428762932201,1.0,0.0,1.0,0.0,0.0,1.0,126.20857525864402,1.0,0.0,126.20857525864402,0.0,1.0,126.20857525864402,4130.0,4130.0,4130.0,1691.25,1691.25,1691.25,1204.0,1204.0,1204.0,3.0,7025.25,7025.25,7025.25,275.05646510951783,6000.0,0.0,0.0,220.0,0.0,0.0,1.0,0.0,0.0,0.0,0.5,0.018079178328756627,0.0,9.039589164378313,-1662.2431468539164,2746.297438669784,-3315.000000000001,37566.666666666664,-22100.000000000004,5635.000000000001,,,,,,,,,,-294.74961835157893,1.0,2374.537037037037,-1964.9974556771926,356.1805555555556,1.0,,,,,1204.0,1200.0,6000.0,5313.014111272106,0.44905711328593717,0.5509428867140628,6000.0,126.20857525864402,126.20857525864402,1.0,0.0,275.05646510951783,0.0,6000.0,1.0,1.0,1.0,1.0,126.20857525864402,275.05646510951783,6000.0,1.0,0.0,80.73208757106943,26.910695857023143,275.05646510951783,0.0,360.66140935820533,275.05646510951783,6000.0,43.11426711074612,1.0,1.0,1.0,15.296249407191453,26.910695857023143,3.0,,,,,,,,,,,,,,6.0,0.0,1.0,0.0,0.0,0.0,0.0,1.0,0.45277488807268146,0.45277488807268146,0.0,275.05646510951783,6000.0,275.05646510951783,6000.0,126.20857525864402,275.05646510951783,275.05646510951783,6000.0,0.0,1.0,0.0,1.0,0.0,0.0,,,2101.2615834110015,0.0,126.20857525864402,0.0,5.0,0.018079178328756627,0.0,275.05646510951783,275.05646510951783,1833.7097673967853,-0.004428193516485823,-0.009932136254980167,0.00011152271707990736,0.025173103559205028,0.011305116973746365,6.0,1.0,52.0,56.0,56.0,62.0,62.0,27.0,1.0,6.0,0.0,0.0,124.34601017119262,0.0,1.7431838237419868,124.34601017119262,126.08919399493459,0.0,124.34601017119262,0.0,0.012911707578552978,124.34601017119262,124.35892187877117,0.0,124.34601017119262,0.0,7.377740587205409,124.34601017119262,131.723750758398,0.0,124.34601017119262,0.0,2.827268725992866,124.34601017119262,127.1732788971855,0.0,-0.0015592955690055272,-4.303902526184326e-05,-0.016775072116076307,-0.0009630212943722329,1.0,1500.0,1500.0,1500.0,1500.0,,,0.0,-0.010774071872779699,-0.013100775235140992,-0.010632820833219547,-0.01137993443184957,-0.013760937851938238,-0.010364928736241553,-0.009869724425441363,-0.007808936471958461,-0.007876860835525967,-0.011216980808963049,-0.009292592559169675,-0.009995712028084112,0.09139806021017378,-0.01028747589291399,-0.012815030833178476,-0.007362196019611035,1.0,60.0,60.0,90.0,90.0,90.0,90.0,90.0,90.0,80.0,60.0,90.0,90.0,100.0,90.0,80.0,90.0,1.0,1.0,1.0,1.0,0.0,1.0,0.0,,644.0,1.0,0.0,0.0,0.0,,0.0,,0.0,,-1.0,0.0,0.0,0.0,0.0,1.0,0.0,0.0,0.0,0.0,,0.0,,275.05646510951783,0.0,275.05646510951783,160.0,80.73208757106943,80.78525904432834,0.0,3.0,4.125795400002971,275.05646510951783,51.0,1.0,,,36.0,35.0,,,,,2.0,2.0,300.0,300.0,2.0,2.0,,,,,1.0,1.0,10.0,10.0,52.0,60.0,56.0,56.0,56.0,56.0,62.0,50.0,62.0,50.0,0.0,0.0,0.0,0.0,0.0,1500.0,1500.0,1500.0,1500.0,50,9180.0,60.0,60.0,60.0,90.0,90.0,90.0,90.0,90.0,90.0,60.0,80.0,60.0,90.0,90.0,100.0,90.0,80.0,90.0
280.4220253818683,6000.0,0.0,0.0,0.0,0.0,0.0,0.0,0.0,0.0,0.0,0.0,0.0,0.0,0.0,0.0,0.0,0.0,0.0,0.0,0.0,0.0,0.0,0.0,0.0,0.0,0.0,0.0,0.0,0.0,0.0,0.0,0.0,0.0,0.0,0.0,0.0,0.0,0.0,0.0,0.0,0.0,0.0,0.0,0.0,0.0,0.0,0.0,0.0,0.0,0.0,0.0,0.0,0.0,0.0,0.0,0.0,0.0,0.0,0.0,0.0,0.0,0.0,0.0,0.0,0.0,0.0,0.0,0.0,0.0,0.0,0.0,0.0,0.0,0.0,0.0,0.0,0.0,0.0,0.0,0.0,0.0,0.0,0.0,0.0,0.0,0.0,0.0,0.0,0.0,0.0,0.0,0.0,0.0,1142.058,280.4220253818683,-1178.6607702141644,6000.0,1200.0,3.0,35.09092796735147,61.88671863902174,26.795790671670268,1764.021522250942,1.00021911538999,0.0,104.29166666666666,205.0014421880471,280.4220253818683,6000.0,1000000.0,280.4220253818683,6000.0,105.67238330086798,280.4220253818683,280.4220253818683,6000.0,0.0,1.0,0.0,49.0,4.0,0.0,1.0,49.0,,0.0,4.0,0.0,,1.0,,,,1.8584055752442623,1.8584055752442623,0.0,1.0,0.0,,1.0,0.0,1.0,4.0,4.0,0.0,0.0,,0.0,105.56940841338148,49.0,0.0,81.81430690986979,13.0,105.56940841338148,,,,,0.0,0.0,,,,,,,,,,,,,0.0,280.4220253818683,5688.593140782419,0.0,280.4220253818683,6000.0,107.53078887611224,280.4220253818683,280.4220253818683,5688.593140782419,1.0,0.0,0.0,,,,12.0,0.0,0.0,0.0,105.67238330086798,0.0,1.0,0.0,1.0,1.0,1.0,1.0,0.0,0.0,0.0,0.0,0.0,105.67238330086798,61.88671863902174,0.0,1.0,0.0,107.53078887611224,63.302457581343305,63.302457581343305,0.0,1.0,0.0,1.0,1.0,5.283619165043399,1.0,0.0,1.0,0.0,0.0,1.0,105.67238330086798,1.0,0.0,105.67238330086798,0.0,1.0,105.67238330086798,4130.0,4130.0,4130.0,1691.25,1691.25,1691.25,1204.0,1204.0,1204.0,3.0,7025.25,7025.25,7025.25,280.4220253818683,6000.0,0.0,0.0,220.0,0.0,0.0,1.0,0.0,0.0,0.0,0.5,0.026450282541999826,0.0,13.225141270999913,-1178.6607702141644,1971.1474508048937,-3315.000000000001,37566.666666666664,-22100.000000000004,5635.000000000001,,,,,,,,,,-239.85575815639413,1.0,2407.222222222222,-1599.038387709294,361.08333333333337,1.0,,,,,1204.0,1200.0,6000.0,5116.2421068466465,0.4480988567970699,0.55190114320293,5600.148964227812,105.67238330086798,105.67238330086798,1.0,0.0,280.4220253818683,0.0,6000.0,1.0,1.0,1.0,1.0,105.67238330086798,280.4220253818683,6000.0,1.0,0.0,61.88671863902174,20.628906213007244,280.4220253818683,0.0,142.77556033222112,280.4220253818683,6000.0,34.680476059511776,1.0,1.0,1.0,14.870454714421925,20.628906213007244,3.0,,,,,,,,,,,,,,6.0,0.0,1.0,0.0,0.0,0.0,0.0,1.0,0.30528812251582027,0.30528812251582027,0.0,280.4220253818683,6000.0,280.4220253818683,6000.0,105.67238330086798,280.4220253818683,280.4220253818683,6000.0,0.0,1.0,0.0,1.0,0.0,0.0,,,1764.021522250942,0.0,105.67238330086798,0.0,5.0,0.026450282541999826,0.0,280.4220253818683,280.4220253818683,1869.4801692124552,-0.004428193516485823,-0.009932136254980167,0.00011152271707990736,0.025173103559205028,0.011305116973746365,6.0,1.0,52.0,56.0,56.0,62.0,62.0,27.0,0.0,6.0,0.0,0.0,124.34601017119262,0.0,1.7431838237419868,124.34601017119262,126.08919399493459,0.0,124.34601017119262,0.0,0.012911707578552978,124.34601017119262,124.35892187877117,0.0,124.34601017119262,0.0,7.377740587205409,124.34601017119262,131.723750758398,0.0,124.34601017119262,0.0,2.827268725992866,124.34601017119262,127.1732788971855,0.0,-0.0015592955690055272,-4.303902526184326e-05,-0.016775072116076307,-0.0009630212943722329,1.0,1500.0,1500.0,1500.0,1500.0,,,0.0,-0.010774071872779699,-0.013100775235140992,-0.010632820833219547,-0.01137993443184957,-0.013760937851938238,-0.010364928736241553,-0.009869724425441363,-0.007808936471958461,-0.007876860835525967,-0.011216980808963049,-0.009292592559169675,-0.009995712028084112,0.09139806021017378,-0.01028747589291399,-0.012815030833178476,-0.007362196019611035,1.0,60.0,60.0,90.0,90.0,90.0,90.0,90.0,90.0,80.0,60.0,90.0,90.0,100.0,90.0,80.0,90.0,1.0,1.0,1.0,1.0,0.0,1.0,0.0,,641.0,1.0,0.0,0.0,0.0,,0.0,,0.0,,-1.0,0.0,0.0,0.0,0.0,1.0,0.0,0.0,0.0,0.0,,0.0,,280.4220253818683,0.0,280.4220253818683,144.0,61.88671863902174,62.23148057676414,0.0,3.0,4.776575799995044,280.4220253818683,51.0,1.0,,,36.0,35.0,,,,,2.0,2.0,300.0,300.0,2.0,2.0,,,,,1.0,1.0,10.0,10.0,52.0,60.0,56.0,56.0,56.0,56.0,62.0,50.0,62.0,50.0,0.0,0.0,0.0,0.0,0.0,1500.0,1500.0,1500.0,1500.0,51,9360.0,60.0,60.0,60.0,90.0,90.0,90.0,90.0,90.0,90.0,60.0,80.0,60.0,90.0,90.0,100.0,90.0,80.0,90.0
272.6909524017251,6000.0,0.0,0.0,0.0,0.0,0.0,0.0,0.0,0.0,0.0,0.0,0.0,0.0,0.0,0.0,0.0,0.0,0.0,0.0,0.0,0.0,0.0,0.0,0.0,0.0,0.0,0.0,0.0,0.0,0.0,0.0,0.0,0.0,0.0,0.0,0.0,0.0,0.0,0.0,0.0,0.0,0.0,0.0,0.0,0.0,0.0,0.0,0.0,0.0,0.0,0.0,0.0,0.0,0.0,0.0,0.0,0.0,0.0,0.0,0.0,0.0,0.0,0.0,0.0,0.0,0.0,0.0,0.0,0.0,0.0,0.0,0.0,0.0,0.0,0.0,0.0,0.0,0.0,0.0,0.0,0.0,0.0,0.0,0.0,0.0,0.0,0.0,0.0,0.0,0.0,0.0,0.0,0.0,1142.058,272.6909524017251,-623.6498496196939,6000.0,1200.0,3.0,24.00918636960598,49.23124943138839,25.222063061782414,1582.1660076916976,1.000835461937736,0.0,104.29166666666666,203.81942181394493,272.6909524017251,6000.0,1000000.0,272.6909524017251,6000.0,92.80102273527397,272.6909524017251,272.6909524017251,6000.0,0.0,1.0,0.0,49.0,4.0,0.0,1.0,49.0,,0.0,4.0,0.0,,1.0,,,,0.5394904952170521,0.5394904952170521,0.0,1.0,0.0,,1.0,0.0,1.0,4.0,4.0,0.0,0.0,,0.0,91.47893650093079,49.0,0.0,51.719546470136436,13.0,91.47893650093079,,,,,0.0,0.0,,,,,,,,,,,,,0.0,272.6909524017251,5755.919174371346,0.0,272.6909524017251,6000.0,93.34051323049103,272.6909524017251,272.6909524017251,5755.919174371346,1.0,0.0,0.0,,,,12.0,0.0,0.0,0.0,92.80102273527397,0.0,1.0,0.0,1.0,1.0,1.0,1.0,0.0,0.0,0.0,0.0,0.0,92.80102273527397,49.23124943138839,0.0,1.0,0.0,93.34051323049103,49.76896396119743,49.76896396119743,0.0,1.0,0.0,1.0,1.0,4.640051136763699,1.0,0.0,1.0,0.0,0.0,0.0,92.80102273527397,1.0,0.0,92.80102273527397,0.0,1.0,92.80102273527397,4130.0,4130.0,4130.0,1691.25,1691.25,1691.25,1204.0,1204.0,1204.0,3.0,7025.25,7025.25,7025.25,272.6909524017251,6000.0,0.0,0.0,220.0,0.0,0.0,1.0,0.0,0.0,0.0,0.5,0.00989777858270437,0.0,4.948889291352185,-623.6498496196939,1034.2790959828303,-3315.000000000001,37566.666666666664,-22100.000000000004,5635.000000000001,,,,,,,,,,-226.97275339373238,1.0,2374.537037037037,-1513.151689291549,356.1805555555556,1.0,,,,,1204.0,1200.0,6000.0,4916.703260135567,0.4593198623952244,0.5406801376047756,3053.773246635528,92.80102273527397,92.80102273527397,1.0,0.0,272.6909524017251,0.0,6000.0,1.0,1.0,1.0,1.0,92.80102273527397,272.6909524017251,6000.0,1.0,1.0,49.23124943138839,16.410416477129463,272.6909524017251,0.0,52.70769214010292,272.6909524017251,6000.0,26.769588752399912,1.0,1.0,1.0,14.05665360075389,16.410416477129463,3.0,,,,,,,,,,,,,,6.0,0.0,1.0,0.0,0.0,0.0,0.0,1.0,0.12845647546080055,0.12845647546080055,0.0,272.6909524017251,6000.0,272.6909524017251,6000.0,92.80102273527397,272.6909524017251,272.6909524017251,6000.0,0.0,1.0,0.0,1.0,0.0,0.0,,,1582.1660076916976,0.0,92.80102273527397,0.0,5.0,0.00989777858270437,0.0,272.6909524017251,272.6909524017251,1817.939682678167,-0.004428193516485823,-0.009932136254980167,0.00011152271707990736,0.025173103559205028,0.011305116973746365,6.0,1.0,52.0,56.0,56.0,62.0,62.0,27.0,0.0,6.0,0.0,0.0,124.34601017119262,0.0,1.7431838237419868,124.34601017119262,126.08919399493459,0.0,124.34601017119262,0.0,0.012911707578552978,124.34601017119262,124.35892187877117,0.0,124.34601017119262,0.0,7.377740587205409,124.34601017119262,131.723750758398,0.0,124.34601017119262,0.0,2.827268725992866,124.34601017119262,127.1732788971855,0.0,-0.0015592955690055272,-4.303902526184326e-05,-0.016775072116076307,-0.0009630212943722329,1.0,1500.0,1500.0,1500.0,1500.0,,,0.0,-0.010774071872779699,-0.013100775235140992,-0.010632820833219547,-0.01137993443184957,-0.013760937851938238,-0.010364928736241553,-0.009869724425441363,-0.007808936471958461,-0.007876860835525967,-0.011216980808963049,-0.009292592559169675,-0.009995712028084112,0.09139806021017378,-0.01028747589291399,-0.012815030833178476,-0.007362196019611035,1.0,60.0,60.0,90.0,90.0,90.0,90.0,90.0,90.0,80.0,60.0,90.0,90.0,100.0,90.0,80.0,90.0,1.0,1.0,1.0,1.0,0.0,1.0,0.0,,634.0,1.0,0.0,0.0,0.0,,0.0,,0.0,,-1.0,0.0,0.0,0.0,0.0,1.0,0.0,0.0,0.0,0.0,,0.0,,272.6909524017251,0.0,272.6909524017251,152.0,49.23124943138839,49.244668001046705,0.0,3.0,4.673047599993879,272.6909524017251,51.0,1.0,,,36.0,35.0,,,,,2.0,2.0,300.0,300.0,2.0,2.0,,,,,1.0,1.0,10.0,10.0,52.0,60.0,56.0,56.0,56.0,56.0,62.0,50.0,62.0,50.0,0.0,0.0,0.0,0.0,0.0,1500.0,1500.0,1500.0,1500.0,52,9540.0,60.0,60.0,60.0,90.0,90.0,90.0,90.0,90.0,90.0,60.0,80.0,60.0,90.0,90.0,100.0,90.0,80.0,90.0
267.38945378704585,6000.0,0.0,0.0,0.0,0.0,0.0,0.0,0.0,0.0,0.0,0.0,0.0,0.0,0.0,0.0,0.0,0.0,0.0,0.0,0.0,0.0,0.0,0.0,0.0,0.0,0.0,0.0,0.0,0.0,0.0,0.0,0.0,0.0,0.0,0.0,0.0,0.0,0.0,0.0,0.0,0.0,0.0,0.0,0.0,0.0,0.0,0.0,0.0,0.0,0.0,0.0,0.0,0.0,0.0,0.0,0.0,0.0,0.0,0.0,0.0,0.0,0.0,0.0,0.0,0.0,0.0,0.0,0.0,0.0,0.0,0.0,0.0,0.0,0.0,0.0,0.0,0.0,0.0,0.0,0.0,0.0,0.0,0.0,0.0,0.0,0.0,0.0,0.0,0.0,0.0,0.0,0.0,0.0,1142.058,267.38945378704585,-386.77686444805204,6000.0,1200.0,3.0,18.980951744256515,43.61392260012319,24.632970855866674,1515.3558190878525,1.0024927516516018,0.0,104.29166666666666,203.72103165179382,267.38945378704585,6000.0,1000000.0,267.38945378704585,6000.0,87.27184097890763,267.38945378704585,267.38945378704585,6000.0,0.0,1.0,0.0,49.0,4.0,0.0,1.0,49.0,,0.0,4.0,0.0,,1.0,,,,0.08016156684385578,0.08016156684385578,0.0,1.0,0.0,,1.0,0.0,1.0,4.0,4.0,0.0,0.0,,0.0,85.39187752377617,49.0,0.0,37.36771782401905,13.0,85.39187752377617,,,,,0.0,0.0,,,,,,,,,,,,,0.0,267.38945378704585,5820.860002708026,0.0,267.38945378704585,6000.0,87.35200254575149,267.38945378704585,267.38945378704585,5820.860002708026,1.0,0.0,0.0,,,,12.0,0.0,0.0,0.0,87.27184097890763,0.0,1.0,0.0,1.0,1.0,1.0,1.0,0.0,0.0,0.0,0.0,0.0,87.27184097890763,43.61392260012319,0.0,1.0,0.0,87.35200254575149,43.69403219245744,43.69403219245744,0.0,1.0,0.0,1.0,1.0,4.363592048945382,1.0,0.0,1.0,0.0,0.0,0.0,87.27184097890763,1.0,0.0,87.27184097890763,0.0,1.0,87.27184097890763,4130.0,4130.0,4130.0,1691.25,1691.25,1691.25,1204.0,1204.0,1204.0,3.0,7025.25,7025.25,7025.25,267.38945378704585,6000.0,0.0,0.0,220.0,0.0,0.0,1.0,0.0,0.0,0.0,0.5,0.025045478800816593,0.0,12.522739400408296,-386.77686444805204,665.7959428716176,-3315.000000000001,37566.666666666664,-22100.000000000004,5635.000000000001,,,,,,,,,,-207.2176226285409,1.0,2407.222222222222,-1381.4508175236058,361.08333333333337,1.0,,,,,1204.0,1200.0,6000.0,3990.8377137177804,0.47014333378467094,0.529856666215329,2035.992967405873,87.27184097890763,87.27184097890763,1.0,0.0,267.38945378704585,0.0,6000.0,1.0,1.0,1.0,1.0,87.27184097890763,267.38945378704585,6000.0,1.0,1.0,43.61392260012319,14.537974200041063,267.38945378704585,0.0,13.029642448327797,267.38945378704585,6000.0,20.01845363702952,1.0,1.0,1.0,11.123498047065368,14.537974200041063,3.0,,,,,,,,,,,,,,6.0,0.0,1.0,0.0,0.0,0.0,0.0,1.0,0.05777728940318564,0.05777728940318564,0.0,267.38945378704585,6000.0,267.38945378704585,6000.0,87.27184097890763,267.38945378704585,267.38945378704585,6000.0,0.0,1.0,0.0,1.0,0.0,0.0,,,1515.3558190878525,0.0,87.27184097890763,0.0,5.0,0.025045478800816593,0.0,267.38945378704585,267.38945378704585,1782.5963585803054,-0.004428193516485823,-0.009932136254980167,0.00011152271707990736,0.025173103559205028,0.011305116973746365,6.0,1.0,52.0,56.0,56.0,62.0,62.0,27.0,0.0,6.0,0.0,0.0,124.34601017119262,0.0,1.7431838237419868,124.34601017119262,126.08919399493459,0.0,124.34601017119262,0.0,0.012911707578552978,124.34601017119262,124.35892187877117,0.0,124.34601017119262,0.0,7.377740587205409,124.34601017119262,131.723750758398,0.0,124.34601017119262,0.0,2.827268725992866,124.34601017119262,127.1732788971855,0.0,-0.0015592955690055272,-4.303902526184326e-05,-0.016775072116076307,-0.0009630212943722329,1.0,1500.0,1500.0,1500.0,1500.0,,,0.0,-0.010774071872779699,-0.013100775235140992,-0.010632820833219547,-0.01137993443184957,-0.013760937851938238,-0.010364928736241553,-0.009869724425441363,-0.007808936471958461,-0.007876860835525967,-0.011216980808963049,-0.009292592559169675,-0.009995712028084112,0.09139806021017378,-0.01028747589291399,-0.012815030833178476,-0.007362196019611035,1.0,60.0,60.0,90.0,90.0,90.0,90.0,90.0,90.0,80.0,60.0,90.0,90.0,100.0,90.0,80.0,90.0,1.0,1.0,1.0,1.0,0.0,1.0,0.0,,654.0,1.0,0.0,0.0,0.0,,0.0,,0.0,,-1.0,0.0,0.0,0.0,0.0,1.0,0.0,0.0,0.0,0.0,,0.0,,267.38945378704585,0.0,267.38945378704585,144.0,43.61392260012319,43.927418155874854,0.0,3.0,4.147535099997185,267.38945378704585,51.0,1.0,,,36.0,35.0,,,,,2.0,2.0,300.0,300.0,2.0,2.0,,,,,1.0,1.0,10.0,10.0,52.0,60.0,56.0,56.0,56.0,56.0,62.0,50.0,62.0,50.0,0.0,0.0,0.0,0.0,0.0,1500.0,1500.0,1500.0,1500.0,53,9720.0,60.0,60.0,60.0,90.0,90.0,90.0,90.0,90.0,90.0,60.0,80.0,60.0,90.0,90.0,100.0,90.0,80.0,90.0
267.98016570332027,6000.0,0.0,0.0,0.0,0.0,0.0,0.0,0.0,0.0,0.0,0.0,0.0,0.0,0.0,0.0,0.0,0.0,0.0,0.0,0.0,0.0,0.0,0.0,0.0,0.0,0.0,0.0,0.0,0.0,0.0,0.0,0.0,0.0,0.0,0.0,0.0,0.0,0.0,0.0,0.0,0.0,0.0,0.0,0.0,0.0,0.0,0.0,0.0,0.0,0.0,0.0,0.0,0.0,0.0,0.0,0.0,0.0,0.0,0.0,0.0,0.0,0.0,0.0,0.0,0.0,0.0,0.0,0.0,0.0,0.0,0.0,0.0,0.0,0.0,0.0,0.0,0.0,0.0,0.0,0.0,0.0,0.0,0.0,0.0,0.0,0.0,0.0,0.0,0.0,0.0,0.0,0.0,0.0,1142.058,267.98016570332027,-219.7604410164324,6000.0,1200.0,3.0,17.1926350719215,41.82514747546509,24.63251240354359,1505.3853455013689,1.0041462487097617,0.0,104.29166666666666,204.19894655672942,267.98016570332027,5907.484425803057,0.0,267.98016570332027,6000.0,85.38036311478453,267.98016570332027,267.98016570332027,5907.484425803057,1.0,0.0,0.0,49.0,4.0,0.0,1.0,49.0,,0.0,4.0,0.0,,1.0,,,,0.0,0.0,0.0,1.0,0.0,,1.0,0.0,1.0,4.0,4.0,0.0,0.0,,0.0,83.5190048624558,49.0,0.0,26.473766393740092,13.0,83.5190048624558,,,,,0.0,0.0,,,,,,,,,,,,,0.0,267.98016570332027,5907.484425803057,13.0,-219.7604410164324,6000.0,85.38036311478453,267.98016570332027,267.98016570332027,5907.484425803057,1.0,0.0,0.0,,,,12.0,0.0,0.0,0.0,85.38036311478453,0.0,1.0,0.0,1.0,1.0,1.0,1.0,0.0,0.0,0.0,0.0,0.0,85.38036311478453,41.82514747546509,0.0,1.0,0.0,85.38036311478453,41.82514747546509,41.82514747546509,0.0,1.0,0.0,1.0,1.0,4.269018155739227,1.0,0.0,1.0,0.0,0.0,0.0,85.38036311478453,1.0,0.0,85.38036311478453,0.0,1.0,85.38036311478453,4130.0,4130.0,4130.0,1691.25,1691.25,1691.25,1204.0,1204.0,1204.0,3.0,7025.25,7025.25,7025.25,267.98016570332027,6000.0,0.0,0.0,220.0,0.0,0.0,1.0,0.0,0.0,0.0,0.5,0.005721001336772228,0.0,2.860500668386114,-219.7604410164324,373.94506825224005,-3315.000000000001,37566.666666666664,-22100.000000000004,5635.000000000001,,,,,,,,,,-209.3090347570081,1.0,2374.537037037037,-1395.3935650467206,356.1805555555556,1.0,,,,,1204.0,1200.0,6000.0,4149.22422021024,0.48458073763384274,0.5154192623661573,1252.4595060551796,85.38036311478453,85.38036311478453,1.0,0.0,267.98016570332027,0.0,6000.0,1.0,1.0,1.0,1.0,85.38036311478453,267.98016570332027,6000.0,1.0,1.0,41.82514747546509,13.941715825155029,267.98016570332027,0.0,13.027464759344412,267.98016570332027,6000.0,15.76459200573583,1.0,1.0,1.0,5.817607815969708,13.941715825155029,3.0,,,,,,,,,,,,,,6.0,0.0,1.0,0.0,0.0,0.0,0.0,1.0,0.0033652434760541466,0.0033652434760541466,0.0,267.98016570332027,6000.0,267.98016570332027,6000.0,85.38036311478453,267.98016570332027,267.98016570332027,5907.484425803057,0.0,1.0,0.0,1.0,0.0,0.0,,,1505.3853455013689,0.0,85.38036311478453,0.0,5.0,0.005721001336772228,0.0,267.98016570332027,267.98016570332027,1786.534438022135,-0.004428193516485823,-0.009932136254980167,0.00011152271707990736,0.025173103559205028,0.011305116973746365,6.0,1.0,52.0,56.0,56.0,62.0,62.0,27.0,0.0,6.0,0.0,0.0,124.34601017119262,0.0,1.7431838237419868,124.34601017119262,126.08919399493459,0.0,124.34601017119262,0.0,0.012911707578552978,124.34601017119262,124.35892187877117,0.0,124.34601017119262,0.0,7.377740587205409,124.34601017119262,131.723750758398,0.0,124.34601017119262,0.0,2.827268725992866,124.34601017119262,127.1732788971855,0.0,-0.0015592955690055272,-4.303902526184326e-05,-0.016775072116076307,-0.0009630212943722329,1.0,1500.0,1500.0,1500.0,1500.0,,,0.0,-0.010774071872779699,-0.013100775235140992,-0.010632820833219547,-0.01137993443184957,-0.013760937851938238,-0.010364928736241553,-0.009869724425441363,-0.007808936471958461,-0.007876860835525967,-0.011216980808963049,-0.009292592559169675,-0.009995712028084112,0.09139806021017378,-0.01028747589291399,-0.012815030833178476,-0.007362196019611035,1.0,60.0,60.0,90.0,90.0,90.0,90.0,90.0,90.0,80.0,60.0,90.0,90.0,100.0,90.0,80.0,90.0,1.0,1.0,1.0,1.0,0.0,1.0,0.0,,633.0,1.0,0.0,0.0,0.0,,0.0,,0.0,,-1.0,0.0,0.0,0.0,0.0,1.0,0.0,0.0,0.0,0.0,,0.0,,267.98016570332027,0.0,267.98016570332027,152.0,41.82514747546509,41.84516121632028,0.0,3.0,4.111592499997641,267.98016570332027,51.0,1.0,,,36.0,35.0,,,,,2.0,2.0,300.0,300.0,2.0,2.0,,,,,1.0,1.0,10.0,10.0,52.0,60.0,56.0,56.0,56.0,56.0,62.0,50.0,62.0,50.0,0.0,0.0,0.0,0.0,0.0,1500.0,1500.0,1500.0,1500.0,54,9900.0,60.0,60.0,60.0,90.0,90.0,90.0,90.0,90.0,90.0,60.0,80.0,60.0,90.0,90.0,100.0,90.0,80.0,90.0
267.05906212722607,6000.0,0.0,0.0,0.0,0.0,0.0,0.0,0.0,0.0,0.0,0.0,0.0,0.0,0.0,0.0,0.0,0.0,0.0,0.0,0.0,0.0,0.0,0.0,0.0,0.0,0.0,0.0,0.0,0.0,0.0,0.0,0.0,0.0,0.0,0.0,0.0,0.0,0.0,0.0,0.0,0.0,0.0,0.0,0.0,0.0,0.0,0.0,0.0,0.0,0.0,0.0,0.0,0.0,0.0,0.0,0.0,0.0,0.0,0.0,0.0,0.0,0.0,0.0,0.0,0.0,0.0,0.0,0.0,0.0,0.0,0.0,0.0,0.0,0.0,0.0,0.0,0.0,0.0,0.0,0.0,0.0,0.0,0.0,0.0,0.0,0.0,0.0,0.0,0.0,0.0,0.0,0.0,0.0,1142.058,267.05906212722607,-215.3796830077157,6000.0,1200.0,3.0,17.20714020652239,41.70831912183968,24.501178915317286,1504.9176710666884,1.0059844702451743,0.0,104.29166666666666,204.1534387595791,267.05906212722607,5972.074611012598,0.0,267.05906212722607,6000.0,85.36279225430597,267.05906212722607,267.05906212722607,5972.074611012598,1.0,0.0,0.0,49.0,4.0,0.0,1.0,49.0,,0.0,4.0,0.0,,1.0,,,,0.0,0.0,0.0,1.0,0.0,,1.0,0.0,1.0,4.0,4.0,0.0,0.0,,0.0,83.40269365238932,49.0,0.0,26.960033470258793,12.0,83.40269365238932,,,,,0.0,0.0,,,,,,,,,,,,,0.0,267.05906212722607,5750.0,12.0,-215.3796830077157,5750.0,85.36279225430597,267.05906212722607,267.05906212722607,5750.0,1.0,0.0,0.0,,,,12.0,0.0,0.0,0.0,85.36279225430597,0.0,1.0,0.0,1.0,1.0,1.0,1.0,0.0,0.0,0.0,0.0,0.0,85.36279225430597,41.70831912183968,0.0,1.0,0.0,85.36279225430597,41.70831912183968,41.70831912183968,0.0,1.0,0.0,1.0,1.0,4.268139612715299,1.0,0.0,1.0,0.0,0.0,0.0,85.36279225430597,1.0,0.0,85.36279225430597,0.0,1.0,85.36279225430597,4130.0,4130.0,4130.0,1691.25,1691.25,1691.25,1204.0,1204.0,1204.0,3.0,7025.25,7025.25,7025.25,267.05906212722607,6000.0,0.0,0.0,220.0,0.0,0.0,1.0,0.0,0.0,0.0,0.5,0.005913685610482716,0.0,2.956842805241358,-215.3796830077157,375.1589553798018,-3315.000000000001,37566.666666666664,-22100.000000000004,5635.000000000001,,,,,,,,,,-207.084929668323,1.0,2407.222222222222,-1380.5661977888199,361.08333333333337,1.0,,,,,1204.0,1200.0,6000.0,3445.759677437735,0.49534576850209977,0.5046542314979002,1242.4323398111735,85.36279225430597,85.36279225430597,1.0,0.0,267.05906212722607,0.0,6000.0,1.0,1.0,1.0,1.0,85.36279225430597,267.05906212722607,6000.0,1.0,1.0,41.70831912183968,13.902773040613226,267.05906212722607,0.0,13.02744643115726,267.05906212722607,6000.0,14.104818507658116,1.0,1.0,1.0,0.5087469978653587,13.902773040613226,3.0,,,,,,,,,,,,,,6.0,0.0,1.0,0.0,0.0,0.0,0.0,1.0,0.002668912486887054,0.002668912486887054,0.0,267.05906212722607,6000.0,267.05906212722607,6000.0,85.36279225430597,267.05906212722607,267.05906212722607,5972.074611012598,0.0,1.0,0.0,1.0,0.0,0.0,,,1504.9176710666884,0.0,85.36279225430597,0.0,5.0,0.005913685610482716,0.0,267.05906212722607,267.05906212722607,1780.3937475148402,-0.004428193516485823,-0.009932136254980167,0.00011152271707990736,0.025173103559205028,0.011305116973746365,6.0,1.0,52.0,56.0,56.0,62.0,62.0,27.0,0.0,6.0,0.0,0.0,124.34601017119262,0.0,1.7431838237419868,124.34601017119262,126.08919399493459,0.0,124.34601017119262,0.0,0.012911707578552978,124.34601017119262,124.35892187877117,0.0,124.34601017119262,0.0,7.377740587205409,124.34601017119262,131.723750758398,0.0,124.34601017119262,0.0,2.827268725992866,124.34601017119262,127.1732788971855,0.0,-0.0015592955690055272,-4.303902526184326e-05,-0.016775072116076307,-0.0009630212943722329,1.0,1500.0,1500.0,1500.0,1500.0,,,0.0,-0.010774071872779699,-0.013100775235140992,-0.010632820833219547,-0.01137993443184957,-0.013760937851938238,-0.010364928736241553,-0.009869724425441363,-0.007808936471958461,-0.007876860835525967,-0.011216980808963049,-0.009292592559169675,-0.009995712028084112,0.09139806021017378,-0.01028747589291399,-0.012815030833178476,-0.007362196019611035,1.0,60.0,60.0,90.0,90.0,90.0,90.0,90.0,90.0,80.0,60.0,90.0,90.0,100.0,90.0,80.0,90.0,1.0,1.0,1.0,1.0,0.0,1.0,0.0,,664.0,1.0,0.0,0.0,0.0,,0.0,,0.0,,-1.0,0.0,0.0,0.0,0.0,1.0,0.0,0.0,0.0,0.0,,0.0,,267.05906212722607,0.0,267.05906212722607,144.0,41.70831912183968,42.01303672012587,0.0,3.0,4.184612600001856,267.05906212722607,51.0,1.0,,,36.0,35.0,,,,,2.0,2.0,300.0,300.0,2.0,2.0,,,,,1.0,1.0,10.0,10.0,52.0,60.0,56.0,56.0,56.0,56.0,62.0,50.0,62.0,50.0,0.0,0.0,0.0,0.0,0.0,1500.0,1500.0,1500.0,1500.0,55,10080.0,60.0,60.0,60.0,90.0,90.0,90.0,90.0,90.0,90.0,60.0,80.0,60.0,90.0,90.0,100.0,90.0,80.0,90.0
266.1099255896361,6000.0,0.0,0.0,0.0,0.0,0.0,0.0,0.0,0.0,0.0,0.0,0.0,0.0,0.0,0.0,0.0,0.0,0.0,0.0,0.0,0.0,0.0,0.0,0.0,0.0,0.0,0.0,0.0,0.0,0.0,0.0,0.0,0.0,0.0,0.0,0.0,0.0,0.0,0.0,0.0,0.0,0.0,0.0,0.0,0.0,0.0,0.0,0.0,0.0,0.0,0.0,0.0,0.0,0.0,0.0,0.0,0.0,0.0,0.0,0.0,0.0,0.0,0.0,0.0,0.0,0.0,0.0,0.0,0.0,0.0,0.0,0.0,0.0,0.0,0.0,0.0,0.0,0.0,0.0,0.0,0.0,0.0,0.0,0.0,0.0,0.0,0.0,0.0,0.0,0.0,0.0,0.0,0.0,1142.058,266.1099255896361,-219.52844354239178,6000.0,1200.0,3.0,17.100405869787462,41.69779369654579,24.59738782675833,1504.8186056460102,1.0053710309760777,0.0,104.29166666666666,204.1519610003112,266.1099255896361,5971.831090318108,0.0,266.1099255896361,6000.0,85.25197051955483,266.1099255896361,266.1099255896361,5971.831090318108,1.0,0.0,0.0,49.0,4.0,0.0,1.0,49.0,,0.0,4.0,0.0,,1.0,,,,0.0,0.0,0.0,1.0,0.0,,1.0,0.0,1.0,4.0,4.0,0.0,0.0,,0.0,83.39061841355529,49.0,0.0,26.41120240330146,12.0,83.39061841355529,,,,,0.0,0.0,,,,,,,,,,,,,0.0,266.1099255896361,5750.0,12.0,-219.52844354239178,5750.0,85.25197051955483,266.1099255896361,266.1099255896361,5750.0,1.0,0.0,0.0,,,,12.0,0.0,0.0,0.0,85.25197051955483,0.0,1.0,0.0,1.0,1.0,1.0,1.0,0.0,0.0,0.0,0.0,0.0,85.25197051955483,41.69779369654579,0.0,1.0,0.0,85.25197051955483,41.69779369654579,41.69779369654579,0.0,1.0,0.0,1.0,1.0,4.262598525977742,1.0,0.0,1.0,0.0,0.0,0.0,85.25197051955483,1.0,0.0,85.25197051955483,0.0,1.0,85.25197051955483,4130.0,4130.0,4130.0,1691.25,1691.25,1691.25,1204.0,1204.0,1204.0,3.0,7025.25,7025.25,7025.25,266.1099255896361,6000.0,0.0,0.0,220.0,0.0,0.0,1.0,0.0,0.0,0.0,0.5,0.0056308186333072635,0.0,2.8154093166536316,-219.52844354239178,373.9310122859494,-3315.000000000001,37566.666666666664,-22100.000000000004,5635.000000000001,,,,,,,,,,-209.0845519965142,1.0,2374.537037037037,-1393.8970133100945,356.1805555555556,1.0,,,,,1204.0,1200.0,6000.0,4148.568554454698,0.4953051817196847,0.5046948182803154,1252.42116302854,85.25197051955483,85.25197051955483,1.0,0.0,266.1099255896361,0.0,6000.0,1.0,1.0,1.0,1.0,85.25197051955483,266.1099255896361,6000.0,1.0,1.0,41.69779369654579,13.899264565515262,266.1099255896361,0.0,13.027185192403472,266.1099255896361,6000.0,13.871745844793725,1.0,1.0,1.0,-2.8795530142025783,13.899264565515262,3.0,,,,,,,,,,,,,,6.0,0.0,1.0,0.0,0.0,0.0,0.0,1.0,0.0033625807658708216,0.0033625807658708216,0.0,266.1099255896361,6000.0,266.1099255896361,6000.0,85.25197051955483,266.1099255896361,266.1099255896361,5971.831090318108,0.0,1.0,0.0,1.0,0.0,0.0,,,1504.8186056460102,0.0,85.25197051955483,0.0,5.0,0.0056308186333072635,0.0,266.1099255896361,266.1099255896361,1774.0661705975735,-0.004428193516485823,-0.009932136254980167,0.00011152271707990736,0.025173103559205028,0.011305116973746365,6.0,1.0,52.0,56.0,56.0,62.0,62.0,27.0,0.0,6.0,0.0,0.0,124.34601017119262,0.0,1.7431838237419868,124.34601017119262,126.08919399493459,0.0,124.34601017119262,0.0,0.012911707578552978,124.34601017119262,124.35892187877117,0.0,124.34601017119262,0.0,7.377740587205409,124.34601017119262,131.723750758398,0.0,124.34601017119262,0.0,2.827268725992866,124.34601017119262,127.1732788971855,0.0,-0.0015592955690055272,-4.303902526184326e-05,-0.016775072116076307,-0.0009630212943722329,1.0,1500.0,1500.0,1500.0,1500.0,,,0.0,-0.010774071872779699,-0.013100775235140992,-0.010632820833219547,-0.01137993443184957,-0.013760937851938238,-0.010364928736241553,-0.009869724425441363,-0.007808936471958461,-0.007876860835525967,-0.011216980808963049,-0.009292592559169675,-0.009995712028084112,0.09139806021017378,-0.01028747589291399,-0.012815030833178476,-0.007362196019611035,1.0,60.0,60.0,90.0,90.0,90.0,90.0,90.0,90.0,80.0,60.0,90.0,90.0,100.0,90.0,80.0,90.0,1.0,1.0,1.0,1.0,0.0,1.0,0.0,,634.0,1.0,0.0,0.0,0.0,,0.0,,0.0,,-1.0,0.0,0.0,0.0,0.0,1.0,0.0,0.0,0.0,0.0,,0.0,,266.1099255896361,0.0,266.1099255896361,152.0,41.69779369654579,41.717144979930346,0.0,3.0,4.117884599996614,266.1099255896361,51.0,1.0,,,36.0,35.0,,,,,2.0,2.0,300.0,300.0,2.0,2.0,,,,,1.0,1.0,10.0,10.0,52.0,60.0,56.0,56.0,56.0,56.0,62.0,50.0,62.0,50.0,0.0,0.0,0.0,0.0,0.0,1500.0,1500.0,1500.0,1500.0,56,10260.0,60.0,60.0,60.0,90.0,90.0,90.0,90.0,90.0,90.0,60.0,80.0,60.0,90.0,90.0,100.0,90.0,80.0,90.0
267.04402416583565,6000.0,0.0,0.0,0.0,0.0,0.0,0.0,0.0,0.0,0.0,0.0,0.0,0.0,0.0,0.0,0.0,0.0,0.0,0.0,0.0,0.0,0.0,0.0,0.0,0.0,0.0,0.0,0.0,0.0,0.0,0.0,0.0,0.0,0.0,0.0,0.0,0.0,0.0,0.0,0.0,0.0,0.0,0.0,0.0,0.0,0.0,0.0,0.0,0.0,0.0,0.0,0.0,0.0,0.0,0.0,0.0,0.0,0.0,0.0,0.0,0.0,0.0,0.0,0.0,0.0,0.0,0.0,0.0,0.0,0.0,0.0,0.0,0.0,0.0,0.0,0.0,0.0,0.0,0.0,0.0,0.0,0.0,0.0,0.0,0.0,0.0,0.0,0.0,0.0,0.0,0.0,0.0,0.0,1142.058,267.04402416583565,-215.33344166833643,6000.0,1200.0,3.0,17.204103953383694,41.693857386990715,24.48975343360702,1504.795106871118,1.0043503373514886,0.0,104.29166666666666,204.14330313625564,267.04402416583565,5972.576342307491,0.0,267.04402416583565,6000.0,85.34805455214774,267.04402416583565,267.04402416583565,5972.576342307491,1.0,0.0,0.0,49.0,4.0,0.0,1.0,49.0,,0.0,4.0,0.0,,1.0,,,,0.0,0.0,0.0,1.0,0.0,,1.0,0.0,1.0,4.0,4.0,0.0,0.0,,0.0,83.38795784879395,49.0,0.0,26.94524425350579,12.0,83.38795784879395,,,,,0.0,0.0,,,,,,,,,,,,,0.0,267.04402416583565,5750.0,12.0,-215.33344166833643,5750.0,85.34805455214774,267.04402416583565,267.04402416583565,5750.0,1.0,0.0,0.0,,,,12.0,0.0,0.0,0.0,85.34805455214774,0.0,1.0,0.0,1.0,1.0,1.0,1.0,0.0,0.0,0.0,0.0,0.0,85.34805455214774,41.693857386990715,0.0,1.0,0.0,85.34805455214774,41.693857386990715,41.693857386990715,0.0,1.0,0.0,1.0,1.0,4.267402727607387,1.0,0.0,1.0,0.0,0.0,0.0,85.34805455214774,1.0,0.0,85.34805455214774,0.0,1.0,85.34805455214774,4130.0,4130.0,4130.0,1691.25,1691.25,1691.25,1204.0,1204.0,1204.0,3.0,7025.25,7025.25,7025.25,267.04402416583565,6000.0,0.0,0.0,220.0,0.0,0.0,1.0,0.0,0.0,0.0,0.5,0.004857419210188553,0.0,2.4287096050942765,-215.33344166833643,375.15882495912217,-3315.000000000001,37566.666666666664,-22100.000000000004,5635.000000000001,,,,,,,,,,-207.03864164822065,1.0,2407.222222222222,-1380.2576109881375,361.08333333333337,1.0,,,,,1204.0,1200.0,6000.0,3445.7535880756573,0.4954293903845819,0.5045706096154181,1242.4319837081282,85.34805455214774,85.34805455214774,1.0,0.0,267.04402416583565,0.0,6000.0,1.0,1.0,1.0,1.0,85.34805455214774,267.04402416583565,6000.0,1.0,1.0,41.693857386990715,13.897952462330238,267.04402416583565,0.0,13.027184666360535,267.04402416583565,6000.0,13.859773978804476,1.0,0.0,0.0,-4.081790443155555,13.897952462330238,3.0,,,,,,,,,,,,,,6.0,0.0,1.0,0.0,0.0,0.0,0.0,1.0,0.002668887757508896,0.002668887757508896,0.0,267.04402416583565,6000.0,267.04402416583565,6000.0,85.34805455214774,267.04402416583565,267.04402416583565,5972.576342307491,0.0,1.0,0.0,1.0,0.0,0.0,,,1504.795106871118,0.0,85.34805455214774,0.0,5.0,0.004857419210188553,0.0,267.04402416583565,267.04402416583565,1780.2934944389042,-0.004428193516485823,-0.009932136254980167,0.00011152271707990736,0.025173103559205028,0.011305116973746365,6.0,1.0,52.0,56.0,56.0,62.0,62.0,27.0,0.0,6.0,0.0,0.0,124.34601017119262,0.0,1.7431838237419868,124.34601017119262,126.08919399493459,0.0,124.34601017119262,0.0,0.012911707578552978,124.34601017119262,124.35892187877117,0.0,124.34601017119262,0.0,7.377740587205409,124.34601017119262,131.723750758398,0.0,124.34601017119262,0.0,2.827268725992866,124.34601017119262,127.1732788971855,0.0,-0.0015592955690055272,-4.303902526184326e-05,-0.016775072116076307,-0.0009630212943722329,1.0,1500.0,1500.0,1500.0,1500.0,,,0.0,-0.010774071872779699,-0.013100775235140992,-0.010632820833219547,-0.01137993443184957,-0.013760937851938238,-0.010364928736241553,-0.009869724425441363,-0.007808936471958461,-0.007876860835525967,-0.011216980808963049,-0.009292592559169675,-0.009995712028084112,0.09139806021017378,-0.01028747589291399,-0.012815030833178476,-0.007362196019611035,1.0,60.0,60.0,90.0,90.0,90.0,90.0,90.0,90.0,80.0,60.0,90.0,90.0,100.0,90.0,80.0,90.0,1.0,1.0,1.0,1.0,0.0,1.0,0.0,,665.0,1.0,0.0,0.0,0.0,,0.0,,0.0,,-1.0,0.0,0.0,0.0,0.0,1.0,0.0,0.0,0.0,0.0,,0.0,,267.04402416583565,0.0,267.04402416583565,144.0,41.693857386990715,41.996933890499996,0.0,3.0,3.9720974000010756,267.04402416583565,51.0,1.0,,,36.0,35.0,,,,,2.0,2.0,300.0,300.0,2.0,2.0,,,,,1.0,1.0,10.0,10.0,52.0,60.0,56.0,56.0,56.0,56.0,62.0,50.0,62.0,50.0,0.0,0.0,0.0,0.0,0.0,1500.0,1500.0,1500.0,1500.0,57,10440.0,60.0,60.0,60.0,90.0,90.0,90.0,90.0,90.0,90.0,60.0,80.0,60.0,90.0,90.0,100.0,90.0,80.0,90.0
266.1232187666439,6000.0,0.0,0.0,0.0,0.0,0.0,0.0,0.0,0.0,0.0,0.0,0.0,0.0,0.0,0.0,0.0,0.0,0.0,0.0,0.0,0.0,0.0,0.0,0.0,0.0,0.0,0.0,0.0,0.0,0.0,0.0,0.0,0.0,0.0,0.0,0.0,0.0,0.0,0.0,0.0,0.0,0.0,0.0,0.0,0.0,0.0,0.0,0.0,0.0,0.0,0.0,0.0,0.0,0.0,0.0,0.0,0.0,0.0,0.0,0.0,0.0,0.0,0.0,0.0,0.0,0.0,0.0,0.0,0.0,0.0,0.0,0.0,0.0,0.0,0.0,0.0,0.0,0.0,0.0,0.0,0.0,0.0,0.0,0.0,0.0,0.0,0.0,0.0,0.0,0.0,0.0,0.0,0.0,1142.058,266.1232187666439,-219.52458887263245,6000.0,1200.0,3.0,17.099839683796336,41.69437453054965,24.594534846753312,1504.7877481534313,1.0029083914759953,0.0,104.29166666666666,204.14230788159722,266.1232187666439,5971.837318464137,0.0,266.1232187666439,6000.0,85.24848067738512,266.1232187666439,266.1232187666439,5971.837318464137,1.0,0.0,0.0,49.0,4.0,0.0,1.0,49.0,,0.0,4.0,0.0,,1.0,,,,0.0,0.0,0.0,1.0,0.0,,1.0,0.0,1.0,4.0,4.0,0.0,0.0,,0.0,83.38712898343394,49.0,0.0,26.40715353099992,12.0,83.38712898343394,,,,,0.0,0.0,,,,,,,,,,,,,0.0,266.1232187666439,5750.0,12.0,-219.52458887263245,5750.0,85.24848067738512,266.1232187666439,266.1232187666439,5750.0,1.0,0.0,0.0,,,,12.0,0.0,0.0,0.0,85.24848067738512,0.0,1.0,0.0,1.0,1.0,1.0,1.0,0.0,0.0,0.0,0.0,0.0,85.24848067738512,41.69437453054965,0.0,1.0,0.0,85.24848067738512,41.69437453054965,41.69437453054965,0.0,1.0,0.0,1.0,1.0,4.262424033869256,1.0,0.0,1.0,0.0,0.0,0.0,85.24848067738512,1.0,0.0,85.24848067738512,0.0,1.0,85.24848067738512,4130.0,4130.0,4130.0,1691.25,1691.25,1691.25,1204.0,1204.0,1204.0,3.0,7025.25,7025.25,7025.25,266.1232187666439,6000.0,0.0,0.0,220.0,0.0,0.0,1.0,0.0,0.0,0.0,0.5,0.005622562004966705,0.0,2.8112810024833528,-219.52458887263245,373.92907663253453,-3315.000000000001,37566.666666666664,-22100.000000000004,5635.000000000001,,,,,,,,,,-209.081827051338,1.0,2374.537037037037,-1393.8788470089198,356.1805555555556,1.0,,,,,1204.0,1200.0,6000.0,4148.4782624297695,0.4953062197440229,0.5046937802559771,1252.415882793164,85.24848067738512,85.24848067738512,1.0,0.0,266.1232187666439,0.0,6000.0,1.0,1.0,1.0,1.0,85.24848067738512,266.1232187666439,6000.0,1.0,1.0,41.69437453054965,13.89812484351655,266.1232187666439,0.0,13.027187368963672,266.1232187666439,6000.0,13.857538863127553,1.0,0.0,0.0,-4.280930388578845,13.89812484351655,3.0,,,,,,,,,,,,,,6.0,0.0,1.0,0.0,0.0,0.0,0.0,1.0,0.0033622140828586046,0.0033622140828586046,0.0,266.1232187666439,6000.0,266.1232187666439,6000.0,85.24848067738512,266.1232187666439,266.1232187666439,5971.837318464137,0.0,1.0,0.0,1.0,0.0,0.0,,,1504.7877481534313,0.0,85.24848067738512,0.0,5.0,0.005622562004966705,0.0,266.1232187666439,266.1232187666439,1774.1547917776259,-0.004428193516485823,-0.009932136254980167,0.00011152271707990736,0.025173103559205028,0.011305116973746365,6.0,1.0,52.0,56.0,56.0,62.0,62.0,27.0,0.0,6.0,0.0,0.0,124.34601017119262,0.0,1.7431838237419868,124.34601017119262,126.08919399493459,0.0,124.34601017119262,0.0,0.012911707578552978,124.34601017119262,124.35892187877117,0.0,124.34601017119262,0.0,7.377740587205409,124.34601017119262,131.723750758398,0.0,124.34601017119262,0.0,2.827268725992866,124.34601017119262,127.1732788971855,0.0,-0.0015592955690055272,-4.303902526184326e-05,-0.016775072116076307,-0.0009630212943722329,1.0,1500.0,1500.0,1500.0,1500.0,,,0.0,-0.010774071872779699,-0.013100775235140992,-0.010632820833219547,-0.01137993443184957,-0.013760937851938238,-0.010364928736241553,-0.009869724425441363,-0.007808936471958461,-0.007876860835525967,-0.011216980808963049,-0.009292592559169675,-0.009995712028084112,0.09139806021017378,-0.01028747589291399,-0.012815030833178476,-0.007362196019611035,1.0,60.0,60.0,90.0,90.0,90.0,90.0,90.0,90.0,80.0,60.0,90.0,90.0,100.0,90.0,80.0,90.0,1.0,1.0,1.0,1.0,0.0,1.0,0.0,,634.0,1.0,0.0,0.0,0.0,,0.0,,0.0,,-1.0,0.0,0.0,0.0,0.0,1.0,0.0,0.0,0.0,0.0,,0.0,,266.1232187666439,0.0,266.1232187666439,152.0,41.69437453054965,41.71378325808658,0.0,3.0,3.3070960999975796,266.1232187666439,51.0,1.0,,,36.0,35.0,,,,,2.0,2.0,300.0,300.0,2.0,2.0,,,,,1.0,1.0,10.0,10.0,52.0,60.0,56.0,56.0,56.0,56.0,62.0,50.0,62.0,50.0,0.0,0.0,0.0,0.0,0.0,1500.0,1500.0,1500.0,1500.0,58,10620.0,60.0,60.0,60.0,90.0,90.0,90.0,90.0,90.0,90.0,60.0,80.0,60.0,90.0,90.0,100.0,90.0,80.0,90.0
267.0495097657445,6000.0,0.0,0.0,0.0,0.0,0.0,0.0,0.0,0.0,0.0,0.0,0.0,0.0,0.0,0.0,0.0,0.0,0.0,0.0,0.0,0.0,0.0,0.0,0.0,0.0,0.0,0.0,0.0,0.0,0.0,0.0,0.0,0.0,0.0,0.0,0.0,0.0,0.0,0.0,0.0,0.0,0.0,0.0,0.0,0.0,0.0,0.0,0.0,0.0,0.0,0.0,0.0,0.0,0.0,0.0,0.0,0.0,0.0,0.0,0.0,0.0,0.0,0.0,0.0,0.0,0.0,0.0,0.0,0.0,0.0,0.0,0.0,0.0,0.0,0.0,0.0,0.0,0.0,0.0,0.0,0.0,0.0,0.0,0.0,0.0,0.0,0.0,0.0,0.0,0.0,0.0,0.0,0.0,1142.058,267.0495097657445,-215.32434291494732,6000.0,1200.0,3.0,17.2038988917397,41.6928247170095,24.488925825269796,1504.7859153374875,1.0017334453665507,0.0,104.29166666666666,204.14198348782878,267.0495097657445,5972.576911578337,0.0,267.0495097657445,6000.0,85.34700257978588,267.0495097657445,267.0495097657445,5972.576911578337,1.0,0.0,0.0,49.0,4.0,0.0,1.0,49.0,,0.0,4.0,0.0,,1.0,,,,0.0,0.0,0.0,1.0,0.0,,1.0,0.0,1.0,4.0,4.0,0.0,0.0,,0.0,83.3869060088368,49.0,0.0,26.943998479329366,12.0,83.3869060088368,,,,,0.0,0.0,,,,,,,,,,,,,0.0,267.0495097657445,5750.0,12.0,-215.32434291494732,5750.0,85.34700257978588,267.0495097657445,267.0495097657445,5750.0,1.0,0.0,0.0,,,,12.0,0.0,0.0,0.0,85.34700257978588,0.0,1.0,0.0,1.0,1.0,1.0,1.0,0.0,0.0,0.0,0.0,0.0,85.34700257978588,41.6928247170095,0.0,1.0,0.0,85.34700257978588,41.6928247170095,41.6928247170095,0.0,1.0,0.0,1.0,1.0,4.267350128989294,1.0,0.0,1.0,0.0,0.0,0.0,85.34700257978588,1.0,0.0,85.34700257978588,0.0,1.0,85.34700257978588,4130.0,4130.0,4130.0,1691.25,1691.25,1691.25,1204.0,1204.0,1204.0,3.0,7025.25,7025.25,7025.25,267.0495097657445,6000.0,0.0,0.0,220.0,0.0,0.0,1.0,0.0,0.0,0.0,0.5,0.0048566677348232746,0.0,2.4283338674116375,-215.32434291494732,375.1588212462272,-3315.000000000001,37566.666666666664,-22100.000000000004,5635.000000000001,,,,,,,,,,-207.02952074019694,1.0,2407.222222222222,-1380.196804934646,361.08333333333337,1.0,,,,,1204.0,1200.0,6000.0,3445.753414720007,0.4954294852630562,0.5045705147369438,1242.4319735703707,85.34700257978588,85.34700257978588,1.0,0.0,267.0495097657445,0.0,6000.0,1.0,1.0,1.0,1.0,85.34700257978588,267.0495097657445,6000.0,1.0,1.0,41.6928247170095,13.897608239003167,267.0495097657445,0.0,13.027187349676398,267.0495097657445,6000.0,13.856791059987692,1.0,0.0,0.0,-4.290772156578534,13.897608239003167,3.0,,,,,,,,,,,,,,6.0,0.0,1.0,0.0,0.0,0.0,0.0,1.0,0.0026688870534979725,0.0026688870534979725,0.0,267.0495097657445,6000.0,267.0495097657445,6000.0,85.34700257978588,267.0495097657445,267.0495097657445,5972.576911578337,0.0,1.0,0.0,1.0,0.0,0.0,,,1504.7859153374875,0.0,85.34700257978588,0.0,5.0,0.0048566677348232746,0.0,267.0495097657445,267.0495097657445,1780.3300651049633,-0.004428193516485823,-0.009932136254980167,0.00011152271707990736,0.025173103559205028,0.011305116973746365,6.0,1.0,52.0,56.0,56.0,62.0,62.0,27.0,0.0,6.0,0.0,0.0,124.34601017119262,0.0,1.7431838237419868,124.34601017119262,126.08919399493459,0.0,124.34601017119262,0.0,0.012911707578552978,124.34601017119262,124.35892187877117,0.0,124.34601017119262,0.0,7.377740587205409,124.34601017119262,131.723750758398,0.0,124.34601017119262,0.0,2.827268725992866,124.34601017119262,127.1732788971855,0.0,-0.0015592955690055272,-4.303902526184326e-05,-0.016775072116076307,-0.0009630212943722329,1.0,1500.0,1500.0,1500.0,1500.0,,,0.0,-0.010774071872779699,-0.013100775235140992,-0.010632820833219547,-0.01137993443184957,-0.013760937851938238,-0.010364928736241553,-0.009869724425441363,-0.007808936471958461,-0.007876860835525967,-0.011216980808963049,-0.009292592559169675,-0.009995712028084112,0.09139806021017378,-0.01028747589291399,-0.012815030833178476,-0.007362196019611035,1.0,60.0,60.0,90.0,90.0,90.0,90.0,90.0,90.0,80.0,60.0,90.0,90.0,100.0,90.0,80.0,90.0,1.0,1.0,1.0,1.0,0.0,1.0,0.0,,665.0,1.0,0.0,0.0,0.0,,0.0,,0.0,,-1.0,0.0,0.0,0.0,0.0,1.0,0.0,0.0,0.0,0.0,,0.0,,267.0495097657445,0.0,267.0495097657445,144.0,41.6928247170095,41.99584675835805,0.0,3.0,2.328426000000036,267.0495097657445,51.0,1.0,,,36.0,35.0,,,,,2.0,2.0,300.0,300.0,2.0,2.0,,,,,1.0,1.0,10.0,10.0,52.0,60.0,56.0,56.0,56.0,56.0,62.0,50.0,62.0,50.0,0.0,0.0,0.0,0.0,0.0,1500.0,1500.0,1500.0,1500.0,59,10800.0,60.0,60.0,60.0,90.0,90.0,90.0,90.0,90.0,90.0,60.0,80.0,60.0,90.0,90.0,100.0,90.0,80.0,90.0
