boundary_queue_in_A_left,boundary_queue_in_A_top,boundary_queue_in_B_top,boundary_queue_in_C_right,boundary_queue_in_C_top,boundary_queue_in_D_left,boundary_queue_in_F_right,boundary_queue_out_A_left,boundary_queue_out_A_top,boundary_queue_out_B_top,boundary_queue_out_C_right,boundary_queue_out_C_top,boundary_queue_out_D_left,boundary_queue_out_F_right,flow_FW_E_mean,flow_FW_W_mean,freeway_vehicles,lambda_eff_FW_E_last,lambda_eff_FW_E_mean,lambda_eff_FW_W_last,lambda_eff_FW_W_mean,movement_queue_A_E_to_N,movement_queue_A_E_to_S,movement_queue_A_E_to_W,movement_queue_A_N_to_E,movement_queue_A_N_to_S,movement_queue_A_N_to_W,movement_queue_A_S_to_E,movement_queue_A_S_to_N,movement_queue_A_S_to_W,movement_queue_A_W_to_E,movement_queue_A_W_to_N,movement_queue_A_W_to_S,movement_queue_B_E_to_N,movement_queue_B_E_to_S,movement_queue_B_E_to_W,movement_queue_B_N_to_E,movement_queue_B_N_to_S,movement_queue_B_N_to_W,movement_queue_B_S_to_E,movement_queue_B_S_to_N,movement_queue_B_S_to_W,movement_queue_B_W_to_E,movement_queue_B_W_to_N,movement_queue_B_W_to_S,movement_queue_C_E_to_N,movement_queue_C_E_to_S,movement_queue_C_E_to_W,movement_queue_C_N_to_E,movement_queue_C_N_to_S,movement_queue_C_N_to_W,movement_queue_C_S_to_E,movement_queue_C_S_to_N,movement_queue_C_S_to_W,movement_queue_C_W_to_E,movement_queue_C_W_to_N,movement_queue_C_W_to_S,movement_queue_D_E_to_N,movement_queue_D_E_to_W,movement_queue_D_E_to_onE,movement_queue_D_E_to_onW,movement_queue_D_N_to_E,movement_queue_D_N_to_W,movement_queue_D_N_to_onE,movement_queue_D_N_to_onW,movement_queue_D_W_to_E,movement_queue_D_W_to_N,movement_queue_D_W_to_onE,movement_queue_D_W_to_onW,movement_queue_D_offE_to_E,movement_queue_D_offE_to_N,movement_queue_D_offE_to_W,movement_queue_D_offW_to_E,movement_queue_D_offW_to_N,movement_queue_D_offW_to_W,movement_queue_E_E_to_N,movement_queue_E_E_to_W,movement_queue_E_N_to_E,movement_queue_E_N_to_W,movement_queue_E_W_to_E,movement_queue_E_W_to_N,movement_queue_F_E_to_N,movement_queue_F_E_to_W,movement_queue_F_E_to_onE,movement_queue_F_E_to_onW,movement_queue_F_N_to_E,movement_queue_F_N_to_W,movement_queue_F_N_to_onE,movement_queue_F_N_to_onW,movement_queue_F_W_to_E,movement_queue_F_W_to_N,movement_queue_F_W_to_onE,movement_queue_F_W_to_onW,movement_queue_F_offE_to_E,movement_queue_F_offE_to_N,movement_queue_F_offE_to_W,movement_queue_F_offW_to_E,movement_queue_F_offW_to_N,movement_queue_F_offW_to_W,ramp_queue_R_D_E,ramp_queue_R_D_W,ramp_queue_R_F_E,ramp_queue_R_F_W,rho_FW_E_mean,rho_FW_W_mean,speed_FW_E_mean,speed_FW_W_mean,step,storage_available_A_left_out,storage_available_A_to_B,storage_available_A_to_D,storage_available_A_top_out,storage_available_B_to_A,storage_available_B_to_C,storage_available_B_to_E,storage_available_B_top_out,storage_available_C_right_out,storage_available_C_to_B,storage_available_C_to_F,storage_available_C_top_out,storage_available_D_R_E,storage_available_D_R_W,storage_available_D_left_out,storage_available_D_to_A,storage_available_D_to_E,storage_available_E_to_B,storage_available_E_to_D,storage_available_E_to_F,storage_available_F_R_E,storage_available_F_R_W,storage_available_F_right_out,storage_available_F_to_C,storage_available_F_to_E,storage_available_OR_D_E_storage,storage_available_OR_D_W_storage,storage_available_OR_F_E_storage,storage_available_OR_F_W_storage,time_sec,urban_protected_accumulation_veh,urban_vehicles
4.583333333333335,0.0,0.0,5.833333333333332,0.0,6.249999999999999,6.666666666666665,0.3645833333333333,1.3281250000000004,6.182725694444445,0.3645833333333333,1.6406249999999998,0.0,0.0,948.3238048137073,903.7622944901453,70.8486519419406,2.0,2.0,2.0,2.0,0.18229166666666666,0.18229166666666666,0.3645833333333333,0.0,0.0,0.0,0.0,0.0,0.0,2.2916666666666674,1.1458333333333337,1.1458333333333337,3.114149305555556,3.114149305555556,6.228298611111112,0.0,0.0,0.0,0.0,0.0,0.0,6.137152777777778,3.068576388888889,3.068576388888889,1.458333333333333,1.458333333333333,2.916666666666666,0.0,0.0,0.0,0.0,0.0,0.0,0.3645833333333333,0.18229166666666666,0.18229166666666666,0.0,0.0,2.5666666666666678,2.3333333333333335,0.0,0.0,0.0,0.0,3.1249999999999996,1.5624999999999998,0.7812499999999999,0.7812499999999999,0.0,0.0,0.0,0.0,0.0,0.0,0.0,0.0,0.0,0.0,0.0,0.0,1.6666666666666663,3.3333333333333326,0.8333333333333331,0.8333333333333331,0.0,0.0,0.0,0.0,0.0,0.0,2.683333333333333,2.4499999999999997,0.0,0.0,0.0,0.0,0.0,0.0,0.4755208333333334,0.4366319444444444,0.5079861111111112,0.4690972222222223,4.418393623585322,4.201533355268364,108.33727017429325,108.54514822675215,0,219.88064236111111,210.93585061529444,213.8802083333333,219.93489583333334,214.71788194444454,214.78298611111123,212.25043402777763,220.0,219.85243055555554,208.81642215924686,212.47395833333323,219.93055555555554,180.0,180.0,219.97612847222223,216.76528379789465,209.48941273228078,203.67154360787458,205.48308882591357,205.688454781961,180.0,180.0,219.96961805555554,211.84745731499092,204.78271557042555,59.70677094615321,59.7204537900166,59.45901173836621,59.49508799652893,180.0,161.05926712189546,59.555902777777774
0.0,4.166666666666667,5.0,0.0,5.416666666666668,0.0,0.0,2.440787173492002,2.7982410136506704,3.7758264312678524,3.0488686589589897,3.3894039845846455,1.0226779513888888,1.2879774305555558,1156.529649436182,1095.7130727540439,84.75404204304685,2.0,1.998445572291335,2.0,1.9985962101773564,0.0,0.0,0.0,1.0416666666666667,2.0833333333333335,1.0416666666666667,1.3991205068253352,2.7982410136506704,1.3991205068253352,0.0,0.0,0.0,0.0,0.0,0.0,1.25,2.5,1.25,1.6934687711894816,3.7758264312678524,1.6934687711894816,0.0,0.0,0.0,0.0,0.0,0.0,1.354166666666667,2.708333333333334,1.354166666666667,1.6947019922923228,3.3894039845846455,1.6947019922923228,0.0,0.0,0.0,0.0,0.0,0.0,0.0,1.0226779513888888,1.0226779513888888,3.5893446180555557,3.3560112847222228,0.0,0.0,0.0,0.0,0.0,0.0,0.0,0.0,0.0,0.0,0.0,0.0,0.0,0.0,0.0,0.0,0.0,0.0,0.0,0.0,1.2879774305555558,1.2879774305555558,3.971310763888889,3.7379774305555555,0.0,0.0,0.0,0.0,0.0,0.0,0.0,0.0,0.0,0.0,0.5893602176803105,0.5504713287914216,0.6314252239162138,0.5925363350273247,5.299858628196529,5.0058914517105,109.64048698203477,109.94246057968985,1,219.70486111111111,213.98197494478143,212.1854738981757,219.75694444444443,211.7503087989841,213.2709490440129,213.40516017149855,219.95008680555557,219.70486111111111,212.43659395300193,211.4591915176819,219.73090277777777,180.0,180.0,220.0,211.10433271788185,212.36299874304592,209.88306436533085,207.51443748828424,208.1693252790153,180.0,180.0,219.9142296598907,211.0713769212172,211.5806077231891,56.64293150811759,56.801911829194864,55.37897637409281,55.62363313104284,360.0,145.22168325801465,53.39734216456189
4.583333333333335,0.0,0.0,5.833333333333332,0.0,6.249999999999999,6.666666666666665,2.31836887286062,2.305017769763644,3.027308863026663,1.9580652915824281,2.437365979124547,3.076303205130919,2.937184827780538,1132.2254831805594,1070.5458350904921,82.67718799374383,2.0,2.0,2.0,2.0,1.15918443643031,1.15918443643031,2.31836887286062,0.0,0.0,0.0,0.0,0.0,0.0,2.2916666666666674,1.1458333333333337,1.1458333333333337,1.648718760968329,1.648718760968329,3.297437521936658,0.0,0.0,0.0,0.0,0.0,0.0,2.757180204116668,1.378590102058334,1.378590102058334,1.458333333333333,1.458333333333333,2.916666666666666,0.0,0.0,0.0,0.0,0.0,0.0,1.9580652915824281,0.9790326457912141,0.9790326457912141,1.5381516025654596,3.076303205130919,3.3357424679493977,3.1024091346160643,0.0,0.0,0.0,0.0,3.1249999999999996,1.5624999999999998,0.7812499999999999,0.7812499999999999,0.0,0.0,0.0,0.0,0.0,0.0,0.0,0.0,0.0,0.0,0.0,0.0,1.6666666666666663,3.3333333333333326,0.8333333333333331,0.8333333333333331,0.0,0.0,0.0,0.0,2.937184827780538,1.468592413890269,3.417629540278468,3.184296206945134,0.0,0.0,0.0,0.0,0.0,0.0,0.48257378472222223,0.44368489583333337,0.5142807426656469,0.47539185377675797,5.195960270616392,4.89919681897684,109.45909757118804,109.74367841359881,2,219.87236870659723,213.51807918649584,213.98326279620235,219.91834852430554,212.40227300339106,212.84037558901608,213.04004012228572,219.86545138888889,219.8374609979816,212.10497498942854,212.56130592908445,219.90061644040767,180.0,180.0,219.97260199652777,213.1332236353256,212.84552513398495,208.7482426501237,209.68341809491298,210.75887638683614,180.0,180.0,219.96690538194446,211.65255004227876,211.47697150248356,59.50571139182381,59.52937566293552,59.2859978722239,59.337188645797205,540.0,141.599463331857,66.05574651348233
0.0,4.166666666666667,5.0,0.0,5.416666666666668,0.0,0.0,2.4431394025560857,2.8029454717788385,3.1255677760219496,2.9989927548013378,3.2896521762693416,1.1797304648757883,1.4444067062135737,1132.8614180765562,1071.2927426272017,83.0501411609621,2.0,1.9984052592334232,2.0,1.9985623091502946,0.0,0.0,0.0,1.0416666666666667,2.0833333333333335,1.0416666666666667,1.4014727358894192,2.8029454717788385,1.4014727358894192,0.0,0.0,0.0,0.0,0.0,0.0,1.25,2.5,1.25,1.5627838880109748,3.1255677760219496,1.5627838880109748,0.0,0.0,0.0,0.0,0.0,0.0,1.354166666666667,2.708333333333334,1.354166666666667,1.6448260881346708,3.2896521762693416,1.6448260881346708,0.0,0.0,0.0,0.0,0.0,0.0,0.0,1.1797304648757883,1.1797304648757883,3.7463971315424556,3.513063798209122,0.0,0.0,0.0,0.0,0.0,0.0,0.0,0.0,0.0,0.0,0.0,0.0,0.0,0.0,0.0,0.0,0.0,0.0,0.0,0.0,1.4444067062135737,1.4444067062135737,4.127740039546906,3.894406706213573,0.0,0.0,0.0,0.0,0.0,0.0,0.0,0.0,0.0,0.0,0.608698433398267,0.569809544509378,0.6361105996601433,0.5972217107712543,5.19160621239882,4.895121014995351,109.66485118963267,109.9556494751835,3,219.91427951388889,213.50454973886323,213.56387669110677,219.86165364583334,212.8391355522415,213.9841678962089,213.11868297422515,219.95008680555557,219.91427951388889,211.96137502237045,212.84693623753574,219.83561197916669,180.0,180.0,219.92615213625604,212.5244506120706,212.14653513981585,209.01667767780114,209.3165053272719,210.21972018417188,180.0,180.0,219.91614674543075,212.0485085513782,211.40860387497642,56.624051994649555,56.78490951636223,55.37428267021512,55.62662441084547,720.0,135.86666937026106,53.549546199164375
4.583333333333335,0.0,0.0,5.833333333333332,0.0,6.249999999999999,6.666666666666665,2.47081075829624,2.381238712481454,2.874337768808028,2.111058745839818,2.513862706253242,3.065642188955574,2.92522995446369,1122.3255889696404,1060.7005005639128,81.88489655746987,2.0,2.0,2.0,2.0,1.23540537914812,1.23540537914812,2.47081075829624,0.0,0.0,0.0,0.0,0.0,0.0,2.2916666666666674,1.1458333333333337,1.1458333333333337,1.5840725522807015,1.5840725522807015,3.168145104561403,0.0,0.0,0.0,0.0,0.0,0.0,2.580530433054653,1.2902652165273265,1.2902652165273265,1.458333333333333,1.458333333333333,2.916666666666666,0.0,0.0,0.0,0.0,0.0,0.0,2.111058745839818,1.055529372919909,1.055529372919909,1.532821094477787,3.065642188955574,3.333077213905561,3.0997438805722277,0.0,0.0,0.0,0.0,3.1249999999999996,1.5624999999999998,0.7812499999999999,0.7812499999999999,0.0,0.0,0.0,0.0,0.0,0.0,0.0,0.0,0.0,0.0,0.0,0.0,1.6666666666666663,3.3333333333333326,0.8333333333333331,0.8333333333333331,0.0,0.0,0.0,0.0,2.92522995446369,1.462614977231845,3.4146408219492557,3.1813074886159227,0.0,0.0,0.0,0.0,0.0,0.0,0.48687867314710553,0.4479897842582167,0.5171003210620913,0.4782114321732023,5.145081861641518,4.84925768171214,109.55938767925826,109.83948116889772,4,219.87413194444446,213.6430654843053,214.0015839026874,219.921875,212.24702347481966,212.66363057406232,213.04692716793315,219.86545138888889,219.84456380208331,212.2595544720952,212.57871165835135,219.91482204861111,180.0,180.0,219.97260199652777,213.03836009319664,213.01815604666706,208.84389237403718,209.60424044051385,210.66130799968363,180.0,180.0,219.96690538194446,211.57083178855262,211.668897044196,59.505855809065416,59.5295329461539,59.29591825007363,59.34700758659644,900.0,141.44086421503175,66.00950103700943
0.0,4.166666666666667,5.0,0.0,5.416666666666668,0.0,0.0,2.435186539589533,2.787039745845732,3.033008876840314,2.988343843898287,3.2683543544632396,1.1928753028022316,1.4574523026134092,1138.1083529172186,1075.9668489379458,83.30486989222328,2.0,1.998411356113755,2.0,1.9985673501268362,0.0,0.0,0.0,1.0416666666666667,2.0833333333333335,1.0416666666666667,1.393519872922866,2.787039745845732,1.393519872922866,0.0,0.0,0.0,0.0,0.0,0.0,1.25,2.5,1.25,1.516504438420157,3.033008876840314,1.516504438420157,0.0,0.0,0.0,0.0,0.0,0.0,1.354166666666667,2.708333333333334,1.354166666666667,1.6341771772316198,3.2683543544632396,1.6341771772316198,0.0,0.0,0.0,0.0,0.0,0.0,0.0,1.1928753028022316,1.1928753028022316,3.759541969468899,3.526208636135566,0.0,0.0,0.0,0.0,0.0,0.0,0.0,0.0,0.0,0.0,0.0,0.0,0.0,0.0,0.0,0.0,0.0,0.0,0.0,0.0,1.4574523026134092,1.4574523026134092,4.1407856359467425,3.9074523026134083,0.0,0.0,0.0,0.0,0.0,0.0,0.0,0.0,0.0,0.0,0.6099853015668253,0.5710964126779363,0.6356692179164589,0.5967803290275698,5.20884826990289,4.90952300224575,109.76870239005848,110.07126826557032,5,219.91427951388889,213.50010760498765,213.6123744821018,219.86165364583334,212.89970353865746,214.03318327968046,213.1734746591689,219.95008680555557,219.91427951388889,211.95752671066302,212.90618268643738,219.83561197916669,180.0,180.0,219.92081077760508,212.52083804250896,212.12869489596847,209.0316035493494,209.40971419431042,210.29829101527392,180.0,180.0,219.91790371490399,212.05418672283596,211.3949234774717,56.62534258075072,56.785952967851216,55.370781828003395,55.62344086387166,1080.0,135.24203035487187,53.3947830426278
11.069444444444445,0.02777777777777779,0.1111111111111111,14.194444444444443,0.15277777777777785,15.23611111111111,16.277777777777782,2.9821895028897085,4.241094751444854,6.206574450774952,2.6225859459754357,4.811292972987717,3.050348732399944,2.910376305801346,2072.7228468152716,1962.9750848946778,160.14038471583157,2.0,2.0,2.0,2.0,1.4910947514448543,1.4910947514448543,2.9821895028897085,0.0,0.02777777777777779,0.0,0.0,0.0,0.0,5.569444444444445,2.75,2.75,3.452669507084817,3.452669507084817,6.905339014169634,0.0,0.1111111111111111,0.0,0.0,0.0,0.0,5.5078098873802706,2.7539049436901353,2.7539049436901353,3.4999999999999996,3.4999999999999996,7.194444444444444,0.0,0.15277777777777785,0.0,0.0,0.0,0.0,2.6225859459754357,1.3112929729877179,1.3112929729877179,1.525174366199972,3.050348732399944,7.066892631151855,6.460225964485189,0.0,0.0,0.18948988364914138,0.14282321698247463,7.736111111111111,3.75,1.875,1.875,0.0,0.0,0.0,0.0,0.0,0.0,0.0,0.0,0.0,0.0,0.0,0.0,4.000000000000001,8.27777777777778,2.0000000000000004,2.0000000000000004,0.0,0.0,0.22691874651304406,0.18025207984637753,2.910376305801346,1.455188152900673,7.336231810336239,6.729565143669573,0.0,0.0,0.0,0.0,0.0,0.0,0.9630403645833334,0.9163736979166668,1.0011848958333331,0.9545182291666665,10.09521841735764,9.442940023683805,103.70814116003254,104.80196973059117,6,219.69901860119163,208.52301520532345,207.32181763131143,219.81470386904994,208.3576424151077,208.86409926054077,205.81047664525155,219.86545138888889,219.63796657986111,205.9870494805791,203.9500728396458,219.81759982638889,180.0,180.0,219.9349545607953,211.39605236223397,209.6098768437302,202.09027946790135,204.51160152504266,205.50096678602867,180.0,180.0,219.92085903126474,208.47611019665845,206.173893852026,59.188404884972236,59.21381295096781,58.83124964581404,58.871390613891535,1260.0,229.71342788931042,130.37878017921037
0.3368055555555555,16.104166666666668,19.41666666666667,1.0694444444444373,21.13194444444445,0.7065972222222222,2.027777777777772,6.633490749867091,5.350314833067516,4.145434855148708,8.353461004007087,6.356227563569728,4.12339954710116,4.296490503172065,3176.598802029306,3096.1686053960675,289.88464229497197,2.0,1.9868949100330169,2.0,1.9877891320191698,0.0,0.0,0.0,3.9583333333333335,8.1875,3.9583333333333335,2.675157416533758,5.350314833067516,2.675157416533758,0.3368055555555555,0.0,0.0,0.0,0.0,0.2562911777439684,4.7569444444444455,9.902777777777779,4.7569444444444455,2.072717427574354,4.145434855148708,2.072717427574354,0.0,0.0,0.0,0.07291666666666669,0.07291666666666669,0.9236111111111038,5.18576388888889,10.76041666666667,5.18576388888889,3.1416554484515307,6.283310896903061,3.1416554484515307,0.02604166666666663,0.0,0.0,0.0,0.0,0.4531407549903987,0.3792518661015098,4.12339954710116,4.12339954710116,18.850912675932758,16.144246009266084,0.6006944444444444,0.10590277777777779,0.0,0.0,0.0,0.0,0.0,0.0,0.0,0.0,0.0,0.0,0.0,0.0,0.0,0.0,0.1388888888888889,1.888888888888883,0.0,0.0,4.296490503172065,4.296490503172065,21.450819572592803,18.744152905926125,0.0,0.0,0.49618379003992247,0.4222949011510337,0.0,0.0,0.0,0.0,0.0,0.0,3.2395152940255385,1.6904590607853134,4.259545978122847,2.486212644789513,17.816908668175973,17.16835495886368,91.77175880907949,92.77652310637168,7,220.0,198.2368546319349,200.98677697511144,219.63715277777777,200.26743230056533,204.01734390354235,198.2868119576264,219.54976878807813,219.61111111111111,194.56052184529545,194.54998081988862,219.40364583333334,180.0,180.0,219.88299253559396,200.3801580751763,195.02476012568556,189.57818016914922,192.61864436144253,194.46968291961804,180.0,180.0,219.85859817317365,199.4778874798056,194.2778456839221,50.33152464814012,50.73722512738826,47.101015453753206,47.49437536280975,1440.0,374.00408364736376,186.41463936897406
11.92013888888889,1.590277777777778,0.0,18.18055555555555,2.156250000000005,9.18576388888889,10.58333333333332,7.054327852797183,4.784481363464564,9.449570775957884,7.674119519463849,7.075775037509702,6.262738406218869,7.596053373197243,3653.5461553205896,3592.849942583223,383.827775345719,2.0,1.9995117316931754,2.0,1.9995343182362157,2.363969481954147,2.363969481954147,6.724466741686072,0.3298611111111111,0.9305555555555556,0.3298611111111111,0.0,0.010789659288194475,0.0,7.100694444444445,2.4097222222222223,2.4097222222222223,4.523542108327117,4.523542108327117,9.739522856873357,0.0,0.0,0.0,0.0,0.8623221654531605,0.0,8.272074316526208,4.063706502177608,4.063706502177608,4.059027777777777,4.059027777777777,10.062499999999998,0.4288194444444445,1.298611111111116,0.4288194444444445,0.13194444444444445,0.2638888888888889,0.13194444444444445,7.11335563057496,2.752858370843036,2.752858370843036,0.22977350529689322,5.515102566149341,8.153220085981781,7.192664530426223,0.7476358400695272,0.7476358400695272,25.826081225642334,20.45941455897563,7.809027777777779,1.3767361111111114,0.0,0.0,0.0,0.0,0.0,0.0,0.0,0.0,0.0,0.0,0.0,0.0,0.0,0.0,1.8055555555555547,8.777777777777764,0.0,0.0,0.6156730292701256,0.6156730292701256,32.66352509587182,27.29685842920518,6.980380343927118,0.9624123941857816,8.999817308204005,8.039261752648445,0.0,0.0,0.0,0.0,0.0,0.0,15.016743465676118,6.079861111111111,6.277777777777779,6.277777777777777,22.163712765152336,21.617961571570483,84.43507674474434,85.28946968993523,8,218.05555555555554,197.8511306133497,196.94618055555486,216.1111111111111,193.4027182934801,196.4155656035331,198.90913344483894,218.05555555555554,218.44444444444446,191.68199168015366,192.14992686202112,216.8888888888889,180.0,180.0,218.05555555555554,189.7804873222376,190.45849162611935,192.94238789700142,187.65108495903817,189.97076665214317,180.0,180.0,216.62410678659262,188.80197867983622,184.01299567548122,56.47936083469308,56.63854948687929,56.01168960888824,56.000682821819424,1620.0,483.8626908605296,269.3199110544218
0.3368055555555555,16.104166666666668,19.41666666666667,1.0694444444444373,21.13194444444445,0.7065972222222222,0.8055555555555556,8.550612823111209,9.23860883068432,13.06962817459977,10.561711785672378,10.868223189859767,5.491068302876043,5.71144590704271,3807.6621419151725,3722.2830802404014,438.77354527635777,2.0,1.974262313113174,2.0,1.9761246605386849,0.0,0.0,0.0030381944444443643,3.9583333333333335,8.1875,3.9583333333333335,4.589241295333431,9.23860883068432,4.589241295333431,0.3368055555555555,0.0,0.0,0.0,0.0,0.110719944352274,4.7569444444444455,9.902777777777779,4.7569444444444455,6.340369642855441,13.06962817459977,6.340369642855441,0.0,0.0,0.0,0.07291666666666669,0.07291666666666669,0.9236111111111038,5.18576388888889,10.76041666666667,5.18576388888889,5.372909702339043,10.795306523193101,5.372909702339043,0.0030381944444443643,0.0,0.0,0.34027777777777773,1.0694444444444444,0.7884722222222222,0.7145833333333333,4.421623858431598,4.421623858431598,50.202430093451326,42.175763426784656,0.6006944444444444,0.10590277777777779,0.0,0.0,0.0,0.0,0.0,0.0,0.0,0.0,0.0,0.0,0.0,0.0,0.0,0.0,0.1388888888888889,0.6666666666666667,0.0,0.0,4.642001462598265,4.642001462598265,60.168828874630755,52.142162207964176,1.0694444444444444,0.34027777777777773,0.8254166666666667,0.7515277777777778,0.0,0.0,0.0,0.0,0.0,0.0,10.999000417313708,2.784992121606497,5.316454180247189,3.543120846913854,27.306614839895104,25.349119149517193,74.92602468398684,78.33184041777538,9,219.61111111111111,199.9147831835309,195.64316626454675,219.44118923611111,194.53360002245932,198.4385799759165,195.62282908982002,219.57604193754608,219.61111111111111,195.28699692095705,189.46784731446965,219.41514756944446,180.0,180.0,219.61111111111111,194.13118232403167,194.9378080458278,183.1864457672432,187.17714258767109,189.09778980391008,180.0,180.0,219.61111111111111,194.93949660099128,193.48325543213127,45.518423241527344,46.15919988618671,42.6326685136554,43.2288791749928,1800.0,464.03432970822564,354.11244138766483
10.753472222222223,2.638888888888889,0.0,23.62499999999998,0.5486111111111112,9.18576388888889,6.333333333333332,7.272658684412548,5.346454935105999,8.744540392299967,8.583333333333332,9.89535292595519,7.32128925532308,5.524981052760166,3792.2187797534143,3700.5015815957404,485.902109615898,2.0,1.9984692432400233,2.0,1.998574765465404,1.9368489583333333,1.9368489583333333,6.210069444444443,0.6597222222222222,1.3194444444444444,0.6597222222222222,0.4028670177458827,1.388772643439332,0.4028670177458827,6.711805555555555,2.020833333333334,2.020833333333334,4.142700204625882,4.142700204625882,10.261282662696395,0.0,0.0,0.0,0.0,0.8155838659322445,0.0,7.572512643483683,3.7862563217418415,3.7862563217418415,5.614583333333332,5.614583333333332,12.395833333333314,0.03993055555555558,0.46875000000000006,0.03993055555555558,0.0,0.010587300955191448,0.0,8.543402777777777,4.270182291666666,4.270182291666666,0.6808269193282068,6.4172093942119695,8.378746792997438,7.4181912374418815,0.904079861111111,0.904079861111111,58.94841005368849,48.26174338702185,7.809027777777779,1.3767361111111114,0.0,0.0,0.0,0.0,0.0,0.0,0.0,0.0,0.0,0.0,0.0,0.0,0.0,0.0,0.0,6.333333333333332,0.0,0.0,1.350827214103754,1.350827214103754,78.02765024196344,67.34098357529679,4.174153838656412,0.0,6.548260681886328,5.587705126330771,0.0,0.0,0.0,0.0,0.0,0.0,23.810091629346516,14.371091212032837,16.921068840782738,13.374402174116057,27.505871860647648,24.711414049315128,74.17506257677955,79.15746472367785,10,218.05555555555554,195.71889736269276,195.88387460317387,216.1111111111111,191.62354993211198,193.4633229009522,197.4090825259749,218.05555555555554,219.41137301618906,191.3251029884026,194.89255515873137,219.61111111111111,180.0,180.0,218.05555555555554,189.14271308477893,188.63261700406915,185.18558163635768,185.4944395749629,188.31103153195852,180.0,180.0,211.76496484180618,184.24164533079423,182.598298175139,56.332144674101784,56.50891013304973,53.50744995467523,53.71946117249881,1980.0,514.6739866725983,413.25868577065404
0.3368055555555555,17.42361111111111,17.43055555555556,5.395833333333299,21.13194444444445,0.7065972222222222,0.8055555555555556,9.406353381477459,11.599384190930579,13.928953141839486,10.99725941742917,11.742127901398685,5.206850611881918,5.9835629411560785,3708.184621124412,3682.1669790111414,529.2779138912272,2.0,1.9757028972544541,2.0,1.9766585482668928,0.0,0.0,0.0,4.288194444444445,8.847222222222221,4.288194444444445,5.118158937033015,11.599384190930579,5.118158937033015,0.3368055555555555,0.0,0.0,0.0,0.0,5.586308871228098,4.354166666666668,8.722222222222225,4.354166666666668,6.300996713709974,13.928953141839486,6.300996713709974,0.0,0.0,0.0,0.07291666666666669,3.2326388888888884,2.0902777777777444,5.18576388888889,10.76041666666667,5.18576388888889,5.81149552854028,11.66921123473202,5.81149552854028,0.0,0.0,3.9291563560609117,0.14583333333333331,0.6805555555555556,1.6786775587144382,0.6173611111111112,4.526295056326362,4.526295056326362,81.27268828213795,67.92602161547116,0.6006944444444444,0.10590277777777779,0.0,0.0,0.0,0.0,0.0,0.0,0.0,0.0,0.0,0.0,0.0,0.0,0.0,0.0,0.1388888888888889,0.6666666666666667,0.0,0.0,5.303007385600523,5.303007385600523,106.39463363208266,93.04796696541604,0.6805555555555556,0.14583333333333331,0.7281944444444444,0.6543055555555557,0.0,0.0,0.0,0.0,0.0,0.0,51.69400573405056,24.69576620878464,27.66464991610164,5.571316582768346,26.40002184078259,26.61294153067755,76.29848536686227,75.80835313486162,11,219.66362847222223,200.20076703859093,196.4985780189378,219.46896701388889,194.84982638888906,196.60047272527936,195.0588302295033,219.84103732638889,219.66362847222223,195.20316938517885,199.24533766095996,219.44292534722223,180.0,180.0,219.61111111111111,195.14480401657045,194.6907497058884,185.0497829708295,185.06905896213888,186.61332132151753,180.0,180.0,219.61111111111111,194.84006158792758,193.18751937204996,45.31677677332907,46.06565813244419,43.749084635878305,43.67296821796255,2160.0,472.9310105765608,518.0364507577003
11.92013888888889,1.590277777777778,0.0,35.14583333333328,9.57854287812988,15.123263888888893,18.027777777777764,7.049913194444444,7.19745063058192,10.042061096482243,8.531684027777777,9.860460069444443,10.138938275957806,10.145014664846697,3671.8833582055818,3694.8626451255436,585.2573055000196,2.0,1.9995140077631213,2.0,1.9994891314548773,2.301432291666666,2.301432291666666,6.547309027777777,0.3298611111111111,0.9305555555555556,0.3298611111111111,0.17274305555555558,2.4862961166930315,0.17274305555555558,7.100694444444445,2.4097222222222223,2.4097222222222223,3.9703231605371267,3.9703231605371267,16.040889591638958,0.0,0.0,0.0,0.0,1.85116105360581,0.0,8.703306542456387,4.220576882339305,4.220576882339305,5.614583333333332,15.968749999999993,13.562499999999954,0.03993055555555558,9.49868176701877,0.03993055555555558,0.0,0.0,0.0,8.491753472222221,4.245876736111111,14.084322075390864,3.3745906657566804,9.471403553735584,12.824370560572069,9.931739777322786,0.6675347222222222,0.6675347222222222,85.25900948920892,69.25234282254213,10.142361111111112,3.7100694444444446,0.6354166666666672,0.6354166666666672,0.0,0.0,0.0,0.0,0.0,0.0,0.0,0.0,0.0,0.0,0.0,0.0,4.1388888888888875,12.222222222222214,0.8333333333333333,0.8333333333333333,0.0,0.0,109.70107699462088,93.69441032795429,10.145014664846697,3.7113962213122367,12.916902755514585,10.580420332878342,0.0,0.0,0.0,0.0,0.0,0.0,87.79817240071705,37.47124721109723,34.16464991610162,19.173910116515707,24.801461156190907,26.04031228283289,79.08415463112557,76.57842131247726,12,218.05555555555554,196.7412631718646,196.45969005768222,216.1111111111111,190.7437571552278,192.9129352644237,197.0677835823209,218.05555555555554,219.4197250342118,190.98123153434364,205.75215398924166,219.6172278462014,180.0,180.0,218.05555555555554,194.01080741220088,186.4241377209964,191.30086573463922,188.18947028630603,191.0179351098274,180.0,180.0,218.05555555555554,192.73510417823562,188.5397581943575,56.33467768267555,56.51225018785137,56.182526054239574,55.84215044060257,2340.0,501.5713603407751,607.3646475515995
1.0625,16.104166666666668,19.41666666666667,40.590277777777764,35.46548732257454,2.678819444444447,6.805555555555539,8.784880129436205,10.360555615482651,12.709320179668739,9.756014675402799,10.017494897964436,4.940711358353809,1.0694444444444444,3698.629890447275,3621.383347025332,645.5235737840771,2.0,1.9825064227282458,2.0,1.9828246306667996,0.0,0.3194444444444444,0.052083333333333315,3.9583333333333335,8.1875,3.9583333333333335,4.774463462769537,10.360555615482651,4.774463462769537,0.3368055555555555,0.0,0.7256944444444444,0.08289930555555552,0.08289930555555552,5.434080246630854,4.7569444444444455,9.902777777777779,4.7569444444444455,5.501040788358336,12.626420874113183,5.501040788358336,0.26215277777777773,0.0,0.0,0.07291666666666669,32.59375000000005,7.923611111111047,4.71701388888889,26.03145954479676,4.71701388888889,4.972289115648885,9.94457823129777,4.972289115648885,0.06671167086502355,0.0,29.261839928050783,0.34027777777777773,1.0694444444444444,6.512298747074514,2.0303699101139427,3.8712669139093645,3.8712669139093645,105.3068751560587,86.64020848939194,2.572916666666669,0.10590277777777779,0.0,0.0,0.0,0.0,0.0,0.0,0.0,0.0,0.0,0.0,0.0,0.0,0.0,0.0,0.1388888888888889,6.66666666666665,0.0,0.0,0.0,0.0,122.25803849731078,103.59137183064422,1.0694444444444444,0.34027777777777773,7.713499118661687,2.9646795230323595,0.0,0.0,0.0,0.0,0.0,0.0,115.5375026425959,59.13671568538365,42.49464549973863,42.45408437675068,24.829985208296716,23.775484637233017,79.13636780969502,80.80112651076543,13,219.61111111111111,199.32421519365718,196.7644638306357,219.41666666666666,193.86458333333297,197.94198588428023,196.30026789720395,219.28559027777777,219.61111111111111,196.5649078023895,206.3888888888895,219.390625,180.0,180.0,219.61111111111111,193.82476732050577,195.43754523703316,183.54423603862944,188.87113440410093,187.5409042759549,180.0,180.0,219.61111111111111,192.5326919770998,196.21713662269252,47.20721795029841,47.78489856647143,46.153586260677386,45.88631488745011,2520.0,467.8961756436292,668.6920454448974
19.465344591449256,0.2708333333333333,0.4166666666666668,72.28472222222226,36.74128653941885,30.73437500000001,38.027777777777786,9.279513888888888,8.907118055555555,12.435859787541855,9.27224481269671,10.636637602627154,11.976748334640863,12.836761245127775,3778.247218260838,3716.2517449184074,700.6645771511398,2.0,2.0,2.0,2.0,4.552951388888888,5.918690946885436,9.279513888888888,0.0,0.2708333333333333,0.0,0.0,0.0,0.0,9.04513888888889,4.354166666666667,6.0660390358936995,4.660159457523142,4.660159457523142,12.513180662631978,0.006944444444444475,0.40277777777777785,0.006944444444444475,0.5833333333333333,3.273965723198915,0.5833333333333333,9.265621991417374,4.501734606819798,4.501734606819798,5.614583333333332,47.274305555555664,19.395833333333258,0.03993055555555558,36.66142542830774,0.03993055555555558,0.0,0.49270269627879854,0.0,9.232314257141155,4.529351573015022,41.408385782640856,5.6447581795162955,11.976748334640863,23.915791386290284,16.77386254932972,0.0,0.0,101.11555954562184,79.78889287895512,18.753472222222232,6.043402777777779,2.9687500000000004,2.9687500000000004,0.0,0.0,0.0,0.0,0.0,0.0,0.0,0.0,0.0,0.0,0.0,0.0,6.472222222222221,25.222222222222236,3.1666666666666665,3.1666666666666665,0.0,0.0,112.30637183064434,90.97970516397781,12.836761245127775,5.6447581795162955,26.6619949854992,19.253175389869853,0.0,0.0,0.0,0.0,0.0,0.0,126.2282217814845,64.82427497427265,40.716867721960746,48.537476998972956,27.38102559390171,25.163691365404404,74.41001686935358,78.23649330240993,14,219.4816788281679,197.88471505648522,203.8134628412434,219.62307987855806,191.60331090878984,196.0081911811082,197.50907937952883,219.61111111111111,219.3413592465774,190.4064264296352,209.86607699462203,219.61111111111111,180.0,180.0,219.54470486111111,199.17895474424478,190.36354758636284,197.8871248713874,194.94111646203953,192.83538985279938,180.0,180.0,220.0,196.4783849762798,193.13719499730314,58.17466088739216,58.26061286064403,57.904933540235135,57.89423634786884,2700.0,486.9341383266749,824.7965195061975
7.356967483173954,16.104166666666668,19.41666666666667,70.19638888888905,67.13210281450789,10.92881944444446,19.805555555555657,8.573484313265483,9.139376060837172,9.321862965194077,10.305530825166686,10.249456404196556,3.013888888888889,1.0694444444444444,3710.060848184125,3651.459117652539,774.4271583955217,2.0,1.9819426272244354,2.0,1.982976196469954,0.0,9.624940953955491,0.052083333333333315,3.9583333333333335,8.1875,3.9583333333333335,4.563067646598816,9.139376060837172,4.563067646598816,0.3368055555555555,0.0,7.020161927618399,0.0,0.0,2.6494748813332576,4.7569444444444455,9.902777777777779,4.7569444444444455,4.194351621485928,9.263703242971856,4.194351621485928,0.5052083333333333,0.05815972222222221,0.05815972222222221,0.07291666666666669,61.03319444444468,9.090277777777699,5.18576388888889,56.7605750367301,5.18576388888889,5.067683602944461,10.17653973752989,5.067683602944461,0.052083333333333315,0.0,52.38700780988752,0.34027777777777773,1.0694444444444444,16.444843013316365,6.642914176355744,1.9444444444444444,1.9444444444444444,118.41266192761753,94.42599526095086,10.822916666666682,0.10590277777777779,0.0,0.0,0.0,0.0,0.0,0.0,0.0,0.0,0.0,0.0,0.0,0.0,0.0,0.0,0.1388888888888889,19.666666666666767,0.0,0.0,0.0,0.0,124.62429702643342,100.63763035976694,1.0694444444444444,0.34027777777777773,20.957615401863848,10.88879580623447,0.0,0.0,0.0,0.0,0.0,0.0,156.30088536481782,89.89377870760586,58.716867721960845,59.39864739897305,26.62408850738857,25.030425683633805,75.81325039752356,78.57987970902394,15,219.61111111111111,198.41003599785924,202.76254607745722,219.41666666666666,192.89583333333243,196.7003709433534,194.63454424079555,219.26085069444446,219.61111111111111,193.3273442872481,207.38081627508916,219.390625,180.0,180.0,219.61111111111111,195.27734171421312,194.062640942698,185.9830487076126,189.4999897443762,189.49493420660127,180.0,180.0,219.61111111111111,193.64906186701015,196.18315540791986,47.170841256687396,47.78568014817356,45.779215784544846,45.99926009754215,2880.0,481.5510256552294,832.3006966987949
22.127881780316635,6.541666666666649,3.166666666666667,105.44437073543935,62.311130592285735,38.984375,51.027777777777935,8.44771541585448,6.714875276153406,8.925817451439908,8.775095167201691,9.807686472489733,12.087246882298052,12.619903267490095,3715.9932340251316,3658.3992053223246,827.2637078581458,2.0,2.0,2.0,2.0,2.6805555555555545,17.267359823136335,7.694444444444443,0.3298611111111111,5.881944444444428,0.3298611111111111,0.4234098602989259,1.6245974983756297,0.4234098602989259,7.100694444444445,2.4097222222222223,12.617465113649967,1.8349782631096982,1.8349782631096982,6.314921803997173,0.7916666666666667,1.5833333333333335,0.7916666666666667,1.9444444444444444,4.947026558537531,1.9444444444444444,7.009847481807579,2.14381262979268,2.14381262979268,5.614583333333332,76.93395406877276,22.895833333333247,0.0,62.311130592285735,0.0,0.0,0.0,0.0,8.775095167201691,4.193103139156401,65.38735185401607,5.802626414345085,12.087246882298052,33.87596028944647,21.414031452485816,0.0,0.0,111.14938302838254,84.15129048190393,27.003472222222218,6.043402777777779,2.9687500000000004,2.9687500000000004,0.0,0.0,0.0,0.0,0.0,0.0,0.0,0.0,0.0,0.0,0.0,0.0,6.472222222222221,38.222222222222385,3.1666666666666665,3.1666666666666665,0.0,0.0,114.39787981216398,87.75121314549753,12.619903267490095,5.802626414345085,39.851896774291895,27.12307717866259,0.0,0.0,0.0,0.0,0.0,0.0,180.0,107.29029255735725,73.06487739025519,70.7008055881559,25.335028681052705,24.19093785924448,78.02760263493116,79.97792796355628,16,218.05555555555554,196.74110398040287,204.05555555555364,216.1111111111111,190.0760685335308,194.50128571173795,192.8076091318694,216.1111111111111,219.2604303542121,191.04392032322164,207.12,219.37849959731315,180.0,180.0,220.0,199.12605739678537,192.50281652249691,199.51461412096845,195.0924671516145,194.47888787395885,180.0,180.0,220.0,197.09671886077817,193.57879299493578,58.169791794464736,58.25764758088674,57.97769597129054,57.98201627855193,3060.0,518.2473908128411,984.218598081986
21.275966195512577,23.548611111111068,19.41666666666667,101.44659295766172,92.24008466105853,19.178819444444432,37.47222222222246,8.669028436498799,9.330707593187752,8.563328158633812,10.133859961076508,10.040620252975655,0.8243646157815033,2.4192954318086053,3760.1369991832553,3715.685664251514,883.0864339897065,2.0,1.9841674423980658,2.0,1.9848597745058505,0.0,28.35472972227817,0.052083333333333315,3.9583333333333335,15.631944444444402,3.9583333333333335,4.658611769832132,9.330707593187752,4.658611769832132,0.3368055555555555,0.0,20.93916063995702,0.0,0.0,0.3116319444444445,4.7569444444444455,9.902777777777779,4.7569444444444455,3.754946691401911,8.50516843641159,3.754946691401911,0.5052083333333333,0.05815972222222221,0.05815972222222221,0.07291666666666669,88.78339851321736,12.590277777777699,5.18576388888889,81.86855688328076,5.18576388888889,4.896012738854285,9.96770358630899,4.896012738854285,0.052083333333333315,0.0,74.70137494420008,0.0,0.3382535046703922,40.190084153240015,11.403896383760825,0.4861111111111111,0.4861111111111111,125.35187321576957,94.85862210433207,19.072916666666654,0.10590277777777779,0.0,0.0,0.0,0.0,0.0,0.0,0.0,0.0,0.0,0.0,0.0,0.0,0.0,0.0,0.1388888888888889,37.33333333333358,0.0,0.0,0.0,0.0,124.29121314549747,94.98454647883105,2.4192954318086053,0.023293419001862714,38.725078148704775,23.336258553075623,0.0,0.0,0.0,0.0,0.0,0.0,178.93306748585556,114.06875084069027,75.63510928469944,72.14525003260042,28.314670116406738,27.34875080990564,72.79854259476757,74.37598171810156,17,219.61111111111111,198.37422694680814,204.11438420899043,219.41666666666666,193.35633943699202,196.75544113333666,191.7564111184992,219.26085069444446,219.61111111111111,192.18105035337658,203.02020406877287,219.390625,180.0,180.0,219.61111111111111,195.19075207424675,196.00137282227294,186.80828128252747,193.29946247181658,193.1115091246916,180.0,180.0,219.61111111111111,191.94925097119685,197.41832160726884,47.23801852981637,47.84498385575869,47.14442960325448,47.11566774196974,3240.0,512.4196232228028,1029.9897530910441
47.40096619551255,28.128507650641225,0.4166666666666668,124.9704818465508,95.0350988237496,34.262296575757624,66.36111111111143,9.520833333333332,9.133779764872983,11.144340751887677,8.265681457844815,9.638895421420589,8.918536109264174,11.446313887041951,3717.478100576161,3672.2707275131743,915.9429803449759,2.0,1.9997666082791419,2.0,1.99978839499388,4.734374999999999,43.178339869213694,9.520833333333332,0.0,28.128507650641225,0.0,0.0,0.04523809820631591,0.0,9.04513888888889,4.354166666666667,34.001660639956995,5.098726804493771,5.098726804493771,10.411863331209764,0.006944444444444475,0.40277777777777785,0.006944444444444475,0.5833333333333333,1.6527777777777777,0.5833333333333333,9.047825117010033,4.392836169616128,4.392836169616128,3.6701388888888875,101.12673184655088,20.173611111111033,0.46875000000000006,94.0975988237496,0.46875000000000006,0.2205425689559273,3.1788259769761464,0.2205425689559273,7.5763888888888875,2.7899305555555554,84.39354300038298,3.0981569435209755,8.918536109264174,62.81095549397766,18.778459446089393,0.0,0.0,132.107936646316,88.80752958652305,28.253472222222186,3.7100694444444446,1.663338242424333,0.6354166666666672,0.0,0.0,0.0,0.0,0.0,0.0,0.0,0.0,0.0,0.0,0.0,0.0,6.472222222222221,53.55555555555588,3.1666666666666665,3.1666666666666665,0.0,0.0,119.23502550859656,87.26835884193018,11.446313887041951,5.528712499076532,54.89266690070815,36.8438473050791,0.0,0.0,0.0,0.0,0.0,0.0,180.0,132.2430424573569,88.42756340136609,83.81191669926682,27.447856856313653,26.488591905590688,74.18871836616098,75.73220815042286,18,219.45307539534127,198.8856373383962,217.81213289950574,219.61111111111111,192.8088241525309,196.52666860176603,198.00727708668083,219.61111111111111,218.05555555555554,188.7540504830393,207.4483843505265,216.1111111111111,180.0,180.0,218.05555555555554,194.170485094259,192.45306993829598,197.93415214899562,193.10442817718717,193.02819586016736,180.0,180.0,220.0,195.5685234157229,191.64737276901224,56.33242936299197,56.507949622250614,57.955245241034184,57.95113308852007,3420.0,557.0658159843849,1223.4324467394665
47.400966195512524,61.11461876175231,22.166666666666668,125.16243904529401,125.23301549041616,20.46427525187366,52.80555555555596,10.09410716281536,10.361825436741832,10.536296233130589,10.272021328376354,13.227468185906039,0.9722222222222223,1.0991841605529724,3710.9790797595588,3657.4935092128717,957.4143047172424,2.0,1.9845493021602585,2.0,1.9853264966236748,0.0,59.070527099546055,0.2951388888888889,4.618055555555555,51.8785076506412,4.618055555555555,5.180912718370916,10.361825436741832,5.180912718370916,0.3368055555555555,0.0,47.06416063995697,0.0,0.0,0.21440972222222227,5.541666666666667,11.083333333333334,5.541666666666667,5.268148116565294,10.536296233130589,5.268148116565294,0.26215277777777773,0.0,0.0,0.07291666666666669,115.22146682307186,9.868055555555475,5.18576388888889,114.8614877126384,5.18576388888889,4.791118550598574,13.154551519239373,4.791118550598574,0.2951388888888889,0.0,95.86744712977581,0.2916666666666667,0.9722222222222223,76.13105413675119,8.857203146560332,0.0,0.0,145.42987941558945,94.17671858386856,20.32291666666662,0.10590277777777779,0.03545580742925819,0.0,0.0,0.0,0.0,0.0,0.0,0.0,0.0,0.0,0.0,0.0,0.0,0.0,0.1388888888888889,52.666666666667076,0.0,0.0,0.0,0.0,128.29279053207605,93.66612386540973,1.0991841605529724,0.34027777777777773,53.66912072912534,32.96030113349632,0.0,0.0,0.0,0.0,0.0,0.0,179.37161836988292,151.0661193727223,106.23474656337041,100.56728419499979,26.994274133742977,25.85688582691072,75.0998043271654,76.95794714562909,19,219.61111111111111,200.6711509775295,219.99999999999807,219.29513888888889,194.26970605279806,199.8147152172517,196.08431430607138,219.37282986111111,219.61111111111111,192.3069582588645,205.70335884193014,219.26909722222223,180.0,180.0,219.61111111111111,194.82279045482557,196.43245462367574,188.73686854260953,189.8310795236217,190.75996594490562,180.0,180.0,219.61111111111111,191.96202895504751,197.49586940871808,47.19271752549422,47.80056748582812,47.52149169388075,47.56415316622101,3600.0,547.9684257699869,1310.771925804449
73.5259661955125,75.6285076506413,0.4166666666666668,158.26438986688783,118.25759882374975,35.46423398965819,86.3611111111116,9.520833333333332,9.10277733482421,10.437311737698579,8.650788644506274,9.913935988919803,7.78080373126428,13.257095309118949,3715.798503107944,3654.9737897036075,989.474790339578,2.0,1.9997673123439317,2.0,1.9997890555566555,4.734374999999999,74.2402765043764,9.520833333333332,0.0,75.6285076506413,0.0,0.0,0.014235668157544012,0.0,9.04513888888889,4.354166666666667,60.12666063995694,4.46306044251728,4.46306044251728,9.140530607256782,0.006944444444444475,0.40277777777777785,0.006944444444444475,0.5140987322850659,1.5143085756812427,0.5140987322850659,9.182038216777888,4.459942719500056,4.459942719500056,5.614583333333332,128.97619542244345,23.673611111111025,0.0,118.25759882374975,0.0,0.0,0.0,0.0,8.650788644506274,4.29935265558647,106.34565049845084,2.5292907545210292,7.78080373126428,98.48275749100915,16.389973390599323,0.0,0.0,145.67144637267677,81.8878296949799,29.503472222222154,3.7100694444444446,1.6152756563249233,0.6354166666666672,0.0,0.0,0.0,0.0,0.0,0.0,0.0,0.0,0.0,0.0,0.0,0.0,6.472222222222221,73.55555555555603,3.1666666666666665,3.1666666666666665,0.0,0.0,117.52875318857447,80.24208652190819,13.257095309118949,4.890611709028318,74.4652651829335,51.09644558730444,0.0,0.0,0.0,0.0,0.0,0.0,180.0,169.14720050805744,123.34736411033595,115.42418952193535,25.613789131339352,24.58456811892123,77.47482988026442,79.1686045962821,20,219.46857661036566,198.85042259326536,219.99999999999807,219.61111111111111,193.57959540102965,196.13041493643482,197.36082046431372,219.61111111111111,218.78772820060195,191.52717169798808,206.1788888888887,218.43309529009278,180.0,180.0,218.05555555555554,193.88519880340388,194.76838208423152,202.27970351517018,195.44514164246868,194.89853362623816,180.0,180.0,220.0,195.23011757889884,192.28174519205533,56.33752006055419,56.51295163371417,57.961537050243386,57.97339837840997,3780.0,588.5910806934412,1488.6574267308777
73.52596619551265,107.29517431730818,19.41666666666667,151.97585298308317,147.44857104597185,17.012152777777704,72.80555555555611,8.828120533994895,9.679151829681624,8.144312494414326,10.138569996950737,10.079630326161624,0.9722222222222223,1.6527777777777777,3759.736731625202,3709.0538762260685,1044.3344532880892,2.0,1.9812821623695356,2.0,1.9823063677565218,0.0,89.12568558213184,0.052083333333333315,3.9583333333333335,99.37850765064152,3.9583333333333335,4.817703867328228,9.679151829681624,4.817703867328228,0.3368055555555555,0.0,73.1891606399571,0.0,0.0,0.21440972222222227,4.7569444444444455,9.902777777777779,4.7569444444444455,3.742572913873834,8.144312494414326,3.742572913873834,0.19931990015312023,0.0,0.0,0.07291666666666669,138.53488076086103,13.36805555555548,5.18576388888889,137.07704326819407,5.18576388888889,4.900722774728514,10.006713659494958,4.900722774728514,0.052083333333333315,0.0,112.98341194860397,0.2916666666666667,0.9722222222222223,98.22073963306735,1.5097702990276272,0.0,0.0,157.82301984331676,91.37671858386899,16.906249999999925,0.10590277777777779,0.0,0.0,0.0,0.0,0.0,0.0,0.0,0.0,0.0,0.0,0.0,0.0,0.0,0.0,0.1388888888888889,72.66666666666723,0.0,0.0,0.0,0.0,128.3632654831761,88.41659881650988,1.6527777777777777,0.6319444444444444,72.90362332036887,46.87480372473962,0.0,0.0,0.0,0.0,0.0,0.0,178.89199627427675,173.49911495805705,128.6822038547805,118.50331706637965,28.45032365091776,27.573963569401585,72.52209138781724,73.92676140943499,21,219.61111111111111,199.64749559759363,219.99999999999807,219.41666666666666,193.18853157543924,197.245536126831,194.92221765106012,219.40424629992344,219.61111111111111,192.57282575152425,200.52430874413034,219.390625,180.0,180.0,219.61111111111111,197.33262689124317,192.66397010253922,188.49131926375338,189.9774414115084,191.767391130236,180.0,180.0,219.61111111111111,192.7215657928994,196.70048981240083,45.41740307438952,46.10963595644158,47.050093906982354,47.10035331110895,3960.0,596.5160797641495,1535.8962612722926
99.65096619551288,123.12850765064175,0.4166666666666668,174.93970794689335,150.0517654904162,24.554155722988142,101.69444444444508,9.545138888888888,9.116638706713779,10.767902435868674,8.115821707195668,9.553103797778235,7.158334476123743,11.922223365012634,3722.036107910597,3667.482040930283,1067.2484800625923,2.0,1.9997665250878318,2.0,1.9997883667592207,4.746527777777778,104.00030702785114,9.545138888888888,0.0,123.12850765064175,0.0,0.0,0.015944262269335707,0.0,9.04513888888889,4.354166666666667,86.25166063995732,5.122459390601419,5.122459390601419,10.45932850342506,0.006944444444444475,0.40277777777777785,0.006944444444444475,0.5833333333333333,1.5555555555555556,0.5833333333333333,8.179774979423398,4.089887489711699,4.089887489711699,3.6701388888888875,150.31818016911564,20.951388888888815,0.46875000000000006,149.1142654904162,0.46875000000000006,0.20581343429559004,3.1605996613281984,0.20581343429559004,7.441258272900077,2.7223652475611493,121.92236357895824,1.0513894602840936,7.158334476123743,118.51923713406167,13.497657738228707,0.0,0.0,160.36285319814888,86.20288689571005,21.420138888888797,1.3767361111111114,0.9834897922115959,0.7737909307766391,0.0,0.0,0.0,0.0,0.0,0.0,0.0,0.0,0.0,0.0,0.0,0.0,6.472222222222221,88.88888888888953,3.1666666666666665,3.1666666666666665,0.0,0.0,124.24303859301597,81.63637192634992,11.922223365012634,5.766667238061872,89.24995158337745,60.56113198774803,0.0,0.0,0.0,0.0,0.0,0.0,180.0,180.0,144.23926582144733,131.80466683304633,27.34601887551424,26.558447848754337,74.34403163031308,75.5752928237092,22,219.46772231330976,198.59664094045164,219.99999999999807,219.61111111111111,193.0115380443478,196.293455134105,197.36868062381626,219.61111111111111,218.05555555555554,188.86666227227204,207.38444444444406,216.1111111111111,180.0,180.0,218.05555555555554,189.83150730742045,192.38250243772583,197.22937104113103,192.41170725898266,193.87274411942107,180.0,180.0,220.0,195.3461237949435,193.19806677021262,56.331813560902305,56.507726660003634,57.93780848915369,57.948472558264534,4140.0,652.9451546442791,1728.36010876551
99.6509661955131,156.11461876175306,22.166666666666668,174.6956547253066,180.24968215708267,11.268276981679474,88.13888888888961,9.767182901304473,9.951032469275614,10.653631799217393,10.240087236877336,13.420742585014803,0.9722222222222223,1.0897222065790486,3717.8412319967683,3660.184315983189,1093.2923859758175,2.0,1.98161408418459,2.0,1.9826958284576535,0.0,119.82510071558166,0.1736111111111111,4.618055555555555,146.87850765064198,4.618055555555555,4.975516234637807,9.951032469275614,4.975516234637807,0.3368055555555555,0.0,99.31416063995755,0.0,0.0,0.21440972222222227,5.541666666666667,11.083333333333334,5.541666666666667,5.326815899608697,10.653631799217393,5.326815899608697,0.0,0.0,0.0,0.07291666666666669,163.9769047253067,10.64583333333326,5.18576388888889,169.8781543793049,5.18576388888889,4.880712236877336,13.347825918348137,4.880712236877336,0.1736111111111111,0.0,132.8922449877754,0.2916666666666667,0.9722222222222223,127.91911826221522,16.78858935320631,0.0,0.0,174.24329188458506,95.8688377138519,11.156249999999908,0.10590277777777779,0.006124203901787417,0.0,0.0,0.0,0.0,0.0,0.0,0.0,0.0,0.0,0.0,0.0,0.0,0.0,0.1388888888888889,88.00000000000072,0.0,0.0,0.0,0.0,133.45679707428553,88.19013040761965,1.0897222065790486,0.34027777777777773,87.96515962710251,56.61634003147296,0.0,0.0,0.0,0.0,0.0,0.0,179.30892876947402,179.13593312819978,162.83665609656006,148.06615240990448,27.069853764341513,26.30974855421796,74.95379867652044,76.1318557855546,23,219.61111111111111,200.91023771202455,219.99999999999807,219.35590277777777,194.2581113899315,199.7256666906718,196.0264268214676,219.56597222222223,219.61111111111111,192.34640149295873,205.39137192634956,219.32986111111111,180.0,180.0,219.61111111111111,195.71483728686448,194.99324991833703,188.90275073329803,189.83470341626636,191.14899132785627,180.0,180.0,219.61111111111111,191.95276666238397,197.47470871158518,45.368801097791064,46.06438811140491,47.39350343061638,47.48899295408897,4320.0,644.9150408045871,1833.6244641813664
125.77596619551333,170.6285076506422,0.4166666666666668,207.26071992911596,179.20301549041582,17.182310732156946,117.0277777777786,9.520833333333332,9.10320194987866,10.595819342211634,8.499871127549076,12.47836622388808,5.474132699650493,10.335243810761606,3729.9114241703155,3674.9249439960936,1146.044881276407,2.0,1.9997690529115826,2.0,1.9997905097917303,4.734375,135.0124157318893,9.520833333333332,0.0,170.6285076506422,0.0,0.0,0.014660283211991365,0.0,9.04513888888889,4.354166666666667,112.37666063995778,4.870654192196674,4.870654192196674,9.955718106615569,0.006944444444444475,0.40277777777777785,0.006944444444444475,0.5833333333333333,1.5555555555555556,0.5833333333333333,8.601371966696588,4.169609594459406,4.169609594459406,5.614583333333332,179.52808104022716,22.11805555555548,0.03993055555555558,179.12315437930474,0.03993055555555558,0.0,2.659854271224656,0.0,8.45994057199352,4.203928619330093,145.10840111314897,0.2092885720474691,5.474132699650493,138.99034563891746,21.084494607559435,0.0,0.0,169.2810696623623,88.2466154916299,15.670138888888795,1.3767361111111114,0.13543573215703758,0.0,0.0,0.0,0.0,0.0,0.0,0.0,0.0,0.0,0.0,0.0,0.0,0.0,6.472222222222221,104.22222222222302,3.1666666666666665,3.1666666666666665,0.0,0.0,127.51142149079307,79.58475482412747,10.335243810761606,4.973177460936358,104.17419480377059,70.16537520814094,0.0,0.0,0.0,0.0,0.0,0.0,180.0,179.0987796593302,161.65626861322747,144.73281907657116,30.387191249724815,29.686442779655287,69.04387013405938,70.09589448036638,24,219.46836430283844,198.61532700903808,219.99999999999807,219.61111111111111,193.4099834406319,195.62303498973753,197.15353882987898,219.61111111111111,219.40517100439254,191.0684677690705,209.69444444444397,219.61111111111111,180.0,180.0,218.05555555555554,189.29704602579372,194.46518691933704,197.8622233330295,193.56318019063733,192.432647388075,180.0,180.0,220.0,194.78282441003813,191.73312260498525,56.351543870614364,56.52527713782301,57.894441794847566,57.90543729871509,4500.0,694.6026397855594,1986.599327505965
125.77596619551356,202.29517431730912,19.41666666666667,212.11368549863965,204.89940437930463,5.5182761215132725,103.47222222222311,8.778578510375773,9.337342464280693,8.171263508903936,9.700071574487312,9.987915509714925,0.9722222222222223,1.0694444444444444,3624.9145027727336,3569.693927885028,1189.8455060525785,2.0,1.9817108924069082,2.0,1.982774280846066,0.0,150.69051268645575,0.1736111111111111,3.9583333333333335,194.37850765064243,3.9583333333333335,4.646634065931329,9.337342464280693,4.646634065931329,0.3368055555555555,0.0,125.439160639958,0.0,0.0,0.21440972222222227,4.7569444444444455,9.902777777777779,4.7569444444444455,3.891187310007524,8.171263508903936,3.891187310007524,0.0,0.0,0.0,0.07291666666666669,195.5616021653064,16.479166666666597,4.71701388888889,195.46537660152686,4.71701388888889,4.809446574487311,9.91499884304826,4.809446574487311,0.1736111111111111,0.0,158.6891784653492,0.2916666666666667,0.9722222222222223,147.50459485299203,22.662925417597084,0.0,0.0,183.16150834847303,97.91247714343528,5.406249999999912,0.10590277777777779,0.006123343735582876,0.0,0.0,0.0,0.0,0.0,0.0,0.0,0.0,0.0,0.0,0.0,0.0,0.0,0.1388888888888889,103.33333333333422,0.0,0.0,0.0,0.0,136.01459963428505,85.42793296761965,1.0694444444444444,0.34027777777777773,104.06120428023323,66.28387392530453,0.0,0.0,0.0,0.0,0.0,0.0,179.30892876944444,179.1359331286961,179.1451481483731,161.1772635210162,31.257875383037945,30.57284007869572,67.59771751469405,68.61853127741918,25,219.61111111111111,199.84748944484272,219.99999999999807,219.35590277777777,195.10023342133297,197.64447653432268,195.9209660889406,219.56597222222223,219.61111111111111,194.19102929717045,205.18697704634906,219.32986111111111,180.0,180.0,219.61111111111111,196.01291018093363,194.99066788359744,189.24222901756667,190.37284484638442,191.33157803713118,180.0,180.0,219.61111111111111,192.20529659522356,197.24375705983388,45.34788687811602,46.045324903894006,47.52249267554247,47.598349408859264,4680.0,690.7464389152627,2083.2535868955556
151.90096619551377,218.12850765064266,0.4166666666666668,244.95529087133775,203.80732104597126,11.432310732156866,132.36111111111205,9.520833333333332,9.105467711561776,10.559752495705304,9.251669305455605,10.217563743336147,6.811425144431206,9.43007203844041,3402.8416904416504,3351.0990191036217,1272.5483087763814,2.0,1.9997727939702028,2.0,1.9997936230284392,4.734375,165.11220949195706,9.520833333333332,0.0,218.12850765064266,0.0,0.0,0.016926044895107795,0.0,9.04513888888889,4.354166666666667,138.50166063995823,4.854039956636977,4.854039956636977,9.922489635496175,0.006944444444444475,0.40277777777777785,0.006944444444444475,0.5833333333333333,1.5555555555555556,0.5833333333333333,8.562466744803322,4.150156983512772,4.150156983512772,5.614583333333332,211.38931864911558,27.951388888888822,0.03993055555555558,203.72745993486018,0.03993055555555558,0.0,0.023152701719455382,0.0,9.21173874990005,4.579827708283359,171.5229836846961,0.8779347944378253,6.811425144431206,158.5295794647511,26.912588767699084,0.0,0.0,178.19928612625029,90.29025492121328,9.920138888888806,1.3767361111111114,0.1354357321569496,0.0,0.0,0.0,0.0,0.0,0.0,0.0,0.0,1.7867138674075942,7.884074046136291,2.7569282173401195,6.821246002304156,0.0,6.472222222222221,119.55555555555652,3.1666666666666665,3.1666666666666665,0.0,0.0,130.14587213079275,76.89920546412763,9.43007203844041,4.520591574775761,121.50592385137998,79.25622238199189,0.0,0.0,0.0,0.0,0.0,0.0,180.0,179.0987796593302,176.15238955058098,157.84393018768287,36.52385463535531,35.91192377081973,59.665132818012665,60.55657293146875,26,219.4672314219969,198.63837075877342,219.99999999999807,219.61111111111111,194.6563208046741,197.14427322466918,197.5343807069459,219.61111111111111,219.40509031580694,191.16201516701204,209.36680555555512,219.61111111111111,180.0,180.0,218.05555555555554,190.00901109298863,194.51055342921467,197.94155283817048,198.8812952649511,203.33392095769906,180.0,180.0,220.0,197.7693309758861,193.54382715451825,56.38392540699239,56.55355394447953,58.396399727693506,58.38695399695403,4860.0,744.5737363251301,2269.567712264486
151.900966195514,249.79517431730957,19.41666666666667,250.39973531578175,230.68092657794804,0.7065972222222222,118.80820209789205,8.413896411955479,8.576466343573738,7.266872329608372,8.14779001449453,6.587246695655726,0.0,0.0,3019.5061053766703,2938.5436061565815,1365.5633820334115,2.0,1.9875168961020913,2.0,1.988524619671797,0.0,180.45517984151186,0.1736111111111111,3.9583333333333335,241.8785076506429,3.9583333333333335,4.281951967511035,8.576466343573738,4.281951967511035,0.3368055555555555,0.0,151.56416063995846,0.009982638888888895,0.009982638888888895,0.4088541666666667,4.7569444444444455,9.902777777777779,4.7569444444444455,3.434000400915297,7.256889690719483,3.434000400915297,0.0,0.0,0.0,0.07291666666666669,228.01431864911513,22.312499999999947,4.71701388888889,221.24689880017027,4.71701388888889,3.2571650144945297,6.514330028989059,3.2571650144945297,0.1736111111111111,0.0,185.29970041187846,0.0,0.0,164.27846215208461,25.14611746769916,0.0,0.0,191.10983458299307,98.71245032087408,0.6006944444444444,0.10590277777777779,0.0,0.0,0.0,0.0,0.0,0.0,0.0,0.0,0.0,0.269078616496361,13.043837511676927,0.7102939206308598,13.27209371669236,0.0,0.1388888888888889,118.66666666666772,0.002646542335436486,0.0,0.0,0.0,141.91464798729328,82.7930596307945,0.0,0.0,131.4255790737964,74.15458115405214,0.0,0.0,0.0,0.0,0.0,0.0,179.20204789711718,178.99849741268434,179.1709151625,172.45385886345332,41.288721350020936,41.15086609976553,52.330508371768815,52.63914607104016,27,219.61111111111111,199.8731256230195,219.99999999999807,219.35590277777777,195.67365667688006,197.6558164364624,196.12610808445072,219.47873263888889,219.61111111111111,194.06031442990096,207.4222166430875,219.32986111111111,180.0,180.0,220.0,196.00706704849284,195.3866658027049,190.86614361708382,189.42457961978377,204.73238245007076,180.0,180.0,220.0,195.90930566927744,198.42308505974398,46.53278102583214,47.13188036813847,52.00044412768464,52.29246344186496,5040.0,739.1729606037206,2369.363147277599
168.13360508440257,256.87850765064263,4.125340976140792,261.94891950320647,206.9135654668364,15.23611111111111,133.55555555555677,6.100571550559809,5.800285775279905,8.208815020550883,3.8888888888889173,5.444444444444458,5.572665927302449,0.0,2708.4770499480082,2628.1926920478413,1471.6657399218348,2.0,2.0,2.0,2.0,3.0502857752799044,192.72853765891085,6.100571550559809,0.0,256.87850765064263,0.0,0.0,0.0,0.0,5.569444444444445,2.75,159.81416063995812,3.879734583693907,3.879734583693907,7.759469167387814,1.7724678695627154,0.1111111111111111,2.241761995466965,4.6113084983669825,1.588651694806481,5.537659445293032,5.68224637298988,2.7404287420504962,2.7404287420504962,3.4999999999999996,234.58086394765098,23.868055555555472,0.0,206.9135654668364,0.0,0.0,0.0,0.0,3.8888888888889173,1.9444444444444586,191.94236227411093,2.7863329636512244,5.572665927302449,172.40823381936187,29.09980893583341,0.0,0.0,171.99922605280418,72.85523602449268,7.736111111111111,3.75,1.875,1.875,0.0,0.0,0.0,0.0,0.0,0.0,0.0,4.696326290731843,32.954505793691624,10.95409286110441,29.81832146810187,0.0,4.000000000000001,125.55555555555677,2.0000000000000004,2.0000000000000004,0.0,0.0,126.08014466601156,59.363677265198746,0.0,0.0,140.8751640880672,76.59192223668093,0.0,0.0,0.0,0.0,0.0,0.0,178.796914891732,178.5866538779919,180.0,178.4622873600508,46.71783022974361,47.75965524426391,42.94699870325407,41.99989351695182,28,219.79166666666666,204.16342190620352,219.99999999999807,220.0,201.87939498475058,197.77569560744433,205.6024964384092,219.61111111111111,219.45833333333331,197.2540735479969,200.5555555555549,219.45833333333334,180.0,180.0,220.0,210.79680124960035,211.30544536677328,205.23308722138324,198.10704164614913,204.8981974358594,180.0,180.0,220.0,203.70589622361686,195.23344298329727,59.52476286682514,59.53592467362992,58.404515217073616,58.496903291556436,5220.0,750.0270031156298,2420.9220161634585
160.07432544653489,258.98961876175304,7.01842303368384,205.68782349379993,197.0191210223922,0.0,106.00000000000102,2.5081607171139817,3.0445452102841717,4.891210989191716,3.9428058724889037,6.2872259543831905,0.3535099632904019,3.1402777777777926,2673.260901588626,2464.046162723503,1452.7568251311598,2.0,1.9953828438110313,2.0,1.996327911513268,0.0,199.76668149111748,0.0,1.0416666666666667,256.90628542841966,1.0416666666666667,1.4664940504473152,3.0445452102841717,1.4664940504473152,0.0,0.0,160.07432544653489,0.0,0.0,0.0,1.25,2.5,3.2684230336838405,2.445605494595858,4.891210989191716,10.654788270668387,0.0,0.0,0.0,0.0,205.68782349379993,0.0,1.354166666666667,194.31078768905888,1.354166666666667,2.5886392058222367,6.2872259543831905,2.5886392058222367,0.0,0.0,170.1560344041009,0.0,0.3535099632904019,154.01510134548994,4.898071434492068,0.0,0.0,156.54009358865878,54.96634713560376,0.0,0.0,0.0,0.0,0.0,0.0,0.0,0.0,0.0,0.0,0.0,0.0,25.569014888838918,0.0,17.43586722242307,0.0,0.0,106.00000000000102,0.0,0.0,3.1402777777777926,3.1402777777777926,115.78216715449656,46.24561533729429,0.0,0.0,128.7851362838276,58.88585924640026,0.0,0.0,0.0,0.0,0.0,0.0,178.7687364128541,177.98481694614256,178.73705030402377,178.09483331834488,44.78582799200217,47.82587163116239,37.41681277625195,33.54211911313147,29,220.0,211.49390808230467,207.4231073909291,219.90451388888889,203.88708069185876,209.92081097764898,206.63571666808866,219.84698222896054,219.72374131944446,206.09375099545733,168.3083380473464,219.74034288194446,180.0,180.0,219.61111111111111,204.1497305511788,212.26849206011389,198.04117073436387,199.51281109507698,192.77777777776888,180.0,180.0,220.0,203.2886842789364,198.05222848214348,54.819632787488146,56.1528881407456,51.24949163636961,51.77690302958124,5400.0,714.3150066934231,2109.903009241417
146.53862656018765,227.06461876175285,0.057005099342935794,184.20171238268844,163.9982876890591,6.249999999999999,102.22222222222302,2.2735046132467946,1.1355513908923671,3.645780221091105,1.9074156198946741,2.0730700031648492,7.861125802648115,3.227777777777904,3034.9759319819887,2973.2530153268062,1316.2990114352106,2.0,2.0,2.0,2.0,0.0,189.78453780200135,1.5321178066894998,0.1736111111111111,226.71739653953063,0.1736111111111111,0.5677756954461836,1.1355513908923671,0.5677756954461836,0.0,0.0,146.53862656018765,1.5145731451578985,1.5145731451578985,3.029146290315797,0.0,0.0,0.057005099342935794,0.12977430555555552,0.6484375,2.397675627799106,2.965539151866413,1.4827695759332065,1.4827695759332065,0.0,183.6183790493551,0.5833333333333328,0.22569444444444445,163.5468988001702,0.22569444444444445,0.7726461126935358,2.0730700031648492,0.7726461126935358,0.9090750627566939,0.0,149.4126894009127,3.9305629013240573,7.861125802648115,150.89968087991102,4.298614783995363,0.0,0.0,130.161730458897,27.027725286600187,3.1249999999999996,1.5624999999999998,0.7812499999999999,0.7812499999999999,0.0,0.0,0.0,0.0,0.0,0.0,0.0,0.0,13.127284285808255,0.0,3.461162187314668,0.0,1.6666666666666663,98.8888888888897,0.8333333333333331,0.8333333333333331,0.0,0.0,102.10258285507035,31.378615305021036,3.227777777777904,1.613888888888952,125.8733172892997,55.22089495543028,0.0,0.0,0.0,0.0,0.0,0.0,180.0,176.9620313938368,180.0,180.0,35.53322165518928,39.38390084998246,50.5804220600055,43.92613477645557,30,218.05555555555554,209.29385630527864,196.3944444444422,217.69921887443303,197.13827006759112,209.89458434894624,212.5467533755117,219.61111111111111,218.05555555555554,205.76711574500465,185.38888888888758,217.69824024639942,180.0,180.0,220.0,206.50951233777664,199.4958705418839,197.5827506279079,198.92269579278212,182.08587891139686,180.0,180.0,218.54166666666666,201.9528166398279,186.37249608520284,58.45165219983476,58.715991693513864,58.14352167500348,58.208186563091104,5580.0,696.9076631220163,1853.210579773657
105.39724332182641,215.9535076506417,5.0,142.1044901604657,155.3871765779483,0.0,70.00000000000061,4.9074384406277165,7.384321325699878,11.830309946122814,6.206159672922292,9.25259712362236,3.9745460128968664,5.73611111111111,2589.37259572486,2733.562282926137,1154.0272495527454,2.0,1.9929858034721963,2.0,1.9918783970123566,0.0,155.31100540788304,0.0,1.215277777777778,213.52295209508617,1.215277777777778,3.692160662849939,7.384321325699878,3.692160662849939,0.0,0.0,105.39724332182641,0.0,0.0,0.0,1.25,2.5,1.25,5.720710528616962,11.830309946122814,5.720710528616962,0.0,0.0,0.0,0.0,142.1044901604657,0.0,1.5798611111111116,152.22745435572608,1.5798611111111116,4.62629856181118,9.25259712362236,4.62629856181118,0.0,0.0,109.48683768127914,0.0,0.08565712400797754,129.6722634288531,0.0,3.888888888888889,3.888888888888889,128.33033874474452,24.49633357244742,0.0,0.0,0.0,0.0,0.0,0.0,0.0,0.0,0.0,0.0,0.0,0.0,0.0,0.0,0.0,0.0,0.0,70.00000000000061,0.0,0.0,5.73611111111111,5.73611111111111,108.69424952173713,37.27028197168774,0.0,0.0,103.63884091495444,32.28641858108495,0.0,0.0,0.0,0.0,0.0,0.0,171.9027777777776,151.2360065045516,172.11111111111086,172.11111111111086,28.79729805686016,32.34799585619619,59.431272673026385,54.902927747869185,31,219.81011284722223,213.32998326444465,167.8888888888862,219.8095703125,209.85089181355545,211.71341990599717,211.4887530820002,219.89178038042107,219.81011284722223,210.77604166665952,167.88888888888712,219.78352864583334,180.0,180.0,219.61111111111111,204.43462682998145,201.90153102075925,190.4821896036549,194.31877730233853,204.8581378142961,180.0,180.0,219.77089441000095,203.77618631370672,192.70022979881227,55.149843362629035,52.463374485639385,48.9876816502036,49.40197849740416,5760.0,636.7834113668808,1598.9102125615634
82.39029887738211,181.23128542841937,0.0,118.4794901604654,123.47050991128184,6.249999999999999,63.888888888889404,2.1417123213941,1.914935059454867,5.8528893189699644,0.3125,0.1736111111111111,6.895895713493733,3.5375127140524514,2489.3774043806407,2500.6696543223125,1038.6919707720367,2.0,2.0,2.0,2.0,0.0,135.4250529685919,1.0106336805555551,0.1736111111111111,180.88406320619714,0.1736111111111111,0.9574675297274335,1.914935059454867,0.9574675297274335,0.0,0.0,82.39029887738211,1.8911776877548476,1.8911776877548476,3.7823553755096953,0.0,0.0,0.0,1.101996527777778,2.5928819444444446,1.101996527777778,2.7376593735413435,1.3688296867706717,1.3688296867706717,0.0,118.4794901604654,0.0,0.22569444444444445,123.01912102239295,0.22569444444444445,0.08680555555555555,0.1736111111111111,0.08680555555555555,0.0,0.0,87.26696538026641,3.373295078969088,6.895895713493733,125.94578555422986,4.019980872817878,0.0,0.0,113.5720054114113,9.038000239114059,3.1249999999999996,1.5624999999999998,0.7812499999999999,0.7812499999999999,0.0,0.0,0.0,0.0,0.0,0.0,0.0,0.0,0.0,0.0,0.0,0.0,1.6666666666666663,60.55555555555607,0.8333333333333331,0.8333333333333331,0.0,0.0,96.8136939661817,24.689726416132185,3.5375127140524514,1.7393363924777767,95.79347276107545,23.741050427205906,0.0,0.0,0.0,0.0,0.0,0.0,165.35416666666646,136.24093664599917,165.66666666666634,165.66666666666634,23.717677391776522,27.002764373978287,68.9155255690366,62.19266276030358,32,218.05555555555554,209.51318394306367,185.38888888888582,217.9599609375,203.50582418961744,204.20279803879464,211.28267555529004,219.61111111111111,218.44816421888936,206.24715547710235,184.61111111110904,219.40463766500028,180.0,180.0,218.54166666666666,211.8155133574271,200.90747398292734,192.14130914134714,197.46909916137204,201.91862159316432,180.0,180.0,217.46310877960528,200.91522994078906,184.8519976684909,59.49382040704337,59.461030732428746,58.315237983448,58.28469308685789,5940.0,557.0076017839317,1330.5868776822474
40.327798877382264,169.55767431730825,5.0,76.18782349379855,115.63717657794847,0.0,31.666666666667236,3.0082103027106424,4.801142827643506,12.029798476810578,4.930255388090044,6.700788553957866,4.083333333333333,5.7638888888888875,2426.225411294069,2434.53438271861,905.0441647980454,2.0,1.9964327610643913,2.0,1.9951631679340067,0.0,98.59831648854284,0.0,1.1284722222222223,167.3007298728638,1.1284722222222223,1.8797380804884203,4.801142827643506,1.8797380804884203,0.0,0.0,40.327798877382264,0.0,0.0,0.0,1.25,2.5,1.25,5.820454793960844,12.029798476810578,5.820454793960844,0.0,0.0,0.0,0.0,76.18782349379855,0.0,1.5798611111111116,112.47745435572624,1.5798611111111116,3.350394276978933,6.700788553957866,3.350394276978933,0.0,0.0,48.55501581910737,0.0,0.0,105.07022521515302,0.0,4.083333333333333,4.083333333333333,115.14700541141137,9.913000239114057,0.0,0.0,0.0,0.0,0.0,0.0,0.0,0.0,0.0,0.0,0.0,0.0,0.0,0.0,0.0,0.0,0.0,31.666666666667236,0.0,0.0,5.73611111111111,5.73611111111111,103.59980507729293,30.775837527243272,0.027777777777777735,0.0,68.93985099356777,0.0,0.0,0.0,0.0,0.0,0.0,0.0,157.25694444444406,110.58813495751804,157.7777777777772,153.96520643747536,18.575032885559796,22.19504019282666,77.67649507596978,71.25005823603561,33,219.81011284722223,212.94619449327882,168.27777777777425,219.8095703125,210.4415677715149,212.49491408743538,211.93178259614373,219.95008680555557,219.81011284722223,211.75191715252618,167.11111111110864,219.78352864583334,180.0,180.0,219.73541235856078,207.36201654008315,203.0542472629761,192.6330327682856,194.75290455869396,205.5995446737733,180.0,180.0,219.61111111111111,205.6161068691108,193.07664658128868,57.0921249007938,57.15748577825943,51.88408016295209,50.40366649991235,6120.0,496.89320396358636,1084.2757675324724
25.425021099604553,129.99517431730808,0.0,52.56282349379847,83.72050991128175,6.249999999999999,25.55555555555616,2.9621943229777368,3.454692424984664,4.766280742549406,0.37661900976699947,0.30184913064511,7.574784784232321,3.9504909250583307,2191.183301676282,2348.9022246179647,765.5400828790021,2.0,2.0,2.0,2.0,1.4810971614888684,83.16469530147567,2.9621943229777368,0.0,129.99517431730808,0.0,0.0,0.8277619301624617,0.0,2.2916666666666674,1.1458333333333337,21.987521099604553,1.6972252514674246,1.6972252514674246,3.3944505029348493,0.0,0.0,0.0,0.5525295273906978,1.4939479436702845,0.5525295273906978,3.1502150948233933,1.5751075474116967,1.5751075474116967,0.0,52.56282349379847,0.0,0.22569444444444445,83.26912102239287,0.22569444444444445,0.150924565322555,0.30184913064511,0.150924565322555,0.0,0.0,26.24306157991131,3.762704692843001,7.574784784232321,101.24191019151735,4.214685679754835,0.0,0.0,99.22200541141149,0.0,3.1249999999999996,1.5624999999999998,0.7812499999999999,0.7812499999999999,0.0,0.0,0.0,0.0,0.0,0.0,0.0,0.0,0.0,0.0,0.0,0.0,1.6666666666666663,22.22222222222283,0.8333333333333331,0.8333333333333331,0.0,0.0,91.91369396618194,18.38972641613214,3.9504909250583307,1.9613565736402765,60.905717024052485,3.4306782868201373,0.0,0.0,0.0,0.0,0.0,0.0,150.70833333333292,88.58452338213063,151.3333333333327,135.3559497366954,13.42666708562876,16.518075801060043,86.97843932319768,81.06778945097696,34,219.5665877849188,212.516647131575,185.77777777777388,219.61111111111111,204.85742014687725,206.37475145245497,212.1940700437281,219.61111111111111,218.49002084554235,207.1864725520275,184.61111111110836,219.42556597832677,180.0,180.0,219.02777777777777,212.9410485423303,202.42753941538876,192.50050924649418,198.66417997214455,203.48693699289734,180.0,180.0,218.54166666666666,205.76525072661346,187.48940858270663,59.518419169447974,59.5403327309416,58.7693015255747,58.730049197662964,6300.0,417.1532187574734,851.0476850804678
0.0,113.26600765064155,5.0,12.604490160465197,73.3281488001706,0.0,0.0,2.347669063976619,2.785615905731015,10.927721864275636,4.059872502210807,5.185717226643834,4.875040579797646,5.73611111111111,2101.7370879353552,2106.7318030892925,642.7820140102233,2.0,1.9970409034711705,2.0,1.9971231160331506,0.0,52.25756788877638,0.0,0.9548611111111113,111.35628542841933,0.9548611111111113,1.3928079528655075,2.785615905731015,1.3928079528655075,0.0,0.0,0.0,0.0,0.0,0.0,1.25,2.5,1.25,5.269416487693373,10.927721864275636,5.269416487693373,0.0,0.0,0.0,0.0,12.604490160465197,0.0,1.4670138888888893,70.39412102239282,1.4670138888888893,2.592858613321917,5.185717226643834,2.592858613321917,0.0,0.0,0.0,0.0,0.013929468686534996,79.98111098135105,0.0,4.861111111111111,4.861111111111111,99.7275609669671,7.0,0.0,0.0,0.0,0.0,0.0,0.0,0.0,0.0,0.0,0.0,0.0,0.0,0.0,0.0,0.0,0.0,0.0,0.0,0.0,0.0,5.73611111111111,5.73611111111111,98.69980507729316,24.475837527243215,0.0,0.0,33.70408958652193,0.0,0.0,0.0,0.0,0.0,0.0,0.0,142.61111111111052,55.54674318505261,143.44444444444355,102.99611169709613,12.262911959553099,12.545581368515526,89.65129829990315,88.51619349433254,35,219.81011284722223,212.35539021070227,186.0194233448358,219.8095703125,211.09817908378497,212.7209419813564,212.37310219923964,219.95008680555557,219.81011284722223,211.7394716738442,180.3869650664595,219.78352864583334,180.0,180.0,219.61111111111111,207.91912323722943,204.05991770911132,194.88457405528104,196.79466293253313,206.41820950564124,180.0,180.0,219.65277777777777,207.24768207480753,198.78334167875198,57.112212664828995,57.24873774935453,52.68011411562217,52.748442976128196,6480.0,349.6468778055186,658.6622136569732
4.583333333333335,70.16184098397504,0.0,5.833333333333332,34.96356546683725,6.249999999999999,6.666666666666665,3.1031095120926353,2.6973880893796514,3.955413958322736,2.9621507112129586,2.939408688939812,5.6886997771300445,4.087303595027486,2094.023469376958,2063.0709510601255,572.5289014780417,2.0,2.0,2.0,2.0,1.5515547560463177,38.86299970413231,3.1031095120926353,0.0,70.16184098397504,0.0,0.0,0.0,0.0,2.2916666666666674,1.1458333333333337,1.1458333333333337,1.738996216376122,1.738996216376122,3.477992432752244,0.0,0.0,0.0,0.12977430555555552,0.6484375,0.12977430555555552,3.135960483893229,1.5679802419466145,1.5679802419466145,1.458333333333333,1.458333333333333,2.916666666666666,0.0,34.96356546683725,0.0,0.0,0.0,0.0,2.9621507112129586,1.4810753556064793,1.4810753556064793,2.8394841869005893,5.6886997771300445,75.49596413108947,3.7530754267836297,0.0,0.0,75.44570860297938,0.0,3.1249999999999996,1.5624999999999998,0.7812499999999999,0.7812499999999999,0.0,0.0,0.0,0.0,0.0,0.0,0.0,0.0,0.0,0.0,0.0,0.0,1.6666666666666663,3.3333333333333326,0.8333333333333331,0.8333333333333331,0.0,0.0,78.51078271462049,3.5868151645703943,4.087303595027486,1.8788553773184573,25.469162791307237,3.389427688659228,0.0,0.0,0.0,0.0,0.0,0.0,136.06249999999937,22.07805743290847,136.99999999999903,84.22731276877786,12.153979928600053,11.991148980944555,89.87758728249456,89.81105725620986,36,219.69419768328373,212.76651960908748,188.02256944443997,219.03856897767855,206.88344171789433,208.1706224283755,212.6440575247207,219.61111111111111,219.83984375,210.66410244331325,194.0393102314971,219.90538194444446,180.0,180.0,219.49001736111111,212.83978333575712,205.41173142406626,198.16537135795934,203.62175439725885,205.67025037716297,180.0,180.0,219.51117621527777,206.50046144453634,200.3283282393526,59.51872473961367,59.54163406018908,58.781801268357746,58.79980772636801,6660.0,295.25359925714724,472.18187657963125
0.0,53.43267431730852,5.0,0.0,24.01912102239277,0.0,0.0,2.3230077408478773,2.7362932594735323,7.757693417477003,3.7295579000216112,4.750782466709889,4.543836805555555,3.624582970932287,2093.780074638806,1749.7720553036474,474.0124704795837,2.0,1.9970471050382865,2.0,1.9980341445108178,0.0,6.834796861955311,0.0,0.9548611111111113,51.52295209508629,0.9548611111111113,1.3681466297367662,2.7362932594735323,1.3681466297367662,0.0,0.0,0.0,0.0,0.0,0.0,1.25,2.5,1.25,3.8788467087385015,7.757693417477003,3.8788467087385015,0.0,0.0,0.0,0.0,0.0,0.0,1.354166666666667,21.310787689059435,1.354166666666667,2.3753912333549443,4.750782466709889,2.3753912333549443,0.0,0.0,0.0,0.0,0.0,52.69722766562095,0.0,4.543836805555555,4.543836805555555,70.61576068631274,6.48828125,0.0,0.0,0.0,0.0,0.0,0.0,0.0,0.0,0.0,0.0,0.0,0.0,0.0,0.0,0.0,0.0,0.0,0.0,0.0,0.0,3.624582970932287,3.624582970932287,72.83441534560961,5.8704163042656194,0.0,0.0,0.0,0.0,0.0,0.0,0.0,0.0,0.0,0.0,127.965277777777,0.6440404474696363,126.84620132548508,42.63381048290996,12.166013494684217,9.850713233402159,89.89986914779537,92.9258921523505,37,219.931640625,212.70026348514315,187.7638888888841,219.87033420138889,212.12485701926454,213.66612283397427,212.46580242662213,219.87448963457462,219.931640625,211.58598919132533,203.44568823784323,219.84429253472223,180.0,180.0,219.82571072048611,210.4467527130701,208.5174105466985,201.61783782520914,204.97525796103147,206.44540596466396,180.0,180.0,219.7616880764728,207.87328339793314,210.63794456899265,57.11242516824568,57.193457484454406,52.68844805542239,54.26111240841337,6840.0,230.3548732239515,344.61907129376203
4.583333333333335,10.328507650641903,0.0,5.833333333333332,0.0,6.249999999999999,6.666666666666665,2.5407856882778437,2.4162261774722555,3.162348764760476,2.2752379481583747,2.5959523074125204,3.266454725769606,3.45278245219312,2093.4985876258943,1643.0234320822474,400.28647868013763,2.0,2.0,2.0,2.0,1.2703928441389218,1.2703928441389218,2.5407856882778437,0.0,10.328507650641903,0.0,0.0,0.0,0.0,2.2916666666666674,1.1458333333333337,1.1458333333333337,1.735049473013166,1.735049473013166,3.470098946026332,0.0,0.0,0.0,0.0,0.0,0.0,2.8545985834946195,1.4272992917473097,1.4272992917473097,1.458333333333333,1.458333333333333,2.916666666666666,0.0,0.0,0.0,0.0,0.0,0.0,2.2752379481583747,1.1376189740791873,1.1376189740791873,1.633227362884803,3.266454725769606,46.1745389274399,3.149947014775736,0.0,0.0,45.27924314365294,0.0,3.1249999999999996,1.5624999999999998,0.7812499999999999,0.7812499999999999,0.0,0.0,0.0,0.0,0.0,0.0,0.0,0.0,0.0,0.0,0.0,0.0,1.6666666666666663,3.3333333333333326,0.8333333333333331,0.8333333333333331,0.0,0.0,43.99611755346905,0.0,3.45278245219312,1.72639122609656,3.546528946381613,3.3131956130482796,0.0,0.0,0.0,0.0,0.0,0.0,121.41666666666606,0.7903053740068249,108.30014087797254,0.47452256944444504,12.147630678794354,9.01547472021162,89.89407198987973,93.93039854676258,38,219.85003188198746,213.33955641807478,194.36856668540284,219.873674875086,209.61134771033733,210.741902341326,212.73476588043812,219.93055555555554,219.83984375,211.2026046458587,209.91368177412312,219.90538194444446,180.0,180.0,219.96315235015516,213.66005043665217,206.02857466982437,200.2655855771866,205.57416324329157,205.80457583202465,180.0,180.0,219.96690538194446,208.80122351676343,205.65467108994227,59.51872638410752,59.5467196603307,58.78186246064494,59.01479985583826,7020.0,205.32948253843935,211.48171028160118
0.0,3.819444444444445,5.0,0.0,5.416666666666668,0.0,0.0,2.1255678327321457,2.341413443242069,6.540994115612281,3.436811061598849,4.1652887898643645,3.1082356770833335,1.567490140218294,2093.7459347483805,1189.6474537696888,336.6564321009464,2.0,1.9970471320786178,2.0,1.998920919584271,0.0,0.0,0.0,0.9548611111111113,1.9097222222222225,0.9548611111111113,1.1707067216210345,2.341413443242069,1.1707067216210345,0.0,0.0,0.0,0.0,0.0,0.0,1.25,2.5,1.25,3.2704970578061405,6.540994115612281,3.2704970578061405,0.0,0.0,0.0,0.0,0.0,0.0,1.354166666666667,2.708333333333334,1.354166666666667,2.0826443949321822,4.1652887898643645,2.0826443949321822,0.0,0.0,0.0,0.0,0.0,22.778096408861376,0.0,3.1082356770833335,3.1082356770833335,34.42658159727284,5.052680121527778,0.0,0.0,0.0,0.0,0.0,0.0,0.0,0.0,0.0,0.0,0.0,0.0,0.0,0.0,0.0,0.0,0.0,0.0,0.0,0.0,1.567490140218294,1.567490140218294,32.174331047402106,3.8133234735516264,0.0,0.0,0.0,0.0,0.0,0.0,0.0,0.0,0.0,0.0,113.31944444444406,0.5814835959416644,76.19226663839859,0.6422222122962737,12.165600296076226,6.0959752883527045,89.90094215436646,98.28866306906787,39,219.91427951388889,212.93957980309924,211.92166026802158,219.86165364583334,212.6359323773993,214.1590697908276,212.83326497300527,219.95008680555557,219.91427951388889,211.37297063983593,212.32709712855666,219.83561197916669,180.0,180.0,219.81172917087832,211.1115986359553,211.5261578710072,205.4170229077572,208.021722211615,207.62728270678528,180.0,180.0,219.79957903275934,208.81368902613318,210.3825436726217,57.11242612816295,57.24096485193936,52.688484356229125,55.965842728881114,7200.0,165.27003265744924,147.92796809176753
4.583333333333335,0.0,0.0,5.833333333333332,0.0,6.249999999999999,6.666666666666665,2.482278173372372,2.3869724200195197,3.2123576621511307,2.202388035336068,2.5595273510013667,3.3123475595484257,3.1443499980731913,2093.496368330489,1074.4452781333393,299.31843129567466,2.0,2.0,2.0,2.0,1.241139086686186,1.241139086686186,2.482278173372372,0.0,0.0,0.0,0.0,0.0,0.0,2.2916666666666674,1.1458333333333337,1.1458333333333337,1.7918134443894265,1.7918134443894265,3.583626888778853,0.0,0.0,0.0,0.0,0.0,0.0,2.8410884355234085,1.4205442177617043,1.4205442177617043,1.458333333333333,1.458333333333333,2.916666666666666,0.0,0.0,0.0,0.0,0.0,0.0,2.202388035336068,1.101194017668034,1.101194017668034,1.6561737797742129,3.3123475595484257,15.86878114613655,3.161420223220441,0.0,0.0,0.0,0.0,3.1249999999999996,1.5624999999999998,0.7812499999999999,0.7812499999999999,0.0,0.0,0.0,0.0,0.0,0.0,0.0,0.0,0.0,0.0,0.0,0.0,1.6666666666666663,3.3333333333333326,0.8333333333333331,0.8333333333333331,0.0,0.0,0.0,0.0,3.1443499980731913,1.5721749990365956,3.4694208328516316,3.2360874995182978,0.0,0.0,0.0,0.0,0.0,0.0,103.03282707317105,0.4436848958333334,54.2941567885283,0.4781209122709499,12.147603808363789,5.486101394870087,89.89414189952625,98.61317413475794,40,219.85756642035489,213.7134144392738,213.65428035029183,219.88874395182086,210.8934434442271,211.77436218444024,212.97197540066318,219.86545138888889,219.83984375,211.44643482052422,212.12606393848992,219.90538194444446,180.0,180.0,219.97260199652777,213.5309566967652,213.7647412074329,206.21088626390502,208.26383646739328,209.08574349473568,180.0,180.0,219.96330703911795,209.5284426874336,209.96684798537473,59.51872639108567,59.52997943254611,58.78186271931273,59.349944238946236,7380.0,155.67948353034834,80.97285243751408
0.0,3.819444444444445,5.0,0.0,5.416666666666668,0.0,0.0,2.177016500852479,2.444310779482736,3.317529821416678,3.257530623800486,3.806727914267638,1.172800543589857,1.492489128659302,2093.745790193906,1116.5531919748216,213.93682930839555,2.0,1.9970471321928658,2.0,1.9991489403838534,0.0,0.0,0.0,0.9548611111111113,1.9097222222222225,0.9548611111111113,1.222155389741368,2.444310779482736,1.222155389741368,0.0,0.0,0.0,0.0,0.0,0.0,1.25,2.5,1.25,1.658764910708339,3.317529821416678,1.658764910708339,0.0,0.0,0.0,0.0,0.0,0.0,1.354166666666667,2.708333333333334,1.354166666666667,1.903363957133819,3.806727914267638,1.903363957133819,0.0,0.0,0.0,0.0,0.0,0.0,0.0,1.172800543589857,1.172800543589857,3.3116894324787465,3.1172449880343023,0.0,0.0,0.0,0.0,0.0,0.0,0.0,0.0,0.0,0.0,0.0,0.0,0.0,0.0,0.0,0.0,0.0,0.0,0.0,0.0,1.492489128659302,1.492489128659302,3.952211350881524,3.738322461992635,0.0,0.0,0.0,0.0,0.0,0.0,0.0,0.0,0.0,0.0,65.30825717113322,0.5816851723356792,4.773428615310483,0.6375179477278463,12.16559854493204,5.684385467506818,89.90094670613779,98.74321472594761,41,219.86219618055554,213.15997510014563,213.137723970299,219.83561197916666,212.69262476645918,214.08704768824234,212.91132060235378,219.95008680555557,219.72677951388889,211.5861551434893,212.72029910630664,219.74186197916669,180.0,180.0,219.92159370995495,211.70361342807752,211.7620078011479,208.0805617013063,208.322734703997,210.08608214010457,180.0,180.0,219.92757448602933,210.1852199989429,210.51005369093326,57.11242613221793,57.27422319780878,52.688484509610035,56.543597832553964,7560.0,144.55659187870953,52.823295719330744
4.583333333333335,0.0,0.0,5.833333333333332,0.0,6.249999999999999,6.666666666666665,2.7358396863478807,2.513753176507274,3.0330307051393275,2.368426363852306,2.642546515259486,3.2603244768239024,3.0454263886612636,1722.6994363294868,1070.6253547137544,132.41528656095792,2.0,2.0,2.0,2.0,1.3679198431739403,1.3679198431739403,2.7358396863478807,0.0,0.0,0.0,0.0,0.0,0.0,2.2916666666666674,1.1458333333333337,1.1458333333333337,1.6582438738313314,1.6582438738313314,3.316487747662663,0.0,0.0,0.0,0.0,0.0,0.0,2.7495736626159917,1.3747868313079958,1.3747868313079958,1.458333333333333,1.458333333333333,2.916666666666666,0.0,0.0,0.0,0.0,0.0,0.0,2.368426363852306,1.184213181926153,1.184213181926153,1.6301622384119512,3.2603244768239024,3.3817477858726432,3.1484144525393103,0.0,0.0,0.0,0.0,3.1249999999999996,1.5624999999999998,0.7812499999999999,0.7812499999999999,0.0,0.0,0.0,0.0,0.0,0.0,0.0,0.0,0.0,0.0,0.0,0.0,1.6666666666666663,3.3333333333333326,0.8333333333333331,0.8333333333333331,0.0,0.0,0.0,0.0,3.0454263886612636,1.5227131943306318,3.444689930498649,3.2113565971653157,0.0,0.0,0.0,0.0,0.0,0.0,13.256080148827145,0.4502167567624243,0.5171068974611348,0.47821800857224583,9.250210991323993,5.463997102342878,94.8528048575389,98.65250725485494,42,219.85801838752596,213.7062221797971,214.19847205088416,219.889647886163,211.74905611334395,212.5112470059835,213.00575072701503,219.86545138888889,219.84456380208331,211.51008696561175,212.61234070566454,219.91482204861111,180.0,180.0,219.97260199652777,213.5171451345324,213.25359177193656,207.73899977384443,208.4502879989561,210.5081791470907,180.0,180.0,219.96690538194446,209.55897609869038,210.09634778779255,59.51852501938594,59.52926192488241,58.755059536773054,59.33731963667002,7740.0,150.0705668662978,68.31882331859468
0.0,3.819444444444445,5.0,0.0,5.416666666666668,0.0,0.0,2.189001939684317,2.4682816571464117,3.345704329123795,3.2680758293583367,3.8278183253833395,1.1019797222648284,1.4323833680981624,1211.282582514486,1114.9316600826176,97.5295054827899,2.0,1.9989815824674502,2.0,1.9991512624406187,0.0,0.0,0.0,0.9548611111111113,1.9097222222222225,0.9548611111111113,1.2341408285732058,2.4682816571464117,1.2341408285732058,0.0,0.0,0.0,0.0,0.0,0.0,1.25,2.5,1.25,1.6728521645618974,3.345704329123795,1.6728521645618974,0.0,0.0,0.0,0.0,0.0,0.0,1.354166666666667,2.708333333333334,1.354166666666667,1.9139091626916698,3.8278183253833395,1.9139091626916698,0.0,0.0,0.0,0.0,0.0,0.0,0.0,1.1019797222648284,1.1019797222648284,3.240868611153718,3.0464241667092735,0.0,0.0,0.0,0.0,0.0,0.0,0.0,0.0,0.0,0.0,0.0,0.0,0.0,0.0,0.0,0.0,0.0,0.0,0.0,0.0,1.4323833680981624,1.4323833680981624,3.892105590320384,3.678216701431495,0.0,0.0,0.0,0.0,0.0,0.0,0.0,0.0,0.0,0.0,0.6197154584925881,0.5808265696036992,0.6757524250834483,0.6368635361945594,6.207182297245794,5.675681422093277,98.2209045541122,98.7506308613065,43,219.69444444444446,213.18176679027593,213.27639989329904,219.75173611111111,212.42003068525452,213.8978445659251,212.9653612367041,219.95008680555557,219.69444444444446,211.6691588320332,212.82670365884385,219.72569444444446,180.0,180.0,219.92261182740887,211.70999532207043,211.72001323973998,208.19753849741542,208.44915916564872,210.21731913148483,180.0,180.0,219.91529676649304,210.98594663722602,210.8740982070243,57.12217955889571,57.27477842407485,56.18608230898128,56.55007897022348,7920.0,143.3066840971856,52.44606098475906
4.583333333333335,0.0,0.0,5.833333333333332,0.0,6.249999999999999,6.666666666666665,2.5935609864340825,2.442613826550375,3.00486097433438,2.241450663542034,2.57905866510435,3.2015680746434647,3.035472754223134,1129.207317158427,1068.885915773994,91.75209966946878,2.0,2.0,2.0,2.0,1.2967804932170413,1.2967804932170413,2.5935609864340825,0.0,0.0,0.0,0.0,0.0,0.0,2.2916666666666674,1.1458333333333337,1.1458333333333337,1.6335641654608501,1.6335641654608501,3.2671283309217003,0.0,0.0,0.0,0.0,0.0,0.0,2.74259361774706,1.37129680887353,1.37129680887353,1.458333333333333,1.458333333333333,2.916666666666666,0.0,0.0,0.0,0.0,0.0,0.0,2.241450663542034,1.120725331771017,1.120725331771017,1.6007840373217324,3.2015680746434647,3.367058685327534,3.1337253519942005,0.0,0.0,0.0,0.0,3.1249999999999996,1.5624999999999998,0.7812499999999999,0.7812499999999999,0.0,0.0,0.0,0.0,0.0,0.0,0.0,0.0,0.0,0.0,0.0,0.0,1.6666666666666663,3.3333333333333326,0.8333333333333331,0.8333333333333331,0.0,0.0,0.0,0.0,3.035472754223134,1.517736377111567,3.4422015218891167,3.2088681885557833,0.0,0.0,0.0,0.0,0.0,0.0,0.4889861749180757,0.4500972860291868,0.51710546461254,0.47821657572365117,5.771331727398191,5.455880043624975,98.51900259700356,98.64049173978995,44,219.87236870659723,213.71986474593433,214.13410060123934,219.91834852430554,211.86660960844446,212.57533043036526,213.0243094607495,219.86545138888889,219.84456380208331,212.1465718758548,212.54739961739006,219.91482204861111,180.0,180.0,219.97260199652777,213.4835779918255,213.28521081142597,208.8487707345067,209.54578958347074,210.5499243841214,180.0,180.0,219.96690538194446,211.8952624630537,212.1673604157091,59.50513521158258,59.52943364257738,59.29848156620124,59.340160580428396,8100.0,141.89988386754047,67.53021552168961
0.0,3.819444444444445,5.0,0.0,5.416666666666668,0.0,0.0,2.1804772408065882,2.451232259390954,2.8470114192288807,2.900664456550607,3.09299557976788,1.0822725171671825,1.4126761630005162,1173.6174531493132,1110.8235661123115,95.57408928811317,2.0,1.9990612162528316,2.0,1.9991523725563938,0.0,0.0,0.0,0.9548611111111113,1.9097222222222225,0.9548611111111113,1.225616129695477,2.451232259390954,1.225616129695477,0.0,0.0,0.0,0.0,0.0,0.0,1.25,2.5,1.25,1.4235057096144403,2.8470114192288807,1.4235057096144403,0.0,0.0,0.0,0.0,0.0,0.0,1.354166666666667,2.708333333333334,1.354166666666667,1.54649778988394,3.09299557976788,1.54649778988394,0.0,0.0,0.0,0.0,0.0,0.0,0.0,1.0822725171671825,1.0822725171671825,3.221161406056072,3.0267169616116276,0.0,0.0,0.0,0.0,0.0,0.0,0.0,0.0,0.0,0.0,0.0,0.0,0.0,0.0,0.0,0.0,0.0,0.0,0.0,0.0,1.4126761630005162,1.4126761630005162,3.872398385222738,3.658509496333849,0.0,0.0,0.0,0.0,0.0,0.0,0.0,0.0,0.0,0.0,0.610190401106459,0.57130151221757,0.6765284008412752,0.6376395119523862,5.984642479946566,5.655585120863147,98.59183978578761,98.74232704324629,45,219.69444444444446,213.24202846276336,213.42007685842836,219.75173611111111,212.51241857714686,213.66166157994078,213.13651924521395,219.95008680555557,219.69444444444446,211.79479069288888,212.89674613990428,219.72569444444446,180.0,180.0,219.92258179984603,212.02583637297477,211.75663282223658,209.12673295894058,209.45934002937727,210.2863288814953,180.0,180.0,219.91529676649304,211.34631162985315,211.0090420292282,57.13766642078032,57.27369603309153,56.38409410762049,56.556745471484504,8280.0,137.44362478037942,49.78727323744623
4.583333333333335,0.0,0.0,5.833333333333332,0.0,6.249999999999999,6.666666666666665,2.683680798997903,2.487673732832285,2.9784459893091135,2.3479130231980045,2.6322898449323353,3.1490043004458577,2.995877836746711,1127.024615362818,1066.8587081884561,91.55127100814977,2.0,2.0,2.0,2.0,1.3418403994989514,1.3418403994989514,2.683680798997903,0.0,0.0,0.0,0.0,0.0,0.0,2.2916666666666674,1.1458333333333337,1.1458333333333337,1.6255393704151135,1.6255393704151135,3.251078740830227,0.0,0.0,0.0,0.0,0.0,0.0,2.7058132377879995,1.3529066188939998,1.3529066188939998,1.458333333333333,1.458333333333333,2.916666666666666,0.0,0.0,0.0,0.0,0.0,0.0,2.3479130231980045,1.1739565115990023,1.1739565115990023,1.5745021502229288,3.1490043004458577,3.353917741778132,3.1205844084447985,0.0,0.0,0.0,0.0,3.1249999999999996,1.5624999999999998,0.7812499999999999,0.7812499999999999,0.0,0.0,0.0,0.0,0.0,0.0,0.0,0.0,0.0,0.0,0.0,0.0,1.6666666666666663,3.3333333333333326,0.8333333333333331,0.8333333333333331,0.0,0.0,0.0,0.0,2.995877836746711,1.4979389183733556,3.432302792520011,3.1989694591866775,0.0,0.0,0.0,0.0,0.0,0.0,0.48257378472222223,0.4436848958333333,0.517132695002936,0.47824380611404715,5.759048214516181,5.4446562637934734,98.53327389589465,98.65201281048458,46,219.86127573487295,213.7803328077465,214.27427369550512,219.89616258085698,212.30317330087152,212.8061608248654,213.13442257269733,219.86545138888889,219.84456380208331,212.1856823563747,212.67834589781816,219.91482204861111,180.0,180.0,219.97260199652777,213.5103559283061,213.32108170688278,208.90037764690578,209.6166835252401,210.5967873675187,180.0,180.0,219.96690538194446,211.93102616580072,212.2008336710793,59.505314983710306,59.529601944638515,59.30137973594107,59.342921080201585,8460.0,140.63297440601946,67.63340254268007
0.0,3.819444444444445,5.0,0.0,5.416666666666668,0.0,0.0,2.1858541525556077,2.461986082888993,2.8316448650606074,2.8985610041968717,3.0887886750604094,1.068298521447428,1.398702167280762,1172.660938807197,1109.875425198683,95.49311049804163,2.0,1.9990622740526316,2.0,1.9991533527931376,0.0,0.0,0.0,0.9548611111111113,1.9097222222222225,0.9548611111111113,1.2309930414444965,2.461986082888993,1.2309930414444965,0.0,0.0,0.0,0.0,0.0,0.0,1.25,2.5,1.25,1.4158224325303037,2.8316448650606074,1.4158224325303037,0.0,0.0,0.0,0.0,0.0,0.0,1.354166666666667,2.708333333333334,1.354166666666667,1.5443943375302047,3.0887886750604094,1.5443943375302047,0.0,0.0,0.0,0.0,0.0,0.0,0.0,1.068298521447428,1.068298521447428,3.207187410336318,3.0127429658918734,0.0,0.0,0.0,0.0,0.0,0.0,0.0,0.0,0.0,0.0,0.0,0.0,0.0,0.0,0.0,0.0,0.0,0.0,0.0,0.0,1.398702167280762,1.398702167280762,3.8584243895029835,3.644535500614095,0.0,0.0,0.0,0.0,0.0,0.0,0.0,0.0,0.0,0.0,0.6101862365718993,0.5712973476830103,0.6767245927146235,0.6378357038257345,5.979512522639478,5.650531196699229,98.59600136174987,98.7462469059603,47,219.69444444444446,213.25693207173435,213.43147214457477,219.75173611111111,212.51943318098677,213.69444743539128,213.15641947485932,219.95008680555557,219.69444444444446,211.80254902404906,212.9093675411187,219.72569444444446,180.0,180.0,219.92261485309285,212.04970436393256,211.75861757725744,209.16760412982305,209.4969663539507,210.32470537442586,180.0,180.0,219.9172401758008,211.37423585263264,210.99797930562735,57.13773631249345,57.273757995291675,56.38712525539864,56.55976888139264,8640.0,137.1021455142188,49.65784200093278
4.583333333333335,0.0,0.0,5.833333333333332,0.0,6.249999999999999,6.666666666666665,2.681741216207831,2.4867039414372494,2.974617750134032,2.3441871209553096,2.630426893810988,3.143457997356788,2.989558002406465,1126.8636464174342,1066.6996348585726,91.53584679817521,2.0,2.0,2.0,2.0,1.3408706081039155,1.3408706081039155,2.681741216207831,0.0,0.0,0.0,0.0,0.0,0.0,2.2916666666666674,1.1458333333333337,1.1458333333333337,1.6237398201940234,1.6237398201940234,3.247479640388047,0.0,0.0,0.0,0.0,0.0,0.0,2.7017558598800173,1.3508779299400087,1.3508779299400087,1.458333333333333,1.458333333333333,2.916666666666666,0.0,0.0,0.0,0.0,0.0,0.0,2.3441871209553096,1.1720935604776548,1.1720935604776548,1.571728998678394,3.143457997356788,3.3525311660058645,3.119197832672531,0.0,0.0,0.0,0.0,3.1249999999999996,1.5624999999999998,0.7812499999999999,0.7812499999999999,0.0,0.0,0.0,0.0,0.0,0.0,0.0,0.0,0.0,0.0,0.0,0.0,1.6666666666666663,3.3333333333333326,0.8333333333333331,0.8333333333333331,0.0,0.0,0.0,0.0,2.989558002406465,1.4947790012032325,3.4307228339349494,3.197389500601616,0.0,0.0,0.0,0.0,0.0,0.0,0.48257378472222223,0.4436848958333334,0.5171290198396973,0.4782401309508084,5.758075888945326,5.443701481908318,98.53529902527723,98.65405309016802,48,219.859555627513,213.7805865286841,214.27656039096024,219.89272236613712,212.31175732687797,212.81105466129708,213.13355835711326,219.86545138888889,219.84456380208331,212.1897825295494,212.6806293306785,219.91482204861111,180.0,180.0,219.97260199652777,213.50886239498877,213.32237154009292,208.91835697284046,209.62944678183558,210.60764600159212,180.0,180.0,219.96690538194446,211.93314215869697,212.20495292314328,59.505320754970306,59.52960726371667,59.30144822551194,59.34298644717214,8820.0,140.524521164451,67.58302634105559
0.0,3.819444444444445,5.0,0.0,5.416666666666668,0.0,0.0,2.1875314320245507,2.465340641826879,2.8303065350388104,2.8983354625900892,3.0883375918468445,1.06782332477222,1.3982269706055537,1172.6194800496469,1109.8344213081505,95.48937012545098,2.0,1.9990623143325814,2.0,1.999153390115079,0.0,0.0,0.0,0.9548611111111113,1.9097222222222225,0.9548611111111113,1.2326703209134395,2.465340641826879,1.2326703209134395,0.0,0.0,0.0,0.0,0.0,0.0,1.25,2.5,1.25,1.4151532675194052,2.8303065350388104,1.4151532675194052,0.0,0.0,0.0,0.0,0.0,0.0,1.354166666666667,2.708333333333334,1.354166666666667,1.5441687959234223,3.0883375918468445,1.5441687959234223,0.0,0.0,0.0,0.0,0.0,0.0,0.0,1.06782332477222,1.06782332477222,3.2067122136611097,3.012267769216665,0.0,0.0,0.0,0.0,0.0,0.0,0.0,0.0,0.0,0.0,0.0,0.0,0.0,0.0,0.0,0.0,0.0,0.0,0.0,0.0,1.3982269706055537,1.3982269706055537,3.8579491928277756,3.6440603039388866,0.0,0.0,0.0,0.0,0.0,0.0,0.0,0.0,0.0,0.0,0.6101959802946,0.5713070914057112,0.6766973541824832,0.6378084652935943,5.979278709680008,5.65030133356083,98.59634267290478,98.74658430302256,49,219.69444444444446,213.25989589533188,213.43364899546899,219.75173611111111,212.52112134292773,213.69542988608276,213.15775478117578,219.95008680555557,219.69444444444446,211.80381890352407,212.91124500539536,219.72569444444446,180.0,180.0,219.9225695919295,212.05093182866784,211.7589209655218,209.1683845785233,209.49926525001976,210.3268007259148,180.0,180.0,219.9173043255677,211.37511503868208,210.9983328154505,57.13773653589511,57.2737580060969,56.387240374810936,56.5598831890583,9000.0,137.08312394799663,49.657170718936165
4.583333333333335,0.0,0.0,5.833333333333332,0.0,6.249999999999999,6.666666666666665,2.6814237463390467,2.486545206502857,2.974506301132905,2.3434461650559824,2.630056415861324,3.1431120051995354,2.9892246459604617,1126.8414232564037,1066.6775341956945,91.53386160387248,2.0,2.0,2.0,2.0,1.3407118731695233,1.3407118731695233,2.6814237463390467,0.0,0.0,0.0,0.0,0.0,0.0,2.2916666666666674,1.1458333333333337,1.1458333333333337,1.6236890182251065,1.6236890182251065,3.247378036450213,0.0,0.0,0.0,0.0,0.0,0.0,2.701634565815598,1.350817282907799,1.350817282907799,1.458333333333333,1.458333333333333,2.916666666666666,0.0,0.0,0.0,0.0,0.0,0.0,2.3434461650559824,1.1717230825279912,1.1717230825279912,1.5715560025997677,3.1431120051995354,3.3524446679665516,3.119111334633218,0.0,0.0,0.0,0.0,3.1249999999999996,1.5624999999999998,0.7812499999999999,0.7812499999999999,0.0,0.0,0.0,0.0,0.0,0.0,0.0,0.0,0.0,0.0,0.0,0.0,1.6666666666666663,3.3333333333333326,0.8333333333333331,0.8333333333333331,0.0,0.0,0.0,0.0,2.9892246459604617,1.4946123229802308,3.430639494823449,3.1973061614901153,0.0,0.0,0.0,0.0,0.0,0.0,0.48257378472222223,0.4436848958333334,0.5171289580886487,0.4782400691997598,5.757951236522341,5.4435780004812235,98.53545298833646,98.65420858712511,50,219.8595622627374,213.78079653695414,214.2767320393082,219.89273563658585,212.31213729193425,212.81048149711904,213.13319567522535,219.86545138888889,219.84456380208331,212.19000132518232,212.68079918115092,219.91482204861111,180.0,180.0,219.97260199652777,213.5088984666899,213.32275787497187,208.91913209929282,209.63038295937105,210.60854606679808,180.0,180.0,219.96690538194446,211.93335441102093,212.20538186462872,59.50532192274188,59.52960838111598,59.30146851503525,59.34300627032997,9180.0,140.51703019703527,67.57910499630835
0.0,3.819444444444445,5.0,0.0,5.416666666666668,0.0,0.0,2.1875242793257828,2.465326336429343,2.830105345110716,2.898311015525596,3.088288697717858,1.0678066946267666,1.3982103404601003,1172.6141424587322,1109.829117849415,95.4889003336801,2.0,1.9990623191087171,2.0,1.9991533945963669,0.0,0.0,0.0,0.9548611111111113,1.9097222222222225,0.9548611111111113,1.2326631682146716,2.465326336429343,1.2326631682146716,0.0,0.0,0.0,0.0,0.0,0.0,1.25,2.5,1.25,1.415052672555358,2.830105345110716,1.415052672555358,0.0,0.0,0.0,0.0,0.0,0.0,1.354166666666667,2.708333333333334,1.354166666666667,1.544144348858929,3.088288697717858,1.544144348858929,0.0,0.0,0.0,0.0,0.0,0.0,0.0,1.0678066946267666,1.0678066946267666,3.206695583515656,3.0122511390712114,0.0,0.0,0.0,0.0,0.0,0.0,0.0,0.0,0.0,0.0,0.0,0.0,0.0,0.0,0.0,0.0,0.0,0.0,0.0,0.0,1.3982103404601003,1.3982103404601003,3.857932562682322,3.644043673793433,0.0,0.0,0.0,0.0,0.0,0.0,0.0,0.0,0.0,0.0,0.610200004545151,0.5713111156562621,0.6766908366915174,0.6378019478026286,5.97924945614773,5.650272422034881,98.59637524678071,98.74661624283273,51,219.69444444444446,213.25995682962747,213.4337316088416,219.75173611111111,212.52121954486697,213.6955067556997,213.1578423169541,219.95008680555557,219.69444444444446,211.80388583876012,212.91133194662336,219.72569444444446,180.0,180.0,219.92255289718304,212.0510760059109,211.75896801135497,209.16845440177724,209.49938576829743,210.32689535847894,180.0,180.0,219.91730815776666,211.37526569548612,210.99838055342454,57.13773636767944,57.27375783063939,56.38725427155345,56.559897176013564,9360.0,137.0813068876364,49.6565088988633
4.583333333333335,0.0,0.0,5.833333333333332,0.0,6.249999999999999,6.666666666666665,2.681407012529984,2.4865368395983256,2.9744897030808506,2.343430931482148,2.630048799074407,3.143089083501405,2.989202691890884,1126.8403287300878,1066.6764450193684,91.53376075836785,2.0,2.0,2.0,2.0,1.340703506264992,1.340703506264992,2.681407012529984,0.0,0.0,0.0,0.0,0.0,0.0,2.2916666666666674,1.1458333333333337,1.1458333333333337,1.6236808227800497,1.6236808227800497,3.2473616455600993,0.0,0.0,0.0,0.0,0.0,0.0,2.701617760601602,1.350808880300801,1.350808880300801,1.458333333333333,1.458333333333333,2.916666666666666,0.0,0.0,0.0,0.0,0.0,0.0,2.343430931482148,1.171715465741074,1.171715465741074,1.5715445417507026,3.143089083501405,3.3524389375420185,3.119105604208685,0.0,0.0,0.0,0.0,3.1249999999999996,1.5624999999999998,0.7812499999999999,0.7812499999999999,0.0,0.0,0.0,0.0,0.0,0.0,0.0,0.0,0.0,0.0,0.0,0.0,1.6666666666666663,3.3333333333333326,0.8333333333333331,0.8333333333333331,0.0,0.0,0.0,0.0,2.989202691890884,1.494601345945442,3.4306340063060543,3.197300672972721,0.0,0.0,0.0,0.0,0.0,0.0,0.48257378472222223,0.4436848958333334,0.5171289517176393,0.4782400628287503,5.75794490362307,5.443571729285168,98.53546314104577,98.65421887769998,52,219.85956247087833,213.78080640562064,214.27675800787372,219.89273605286775,212.31217693476623,212.8105117237593,213.1332039877261,219.86545138888889,219.84456380208331,212.1900182499459,212.68082494794461,219.91482204861111,180.0,180.0,219.97260199652777,213.5089044020384,213.3227761163093,208.91916561250127,209.6304198958503,210.60857480511027,180.0,180.0,219.96690538194446,211.93336844354607,212.20540288557837,59.505321972228714,59.52960842860969,59.30146946494703,59.343007196542025,9540.0,140.51651680306398,67.57888491779892
0.0,3.819444444444445,5.0,0.0,5.416666666666668,0.0,0.0,2.1875238642263577,2.4653255062304926,2.830095640683484,2.89830987241701,3.0882864115006865,1.0678050307370432,1.3982086765703772,1172.6138020361748,1109.828779811529,95.4888697188708,2.0,1.9990623195135029,2.0,1.9991533949755447,0.0,0.0,0.0,0.9548611111111113,1.9097222222222225,0.9548611111111113,1.2326627531152463,2.4653255062304926,1.2326627531152463,0.0,0.0,0.0,0.0,0.0,0.0,1.25,2.5,1.25,1.415047820341742,2.830095640683484,1.415047820341742,0.0,0.0,0.0,0.0,0.0,0.0,1.354166666666667,2.708333333333334,1.354166666666667,1.5441432057503433,3.0882864115006865,1.5441432057503433,0.0,0.0,0.0,0.0,0.0,0.0,0.0,1.0678050307370432,1.0678050307370432,3.206693919625933,3.0122494751814886,0.0,0.0,0.0,0.0,0.0,0.0,0.0,0.0,0.0,0.0,0.0,0.0,0.0,0.0,0.0,0.0,0.0,0.0,0.0,0.0,1.3982086765703772,1.3982086765703772,3.8579308987925987,3.64404200990371,0.0,0.0,0.0,0.0,0.0,0.0,0.0,0.0,0.0,0.0,0.6101999805286822,0.5713110916397931,0.6766904571387948,0.6378015682499061,5.979247579369985,5.65027056826289,98.59637736904625,98.74661833550684,53,219.69444444444446,213.25996055282812,213.43373906350635,219.75173611111111,212.52122460034568,213.6955112234222,213.1578470785549,219.95008680555557,219.69444444444446,211.8038895631068,212.91133854512256,219.72569444444446,180.0,180.0,219.9225529700287,212.051083841314,211.75897091746336,209.16846222310366,209.49940018698857,210.32690848913958,180.0,180.0,219.91730852142786,211.37527438151517,210.99838335862626,57.137736383062624,57.27375784429958,56.38725539962434,56.55989830358868,9720.0,137.0811807649504,49.65646994605901
4.583333333333335,0.0,0.0,5.833333333333332,0.0,6.249999999999999,6.666666666666665,2.681406081443273,2.48653637405497,2.9744887841130336,2.343430000682041,2.6300483336743534,3.143087770887356,2.9892014961698408,1126.8402565545791,1066.6763733258595,91.53375404445168,2.0,2.0,2.0,2.0,1.3407030407216365,1.3407030407216365,2.681406081443273,0.0,0.0,0.0,0.0,0.0,0.0,2.2916666666666674,1.1458333333333337,1.1458333333333337,1.6236803502099941,1.6236803502099941,3.2473607004199883,0.0,0.0,0.0,0.0,0.0,0.0,2.701616867806079,1.3508084339030395,1.3508084339030395,1.458333333333333,1.458333333333333,2.916666666666666,0.0,0.0,0.0,0.0,0.0,0.0,2.343430000682041,1.1717150003410206,1.1717150003410206,1.571543885443678,3.143087770887356,3.3524386093885066,3.1191052760551727,0.0,0.0,0.0,0.0,3.1249999999999996,1.5624999999999998,0.7812499999999999,0.7812499999999999,0.0,0.0,0.0,0.0,0.0,0.0,0.0,0.0,0.0,0.0,0.0,0.0,1.6666666666666663,3.3333333333333326,0.8333333333333331,0.8333333333333331,0.0,0.0,0.0,0.0,2.9892014961698408,1.4946007480849204,3.4306337073757938,3.19730037404246,0.0,0.0,0.0,0.0,0.0,0.0,0.48257378472222223,0.4436848958333334,0.5171289512523997,0.4782400623635108,5.757944481540972,5.443571312244057,98.53546386283685,98.65421960798554,54,219.85956248325115,213.78080748759257,214.27675925679873,219.89273607761342,212.3121801004113,212.81051447783494,213.1332043986075,219.86545138888889,219.84456380208331,212.1900198093328,212.68082618935102,219.91482204861111,180.0,180.0,219.97260199652777,213.50890472449106,213.3227769581881,208.91916906681692,209.630422773985,210.6085772513606,180.0,180.0,219.96690538194446,211.93336965724387,212.20540411504533,59.505321975459985,59.529608431679165,59.30146951752508,59.343007247787476,9900.0,140.5164817553087,67.57887250148383
0.0,3.819444444444445,5.0,0.0,5.416666666666668,0.0,0.0,2.1875238225061833,2.465325422790144,2.8300951306709123,2.8983097790553116,3.0882862247772893,1.067804871425845,1.3982085172591787,1172.6137833039497,1109.828761215117,95.48886802909438,2.0,1.9990623195350596,2.0,1.9991533949957239,0.0,0.0,0.0,0.9548611111111113,1.9097222222222225,0.9548611111111113,1.232662711395072,2.465325422790144,1.232662711395072,0.0,0.0,0.0,0.0,0.0,0.0,1.25,2.5,1.25,1.4150475653354562,2.8300951306709123,1.4150475653354562,0.0,0.0,0.0,0.0,0.0,0.0,1.354166666666667,2.708333333333334,1.354166666666667,1.5441431123886447,3.0882862247772893,1.5441431123886447,0.0,0.0,0.0,0.0,0.0,0.0,0.0,1.067804871425845,1.067804871425845,3.2066937603147347,3.01224931587029,0.0,0.0,0.0,0.0,0.0,0.0,0.0,0.0,0.0,0.0,0.0,0.0,0.0,0.0,0.0,0.0,0.0,0.0,0.0,0.0,1.3982085172591787,1.3982085172591787,3.8579307394814006,3.6440418505925116,0.0,0.0,0.0,0.0,0.0,0.0,0.0,0.0,0.0,0.0,0.6101999765332051,0.5713110876443162,0.6766904375356779,0.637801548646789,5.9792474759299585,5.650270466130786,98.59637748844108,98.74661845313699,55,219.69444444444446,213.25996079364472,213.43373959855373,219.75173611111111,212.52122519263267,213.6955117119767,213.1578476189759,219.95008680555557,219.69444444444446,211.80388979331408,212.91133900738618,219.72569444444446,180.0,180.0,219.92255298164247,212.05108429525853,211.75897107280815,209.1684626159682,209.49940098769557,210.32690921233996,180.0,180.0,219.91730854673008,211.37527485052902,210.99838352689198,57.1377363837635,57.27375784491103,56.38725546000743,56.55989836394591,10080.0,137.0811722774987,49.65646711121679
4.583333333333335,0.0,0.0,5.833333333333332,0.0,6.249999999999999,6.666666666666665,2.681406023891406,2.4865363452790366,2.9744887333997205,2.3434299404779595,2.6300483035723126,3.14308762981834,2.9892013611302,1126.8402506788343,1066.676367478514,91.53375349549974,2.0,2.0,2.0,2.0,1.340703011945703,1.340703011945703,2.681406023891406,0.0,0.0,0.0,0.0,0.0,0.0,2.2916666666666674,1.1458333333333337,1.1458333333333337,1.6236803250164522,1.6236803250164522,3.2473606500329044,0.0,0.0,0.0,0.0,0.0,0.0,2.701616816766536,1.350808408383268,1.350808408383268,1.458333333333333,1.458333333333333,2.916666666666666,0.0,0.0,0.0,0.0,0.0,0.0,2.3434299404779595,1.1717149702389797,1.1717149702389797,1.57154381490917,3.14308762981834,3.3524385741212526,3.119105240787919,0.0,0.0,0.0,0.0,3.1249999999999996,1.5624999999999998,0.7812499999999999,0.7812499999999999,0.0,0.0,0.0,0.0,0.0,0.0,0.0,0.0,0.0,0.0,0.0,0.0,1.6666666666666663,3.3333333333333326,0.8333333333333331,0.8333333333333331,0.0,0.0,0.0,0.0,2.9892013611302,1.4946006805651,3.4306336736158833,3.19730034028255,0.0,0.0,0.0,0.0,0.0,0.0,0.48257378472222223,0.4436848958333333,0.517128951218556,0.4782400623296671,5.7579444470621866,5.443571278112308,98.53546392394011,98.65421966996273,56,219.85956248402792,213.78080754910414,214.27675932351264,219.89273607916692,212.3121802815319,212.8105146298273,213.13320443397802,219.86545138888889,219.84456380208331,212.19001989656977,212.6808262549188,219.91482204861111,180.0,180.0,219.97260199652777,213.50890474456384,213.32277704920222,208.9191693292804,209.630422976441,210.60857743119976,180.0,180.0,219.96690538194446,211.93336973207795,212.20540422734018,59.50532197572648,59.529608431933255,59.30146952198224,59.343007252138754,10260.0,140.51647930796213,67.57887151090137
0.0,3.819444444444445,5.0,0.0,5.416666666666668,0.0,0.0,2.18752382020377,2.465325418185317,2.8300950804693517,2.898309771571105,3.0882862098088766,1.067804863226706,1.39820850906004,1172.613781969106,1109.828759890277,95.48886790644669,2.0,1.9990623195364672,2.0,1.9991533949970393,0.0,0.0,0.0,0.9548611111111113,1.9097222222222225,0.9548611111111113,1.2326627090926585,2.465325418185317,1.2326627090926585,0.0,0.0,0.0,0.0,0.0,0.0,1.25,2.5,1.25,1.4150475402346758,2.8300950804693517,1.4150475402346758,0.0,0.0,0.0,0.0,0.0,0.0,1.354166666666667,2.708333333333334,1.354166666666667,1.5441431049044383,3.0882862098088766,1.5441431049044383,0.0,0.0,0.0,0.0,0.0,0.0,0.0,1.067804863226706,1.067804863226706,3.206693752115596,3.0122493076711514,0.0,0.0,0.0,0.0,0.0,0.0,0.0,0.0,0.0,0.0,0.0,0.0,0.0,0.0,0.0,0.0,0.0,0.0,0.0,0.0,1.39820850906004,1.39820850906004,3.8579307312822615,3.644041842393373,0.0,0.0,0.0,0.0,0.0,0.0,0.0,0.0,0.0,0.0,0.6101999763146322,0.5713110874257432,0.6766904352475849,0.6378015463586959,5.979247468520524,5.650270458818965,98.59637749753506,98.74661846209817,57,219.69444444444446,213.25996081766053,213.433739632029,219.75173611111111,212.52122522708788,213.69551173936856,213.1578476498997,219.95008680555557,219.69444444444446,211.80388981758762,212.91133903801915,219.72569444444446,180.0,180.0,219.92255298226627,212.05108432984667,211.75897108320166,209.16846263996746,209.49940103455333,210.3269092520817,180.0,180.0,219.91730854891284,211.37527488673817,210.99838353851004,57.13773638379532,57.27375784493697,56.38725546397925,56.559898367915,10440.0,137.08117169376996,49.65646690607408
4.583333333333335,0.0,0.0,5.833333333333332,0.0,6.249999999999999,6.666666666666665,2.6814060178229817,2.4865363422448246,2.974488729686164,2.343429934474068,2.630048300570367,3.143087621698179,2.9892013533929216,1126.8402502933893,1066.676367094978,91.53375345999386,2.0,2.0,2.0,2.0,1.3407030089114909,1.3407030089114909,2.6814060178229817,0.0,0.0,0.0,0.0,0.0,0.0,2.2916666666666674,1.1458333333333337,1.1458333333333337,1.6236803231822305,1.6236803231822305,3.247360646364461,0.0,0.0,0.0,0.0,0.0,0.0,2.701616813007867,1.3508084065039334,1.3508084065039334,1.458333333333333,1.458333333333333,2.916666666666666,0.0,0.0,0.0,0.0,0.0,0.0,2.343429934474068,1.171714967237034,1.171714967237034,1.5715438108490896,3.143087621698179,3.352438572091212,3.1191052387578786,0.0,0.0,0.0,0.0,3.1249999999999996,1.5624999999999998,0.7812499999999999,0.7812499999999999,0.0,0.0,0.0,0.0,0.0,0.0,0.0,0.0,0.0,0.0,0.0,0.0,1.6666666666666663,3.3333333333333326,0.8333333333333331,0.8333333333333331,0.0,0.0,0.0,0.0,2.9892013533929216,1.4946006766964608,3.430633671681564,3.1973003383482306,0.0,0.0,0.0,0.0,0.0,0.0,0.48257378472222223,0.4436848958333333,0.5171289512166082,0.4782400623277193,5.757944444832353,5.443571275904393,98.5354639275065,98.65421967357611,58,219.8595624841059,213.7808075531344,214.2767593300097,219.8927360793229,212.31218029366966,212.81051463910035,213.1332044365693,219.86545138888889,219.84456380208331,212.19001990234986,212.68082626134483,219.91482204861111,180.0,180.0,219.97260199652777,213.50890474599728,213.32277705545346,208.91916934356436,209.6304229905552,210.60857744355,180.0,180.0,219.96690538194446,211.93336973660737,212.20540423477306,59.505321975745304,59.529608431951225,59.301469522299406,59.3430072524487,10620.0,140.5164791378122,67.57887144018763
0.0,3.819444444444445,5.0,0.0,5.416666666666668,0.0,0.0,2.187523820063164,2.465325417904106,2.8300950770920537,2.89830977112939,3.0882862089254455,1.0678048627195564,1.3982085085528904,1172.6137818545458,1109.8287597764615,95.48886789614458,2.0,1.99906231953659,2.0,1.9991533949971543,0.0,0.0,0.0,0.9548611111111113,1.9097222222222225,0.9548611111111113,1.232662708952053,2.465325417904106,1.232662708952053,0.0,0.0,0.0,0.0,0.0,0.0,1.25,2.5,1.25,1.4150475385460268,2.8300950770920537,1.4150475385460268,0.0,0.0,0.0,0.0,0.0,0.0,1.354166666666667,2.708333333333334,1.354166666666667,1.5441431044627227,3.0882862089254455,1.5441431044627227,0.0,0.0,0.0,0.0,0.0,0.0,0.0,1.0678048627195564,1.0678048627195564,3.206693751608446,3.0122493071640015,0.0,0.0,0.0,0.0,0.0,0.0,0.0,0.0,0.0,0.0,0.0,0.0,0.0,0.0,0.0,0.0,0.0,0.0,0.0,0.0,1.3982085085528904,1.3982085085528904,3.857930730775112,3.644041841886223,0.0,0.0,0.0,0.0,0.0,0.0,0.0,0.0,0.0,0.0,0.6101999763010616,0.5713110874121726,0.6766904351146827,0.6378015462257938,5.979247467890474,5.650270458196388,98.5963774982363,98.74661846278755,59,219.69444444444446,213.25996081902557,213.43373963420626,219.75173611111111,212.52122522903127,213.69551174099695,213.15784765168576,219.95008680555557,219.69444444444446,211.80388981898028,212.91133903999327,219.72569444444446,180.0,180.0,219.92255298230555,212.051084332681,211.75897108421424,209.16846264206595,209.49940103819793,210.32690925526717,180.0,180.0,219.9173085490454,211.37527488976147,210.9983835395341,57.13773638379678,57.27375784493804,56.387255464326806,56.559898368263276,10800.0,137.0811716533959,49.656466892933
4.583333333333335,0.0,0.0,5.833333333333332,0.0,6.249999999999999,6.666666666666665,2.6814060174747896,2.4865363420707283,2.9744887293606332,2.343429934132882,2.630048300399774,3.143087621219256,2.989201352945392,1126.8402502690433,1066.676367070775,91.53375345774421,2.0,2.0,2.0,2.0,1.3407030087373948,1.3407030087373948,2.6814060174747896,0.0,0.0,0.0,0.0,0.0,0.0,2.2916666666666674,1.1458333333333337,1.1458333333333337,1.6236803230181902,1.6236803230181902,3.2473606460363804,0.0,0.0,0.0,0.0,0.0,0.0,2.701616812684886,1.350808406342443,1.350808406342443,1.458333333333333,1.458333333333333,2.916666666666666,0.0,0.0,0.0,0.0,0.0,0.0,2.343429934132882,1.171714967066441,1.171714967066441,1.571543810609628,3.143087621219256,3.352438571971481,3.1191052386381477,0.0,0.0,0.0,0.0,3.1249999999999996,1.5624999999999998,0.7812499999999999,0.7812499999999999,0.0,0.0,0.0,0.0,0.0,0.0,0.0,0.0,0.0,0.0,0.0,0.0,1.6666666666666663,3.3333333333333326,0.8333333333333331,0.8333333333333331,0.0,0.0,0.0,0.0,2.989201352945392,1.494600676472696,3.430633671569682,3.197300338236348,0.0,0.0,0.0,0.0,0.0,0.0,0.48257378472222223,0.4436848958333334,0.5171289512164978,0.47824006232760885,5.757944444690995,5.4435712757645724,98.53546392773757,98.65421967381008,60,219.8595624841104,213.78080755342552,214.27675933044665,219.89273607933188,212.31218029464216,212.8105146399058,213.1332044367235,219.86545138888889,219.84456380208331,212.19001990279412,212.68082626177738,219.91482204861111,180.0,180.0,219.97260199652777,213.50890474611973,213.3227770557982,208.9191693445481,209.63042299147048,210.6085774443138,180.0,180.0,219.96690538194446,211.9333697369688,212.2054042352159,59.50532197574644,59.52960843195231,59.301469522318456,59.3430072524673,10980.0,140.51647912625685,67.57887143565384
0.0,3.819444444444445,5.0,0.0,5.416666666666668,0.0,0.0,2.187523820052396,2.4653254178825694,2.8300950768978543,2.898309771100852,3.08828620886837,1.0678048626736256,1.3982085085069593,1172.61378184772,1109.8287597696828,95.48886789553008,2.0,1.9990623195365977,2.0,1.9991533949971616,0.0,0.0,0.0,0.9548611111111113,1.9097222222222225,0.9548611111111113,1.2326627089412847,2.4653254178825694,1.2326627089412847,0.0,0.0,0.0,0.0,0.0,0.0,1.25,2.5,1.25,1.4150475384489272,2.8300950768978543,1.4150475384489272,0.0,0.0,0.0,0.0,0.0,0.0,1.354166666666667,2.708333333333334,1.354166666666667,1.544143104434185,3.08828620886837,1.544143104434185,0.0,0.0,0.0,0.0,0.0,0.0,0.0,1.0678048626736256,1.0678048626736256,3.206693751562515,3.0122493071180707,0.0,0.0,0.0,0.0,0.0,0.0,0.0,0.0,0.0,0.0,0.0,0.0,0.0,0.0,0.0,0.0,0.0,0.0,0.0,0.0,1.3982085085069593,1.3982085085069593,3.8579307307291812,3.6440418418402922,0.0,0.0,0.0,0.0,0.0,0.0,0.0,0.0,0.0,0.0,0.610199976300057,0.571311087411168,0.6766904351071845,0.6378015462182955,5.979247467852856,5.6502704581592305,98.59637749827893,98.74661846282955,61,219.69444444444446,213.2599608191096,213.43373963437733,219.75173611111111,212.52122522918592,213.69551174112573,213.15784765182775,219.95008680555557,219.69444444444446,211.8038898190621,212.91133904014364,219.72569444444446,180.0,180.0,219.92255298230836,212.05108433284667,211.75897108427273,209.16846264220393,209.49940103847948,210.32690925552046,180.0,180.0,219.91730854905333,211.37527488993678,210.99838353959422,57.13773638379697,57.27375784493819,56.38725546434834,56.559898368284834,11160.0,137.0811716506107,49.65646689201993
4.583333333333335,0.0,0.0,5.833333333333332,0.0,6.249999999999999,6.666666666666665,2.681406017454276,2.4865363420604716,2.974488729341761,2.3434299341119527,2.6300483003893094,3.143087621181823,2.98920135291004,1126.8402502672607,1066.6763670690027,91.53375345757831,2.0,2.0,2.0,2.0,1.340703008727138,1.340703008727138,2.681406017454276,0.0,0.0,0.0,0.0,0.0,0.0,2.2916666666666674,1.1458333333333337,1.1458333333333337,1.6236803230087058,1.6236803230087058,3.2473606460174116,0.0,0.0,0.0,0.0,0.0,0.0,2.70161681266611,1.350808406333055,1.350808406333055,1.458333333333333,1.458333333333333,2.916666666666666,0.0,0.0,0.0,0.0,0.0,0.0,2.3434299341119527,1.1717149670559763,1.1717149670559763,1.5715438105909114,3.143087621181823,3.3524385719621232,3.11910523862879,0.0,0.0,0.0,0.0,3.1249999999999996,1.5624999999999998,0.7812499999999999,0.7812499999999999,0.0,0.0,0.0,0.0,0.0,0.0,0.0,0.0,0.0,0.0,0.0,0.0,1.6666666666666663,3.3333333333333326,0.8333333333333331,0.8333333333333331,0.0,0.0,0.0,0.0,2.98920135291004,1.49460067645502,3.4306336715608436,3.19730033822751,0.0,0.0,0.0,0.0,0.0,0.0,0.48257378472222223,0.4436848958333334,0.5171289512164893,0.4782400623276004,5.7579444446805725,5.4435712757542625,98.5354639277555,98.65421967382825,62,219.85956248411068,213.78080755344726,214.2767593304719,219.89273607933242,212.31218029470446,212.81051463995811,213.13320443673462,219.86545138888889,219.84456380208331,212.1900199028247,212.6808262618024,219.91482204861111,180.0,180.0,219.97260199652777,213.50890474612675,213.32277705582328,208.91916934463046,209.63042299153713,210.60857744437138,180.0,180.0,219.96690538194446,211.93336973699468,212.20540423524844,59.505321975746526,59.52960843195239,59.301469522319806,59.34300725246862,11340.0,140.5164791254631,67.5788714353499
0.0,3.819444444444445,5.0,0.0,5.416666666666668,0.0,0.0,2.187523820051566,2.4653254178809094,2.830095076883638,2.8983097710985932,3.0882862088638525,1.0678048626707135,1.3982085085040472,1172.6137818472832,1109.828759769249,95.48886789549037,2.0,1.9990623195365982,2.0,1.999153394997162,0.0,0.0,0.0,0.9548611111111113,1.9097222222222225,0.9548611111111113,1.2326627089404547,2.4653254178809094,1.2326627089404547,0.0,0.0,0.0,0.0,0.0,0.0,1.25,2.5,1.25,1.415047538441819,2.830095076883638,1.415047538441819,0.0,0.0,0.0,0.0,0.0,0.0,1.354166666666667,2.708333333333334,1.354166666666667,1.5441431044319263,3.0882862088638525,1.5441431044319263,0.0,0.0,0.0,0.0,0.0,0.0,0.0,1.0678048626707135,1.0678048626707135,3.2066937515596035,3.012249307115159,0.0,0.0,0.0,0.0,0.0,0.0,0.0,0.0,0.0,0.0,0.0,0.0,0.0,0.0,0.0,0.0,0.0,0.0,0.0,0.0,1.3982085085040472,1.3982085085040472,3.857930730726269,3.64404184183738,0.0,0.0,0.0,0.0,0.0,0.0,0.0,0.0,0.0,0.0,0.610199976299975,0.5713110874110862,0.6766904351065888,0.6378015462177,5.97924746785044,5.650270458156846,98.59637749828178,98.74661846283234,63,219.69444444444446,213.25996081911643,213.43373963438884,219.75173611111111,212.52122522919825,213.69551174113585,213.15784765183938,219.95008680555557,219.69444444444446,211.8038898190685,212.91133904015402,219.72569444444446,180.0,180.0,219.92255298230862,212.05108433285758,211.75897108427637,209.16846264221263,209.49940103849667,210.32690925553496,180.0,180.0,219.91730854905396,211.37527488994837,210.99838353959797,57.13773638379697,57.27375784493819,56.38725546434969,56.55989836828617,11520.0,137.0811716504179,49.656466891955844
4.583333333333335,0.0,0.0,5.833333333333332,0.0,6.249999999999999,6.666666666666665,2.6814060174526295,2.4865363420596482,2.974488729340554,2.3434299341102998,2.630048300388483,3.143087621178999,2.989201352907348,1126.8402502671322,1066.6763670688747,91.5337534575664,2.0,2.0,2.0,2.0,1.3407030087263148,1.3407030087263148,2.6814060174526295,0.0,0.0,0.0,0.0,0.0,0.0,2.2916666666666674,1.1458333333333337,1.1458333333333337,1.6236803230081076,1.6236803230081076,3.247360646016215,0.0,0.0,0.0,0.0,0.0,0.0,2.701616812664893,1.3508084063324466,1.3508084063324466,1.458333333333333,1.458333333333333,2.916666666666666,0.0,0.0,0.0,0.0,0.0,0.0,2.3434299341102998,1.1717149670551499,1.1717149670551499,1.5715438105894994,3.143087621178999,3.352438571961417,3.1191052386280838,0.0,0.0,0.0,0.0,3.1249999999999996,1.5624999999999998,0.7812499999999999,0.7812499999999999,0.0,0.0,0.0,0.0,0.0,0.0,0.0,0.0,0.0,0.0,0.0,0.0,1.6666666666666663,3.3333333333333326,0.8333333333333331,0.8333333333333331,0.0,0.0,0.0,0.0,2.989201352907348,1.494600676453674,3.4306336715601704,3.197300338226837,0.0,0.0,0.0,0.0,0.0,0.0,0.48257378472222223,0.4436848958333333,0.5171289512164885,0.47824006232759975,5.757944444679825,5.443571275753522,98.53546392775674,98.6542196738295,64,219.85956248411068,213.78080755344882,214.27675933047374,219.89273607933248,212.31218029470904,212.81051463996192,213.13320443673632,219.86545138888889,219.84456380208331,212.19001990282644,212.68082626180424,219.91482204861111,180.0,180.0,219.97260199652777,213.50890474612729,213.32277705582536,208.9191693446358,209.630422991542,210.60857744437504,180.0,180.0,219.96690538194446,211.93336973699633,212.2054042352507,59.505321975746526,59.5296084319524,59.301469522319906,59.343007252468716,11700.0,140.51647912540585,67.57887143532743
0.0,3.819444444444445,5.0,0.0,5.416666666666668,0.0,0.0,2.1875238200515157,2.4653254178808086,2.8300950768825315,2.898309771098438,3.0882862088635417,1.0678048626705363,1.39820850850387,1172.6137818472494,1109.8287597692156,95.4888678954873,2.0,1.9990623195365982,2.0,1.999153394997162,0.0,0.0,0.0,0.9548611111111113,1.9097222222222225,0.9548611111111113,1.2326627089404043,2.4653254178808086,1.2326627089404043,0.0,0.0,0.0,0.0,0.0,0.0,1.25,2.5,1.25,1.4150475384412657,2.8300950768825315,1.4150475384412657,0.0,0.0,0.0,0.0,0.0,0.0,1.354166666666667,2.708333333333334,1.354166666666667,1.5441431044317708,3.0882862088635417,1.5441431044317708,0.0,0.0,0.0,0.0,0.0,0.0,0.0,1.0678048626705363,1.0678048626705363,3.206693751559426,3.012249307114981,0.0,0.0,0.0,0.0,0.0,0.0,0.0,0.0,0.0,0.0,0.0,0.0,0.0,0.0,0.0,0.0,0.0,0.0,0.0,0.0,1.39820850850387,1.39820850850387,3.8579307307260917,3.6440418418372027,0.0,0.0,0.0,0.0,0.0,0.0,0.0,0.0,0.0,0.0,0.6101999762999704,0.5713110874110814,0.6766904351065429,0.637801546217654,5.979247467850254,5.650270458156662,98.596377498282,98.74661846283256,65,219.69444444444446,213.25996081911714,213.4337396343896,219.75173611111111,212.52122522919953,213.69551174113698,213.15784765184094,219.95008680555557,219.69444444444446,211.80388981906876,212.91133904015467,219.72569444444446,180.0,180.0,219.92255298230862,212.05108433285844,211.75897108427662,209.1684626422134,209.49940103849815,210.32690925553572,180.0,180.0,219.917308549054,211.3752748899494,210.99838353959794,57.13773638379698,57.2737578449382,56.387255464349785,56.55989836828628,11880.0,137.0811716504026,49.65646689195139
4.583333333333335,0.0,0.0,5.833333333333332,0.0,6.249999999999999,6.666666666666665,2.6814060174525087,2.486536342059588,2.9744887293404596,2.343429934110181,2.630048300388424,3.1430876211788292,2.989201352907187,1126.840250267124,1066.6763670688665,91.53375345756565,2.0,2.0,2.0,2.0,1.3407030087262544,1.3407030087262544,2.6814060174525087,0.0,0.0,0.0,0.0,0.0,0.0,2.2916666666666674,1.1458333333333337,1.1458333333333337,1.62368032300806,1.62368032300806,3.24736064601612,0.0,0.0,0.0,0.0,0.0,0.0,2.701616812664799,1.3508084063323995,1.3508084063323995,1.458333333333333,1.458333333333333,2.916666666666666,0.0,0.0,0.0,0.0,0.0,0.0,2.343429934110181,1.1717149670550906,1.1717149670550906,1.5715438105894146,3.1430876211788292,3.3524385719613745,3.119105238628041,0.0,0.0,0.0,0.0,3.1249999999999996,1.5624999999999998,0.7812499999999999,0.7812499999999999,0.0,0.0,0.0,0.0,0.0,0.0,0.0,0.0,0.0,0.0,0.0,0.0,1.6666666666666663,3.3333333333333326,0.8333333333333331,0.8333333333333331,0.0,0.0,0.0,0.0,2.989201352907187,1.4946006764535935,3.43063367156013,3.1973003382267966,0.0,0.0,0.0,0.0,0.0,0.0,0.48257378472222223,0.4436848958333334,0.5171289512164887,0.47824006232759964,5.757944444679777,5.443571275753475,98.53546392775682,98.65421967382959,66,219.8595624841107,213.78080755344922,214.27675933047394,219.89273607933248,212.31218029470986,212.81051463996266,213.13320443673726,219.86545138888889,219.84456380208331,212.19001990282638,212.68082626180438,219.91482204861111,180.0,180.0,219.97260199652777,213.50890474612723,213.32277705582544,208.9191693446362,209.63042299154256,210.60857744437507,180.0,180.0,219.96690538194446,211.9333697369966,212.20540423525048,59.505321975746526,59.5296084319524,59.30146952231991,59.34300725246872,12060.0,140.5164791254002,67.57887143532592
0.0,3.819444444444445,5.0,0.0,5.416666666666668,0.0,0.0,2.187523820051512,2.465325417880802,2.830095076882463,2.898309771098431,3.0882862088635283,1.067804862670523,1.3982085085038567,1172.613781847247,1109.8287597692133,95.48886789548709,2.0,1.9990623195365982,2.0,1.999153394997162,0.0,0.0,0.0,0.9548611111111113,1.9097222222222225,0.9548611111111113,1.232662708940401,2.465325417880802,1.232662708940401,0.0,0.0,0.0,0.0,0.0,0.0,1.25,2.5,1.25,1.4150475384412315,2.830095076882463,1.4150475384412315,0.0,0.0,0.0,0.0,0.0,0.0,1.354166666666667,2.708333333333334,1.354166666666667,1.5441431044317642,3.0882862088635283,1.5441431044317642,0.0,0.0,0.0,0.0,0.0,0.0,0.0,1.067804862670523,1.067804862670523,3.2066937515594125,3.0122493071149683,0.0,0.0,0.0,0.0,0.0,0.0,0.0,0.0,0.0,0.0,0.0,0.0,0.0,0.0,0.0,0.0,0.0,0.0,0.0,0.0,1.3982085085038567,1.3982085085038567,3.8579307307260784,3.6440418418371894,0.0,0.0,0.0,0.0,0.0,0.0,0.0,0.0,0.0,0.0,0.6101999762999699,0.5713110874110809,0.6766904351065401,0.6378015462176512,5.979247467850241,5.6502704581566485,98.59637749828201,98.74661846283259,67,219.69444444444446,213.25996081911748,213.4337396343897,219.75173611111111,212.5212252292,213.69551174113744,213.15784765184176,219.95008680555557,219.69444444444446,211.8038898190686,212.91133904015473,219.72569444444446,180.0,180.0,219.92255298230862,212.05108433285847,211.75897108427662,209.1684626422136,209.49940103849843,210.3269092555355,180.0,180.0,219.917308549054,211.37527488994965,210.99838353959765,57.13773638379698,57.2737578449382,56.38725546434979,56.55989836828628,12240.0,137.08117165040002,49.656466891951105
4.583333333333335,0.0,0.0,5.833333333333332,0.0,6.249999999999999,6.666666666666665,2.6814060174525016,2.4865363420595843,2.974488729340453,2.3434299341101736,2.63004830038842,3.1430876211788177,2.9892013529071764,1126.8402502671233,1066.676367068866,91.53375345756561,2.0,2.0,2.0,2.0,1.3407030087262508,1.3407030087262508,2.6814060174525016,0.0,0.0,0.0,0.0,0.0,0.0,2.2916666666666674,1.1458333333333337,1.1458333333333337,1.623680323008057,1.623680323008057,3.247360646016114,0.0,0.0,0.0,0.0,0.0,0.0,2.7016168126647924,1.3508084063323962,1.3508084063323962,1.458333333333333,1.458333333333333,2.916666666666666,0.0,0.0,0.0,0.0,0.0,0.0,2.3434299341101736,1.1717149670550868,1.1717149670550868,1.5715438105894088,3.1430876211788177,3.352438571961372,3.1191052386280385,0.0,0.0,0.0,0.0,3.1249999999999996,1.5624999999999998,0.7812499999999999,0.7812499999999999,0.0,0.0,0.0,0.0,0.0,0.0,0.0,0.0,0.0,0.0,0.0,0.0,1.6666666666666663,3.3333333333333326,0.8333333333333331,0.8333333333333331,0.0,0.0,0.0,0.0,2.9892013529071764,1.4946006764535882,3.4306336715601273,3.197300338226794,0.0,0.0,0.0,0.0,0.0,0.0,0.48257378472222223,0.4436848958333334,0.5171289512164885,0.47824006232759964,5.757944444679774,5.443571275753472,98.53546392775682,98.65421967382959,68,219.8595624841107,213.78080755344956,214.27675933047394,219.89273607933248,212.31218029471034,212.81051463996315,213.13320443673803,219.86545138888889,219.84456380208331,212.1900199028262,212.68082626180438,219.91482204861111,180.0,180.0,219.97260199652777,213.50890474612723,213.32277705582544,208.91916934463637,209.63042299154276,210.60857744437473,180.0,180.0,219.96690538194446,211.93336973699672,212.20540423525023,59.505321975746526,59.5296084319524,59.30146952231991,59.34300725246872,12420.0,140.51647912539835,67.57887143532582
0.0,3.819444444444445,5.0,0.0,5.416666666666668,0.0,0.0,2.187523820051512,2.4653254178808015,2.8300950768824586,2.8983097710984307,3.0882862088635274,1.067804862670522,1.3982085085038558,1172.6137818472469,1109.8287597692133,95.48886789548708,2.0,1.9990623195365982,2.0,1.999153394997162,0.0,0.0,0.0,0.9548611111111113,1.9097222222222225,0.9548611111111113,1.2326627089404008,2.4653254178808015,1.2326627089404008,0.0,0.0,0.0,0.0,0.0,0.0,1.25,2.5,1.25,1.4150475384412293,2.8300950768824586,1.4150475384412293,0.0,0.0,0.0,0.0,0.0,0.0,1.354166666666667,2.708333333333334,1.354166666666667,1.5441431044317637,3.0882862088635274,1.5441431044317637,0.0,0.0,0.0,0.0,0.0,0.0,0.0,1.067804862670522,1.067804862670522,3.2066937515594116,3.012249307114967,0.0,0.0,0.0,0.0,0.0,0.0,0.0,0.0,0.0,0.0,0.0,0.0,0.0,0.0,0.0,0.0,0.0,0.0,0.0,0.0,1.3982085085038558,1.3982085085038558,3.8579307307260775,3.6440418418371885,0.0,0.0,0.0,0.0,0.0,0.0,0.0,0.0,0.0,0.0,0.6101999762999699,0.5713110874110809,0.6766904351065399,0.6378015462176511,5.979247467850239,5.650270458156648,98.59637749828201,98.74661846283259,69,219.69444444444446,213.25996081911782,213.4337396343897,219.75173611111111,212.52122522920052,213.69551174113795,213.15784765184253,219.95008680555557,219.69444444444446,211.80388981906842,212.91133904015473,219.72569444444446,180.0,180.0,219.92255298230862,212.05108433285847,211.75897108427662,209.1684626422137,209.4994010384986,210.32690925553516,180.0,180.0,219.917308549054,211.37527488994968,210.9983835395974,57.13773638379698,57.2737578449382,56.38725546434979,56.55989836828628,12600.0,137.0811716503983,49.65646689195109
4.583333333333335,0.0,0.0,5.833333333333332,0.0,6.249999999999999,6.666666666666665,2.681406017452501,2.4865363420595843,2.974488729340453,2.343429934110173,2.6300483003884194,3.143087621178817,2.9892013529071755,1126.8402502671233,1066.6763670688658,91.5337534575656,2.0,2.0,2.0,2.0,1.3407030087262506,1.3407030087262506,2.681406017452501,0.0,0.0,0.0,0.0,0.0,0.0,2.2916666666666674,1.1458333333333337,1.1458333333333337,1.623680323008057,1.623680323008057,3.247360646016114,0.0,0.0,0.0,0.0,0.0,0.0,2.701616812664792,1.350808406332396,1.350808406332396,1.458333333333333,1.458333333333333,2.916666666666666,0.0,0.0,0.0,0.0,0.0,0.0,2.343429934110173,1.1717149670550866,1.1717149670550866,1.5715438105894084,3.143087621178817,3.352438571961372,3.1191052386280385,0.0,0.0,0.0,0.0,3.1249999999999996,1.5624999999999998,0.7812499999999999,0.7812499999999999,0.0,0.0,0.0,0.0,0.0,0.0,0.0,0.0,0.0,0.0,0.0,0.0,1.6666666666666663,3.3333333333333326,0.8333333333333331,0.8333333333333331,0.0,0.0,0.0,0.0,2.9892013529071755,1.4946006764535877,3.4306336715601273,3.197300338226794,0.0,0.0,0.0,0.0,0.0,0.0,0.48257378472222223,0.4436848958333333,0.5171289512164886,0.47824006232759964,5.757944444679773,5.443571275753471,98.53546392775684,98.65421967382959,70,219.8595624841107,213.7808075534499,214.27675933047394,219.89273607933248,212.31218029471086,212.81051463996366,213.1332044367388,219.86545138888889,219.84456380208331,212.19001990282604,212.68082626180438,219.91482204861111,180.0,180.0,219.97260199652777,213.50890474612723,213.32277705582544,208.91916934463646,209.63042299154293,210.6085774443744,180.0,180.0,219.96690538194446,211.93336973699672,212.20540423524997,59.505321975746526,59.5296084319524,59.30146952231991,59.34300725246872,12780.0,140.51647912539673,67.57887143532581
0.0,3.819444444444445,5.0,0.0,5.416666666666668,0.0,0.0,2.187523820051512,2.4653254178808015,2.8300950768824586,2.89830977109843,3.0882862088635257,1.067804862670522,1.3982085085038558,1172.6137818472469,1109.828759769213,95.48886789548708,2.0,1.9990623195365982,2.0,1.999153394997162,0.0,0.0,0.0,0.9548611111111113,1.9097222222222225,0.9548611111111113,1.2326627089404008,2.4653254178808015,1.2326627089404008,0.0,0.0,0.0,0.0,0.0,0.0,1.25,2.5,1.25,1.4150475384412293,2.8300950768824586,1.4150475384412293,0.0,0.0,0.0,0.0,0.0,0.0,1.354166666666667,2.708333333333334,1.354166666666667,1.5441431044317628,3.0882862088635257,1.5441431044317628,0.0,0.0,0.0,0.0,0.0,0.0,0.0,1.067804862670522,1.067804862670522,3.2066937515594116,3.012249307114967,0.0,0.0,0.0,0.0,0.0,0.0,0.0,0.0,0.0,0.0,0.0,0.0,0.0,0.0,0.0,0.0,0.0,0.0,0.0,0.0,1.3982085085038558,1.3982085085038558,3.8579307307260775,3.6440418418371885,0.0,0.0,0.0,0.0,0.0,0.0,0.0,0.0,0.0,0.0,0.6101999762999699,0.5713110874110809,0.6766904351065399,0.6378015462176511,5.979247467850239,5.650270458156648,98.59637749828201,98.74661846283259,71,219.69444444444446,213.25996081911816,213.4337396343897,219.75173611111111,212.52122522920104,213.69551174113846,213.1578476518433,219.95008680555557,219.69444444444446,211.80388981906825,212.91133904015473,219.72569444444446,180.0,180.0,219.92255298230862,212.05108433285847,211.75897108427662,209.1684626422138,209.49940103849877,210.32690925553482,180.0,180.0,219.917308549054,211.37527488994965,210.99838353959714,57.13773638379698,57.2737578449382,56.38725546434979,56.559898368286284,12960.0,137.0811716503967,49.656466891951084
4.583333333333335,0.0,0.0,5.833333333333332,0.0,6.249999999999999,6.666666666666665,2.681406017452501,2.4865363420595843,2.974488729340453,2.343429934110173,2.6300483003884194,3.143087621178817,2.9892013529071755,1126.8402502671233,1066.6763670688658,91.5337534575656,2.0,2.0,2.0,2.0,1.3407030087262506,1.3407030087262506,2.681406017452501,0.0,0.0,0.0,0.0,0.0,0.0,2.2916666666666674,1.1458333333333337,1.1458333333333337,1.623680323008057,1.623680323008057,3.247360646016114,0.0,0.0,0.0,0.0,0.0,0.0,2.701616812664792,1.350808406332396,1.350808406332396,1.458333333333333,1.458333333333333,2.916666666666666,0.0,0.0,0.0,0.0,0.0,0.0,2.343429934110173,1.1717149670550866,1.1717149670550866,1.5715438105894084,3.143087621178817,3.352438571961372,3.1191052386280385,0.0,0.0,0.0,0.0,3.1249999999999996,1.5624999999999998,0.7812499999999999,0.7812499999999999,0.0,0.0,0.0,0.0,0.0,0.0,0.0,0.0,0.0,0.0,0.0,0.0,1.6666666666666663,3.3333333333333326,0.8333333333333331,0.8333333333333331,0.0,0.0,0.0,0.0,2.9892013529071755,1.4946006764535877,3.4306336715601273,3.197300338226794,0.0,0.0,0.0,0.0,0.0,0.0,0.48257378472222223,0.4436848958333333,0.5171289512164886,0.47824006232759964,5.757944444679773,5.443571275753471,98.53546392775682,98.65421967382959,72,219.8595624841107,213.78080755345024,214.27675933047394,219.89273607933248,212.31218029471137,212.81051463996417,213.13320443673956,219.86545138888889,219.84456380208331,212.19001990282587,212.68082626180438,219.91482204861111,180.0,180.0,219.97260199652777,213.50890474612723,213.32277705582544,208.91916934463654,209.6304229915431,210.60857744437405,180.0,180.0,219.96690538194446,211.93336973699672,212.20540423524972,59.505321975746526,59.5296084319524,59.30146952231991,59.34300725246872,13140.0,140.5164791253951,67.57887143532581
0.0,3.819444444444445,5.0,0.0,5.416666666666668,0.0,0.0,2.187523820051512,2.4653254178808015,2.830095076882458,2.89830977109843,3.0882862088635257,1.0678048626705219,1.3982085085038558,1172.6137818472469,1109.828759769213,95.48886789548708,2.0,1.9990623195365982,2.0,1.999153394997162,0.0,0.0,0.0,0.9548611111111113,1.9097222222222225,0.9548611111111113,1.2326627089404008,2.4653254178808015,1.2326627089404008,0.0,0.0,0.0,0.0,0.0,0.0,1.25,2.5,1.25,1.415047538441229,2.830095076882458,1.415047538441229,0.0,0.0,0.0,0.0,0.0,0.0,1.354166666666667,2.708333333333334,1.354166666666667,1.5441431044317628,3.0882862088635257,1.5441431044317628,0.0,0.0,0.0,0.0,0.0,0.0,0.0,1.0678048626705219,1.0678048626705219,3.2066937515594116,3.012249307114967,0.0,0.0,0.0,0.0,0.0,0.0,0.0,0.0,0.0,0.0,0.0,0.0,0.0,0.0,0.0,0.0,0.0,0.0,0.0,0.0,1.3982085085038558,1.3982085085038558,3.8579307307260775,3.6440418418371885,0.0,0.0,0.0,0.0,0.0,0.0,0.0,0.0,0.0,0.0,0.6101999762999699,0.5713110874110809,0.6766904351065399,0.6378015462176511,5.979247467850239,5.650270458156648,98.59637749828201,98.74661846283259,73,219.69444444444446,213.2599608191185,213.4337396343897,219.75173611111111,212.52122522920155,213.69551174113897,213.15784765184407,219.95008680555557,219.69444444444446,211.80388981906808,212.91133904015473,219.72569444444446,180.0,180.0,219.92255298230862,212.05108433285847,211.75897108427662,209.16846264221388,209.49940103849895,210.32690925553447,180.0,180.0,219.917308549054,211.37527488994965,210.9983835395969,57.13773638379698,57.2737578449382,56.38725546434979,56.559898368286284,13320.0,137.08117165039508,49.656466891951084
4.583333333333335,0.0,0.0,5.833333333333332,0.0,6.249999999999999,6.666666666666665,2.681406017452501,2.4865363420595843,2.974488729340453,2.343429934110173,2.6300483003884194,3.143087621178817,2.9892013529071755,1126.8402502671233,1066.6763670688658,91.5337534575656,2.0,2.0,2.0,2.0,1.3407030087262506,1.3407030087262506,2.681406017452501,0.0,0.0,0.0,0.0,0.0,0.0,2.2916666666666674,1.1458333333333337,1.1458333333333337,1.623680323008057,1.623680323008057,3.247360646016114,0.0,0.0,0.0,0.0,0.0,0.0,2.701616812664792,1.350808406332396,1.350808406332396,1.458333333333333,1.458333333333333,2.916666666666666,0.0,0.0,0.0,0.0,0.0,0.0,2.343429934110173,1.1717149670550866,1.1717149670550866,1.5715438105894084,3.143087621178817,3.352438571961372,3.1191052386280385,0.0,0.0,0.0,0.0,3.1249999999999996,1.5624999999999998,0.7812499999999999,0.7812499999999999,0.0,0.0,0.0,0.0,0.0,0.0,0.0,0.0,0.0,0.0,0.0,0.0,1.6666666666666663,3.3333333333333326,0.8333333333333331,0.8333333333333331,0.0,0.0,0.0,0.0,2.9892013529071755,1.4946006764535877,3.4306336715601273,3.197300338226794,0.0,0.0,0.0,0.0,0.0,0.0,0.48257378472222223,0.4436848958333333,0.5171289512164886,0.47824006232759964,5.757944444679773,5.443571275753471,98.53546392775684,98.65421967382959,74,219.8595624841107,213.7808075534506,214.27675933047394,219.89273607933248,212.31218029471188,212.81051463996468,213.13320443674033,219.86545138888889,219.84456380208331,212.1900199028257,212.68082626180438,219.91482204861111,180.0,180.0,219.97260199652777,213.50890474612723,213.32277705582544,208.91916934463663,209.63042299154327,210.6085774443737,180.0,180.0,219.96690538194446,211.93336973699672,212.20540423524946,59.505321975746526,59.5296084319524,59.30146952231991,59.34300725246872,13500.0,140.5164791253935,67.57887143532581
0.0,3.819444444444445,5.0,0.0,5.416666666666668,0.0,0.0,2.187523820051512,2.4653254178808015,2.830095076882458,2.89830977109843,3.0882862088635257,1.0678048626705219,1.3982085085038558,1172.6137818472469,1109.828759769213,95.48886789548708,2.0,1.9990623195365982,2.0,1.999153394997162,0.0,0.0,0.0,0.9548611111111113,1.9097222222222225,0.9548611111111113,1.2326627089404008,2.4653254178808015,1.2326627089404008,0.0,0.0,0.0,0.0,0.0,0.0,1.25,2.5,1.25,1.415047538441229,2.830095076882458,1.415047538441229,0.0,0.0,0.0,0.0,0.0,0.0,1.354166666666667,2.708333333333334,1.354166666666667,1.5441431044317628,3.0882862088635257,1.5441431044317628,0.0,0.0,0.0,0.0,0.0,0.0,0.0,1.0678048626705219,1.0678048626705219,3.2066937515594116,3.012249307114967,0.0,0.0,0.0,0.0,0.0,0.0,0.0,0.0,0.0,0.0,0.0,0.0,0.0,0.0,0.0,0.0,0.0,0.0,0.0,0.0,1.3982085085038558,1.3982085085038558,3.8579307307260775,3.6440418418371885,0.0,0.0,0.0,0.0,0.0,0.0,0.0,0.0,0.0,0.0,0.6101999762999699,0.5713110874110809,0.6766904351065399,0.6378015462176511,5.979247467850239,5.650270458156648,98.59637749828201,98.74661846283259,75,219.69444444444446,213.25996081911885,213.4337396343897,219.75173611111111,212.52122522920206,213.69551174113948,213.15784765184483,219.95008680555557,219.69444444444446,211.8038898190679,212.91133904015473,219.72569444444446,180.0,180.0,219.92255298230862,212.05108433285847,211.75897108427662,209.16846264221397,209.49940103849912,210.32690925553413,180.0,180.0,219.917308549054,211.37527488994965,210.99838353959663,57.13773638379698,57.2737578449382,56.38725546434979,56.559898368286284,13680.0,137.08117165039346,49.656466891951084
4.583333333333335,0.0,0.0,5.833333333333332,0.0,6.249999999999999,6.666666666666665,2.681406017452501,2.4865363420595843,2.974488729340453,2.343429934110173,2.6300483003884194,3.143087621178817,2.9892013529071755,1126.8402502671233,1066.6763670688658,91.5337534575656,2.0,2.0,2.0,2.0,1.3407030087262506,1.3407030087262506,2.681406017452501,0.0,0.0,0.0,0.0,0.0,0.0,2.2916666666666674,1.1458333333333337,1.1458333333333337,1.623680323008057,1.623680323008057,3.247360646016114,0.0,0.0,0.0,0.0,0.0,0.0,2.701616812664792,1.350808406332396,1.350808406332396,1.458333333333333,1.458333333333333,2.916666666666666,0.0,0.0,0.0,0.0,0.0,0.0,2.343429934110173,1.1717149670550866,1.1717149670550866,1.5715438105894084,3.143087621178817,3.352438571961372,3.1191052386280385,0.0,0.0,0.0,0.0,3.1249999999999996,1.5624999999999998,0.7812499999999999,0.7812499999999999,0.0,0.0,0.0,0.0,0.0,0.0,0.0,0.0,0.0,0.0,0.0,0.0,1.6666666666666663,3.3333333333333326,0.8333333333333331,0.8333333333333331,0.0,0.0,0.0,0.0,2.9892013529071755,1.4946006764535877,3.4306336715601273,3.197300338226794,0.0,0.0,0.0,0.0,0.0,0.0,0.48257378472222223,0.4436848958333333,0.5171289512164886,0.47824006232759964,5.757944444679773,5.443571275753471,98.53546392775682,98.65421967382959,76,219.8595624841107,213.78080755345093,214.27675933047394,219.89273607933248,212.3121802947124,212.8105146399652,213.1332044367411,219.86545138888889,219.84456380208331,212.19001990282553,212.68082626180438,219.91482204861111,180.0,180.0,219.97260199652777,213.50890474612723,213.32277705582544,208.9191693446367,209.63042299154344,210.60857744437337,180.0,180.0,219.96690538194446,211.93336973699672,212.2054042352492,59.505321975746526,59.5296084319524,59.30146952231991,59.34300725246872,13860.0,140.51647912539187,67.57887143532581
0.0,3.819444444444445,5.0,0.0,5.416666666666668,0.0,0.0,2.187523820051512,2.4653254178808015,2.830095076882458,2.89830977109843,3.0882862088635257,1.0678048626705219,1.3982085085038558,1172.6137818472469,1109.828759769213,95.48886789548708,2.0,1.9990623195365982,2.0,1.999153394997162,0.0,0.0,0.0,0.9548611111111113,1.9097222222222225,0.9548611111111113,1.2326627089404008,2.4653254178808015,1.2326627089404008,0.0,0.0,0.0,0.0,0.0,0.0,1.25,2.5,1.25,1.415047538441229,2.830095076882458,1.415047538441229,0.0,0.0,0.0,0.0,0.0,0.0,1.354166666666667,2.708333333333334,1.354166666666667,1.5441431044317628,3.0882862088635257,1.5441431044317628,0.0,0.0,0.0,0.0,0.0,0.0,0.0,1.0678048626705219,1.0678048626705219,3.2066937515594116,3.012249307114967,0.0,0.0,0.0,0.0,0.0,0.0,0.0,0.0,0.0,0.0,0.0,0.0,0.0,0.0,0.0,0.0,0.0,0.0,0.0,0.0,1.3982085085038558,1.3982085085038558,3.8579307307260775,3.6440418418371885,0.0,0.0,0.0,0.0,0.0,0.0,0.0,0.0,0.0,0.0,0.6101999762999699,0.5713110874110809,0.6766904351065399,0.6378015462176511,5.979247467850239,5.650270458156648,98.59637749828201,98.74661846283259,77,219.69444444444446,213.2599608191192,213.4337396343897,219.75173611111111,212.52122522920257,213.69551174114,213.1578476518456,219.95008680555557,219.69444444444446,211.80388981906773,212.91133904015473,219.72569444444446,180.0,180.0,219.92255298230862,212.05108433285847,211.75897108427662,209.16846264221405,209.4994010384993,210.3269092555338,180.0,180.0,219.917308549054,211.37527488994965,210.99838353959638,57.13773638379698,57.2737578449382,56.38725546434979,56.559898368286284,14040.0,137.08117165039184,49.656466891951084
4.583333333333335,0.0,0.0,5.833333333333332,0.0,6.249999999999999,6.666666666666665,2.681406017452501,2.4865363420595843,2.974488729340453,2.343429934110173,2.6300483003884194,3.143087621178817,2.9892013529071755,1126.8402502671233,1066.6763670688658,91.5337534575656,2.0,2.0,2.0,2.0,1.3407030087262506,1.3407030087262506,2.681406017452501,0.0,0.0,0.0,0.0,0.0,0.0,2.2916666666666674,1.1458333333333337,1.1458333333333337,1.623680323008057,1.623680323008057,3.247360646016114,0.0,0.0,0.0,0.0,0.0,0.0,2.701616812664792,1.350808406332396,1.350808406332396,1.458333333333333,1.458333333333333,2.916666666666666,0.0,0.0,0.0,0.0,0.0,0.0,2.343429934110173,1.1717149670550866,1.1717149670550866,1.5715438105894084,3.143087621178817,3.352438571961372,3.1191052386280385,0.0,0.0,0.0,0.0,3.1249999999999996,1.5624999999999998,0.7812499999999999,0.7812499999999999,0.0,0.0,0.0,0.0,0.0,0.0,0.0,0.0,0.0,0.0,0.0,0.0,1.6666666666666663,3.3333333333333326,0.8333333333333331,0.8333333333333331,0.0,0.0,0.0,0.0,2.9892013529071755,1.4946006764535877,3.4306336715601273,3.197300338226794,0.0,0.0,0.0,0.0,0.0,0.0,0.48257378472222223,0.4436848958333333,0.5171289512164886,0.47824006232759964,5.757944444679773,5.443571275753471,98.53546392775684,98.65421967382959,78,219.8595624841107,213.78080755345127,214.27675933047394,219.89273607933248,212.3121802947129,212.8105146399657,213.13320443674186,219.86545138888889,219.84456380208331,212.19001990282536,212.68082626180438,219.91482204861111,180.0,180.0,219.97260199652777,213.50890474612723,213.32277705582544,208.9191693446368,209.6304229915436,210.60857744437303,180.0,180.0,219.96690538194446,211.93336973699672,212.20540423524895,59.505321975746526,59.5296084319524,59.30146952231991,59.34300725246872,14220.0,140.51647912539025,67.57887143532581
0.0,3.819444444444445,5.0,0.0,5.416666666666668,0.0,0.0,2.187523820051512,2.4653254178808015,2.830095076882458,2.89830977109843,3.0882862088635257,1.0678048626705219,1.3982085085038558,1172.6137818472469,1109.828759769213,95.48886789548708,2.0,1.9990623195365982,2.0,1.999153394997162,0.0,0.0,0.0,0.9548611111111113,1.9097222222222225,0.9548611111111113,1.2326627089404008,2.4653254178808015,1.2326627089404008,0.0,0.0,0.0,0.0,0.0,0.0,1.25,2.5,1.25,1.415047538441229,2.830095076882458,1.415047538441229,0.0,0.0,0.0,0.0,0.0,0.0,1.354166666666667,2.708333333333334,1.354166666666667,1.5441431044317628,3.0882862088635257,1.5441431044317628,0.0,0.0,0.0,0.0,0.0,0.0,0.0,1.0678048626705219,1.0678048626705219,3.2066937515594116,3.012249307114967,0.0,0.0,0.0,0.0,0.0,0.0,0.0,0.0,0.0,0.0,0.0,0.0,0.0,0.0,0.0,0.0,0.0,0.0,0.0,0.0,1.3982085085038558,1.3982085085038558,3.8579307307260775,3.6440418418371885,0.0,0.0,0.0,0.0,0.0,0.0,0.0,0.0,0.0,0.0,0.6101999762999699,0.5713110874110809,0.6766904351065399,0.6378015462176511,5.979247467850239,5.650270458156648,98.59637749828201,98.74661846283259,79,219.69444444444446,213.25996081911953,213.4337396343897,219.75173611111111,212.52122522920308,213.6955117411405,213.15784765184637,219.95008680555557,219.69444444444446,211.80388981906756,212.91133904015473,219.72569444444446,180.0,180.0,219.92255298230862,212.05108433285847,211.75897108427662,209.16846264221414,209.49940103849946,210.32690925553345,180.0,180.0,219.917308549054,211.37527488994965,210.99838353959612,57.13773638379698,57.2737578449382,56.38725546434979,56.559898368286284,14400.0,137.08117165039022,49.656466891951084
