boundary_queue_in_A_left,boundary_queue_in_A_top,boundary_queue_in_B_top,boundary_queue_in_C_right,boundary_queue_in_C_top,boundary_queue_in_D_left,boundary_queue_in_F_right,boundary_queue_out_A_left,boundary_queue_out_A_top,boundary_queue_out_B_top,boundary_queue_out_C_right,boundary_queue_out_C_top,boundary_queue_out_D_left,boundary_queue_out_F_right,flow_FW_E_mean,flow_FW_W_mean,freeway_vehicles,lambda_eff_FW_E_last,lambda_eff_FW_E_mean,lambda_eff_FW_W_last,lambda_eff_FW_W_mean,movement_queue_A_E_to_N,movement_queue_A_E_to_S,movement_queue_A_E_to_W,movement_queue_A_N_to_E,movement_queue_A_N_to_S,movement_queue_A_N_to_W,movement_queue_A_S_to_E,movement_queue_A_S_to_N,movement_queue_A_S_to_W,movement_queue_A_W_to_E,movement_queue_A_W_to_N,movement_queue_A_W_to_S,movement_queue_B_E_to_N,movement_queue_B_E_to_S,movement_queue_B_E_to_W,movement_queue_B_N_to_E,movement_queue_B_N_to_S,movement_queue_B_N_to_W,movement_queue_B_S_to_E,movement_queue_B_S_to_N,movement_queue_B_S_to_W,movement_queue_B_W_to_E,movement_queue_B_W_to_N,movement_queue_B_W_to_S,movement_queue_C_E_to_N,movement_queue_C_E_to_S,movement_queue_C_E_to_W,movement_queue_C_N_to_E,movement_queue_C_N_to_S,movement_queue_C_N_to_W,movement_queue_C_S_to_E,movement_queue_C_S_to_N,movement_queue_C_S_to_W,movement_queue_C_W_to_E,movement_queue_C_W_to_N,movement_queue_C_W_to_S,movement_queue_D_E_to_N,movement_queue_D_E_to_W,movement_queue_D_E_to_onE,movement_queue_D_E_to_onW,movement_queue_D_N_to_E,movement_queue_D_N_to_W,movement_queue_D_N_to_onE,movement_queue_D_N_to_onW,movement_queue_D_W_to_E,movement_queue_D_W_to_N,movement_queue_D_W_to_onE,movement_queue_D_W_to_onW,movement_queue_D_offE_to_E,movement_queue_D_offE_to_N,movement_queue_D_offE_to_W,movement_queue_D_offW_to_E,movement_queue_D_offW_to_N,movement_queue_D_offW_to_W,movement_queue_E_E_to_N,movement_queue_E_E_to_W,movement_queue_E_N_to_E,movement_queue_E_N_to_W,movement_queue_E_W_to_E,movement_queue_E_W_to_N,movement_queue_F_E_to_N,movement_queue_F_E_to_W,movement_queue_F_E_to_onE,movement_queue_F_E_to_onW,movement_queue_F_N_to_E,movement_queue_F_N_to_W,movement_queue_F_N_to_onE,movement_queue_F_N_to_onW,movement_queue_F_W_to_E,movement_queue_F_W_to_N,movement_queue_F_W_to_onE,movement_queue_F_W_to_onW,movement_queue_F_offE_to_E,movement_queue_F_offE_to_N,movement_queue_F_offE_to_W,movement_queue_F_offW_to_E,movement_queue_F_offW_to_N,movement_queue_F_offW_to_W,ramp_queue_R_D_E,ramp_queue_R_D_W,ramp_queue_R_F_E,ramp_queue_R_F_W,rho_FW_E_mean,rho_FW_W_mean,speed_FW_E_mean,speed_FW_W_mean,step,storage_available_A_left_out,storage_available_A_to_B,storage_available_A_to_D,storage_available_A_top_out,storage_available_B_to_A,storage_available_B_to_C,storage_available_B_to_E,storage_available_B_top_out,storage_available_C_right_out,storage_available_C_to_B,storage_available_C_to_F,storage_available_C_top_out,storage_available_D_R_E,storage_available_D_R_W,storage_available_D_left_out,storage_available_D_to_A,storage_available_D_to_E,storage_available_E_to_B,storage_available_E_to_D,storage_available_E_to_F,storage_available_F_R_E,storage_available_F_R_W,storage_available_F_right_out,storage_available_F_to_C,storage_available_F_to_E,storage_available_OR_D_E_storage,storage_available_OR_D_W_storage,storage_available_OR_F_E_storage,storage_available_OR_F_W_storage,time_sec,urban_protected_accumulation_veh,urban_vehicles
4.583333333333335,0.0,0.0,5.833333333333332,0.0,6.249999999999999,6.666666666666665,0.3645833333333333,1.3281250000000004,6.182725694444445,0.3645833333333333,1.6406249999999998,0.0,0.0,948.3238048137073,903.7622944901453,70.8486519419406,2.0,2.0,2.0,2.0,0.18229166666666666,0.18229166666666666,0.3645833333333333,0.0,0.0,0.0,0.0,0.0,0.0,2.2916666666666674,1.1458333333333337,1.1458333333333337,3.114149305555556,3.114149305555556,6.228298611111112,0.0,0.0,0.0,0.0,0.0,0.0,6.137152777777778,3.068576388888889,3.068576388888889,1.458333333333333,1.458333333333333,2.916666666666666,0.0,0.0,0.0,0.0,0.0,0.0,0.3645833333333333,0.18229166666666666,0.18229166666666666,0.0,0.0,2.5666666666666678,2.3333333333333335,0.0,0.0,0.0,0.0,3.1249999999999996,1.5624999999999998,0.7812499999999999,0.7812499999999999,0.0,0.0,0.0,0.0,0.0,0.0,0.0,0.0,0.0,0.0,0.0,0.0,1.6666666666666663,3.3333333333333326,0.8333333333333331,0.8333333333333331,0.0,0.0,0.0,0.0,0.0,0.0,2.683333333333333,2.4499999999999997,0.0,0.0,0.0,0.0,0.0,0.0,0.4755208333333334,0.4366319444444444,0.5079861111111112,0.4690972222222223,4.418393623585322,4.201533355268364,108.33727017429325,108.54514822675215,0,219.88064236111111,210.93585061529444,213.8802083333333,219.93489583333334,214.71788194444454,214.78298611111123,212.25043402777763,220.0,219.85243055555554,208.81642215924686,212.47395833333323,219.93055555555554,180.0,180.0,219.97612847222223,216.76528379789465,209.48941273228078,203.67154360787458,205.48308882591357,205.688454781961,180.0,180.0,219.96961805555554,211.84745731499092,204.78271557042555,59.70677094615321,59.7204537900166,59.45901173836621,59.49508799652893,180.0,161.05926712189546,59.555902777777774
0.0,4.166666666666667,5.0,0.0,5.416666666666668,0.0,0.0,2.440787173492002,2.7982410136506704,3.7758264312678524,3.0488686589589897,3.3894039845846455,1.0226779513888888,1.2879774305555558,1156.529649436182,1095.7130727540439,84.75404204304685,2.0,1.998445572291335,2.0,1.9985962101773564,0.0,0.0,0.0,1.0416666666666667,2.0833333333333335,1.0416666666666667,1.3991205068253352,2.7982410136506704,1.3991205068253352,0.0,0.0,0.0,0.0,0.0,0.0,1.25,2.5,1.25,1.6934687711894816,3.7758264312678524,1.6934687711894816,0.0,0.0,0.0,0.0,0.0,0.0,1.354166666666667,2.708333333333334,1.354166666666667,1.6947019922923228,3.3894039845846455,1.6947019922923228,0.0,0.0,0.0,0.0,0.0,0.0,0.0,1.0226779513888888,1.0226779513888888,3.5893446180555557,3.3560112847222228,0.0,0.0,0.0,0.0,0.0,0.0,0.0,0.0,0.0,0.0,0.0,0.0,0.0,0.0,0.0,0.0,0.0,0.0,0.0,0.0,1.2879774305555558,1.2879774305555558,3.971310763888889,3.7379774305555555,0.0,0.0,0.0,0.0,0.0,0.0,0.0,0.0,0.0,0.0,0.5893602176803105,0.5504713287914216,0.6314252239162138,0.5925363350273247,5.299858628196529,5.0058914517105,109.64048698203477,109.94246057968985,1,219.70486111111111,213.98197494478143,212.1854738981757,219.75694444444443,211.7503087989841,213.2709490440129,213.40516017149855,219.95008680555557,219.70486111111111,212.43659395300193,211.4591915176819,219.73090277777777,180.0,180.0,220.0,211.10433271788185,212.36299874304592,209.88306436533085,207.51443748828424,208.1693252790153,180.0,180.0,219.9142296598907,211.0713769212172,211.5806077231891,56.64293150811759,56.801911829194864,55.37897637409281,55.62363313104284,360.0,145.22168325801465,53.39734216456189
4.583333333333335,0.0,0.0,5.833333333333332,0.0,6.249999999999999,6.666666666666665,2.31836887286062,2.305017769763644,3.027308863026663,1.9580652915824281,2.437365979124547,3.076303205130919,2.937184827780538,1132.2254831805594,1070.5458350904921,82.67718799374383,2.0,2.0,2.0,2.0,1.15918443643031,1.15918443643031,2.31836887286062,0.0,0.0,0.0,0.0,0.0,0.0,2.2916666666666674,1.1458333333333337,1.1458333333333337,1.648718760968329,1.648718760968329,3.297437521936658,0.0,0.0,0.0,0.0,0.0,0.0,2.757180204116668,1.378590102058334,1.378590102058334,1.458333333333333,1.458333333333333,2.916666666666666,0.0,0.0,0.0,0.0,0.0,0.0,1.9580652915824281,0.9790326457912141,0.9790326457912141,1.5381516025654596,3.076303205130919,3.3357424679493977,3.1024091346160643,0.0,0.0,0.0,0.0,3.1249999999999996,1.5624999999999998,0.7812499999999999,0.7812499999999999,0.0,0.0,0.0,0.0,0.0,0.0,0.0,0.0,0.0,0.0,0.0,0.0,1.6666666666666663,3.3333333333333326,0.8333333333333331,0.8333333333333331,0.0,0.0,0.0,0.0,2.937184827780538,1.468592413890269,3.417629540278468,3.184296206945134,0.0,0.0,0.0,0.0,0.0,0.0,0.48257378472222223,0.44368489583333337,0.5142807426656469,0.47539185377675797,5.195960270616392,4.89919681897684,109.45909757118804,109.74367841359881,2,219.87236870659723,213.51807918649584,213.98326279620235,219.91834852430554,212.40227300339106,212.84037558901608,213.04004012228572,219.86545138888889,219.8374609979816,212.10497498942854,212.56130592908445,219.90061644040767,180.0,180.0,219.97260199652777,213.1332236353256,212.84552513398495,208.7482426501237,209.68341809491298,210.75887638683614,180.0,180.0,219.96690538194446,211.65255004227876,211.47697150248356,59.50571139182381,59.52937566293552,59.2859978722239,59.337188645797205,540.0,141.599463331857,66.05574651348233
0.0,4.166666666666667,5.0,0.0,5.416666666666668,0.0,0.0,2.4431394025560857,2.8029454717788385,3.1255677760219496,2.9989927548013378,3.2896521762693416,1.1797304648757883,1.4444067062135737,1132.8614180765562,1071.2927426272017,83.0501411609621,2.0,1.9984052592334232,2.0,1.9985623091502946,0.0,0.0,0.0,1.0416666666666667,2.0833333333333335,1.0416666666666667,1.4014727358894192,2.8029454717788385,1.4014727358894192,0.0,0.0,0.0,0.0,0.0,0.0,1.25,2.5,1.25,1.5627838880109748,3.1255677760219496,1.5627838880109748,0.0,0.0,0.0,0.0,0.0,0.0,1.354166666666667,2.708333333333334,1.354166666666667,1.6448260881346708,3.2896521762693416,1.6448260881346708,0.0,0.0,0.0,0.0,0.0,0.0,0.0,1.1797304648757883,1.1797304648757883,3.7463971315424556,3.513063798209122,0.0,0.0,0.0,0.0,0.0,0.0,0.0,0.0,0.0,0.0,0.0,0.0,0.0,0.0,0.0,0.0,0.0,0.0,0.0,0.0,1.4444067062135737,1.4444067062135737,4.127740039546906,3.894406706213573,0.0,0.0,0.0,0.0,0.0,0.0,0.0,0.0,0.0,0.0,0.608698433398267,0.569809544509378,0.6361105996601433,0.5972217107712543,5.19160621239882,4.895121014995351,109.66485118963267,109.9556494751835,3,219.91427951388889,213.50454973886323,213.56387669110677,219.86165364583334,212.8391355522415,213.9841678962089,213.11868297422515,219.95008680555557,219.91427951388889,211.96137502237045,212.84693623753574,219.83561197916669,180.0,180.0,219.92615213625604,212.5244506120706,212.14653513981585,209.01667767780114,209.3165053272719,210.21972018417188,180.0,180.0,219.91614674543075,212.0485085513782,211.40860387497642,56.624051994649555,56.78490951636223,55.37428267021512,55.62662441084547,720.0,135.86666937026106,53.549546199164375
4.583333333333335,0.0,0.0,5.833333333333332,0.0,6.249999999999999,6.666666666666665,2.47081075829624,2.381238712481454,2.874337768808028,2.111058745839818,2.513862706253242,3.065642188955574,2.92522995446369,1122.3255889696404,1060.7005005639128,81.88489655746987,2.0,2.0,2.0,2.0,1.23540537914812,1.23540537914812,2.47081075829624,0.0,0.0,0.0,0.0,0.0,0.0,2.2916666666666674,1.1458333333333337,1.1458333333333337,1.5840725522807015,1.5840725522807015,3.168145104561403,0.0,0.0,0.0,0.0,0.0,0.0,2.580530433054653,1.2902652165273265,1.2902652165273265,1.458333333333333,1.458333333333333,2.916666666666666,0.0,0.0,0.0,0.0,0.0,0.0,2.111058745839818,1.055529372919909,1.055529372919909,1.532821094477787,3.065642188955574,3.333077213905561,3.0997438805722277,0.0,0.0,0.0,0.0,3.1249999999999996,1.5624999999999998,0.7812499999999999,0.7812499999999999,0.0,0.0,0.0,0.0,0.0,0.0,0.0,0.0,0.0,0.0,0.0,0.0,1.6666666666666663,3.3333333333333326,0.8333333333333331,0.8333333333333331,0.0,0.0,0.0,0.0,2.92522995446369,1.462614977231845,3.4146408219492557,3.1813074886159227,0.0,0.0,0.0,0.0,0.0,0.0,0.48687867314710553,0.4479897842582167,0.5171003210620913,0.4782114321732023,5.145081861641518,4.84925768171214,109.55938767925826,109.83948116889772,4,219.87413194444446,213.6430654843053,214.0015839026874,219.921875,212.24702347481966,212.66363057406232,213.04692716793315,219.86545138888889,219.84456380208331,212.2595544720952,212.57871165835135,219.91482204861111,180.0,180.0,219.97260199652777,213.03836009319664,213.01815604666706,208.84389237403718,209.60424044051385,210.66130799968363,180.0,180.0,219.96690538194446,211.57083178855262,211.668897044196,59.505855809065416,59.5295329461539,59.29591825007363,59.34700758659644,900.0,141.44086421503175,66.00950103700943
0.0,4.166666666666667,4.583333333333333,0.0,5.416666666666668,0.0,0.0,2.4351925336891647,2.7870517340449954,2.8984602657292027,2.892950503705047,3.07756767407676,1.3730972741432965,1.4208454516766091,1136.0796297785348,1074.5608365143023,82.68344421036836,2.0,1.9984606171684431,2.0,1.9986089594432017,0.0,0.0,0.0,1.0416666666666667,2.0833333333333335,1.0416666666666667,1.3935258670224977,2.7870517340449954,1.3935258670224977,0.0,0.0,0.0,0.0,0.0,0.0,1.1458333333333333,2.2916666666666665,1.1458333333333333,1.4492301328646013,2.8984602657292027,1.4492301328646013,0.0,0.0,0.0,0.0,0.0,0.0,1.354166666666667,2.708333333333334,1.354166666666667,1.53878383703838,3.07756767407676,1.53878383703838,0.0,0.0,0.0,0.0,0.0,0.0,0.0,1.3730972741432965,1.3730972741432965,4.58143060747663,4.289763940809964,0.0,0.0,0.0,0.0,0.0,0.0,0.0,0.0,0.0,0.0,0.0,0.0,0.0,0.0,0.0,0.0,0.0,0.0,0.0,0.0,1.4208454516766091,1.4208454516766091,3.8805676738988306,3.666678785009942,0.0,0.0,0.0,0.0,0.0,0.0,0.0,0.0,0.0,0.0,0.6099853015668253,0.5710964126779363,0.6356692179164589,0.5967803290275698,5.168155160801342,4.871740390870169,110.15035477877407,110.4789063632712,5,219.91427951388889,213.50010760498765,213.6123744821018,219.86165364583334,212.72826256643526,213.8617423074583,212.96514132583553,219.95008680555557,219.91427951388889,211.7878924402468,212.90618268643735,219.83561197916669,180.0,180.0,219.92081077760508,212.99127776504653,212.54413672857825,209.10477363947365,209.4828902785343,210.2982850211743,180.0,180.0,219.91790371490399,211.36546534266193,211.01395593644796,56.13276382077767,56.3161804388954,56.11413736412301,56.31435959629448,1080.0,135.63693072307964,53.69915247320376
5.946875,0.8680555555555556,1.0958333333333323,14.802083333333337,0.0,8.42048611111112,9.505555555555564,1.3053380878548806,1.1807508680555558,2.690866259894215,2.4951987931976576,4.893432729932163,1.3990873498143688,0.911223272785715,2110.8253991680695,2004.099725976478,176.9248826344599,2.0,1.9999998675956367,2.0,1.9999999466437755,0.0,0.0,0.9969070982715473,0.2170138888888889,0.4340277777777778,0.2170138888888889,0.09141710069444445,0.1828342013888889,0.09141710069444445,3.951041666666667,0.997916666666667,0.997916666666667,1.7584949273225832,1.7584949273225832,5.383656521311832,0.2604166666666667,0.574999999999999,0.2604166666666667,0.06727430555555555,0.1345486111111111,0.06727430555555555,3.4623121095877067,0.7978227214605205,0.7978227214605205,3.6458333333333344,3.6458333333333344,7.510416666666669,0.0,0.0,0.0,0.0,0.0,0.0,2.4951987931976576,1.2475993965988288,1.2475993965988288,0.0,1.3316547578318942,5.5152746930653995,4.883330248620951,0.06743259198247462,0.06743259198247462,0.7334156648991403,0.6361934426769179,6.207986111111115,2.0395833333333355,0.08645833333333508,0.08645833333333508,0.0,0.0,0.0,0.0,0.0,0.0,0.0,0.0,0.0,0.0,0.0,0.0,2.3000000000000016,6.772222222222224,0.2166666666666679,0.2166666666666679,0.08217916317971082,0.08217916317971082,0.8122355867908206,0.7150133645685988,0.8290441096060042,0.0,5.747365194068169,5.115420749623728,0.0,0.0,0.0,0.0,0.0,0.0,4.199999999999999,4.199999999999999,4.199999999999999,4.199999999999999,10.337205282489512,9.678406061957762,103.19133552700025,104.44109267160671,6,218.13333333333333,206.23905080576858,203.55068047835712,216.7015464508642,206.3306943107446,206.6010695363799,201.37072789562518,216.26666666666665,219.62320963541669,205.6566426990138,203.35358281221588,219.81065538194446,180.0,180.0,218.13333333333333,207.77507180252593,207.62992947737084,201.5485773621144,204.64654617112456,205.3126406332226,180.0,180.0,218.13333333333333,205.22105739241326,204.11581537470758,59.17005788791447,59.204715959668434,58.79561158207309,58.839445403959225,1260.0,246.8864317294187,87.83773444909751
0.37500000000000006,18.283333333333335,20.0,0.7777777777777777,24.32500000000001,0.7847222222222223,3.9111111111111017,7.4291128983790635,5.8304480189803485,5.187261703647026,9.376259331431529,7.113629773974164,5.228104747298758,5.856930213602049,3213.3146278736517,3135.9377987067287,297.77375261453534,2.0,1.98829123138687,2.0,1.989103234880425,0.0,0.0,0.0,4.513888888888889,9.255555555555556,4.513888888888889,2.9152240094901742,5.8304480189803485,2.9152240094901742,0.37500000000000006,0.0,0.0,0.0,0.0,0.08567738085360649,5.0,10.0,5.0,2.593630851823513,5.187261703647026,2.593630851823513,0.11044272140973688,0.0,0.0,0.09722222222222221,0.09722222222222221,0.5833333333333333,5.868055555555557,12.588888888888896,5.868055555555557,3.508203775875971,7.016407551751942,3.508203775875971,0.0,0.0,0.0,0.3111111111111107,1.0111111111111104,0.8166666666666667,0.7388888888888887,4.216993636187648,4.216993636187648,23.017378583180008,20.1201563609578,0.6527777777777779,0.13194444444444448,0.0,0.0,0.0,0.0,0.0,0.0,0.0,0.0,0.0,0.0,0.0,0.0,0.0,0.0,0.16666666666666669,3.744444444444435,0.0,0.0,4.737630612852035,4.737630612852035,23.94342570804358,21.046203485821355,1.119299600750014,0.3652053559305625,1.299465208864806,0.8048249001875036,0.0,0.0,0.0,0.0,0.0,0.0,4.063223384290775,2.196556717624107,5.777777777777781,4.327973642010634,17.98654519323125,17.373050712871656,91.64567577975998,92.57794410472074,7,219.69403211805556,198.10934630744444,199.6857474085232,219.4650716145833,199.0430576114585,203.20990568235035,195.55823930410597,219.51305105997946,219.69403211805556,193.83428146104765,196.0907990224162,219.45812717013888,180.0,180.0,219.61111111111111,199.14732446052156,194.0648061027636,189.92456433860838,194.52915954678176,196.34972136873336,180.0,180.0,219.61111111111111,197.53448249510234,193.83327122905084,49.98218471627963,50.39320028168603,48.35768163450218,48.71079600646255,1440.0,389.0190876860611,217.2242845750592
13.108333333333341,1.6166666666666654,0.0,26.13333333333332,0.6000000000000115,11.134722222222223,26.13333333333332,7.81525607638889,5.6848958333333375,10.609676986327422,9.2044921875,10.50503472222222,7.172351736321613,9.553495729529496,3819.3817873387998,3720.260249496862,406.6755722552858,2.0,1.9997340118752391,2.0,1.9997542266729635,2.707812500000001,2.707812500000001,7.337825520833334,0.3472222222222222,0.922222222222221,0.3472222222222222,0.13020833333333334,0.2604166666666667,0.13020833333333334,7.675000000000004,2.7166666666666694,2.7166666666666694,4.246177762129621,4.246177762129621,8.847349556377297,0.0,0.0,0.0,0.6027777777777766,2.06111111111111,0.6027777777777766,8.856682557553592,4.302388113086692,4.302388113086692,5.9305555555555545,5.9305555555555545,14.27222222222221,0.0,0.6000000000000115,0.0,0.0,0.0,0.0,9.2044921875,4.574479166666666,4.574479166666666,0.9208450869869702,6.430579062862829,9.288200321271267,8.277089210160156,0.7417726734587836,0.7417726734587836,31.497019225238557,25.799797003016394,8.952777777777778,2.1819444444444445,0.0,0.0,0.0,0.0,0.0,0.0,0.0,0.0,0.0,0.0,0.0,0.0,0.0,0.0,4.966666666666667,18.233333333333313,1.466666666666667,1.466666666666667,0.3645833333333333,0.3645833333333333,31.485384625070658,25.788162402848368,9.188912396196162,3.375011753653638,14.822365255399207,11.527724946721909,0.0,0.0,0.0,0.0,0.0,0.0,6.702777777777778,6.702777777777779,4.644444444444442,4.422222222222221,24.705003684083024,23.325335936061133,79.88472383692756,82.3436695303609,8,218.13333333333333,197.79380964471844,196.0791775173599,216.26666666666665,193.06252539609255,196.3801720774139,196.4938659756238,219.14444444444445,219.34573703342014,191.6730341598571,192.9196586932942,219.59425184461804,180.0,180.0,218.05555555555554,190.2491427358272,186.23532996694593,196.26877437643628,190.78335630519783,191.707903353398,180.0,180.0,218.13333333333333,192.3663288061439,183.61932806827042,56.35259501100781,56.47787198202571,57.13591237823671,57.240652173578596,1620.0,487.517895931363,329.0357570979294
0.37500000000000006,18.283333333333335,20.0,6.844444444444412,21.713888888888892,0.7847222222222223,12.977777777777758,10.20006744828248,10.537287674342735,11.869668824529054,11.225733943077532,10.880287330599504,5.57502454072804,5.5694689851724855,3850.830088733751,3804.75497920798,486.49849093592496,2.0,1.975481050735829,2.0,1.976862403461081,0.01909722222222221,0.01909722222222221,0.4270833333333333,4.513888888888889,9.255555555555556,4.513888888888889,5.259095226060257,10.518190452120514,5.259095226060257,0.37500000000000006,0.0,0.0,0.0,0.0,0.8019563549392243,5.0,10.0,5.0,5.507056634486749,11.869668824529054,5.507056634486749,0.03576388888888887,0.0,0.0,0.09722222222222221,0.09722222222222221,6.6499999999999675,5.416666666666668,10.880555555555556,5.416666666666668,5.381983943077531,10.763967886155061,5.381983943077531,0.4270833333333333,0.01909722222222221,0.01909722222222221,0.34027777777777773,1.0694444444444444,0.8415200421216744,0.7534722222222223,4.5055800962835955,4.5055800962835955,57.46763124475371,48.970409022531626,0.6527777777777779,0.13194444444444448,0.0,0.0,0.0,0.0,0.0,0.0,0.0,0.0,0.0,0.0,0.0,0.0,0.0,0.0,0.16666666666666669,12.811111111111092,0.0,0.0,4.500024540728041,4.500024540728041,59.14963454413121,50.652412321908976,1.0694444444444444,0.34027777777777773,9.386913700924756,3.2922733922474596,0.0,0.0,0.0,0.0,0.0,0.0,6.605555555555545,4.7491589310105535,6.4444444444444455,6.222222222222224,30.42970403761782,28.050219757961234,69.39951169178703,73.53872945165905,9,219.61111111111111,199.47776054781352,195.3891022305268,219.22916666666666,193.5875000000016,196.68807627250385,193.54512466548766,219.57491319444443,219.61111111111111,195.76497932528184,190.01526780924058,219.22222222222223,180.0,180.0,219.61111111111111,194.7366029466383,193.81757333786925,180.25780217826494,186.17794553957134,188.13060109916532,180.0,180.0,219.61111111111111,192.96787501453744,193.40545478761072,44.81094472893973,45.43829586743268,43.87905827828619,44.17820836204808,1800.0,477.61461600561415,399.54046144541337
18.70833333333334,0.3055555555555555,0.0,32.19999999999994,0.047222222222221166,11.134722222222223,35.19999999999999,9.235472761687815,9.076432291666668,8.886957558928897,9.029166666666665,10.413888888888888,7.918232722517304,9.774135500295085,3555.7788441434805,3683.80285433418,574.274756109747,2.0,1.9997376793633448,2.0,1.9997378516282727,4.483333333333333,4.483333333333333,9.235472761687815,0.0,0.3055555555555555,0.0,0.0,0.009765624999999944,0.0,9.54166666666667,4.583333333333335,4.583333333333335,3.896349757286797,3.896349757286797,11.443120120352972,0.0,0.0,0.0,0.0,0.9127884818033591,0.0,8.169212475808195,4.07781931983874,4.07781931983874,5.9305555555555545,5.9305555555555545,20.33888888888883,0.0,0.047222222222221166,0.0,0.0,0.0,0.0,9.029166666666665,4.483333333333333,4.483333333333333,1.2443594168142071,7.077607722517305,9.73625452274556,8.438846375073776,0.8406249999999988,0.8406249999999988,67.66306402045498,56.36584179823297,8.952777777777778,2.1819444444444445,0.0,0.0,0.0,0.0,0.0,0.0,0.0,0.0,0.0,0.0,0.0,0.0,0.0,0.0,4.966666666666667,27.299999999999983,1.466666666666667,1.466666666666667,0.12152777777777778,0.12152777777777778,68.72147601923425,57.424253797012085,9.652607722517306,3.6985260834808757,24.07847549387459,15.18383518519727,0.0,0.0,0.0,0.0,0.0,0.0,6.702777777777779,6.702777777777778,5.311111111111105,5.088888888888885,36.63505611999181,32.179639902416824,59.11087342891505,66.06101411240101,10,219.45345052083331,196.56676424833267,199.64754139693198,219.61111111111111,191.79788461580887,192.2339782111015,195.73866917477693,218.05555555555554,219.33477926676633,189.88052061948193,193.7378191747114,219.14993012785362,180.0,180.0,217.5705060737549,189.3196910678976,185.93717274042083,186.64103910864043,186.83087528810125,187.78751545547834,180.0,180.0,216.75267950087462,192.28582523171264,184.1415683897628,56.215519008784526,56.354768462996354,57.80976098887441,57.2688903431234,1980.0,513.80372723988,501.4864846649474
0.37500000000000006,16.972222222222225,18.333333333333332,10.499999999999925,24.37222222222223,0.7847222222222223,19.71111111111112,8.985500526019202,9.528509732593957,13.139250311602684,10.332556838365592,10.412565571206283,5.604472489289821,5.670444711512042,2886.9841020409276,3200.9512680243556,716.3790431247423,2.0,1.9878570901567514,2.0,1.9820557708760527,0.0,0.0,0.0625,4.166666666666667,8.63888888888889,4.166666666666667,4.756333859352534,9.528509732593957,4.756333859352534,0.37500000000000006,0.0,0.0,0.0,0.0,9.10265138666111,4.583333333333333,9.166666666666666,4.583333333333333,5.57626846983797,13.139250311602684,5.57626846983797,0.035753260435109235,0.0,0.0,0.09722222222222221,0.4861111111111111,9.916666666666593,5.868055555555557,12.636111111111116,5.868055555555557,4.402001282810035,10.315343348984062,4.402001282810035,0.0625,0.0,0.22569444444444445,0.09444444444444428,0.5777777777777775,1.1690469306158389,0.6305555555555555,5.026694711512043,5.026694711512043,94.21259560495582,80.11537338273365,0.6527777777777779,0.13194444444444448,0.0,0.0,0.0,0.0,0.0,0.0,0.0,0.0,0.0,0.0,0.0,0.0,0.0,0.0,0.16666666666666669,19.54444444444445,0.0,0.0,5.0926669337342645,5.0926669337342645,98.77396008736267,84.67673786514038,0.5777777777777775,0.09444444444444428,16.55793483112855,4.863294522451158,0.0,0.0,0.0,0.0,0.0,0.0,6.605555555555545,4.845011786143608,7.111111111111108,7.022222222222227,47.44342481003023,39.6416369190771,45.939483926550814,55.563617936614584,11,219.61111111111111,198.97933017524747,197.37131494428786,219.3923611111111,194.3861111111125,194.8059915272403,193.4739230230273,219.4470023936646,219.61111111111111,194.59530164930501,192.474625862108,219.38541666666666,180.0,180.0,219.61111111111111,193.70476148043608,192.83755980076847,186.8370930524384,186.15324168426142,185.14345195292302,180.0,180.0,219.61111111111111,192.83098652114842,191.46285718882132,48.084934473684726,45.650708300606475,50.91555062124302,48.26536588861497,2160.0,481.7988028546471,565.5726873347141
13.236111111111114,2.7777777777777777,0.0,31.88888888888879,12.415921993748805,11.134722222222223,41.933333333333366,7.858452379515965,5.284265870143045,13.646423411796308,7.857799780531513,7.690529348058142,9.369366466465676,10.617630355354565,2519.2888184806056,2707.9209855556323,911.5379551391635,2.0,1.9999745948974754,2.0,1.9999911797014494,2.167361111111111,2.9486111111111093,6.730555555555554,0.6944444444444444,1.3888888888888888,0.6944444444444444,0.4334523795159669,0.8669047590319338,0.4334523795159669,7.208333333333336,2.250000000000001,3.7777777777777795,4.566112783667077,4.566112783667077,18.629725946339647,0.0,0.0,0.0,1.0888888888888877,4.990043982428952,1.0888888888888877,8.295803255170785,4.090266645700277,4.090266645700277,4.063888888888889,8.41944444444444,19.40555555555546,0.4513888888888889,11.513144215971026,0.4513888888888889,0.20918866942040143,0.9926126813914744,0.20918866942040143,7.197222222222223,2.6340277777777787,6.989097013427562,1.969926288788394,8.528741466465677,10.192731845731453,8.801629811060867,0.8406249999999988,0.8406249999999988,103.43278770221664,86.53556547999429,8.952777777777778,2.1819444444444445,0.0,0.0,0.0,0.0,0.0,0.0,0.0,0.0,0.0,0.0,0.0,0.0,0.0,0.0,4.966666666666667,34.03333333333336,1.466666666666667,1.466666666666667,0.0,0.0,106.21529935459198,89.31807713236951,10.617630355354565,4.181037399899505,31.688591216081136,17.193950907403675,0.0,0.0,0.0,0.0,0.0,0.0,6.702777777777779,6.702777777777778,5.97777777777777,5.888888888888888,60.799294124984506,49.98543435019967,31.661032098961442,42.58035837949038,12,218.05555555555554,196.52932030647517,197.61982177142679,216.1111111111111,189.9579364979215,192.7981336936915,195.6802509205378,219.14444444444445,218.13333333333333,189.65133682240207,201.62673825810677,216.26666666666665,180.0,180.0,218.05555555555554,198.79645296254583,192.00387499566295,197.0548059421253,191.52424352906255,190.55544946479105,180.0,180.0,218.13333333333333,199.46221502543617,190.05572695533408,58.88960860700499,59.336163820587345,58.35702460744711,58.54323421031109,2340.0,482.980062514942,676.9617584369931
14.125000000000005,25.986220074276474,22.033333333333335,32.104448123398576,45.560366438193284,0.7847222222222223,28.777777777777892,8.61354614146135,5.7930645051449225,13.069615523615333,10.681748560715096,8.70724712143019,1.9270560925419942,1.0694444444444444,2358.11848307315,2452.1962898280126,1084.7475390751629,2.0,1.9935098909390119,2.0,1.9938164741283741,0.0798611111111111,16.175840504136964,0.5486111111111112,5.208333333333334,15.569553407609806,5.208333333333334,2.856601697016906,5.713203394033812,2.856601697016906,0.37500000000000006,0.0,13.750000000000005,0.08854166666666663,0.08854166666666663,7.4286527694467175,5.416666666666667,11.2,5.416666666666667,5.342549756125098,12.981073856948667,5.342549756125098,0.3677494564687242,0.0,0.0,0.09722222222222221,23.023892567843138,8.983333333333219,5.868055555555557,33.82425532708217,5.868055555555557,4.2650818940484285,8.530163788096857,4.2650818940484285,0.5486111111111112,0.0798611111111111,19.419621401495647,0.34027777777777773,1.0694444444444444,0.9173138984676403,0.7534722222222223,0.8576116480975498,0.8576116480975498,124.07988835190127,104.38266612967874,0.6527777777777779,0.13194444444444448,0.0,0.0,0.0,0.0,0.0,0.0,0.0,0.0,0.0,0.0,0.0,0.0,0.0,0.0,0.16666666666666669,28.611111111111224,0.0,0.0,0.0,0.0,124.06972590117631,104.37250367895366,1.0694444444444444,0.34027777777777773,26.14584660766376,8.851206298986215,0.0,0.0,0.0,0.0,0.0,0.0,6.605555555555545,4.461473719802608,7.777777777777772,7.688888888888891,70.29016441748257,62.4342946915022,27.12201835154882,29.586276371020595,13,219.61111111111111,200.53280707465228,208.94444444444187,219.22916666666666,193.27500000000106,199.81921645541723,195.19614430670384,219.2327919384323,219.61111111111111,192.66149235131962,207.90889624679667,219.22222222222223,180.0,180.0,219.61111111111111,196.06241380552902,194.72319389806333,190.72701084380026,191.5767478443148,193.71627141552347,180.0,180.0,219.61111111111111,194.22690829005768,194.93540678021924,55.64496419650334,55.60417590765584,49.565554709250065,49.88266320676106,2520.0,431.07888835481947,764.4579584416772
32.37499999999996,42.65288674094308,2.2111111111111086,63.06000367895416,63.05703494433703,1.9527777777777813,41.06666666666689,6.308561265922949,1.3087891985125635,8.28841254418397,6.904809261367765,6.475275750045442,0.0,5.616315506139246,2468.8666146567593,2436.629984477637,1093.0438725448864,2.0,1.9994880667205255,2.0,1.9995477092382465,0.0,31.766339054279342,4.6125,1.0416666666666665,40.56955340760975,1.0416666666666665,0.6543945992562817,1.3087891985125635,0.6543945992562817,4.875000000000002,0.0,27.499999999999957,2.8591123763780777,2.8591123763780777,13.417324584933588,0.4166666666666667,1.3777777777777753,0.4166666666666667,0.9360300926432721,3.186089561873609,0.9360300926432721,6.610205934086785,2.2432106059322825,2.2432106059322825,4.063888888888889,40.523892567843184,18.472222222222083,0.4513888888888889,62.15425716655926,0.4513888888888889,0.20830296846326138,0.41660593692652276,0.20830296846326138,6.245117404015614,1.99478092423003,32.51606898423628,0.0,0.0,2.2081681314489394,1.1970570203378277,0.0,0.0,136.48822168523452,113.99099946301187,1.9527777777777813,0.0,0.0,0.0,0.0,0.0,0.0,0.0,0.0,0.0,0.0,0.0,0.0,0.0,0.0,0.0,2.633333333333333,38.43333333333356,0.0,0.0,0.0,0.0,125.17944582405214,102.68222360182938,5.616315506139246,0.513713308625179,35.08533082751755,14.990690518839928,0.0,0.0,0.0,0.0,0.0,0.0,5.991666666666666,5.991666666666666,8.1111111111111,8.022222222222219,66.1829782118359,66.971574021111,28.65457442965146,28.333016990978585,14,218.05555555555554,196.79998889784068,219.99999999999747,214.55486111111108,190.70574446240403,194.16589154731562,192.37721581250753,216.26666666666665,218.13333333333333,189.98149820577933,219.99999999999932,216.26666666666665,180.0,180.0,218.7155136197507,197.35842098955698,199.478130407946,198.6550661837072,193.78395197102085,193.39373837437432,180.0,180.0,218.05555555555554,192.2208820683887,194.30538901347865,56.99931066007089,57.23119781577874,56.94019383097721,56.9952313463081,2700.0,448.7318812402489,900.2035696752673
41.6249999999999,75.98622007427636,22.3,66.17111479006536,106.39036827767016,0.7847222222222223,30.844444444444804,10.662014181489972,10.391736696313277,7.646481255754312,10.906918549170172,9.835017653895896,0.6913793566887012,1.6247126900220343,2600.7477406175135,2596.2163772469953,993.8482192294005,2.0,1.9879750424228795,2.0,1.9881641855350738,0.0,48.40493063091312,0.25781250000000006,5.208333333333334,65.5695534076097,5.208333333333334,5.195868348156639,10.391736696313277,5.195868348156639,0.37500000000000006,0.0,41.2499999999999,0.0,0.0,2.597641012361818,5.416666666666667,11.466666666666665,5.416666666666667,3.5899072945438224,7.646481255754312,3.5899072945438224,0.0,0.0,0.0,0.09722222222222221,58.0238925678433,8.049999999999837,5.868055555555557,94.65425716655905,5.868055555555557,4.781050493614615,9.737795431673675,4.781050493614615,0.25781250000000006,0.0,46.67478679281976,0.15124523389990613,0.6913793566887012,0.7367337280610644,0.6589559502832865,0.0,0.0,159.04377724078998,133.74655501856722,0.6527777777777779,0.13194444444444448,0.0,0.0,0.0,0.0,0.0,0.0,0.0,0.0,0.0,0.0,0.0,0.0,0.0,0.0,0.16666666666666669,30.677777777778136,0.0,0.0,0.0,0.0,139.80166804627427,114.50444582405147,1.6247126900220343,0.15124523389990613,26.37772145333632,3.483081144658603,0.0,0.0,0.0,0.0,0.0,0.0,2.1298611111111114,2.0520833333333335,8.444444444444436,8.355555555555554,61.12912025345305,61.161814876892905,30.427059608063807,30.436283579450173,15,219.61111111111111,200.53732179541697,219.99999999999747,219.2947048611111,193.13541666666748,199.96152564682328,192.4110522019766,219.74215656427222,219.61111111111111,193.61342817545918,219.99999999999932,219.28776041666666,180.0,180.0,219.61111111111111,203.55620917901157,196.86666666666562,194.74503239939202,195.44271165508917,200.0232473349308,180.0,180.0,219.61111111111111,196.05495157200477,193.2381475442255,51.63075457810543,51.744034871682594,47.35548712602403,47.402922372486785,2880.0,439.36645448282235,1078.1760398216777
59.874999999999844,92.65288674094299,2.4777777777777743,97.126670345621,128.0570349443366,0.0,26.500000000000433,6.388109422448531,0.9463577337859506,7.301099621711454,5.804384828923343,5.804015331128339,0.0,0.0,2882.9530321231537,2925.262740441437,886.6744565734363,2.0,1.9973242877705648,2.0,1.9971687653630226,0.13368055555555558,63.555706065660225,4.940104166666667,1.0416666666666665,90.56955340760965,1.0416666666666665,0.4063385891151975,0.812677178230395,0.4063385891151975,4.875000000000002,0.0,54.999999999999844,2.6434857637608333,2.6434857637608333,7.951666558271802,0.4166666666666667,1.644444444444441,0.4166666666666667,1.1333375328656599,2.7333417323979874,1.1333375328656599,5.71521091777193,1.9242721255526323,1.9242721255526323,4.063888888888889,75.5238925678434,17.5388888888887,0.4513888888888889,127.15425716655882,0.4513888888888889,0.0,0.0,0.0,5.352995940034454,1.7401264422394493,58.92548086921182,0.0,0.0,0.0,0.0,0.0,0.0,173.35488835190094,145.257666129678,0.0,0.0,0.0,0.0,0.0,0.0,0.0,0.0,0.0,0.0,0.0,0.0,0.0,0.0,0.0,0.0,0.0,26.500000000000433,0.0,0.0,0.0,0.0,150.84611249071864,122.7488902684958,0.0,0.0,20.63076868869302,0.9993559300013273,0.0,0.0,0.0,0.0,0.0,0.0,4.7662785334067035,3.7551674222955915,8.777777777777771,6.199999999999999,54.40371177544749,53.63059905769059,33.16944605044245,34.123990671264195,16,218.05555555555554,195.15717367074893,219.99999999999747,214.52777777777774,191.66880432065577,193.45767918633035,192.63278147215328,216.26666666666665,218.13333333333333,190.4738664976248,219.99999999999932,216.26666666666665,180.0,180.0,218.66545614921247,192.76532214654392,193.79542883054307,196.24811588318562,190.56089899228178,193.92467629124485,180.0,180.0,218.7178687850562,188.15738802341986,188.47666450700098,55.07991542196877,54.9273940077053,53.34125377161871,53.1382449761623,3060.0,516.1237336926305,1184.6029101167953
69.12499999999979,125.98622007427625,20.0,100.2377814567322,171.39036827766972,0.7847222222222223,9.577777777778225,11.716774710385053,13.00472997632566,10.1701711100577,12.51097115642418,13.420206201737244,0.7904430313881583,0.5647485869437139,2974.2860337423044,3182.4470745219687,777.9561539944756,2.0,1.9757613802925373,2.0,1.9711012505646175,0.0,79.8025064318545,0.006076388888888895,5.208333333333334,115.56955340760959,5.208333333333334,6.50236498816283,13.00472997632566,6.50236498816283,0.37500000000000006,0.0,68.74999999999979,0.0,0.0,0.4891427060260877,5.0,10.0,5.0,4.657307777251071,10.1701711100577,4.657307777251071,0.0,0.0,0.0,0.09722222222222221,93.02389256784352,7.116666666666453,5.868055555555557,159.6542571665586,5.868055555555557,6.6368392119797335,13.322983979515023,6.6368392119797335,0.006076388888888895,0.0,73.41211442330395,0.20077707124963468,0.7904430313881583,0.7614996467359285,0.6837218689581508,0.0,0.0,195.9104439074564,165.01322168523328,0.6527777777777779,0.13194444444444448,0.0,0.0,0.0,0.0,0.0,0.0,0.0,0.0,0.0,0.0,0.0,0.0,0.0,0.0,0.16666666666666669,9.411111111111559,0.0,0.0,0.0,0.0,174.8016680462742,143.90444582405118,0.5647485869437139,0.08792984902741247,2.8377678773264017,0.6661871467359286,0.0,0.0,0.0,0.0,0.0,0.0,2.071527777777778,1.9937500000000001,9.11111111111111,2.0109375,50.25666272212065,46.43463103631013,34.28127002579778,39.0927998315576,17,219.61111111111111,200.56530885375574,219.99999999999747,219.42057291666666,194.04687500000065,197.99962759549427,192.3873605002894,219.86545138888889,219.61111111111111,193.73822704654637,219.99999999999932,219.41362847222223,180.0,180.0,219.61111111111111,203.75119851891628,196.8666666666656,192.46481991976577,191.05559531813145,197.91329321056202,180.0,180.0,219.61111111111111,203.50319683714085,188.49999999999815,46.929155455639545,45.70546276171963,43.30360182669354,41.50182127751528,3240.0,517.5144572087712,1409.1315497097066
91.95833333333306,141.9584422964987,0.0,131.19333701228783,193.05703494433615,0.0,0.5666666666671027,6.791666666666666,4.884114583333334,9.75710604618203,7.06388111989412,7.20789542105817,0.0,0.0,2968.568384700121,3427.6989539855786,770.0851099485881,2.0,1.9971966902022742,2.0,1.9954355235590433,1.627170138888889,94.01544448727844,5.59375,0.6944444444444444,140.5695534076098,0.6944444444444444,0.5034722222222222,1.0069444444444444,0.5034722222222222,7.208333333333336,2.250000000000001,82.49999999999973,4.524443499681675,4.524443499681675,10.00497626743292,0.0,0.0,0.0,0.11666666666666559,1.0888888888888877,0.11666666666666559,8.287547315222932,4.143773657611466,4.143773657611466,4.063888888888889,110.52389256784363,16.605555555555316,0.4513888888888889,192.15425716655838,0.4513888888888889,0.3211805555555556,0.9347222222222211,0.3211805555555556,6.291311675449675,2.2092843099470603,86.752311834246,0.0,0.0,0.20773441317636965,0.0,0.0,0.0,210.22155501856736,176.52433279634405,0.0,0.0,0.0,0.0,0.0,0.0,0.0,0.0,0.0,0.0,0.0,0.0,0.0,0.0,0.0,0.0,0.0,0.5666666666671027,0.0,0.0,0.0,0.0,190.51277915738524,156.81555693516205,0.0,0.0,0.0,0.0,0.0,0.0,0.0,0.0,0.0,0.0,4.895833333333334,4.09245663539859,4.784470524287482,3.773359413176367,50.280682391453524,43.966787962576596,34.39551681941081,42.494671319314605,18,218.05555555555554,196.99367248625103,219.99999999999747,216.1111111111111,189.87557997994307,194.02476822706097,196.0982307475669,219.14444444444445,218.13333333333333,189.72074330677634,219.99999999999932,216.26666666666665,180.0,180.0,218.54166666666666,190.93554263235657,191.88461623284664,190.3446798160085,187.7285296769134,189.73370078083417,180.0,180.0,219.02777777777777,189.8265458143881,185.07034455018314,55.19507949140905,53.27147474855854,53.15831134653619,51.789090000140725,3420.0,599.5139149808156,1530.0471973612546
96.62499999999967,175.29177562983247,22.033333333333335,134.30444812339903,236.39036827766927,0.7847222222222223,0.8888888888888891,11.31418352723219,12.763783721131048,13.429315359797421,12.690477402342191,13.775399249128824,0.8611111111111112,0.84375,2898.231905214446,3214.7273336623393,775.9055012208181,2.0,1.976751156398958,2.0,1.968767209341105,0.0,111.03941672601434,0.07118055555555552,4.861111111111112,165.56955340761024,4.861111111111112,6.381891860565524,12.763783721131048,6.381891860565524,0.37500000000000006,0.0,96.24999999999967,0.0,0.0,0.0,5.416666666666667,11.2,5.416666666666667,6.481324346565376,13.429315359797421,6.481324346565376,0.0,0.0,0.0,0.09722222222222221,128.02389256784375,6.183333333333069,5.868055555555557,224.65425716655815,5.868055555555557,6.7512412912310795,13.678177026906603,6.7512412912310795,0.07118055555555552,0.0,101.73051344503193,0.2361111111111111,0.8611111111111112,0.7791666666666668,0.7013888888888888,0.0,0.0,232.77711057412282,196.27988835189933,0.6527777777777779,0.13194444444444448,0.0,0.0,0.0,0.0,0.0,0.0,0.0,0.0,0.0,0.0,0.0,0.0,0.0,0.0,0.16666666666666669,0.7222222222222223,0.0,0.0,0.0,0.0,214.4683347129408,177.97111249071742,0.84375,0.22743055555555552,0.8137152777777779,0.7359374999999999,0.0,0.0,0.0,0.0,0.0,0.0,2.113194444444472,2.035416666666694,2.147048611111111,2.069270833333333,50.73889262896572,46.56443344767022,35.45241020184484,40.172839630196464,19,219.61111111111111,199.85766181034083,219.99999999999747,219.38802083333331,194.05355051495167,199.22462738294453,194.90944653106007,219.85659633422765,219.61111111111111,193.5488632035197,219.99999999999932,219.38107638888889,180.0,180.0,219.61111111111111,203.7135223445103,198.81111111110985,194.50612865020486,193.36531594635662,195.49391911032987,180.0,180.0,219.61111111111111,203.61912574929258,197.14444444444248,48.892840038408025,45.110641695693346,42.298510362317174,40.84597379097191,3600.0,568.8630303645397,1785.0260761028528
124.12499999999962,190.5695534076107,2.2111111111111086,165.2600036789547,258.0570349443358,0.0,4.722222222222218,8.910763888888889,9.153298611111111,5.677048860713962,6.510931769636665,6.9066538763201875,0.0,0.0,3305.087774070918,3324.6268020175635,756.8999330439125,2.0,1.9973053182132936,2.0,1.9970767993393206,4.4553819444444445,126.12127337836239,8.910763888888889,0.0,190.5695534076107,0.0,0.0,0.11458333333333331,0.0,9.54166666666667,4.583333333333335,109.99999999999962,2.705619434916076,2.705619434916076,7.277905536498817,0.4166666666666667,1.3777777777777753,0.4166666666666667,0.3402777777777778,0.6805555555555556,0.3402777777777778,6.448414407151327,2.290873870242331,2.290873870242331,4.063888888888889,145.52389256784386,15.672222222221938,0.4513888888888889,257.15425716655795,0.4513888888888889,0.26041666666666663,0.8765352137240766,0.26041666666666663,5.7991262140811095,1.9662297737072219,114.89711537631125,0.0,0.0,0.0,0.0,0.0,0.0,247.08822168523378,207.7909994630101,0.0,0.0,0.0,0.0,0.0,0.0,0.0,0.0,0.0,0.0,0.0,0.0,0.0,0.0,0.0,0.0,0.0,4.722222222222218,0.0,0.0,0.0,0.0,221.7794458240518,182.48222360182825,0.0,0.0,3.4698957029198496,2.4587845918087385,0.0,0.0,0.0,0.0,0.0,0.0,4.068159591808739,3.0570484806976275,5.388888888888889,5.388888888888889,45.7204717139813,46.78451492641085,40.092301953674394,40.70746514173871,20,219.40104166666666,198.43945805520414,219.99999999999747,219.61111111111111,192.2979136794137,194.00339926581935,192.5233668425164,216.26666666666665,218.13333333333333,189.0270101709144,219.99999999999932,216.26666666666665,180.0,180.0,218.54166666666666,192.71706391817492,191.79516302434203,187.62624426135298,187.5630377225313,188.0176155700613,180.0,180.0,219.41666666666666,188.93958023398685,192.00227524066835,53.60895149055979,53.32867977745233,54.2052502942355,54.02166551879375,3780.0,646.1529793585037,1898.7567563543507
124.12499999999956,225.29177562983338,20.0,168.3711147900659,301.3903682776688,0.7847222222222223,0.8888888888888891,11.62562523614087,13.490833805615072,11.368695989302111,11.642807611357009,11.900893000491791,0.9081351342272497,0.6824406897828053,3269.241551539625,3441.8020405440166,731.6699622881159,2.0,1.9724407356868072,2.0,1.9683649967098482,0.0,142.47955129749707,0.019097222222222265,4.861111111111112,215.56955340761115,4.861111111111112,6.745416902807536,13.490833805615072,6.745416902807536,0.37500000000000006,0.0,123.74999999999956,0.0,0.0,0.8101478161638622,5.0,10.0,5.0,5.256570216873277,11.368695989302111,5.256570216873277,0.0,0.0,0.0,0.09722222222222221,163.02389256784397,5.249999999999695,5.868055555555557,289.6542571665577,5.868055555555557,5.75565483357923,11.80367077826957,5.75565483357923,0.019097222222222265,0.0,129.65981870316435,0.25962312266918036,0.9081351342272497,0.7909226724457015,0.7131448946679235,0.0,0.0,269.6437772407893,227.54655501856539,0.6527777777777779,0.13194444444444448,0.0,0.0,0.0,0.0,0.0,0.0,0.0,0.0,0.0,0.0,0.0,0.0,0.0,0.0,0.16666666666666669,0.7222222222222223,0.0,0.0,0.0,0.0,241.53500137960734,199.4377791573836,0.6824406897828053,0.14677590044695815,0.7733879502234791,0.6956101724457013,0.0,0.0,0.0,0.0,0.0,0.0,2.071527777777778,1.9937500000000001,2.0887152777777773,2.0109375000000003,46.39096727514659,43.11310032876453,38.956658907163,42.70544153836967,21,219.61111111111111,199.99360502466956,219.99999999999747,219.4140625,194.62847222222243,198.25069130195325,192.32825785400507,219.83974544324573,219.61111111111111,193.60860221111548,219.99999999999932,219.40711805555557,180.0,180.0,219.61111111111111,203.99205197610578,198.81111111110974,193.53249688209047,194.46403806315962,195.43584710368236,180.0,180.0,219.61111111111111,197.3754368067076,193.3333333333312,44.1889213653086,42.50011188938539,43.64716172531222,42.78230408844474,3960.0,634.3038572547077,2129.15121988291
146.9583333333332,241.95844229650052,2.1222222222222205,199.32667034562155,323.0570349443353,0.0,4.722222222222218,7.970486111111111,5.448784722222223,7.62371465850138,6.684237632721069,6.682222983027201,0.0,0.0,3050.012687016173,3383.320763054126,861.0027017545698,2.0,1.9979789336736928,2.0,1.99723375011546,2.216145833333333,157.2316278794933,6.784722222222221,0.6944444444444444,240.5695534076116,0.6944444444444444,0.4913194444444444,0.9826388888888888,0.4913194444444444,7.208333333333336,2.250000000000001,137.49999999999986,2.705340951435036,2.705340951435036,7.277348569536738,0.4166666666666667,1.288888888888887,0.4166666666666667,1.0888888888888877,2.6444444444444435,1.0888888888888877,6.414525191910467,2.273929262621901,2.273929262621901,4.063888888888889,180.5238925678441,14.738888888888566,0.4513888888888889,322.1542571665575,0.4513888888888889,0.2604166666666667,0.574999999999999,0.2604166666666667,5.9724320771655135,2.043334094138313,142.86686210936622,0.0,0.0,0.0,0.0,0.0,0.0,283.9548883519003,239.05766612967616,0.0,0.0,0.0,0.0,0.0,0.0,0.0,0.0,0.0,0.0,0.0,0.0,0.0,0.0,0.0,0.0,0.0,4.722222222222218,0.0,0.0,0.0,0.0,248.84611249071835,203.94889026849444,0.0,0.0,4.004831106346877,2.993719995235761,0.0,0.0,0.0,0.0,0.0,0.0,4.846150550791322,3.835039439680207,5.388888888888889,5.388888888888889,50.655460619670876,45.856013278448536,35.40113014109204,40.84164988177459,22,218.05555555555554,196.76354765661102,219.99999999999747,216.1111111111111,190.9875303468376,193.5642252358228,192.32796859277457,216.26666666666665,218.13333333333333,189.27142232494964,219.99999999999932,216.26666666666665,180.0,180.0,218.54166666666666,190.5675304032276,190.6733427757189,191.5333288152716,190.63501781432393,189.04052947655688,180.0,180.0,219.02777777777777,188.6212749288689,192.6745269867879,54.73551127342947,53.397849750182154,54.63965166944747,54.4906485276432,4140.0,709.5858486030874,2249.59990544522
151.6250000000003,275.98622007427866,20.0,202.43778145673275,366.39036827766836,0.7847222222222223,0.8888888888888891,11.770088480969342,13.518214280288536,11.481088114927932,11.318261673282565,11.01360667989846,0.8301142600999201,0.6044198156554756,3042.472500231446,2857.086553534894,935.1012921370459,2.0,1.9775192758437568,2.0,1.9801257063942057,0.0,173.82989446713322,0.019097222222222265,5.208333333333334,265.56955340761203,5.208333333333334,6.542657925413787,13.518214280288536,6.542657925413787,0.37500000000000006,0.0,151.2500000000003,0.0,0.0,0.8339033064030346,5.0,10.0,5.0,5.312766279686189,11.481088114927932,5.312766279686189,0.0,0.0,0.0,0.09722222222222221,198.0238925678442,4.316666666666322,5.868055555555557,354.6542571665573,5.868055555555557,5.431108895504787,10.916384457676239,5.431108895504787,0.019097222222222265,0.0,157.7523821414725,0.22061268560551556,0.8301142600999201,0.771417453913869,0.6936396761360912,0.0,0.0,306.5104439074558,258.81322168523144,0.6527777777777779,0.13194444444444448,0.0,0.0,0.0,0.0,0.0,0.0,0.0,0.0,0.0,0.0,0.0,0.0,0.0,0.0,0.16666666666666669,0.7222222222222223,0.0,0.0,0.0,0.0,268.60166804627386,220.9044458240498,0.6044198156554756,0.10776546338329335,0.7538827316916468,0.6761049539138688,0.0,0.0,0.0,0.0,0.0,0.0,2.071527777777778,1.9937500000000001,2.0887152777777773,2.0109375000000003,49.29246172802435,53.070268439759396,35.91254263476507,33.99535145130079,23,219.61111111111111,200.56203556267795,219.99999999999747,219.4140625,194.62847222222223,198.1093104824244,192.33457858800952,219.85964531107436,219.61111111111111,193.54444293158727,219.99999999999932,219.40711805555557,180.0,180.0,219.61111111111111,204.07638089406507,198.81111111110974,195.27443104553308,194.91528104696647,196.3354626932089,180.0,180.0,219.61111111111111,197.21689956384736,193.33333333333104,46.80217540653401,48.43868583999649,44.21245512911844,44.52444139006796,4320.0,688.4390298522452,2480.543844836757
179.12500000000077,290.5695534076125,3.4769704308325093,233.39333701228838,388.0570349443349,0.0,4.722222222222218,7.094641848812514,8.235688979961814,8.687639056391822,6.983093396460875,6.9531786426748825,0.0,0.0,3273.9901197986464,3239.9919040144932,922.0025281757505,2.0,1.9974843646201021,2.0,1.9973680879092106,3.5377723132951457,187.58431321146108,7.094641848812514,0.0,290.5695534076125,0.0,0.0,0.11458333333333331,0.0,9.54166666666667,4.583333333333335,165.00000000000077,4.571032186080154,4.571032186080154,13.054030092880058,0.0,0.0,3.4769704308325093,0.0,0.0,3.0058238170599205,8.233213740623336,4.116606870311668,4.116606870311668,4.063888888888889,215.5238925678443,13.805555555555193,0.4513888888888889,387.15425716655704,0.4513888888888889,0.2604166666666667,0.6965277777777767,0.2604166666666667,6.27128784090532,2.1927619760082164,171.15824765012965,0.0,0.0,0.0,0.0,0.0,0.0,320.8215550185668,270.3243327963423,0.0,0.0,0.0,0.0,0.0,0.0,0.0,0.0,0.0,0.0,0.0,0.0,0.0,0.0,0.0,0.0,0.0,4.722222222222218,0.0,0.0,0.0,0.0,275.9127791573849,225.41555693516062,0.0,0.0,4.009991616027124,2.99888050491601,0.0,0.0,0.0,0.0,0.0,0.0,4.85131106047157,3.840199949360457,5.388888888888889,5.388888888888889,46.517188841260435,47.80079196139738,38.69822152996992,39.02879272664097,24,219.40104166666666,198.51616241496006,219.99999999999747,219.61111111111111,198.21672737356874,195.1790850031,196.844168004781,218.05555555555554,218.13333333333333,189.50445277543565,219.99999999999932,216.26666666666665,180.0,180.0,218.54166666666666,191.60477714932702,192.1394161297623,193.7314887113062,190.16686375876816,189.79957790943362,180.0,180.0,219.02777777777777,188.5807092503492,192.64059829144696,53.80008111395681,53.73723232238045,54.48511914196968,54.19538276232603,4500.0,754.8781354983897,2619.6665290940923
179.12500000000122,323.9028867409463,28.230925003755935,236.5044481233996,431.3903682776679,0.7847222222222223,0.8888888888888891,10.310776143258732,12.40280228651746,8.789718616918918,11.272508793158252,11.081823141872054,0.3055555555555555,0.0798611111111111,2993.5402648374506,3388.4931482276697,948.6658862745408,2.0,1.978028910889424,2.0,1.9698707155367934,0.0,199.77259852605167,0.0,4.166666666666667,315.56955340761294,4.166666666666667,6.144109476592064,12.40280228651746,6.144109476592064,0.37500000000000006,0.0,178.75000000000122,0.0,0.0,10.108041564177823,4.583333333333333,9.166666666666666,14.480925003755933,4.150205755787579,8.789718616918918,13.225932187281355,0.0,0.0,0.0,0.09722222222222221,233.02389256784443,3.3833333333329523,5.868055555555557,419.6542571665568,5.868055555555557,5.404453237602694,10.984600919649832,5.404453237602694,0.0,0.0,185.47338455165084,0.0,0.3055555555555555,0.640277777777778,0.5625,0.0,0.0,343.3771105741223,290.0798883518976,0.6527777777777779,0.13194444444444448,0.0,0.0,0.0,0.0,0.0,0.0,0.0,0.0,0.0,0.0,0.0,0.0,0.0,0.0,0.16666666666666669,0.7222222222222223,0.0,0.0,0.0,0.0,295.6683347129404,242.37111249071597,0.0798611111111111,0.0,0.6227430555555555,0.5449652777777778,0.0,0.0,0.0,0.0,0.0,0.0,1.9388888888888893,1.8611111111111112,1.956076388888889,1.8782986111111113,50.26710537432959,43.835417808998066,35.01723437032535,41.64368183618748,25,220.0,198.81069922603584,219.99999999999747,219.61805555555554,201.02222222222196,196.7252908343562,193.72067893442025,219.862024766767,219.65711805555554,193.6119163144996,219.99999999999932,219.43967013888889,180.0,180.0,219.61111111111111,205.03849123833675,198.81111111110965,194.2932519511623,189.88736005795397,190.99353372594922,180.0,180.0,219.61111111111111,197.42905324754244,193.3333333333308,47.059155436945716,43.076412900947034,44.436711076040226,43.12277773592163,4680.0,756.9137935671865,2843.0839980007613
206.62500000000168,340.5695534076134,38.46414989354592,267.4600036789553,453.0570349443344,0.0,4.722222222222218,3.4611111111111392,6.376388888888904,8.195829993831921,4.496875000000001,5.559027777777778,0.0,0.0,3116.9117017545773,3279.551457676381,1048.229498479399,2.0,1.997747468113462,2.0,1.9975544591740415,1.7305555555555696,206.56000445009425,3.4611111111111392,0.0,340.5695534076134,0.0,0.0,0.06249999999999989,0.0,9.54166666666667,4.583333333333335,192.50000000000168,4.57138378576908,4.57138378576908,26.197271361546782,9.608036737875183,0.0,28.856113155670737,8.620579743289017,0.0,26.468085129181688,7.248892416125682,3.624446208062841,3.624446208062841,4.063888888888889,250.52389256784454,12.872222222221826,0.4513888888888889,452.1542571665566,0.4513888888888889,0.23437499999999994,0.5229166666666655,0.23437499999999994,3.8111111111111127,0.9722222222222234,196.94392730262712,0.0,0.0,0.18620756659866422,0.0,0.0,0.0,357.6882216852333,301.5909994630084,0.0,0.0,0.0,0.0,0.0,0.0,0.0,0.0,0.0,0.0,0.0,0.0,0.0,0.0,0.0,0.0,0.0,4.722222222222218,0.0,0.0,0.0,0.0,302.9794458240514,246.8822236018268,0.0,0.0,4.240721455487552,3.2296103443764386,0.0,0.0,0.0,0.0,0.0,0.0,4.895833333333334,4.070929788820885,5.388888888888889,5.388888888888889,49.07944543570487,47.49882733020324,36.707512367713036,38.89114066284125,26,219.42708333333331,196.1770950788553,219.99999999999747,219.61111111111111,211.75167111676097,205.4605939692938,197.1566825470386,218.05555555555554,218.13333333333333,189.388553029334,219.99999999999932,216.26666666666665,180.0,180.0,218.54166666666666,191.30542318904358,191.55875156298345,192.47875287162012,190.1371047784922,188.98896864492414,180.0,180.0,218.4371141780498,188.76137431956036,192.7807951781424,54.2971426610419,53.978150876686435,54.4894706019034,54.52559704079686,4860.0,815.0412899264329,3027.1549811444506
206.62500000000213,373.9028867409472,66.53081656021246,270.5711147900658,496.39036827766745,0.7847222222222223,0.8888888888888891,10.063021835285063,11.855210337236793,7.730799039647655,11.07285413763439,10.560986053046554,0.3055555555555555,0.0798611111111111,3175.0020491251294,2928.038202535467,1109.549522954958,2.0,1.9750451555186566,2.0,1.978724356015222,0.0,211.46656500317795,0.0,4.166666666666667,365.56955340761385,4.166666666666667,5.896355168618396,11.855210337236793,5.896355168618396,0.37500000000000006,0.0,206.25000000000213,0.0,0.0,47.88169561067761,17.60803673787513,8.333333333333332,40.589446489004,16.20497596051874,7.730799039647655,37.78581467974476,15.474311699957813,0.0,0.0,0.09722222222222221,268.023892567844,2.449999999999586,5.868055555555557,484.65425716655636,5.868055555555557,5.204798582078833,10.463763830824332,5.204798582078833,0.0,0.0,205.4340841077279,0.0,0.3055555555555555,0.640277777777778,0.5625,0.0,0.0,380.2437772407888,321.3465550185637,0.6527777777777779,0.13194444444444448,0.0,0.0,0.0,0.0,0.0,0.0,0.0,0.0,0.0,0.0,0.0,0.0,0.0,0.0,0.16666666666666669,0.7222222222222223,0.0,0.0,0.0,0.0,322.73500137960696,263.83777915738216,0.0798611111111111,0.0,0.6227430555555555,0.5449652777777778,0.0,0.0,0.0,0.0,0.0,0.0,1.9388888888888893,1.8611111111111112,1.956076388888889,1.8782986111111113,47.03614137816398,52.41643761592927,37.62796738242997,34.99736209918541,27,220.0,198.83617472246542,219.99999999999747,219.61805555555554,211.46656500317795,205.4340841077279,195.09478744169695,219.2725652194762,220.0,193.5486554768302,219.99999999999932,219.61111111111111,180.0,180.0,219.61111111111111,205.06131372914908,198.8111111111096,195.030258160818,188.93650776035247,190.33230182783797,180.0,180.0,219.61111111111111,197.20680266606217,193.33333333333073,45.40655333736452,47.72640600417551,44.02684741710951,44.186066245879076,5040.0,856.0690949886546,3293.1123408250337
223.52604166666856,381.1945534076136,70.37338797291167,290.1176425678444,504.96675716655545,0.0,0.0,3.200038123808314,4.46460239523749,6.248119588044544,4.627777777777602,5.959722222222135,0.0,0.0,3300.824796073369,3496.0471309981967,1008.4238253774361,2.0,1.9972072072639402,2.0,1.9964979767040314,1.600019061904157,215.1999428142876,3.200038123808314,0.0,381.1945534076136,0.0,0.0,0.0,0.0,5.817708333333332,2.8645833333333326,214.8437500000019,3.461296893284713,3.461296893284713,76.03754324313952,23.483036737875345,0.0,46.89035123503632,26.387689198090392,0.0,48.394432663348624,34.304071621017364,2.7868226947598314,2.7868226947598314,3.6458333333333344,278.9613925678444,7.510416666666669,0.0,504.96675716655545,0.0,0.0,0.0,0.0,4.627777777777602,2.313888888888801,211.38945196968484,0.0,0.0,0.0,0.0,0.0,0.0,383.0048883519001,322.3576661296739,0.0,0.0,0.0,0.0,0.0,0.0,0.0,0.0,0.0,0.0,0.0,0.0,0.9722222222222221,0.9722222222222221,0.0,0.0,0.0,0.0,0.0,0.0,0.0,0.0,317.9711124907177,257.3238902684936,0.0,0.0,0.0,0.0,0.0,0.0,0.0,0.0,0.0,0.0,2.1241319444444446,2.0269097222222223,4.238867451560509,3.606923007116069,46.1907616941566,42.30100510529066,40.23495166209709,45.024264340221464,28,219.78298611111111,204.4932419699196,219.99999999999747,220.0,220.0,218.33111863635125,200.15187670406144,218.05555555555554,219.54427083333334,198.93192369094191,219.99999999999932,219.65277777777777,180.0,180.0,218.54166666666666,193.51586822611011,197.28525470413632,201.57257323047688,200.3963122570992,199.46931652892775,180.0,180.0,218.2250857493135,191.664772396539,193.75814416130694,53.57976560411772,52.55177710101583,54.0650075190528,53.69500124041884,5220.0,864.5227937828556,3388.73147900486
218.28125000000202,389.7014978520572,80.99838797291162,283.3363925678442,516.0257849443337,0.0,0.0,5.517132285994797,8.77732012754515,11.434028755860325,5.906602405458722,8.879177033139666,0.6527777777777779,0.0,3547.84382406547,3858.7119912072067,813.3474223928849,2.0,1.982587426120612,2.0,1.9791311708955508,0.0,216.3999571107157,0.0,1.1284722222222223,387.4445534076127,1.1284722222222223,4.388660063772575,8.77732012754515,4.388660063772575,0.0,0.0,218.28125000000202,0.0,0.0,88.08144032865904,27.233036737875388,3.1250000000000004,50.640351235036235,37.21611756006611,11.434028755860325,59.222861025324335,35.95842332592566,0.0,0.0,0.0,283.3363925678442,0.0,1.4670138888888893,513.0917571665559,1.4670138888888893,4.439588516569833,8.879177033139666,4.439588516569833,0.0,0.0,213.85500423294778,0.13194444444444448,0.6527777777777779,0.0854166666666667,0.06597222222222227,0.0,0.0,369.580443907456,308.23322168522975,0.0,0.0,0.0,0.0,0.0,0.0,0.0,0.0,0.0,0.0,0.0,0.0,0.0,0.0,0.0,0.0,0.0,0.0,0.0,0.0,0.0,0.0,304.8966680462726,243.54944582404906,0.0,0.0,0.0,0.0,0.0,0.0,0.0,0.0,0.0,0.0,0.7828993055555556,0.7634548611111112,0.659353298611111,0.6204644097222223,39.94537707148673,34.75116266453795,48.8883102352821,56.85762011093739,29,220.0,214.49122643468928,219.99999999999747,219.90451388888889,216.3999571107157,213.85500423294778,209.18238461494835,219.83422127381647,220.0,212.9743192622231,219.99999999999932,219.87847222222223,180.0,180.0,219.61111111111111,202.931110774363,210.83654366643165,203.69453456533415,204.58545704049996,202.89947327200548,180.0,180.0,219.70703125,203.07704152836328,210.15119571088852,47.482438339928876,45.5896755955626,45.832719605173004,45.05839667603717,5400.0,834.251950923645,3413.020030572136
225.15625000000213,393.6945534076118,81.71899847678532,292.086392567844,521.2167571665564,3.636666666666655,4.053333333333321,1.3500160834816768,1.820841375074172,2.9370024995988144,2.30437341264458,2.610520039655623,1.8960191786390395,1.8005330675279279,3918.4444946792714,4048.3240440207105,714.8837941571204,2.0,2.0,2.0,2.0,0.6750080417408384,217.97497587477756,1.3500160834816768,0.0,393.6945534076118,0.0,0.0,0.0,0.0,2.2916666666666674,1.1458333333333337,221.71875000000213,1.61782297510954,1.61782297510954,99.46772058943868,28.678663325230865,0.0,53.04033515155446,41.230094472809384,0.0,64.19119526723048,45.63482681450292,1.3191795244892741,1.3191795244892741,1.458333333333333,287.711392567844,2.916666666666666,0.0,521.2167571665564,0.0,0.0,0.0,0.0,2.30437341264458,1.15218670632229,216.54343988103312,0.6213429226528517,1.8960191786390395,2.5506714613264254,2.3173381279930916,0.0,0.0,335.03155501856736,272.98433279634105,2.4716666666666636,0.9091666666666638,0.1279166666666639,0.1279166666666639,0.0,0.0,0.0,0.0,0.0,0.0,0.0,0.0,0.0,0.0,0.0,0.0,1.0133333333333303,2.6799999999999966,0.17999999999999716,0.17999999999999716,0.0,0.0,270.69777915738297,208.65055693516038,1.8005330675279279,0.5735998670972959,2.643466600215313,2.4101332668819797,0.0,0.0,0.0,0.0,0.0,0.0,2.9866666666666695,2.98666666666667,2.98666666666667,2.98666666666667,35.91681049991385,35.01330386162235,55.710947551499494,59.00494832959664,30,219.91319444444446,209.7741096847181,219.99999999999747,220.0,220.0,220.0,209.0167717360298,219.86545138888889,219.81520829792828,208.69266058936088,219.99999999999932,219.85611104030102,180.0,180.0,219.34666666666666,195.71018003438968,202.85934761779828,200.20366133260313,205.94135684341785,206.67427098869064,180.0,180.0,219.34666666666666,195.53567742112548,202.24676514120216,57.91426258045384,57.787327751040316,57.84405071396704,57.7903996610884,5580.0,866.4912372848676,3320.1381221617644
225.15625000000225,401.85427562983307,86.0892789297863,292.08639256784375,531.8243960554457,0.0,0.0,4.940211705669589,7.99446214431241,2.5481916158863047,5.255464717758267,8.028290546627645,0.0,0.0,3956.12088665041,3944.813981347032,593.6880174262833,2.0,1.977496034344817,2.0,1.977200190138277,0.0,218.48123190608317,0.0,0.9548611111111113,399.9445534076109,0.9548611111111113,3.9853505945584775,7.99446214431241,3.9853505945584775,0.0,0.0,225.15625000000225,0.0,0.0,112.334427550102,29.40417322113492,1.6666666666666665,55.01843904198472,47.516424940685035,2.5481916158863047,71.73011972963249,57.07175464735643,0.0,0.0,0.0,292.08639256784375,0.0,1.2413194444444446,529.3417571665568,1.2413194444444446,4.014145273313822,8.028290546627645,4.014145273313822,0.0,0.0,217.40757991077484,0.0,0.0,0.0,0.0,0.0,0.0,321.6071105741233,258.8598883518969,0.0,0.0,0.0,0.0,0.0,0.0,0.0,0.0,0.0,0.0,0.0,0.0,0.0,0.0,0.0,0.0,0.0,0.0,0.0,0.0,0.0,0.0,257.6233347129379,194.87611249071628,0.0,0.0,0.0,0.0,0.0,0.0,0.0,0.0,0.0,0.0,0.6934801059212449,0.654591217032356,0.7206141905961809,0.681725301707292,34.41771784206689,34.464950924529596,58.79902285315179,59.690717257287645,31,220.0,214.06284351402763,219.99999999999747,219.90451388888889,218.48123190608317,217.40757991077484,210.31455241490957,219.70961352708375,220.0,212.65035328699042,219.99999999999932,219.87847222222223,180.0,180.0,219.78458333333333,205.7566072292616,210.35919367091748,201.97699189984965,205.13525638813545,205.39669653377373,180.0,180.0,219.78458333333333,205.65323527592747,209.93719003945765,44.761794702262456,44.52604166817726,44.735230965999754,44.80402567065898,5760.0,882.917976352238,3329.0885140397904
232.03125000000236,406.19455340761,90.95045472966017,300.8363925678435,537.4667571665573,3.636666666666655,4.053333333333321,0.19444444444444445,1.243055555555556,2.734409848987033,0.9721575334594235,1.9444121000630448,2.6428469181744996,2.5473608070633893,4019.407233246111,3957.7071105906357,581.2633741715799,2.0,2.0,2.0,2.0,0.09722222222222222,218.9581461517846,0.19444444444444445,0.0,406.19455340761,0.0,0.0,0.0,0.0,2.2916666666666674,1.1458333333333337,228.59375000000236,1.4710526695912023,1.4710526695912023,122.06488310108,32.18201568767553,0.0,58.768439041984635,53.37842285735265,0.0,78.56427517975956,66.57469767414828,1.2633571793958307,1.2633571793958307,1.458333333333333,296.4613925678435,2.916666666666666,0.0,537.4667571665573,0.0,0.0,0.0,0.0,0.9721575334594235,0.48607876672971173,218.54176369981084,0.9947567924205818,2.6428469181744996,2.7373783962102904,2.504045062876957,0.0,0.0,287.0582216852346,223.61099946300823,2.4716666666666636,0.9091666666666638,0.1279166666666639,0.1279166666666639,0.0,0.0,0.0,0.0,0.0,0.0,0.0,0.0,0.0,0.0,0.0,0.0,1.0133333333333303,2.6799999999999966,0.17999999999999716,0.17999999999999716,0.0,0.0,223.42444582404823,159.9772236018276,2.5473608070633893,0.9470137368650267,2.830173535099178,2.5968402017658447,0.0,0.0,0.0,0.0,0.0,0.0,2.9866666666666695,2.9866666666666695,2.98666666666667,2.9866666666666695,35.352782932659906,35.811805505454245,58.7221221626992,58.871079508888414,32,219.8378754708882,209.81611555762305,219.99999999999747,219.84936205288753,219.24981281845126,219.99999999999997,209.1592836359928,219.86545138888889,219.80989973613148,208.60871819363697,219.99999999999932,219.84549391670743,180.0,180.0,219.34666666666666,195.79301664050837,201.9908830645488,198.86385356562562,206.13357126108406,206.2440001699235,180.0,180.0,219.34666666666666,195.9270561513999,202.13291440404925,57.78472598415602,57.83407964520911,57.7994207683288,57.83070391174436,5940.0,940.6122482216123,3252.3416252250336
232.03125000000247,414.0070534076091,98.84116463366118,300.8363925678433,548.0743960554466,0.0,0.0,4.6601114553999645,7.757722910799928,2.590569178593593,5.192458741445519,7.90227859400215,0.0,0.0,3855.1977115272075,3793.5207823315704,564.2360486359843,2.0,1.9782679039811737,2.0,1.9796367513224822,0.0,219.35926971037884,0.0,0.7812500000000001,412.4445534076091,0.7812500000000001,3.878861455399964,7.757722910799928,3.878861455399964,0.0,0.0,232.03125000000247,0.0,0.0,133.47990290679124,34.656058925009965,1.6666666666666665,62.51843904198455,61.87102801970344,2.590569178593593,88.33283710477585,78.03056932570432,0.0,0.0,0.0,300.8363925678433,0.0,1.2413194444444446,545.5917571665577,1.2413194444444446,3.951139297001075,7.90227859400215,3.951139297001075,0.0,0.0,218.90632277485813,0.0,0.0,0.0,0.0,0.0,0.0,273.63377724079055,209.4865550185641,0.0,0.0,0.0,0.0,0.0,0.0,0.0,0.0,0.0,0.0,0.0,0.0,0.0,0.0,0.0,0.0,0.0,0.0,0.0,0.0,0.0,0.0,210.35000137960316,146.2027791573835,0.0,0.0,0.0,0.0,0.0,0.0,0.0,0.0,0.0,0.0,0.6941293603286145,0.6552404714397255,0.7222196331388346,0.6833307442499457,34.766569187425986,36.329684414392425,58.933246763079794,56.96044420981806,33,220.0,213.79753744178478,219.99999999999747,219.90451388888889,219.35926971037884,218.90632277485813,210.2521859155504,219.659312196164,220.0,212.63618819151375,219.99999999999932,219.87847222222223,180.0,180.0,219.78458333333333,205.87417190552364,210.4161846863731,202.1238328164013,205.42654494826095,205.48606103707155,180.0,180.0,219.78458333333333,205.65493860050253,209.98341374257546,44.97477719826073,45.335466976650196,45.14253462646562,45.79907956481668,6120.0,954.9623852856766,3267.3538714913134
238.9062500000026,418.69455340760817,104.6744979669945,309.58639256784306,553.7167571665582,3.636666666666655,4.053333333333321,0.0,1.1458333333333337,2.744811071894876,0.19444444444444445,1.5555555555555554,2.6278301636970864,2.532344052585975,3866.512283453498,2966.3774880798182,553.6950253404395,2.0,2.0,2.0,2.0,0.0,219.51945228278413,0.0,0.0,418.69455340760817,0.0,0.0,0.0,0.0,2.2916666666666674,1.1458333333333337,235.4687500000026,1.5625767741292274,1.5625767741292274,144.0151116339701,38.40605892500988,0.0,66.26843904198462,68.65557140087085,0.0,95.11738048594327,86.528516807603,1.1822342977656488,1.1822342977656488,1.458333333333333,305.21139256784306,2.916666666666666,0.0,553.7167571665582,0.0,0.0,0.0,0.0,0.19444444444444445,0.09722222222222222,219.27696430336582,0.9872484151818752,2.6278301636970864,2.7336242075909376,2.5002908742576038,0.0,0.0,239.0848883519019,174.2376661296754,2.4716666666666636,0.9091666666666638,0.1279166666666639,0.1279166666666639,0.0,0.0,0.0,0.0,0.0,0.0,0.0,0.0,0.0,0.0,0.0,0.0,1.0133333333333303,2.6799999999999966,0.17999999999999716,0.17999999999999716,0.0,0.0,176.1511124907135,111.3038902684948,2.532344052585975,0.9395053596263194,2.8264193464798244,2.5930860131464915,0.0,0.0,0.0,0.0,0.0,0.0,2.986666666666669,2.98666666666667,2.986666666666669,2.98666666666667,36.247811906025326,31.47073292819628,57.96161593217126,60.77299252269735,34,219.8385090046474,209.68748281687473,219.99999999999747,219.85062912040584,219.51945228278413,219.56863097003247,209.18894126042963,219.86545138888889,219.81041697440267,209.14986422015673,219.99999999999932,219.8465283932498,180.0,180.0,219.34666666666666,197.297429463338,203.26480374134727,199.5916315081526,206.47281832878988,206.51009752747606,180.0,180.0,219.34666666666666,197.05579821320555,203.26870421173885,57.90956681036305,58.47660131216943,57.88529553878781,58.00619573211792,6300.0,1007.500690956834,3190.680642507352
238.9062500000027,426.50705340760726,113.5112037077451,309.58639256784284,564.3243960554476,0.0,0.0,3.2025015126463012,4.8425030252926025,4.249879956171751,4.416889771718024,6.351140654547158,0.0,0.0,3503.0331644507282,2484.4599376071137,480.6841222446522,2.0,1.9925951034050502,2.0,1.995355902553209,0.0,219.72969190906605,0.0,0.7812500000000001,424.94455340760726,0.7812500000000001,2.4212515126463012,4.8425030252926025,2.4212515126463012,0.0,0.0,238.9062500000027,0.0,0.0,155.86655933062855,41.6177646657603,1.8749999999999998,70.01843904198479,77.40268077044482,4.249879956171751,104.40278411476672,97.77797509747695,0.0,0.0,0.0,309.58639256784284,0.0,1.2413194444444446,561.8417571665586,1.2413194444444446,3.175570327273579,6.351140654547158,3.175570327273579,0.0,0.0,219.53860492064325,0.0,0.0,0.0,0.0,0.0,0.0,212.67466612967996,147.12744390745343,0.0,0.0,0.0,0.0,0.0,0.0,0.0,0.0,0.0,0.0,0.0,0.0,0.0,0.0,0.0,0.0,0.0,0.0,0.0,0.0,0.0,0.0,150.09089026849057,84.54366804627256,0.0,0.0,0.0,0.0,0.0,0.0,0.0,0.0,0.0,0.0,0.6901784960174269,0.6512896071285381,0.712399384036581,0.673510495147692,40.529214220678675,19.459468583399605,50.77438823558802,80.18925586624292,35,220.0,212.7726941986979,219.99999999999747,219.90451388888889,219.72969190906605,219.53860492064325,210.6799495246691,219.42660378241624,220.0,211.55929596657154,219.99999999999932,219.87847222222223,180.0,180.0,219.78458333333333,206.05865151146833,210.4355840248376,205.45869750653134,206.4958087359137,207.8389824080252,180.0,180.0,219.78458333333333,202.33761370915042,208.2432776530722,50.63863266599562,57.414377628666756,51.160589477025866,50.18778286966185,6480.0,1021.4278548300402,3148.6274275494197
245.7812500000028,431.19455340760635,116.99073610854182,303.3470050585578,534.4954238332256,6.249999999999999,6.666666666666665,0.10136553410029592,1.1965161003834817,3.3748894579296804,3.4785787103143675,3.113622688490514,3.9088163879008673,3.7946205634283143,3067.630824930499,1971.4546742739171,502.0582776237554,2.0,2.0,2.0,2.0,0.05068276705014796,219.84795169884964,0.10136553410029592,0.0,431.19455340760635,0.0,0.0,0.0,0.0,2.2916666666666674,1.1458333333333337,242.3437500000028,1.8902501163543084,1.8902501163543084,166.98425228102204,43.222297066556926,0.0,73.76843904198489,81.42313247375623,0.0,110.56870341728134,95.81407004333754,1.4846393415753718,1.4846393415753718,1.402333333333331,299.0840050585578,2.860666666666664,0.0,534.4954238332256,0.0,0.0,0.0,0.0,3.4785787103143675,1.7112893551571828,206.5438555363547,1.9544081939504336,3.9088163879008673,3.543870763641884,3.310537430308551,0.0,0.0,163.65288835190233,97.40566612967565,3.1249999999999996,1.5624999999999998,0.7812499999999999,0.7812499999999999,0.0,0.0,0.0,0.0,0.0,0.0,0.0,0.0,0.0,0.0,0.0,0.0,1.6666666666666663,3.3333333333333326,0.8333333333333331,0.8333333333333331,0.0,0.0,112.31580624535492,46.06858402313719,3.7946205634283143,1.8973102817141572,3.6319884741904116,3.3986551408570786,0.0,0.0,0.0,0.0,0.0,0.0,3.8888888888888893,3.8888888888888884,3.8888888888888893,3.8888888888888884,49.738098008060376,11.074742250464604,39.94792717545407,95.50532615075181,36,219.88519444444447,212.7714866147302,219.99999999999747,219.944,220.0,211.9017236018263,212.58336923529583,219.93489583333334,219.80315277777777,210.39690932271085,198.36066666666562,219.83199999999997,180.0,180.0,220.0,206.72200291899927,210.39299762296827,209.57108510704387,208.99286925738016,211.12428309802584,180.0,180.0,219.42286180091315,201.83645785713802,195.75242415466943,59.07746659754372,59.54762667027324,58.32418394367089,58.88668594466335,6660.0,1055.600435846157,2982.8824477937455
237.15980501857106,423.8963867409387,106.27505953760212,252.84744950300168,531.5097571665592,0.0,0.0,1.9698327255598378,2.3771654511196756,3.505209070401697,6.031000189423796,8.45088926773648,0.0,2.375333333333335,2745.4414637274767,1873.4364620014805,490.6719297819031,2.0,1.997486330106655,2.0,1.99908957106963,0.0,211.26451879270536,0.0,0.7812500000000001,422.3338867409387,0.7812500000000001,1.1885827255598378,2.3771654511196756,1.1885827255598378,0.0,0.0,237.15980501857106,0.0,0.0,169.07300254574434,26.88162049561705,1.8749999999999998,77.51843904198506,68.2586672198376,3.505209070401697,117.49491473430257,74.45003470442902,0.0,0.0,0.0,252.84744950300168,0.0,1.8055555555555562,527.8986460554481,1.8055555555555562,4.22544463386824,8.45088926773648,4.22544463386824,0.0,0.0,166.25920736581222,0.0,0.0,0.0,0.0,0.0,0.0,127.90933279634693,60.962110574120075,0.0,0.0,0.0,0.0,0.0,0.0,0.0,0.0,0.0,0.0,0.0,0.0,0.0,0.0,0.0,0.0,0.0,0.0,0.0,0.0,2.375333333333335,2.375333333333335,96.90141735646614,29.95419513424833,0.0,0.0,0.0,0.0,0.0,0.0,0.0,0.0,0.0,0.0,0.7053699862861362,0.6664810973972475,0.6330118093745611,0.5941229204856728,51.15673072520255,9.917629210237749,34.27939200710698,98.7566130069484,37,220.0,212.48623905837812,187.646443370467,219.90451388888889,211.26451879270536,183.3604444444441,211.67190350832414,219.90797203475324,220.0,213.59233095826093,162.3324444444429,219.87847222222223,180.0,180.0,219.77359603468756,207.82538880105676,211.6743510689452,205.82462036355875,205.20255649001888,209.8294118291642,180.0,180.0,219.94791666666666,205.47806771745067,197.95601819839013,55.9401242220472,58.161147548671366,53.00404455943615,55.50547576146771,6840.0,1091.1551206447862,2704.127844365466
224.53436057412662,381.195442296493,75.65930025591642,216.66600505855678,512.3752293887817,6.249999999999999,6.666666666666665,2.8886666666666656,2.5901666666666667,2.364162351033574,9.399522912980334,1.5124117245495632,5.287734336997392,3.548429276899121,3153.107447242183,1840.626729173191,423.3958832908098,2.0,2.0,2.0,2.0,1.4443333333333328,195.3922779834178,2.8886666666666656,0.0,381.195442296493,0.0,0.0,0.0,0.0,2.2916666666666674,1.1458333333333337,221.09686057412662,1.2389541081509345,1.2389541081509345,163.72687117331887,0.0,0.0,75.65930025591642,30.759045347879095,0.0,119.4363281711467,67.07846599300471,1.1252082428826398,1.1252082428826398,0.0,216.66600505855678,0.0,0.5642361111111112,511.2467571665595,0.5642361111111112,0.7526201352025638,1.5124117245495632,0.7526201352025638,8.08266666666666,0.0,147.8739610799145,2.4351385905624605,5.287734336997392,3.7842359619478976,3.550902628614565,0.0,0.0,99.62883306484072,31.98161084261379,3.1249999999999996,1.5624999999999998,0.7812499999999999,0.7812499999999999,0.0,0.0,0.0,0.0,0.0,0.0,0.0,0.0,0.0,0.0,0.0,0.0,1.6666666666666663,3.3333333333333326,0.8333333333333331,0.8333333333333331,0.0,0.0,79.67441735646631,12.027195134248318,3.548429276899121,1.7742146384495605,3.5704406525581134,3.33710731922478,0.0,0.0,0.0,0.0,0.0,0.0,3.8888888888888884,3.8888888888888884,3.8888888888888884,3.8888888888888884,41.25021584535859,9.729825121548195,43.10793478864742,98.94202831832862,38,219.7038753979261,212.36600835394447,184.22222222221916,219.5813619069633,199.7252779834178,181.52966471036487,212.77757822212988,219.37934027777777,218.05555555555554,207.33499249288775,182.22177777777569,218.5873611111111,180.0,180.0,219.02777777777777,203.7522213312623,197.26632719792246,200.67091285943525,203.20627776945784,208.91240767415013,180.0,180.0,218.54166666666666,201.91882009610643,190.614800328722,58.53906305049271,59.547391301109734,58.1231052371494,58.89460454429046,7020.0,1058.0778822417044,2418.3758571563344
176.2561383519042,372.9944978520475,60.39672394414271,168.09611616966734,510.820118277671,0.0,0.0,5.350897138691179,8.09762761071569,6.535294777782347,7.0182636930861,9.075947163034455,5.584949508768206,2.5977777777777806,2945.506079086058,1806.931210548609,325.28503817487416,2.0,1.9961363009727173,2.0,1.9990691621891656,0.0,162.51194108789443,0.0,1.3020833333333335,370.3903311853809,1.3020833333333335,4.048813805357845,8.09762761071569,4.048813805357845,0.0,0.0,176.2561383519042,0.0,0.0,145.72792970468325,0.9374999999999999,1.8749999999999998,57.58422394414271,8.537837729696077,6.535294777782347,109.50026646341212,46.288392482956375,0.0,0.0,0.0,168.09611616966734,0.0,1.9184027777777786,506.98331272211544,1.9184027777777786,4.464444248641654,8.952683274145565,4.464444248641654,0.6354166666666667,0.1232638888888889,113.49978101343402,0.0,3.001171730990426,0.0,0.0,2.58377777777778,2.58377777777778,87.60749973150747,19.260277509280424,0.0,0.0,0.0,0.0,0.0,0.0,0.0,0.0,0.0,0.0,0.0,0.0,0.0,0.0,0.0,0.0,0.0,0.0,0.0,0.0,2.5977777777777806,2.5977777777777806,68.51719513424419,4.026944444444447,0.0,0.0,0.0,0.0,0.0,0.0,0.0,0.0,0.0,0.0,1.137423617571198,0.7740288402205576,0.8661971073310893,0.7245491042671084,30.755388154182,9.542039576644214,59.88584221712677,98.90525497693659,39,220.0,214.83025123839369,165.49955555555206,219.90451388888889,187.99911111111064,189.22222222222152,211.5346672714587,219.80097136625932,219.61111111111111,213.56818594489903,160.88888888888627,219.48958333333334,180.0,180.0,219.61111111111111,204.523134278826,199.23921297920938,198.3716646686507,202.74302164713473,204.55784990453347,180.0,180.0,219.70486111111111,203.22380617967076,200.09655263713316,53.64489489817166,58.16039534705533,52.36021996041041,55.43804679787712,7200.0,966.3809572008807,2108.7767450652855
129.91586057412624,362.47366451871324,11.612446166364913,131.91467172522243,491.459896055449,6.249999999999999,6.666666666666665,6.7010477992235575,6.053261369860918,1.9588750061655182,1.3663823235754498,1.6997105490360997,6.17165432739268,4.810736715514852,2553.1470951492506,1739.3557332180071,255.10182151176087,2.0,2.0,2.0,2.0,0.0,136.66482997678315,4.833111111111105,0.6944444444444445,361.0847756298243,0.6944444444444445,1.173492243668008,6.053261369860918,1.173492243668008,0.0,0.0,129.91586057412624,1.2444652839432957,1.2444652839432957,138.2867380049758,0.0,0.0,11.612446166364913,0.0,0.0,70.26860181642613,36.45193827793109,0.7144097222222224,0.7144097222222224,0.0,131.91467172522243,0.0,0.5642361111111112,490.33142383322684,0.5642361111111112,0.8021462124643387,1.6997105490360997,0.8021462124643387,0.0,0.0,86.17272124094441,2.085158135214801,6.17165432739268,3.609245734274068,3.375912400940735,0.0,0.0,73.21083306484094,4.1636108426137515,3.1249999999999996,1.5624999999999998,0.7812499999999999,0.7812499999999999,0.0,0.0,0.0,0.0,0.0,0.0,0.0,0.0,0.0,0.0,0.0,0.0,1.6666666666666663,3.3333333333333326,0.8333333333333331,0.8333333333333331,0.0,0.0,51.65108402313319,0.0,4.810736715514852,2.172798436682087,3.7697325516743767,3.5363992183410433,0.0,0.0,0.0,0.0,0.0,0.0,3.888888888888889,3.888888888888889,3.8888888888888884,2.8388888888888886,21.104201818747182,8.970331425778483,77.63351743257876,100.44676580892198,40,218.05555555555554,209.25300994263608,179.55555555555145,219.90451388888889,167.11111111111015,201.25719893844217,211.53063032937357,219.86545138888889,219.02777777777777,206.69101318482726,182.22177777777466,219.39236111111111,180.0,180.0,218.54166666666666,208.63347084739652,195.31884644963878,192.7887893883696,200.99141552864876,204.12330174402308,180.0,180.0,218.54166666666666,199.14925546516207,192.3104262909625,59.49570378060709,59.54810246072844,58.20452465425875,58.925961971228304,7380.0,839.2754912769967,1787.1503104288295
78.13113835190417,360.3486645187122,4.166666666666666,83.34478283633334,489.9047849443383,0.0,0.0,6.464544236313172,8.356987696863387,8.46110045948267,6.463613801766437,9.544438763615824,4.1932334747959485,3.491244426523033,2128.0590775808323,1556.1977245401217,167.71336353030532,2.0,1.9988719938874056,2.0,1.9991536897103765,0.1232638888888889,107.03321929615217,1.5978897498491134,1.5625000000000002,357.2236645187122,1.5625000000000002,3.304154486464058,8.233723807974497,3.304154486464058,0.0,0.0,78.13113835190417,0.0,0.0,116.31407814120274,1.0416666666666665,2.083333333333333,1.0416666666666665,4.0576591916741425,8.46110045948267,54.62186816911202,11.72967612807626,0.0,0.0,0.0,83.34478283633334,0.0,1.9184027777777786,486.06797938878276,1.9184027777777786,4.545211023988658,9.544438763615824,4.545211023988658,0.0,0.0,44.608674252893586,0.0,0.207122363684837,0.0,0.0,3.986111111111111,3.986111111111111,67.6061663981744,5.541666666666668,0.0,0.0,0.0,0.0,0.0,0.0,0.0,0.0,0.0,0.0,0.0,0.0,0.0,0.0,0.0,0.0,0.0,0.0,0.0,0.0,2.5977777777777806,2.5977777777777806,40.49386180091106,4.026944444444447,0.8934666487452525,0.0,0.0,0.0,0.0,0.0,0.0,0.0,0.0,0.0,0.8111555909212091,0.7722667020323204,1.2053223898977525,0.800885224776273,12.623579016387296,7.90071133627952,93.58872064852507,102.14257596928611,41,219.61111111111111,215.32986111111015,160.8888888888841,219.515625,191.3749999999988,199.9988482696712,211.79357589515098,219.83299971098165,219.6537013888889,213.58228305040484,160.88888888888525,219.70532291666666,180.0,180.0,219.61111111111111,208.71927778895525,203.63288138525516,198.69213858601208,203.27773264477958,204.8334473824488,180.0,180.0,219.61111111111111,205.18896374001244,200.9344709265672,57.59532980727377,57.68135036930971,55.25360926519282,56.28702656921886,7560.0,699.6154487520289,1529.8573662881865
31.790860574126555,349.30699785204456,0.0,47.16333839188882,470.5445627221163,6.249999999999999,6.666666666666665,1.26265651386684,1.5846275346543353,1.9350882878932651,1.1295947976804543,1.1307173731386864,4.188428042726248,4.41126745404869,1861.4932845543385,1675.231764456836,160.87270965967517,2.0,2.0,2.0,2.0,0.0,73.8839137405966,0.0,0.6944444444444445,347.91810896315565,0.6944444444444445,0.5682120694223953,1.5846275346543353,0.5682120694223953,0.0,0.0,31.790860574126555,1.2206785656710428,1.2206785656710428,108.66975110559021,0.0,0.0,0.0,0.0,0.0,14.656136705850608,1.4288194444444449,0.7144097222222224,0.7144097222222224,0.0,47.16333839188882,0.0,0.5642361111111112,469.41609049989415,0.5642361111111112,0.5653586865693432,1.1307173731386864,0.5653586865693432,0.0,0.0,13.373955999192876,2.0098201779143032,4.188428042726248,3.571576755623818,3.338243422290485,0.0,0.0,54.36216639817447,0.0,3.1249999999999996,1.5624999999999998,0.7812499999999999,0.7812499999999999,0.0,0.0,0.0,0.0,0.0,0.0,0.0,0.0,0.0,0.0,0.0,0.0,1.6666666666666663,3.3333333333333326,0.8333333333333331,0.8333333333333331,0.0,0.0,23.627750689800006,0.0,4.41126745404869,1.773211250367047,3.5699389585168566,3.3366056251835228,0.0,0.0,0.0,0.0,0.0,0.0,3.8888888888888884,2.8194444444444446,3.8888888888888884,2.8388888888888886,9.891794068774185,8.537780749796324,98.52872550880839,101.29221855536883,42,219.02777777777777,210.6427481072609,179.55555555555014,219.41840277777777,186.20833333333212,201.6944668712246,211.8027843350752,219.86545138888889,219.02777777777777,207.77350696432677,182.22177777777364,219.39236111111111,180.0,180.0,219.02777777777777,207.49696999183442,197.5487512152772,194.3449192351223,203.6864375880565,202.93653128731324,180.0,180.0,218.54166666666666,203.21616826038,193.24873952474925,59.52523682580997,59.54925542058716,58.903836855935474,58.94944131020145,7740.0,536.5690615912401,1236.7766749727261
0.0,349.8625534075991,5.833333333333334,0.0,468.9894516110056,0.0,0.0,5.665528910657692,6.711266154648715,11.286266664208405,6.000180460958205,8.163555366360853,4.731392336838665,2.841971221410232,1887.5971782145668,1527.7161185752955,144.54673881986542,2.0,1.998948117630266,2.0,1.9991581555554618,0.1232638888888889,34.1182887405967,0.6354166666666667,1.7361111111111114,346.3903311853769,1.7361111111111114,3.294001132879913,6.588002265759826,3.294001132879913,0.0,0.0,0.0,0.0,0.0,73.91841982305097,1.4583333333333335,2.916666666666667,1.4583333333333335,5.6431333321042025,11.286266664208405,8.255908284727706,0.0,0.0,0.0,0.0,0.0,0.0,1.9184027777777786,465.1526460554501,1.9184027777777786,4.081777683180427,8.163555366360853,4.081777683180427,0.0,0.0,0.0,0.0,0.16194789239421997,0.0,0.0,4.569444444444445,4.569444444444445,49.34083306484117,6.125000000000002,0.0,0.0,0.0,0.0,0.0,0.0,0.0,0.0,0.0,0.0,0.0,0.0,0.0,0.0,0.0,0.0,0.0,0.0,0.0,0.0,2.3801032986111132,2.3801032986111132,11.212016933757816,3.8092699652777795,0.46186792279911865,0.0,0.0,0.0,0.0,0.0,0.0,0.0,0.0,0.0,0.799861973098555,0.760973084209666,1.153223726597043,0.7089578925197808,9.934037889382454,7.714434721965087,99.65035985729476,102.57837045261196,43,219.61111111111111,215.8055555555546,183.21608387031188,219.515625,189.74305555555424,213.52836761768208,213.00324690678843,219.81491873974855,219.94791666666666,213.6726319929859,188.89473618482126,219.85243055555557,180.0,180.0,219.61111111111111,209.22575798698534,203.64002077393013,199.82274026702157,204.70237699684444,205.15522677766276,180.0,180.0,219.61111111111111,205.82133542132104,201.26717293635176,57.60082592647,57.68311921093752,55.44872262277928,56.30479863776154,7920.0,412.54419082666976,1073.1791822816042
4.583333333333335,305.19588674093126,0.0,5.833333333333332,423.4998682776724,6.249999999999999,6.666666666666665,7.922127067890417,4.0355625,3.261934796776699,2.165743055555555,2.5412048611111104,3.7278856773284654,3.3109170549272515,1618.2779870325842,1418.499223961431,124.62826334810123,2.0,2.0,2.0,2.0,2.8897291666666667,28.039421718986414,7.922127067890417,0.0,305.19588674093126,0.0,0.0,0.0,0.0,2.2916666666666674,1.1458333333333337,1.1458333333333337,1.9685676269053194,1.9685676269053194,65.16987397549862,0.0,0.0,0.0,0.0,0.0,0.0,2.586734339742759,1.2933671698713796,1.2933671698713796,1.458333333333333,1.458333333333333,2.916666666666666,0.0,423.4998682776724,0.0,0.0,0.0,0.0,2.165743055555555,1.0828715277777774,1.0828715277777774,1.8148121014821792,3.7278856773284654,3.4740727174077564,3.2407393840744234,0.0,0.0,28.09314890281727,0.0,3.1249999999999996,1.5624999999999998,0.7812499999999999,0.7812499999999999,0.0,0.0,0.0,0.0,0.0,0.0,0.0,0.0,0.0,0.0,0.0,0.0,1.6666666666666663,3.3333333333333326,0.8333333333333331,0.8333333333333331,0.0,0.0,0.0,0.0,3.3109170549272515,1.495625194130292,3.44300704150959,3.1978125970651456,0.0,0.0,0.0,0.0,0.0,0.0,3.8888888888888884,1.4088541666666665,0.5228515625000001,0.48396267361111106,8.035565682436268,6.754897574618052,103.00842060131623,106.37928457588832,44,219.84273291162307,212.77334491306414,188.02256944443795,219.8590769343572,200.86576346492913,207.974071876161,211.7401214802718,219.86545138888889,219.80034722222223,211.6686553106603,193.82665103753962,219.82638888888889,180.0,180.0,219.49001736111111,212.44823735711898,205.40369519774814,200.74587015533635,206.58283739679342,205.78434734375838,180.0,180.0,219.95746527777777,209.29935945236596,203.96115228569352,59.52782727297074,59.54286559635281,58.974092162878826,59.01486824865422,8100.0,338.0743253005697,921.2903509961287
0.0,288.4667200742635,5.0,0.0,404.32625716656156,0.0,0.0,2.1531403704897984,2.3965585187573746,7.051149240249105,3.0902202347701064,3.9234960250957682,4.033854166666667,3.175280408441875,1580.6664794186893,1290.7878646938302,111.26435266128236,2.0,1.9976384708521564,2.0,1.9988287823787956,0.0,1.0935297666559816,0.0,0.9548611111111113,286.5569978520413,0.9548611111111113,1.1982792593786873,2.3965585187573746,1.1982792593786873,0.0,0.0,0.0,0.0,0.0,30.882839179151297,1.25,2.5,1.25,3.5255746201245524,7.051149240249105,3.5255746201245524,0.0,0.0,0.0,0.0,0.0,0.0,1.1284722222222223,402.0693127221171,1.1284722222222223,1.9617480125478841,3.9234960250957682,1.9617480125478841,0.0,0.0,0.0,0.0,0.0,0.0,0.0,4.033854166666667,4.033854166666667,18.59653431948394,5.783854166666667,0.0,0.0,0.0,0.0,0.0,0.0,0.0,0.0,0.0,0.0,0.0,0.0,0.0,0.0,0.0,0.0,0.0,0.0,0.0,0.0,3.175280408441875,3.175280408441875,5.635002630664097,5.4211137417752076,0.0,0.0,0.0,0.0,0.0,0.0,0.0,0.0,0.0,0.0,0.6164045389125146,0.5775156500236256,0.689984021160818,0.6510951322719291,7.583901916772011,6.022611093924899,105.72044397013585,107.85133943123965,45,219.91427951388889,212.95592392004446,187.7638888888821,219.86165364583334,197.46484374999923,214.04739392231693,212.85308175036272,219.95008680555557,219.91427951388889,211.14093118095195,198.93735070869994,219.83561197916669,180.0,180.0,219.93728298611111,210.4010836767745,207.78228725679875,202.52858474138623,205.94821931667528,206.49835812420736,180.0,180.0,219.76408735285673,209.6412498754666,210.0285256404169,57.60190355346994,57.717520232630754,53.37733896504206,55.52395003877593,8280.0,265.96804111394476,806.3665277636438
4.583333333333335,245.3625534075958,0.0,5.833333333333332,353.4165349443394,6.249999999999999,6.666666666666665,6.2109375,4.251302083333334,2.3378874872231776,2.1301596449887374,2.5234131558277015,3.237940261693966,3.6099313481393276,1505.3290809003827,1377.5442456260423,114.95899313692962,2.0,2.0,2.0,2.0,3.10546875,3.10546875,6.2109375,0.0,245.3625534075958,0.0,0.0,0.0,0.0,2.2916666666666674,1.1458333333333337,1.1458333333333337,0.8735217844197498,0.8735217844197498,17.27306063300152,0.0,0.0,0.0,0.0,0.0,0.0,2.928731405606855,1.4643657028034276,1.4643657028034276,1.458333333333333,1.458333333333333,2.916666666666666,0.0,353.4165349443394,0.0,0.0,0.0,0.0,2.1301596449887374,1.0650798224943687,1.0650798224943687,1.618970130846983,3.237940261693966,3.3761517320901597,3.1428183987568263,0.0,0.0,0.0,0.0,3.1249999999999996,1.5624999999999998,0.7812499999999999,0.7812499999999999,0.0,0.0,0.0,0.0,0.0,0.0,0.0,0.0,0.0,0.0,0.0,0.0,1.6666666666666663,3.3333333333333326,0.8333333333333331,0.8333333333333331,0.0,0.0,0.0,0.0,3.6099313481393276,1.8049656740696638,3.585816170368165,3.352482837034832,0.0,0.0,0.0,0.0,0.0,0.0,0.8340277777777779,0.7951388888888888,1.4025934354107883,1.363704546521899,7.272642900494731,6.547798160546551,105.3228403083288,106.6054371457875,46,219.06814236111111,213.77403313776063,195.7443397200584,218.30989583333334,202.20582471378128,210.71541501184367,213.08200118906487,219.86545138888889,219.83984375,207.96209116441156,193.95625378256128,219.90538194444446,180.0,180.0,219.84809027777777,213.17161805265496,206.94043465007695,200.61849694044236,205.75990116562824,205.9337491397633,180.0,180.0,219.51388888888889,209.7719495162613,203.65782883505187,59.516651366589215,59.53582040847619,58.94867701386819,59.006554294511865,8460.0,252.18693725397708,687.4012595413006
0.0,218.95283118537353,5.0,0.0,314.4477849443395,0.0,0.0,1.7997756550803063,2.0370513101606122,6.741927184271722,1.3026205265487447,2.254546608653045,3.485270182291667,4.136134425369532,1329.8476847302056,1264.933967032512,99.62388257607748,2.0,1.9988219660712125,2.0,1.998922877465953,0.0,0.0,0.0,0.7812500000000001,217.39033118537353,0.7812500000000001,1.0185256550803061,2.0370513101606122,1.0185256550803061,0.0,0.0,0.0,0.0,0.0,0.0,1.25,2.5,1.25,3.370963592135861,6.741927184271722,3.370963592135861,0.0,0.0,0.0,0.0,0.0,0.0,0.5642361111111112,313.31931272211733,0.5642361111111112,0.7383844154376334,2.254546608653045,0.7383844154376334,0.0,0.0,0.0,0.0,0.0,0.0,0.0,3.485270182291667,3.485270182291667,5.410270182291666,5.235270182291667,0.0,0.0,0.0,0.0,0.0,0.0,0.0,0.0,0.0,0.0,0.0,0.0,0.0,0.0,0.0,0.0,0.0,0.0,0.0,0.0,4.136134425369532,4.136134425369532,6.8194677587028645,6.586134425369529,0.0,0.0,0.0,0.0,0.0,0.0,0.0,0.0,0.0,0.0,0.672167353049689,0.6332784641608,0.662176181076993,0.6232872921881041,6.234923898055549,5.902077387632639,107.33245667089555,107.76194946932515,47,219.67518538144526,212.62833388802525,195.18481491293775,219.86100260416666,212.6898955254183,214.04496136241846,212.87452806635795,219.95008680555557,219.67013888888889,209.58129403568847,191.76757921521374,219.71354166666669,180.0,180.0,219.7168861433568,210.4804256110226,209.37364923572053,203.89109506004775,206.29879876399107,207.64459318524257,180.0,180.0,219.82789419556983,209.74654467741726,208.39312408245195,57.59968572499687,57.71535107918785,55.61457952291902,55.79219643058116,8640.0,213.517708336112,598.9838403220842
4.583333333333335,164.52922007426216,0.0,5.833333333333332,262.3332016110063,6.249999999999999,6.666666666666665,3.009624407743546,2.650645537205107,1.6441278642731387,2.2652255557714547,2.5909461112190604,3.4459200214956858,3.0910935587714765,1438.4749914500574,1378.7056484768557,111.81718264459593,2.0,2.0,2.0,2.0,1.504812203871773,1.504812203871773,3.009624407743546,0.0,164.52922007426216,0.0,0.0,0.0,0.0,2.2916666666666674,1.1458333333333337,1.1458333333333337,0.8774094959662617,0.8774094959662617,1.7548189919325234,0.0,0.0,0.0,0.0,0.0,0.0,1.533436736613754,0.766718368306877,0.766718368306877,1.458333333333333,1.458333333333333,2.916666666666666,0.0,262.3332016110063,0.0,0.0,0.0,0.0,2.2652255557714547,1.1326127778857273,1.1326127778857273,1.7229600107478429,3.4459200214956858,3.4281466720405884,3.1948133387072555,0.0,0.0,0.0,0.0,3.1249999999999996,1.5624999999999998,0.7812499999999999,0.7812499999999999,0.0,0.0,0.0,0.0,0.0,0.0,0.0,0.0,0.0,0.0,0.0,0.0,1.6666666666666663,3.3333333333333326,0.8333333333333331,0.8333333333333331,0.0,0.0,0.0,0.0,3.0910935587714765,1.5455467793857383,3.456106723026202,3.2227733896928688,0.0,0.0,0.0,0.0,0.0,0.0,1.1083333333333334,1.0694444444444444,1.1277777777777778,1.088888888888889,6.871673401766557,6.556168873252378,106.164401299488,106.56501196264597,48,219.0355902777778,210.96933257132835,190.88813112567905,218.24479166666666,211.28611399670655,211.06715792015154,213.62459420921672,219.93055555555554,219.83072916666666,208.2940074450817,190.62793925159866,219.88715277777777,180.0,180.0,219.80555555555554,213.27263036961355,207.05058311065872,201.0011410772336,205.1157767578031,206.50188023782985,180.0,180.0,219.80555555555554,210.65485022847525,204.4834939788074,59.51278269215022,59.534159018385076,58.998048136106966,59.02478326365526,8820.0,225.55416891878374,490.429326896592
0.0,123.42505340759536,4.166666666666666,0.0,223.36445161100647,0.0,0.0,1.3805006882166015,1.8929458208776477,3.7484251720762822,1.5274606490886145,2.2493479656756032,3.5421006944444446,3.5790809087370983,1370.855359502626,1307.1434501686654,102.94914292236446,2.0,1.998611727115598,2.0,1.9987389060472054,0.0,0.0,0.0,0.4340277777777778,122.55699785203981,0.4340277777777778,0.9464729104388239,1.8929458208776477,0.9464729104388239,0.0,0.0,0.0,0.0,0.0,0.0,1.0416666666666665,2.083333333333333,1.0416666666666665,1.7517918794191378,3.7484251720762822,1.7517918794191378,0.0,0.0,0.0,0.0,0.0,0.0,0.5642361111111112,222.23597938878424,0.5642361111111112,0.9632245379775033,2.2493479656756032,0.9632245379775033,0.0,0.0,0.0,0.0,0.0,0.0,0.0,3.5421006944444446,3.5421006944444446,5.680989583333332,5.486545138888889,0.0,0.0,0.0,0.0,0.0,0.0,0.0,0.0,0.0,0.0,0.0,0.0,0.0,0.0,0.0,0.0,0.0,0.0,0.0,0.0,3.5790809087370983,3.5790809087370983,5.815192019848209,5.620747575403764,0.0,0.0,0.0,0.0,0.0,0.0,0.0,0.0,0.0,0.0,0.6727604428932039,0.6338715540043149,0.6435905233471673,0.6047016344582785,6.443298587405959,6.114412703241101,107.54277571173353,107.98026530335675,49,219.80902777777777,212.1745121625804,192.08249176649696,219.80902777777777,211.1008274996406,212.32865102066376,212.53160441121616,219.95008680555557,219.67013888888889,209.89538862527726,191.79375745349728,219.71354166666669,180.0,180.0,219.71451378398274,210.97590656569812,208.90354780790562,202.8046213931074,205.99686192326405,207.04695180720844,180.0,180.0,219.77008235105578,209.9262968416708,207.8360463840748,57.11293420031921,57.250042909175846,55.272734834762346,55.47447525328658,9000.0,215.62217610665672,403.0157068234062
4.583333333333335,69.69588674092887,0.0,5.833333333333332,171.24986827767322,6.249999999999999,6.666666666666665,3.9170943343377553,3.104380500502211,1.6043071501331412,3.4923899048039235,3.204528285735295,3.6719678413121923,3.433107142861793,1425.7429668355257,1365.6897182250748,110.63164314552088,2.0,2.0,2.0,2.0,1.9585471671688777,1.9585471671688777,3.9170943343377553,0.0,69.69588674092887,0.0,0.0,0.0,0.0,2.2916666666666674,1.1458333333333337,1.1458333333333337,0.8683781875062516,0.8683781875062516,1.7367563750125032,0.0,0.0,0.0,0.0,0.0,0.0,1.4718579252537791,0.7359289626268896,0.7359289626268896,1.458333333333333,1.458333333333333,2.916666666666666,0.0,171.24986827767322,0.0,0.0,0.0,0.0,3.4923899048039235,1.7461949524019618,1.7461949524019618,1.8359839206560962,3.6719678413121923,3.4846586269947157,3.251325293661382,0.0,0.0,0.0,0.0,3.1249999999999996,1.5624999999999998,0.7812499999999999,0.7812499999999999,0.0,0.0,0.0,0.0,0.0,0.0,0.0,0.0,0.0,0.0,0.0,0.0,1.6666666666666663,3.3333333333333326,0.8333333333333331,0.8333333333333331,0.0,0.0,0.0,0.0,3.433107142861793,1.7165535714308966,3.5416101190487814,3.308276785715448,0.0,0.0,0.0,0.0,0.0,0.0,1.1083333333333334,1.0694444444444444,1.127777777777778,1.088888888888889,6.796710514166132,6.482939323468422,106.32485466627479,106.69970683715887,50,219.8049253979819,210.796063022495,190.8875062807025,219.7834619070749,212.98636166526867,213.44980507869747,214.29833520510536,220.0,219.83072916666666,208.26615839515767,190.5694621609613,219.88715277777777,180.0,180.0,219.80555555555554,213.4041979010887,206.7720778349709,200.52128547223802,204.91337965961313,205.98285698757064,180.0,180.0,219.80555555555554,210.7487557500666,204.8949781750671,59.5152532904789,59.536364307579504,58.988666973610044,59.01355199758725,9180.0,224.48520560546152,309.75876873243266
0.0,28.591720074262327,3.7499999999999996,0.0,132.2811182776734,0.0,0.0,1.380769874239557,1.8934841929235589,2.6184691896382946,1.5310644681566217,2.255022994486287,3.5513780381944446,3.595648871527778,1373.0824260246363,1309.411941800047,103.07274453780109,2.0,1.998610945307971,2.0,1.998738174286755,0.0,0.0,0.0,0.4340277777777778,27.72366451870677,0.4340277777777778,0.9467420964617794,1.8934841929235589,0.9467420964617794,0.0,0.0,0.0,0.0,0.0,0.0,0.9374999999999999,1.8749999999999998,0.9374999999999999,1.3092345948191473,2.6184691896382946,1.3092345948191473,0.0,0.0,0.0,0.0,0.0,0.0,0.5642361111111112,131.15264605545116,0.5642361111111112,0.9668283570455105,2.255022994486287,0.9668283570455105,0.0,0.0,0.0,0.0,0.0,0.0,0.0,3.5513780381944446,3.5513780381944446,5.690266927083332,5.495822482638889,0.0,0.0,0.0,0.0,0.0,0.0,0.0,0.0,0.0,0.0,0.0,0.0,0.0,0.0,0.0,0.0,0.0,0.0,0.0,0.0,3.595648871527778,3.595648871527778,5.831759982638888,5.637315538194444,0.0,0.0,0.0,0.0,0.0,0.0,0.0,0.0,0.0,0.0,0.6289849790848219,0.5900960901959329,0.6435882957253738,0.6046994068364849,6.456511045521127,6.1276147925308875,107.50236649691125,107.93997354194207,51,219.91427951388889,212.1725431566108,192.05923963833052,219.86165364583334,210.56076022956427,211.89331783952508,212.3135891051369,219.95008680555557,219.86219618055554,209.85805375329318,191.7646123522271,219.8095703125,180.0,180.0,219.71600452810515,210.95825840448654,208.90551244104336,202.78546279883105,205.98374877254696,207.05347163935832,180.0,180.0,219.77009126154294,209.82647683786783,207.84175052813703,57.112935485360005,57.25004449924972,55.271765168115046,55.473485354821165,9360.0,214.64596054820507,214.78464357563672
4.583333333333335,0.0,0.0,5.833333333333332,80.16653494434006,6.249999999999999,6.666666666666665,3.9198767364648486,3.105771701565758,1.6791229250620718,2.9476545142426267,2.9321605904546466,3.7379688842383736,3.4999615028248954,1424.7991520335918,1364.4310979341758,110.81634186093049,2.0,2.0,2.0,2.0,1.9599383682324243,1.9599383682324243,3.9198767364648486,0.0,0.0,0.0,0.0,0.0,0.0,2.2916666666666674,1.1458333333333337,1.1458333333333337,0.8746633504859566,0.8746633504859566,1.7493267009719131,0.0,0.0,0.0,0.0,0.0,0.0,1.6089191491522306,0.8044595745761153,0.8044595745761153,1.458333333333333,1.458333333333333,2.916666666666666,0.0,80.16653494434006,0.0,0.0,0.0,0.0,2.9476545142426267,1.4738272571213133,1.4738272571213133,1.8689844421191868,3.7379688842383736,3.5011588877262616,3.267825554392928,0.0,0.0,0.0,0.0,3.1249999999999996,1.5624999999999998,0.7812499999999999,0.7812499999999999,0.0,0.0,0.0,0.0,0.0,0.0,0.0,0.0,0.0,0.0,0.0,0.0,1.6666666666666663,3.3333333333333326,0.8333333333333331,0.8333333333333331,0.0,0.0,0.0,0.0,3.4999615028248954,1.7499807514124477,3.558323709039557,3.324990375706224,0.0,0.0,0.0,0.0,0.0,0.0,1.3765790121680506,1.3376901232791618,1.127777777777778,1.088888888888889,6.775283038437619,6.4603927189144565,106.55795482208427,106.95200537757341,52,219.84848124536106,211.0649627844667,215.32348583742788,219.87057360183317,212.96683210124536,212.35449431748776,214.29741129174198,220.0,219.83072916666666,208.26582521186927,190.59753141347113,219.88715277777777,180.0,180.0,219.86977515449863,213.4026279362931,206.42068863844457,200.7723234482906,205.0336924942984,206.3634676814683,180.0,180.0,219.80555555555554,210.97425127964317,204.9265360963821,59.52275823910034,59.54326667853178,58.97740156779985,58.99940001684519,9540.0,199.432051748035,148.4606165867965
0.0,3.819444444444445,3.7499999999999996,0.0,41.19778494434005,0.0,0.0,2.208067930672315,2.506413639122407,2.559598763804825,1.4921017696315841,2.1770940495943116,1.122577349226878,3.595648871527778,1262.2633745796632,1200.553300838596,93.57215864315802,2.0,1.9989497527999291,2.0,1.999045963074494,0.0,0.0,0.0,0.9548611111111113,1.9097222222222225,0.9548611111111113,1.2532068195612036,2.506413639122407,1.2532068195612036,0.0,0.0,0.0,0.0,0.0,0.0,0.9374999999999999,1.8749999999999998,0.9374999999999999,1.2797993819024125,2.559598763804825,1.2797993819024125,0.0,0.0,0.0,0.0,0.0,0.0,0.5642361111111112,40.06931272211782,0.5642361111111112,0.927865658520473,2.1770940495943116,0.927865658520473,0.0,0.0,0.0,0.0,0.0,0.0,0.0,1.122577349226878,1.122577349226878,3.475355127004657,3.261466238115768,0.0,0.0,0.0,0.0,0.0,0.0,0.0,0.0,0.0,0.0,0.0,0.0,0.0,0.0,0.0,0.0,0.0,0.0,0.0,0.0,3.595648871527778,3.595648871527778,5.831759982638888,5.637315538194444,0.0,0.0,0.0,0.0,0.0,0.0,0.0,0.0,0.0,0.0,0.6285127019728138,0.5896238130839249,0.6895101543228618,0.6506212654339729,5.846799855719007,5.534946461966626,108.76011816183633,109.18846950124485,53,219.91427951388889,212.99856079467838,212.8494651588362,219.86165364583334,210.51787554549352,211.71903345327632,212.3265020256286,219.95008680555557,219.91427951388889,209.85812273219705,191.8057870622105,219.83561197916669,180.0,180.0,219.71789363655319,210.93161752640944,211.6630919356528,206.1228790903153,205.97723614737578,210.42191243356186,180.0,180.0,219.68709827159745,210.38027292598943,208.1123899916518,57.12977638829505,57.26559166711342,56.04777267526475,56.239857251074106,9720.0,179.03565242423795,90.57442888873727
4.583333333333335,0.0,0.0,5.833333333333332,0.0,6.249999999999999,6.666666666666665,3.647340581038257,2.969503623852462,2.220427326358137,2.6751183588160345,2.79589251274135,3.6825040827121907,3.199261702156328,1267.5537732704388,1207.6318756594276,96.22083289020634,2.0,2.0,2.0,2.0,1.8236702905191284,1.8236702905191284,3.647340581038257,0.0,0.0,0.0,0.0,0.0,0.0,2.2916666666666674,1.1458333333333337,1.1458333333333337,0.8373181808039915,0.8373181808039915,1.674636361607983,0.0,0.0,0.0,0.0,0.0,0.0,2.766218291108291,1.3831091455541455,1.3831091455541455,1.458333333333333,1.458333333333333,2.916666666666666,0.0,0.0,0.0,0.0,0.0,0.0,2.6751183588160345,1.3375591794080173,1.3375591794080173,1.8412520413560953,3.6825040827121907,3.4872926873447154,3.2539593540113825,0.0,0.0,0.0,0.0,3.1249999999999996,1.5624999999999998,0.7812499999999999,0.7812499999999999,0.0,0.0,0.0,0.0,0.0,0.0,0.0,0.0,0.0,0.0,0.0,0.0,1.6666666666666663,3.3333333333333326,0.8333333333333331,0.8333333333333331,0.0,0.0,0.0,0.0,3.199261702156328,1.599630851078164,3.4831487588724155,3.249815425539082,0.0,0.0,0.0,0.0,0.0,0.0,0.4870216984527244,0.44813280956383555,1.5166666666666666,1.4777777777777779,5.918922200962596,5.61748204125557,108.12518615329253,108.48037998028359,54,219.84935550625715,213.5259666547206,214.05567303865672,219.8723221236254,213.5105975806822,212.87202593831867,214.10330318321175,219.86545138888889,219.84456380208331,208.77940819892794,203.07106659652743,219.91482204861111,180.0,180.0,219.96815408279727,212.81239427983436,212.9178369576398,205.2126179502588,205.60610477328632,210.40970041726115,180.0,180.0,219.02777777777777,211.80934599656706,205.31145786228404,59.50573826683525,59.52943118651602,59.30561213575591,59.35284985346814,9900.0,169.50932970422616,68.65682542154484
0.0,4.166666666666667,3.7499999999999996,0.0,4.0625,0.0,0.0,2.490622984718641,2.897912636103949,1.7069319581764741,2.4955823138802344,2.959914627760469,1.158953937492221,1.178078286450555,1173.1543412392698,1110.7308181501278,86.095350753625,2.0,1.9987232472674352,2.0,1.998840863220074,0.0,0.0,0.0,1.0416666666666667,2.0833333333333335,1.0416666666666667,1.4489563180519744,2.897912636103949,1.4489563180519744,0.0,0.0,0.0,0.0,0.0,0.0,0.9374999999999999,1.8749999999999998,0.9374999999999999,0.8534659790882371,1.7069319581764741,0.8534659790882371,0.0,0.0,0.0,0.0,0.0,0.0,1.015625,2.03125,1.015625,1.4799573138802344,2.959914627760469,1.4799573138802344,0.0,0.0,0.0,0.0,0.0,0.0,0.0,1.158953937492221,1.158953937492221,3.7256206041588884,3.492287270825555,0.0,0.0,0.0,0.0,0.0,0.0,0.0,0.0,0.0,0.0,0.0,0.0,0.0,0.0,0.0,0.0,0.0,0.0,0.0,0.0,1.178078286450555,1.178078286450555,3.6378005086727767,3.4239116197838877,0.0,0.0,0.0,0.0,0.0,0.0,0.0,0.0,0.0,0.0,0.6015200502021274,0.5626311613132385,0.6346931700816385,0.5958042811927495,5.38590548154772,5.082270326500239,109.49271278083633,109.8195538655309,55,219.86219618055554,213.31187396912736,213.33292964635237,219.83561197916666,211.37339127085772,212.24553163601442,212.45885873127997,219.95008680555557,219.83094618055554,211.36077158204063,211.95900344133958,219.7939453125,180.0,180.0,219.82586424363595,211.58696332868686,212.01351685578553,207.57880146178576,207.87181983723306,210.22684261794672,180.0,180.0,219.92827894056268,211.3188246139771,210.8213277490831,56.62645695776486,56.78717883916539,56.001399285757046,56.20194529853859,10080.0,143.3161965079252,46.06236956207511
4.583333333333335,0.0,0.0,5.833333333333332,0.0,6.249999999999999,6.666666666666665,2.659360098299319,2.475513382482993,2.9658868441787867,2.6929972510770965,2.8048319588718815,3.4703645203974,3.098807120811627,1116.3667976539778,1055.1595310582666,81.58212721374689,2.0,2.0,2.0,2.0,1.3296800491496594,1.3296800491496594,2.659360098299319,0.0,0.0,0.0,0.0,0.0,0.0,2.2916666666666674,1.1458333333333337,1.1458333333333337,1.6280641595897158,1.6280641595897158,3.2561283191794317,0.0,0.0,0.0,0.0,0.0,0.0,2.675645369178142,1.337822684589071,1.337822684589071,1.458333333333333,1.458333333333333,2.916666666666666,0.0,0.0,0.0,0.0,0.0,0.0,2.6929972510770965,1.3464986255385483,1.3464986255385483,1.7351822601987,3.4703645203974,3.434257796766017,3.2009244634326843,0.0,0.0,0.0,0.0,3.1249999999999996,1.5624999999999998,0.7812499999999999,0.7812499999999999,0.0,0.0,0.0,0.0,0.0,0.0,0.0,0.0,0.0,0.0,0.0,0.0,1.6666666666666663,3.3333333333333326,0.8333333333333331,0.8333333333333331,0.0,0.0,0.0,0.0,3.098807120811627,1.5494035604058134,3.4580351135362397,3.2247017802029068,0.0,0.0,0.0,0.0,0.0,0.0,0.4868729090579496,0.4479840201690607,0.5152121008450457,0.4763232119561567,5.12549747723804,4.831469394226794,109.41524437970551,109.68839269176475,56,219.86335621246118,213.49174443816193,214.20439090863837,219.90032353603345,212.4023891677771,213.46899296502272,213.7848456546209,219.86545138888889,219.84456380208331,212.15441691614868,212.78136977437345,219.91482204861111,180.0,180.0,219.96830287219206,213.14828402016158,212.9595656253987,208.82428443657167,209.53964461917303,210.54187178387653,180.0,180.0,219.96690538194446,211.88941861766315,212.26701915539195,59.50586068482494,59.52954776678983,59.30052698251284,59.3517073014932,10260.0,141.64005621208722,69.0732720245527
0.0,4.861111111111112,3.7499999999999996,0.0,5.416666666666668,0.0,0.0,2.6824724167638614,2.9343892779721674,1.1021507453043167,2.8985006783096114,3.088668023285889,1.11837964107512,1.346297092250888,1154.4193620910332,1092.2284411678252,84.42237514010887,2.0,1.998738831331485,2.0,1.9988554380723584,0.0,0.0,0.0,1.215277777777778,2.430555555555556,1.215277777777778,1.4671946389860837,2.9343892779721674,1.4671946389860837,0.0,0.0,0.0,0.0,0.0,0.0,0.9374999999999999,1.8749999999999998,0.9374999999999999,0.5510753726521583,1.1021507453043167,0.5510753726521583,0.0,0.0,0.0,0.0,0.0,0.0,1.354166666666667,2.708333333333334,1.354166666666667,1.5443340116429445,3.088668023285889,1.5443340116429445,0.0,0.0,0.0,0.0,0.0,0.0,0.0,1.11837964107512,1.11837964107512,3.6850463077417874,3.4517129744084536,0.0,0.0,0.0,0.0,0.0,0.0,0.0,0.0,0.0,0.0,0.0,0.0,0.0,0.0,0.0,0.0,0.0,0.0,0.0,0.0,1.346297092250888,1.346297092250888,3.8060193144731094,3.5921304255842204,0.0,0.0,0.0,0.0,0.0,0.0,0.0,0.0,0.0,0.0,0.6103465499600684,0.5714576610711795,0.6350290219906615,0.5961401331017726,5.278527492321237,4.978043801641895,109.83854136701662,110.15777899040172,57,219.75108506944446,213.7591042338196,213.96137389671003,219.78005642361111,211.64444860186362,212.78287335962196,212.5060903727634,219.95008680555557,219.75108506944446,211.7874048394946,212.8925060012929,219.75401475694446,180.0,180.0,219.91971516255043,212.4221593916782,212.03613847238597,209.151770783694,209.46154279365345,210.2804583435898,180.0,180.0,219.92046081544194,211.35786035373027,210.91799166351768,56.62492214674632,56.78573772439255,56.06706437607307,56.26676113605429,10440.0,135.39154234896884,47.74245635976211
0.0,0.6944444444444444,0.0,5.833333333333332,0.0,6.249999999999999,6.666666666666665,0.4893687427637731,0.19083620207439367,2.8564448181999196,2.5536728639487984,2.7351697653077323,3.311692659030925,3.0773958161611423,1116.02957088533,1054.8452247824048,81.45765317652953,2.0,2.0,2.0,2.0,0.0,0.0,0.22033953061546518,0.1736111111111111,0.3472222222222222,0.1736111111111111,0.09541810103719683,0.19083620207439367,0.09541810103719683,0.0,0.0,0.0,1.6274848033581395,1.6274848033581395,3.254969606716279,0.0,0.0,0.0,0.0,0.0,0.0,2.45792002968356,1.22896001484178,1.22896001484178,1.458333333333333,1.458333333333333,2.916666666666666,0.0,0.0,0.0,0.0,0.0,0.0,2.5536728639487984,1.2768364319743992,1.2768364319743992,1.6558463295154624,3.311692659030925,3.3945898314243985,3.161256498091065,0.0,0.0,0.0,0.0,3.1249999999999996,1.5624999999999998,0.7812499999999999,0.7812499999999999,0.0,0.0,0.0,0.0,0.0,0.0,0.0,0.0,0.0,0.0,0.0,0.0,1.6666666666666663,3.3333333333333326,0.8333333333333331,0.8333333333333331,0.0,0.0,0.0,0.0,3.0773958161611423,1.5386979080805712,3.452682287373619,3.2193489540402855,0.0,0.0,0.0,0.0,0.0,0.0,0.4825737847222222,0.44368489583333337,0.5170990716037497,0.4782101827148607,5.11780916809006,4.824201487116862,109.5524866720491,109.82860117610404,58,218.05555555555554,211.3586646063093,211.89805409605833,218.35510801247003,212.38297713393897,213.56263752343682,213.63764481570786,219.86545138888889,219.84456380208331,212.18389886081272,212.89789355033528,219.91482204861111,180.0,180.0,219.97260199652777,213.02397737593085,213.02052917123888,208.95229397501942,209.6806908683779,210.71333362488596,180.0,180.0,219.96690538194446,211.94436455379656,212.20462624572227,59.5069017832301,59.530537030118374,59.29104671566937,59.34204861567494,10620.0,143.28217506059738,59.391091663623435
0.0,4.861111111111112,3.7499999999999996,0.0,5.416666666666668,0.0,0.0,2.7063055109518777,2.9820554663482,1.0804936262543485,2.8901107531632535,3.0718881729931735,1.2030504588537962,1.3442267468621611,1151.9128870089075,1089.7100284801736,84.20160660047563,2.0,1.9987460151872813,2.0,1.9988626165074868,0.0,0.0,0.0,1.215277777777778,2.430555555555556,1.215277777777778,1.4910277331741,2.9820554663482,1.4910277331741,0.0,0.0,0.0,0.0,0.0,0.0,0.9374999999999999,1.8749999999999998,0.9374999999999999,0.5402468131271743,1.0804936262543485,0.5402468131271743,0.0,0.0,0.0,0.0,0.0,0.0,1.354166666666667,2.708333333333334,1.354166666666667,1.5359440864965868,3.0718881729931735,1.5359440864965868,0.0,0.0,0.0,0.0,0.0,0.0,0.0,1.2030504588537962,1.2030504588537962,3.769717125520464,3.5363837921871304,0.0,0.0,0.0,0.0,0.0,0.0,0.0,0.0,0.0,0.0,0.0,0.0,0.0,0.0,0.0,0.0,0.0,0.0,0.0,0.0,1.3442267468621611,1.3442267468621611,3.8039489690843826,3.590060080195494,0.0,0.0,0.0,0.0,0.0,0.0,0.0,0.0,0.0,0.0,0.609987345456253,0.571098456567364,0.6358219751766012,0.5969330862877122,5.264575371056298,4.964239915876061,109.87888507229083,110.19785555194825,59,219.75108506944446,213.7759371663697,213.95590683807833,219.78005642361111,211.64236367414392,212.81407687028303,212.53202290051746,219.95008680555557,219.75108506944446,211.7880323914248,212.90977202881186,219.75401475694446,180.0,180.0,219.92084165250057,212.53936628465195,212.13711491857123,209.1446029868328,209.51042067209085,210.2832825270097,180.0,180.0,219.9172951408794,211.3566613759301,210.9345444201881,56.62380056579914,56.78467574089331,56.09404572608185,56.29439220457322,10800.0,135.2148589693395,48.091316687388606
0.0,0.6944444444444444,0.0,5.833333333333332,0.0,0.0,6.666666666666665,0.49023046267648146,0.19057175412021765,2.849582664904084,2.554666807838595,2.7356667372526307,0.31109233387805035,3.0709034488713276,1181.1957343488923,1118.2975821868768,87.68277886137196,2.0,1.9999399821439612,2.0,1.9999453277658656,0.0,0.0,0.22133347450526153,0.1736111111111111,0.3472222222222222,0.1736111111111111,0.09528587706010883,0.19057175412021765,0.09528587706010883,0.0,0.0,0.0,1.6280978391396155,1.6280978391396155,3.256195678279231,0.0,0.0,0.0,0.0,0.0,0.0,2.442969651528937,1.2214848257644686,1.2214848257644686,1.458333333333333,1.458333333333333,2.916666666666666,0.0,0.0,0.0,0.0,0.0,0.0,2.554666807838595,1.2773334039192974,1.2773334039192974,0.0,0.0,0.0,0.0,0.31109233387805035,0.31109233387805035,1.380536778322495,1.2833145561002726,0.0,0.0,0.0,0.0,0.0,0.0,0.0,0.0,0.0,0.0,0.0,0.0,0.0,0.0,0.0,0.0,1.6666666666666663,3.3333333333333326,0.8333333333333331,0.8333333333333331,0.0,0.0,0.0,0.0,3.0709034488713276,1.5354517244356638,3.4510591955511654,3.217725862217832,0.0,0.0,0.0,0.0,0.0,0.0,0.6007917846333889,0.5619028957444999,0.5171000623223332,0.4782111734334442,5.501648449311387,5.189167918759386,107.9944077123138,108.34057353113111,60,218.05555555555554,211.59101572828365,211.9002839250414,218.35461104052513,212.4020564902648,213.57423478936295,213.6334992329147,219.86545138888889,219.84456380208331,212.19075725870553,212.90054123470205,219.91482204861111,180.0,180.0,219.91807725694446,209.97645476455145,209.8107795846583,209.30266404672747,209.69185400631443,211.05705777471977,180.0,180.0,219.96690538194446,212.14522546995386,212.3059746956223,58.57649795619015,58.64230327031835,59.177260036042384,59.23718505589506,10980.0,143.9362956227267,44.86576193573852
0.0,4.861111111111112,3.7499999999999996,0.0,5.416666666666668,0.0,0.0,2.8944036464467198,3.3582517373378833,1.611422098621939,2.9322399449183205,3.1561465565033067,1.5131472940114898,1.3432818235622488,1109.3047081745203,1048.5344027584101,81.12928419094317,2.0,1.9982128988889682,2.0,1.998386000800449,0.0,0.0,0.0,1.215277777777778,2.430555555555556,1.215277777777778,1.6791258686689416,3.3582517373378833,1.6791258686689416,0.0,0.0,0.0,0.0,0.0,0.0,0.9374999999999999,1.8749999999999998,0.9374999999999999,0.8057110493109695,1.611422098621939,0.8057110493109695,0.0,0.0,0.0,0.0,0.0,0.0,1.354166666666667,2.708333333333334,1.354166666666667,1.5780732782516533,3.1561465565033067,1.5780732782516533,0.0,0.0,0.0,0.0,0.0,0.0,0.0,1.5131472940114898,1.5131472940114898,5.149258405122601,4.818702849567047,0.0,0.0,0.0,0.0,0.0,0.0,0.0,0.0,0.0,0.0,0.0,0.0,0.0,0.0,0.0,0.0,0.0,0.0,0.0,0.0,1.3432818235622488,1.3432818235622488,3.8030040457844705,3.5891151568955815,0.0,0.0,0.0,0.0,0.0,0.0,0.0,0.0,0.0,0.0,0.6100753873422762,0.5711864984533872,0.6776909722222222,0.6388020833333333,5.064464719597621,4.771386858399147,109.91779978500686,110.23795689294244,61,219.75108506944446,214.61206002860865,213.97866211336745,219.78005642361111,211.5789116249665,212.74498524967618,212.5576744078351,219.9281844075185,219.75108506944446,211.749683561461,212.85964513793516,219.75401475694446,180.0,180.0,219.9184965901684,213.47477020447664,212.90893217670262,210.15215377712116,209.42718999178157,211.23172824850553,180.0,180.0,219.8828125,211.25085558012657,210.88656083549557,55.67279881990282,55.878579539238245,56.09037634226427,56.29693469963369,11160.0,133.7849512648827,53.352357255221214
0.0,0.6944444444444444,0.0,5.833333333333332,0.0,0.0,6.666666666666665,0.5377824989931863,0.1890147275574009,2.6338355851375628,2.4933851280628216,2.705025897364744,0.3094374339878097,2.3399832039422943,1182.4030789804106,1119.3368535165807,87.8426771377865,2.0,1.999939968997435,2.0,1.999945316745996,0.0,0.0,0.26966402410337476,0.1736111111111111,0.3472222222222222,0.1736111111111111,0.09450736377870045,0.1890147275574009,0.09450736377870045,0.0,0.0,0.0,1.621373020542208,1.621373020542208,3.242746041084416,0.0,0.0,0.0,0.0,0.0,0.0,2.024925129190709,1.0124625645953544,1.0124625645953544,1.458333333333333,1.458333333333333,2.916666666666666,0.0,0.0,0.0,0.0,0.0,0.0,2.4933851280628216,1.2466925640314108,1.2466925640314108,0.0,0.0,0.0,0.0,0.3094374339878097,0.3094374339878097,1.3788818784322543,1.281659656210032,0.0,0.0,0.0,0.0,0.0,0.0,0.0,0.0,0.0,0.0,0.0,0.0,0.0,0.0,0.0,0.0,1.6666666666666663,3.3333333333333326,0.8333333333333331,0.8333333333333331,0.0,0.0,0.0,0.0,2.3399832039422943,1.1699916019711472,3.2683291343189067,3.0349958009855733,0.0,0.0,0.0,0.0,0.0,0.0,0.6099307867310453,0.5710418978421564,0.5353780665176461,0.49648917762875716,5.5087102601557,5.1952391827719735,107.96954973166608,108.31774517637326,62,218.05555555555554,211.39881622504217,211.8984082069865,218.33044576572607,212.45469037868145,213.46305678882084,213.42799746058125,219.86545138888889,219.84456380208331,212.18430108234085,212.91985056120203,219.91482204861111,180.0,180.0,219.88149551998958,209.97843624095057,209.81376336424447,208.8681862622583,209.78229159296774,210.72761834596554,180.0,180.0,219.94861451346702,211.7980636687123,212.25870309028227,58.57638527335701,58.64220700978741,59.17745347571828,59.23741738812041,11340.0,143.4835238864253,42.45696666417434
0.0,4.861111111111112,3.7499999999999996,0.0,5.416666666666668,0.0,0.0,2.892095463634919,3.3536353717142826,1.6102660186443747,2.932443917324895,3.1565545013164558,1.5098576759855062,1.3406190709399501,1109.470232512574,1048.7091552180016,81.14439737852727,2.0,1.9982123057559513,2.0,1.99838541308214,0.0,0.0,0.0,1.215277777777778,2.430555555555556,1.215277777777778,1.6768176858571413,3.3536353717142826,1.6768176858571413,0.0,0.0,0.0,0.0,0.0,0.0,0.9374999999999999,1.8749999999999998,0.9374999999999999,0.8051330093221873,1.6102660186443747,0.8051330093221873,0.0,0.0,0.0,0.0,0.0,0.0,1.354166666666667,2.708333333333334,1.354166666666667,1.5782772506582279,3.1565545013164558,1.5782772506582279,0.0,0.0,0.0,0.0,0.0,0.0,0.0,1.5098576759855062,1.5098576759855062,5.145968787096616,4.815413231541063,0.0,0.0,0.0,0.0,0.0,0.0,0.0,0.0,0.0,0.0,0.0,0.0,0.0,0.0,0.0,0.0,0.0,0.0,0.0,0.0,1.3406190709399501,1.3406190709399501,3.800341293162172,3.5864524042732833,0.0,0.0,0.0,0.0,0.0,0.0,0.0,0.0,0.0,0.0,0.6104660737253265,0.5715771848364375,0.6776909722222222,0.6388020833333334,5.065344691651026,4.772302210078292,109.91727728779308,110.2373829998963,63,219.75108506944446,214.60738726616674,213.95124606325146,219.78005642361111,211.54300351546988,212.74175117819055,212.54191589169943,219.92792536708268,219.75108506944446,211.8141792015344,212.9135622662967,219.75401475694446,180.0,180.0,219.91702755570498,213.4592046458329,212.90289171868298,210.14836792571194,209.5006405893388,211.31611340214778,180.0,180.0,219.8828125,211.25187117976168,210.88530962292114,55.67286332655323,55.8786413400647,56.08831245042442,56.294813501594305,11520.0,133.60041406796262,53.31781877105205
0.0,0.6944444444444444,0.0,5.833333333333332,0.0,0.0,6.666666666666665,0.537256624403367,0.18901249979991674,2.6352263620926886,2.494028557962312,2.705347612314489,0.31143754799234913,2.3438463589837193,1182.42525892645,1119.3638243429007,87.84448363501697,2.0,1.9999399703863516,2.0,1.999945318007915,0.0,0.0,0.26913926339229755,0.1736111111111111,0.3472222222222222,0.1736111111111111,0.09450624989995837,0.18901249979991674,0.09450624989995837,0.0,0.0,0.0,1.6212891621714012,1.6212891621714012,3.2425783243428024,0.0,0.0,0.0,0.0,0.0,0.0,2.027874399842575,1.0139371999212874,1.0139371999212874,1.458333333333333,1.458333333333333,2.916666666666666,0.0,0.0,0.0,0.0,0.0,0.0,2.494028557962312,1.247014278981156,1.247014278981156,0.0,0.0,0.0,0.0,0.31143754799234913,0.31143754799234913,1.3808819924367937,1.2836597702145713,0.0,0.0,0.0,0.0,0.0,0.0,0.0,0.0,0.0,0.0,0.0,0.0,0.0,0.0,0.0,0.0,1.6666666666666663,3.3333333333333326,0.8333333333333331,0.8333333333333331,0.0,0.0,0.0,0.0,2.3438463589837193,1.1719231794918596,3.2692949230792627,3.0359615897459293,0.0,0.0,0.0,0.0,0.0,0.0,0.6098648663738896,0.5709759774850007,0.5352462258033348,0.49635733691444595,5.508838084545872,5.195386606203281,107.96937213012983,108.31753507883974,64,218.05555555555554,211.403695817788,211.89828580051807,218.3307081460816,212.48600251808654,213.46417976553806,213.4289750755068,219.86545138888889,219.84456380208331,212.1891096284986,212.91935968192772,219.91482204861111,180.0,180.0,219.88176009391324,209.97635818724711,209.8127157865906,208.87472053903784,209.79751716019717,210.73357687895373,180.0,180.0,219.94874680042884,211.79814189357927,212.258346962766,58.57639652066953,58.642217572598895,59.17743767253236,59.23740105421129,11700.0,143.43217792994975,42.47901418166879
0.0,4.861111111111112,3.7499999999999996,0.0,5.416666666666668,0.0,0.0,2.8916634947539013,3.3527714339522463,1.6103338231333415,2.9327218684847898,3.157110403636245,1.5079006672727402,1.3407282786526888,1109.4387977923705,1048.6773978784374,81.1420441779543,2.0,1.9982123277671946,2.0,1.998385437283873,0.0,0.0,0.0,1.215277777777778,2.430555555555556,1.215277777777778,1.6763857169761232,3.3527714339522463,1.6763857169761232,0.0,0.0,0.0,0.0,0.0,0.0,0.9374999999999999,1.8749999999999998,0.9374999999999999,0.8051669115666708,1.6103338231333415,0.8051669115666708,0.0,0.0,0.0,0.0,0.0,0.0,1.354166666666667,2.708333333333334,1.354166666666667,1.5785552018181226,3.157110403636245,1.5785552018181226,0.0,0.0,0.0,0.0,0.0,0.0,0.0,1.5079006672727402,1.5079006672727402,5.1440117783838515,4.8134562228282975,0.0,0.0,0.0,0.0,0.0,0.0,0.0,0.0,0.0,0.0,0.0,0.0,0.0,0.0,0.0,0.0,0.0,0.0,0.0,0.0,1.3407282786526888,1.3407282786526888,3.8004505008749105,3.5865616119860215,0.0,0.0,0.0,0.0,0.0,0.0,0.0,0.0,0.0,0.0,0.6104610939915422,0.5715722051026533,0.6776909722222222,0.6388020833333334,5.065198168689689,4.7721556564078265,109.91738112924699,110.23747676138412,65,219.75108506944446,214.60746118210136,213.95162578321217,219.78005642361111,211.5455416079026,212.7413448722263,212.54313993387657,219.92776154752693,219.75108506944446,211.8137867199287,212.91383640931562,219.75401475694446,180.0,180.0,219.91704834197304,213.46116502206436,212.9029630599359,210.14717170892536,209.50032724794178,211.31490468352268,180.0,180.0,219.8828125,211.2536705936074,210.88537793507152,55.672869429395135,55.878647177878065,56.088361275778574,56.29487063619451,11880.0,133.59150874471771,53.30994710514538
0.0,0.6944444444444444,0.0,5.833333333333332,0.0,0.0,6.666666666666665,0.5374154890908347,0.1890236141178705,2.6351206915035066,2.4941633865072346,2.7054150265869503,0.31126897869807707,2.343499285133932,1182.4202507198606,1119.3588769993296,87.8440464100346,2.0,1.999939970349991,2.0,1.9999453179734634,0.0,0.0,0.2692925709207883,0.1736111111111111,0.3472222222222222,0.1736111111111111,0.09451180705893525,0.1890236141178705,0.09451180705893525,0.0,0.0,0.0,1.6211832863932023,1.6211832863932023,3.2423665727864046,0.0,0.0,0.0,0.0,0.0,0.0,2.027874810220609,1.0139374051103045,1.0139374051103045,1.458333333333333,1.458333333333333,2.916666666666666,0.0,0.0,0.0,0.0,0.0,0.0,2.4941633865072346,1.2470816932536173,1.2470816932536173,0.0,0.0,0.0,0.0,0.31126897869807707,0.31126897869807707,1.380713423142522,1.2834912009202994,0.0,0.0,0.0,0.0,0.0,0.0,0.0,0.0,0.0,0.0,0.0,0.0,0.0,0.0,0.0,0.0,1.6666666666666663,3.3333333333333326,0.8333333333333331,0.8333333333333331,0.0,0.0,0.0,0.0,2.343499285133932,1.171749642566966,3.269208154616816,3.0358748212834827,0.0,0.0,0.0,0.0,0.0,0.0,0.6098702858561558,0.5709813969672668,0.5352570647678669,0.49636817587897797,5.508808214050665,5.195357758981486,107.96947144833666,108.31763171562133,66,218.05555555555554,211.4036779585127,211.89820435029867,218.33063149231737,212.485693631828,213.46465102314068,213.42914494780132,219.86545138888889,219.84456380208331,212.18910021850994,212.91927319252838,219.91482204861111,180.0,180.0,219.88173821852428,209.9765563071953,209.8127621138497,208.8757747652909,209.79744925118456,210.7344551195798,180.0,180.0,219.94873586273437,211.79827122395966,212.25845045624402,58.57639629269353,58.64221735618554,59.177443353476,59.23740666437276,12060.0,143.4289732946436,42.47766826768964
0.0,4.861111111111112,3.7499999999999996,0.0,5.416666666666668,0.0,0.0,2.891667262158041,3.352778968760526,1.6103288700011547,2.9327173729033063,3.1571014124732786,1.507919972663955,1.340727162192203,1109.4366361220136,1048.67528788556,81.1418699260878,2.0,1.9982123335716637,2.0,1.998385442566196,0.0,0.0,0.0,1.215277777777778,2.430555555555556,1.215277777777778,1.676389484380263,3.352778968760526,1.676389484380263,0.0,0.0,0.0,0.0,0.0,0.0,0.9374999999999999,1.8749999999999998,0.9374999999999999,0.8051644350005773,1.6103288700011547,0.8051644350005773,0.0,0.0,0.0,0.0,0.0,0.0,1.354166666666667,2.708333333333334,1.354166666666667,1.5785507062366393,3.1571014124732786,1.5785507062366393,0.0,0.0,0.0,0.0,0.0,0.0,0.0,1.507919972663955,1.507919972663955,5.144031083775066,4.813475528219512,0.0,0.0,0.0,0.0,0.0,0.0,0.0,0.0,0.0,0.0,0.0,0.0,0.0,0.0,0.0,0.0,0.0,0.0,0.0,0.0,1.340727162192203,1.340727162192203,3.800449384414425,3.586560495525536,0.0,0.0,0.0,0.0,0.0,0.0,0.0,0.0,0.0,0.0,0.6104601758360029,0.5715712869471139,0.6776909722222222,0.6388020833333333,5.065187182094997,4.7721450599498905,109.91739987058938,110.23749477510243,67,219.75108506944446,214.60745075451848,213.95174548261687,219.78005642361111,211.5455667852015,212.74139747381733,212.54316135089167,219.92776246866842,219.75108506944446,211.81388821715257,212.91389701648365,219.75401475694446,180.0,180.0,219.91705186357746,213.46122954903223,212.90294389201125,210.14724633200834,209.50036664476536,211.31503696636497,180.0,180.0,219.8828125,211.25370745056924,210.88539931224022,55.67286928913008,55.878647046729675,56.088375362047685,56.2948841929283,12240.0,133.59080739281822,53.31000704189455
0.0,0.6944444444444444,0.0,5.833333333333332,0.0,0.0,6.666666666666665,0.5374058262903145,0.18902344436617424,2.6351166884722703,2.494156415478364,2.705411541072515,0.3112685065823961,2.3434941800428355,1182.419705323197,1119.3583293992301,87.84399559005244,2.0,1.9999399703363838,2.0,1.9999453179609379,0.0,0.0,0.26928299299611624,0.1736111111111111,0.3472222222222222,0.1736111111111111,0.09451172218308712,0.18902344436617424,0.09451172218308712,0.0,0.0,0.0,1.6211808815598396,1.6211808815598396,3.2423617631196793,0.0,0.0,0.0,0.0,0.0,0.0,2.027871613824861,1.0139358069124305,1.0139358069124305,1.458333333333333,1.458333333333333,2.916666666666666,0.0,0.0,0.0,0.0,0.0,0.0,2.494156415478364,1.247078207739182,1.247078207739182,0.0,0.0,0.0,0.0,0.3112685065823961,0.3112685065823961,1.3807129510268408,1.2834907288046185,0.0,0.0,0.0,0.0,0.0,0.0,0.0,0.0,0.0,0.0,0.0,0.0,0.0,0.0,0.0,0.0,1.6666666666666663,3.3333333333333326,0.8333333333333331,0.8333333333333331,0.0,0.0,0.0,0.0,2.3434941800428355,1.1717470900214177,3.2692068783440416,3.035873545010708,0.0,0.0,0.0,0.0,0.0,0.0,0.6098696184122135,0.5709807295233247,0.5352557298799826,0.4963668409910936,5.508805268442735,5.19535485269645,107.96947787792445,108.31763793777462,68,218.05555555555554,211.40368126072735,211.89820957901773,218.3306362812797,212.48574722265843,213.464654190758,213.42914730808548,219.86545138888889,219.84456380208331,212.1891106792133,212.9192740551017,219.91482204861111,180.0,180.0,219.88174088673875,209.97656157002822,209.81277848272808,208.8757839377979,209.79747265559615,210.73446465173637,180.0,180.0,219.9487371968416,211.79827121015052,212.25845708737126,58.57639619440068,58.64221726503958,59.177444732664604,59.23740803569497,12420.0,143.42876669883387,42.47761629743397
0.0,4.861111111111112,3.7499999999999996,0.0,5.416666666666668,0.0,0.0,2.8916667216569154,3.3527778877582746,1.6103280314517927,2.9327165049136372,3.1570996764939405,1.5079166232371035,1.3407270741007553,1109.436496015567,1048.6751486483397,81.14185882585303,2.0,1.9982123338087603,2.0,1.9983854427904488,0.0,0.0,0.0,1.215277777777778,2.430555555555556,1.215277777777778,1.6763889438791373,3.3527778877582746,1.6763889438791373,0.0,0.0,0.0,0.0,0.0,0.0,0.9374999999999999,1.8749999999999998,0.9374999999999999,0.8051640157258964,1.6103280314517927,0.8051640157258964,0.0,0.0,0.0,0.0,0.0,0.0,1.354166666666667,2.708333333333334,1.354166666666667,1.5785498382469703,3.1570996764939405,1.5785498382469703,0.0,0.0,0.0,0.0,0.0,0.0,0.0,1.5079166232371035,1.5079166232371035,5.144027734348215,4.813472178792661,0.0,0.0,0.0,0.0,0.0,0.0,0.0,0.0,0.0,0.0,0.0,0.0,0.0,0.0,0.0,0.0,0.0,0.0,0.0,0.0,1.3407270741007553,1.3407270741007553,3.8004492963229772,3.586560407434088,0.0,0.0,0.0,0.0,0.0,0.0,0.0,0.0,0.0,0.0,0.6104601723224563,0.5715712834335673,0.6776909722222222,0.6388020833333332,5.0651864812900325,4.772144372774083,109.91740100282085,110.23749585854523,69,219.75108506944446,214.6074513702364,213.9517475990402,219.78005642361111,211.5455728540996,212.7413998855327,212.543163330897,219.92776253073535,219.75108506944446,211.81388873871975,212.91389889714563,219.75401475694446,180.0,180.0,219.91705186577738,213.46123303910585,212.90294509075804,210.14724850840932,209.50037138401376,211.31504010456186,180.0,180.0,219.8828125,211.2537129204027,210.8854004348842,55.67286929359277,55.87864705088871,56.088375924480204,56.29488475438358,12600.0,133.59075621231952,53.30998598075945
0.0,0.6944444444444444,0.0,5.833333333333332,0.0,0.0,6.666666666666665,0.5374057066415032,0.18902342571531572,2.635116326489203,2.494156151225571,2.7054114089461185,0.31126826928600115,2.343493702040063,1182.4196696554695,1119.3582938935062,87.84399245184395,2.0,1.9999399703358915,2.0,1.9999453179604814,0.0,0.0,0.26928288267273426,0.1736111111111111,0.3472222222222222,0.1736111111111111,0.09451171285765786,0.18902342571531572,0.09451171285765786,0.0,0.0,0.0,1.6211805588528074,1.6211805588528074,3.242361117705615,0.0,0.0,0.0,0.0,0.0,0.0,2.027871535272791,1.0139357676363956,1.0139357676363956,1.458333333333333,1.458333333333333,2.916666666666666,0.0,0.0,0.0,0.0,0.0,0.0,2.494156151225571,1.2470780756127855,1.2470780756127855,0.0,0.0,0.0,0.0,0.31126826928600115,0.31126826928600115,1.3807127137304458,1.2834904915082235,0.0,0.0,0.0,0.0,0.0,0.0,0.0,0.0,0.0,0.0,0.0,0.0,0.0,0.0,0.0,0.0,1.6666666666666663,3.3333333333333326,0.8333333333333331,0.8333333333333331,0.0,0.0,0.0,0.0,2.343493702040063,1.1717468510200315,3.269206758843349,3.0358734255100157,0.0,0.0,0.0,0.0,0.0,0.0,0.6098696053833409,0.5709807164944519,0.5352557038222372,0.49636681493334833,5.508805075214691,5.195354663420699,107.96947831732024,108.3176383628502,70,218.05555555555554,211.40368161794737,211.8982098123062,218.3306363364414,212.48574827089953,213.46465511577838,213.42914783207505,219.86545138888889,219.84456380208331,212.18911114198104,212.91927426129882,219.91482204861111,180.0,180.0,219.88174093894426,209.97656195549487,209.81277924203164,208.87578603549312,209.79747329677744,210.7344664605662,180.0,180.0,219.94873722294435,211.7982716745058,212.2584577070897,58.57639619092742,58.64221726180996,59.177444792231306,59.23740809495603,12780.0,143.4287527164294,42.47761226817989
0.0,4.861111111111112,3.7499999999999996,0.0,5.416666666666668,0.0,0.0,2.891666713420009,3.352777871284462,1.6103279503346946,2.9327164857539776,3.1570996381746217,1.5079165577220897,1.3407270531899855,1109.4364877422897,1048.6751404915835,81.14185815937668,2.0,1.9982123338255882,2.0,1.9983854428060157,0.0,0.0,0.0,1.215277777777778,2.430555555555556,1.215277777777778,1.676388935642231,3.352777871284462,1.676388935642231,0.0,0.0,0.0,0.0,0.0,0.0,0.9374999999999999,1.8749999999999998,0.9374999999999999,0.8051639751673473,1.6103279503346946,0.8051639751673473,0.0,0.0,0.0,0.0,0.0,0.0,1.354166666666667,2.708333333333334,1.354166666666667,1.5785498190873108,3.1570996381746217,1.5785498190873108,0.0,0.0,0.0,0.0,0.0,0.0,0.0,1.5079165577220897,1.5079165577220897,5.144027668833201,4.813472113277647,0.0,0.0,0.0,0.0,0.0,0.0,0.0,0.0,0.0,0.0,0.0,0.0,0.0,0.0,0.0,0.0,0.0,0.0,0.0,0.0,1.3407270531899855,1.3407270531899855,3.8004492754122077,3.5865603865233187,0.0,0.0,0.0,0.0,0.0,0.0,0.0,0.0,0.0,0.0,0.6104601722034819,0.571571283314593,0.6776909722222222,0.6388020833333334,5.065186439035331,4.772144331656296,109.91740108137186,110.2374959344624,71,219.75108506944446,214.60745139040924,213.95174791202513,219.78005642361111,211.54557318675188,212.741400093691,212.54316347381854,219.92776253042936,219.75108506944446,211.81388892456087,212.91389908477095,219.75401475694446,180.0,180.0,219.9170518656582,213.46123325101533,212.9029451045927,210.14724874244075,209.50037171537818,211.31504048402599,180.0,180.0,219.8828125,211.25371315555032,210.88540052441647,55.672869293496454,55.87864705079652,56.08837596532732,56.29488479430183,12960.0,133.59075288243235,53.30998536323586
0.0,0.6944444444444444,0.0,5.833333333333332,0.0,0.0,6.666666666666665,0.5374056820531933,0.1890234246908501,2.635116308752478,2.4941561221063733,2.7054113943865197,0.3112682565001824,2.3434936663076504,1182.4196673602723,1119.3582915979234,87.84399224482586,2.0,1.999939970335851,2.0,1.999945317960444,0.0,0.0,0.2692828585966571,0.1736111111111111,0.3472222222222222,0.1736111111111111,0.09451171234542505,0.1890234246908501,0.09451171234542505,0.0,0.0,0.0,1.621180545543191,1.621180545543191,3.242361091086382,0.0,0.0,0.0,0.0,0.0,0.0,2.027871526418574,1.013935763209287,1.013935763209287,1.458333333333333,1.458333333333333,2.916666666666666,0.0,0.0,0.0,0.0,0.0,0.0,2.4941561221063733,1.2470780610531866,1.2470780610531866,0.0,0.0,0.0,0.0,0.3112682565001824,0.3112682565001824,1.3807127009446272,1.2834904787224046,0.0,0.0,0.0,0.0,0.0,0.0,0.0,0.0,0.0,0.0,0.0,0.0,0.0,0.0,0.0,0.0,1.6666666666666663,3.3333333333333326,0.8333333333333331,0.8333333333333331,0.0,0.0,0.0,0.0,2.3434936663076504,1.1717468331538252,3.269206749910246,3.0358734165769126,0.0,0.0,0.0,0.0,0.0,0.0,0.6098696043920202,0.5709807155031312,0.5352557018395958,0.49636681295070684,5.50880506254098,5.195354650960694,107.96947834945848,108.31763839429227,72,218.05555555555554,211.4036816438363,211.89820983664467,218.33063634847943,212.48574838919035,213.4646551499064,213.42914784659638,219.86545138888889,219.84456380208331,212.1891111814538,212.9192742732979,219.91482204861111,180.0,180.0,219.88174094290298,209.97656198485947,209.81277929921373,208.87578613085773,209.79747337058132,210.73446653362237,180.0,180.0,219.94873722492372,211.7982716937194,212.25845773786662,58.57639619064018,58.64221726154358,59.1774447968493,59.23740809954683,13140.0,143.42875181657132,42.47761199026149
0.0,4.861111111111112,3.7499999999999996,0.0,5.416666666666668,0.0,0.0,2.8916667120182478,3.3527778684809393,1.6103279446632799,2.932716483224418,3.1570996331155023,1.5079165503289624,1.340727051886953,1109.4364871679047,1048.67513992443,81.1418581130585,2.0,1.9982123338267697,2.0,1.9983854428071135,0.0,0.0,0.0,1.215277777777778,2.430555555555556,1.215277777777778,1.6763889342404696,3.3527778684809393,1.6763889342404696,0.0,0.0,0.0,0.0,0.0,0.0,0.9374999999999999,1.8749999999999998,0.9374999999999999,0.8051639723316399,1.6103279446632799,0.8051639723316399,0.0,0.0,0.0,0.0,0.0,0.0,1.354166666666667,2.708333333333334,1.354166666666667,1.5785498165577512,3.1570996331155023,1.5785498165577512,0.0,0.0,0.0,0.0,0.0,0.0,0.0,1.5079165503289624,1.5079165503289624,5.144027661440074,4.81347210588452,0.0,0.0,0.0,0.0,0.0,0.0,0.0,0.0,0.0,0.0,0.0,0.0,0.0,0.0,0.0,0.0,0.0,0.0,0.0,0.0,1.340727051886953,1.340727051886953,3.800449274109175,3.586560385220286,0.0,0.0,0.0,0.0,0.0,0.0,0.0,0.0,0.0,0.0,0.610460172118698,0.5715712832298089,0.6776909722222222,0.6388020833333334,5.0651864361103405,4.772144328806304,109.91740108679839,110.23749593970125,73,219.75108506944446,214.60745139218946,213.9517479263476,219.78005642361111,211.54557320968354,212.74140010768502,212.54316348446554,219.92776253071753,219.75108506944446,211.81388893260944,212.91389909555627,219.75401475694446,180.0,180.0,219.91705186594695,213.46123326406868,212.9029451076067,210.1472487569915,209.5003717351823,211.31504050514772,180.0,180.0,219.8828125,211.25371317348822,210.88540053015473,55.67286929350254,55.87864705080219,56.08837596814206,56.29488479706375,13320.0,133.59075265966555,53.30998530138311
0.0,0.6944444444444444,0.0,5.833333333333332,0.0,0.0,6.666666666666665,0.537405680597162,0.18902342461624844,2.635116307563419,2.4941561202426836,2.705411393454675,0.3112682555586115,2.343493663724309,1182.4196672097742,1119.3582914476162,87.84399223137267,2.0,1.999939970335849,2.0,1.999945317960442,0.0,0.0,0.26928285717792666,0.1736111111111111,0.3472222222222222,0.1736111111111111,0.09451171230812422,0.18902342461624844,0.09451171230812422,0.0,0.0,0.0,1.621180544516982,1.621180544516982,3.242361089033964,0.0,0.0,0.0,0.0,0.0,0.0,2.0278715260928744,1.0139357630464372,1.0139357630464372,1.458333333333333,1.458333333333333,2.916666666666666,0.0,0.0,0.0,0.0,0.0,0.0,2.4941561202426836,1.2470780601213418,1.2470780601213418,0.0,0.0,0.0,0.0,0.3112682555586115,0.3112682555586115,1.3807127000030563,1.2834904777808338,0.0,0.0,0.0,0.0,0.0,0.0,0.0,0.0,0.0,0.0,0.0,0.0,0.0,0.0,0.0,0.0,1.6666666666666663,3.3333333333333326,0.8333333333333331,0.8333333333333331,0.0,0.0,0.0,0.0,2.343493663724309,1.1717468318621544,3.2692067492644106,3.035873415931077,0.0,0.0,0.0,0.0,0.0,0.0,0.6098696043296938,0.5709807154408049,0.5352557017149431,0.4963668128260541,5.508805061716137,5.195354650150635,107.96947835146098,108.31763839624291,74,218.05555555555554,211.40368164549494,211.89820983823319,218.3306363491888,212.48574839580812,213.46465515294753,213.42914784815034,219.86545138888889,219.84456380208331,212.18911118389227,212.919274274309,219.91482204861111,180.0,180.0,219.8817409431521,209.9765619868918,209.81277930245338,208.87578613783887,209.79747337483036,210.73446653912544,180.0,180.0,219.94873722504826,211.7982716952208,212.25845774027124,58.57639619062461,58.64221726152912,59.17744479711184,59.237408099807986,13500.0,143.4287517558579,42.47761197127697
0.0,4.861111111111112,3.7499999999999996,0.0,5.416666666666668,0.0,0.0,2.8916667119506223,3.352777868345689,1.6103279443023757,2.932716483099038,3.1570996328647425,1.507916549915403,1.3407270518011722,1109.4364871301348,1048.675139887168,81.14185811000637,2.0,1.9982123338268503,2.0,1.9983854428071883,0.0,0.0,0.0,1.215277777777778,2.430555555555556,1.215277777777778,1.6763889341728444,3.352777868345689,1.6763889341728444,0.0,0.0,0.0,0.0,0.0,0.0,0.9374999999999999,1.8749999999999998,0.9374999999999999,0.8051639721511878,1.6103279443023757,0.8051639721511878,0.0,0.0,0.0,0.0,0.0,0.0,1.354166666666667,2.708333333333334,1.354166666666667,1.5785498164323712,3.1570996328647425,1.5785498164323712,0.0,0.0,0.0,0.0,0.0,0.0,0.0,1.507916549915403,1.507916549915403,5.144027661026514,4.813472105470961,0.0,0.0,0.0,0.0,0.0,0.0,0.0,0.0,0.0,0.0,0.0,0.0,0.0,0.0,0.0,0.0,0.0,0.0,0.0,0.0,1.3407270518011722,1.3407270518011722,3.800449274023394,3.586560385134505,0.0,0.0,0.0,0.0,0.0,0.0,0.0,0.0,0.0,0.0,0.6104601721136412,0.5715712832247523,0.6776909722222222,0.6388020833333333,5.065186435917452,4.772144328618503,109.91740108716044,110.23749594005125,75,219.75108506944446,214.60745139231503,213.9517479274078,219.78005642361111,211.54557321114197,212.7414001086143,212.54316348515437,219.9277625307303,219.75108506944446,211.813888933259,212.91389909623976,219.75401475694446,180.0,180.0,219.91705186596425,213.46123326495982,212.90294510778438,210.14724875800513,209.50037173648644,211.31504050659976,180.0,180.0,219.8828125,211.25371317456737,210.88540053057838,55.672869293502565,55.87864705080221,56.08837596833445,56.294884797252266,13680.0,133.5907526452062,53.30998529789192
0.0,0.6944444444444444,0.0,5.833333333333332,0.0,0.0,6.666666666666665,0.5374056804918458,0.18902342461163435,2.6351163074872,2.4941561201083635,2.705411393387515,0.31126825549922055,2.3434936635557175,1182.4196672000376,1119.3582914378862,87.84399223049554,2.0,1.9999399703358487,2.0,1.9999453179604418,0.0,0.0,0.2692828570749175,0.1736111111111111,0.3472222222222222,0.1736111111111111,0.09451171230581717,0.18902342461163435,0.09451171230581717,0.0,0.0,0.0,1.6211805444551057,1.6211805444551057,3.2423610889102115,0.0,0.0,0.0,0.0,0.0,0.0,2.027871526064189,1.0139357630320944,1.0139357630320944,1.458333333333333,1.458333333333333,2.916666666666666,0.0,0.0,0.0,0.0,0.0,0.0,2.4941561201083635,1.2470780600541818,1.2470780600541818,0.0,0.0,0.0,0.0,0.31126825549922055,0.31126825549922055,1.3807126999436652,1.2834904777214429,0.0,0.0,0.0,0.0,0.0,0.0,0.0,0.0,0.0,0.0,0.0,0.0,0.0,0.0,0.0,0.0,1.6666666666666663,3.3333333333333326,0.8333333333333331,0.8333333333333331,0.0,0.0,0.0,0.0,2.3434936635557175,1.1717468317778588,3.2692067492222625,3.035873415888929,0.0,0.0,0.0,0.0,0.0,0.0,0.6098696043251559,0.570980715436267,0.5352557017058673,0.49636681281697853,5.5088050616625495,5.195354650097987,107.96947835159412,108.31763839637289,76,218.05555555555554,211.4036816456041,211.89820983833968,218.3306363492403,212.4857483962856,213.46465515313568,213.4291478482345,219.86545138888889,219.84456380208331,212.18911118405467,212.91927427436997,219.91482204861111,180.0,180.0,219.88174094317023,209.97656198702998,209.81277930267134,208.87578613827637,209.79747337512597,210.73446653947556,180.0,180.0,219.94873722505733,211.79827169531666,212.2584577404183,58.57639619062355,58.64221726152814,59.17744479712955,59.2374080998256,13860.0,143.4287517518506,42.477611970016476
0.0,4.861111111111112,3.7499999999999996,0.0,5.416666666666668,0.0,0.0,2.891666711945801,3.3527778683360454,1.6103279442787077,2.9327164830899397,3.1570996328465455,1.5079165498856117,1.3407270517948404,1109.4364871276455,1048.6751398847114,81.1418581098053,2.0,1.9982123338268554,2.0,1.9983854428071932,0.0,0.0,0.0,1.215277777777778,2.430555555555556,1.215277777777778,1.6763889341680227,3.3527778683360454,1.6763889341680227,0.0,0.0,0.0,0.0,0.0,0.0,0.9374999999999999,1.8749999999999998,0.9374999999999999,0.8051639721393539,1.6103279442787077,0.8051639721393539,0.0,0.0,0.0,0.0,0.0,0.0,1.354166666666667,2.708333333333334,1.354166666666667,1.5785498164232727,3.1570996328465455,1.5785498164232727,0.0,0.0,0.0,0.0,0.0,0.0,0.0,1.5079165498856117,1.5079165498856117,5.144027660996723,4.8134721054411695,0.0,0.0,0.0,0.0,0.0,0.0,0.0,0.0,0.0,0.0,0.0,0.0,0.0,0.0,0.0,0.0,0.0,0.0,0.0,0.0,1.3407270517948404,1.3407270517948404,3.8004492740170623,3.5865603851281733,0.0,0.0,0.0,0.0,0.0,0.0,0.0,0.0,0.0,0.0,0.6104601721132509,0.571571283224362,0.6776909722222222,0.6388020833333334,5.065186435904755,4.772144328606137,109.91740108718415,110.23749594007415,77,219.75108506944446,214.6074513923237,213.95174792747332,219.78005642361111,211.54557321123826,212.74140010867578,212.5431634852004,219.92776253073131,219.75108506944446,211.81388893329913,212.91389909628543,219.75401475694446,180.0,180.0,219.91705186596562,213.46123326501697,212.90294510779728,210.14724875807008,209.50037173657162,211.3150405066923,180.0,180.0,219.8828125,211.25371317464038,210.88540053060603,55.67286929350257,55.878647050802215,56.088375968346995,56.29488479726458,14040.0,133.59075264425135,53.30998529764441
0.0,0.6944444444444444,0.0,5.833333333333332,0.0,0.0,6.666666666666665,0.5374056804851922,0.1890234246113266,2.6351163074821673,2.4941561200997713,2.7054113933832187,0.31126825549528414,2.34349366354455,1182.4196671994027,1119.358291437252,87.8439922304384,2.0,1.9999399703358487,2.0,1.9999453179604418,0.0,0.0,0.2692828570684178,0.1736111111111111,0.3472222222222222,0.1736111111111111,0.0945117123056633,0.1890234246113266,0.0945117123056633,0.0,0.0,0.0,1.6211805444509064,1.6211805444509064,3.242361088901813,0.0,0.0,0.0,0.0,0.0,0.0,2.0278715260625217,1.0139357630312609,1.0139357630312609,1.458333333333333,1.458333333333333,2.916666666666666,0.0,0.0,0.0,0.0,0.0,0.0,2.4941561200997713,1.2470780600498856,1.2470780600498856,0.0,0.0,0.0,0.0,0.31126825549528414,0.31126825549528414,1.3807126999397288,1.2834904777175065,0.0,0.0,0.0,0.0,0.0,0.0,0.0,0.0,0.0,0.0,0.0,0.0,0.0,0.0,0.0,0.0,1.6666666666666663,3.3333333333333326,0.8333333333333331,0.8333333333333331,0.0,0.0,0.0,0.0,2.34349366354455,1.171746831772275,3.269206749219471,3.0358734158861376,0.0,0.0,0.0,0.0,0.0,0.0,0.6098696043248607,0.5709807154359718,0.5352557017052768,0.4963668128163879,5.508805061659058,5.195354650094558,107.96947835160275,108.3176383963813,78,218.05555555555554,211.40368164561158,211.8982098383464,218.33063634924355,212.48574839631715,213.46465515314924,213.4291478482406,219.86545138888889,219.84456380208331,212.18911118406515,212.9192742743743,219.91482204861111,180.0,180.0,219.8817409431714,209.97656198703874,209.81277930268513,208.8757861383063,209.79747337514598,210.73446653949904,180.0,180.0,219.94873722505793,211.79827169532325,212.25845774042816,58.576396190623484,58.642217261528074,59.17744479713068,59.237408099826716,14220.0,143.428751751584,42.47761196993396
0.0,4.861111111111112,3.7499999999999996,0.0,5.416666666666668,0.0,0.0,2.891666711945488,3.3527778683354206,1.6103279442771705,2.932716483089366,3.1570996328453984,1.5079165498836926,1.3407270517944312,1109.4364871274827,1048.6751398845506,81.14185810979215,2.0,1.9982123338268556,2.0,1.9983854428071934,0.0,0.0,0.0,1.215277777777778,2.430555555555556,1.215277777777778,1.6763889341677103,3.3527778683354206,1.6763889341677103,0.0,0.0,0.0,0.0,0.0,0.0,0.9374999999999999,1.8749999999999998,0.9374999999999999,0.8051639721385853,1.6103279442771705,0.8051639721385853,0.0,0.0,0.0,0.0,0.0,0.0,1.354166666666667,2.708333333333334,1.354166666666667,1.5785498164226992,3.1570996328453984,1.5785498164226992,0.0,0.0,0.0,0.0,0.0,0.0,0.0,1.5079165498836926,1.5079165498836926,5.144027660994803,4.813472105439249,0.0,0.0,0.0,0.0,0.0,0.0,0.0,0.0,0.0,0.0,0.0,0.0,0.0,0.0,0.0,0.0,0.0,0.0,0.0,0.0,1.3407270517944312,1.3407270517944312,3.800449274016653,3.5865603851277643,0.0,0.0,0.0,0.0,0.0,0.0,0.0,0.0,0.0,0.0,0.6104601721132246,0.5715712832243357,0.6776909722222222,0.6388020833333333,5.065186435903924,4.772144328605329,109.9174010871857,110.23749594007565,79,219.75108506944446,214.60745139232463,213.9517479274775,219.78005642361111,211.5455732112454,212.7414001086806,212.54316348520368,219.92776253073137,219.75108506944446,211.8138889333018,212.91389909628865,219.75401475694446,180.0,180.0,219.9170518659657,213.46123326502038,212.90294510779808,210.14724875807406,209.50037173657756,211.31504050669807,180.0,180.0,219.8828125,211.25371317464516,210.8854005306078,55.672869293502565,55.87864705080222,56.08837596834782,56.2948847972654,14400.0,133.59075264418732,53.30998529762847
