boundary_queue_in_A_left,boundary_queue_in_A_top,boundary_queue_in_B_top,boundary_queue_in_C_right,boundary_queue_in_C_top,boundary_queue_in_D_left,boundary_queue_in_F_right,boundary_queue_out_A_left,boundary_queue_out_A_top,boundary_queue_out_B_top,boundary_queue_out_C_right,boundary_queue_out_C_top,boundary_queue_out_D_left,boundary_queue_out_F_right,flow_FW_E_mean,flow_FW_W_mean,freeway_vehicles,lambda_eff_FW_E_last,lambda_eff_FW_E_mean,lambda_eff_FW_W_last,lambda_eff_FW_W_mean,movement_queue_A_E_to_N,movement_queue_A_E_to_S,movement_queue_A_E_to_W,movement_queue_A_N_to_E,movement_queue_A_N_to_S,movement_queue_A_N_to_W,movement_queue_A_S_to_E,movement_queue_A_S_to_N,movement_queue_A_S_to_W,movement_queue_A_W_to_E,movement_queue_A_W_to_N,movement_queue_A_W_to_S,movement_queue_B_E_to_N,movement_queue_B_E_to_S,movement_queue_B_E_to_W,movement_queue_B_N_to_E,movement_queue_B_N_to_S,movement_queue_B_N_to_W,movement_queue_B_S_to_E,movement_queue_B_S_to_N,movement_queue_B_S_to_W,movement_queue_B_W_to_E,movement_queue_B_W_to_N,movement_queue_B_W_to_S,movement_queue_C_E_to_N,movement_queue_C_E_to_S,movement_queue_C_E_to_W,movement_queue_C_N_to_E,movement_queue_C_N_to_S,movement_queue_C_N_to_W,movement_queue_C_S_to_E,movement_queue_C_S_to_N,movement_queue_C_S_to_W,movement_queue_C_W_to_E,movement_queue_C_W_to_N,movement_queue_C_W_to_S,movement_queue_D_E_to_N,movement_queue_D_E_to_W,movement_queue_D_E_to_onE,movement_queue_D_E_to_onW,movement_queue_D_N_to_E,movement_queue_D_N_to_W,movement_queue_D_N_to_onE,movement_queue_D_N_to_onW,movement_queue_D_W_to_E,movement_queue_D_W_to_N,movement_queue_D_W_to_onE,movement_queue_D_W_to_onW,movement_queue_D_offE_to_E,movement_queue_D_offE_to_N,movement_queue_D_offE_to_W,movement_queue_D_offW_to_E,movement_queue_D_offW_to_N,movement_queue_D_offW_to_W,movement_queue_E_E_to_N,movement_queue_E_E_to_W,movement_queue_E_N_to_E,movement_queue_E_N_to_W,movement_queue_E_W_to_E,movement_queue_E_W_to_N,movement_queue_F_E_to_N,movement_queue_F_E_to_W,movement_queue_F_E_to_onE,movement_queue_F_E_to_onW,movement_queue_F_N_to_E,movement_queue_F_N_to_W,movement_queue_F_N_to_onE,movement_queue_F_N_to_onW,movement_queue_F_W_to_E,movement_queue_F_W_to_N,movement_queue_F_W_to_onE,movement_queue_F_W_to_onW,movement_queue_F_offE_to_E,movement_queue_F_offE_to_N,movement_queue_F_offE_to_W,movement_queue_F_offW_to_E,movement_queue_F_offW_to_N,movement_queue_F_offW_to_W,ramp_queue_R_D_E,ramp_queue_R_D_W,ramp_queue_R_F_E,ramp_queue_R_F_W,rho_FW_E_mean,rho_FW_W_mean,speed_FW_E_mean,speed_FW_W_mean,step,storage_available_A_left_out,storage_available_A_to_B,storage_available_A_to_D,storage_available_A_top_out,storage_available_B_to_A,storage_available_B_to_C,storage_available_B_to_E,storage_available_B_top_out,storage_available_C_right_out,storage_available_C_to_B,storage_available_C_to_F,storage_available_C_top_out,storage_available_D_R_E,storage_available_D_R_W,storage_available_D_left_out,storage_available_D_to_A,storage_available_D_to_E,storage_available_E_to_B,storage_available_E_to_D,storage_available_E_to_F,storage_available_F_R_E,storage_available_F_R_W,storage_available_F_right_out,storage_available_F_to_C,storage_available_F_to_E,storage_available_OR_D_E_storage,storage_available_OR_D_W_storage,storage_available_OR_F_E_storage,storage_available_OR_F_W_storage,time_sec,urban_protected_accumulation_veh,urban_vehicles
5.923076923076924,0.0,0.0,4.355555555555557,0.0,8.076923076923078,4.977777777777778,0.3645833333333333,1.6630608974358978,6.182725694444445,0.3645833333333333,1.271180555555556,0.0,0.0,951.717949245777,907.1437129017169,71.07234054778726,2.0,2.0,2.0,2.0,0.18229166666666666,0.18229166666666666,0.3645833333333333,0.0,0.0,0.0,0.0,0.0,0.0,2.961538461538462,1.480769230769231,1.480769230769231,3.114149305555556,3.114149305555556,6.228298611111112,0.0,0.0,0.0,0.0,0.0,0.0,6.137152777777778,3.068576388888889,3.068576388888889,1.0888888888888892,1.0888888888888892,2.1777777777777785,0.0,0.0,0.0,0.0,0.0,0.0,0.3645833333333333,0.18229166666666666,0.18229166666666666,0.0,0.0,2.5666666666666678,2.3333333333333335,0.0,0.0,0.0,0.0,4.038461538461539,2.0192307692307696,1.0096153846153848,1.0096153846153848,0.0,0.0,0.0,0.0,0.0,0.0,0.0,0.0,0.0,0.0,0.0,0.0,1.2444444444444445,2.488888888888889,0.6222222222222222,0.6222222222222222,0.0,0.0,0.0,0.0,0.0,0.0,2.683333333333333,2.4499999999999997,0.0,0.0,0.0,0.0,0.0,0.0,0.4894764957264957,0.4505876068376069,0.4925925925925927,0.4537037037037037,4.432595279635143,4.215652238980714,108.33491578326786,108.54415973274331,0,219.87112713675214,209.42483298708933,213.7127403846154,219.9158653846154,214.71788194444454,214.78298611111123,212.25043402777763,220.0,219.86122685185185,210.45253327035795,212.6586805555555,219.94814814814814,180.0,180.0,219.96915064102564,216.53705313394352,207.53695605415123,203.67154360787458,205.48308882591357,205.688454781961,180.0,180.0,219.9773148148148,211.99049471331264,206.55837307308053,59.706737291182876,59.72042043393697,59.4569416271789,59.493053598782616,180.0,161.18034966271446,59.55590277777778
0.0,4.166666666666667,5.0,0.0,5.416666666666668,0.0,0.0,2.5071549417657097,2.9309765501980856,4.0458258378501535,3.01101393457234,3.3136945358113463,1.0715227697649572,1.2341001157407412,1158.252361839875,1097.4713151826218,84.9357947752259,2.0,1.998425292114919,2.0,1.9985767669151306,0.0,0.0,0.0,1.0416666666666667,2.0833333333333335,1.0416666666666667,1.4654882750990428,2.9309765501980856,1.4654882750990428,0.0,0.0,0.0,0.0,0.0,0.0,1.25,2.5,1.25,2.0229129189250767,4.0458258378501535,2.0229129189250767,0.0,0.0,0.0,0.0,0.0,0.0,1.354166666666667,2.708333333333334,1.354166666666667,1.6568472679056732,3.3136945358113463,1.6568472679056732,0.0,0.0,0.0,0.0,0.0,0.0,0.0,1.0715227697649572,1.0715227697649572,3.6381894364316243,3.404856103098291,0.0,0.0,0.0,0.0,0.0,0.0,0.0,0.0,0.0,0.0,0.0,0.0,0.0,0.0,0.0,0.0,0.0,0.0,0.0,0.0,1.2341001157407412,1.2341001157407412,3.917433449074074,3.6841001157407405,0.0,0.0,0.0,0.0,0.0,0.0,0.0,0.0,0.0,0.0,0.627064649035497,0.5881757601466081,0.6036558099668593,0.5647669210779704,5.310077414110957,5.016109304941034,109.58747598800105,109.88886809394147,1,219.70486111111111,212.4804579362197,211.70032432552654,219.7290331196581,212.89110266465087,212.7912790091033,213.4313617770479,219.95008680555557,219.70486111111111,214.06291211683265,212.0306124578529,219.76168981481482,180.0,180.0,219.87592943804606,210.41142959449652,210.41723419685664,209.8046592719425,208.37935551395302,207.2489344071093,180.0,180.0,219.91247789973372,211.64928088994625,213.38866370956111,56.643992399817954,56.80290306717733,55.3191308814533,55.56356094388308,360.0,145.86569244760088,54.42015205640863
5.923076923076924,0.0,0.0,4.355555555555557,0.0,8.076923076923078,4.977777777777778,1.928097647429968,2.444818054484215,3.0213973125522666,2.291054497426597,2.234416137602188,2.679434994557402,3.3526725844850156,1133.9764255475543,1072.2715222704735,82.79052392086386,2.0,2.0,2.0,2.0,0.964048823714984,0.964048823714984,1.928097647429968,0.0,0.0,0.0,0.0,0.0,0.0,2.961538461538462,1.480769230769231,1.480769230769231,1.3620602187664848,1.3620602187664848,2.7241204375329695,0.0,0.0,0.0,0.0,0.0,0.0,3.3186741875715637,1.6593370937857819,1.6593370937857819,1.0888888888888892,1.0888888888888892,2.1777777777777785,0.0,0.0,0.0,0.0,0.0,0.0,2.291054497426597,1.1455272487132986,1.1455272487132986,1.339717497278701,2.679434994557402,3.2365254153060183,3.0031920819726845,0.0,0.0,0.0,0.0,4.038461538461539,2.0192307692307696,1.0096153846153848,1.0096153846153848,0.0,0.0,0.0,0.0,0.0,0.0,0.0,0.0,0.0,0.0,0.0,0.0,1.2444444444444445,2.488888888888889,0.6222222222222222,0.6222222222222222,0.0,0.0,0.0,0.0,3.3526725844850156,1.6763362922425078,3.521501479454587,3.2881681461212535,0.0,0.0,0.0,0.0,0.0,0.0,0.4965294471153846,0.4576405582264957,0.4988867929012869,0.459997904012398,5.203296015912428,4.906387636413609,109.46587561209326,109.7512541505385,2,219.85432378228046,212.98690179445114,213.6948417041959,219.88225867567198,212.4579954509929,212.72876669760922,213.03464141117541,219.86401353276352,219.84625519004655,212.66756247092655,212.6840052390101,219.91820482453758,180.0,180.0,219.9656241653312,213.01459667430854,212.5530975161506,208.64172080091197,210.54288098465577,209.82074675593861,180.0,180.0,219.9746021412037,211.78290175882069,211.78904056363507,59.50553373899643,59.52919521445947,59.27998897381822,59.33128499499675,540.0,141.8670727738684,65.95477536467371
0.0,4.166666666666667,5.0,0.0,5.416666666666668,0.0,0.0,2.5077815547080764,2.932229776082819,3.127814759954661,2.950099744711071,3.1918661560888077,1.229727165104703,1.3916265462827042,1134.676663658342,1073.1352739492536,83.21441908142184,2.0,1.9983872161631429,2.0,1.9985451069606213,0.0,0.0,0.0,1.0416666666666667,2.0833333333333335,1.0416666666666667,1.4661148880414094,2.932229776082819,1.4661148880414094,0.0,0.0,0.0,0.0,0.0,0.0,1.25,2.5,1.25,1.5639073799773304,3.127814759954661,1.5639073799773304,0.0,0.0,0.0,0.0,0.0,0.0,1.354166666666667,2.708333333333334,1.354166666666667,1.5959330780444039,3.1918661560888077,1.5959330780444039,0.0,0.0,0.0,0.0,0.0,0.0,0.0,1.229727165104703,1.229727165104703,3.7963938317713706,3.563060498438037,0.0,0.0,0.0,0.0,0.0,0.0,0.0,0.0,0.0,0.0,0.0,0.0,0.0,0.0,0.0,0.0,0.0,0.0,0.0,0.0,1.3916265462827042,1.3916265462827042,4.074959879616038,3.8416265462827033,0.0,0.0,0.0,0.0,0.0,0.0,0.0,0.0,0.0,0.0,0.6462405647194529,0.6073516758305639,0.6016117304288855,0.5627228415399966,5.201593071591319,4.9050871958456215,109.61857941646704,109.90913474791918,3,219.91392004985755,212.05717043382919,213.08771310346697,219.83356258903135,213.6468974129352,213.23109902763207,213.14371688125223,219.95008680555557,219.91392004985755,213.5290855840359,213.3891659022534,219.86621928418805,180.0,180.0,219.92763065887715,211.83693402388127,210.2980648773371,208.88225729254597,210.172352750693,209.25377544423336,180.0,180.0,219.91470402524303,212.63251071283835,213.16969069333655,56.62468437592663,56.78549274622502,55.322460963568275,55.57478444707378,720.0,136.09605120414656,53.605902896468876
5.923076923076924,0.0,0.0,4.355555555555557,0.0,8.076923076923078,4.977777777777778,2.108513860401191,2.5350261609698266,2.853888747760192,2.4438359527963467,2.310806865287063,2.6691718023907396,3.34100508346659,1125.0778211285271,1063.4413366028812,82.07770174309151,2.0,2.0,2.0,2.0,1.0542569302005955,1.0542569302005955,2.108513860401191,0.0,0.0,0.0,0.0,0.0,0.0,2.961538461538462,1.480769230769231,1.480769230769231,1.2999629268021144,1.2999629268021144,2.599925853604229,0.0,0.0,0.0,0.0,0.0,0.0,3.107851641916155,1.5539258209580775,1.5539258209580775,1.0888888888888892,1.0888888888888892,2.1777777777777785,0.0,0.0,0.0,0.0,0.0,0.0,2.4438359527963467,1.2219179763981733,1.2219179763981733,1.3345859011953698,2.6691718023907396,3.233959617264353,3.000626283931019,0.0,0.0,0.0,0.0,4.038461538461539,2.0192307692307696,1.0096153846153848,1.0096153846153848,0.0,0.0,0.0,0.0,0.0,0.0,0.0,0.0,0.0,0.0,0.0,0.0,1.2444444444444445,2.488888888888889,0.6222222222222222,0.6222222222222222,0.0,0.0,0.0,0.0,3.34100508346659,1.670502541733295,3.5185846041999804,3.285251270866647,0.0,0.0,0.0,0.0,0.0,0.0,0.49865830664615474,0.45976941775726576,0.4998176964688119,0.4609288075799231,5.1578892072452005,4.8619267320847195,109.54866407004276,109.82932636478557,4,219.8534979747133,213.07801996610257,213.80112567801405,219.8806070605377,212.303866808887,212.5483405005976,213.04480577878329,219.86401353276352,219.84598071587772,212.82434470443474,212.7893550665022,219.9176558761999,180.0,180.0,219.9656241653312,212.77883661362642,212.36674718044875,208.90660218945177,210.46279373635255,209.8922062877645,180.0,180.0,219.9746021412037,211.7422408933511,211.9609392931634,59.505676962782275,59.52935062004512,59.28976836821652,59.340960182906244,900.0,141.7333137821149,65.90727505581718
0.0,4.166666666666667,5.0,0.0,5.416666666666668,0.0,0.0,2.4510633211117203,2.818793308890107,3.046885418868619,2.89114700918466,3.0739606850359857,1.243615451194824,1.4054157713500521,1142.2812165893063,1081.2035345359652,92.6735240414536,2.0,1.9984117838591071,2.0,1.9985675862155168,0.0,0.0,0.0,1.0416666666666667,2.0833333333333335,1.0416666666666667,1.4093966544450536,2.818793308890107,1.4093966544450536,0.0,0.0,0.0,0.0,0.0,0.0,1.25,2.5,1.25,1.5234427094343095,3.046885418868619,1.5234427094343095,0.0,0.0,0.0,0.0,0.0,0.0,1.354166666666667,2.708333333333334,1.354166666666667,1.5369803425179929,3.0739606850359857,1.5369803425179929,0.0,0.0,0.0,0.0,0.0,0.0,0.0,1.243615451194824,1.243615451194824,3.810282117861491,3.5769487845281582,0.0,0.0,0.0,0.0,0.0,0.0,0.0,0.0,0.0,0.0,0.0,0.0,0.0,0.0,0.0,0.0,0.0,0.0,0.0,0.0,1.4054157713500521,1.4054157713500521,4.0887491046833855,3.8554157713500516,0.0,0.0,0.0,0.0,0.0,0.0,0.0,0.0,0.0,0.0,0.6475984566052284,0.6087095677163394,0.6013127199359237,0.5624238310470349,5.803479252658856,5.486304730036457,99.0780307939454,99.19318259260521,5,219.86250445156696,212.0528457642917,213.1488688704056,219.80785478988605,213.6655589840695,213.2370556887359,213.19809330506362,219.95008680555557,219.86250445156696,213.52516321634283,213.46098010153966,219.84051148504275,180.0,180.0,219.922031446463,211.84736180009088,210.24189925209757,209.11407982472477,210.40010118611795,209.41550181860973,180.0,180.0,219.91589492211085,212.7256393142062,213.2009427216599,56.63285662010011,56.792834261410746,55.35011056043696,55.59874944269231,1080.0,134.78186107053116,53.092070382435594
13.184829059829065,0.0,0.06944444444444448,9.592592592592592,0.1076388888888889,18.120726495726494,11.018518518518519,2.54699445232442,4.531189533854519,5.679918506827975,2.882417120180781,3.836764115645946,2.6479318647699164,3.3267367786260724,1949.9396952390775,1840.2401663746757,160.0515457396171,2.0,2.0,2.0,2.0,1.27349722616221,1.27349722616221,2.54699445232442,0.0,0.0,0.0,0.0,0.0,0.0,6.669444444444447,3.257692307692309,3.257692307692309,2.549063052628581,2.549063052628581,5.098126105257162,0.0,0.06944444444444448,0.0,0.0,0.0,0.0,6.261710908398788,3.130855454199394,3.130855454199394,2.3955555555555557,2.3955555555555557,4.801481481481481,0.0,0.1076388888888889,0.0,0.0,0.0,0.0,2.882417120180781,1.4412085600903906,1.4412085600903906,1.3239659323849582,2.6479318647699164,6.409822509882953,5.853711398771844,0.0,0.0,0.15734638986284705,0.11456861208506924,9.236111111111109,4.442307692307692,2.221153846153846,2.221153846153846,0.0,0.0,0.0,0.0,0.0,0.0,0.0,0.0,0.0,0.0,0.0,0.0,2.7377777777777776,5.542962962962963,1.3688888888888888,1.3688888888888888,0.0,0.0,0.1591899241365637,0.11641214635878588,3.3267367786260724,1.6633683893130362,6.859004320109427,6.302893208998318,0.0,0.0,0.0,0.0,0.0,0.0,0.9308395098824787,0.8880617321047009,0.9334534143518518,0.8906756365740742,10.075605105468188,9.475459325369812,97.44012687826861,97.72932600100312,6,219.70820604634082,208.26119632328286,207.9211632347083,219.79835653712607,209.05477164959603,209.37260380282876,206.77734460320087,219.86401353276352,219.67956005825025,207.87122990385677,205.6054868191104,219.85564789427826,180.0,180.0,219.92432027680383,211.20982167137282,207.36648118088164,203.60111132871384,206.66180197168495,205.45517627181962,180.0,180.0,219.943865631419,209.30727101726416,208.24407553348124,59.24205511921584,59.26773956961943,58.8642787143035,58.89803224196604,1260.0,217.0569948486323,120.6071986476221
0.5115384615384619,14.368055555555554,17.319444444444443,0.22814814814814827,18.795138888888886,4.722756410256418,0.31629629629629635,6.213696904052316,5.374722867933693,3.992001134799579,7.41772942699245,5.627125520651567,3.9388855875294277,3.8092059185938347,3031.4206194818435,2939.1607964952022,276.1751538212141,2.0,1.9900302286371994,2.0,1.990699875808359,0.0,0.0,0.0,3.5416666666666665,7.284722222222221,3.5416666666666665,2.6720302373856497,5.344060474771299,2.6720302373856497,0.45021367521367545,0.030662393162393276,0.030662393162393276,0.0,0.0,0.0,4.249999999999999,8.819444444444445,4.249999999999999,1.9960005673997896,3.992001134799579,1.9960005673997896,0.0,0.0,0.0,0.0,0.0,0.22814814814814827,4.604166666666666,9.586805555555554,4.604166666666666,2.8135627603257833,5.627125520651567,2.8135627603257833,0.0,0.0,0.0,0.0,0.0,0.366147286925202,0.30003617581409076,3.9388855875294277,3.9388855875294277,15.52528857736176,13.194441143084985,4.539529914529922,0.1832264957264958,0.0,0.0,0.0,0.0,0.0,0.0,0.0,0.0,0.0,0.0,0.0,0.0,0.0,0.0,0.0,0.31629629629629635,0.0,0.0,3.8092059185938347,3.8092059185938347,14.704230992431516,12.531057671433542,0.0,0.0,0.40042442714420573,0.3343133160330946,0.0,0.0,0.0,0.0,0.0,0.0,1.7500361099725672,1.683924998861456,4.280954001064432,2.6942873343977567,17.05343693337949,16.318348881088962,91.01878262002319,92.07282116192985,7,219.67287037037036,195.50102303235226,201.13185211223592,219.4475462962963,204.45807978512946,203.2256009863687,201.93618689572062,219.84432980941295,219.67287037037036,200.98638340038653,200.4435568373218,219.52791666666667,180.0,180.0,219.88874418563253,199.52995151255345,194.52928790451415,192.9766284871792,197.43840014122688,193.8663004641723,180.0,180.0,219.88385784697874,202.32950038597065,199.55543971854053,51.06521929737398,51.46196985583492,48.98727704625621,49.28898207607692,1440.0,339.57623006329106,159.03987506804802
20.650000000000006,0.2013888888888889,0.3194444444444445,15.037037037037042,0.37847222222222227,26.201388888888918,17.240740740740744,6.862663409162472,8.496609482359016,9.651763250998126,8.749212962962963,8.076828703703704,6.1012988020300645,11.314564387181044,3541.0347704520113,3418.304444135393,350.66933162074395,2.0,1.9998219119391416,2.0,1.9998392811792236,3.431331704581236,3.431331704581236,6.862663409162472,0.0,0.2013888888888889,0.0,0.0,0.0,0.0,10.519444444444447,5.065277777777779,5.065277777777779,3.7538574582001383,3.7538574582001383,7.7967774164002766,0.0,0.3194444444444445,0.0,0.875,2.138888888888889,0.875,7.589276806943246,3.7590169039090995,3.7590169039090995,3.702222222222223,3.702222222222223,7.632592592592595,0.0,0.37847222222222227,0.0,0.0,0.0,0.0,8.749212962962963,4.374606481481481,4.374606481481481,1.647837749146077,5.6290088316254865,8.751968636903298,7.892524192458854,0.4722899704045779,0.4722899704045779,14.290063084099888,9.579215649823096,19.28739316239319,4.7152777777777795,1.0993589743589756,1.0993589743589756,0.0,0.0,0.0,0.0,0.0,0.0,0.0,0.0,0.0,0.0,0.0,0.0,4.231111111111113,8.77851851851852,2.1155555555555563,2.1155555555555563,0.0,0.0,10.768871351082847,6.215698030084839,11.314564387181044,5.560059971368299,12.587905805219288,11.561141096795259,0.0,0.0,0.0,0.0,0.0,0.0,4.666666666666666,4.666666666666666,2.333333333333333,2.333333333333334,21.675869817563765,20.41036818772354,84.5672389340284,86.2861169668776,8,219.70486111111111,196.39929388039266,201.97568824846385,220.0,197.20939222665803,199.12265789078975,200.3317921854468,219.61111111111111,219.5281712962963,199.06328459657144,198.16738874703952,219.8237037037037,180.0,180.0,218.05555555555554,195.9480624425359,189.3606387637675,196.96330202712144,190.33635579567292,194.79787413058614,180.0,180.0,219.67981481481482,198.39452322341552,193.50779632704237,56.791262045587295,56.948261433161534,58.001752101832174,58.065485659370744,1620.0,422.6392273827354,252.29635552952146
0.5115384615384619,14.368055555555554,17.319444444444443,0.22814814814814827,18.795138888888886,14.774038461538533,0.31629629629629635,7.748047614629407,8.387764947541879,11.12122456063071,9.364863152212415,9.4588929710915,6.071287112854073,4.75196018977715,3632.8962772934437,3531.5548186935243,390.8377680635138,2.0,1.9809903307453862,2.0,1.9824616347962092,0.0,0.0,0.03125,3.5416666666666665,7.284722222222221,3.5416666666666665,4.1751309479627405,8.357102554379486,4.1751309479627405,0.45021367521367545,0.030662393162393276,0.030662393162393276,0.0,0.0,0.28906249999999994,4.249999999999999,8.819444444444445,4.249999999999999,5.366167835870911,11.12122456063071,5.366167835870911,0.2232689029575467,0.0,0.0,0.0,0.0,0.22814814814814827,4.604166666666666,9.586805555555554,4.604166666666666,4.72944648554575,9.4588929710915,4.72944648554575,0.03125,0.0,0.0,0.6319444444444444,1.6527777777777777,0.8487500000000001,0.7826388888888889,4.418509335076295,4.418509335076295,32.93340295960433,25.842555525327477,14.590811965812037,0.1832264957264958,0.0,0.0,0.0,0.0,0.0,0.0,0.0,0.0,0.0,0.0,0.0,0.0,0.0,0.0,0.0,0.31629629629629635,0.0,0.0,3.6825157453327058,3.6825157453327058,28.733495777630235,21.800322456632244,1.0694444444444444,0.34027777777777773,3.182950160125817,0.6698611111111112,0.0,0.0,0.0,0.0,0.0,0.0,3.798963450769228,2.212296784102566,5.1755555555555555,4.821526183089316,24.45634669136363,22.793342593362116,79.40122497157512,81.98776724126542,9,219.61111111111111,196.75847848623317,198.7573173921626,219.40104166666666,199.08152147935397,197.43239744648267,197.08857153921713,219.35494540963234,219.61111111111111,201.5295534341582,197.00983130740968,219.48141203703702,180.0,180.0,219.61111111111111,194.90863313425268,193.56074805560723,186.39243591650273,191.43698076968627,190.33226354942863,180.0,180.0,219.61111111111111,198.03116255575304,199.79870714854653,46.95016238842001,47.58336847392569,45.509371955674915,45.99660348594311,1800.0,419.1495908605053,259.0566737688109
20.650000000000006,0.2013888888888889,0.3194444444444445,15.037037037037042,0.37847222222222227,47.91933760683772,17.240740740740744,7.0213095581269505,8.595490053229609,9.452867887622752,9.06472222222222,8.234583333333333,9.775661602375237,11.880634892973529,3650.132583507444,3566.0524665761204,415.7816988527424,2.0,2.0,2.0,2.0,3.5106547790634752,3.5106547790634752,7.0213095581269505,0.0,0.2013888888888889,0.0,0.0,0.019557496388354523,0.0,10.519444444444447,5.065277777777779,5.065277777777779,3.9173462411666646,3.9173462411666646,8.12375498233333,0.0,0.3194444444444445,0.0,0.5833333333333333,1.8290740740740743,0.5833333333333333,7.657686811430691,3.706447572382012,3.706447572382012,3.702222222222223,3.702222222222223,7.632592592592595,0.0,0.37847222222222227,0.0,0.0,0.0,0.0,9.06472222222222,4.53236111111111,4.53236111111111,4.6530952242645425,9.695079337417972,11.977700263581937,10.726547612132272,0.08058226495726495,0.08058226495726495,28.2042349293606,18.733387495083697,34.005341880341994,7.048611111111113,3.432692307692309,3.432692307692309,0.0,0.0,0.0,0.0,0.0,0.0,0.0,0.0,0.0,0.0,0.0,0.0,4.231111111111113,8.77851851851852,2.1155555555555563,2.1155555555555563,0.0,0.0,22.37280940666906,13.059636085671094,11.880634892973529,5.74587300204232,18.630556963993016,13.73746791497829,0.0,0.0,0.0,0.0,0.0,0.0,4.587606837606826,3.3926483779453864,3.8888888888888884,3.8888888888888884,26.129670685885127,23.87328754654142,76.00134051470316,79.64307445796915,10,219.5006379184725,194.404597859798,202.07921124616047,219.61111111111111,193.94335839100322,196.39851575029712,199.28965060425827,219.61111111111111,219.4679067226515,197.97109305770016,198.35371267066213,219.70317455641404,180.0,180.0,219.61111111111111,199.74274911432164,190.62707203536561,193.5888652236584,190.47720160037085,194.2253382700546,180.0,180.0,219.67981481481482,197.6454211491979,192.96564285767863,58.36774537370804,58.445402483352204,57.90595412240724,57.95770068811371,1980.0,439.4549410290885,337.54099981694276
0.5115384615384619,14.368055555555554,17.319444444444443,0.22814814814814827,18.795138888888886,31.82532051282061,0.31629629629629635,7.798767410679501,8.565590216818427,9.6672858487663,9.159730499150433,9.111127664967533,4.961992103141836,4.525151380207363,3584.1666198358207,3565.7132465030486,451.24300423292556,2.0,1.9862154868093553,2.0,1.986645716093335,0.0,0.0,0.0,3.5416666666666665,7.284722222222221,3.5416666666666665,4.257100744012834,8.534927823656034,4.257100744012834,0.45021367521367545,0.030662393162393276,0.030662393162393276,0.0,0.0,0.28906250000000006,4.249999999999999,8.819444444444445,4.249999999999999,4.614458896605372,9.617806682099634,4.614458896605372,0.48784722222222215,0.04947916666666663,0.04947916666666663,0.0,0.0,0.22814814814814827,4.604166666666666,9.586805555555554,4.604166666666666,4.555563832483767,9.111127664967533,4.555563832483767,0.0,0.0,0.0,0.34027777777777773,1.0694444444444444,1.699423906838215,0.6368055555555556,3.8925476586973913,3.8925476586973913,44.71231860545647,32.861471171179495,31.642094017094113,0.1832264957264958,0.0,0.0,0.0,0.0,0.0,0.0,0.0,0.0,0.0,0.0,0.0,0.0,0.0,0.0,0.0,0.31629629629629635,0.0,0.0,3.4557069357629184,3.4557069357629184,37.38943928238786,25.696265961389884,1.0694444444444444,0.34027777777777773,13.949816737481928,6.676727688467192,0.0,0.0,0.0,0.0,0.0,0.0,23.651709401709386,6.534653793264285,16.128888888888895,3.897777777777778,25.020990515327398,25.401649660035826,78.00787797889059,76.90115246515174,11,219.70138888888889,195.51862532007664,198.5105308682414,219.46180555555557,198.40418061285928,196.62539318551717,196.94284245474313,219.27213541666666,219.70138888888889,200.24841108939253,196.85282452723158,219.54217592592593,180.0,180.0,219.61111111111111,193.79445496985733,194.34598689369852,186.6087038633045,190.76236841210056,190.90974286358772,180.0,180.0,219.61111111111111,196.3865785087842,198.2781610772052,48.52183544433478,49.08731029757993,47.6301968544607,47.47133763949628,2160.0,421.4200092610998,319.49614202229674
20.650000000000006,0.2013888888888889,0.3194444444444445,15.037037037037042,0.37847222222222227,66.91506410256413,17.240740740740744,7.525345727763636,9.1804156546224,9.6688955807702,9.253926928502977,8.599103857005957,11.189844941869712,13.597921231095544,3581.8061292932302,3541.547751091928,476.55078591217944,2.0,2.0,2.0,2.0,3.62218646104808,3.62218646104808,7.518678477651715,0.0,0.2013888888888889,0.0,0.006667250111920375,0.49295141579654095,0.006667250111920375,10.519444444444447,5.065277777777779,5.065277777777779,4.0595658554507095,4.0595658554507095,8.40819421090142,0.0,0.3194444444444445,0.0,0.5833333333333333,1.5555555555555556,0.5833333333333333,8.49643722841676,4.053774169763935,4.053774169763935,3.702222222222223,3.702222222222223,7.632592592592595,0.0,0.37847222222222227,0.0,0.012121372947423104,0.4131316347837351,0.012121372947423104,9.241805555555555,4.48375,4.48375,5.400478026490413,11.189844941869712,15.20434291235673,11.761724561074072,0.0,0.0,36.58718101034889,22.356333576071865,53.001068376068396,7.048611111111113,3.432692307692309,3.432692307692309,0.0,0.0,0.0,0.0,0.0,0.0,0.0,0.0,0.0,0.0,0.0,0.0,4.231111111111113,8.77851851851852,2.1155555555555563,2.1155555555555563,0.0,0.0,28.78510903944828,14.711935718450247,13.597921231095544,5.764089137601523,31.618602600811343,21.96551355179664,0.0,0.0,0.0,0.0,0.0,0.0,37.405982905982874,12.788927297537793,19.748888888888846,7.517777777777787,24.57294071039675,25.313210419852265,78.72637262862962,76.81603070249463,12,219.31597222222223,194.38230581880745,202.1456107031987,219.61111111111111,194.6579682352798,196.45288540310355,200.27663505475982,219.61111111111111,219.22743055555557,197.55011428690042,198.4201121277005,219.61111111111111,180.0,180.0,219.53052884615386,200.35775407436878,191.85357497865857,197.60668688820462,194.71430698029465,194.78465984361245,180.0,180.0,219.67981481481482,198.1923217651824,189.18838382427617,58.36322503187315,58.4413845266897,58.016591082849565,57.99183116344488,2340.0,438.5514845446016,409.4547747072848
0.5115384615384619,14.368055555555554,17.319444444444443,0.22814814814814827,18.795138888888886,54.709935897435855,0.31629629629629635,7.686033179455629,9.73172854691009,9.06140667418592,9.075667814568963,8.880502295804591,4.434703390984952,3.6160584479650093,3572.3109515702213,3526.7990920693755,511.12417951617067,2.0,1.9880060565472506,2.0,1.988268029645656,0.0,0.0,0.03125,3.5416666666666665,7.284722222222221,3.5416666666666665,4.113116512788962,9.701066153747696,4.113116512788962,0.45021367521367545,0.030662393162393276,0.030662393162393276,0.0,0.0,0.38628472222222227,4.249999999999999,8.819444444444445,4.249999999999999,4.2876477815374034,9.06140667418592,4.2876477815374034,0.0,0.0,0.0,0.0,0.0,0.22814814814814827,4.604166666666666,9.586805555555554,4.604166666666666,4.440251147902296,8.880502295804591,4.440251147902296,0.03125,0.0,0.0,0.2916666666666667,0.9722222222222223,8.457447442258678,2.634829090976015,3.4624811687627295,3.4624811687627295,50.710322127413974,34.09947469313686,54.52670940170936,0.1832264957264958,0.0,0.0,0.0,0.0,0.0,0.0,0.0,0.0,0.0,0.0,0.0,0.0,0.0,0.0,0.0,0.31629629629629635,0.0,0.0,3.4216140035205647,3.4216140035205647,43.751359003162676,27.29818568216456,0.19444444444444448,0.0,26.43334394906703,14.400254900052323,0.0,0.0,0.0,0.0,0.0,0.0,54.91452991452992,22.797474306084784,24.488888888888813,19.75777777777779,24.458337725019913,24.438352571231732,79.01064939593212,78.46650470947819,13,219.61111111111111,193.5650941196753,198.54777268608544,219.40104166666666,198.09787536750812,196.471070080561,196.9091428629225,219.49001736111111,219.61111111111111,200.29543326559966,196.8386215190939,219.48141203703702,180.0,180.0,219.61111111111111,192.9959090869004,195.11969088212456,187.47727737358824,190.92596132693006,189.55955746787438,180.0,180.0,219.61111111111111,196.86957134182674,198.3516902627207,49.71145140213342,50.25142183008103,47.91520832772131,47.68719668548681,2520.0,420.1587312556477,383.03408898885743
20.650000000000006,0.2013888888888889,0.3194444444444445,15.037037037037042,0.37847222222222227,89.79967948717953,17.240740740740744,7.561223393005967,10.128179266851657,10.346454691258083,9.253935966442336,8.855788599551342,11.520161163598734,13.213012829800475,3546.1309779414614,3491.9293602474672,538.2345753286045,2.0,2.0,2.0,2.0,3.640614244577746,3.640614244577746,7.555534044711047,0.0,0.2013888888888889,0.0,0.005689348294920127,1.422287244496132,0.005689348294920127,10.519444444444447,5.065277777777779,5.065277777777779,4.205183533025411,4.205183533025411,8.796651788273046,0.0,0.3194444444444445,0.0,0.5833333333333333,1.6527777777777777,0.5833333333333333,8.976986760909789,4.488493380454894,4.488493380454894,3.702222222222223,3.702222222222223,7.632592592592595,0.0,0.37847222222222227,0.0,0.012130410886782128,0.6698163773291204,0.012130410886782128,9.241805555555555,4.48375,4.48375,5.565636137354923,11.520161163598734,21.93942798381751,13.736809632534818,0.0,0.0,42.59501815567976,23.604170721402568,75.8856837606838,7.048611111111113,3.432692307692309,3.432692307692309,0.0,0.0,0.0,0.0,0.0,0.0,0.0,0.0,0.0,0.0,0.0,0.0,4.231111111111113,8.77851851851852,2.1155555555555563,2.1155555555555563,0.0,0.0,35.160224706317265,16.32705138531904,13.213012829800475,5.9141349199123985,44.224652712072775,29.811563663058056,0.0,0.0,0.0,0.0,0.0,0.0,76.16880341880344,36.551747810358265,20.60888888888881,23.37777777777774,24.267789676986396,23.42313000211064,79.27288783344086,80.18079376864101,14,219.31597222222223,194.53320688870966,202.22731348196533,219.61111111111111,195.1483685801295,196.7466830553928,200.2498679402265,219.61111111111111,219.22743055555557,198.32579656004535,198.50181490646725,219.61111111111111,180.0,180.0,219.53052884615386,200.5240984412018,191.864545939181,198.42072099761893,194.9190802628001,195.45288369225014,180.0,180.0,219.67981481481482,199.05731494501632,189.70830473920978,58.36293113195369,58.441372077190934,58.099975498779166,58.071863437283795,2700.0,437.10011289857096,480.39287488157987
0.5115384615384619,14.368055555555554,17.319444444444443,0.22814814814814827,18.795138888888886,73.31677350427375,0.31629629629629635,7.732029238516374,8.36777517117608,9.203708849502926,8.943675316640071,8.616517299946809,5.102153145074314,3.723951310119088,3566.819184222728,3520.567505273435,577.7130241812272,2.0,1.986924511690642,2.0,1.9874123809026574,0.0,0.0,0.03125,3.5416666666666665,7.284722222222221,3.5416666666666665,4.1591125718497075,8.337112778013687,4.1591125718497075,0.45021367521367545,0.030662393162393276,0.030662393162393276,0.0,0.0,0.18804478871828717,4.249999999999999,8.819444444444445,4.249999999999999,4.273295396973684,9.032701905058481,4.273295396973684,0.7309027777777779,0.17100694444444448,0.17100694444444448,0.0,0.0,0.22814814814814827,4.604166666666666,9.586805555555554,4.604166666666666,4.308258649973404,8.616517299946809,4.308258649973404,0.03125,0.0,0.0,0.24305555555555552,0.875,10.831135802166868,0.5881944444444445,4.227153145074314,4.227153145074314,59.39391272460461,38.023065290327374,73.13354700854725,0.1832264957264958,0.0,0.0,0.0,0.0,0.0,0.0,0.0,0.0,0.0,0.0,0.0,0.0,0.0,0.0,0.0,0.31629629629629635,0.0,0.0,3.404872685185185,3.404872685185185,49.30990884429408,28.09673552329574,0.3190786249339031,0.0,39.78783582752294,22.99474677850816,0.0,0.0,0.0,0.0,0.0,0.0,95.23290598290579,47.77617338090049,25.348888888888773,28.117777777777704,24.24361889515776,23.669999134621495,79.39285686016179,79.9371451102009,15,219.61111111111111,195.46907339057083,198.61019221647246,219.40104166666666,198.1592089610226,196.2143902803514,198.63450357715743,219.3226442723075,219.61111111111111,199.81123719235643,196.82169004523416,219.48141203703702,180.0,180.0,219.61111111111111,193.517037357832,194.3568266032396,186.9837883653281,189.91710894700932,187.89819679662799,180.0,180.0,219.61111111111111,196.30907011567558,198.39433299279332,48.55324687630616,49.09440217716098,48.176653856785265,48.082757384341456,2880.0,421.74611325487933,443.37324305131574
20.650000000000006,0.2013888888888889,0.3194444444444445,15.037037037037042,0.37847222222222227,104.51762820512864,17.240740740740744,7.6017686518254495,8.747815401798533,9.682575604584695,9.26611111111111,8.198125000000001,11.651673997607379,12.077485216821524,3574.06678380591,3530.2219182565077,600.475634994661,2.0,2.0,2.0,2.0,3.663731548134947,3.663731548134947,7.6017686518254495,0.0,0.2013888888888889,0.0,0.0,0.018806075885806017,0.0,10.519444444444447,5.065277777777779,5.065277777777779,4.105321609304752,4.105321609304752,8.55226624695869,0.0,0.3194444444444445,0.0,0.5833333333333333,1.5555555555555556,0.5833333333333333,8.432285768337662,4.021698439724387,4.021698439724387,3.702222222222223,3.702222222222223,7.632592592592595,0.0,0.37847222222222227,0.0,0.0,0.0,0.0,9.26611111111111,4.495902777777777,4.495902777777777,5.237631497299651,11.182202843761225,21.606500453724248,10.806661822051417,0.46947115384615384,0.46947115384615384,55.53694829845663,31.786100864179357,91.77029914529957,6.659722222222224,3.04380341880342,3.04380341880342,0.0,0.0,0.0,0.0,0.0,0.0,0.0,0.0,0.0,0.0,0.0,0.0,4.231111111111113,8.77851851851852,2.1155555555555563,2.1155555555555563,0.0,0.0,42.68349434787109,19.090321026872637,12.077485216821524,5.844298163966317,55.78221420278064,36.609125153765795,0.0,0.0,0.0,0.0,0.0,0.0,107.8205128205124,51.04067749245766,28.968888888888728,31.73777777777766,23.944625771905667,23.668846479972405,79.86331132682714,79.8216741429513,16,219.50101362872377,194.6018521239023,202.2309015781057,219.61111111111111,195.05685334280653,196.29610210514934,200.34706276576625,219.61111111111111,219.46787398451804,197.65785122936524,198.50540300260795,219.70310908014713,180.0,180.0,219.61111111111111,199.21905830097867,190.33112003415346,196.43367838897285,193.97966239813547,194.10308669212586,180.0,180.0,219.67981481481482,198.35122233503438,191.08584123559496,58.36345522492856,58.442262312760626,58.020504363827314,58.00282152745281,3060.0,439.0624884815295,536.6934065639294
0.5115384615384619,14.368055555555554,17.319444444444443,0.22814814814814827,18.795138888888886,89.20138888888953,0.31629629629629635,8.065614020566095,8.549219421412616,9.519100122064637,9.298787248417982,8.840630052391521,5.2066364750117975,4.59841414507712,3567.366677666364,3527.3569419214023,636.1260893299745,2.0,1.986872211167415,2.0,1.9873409782135403,0.0,0.0,0.2743055555555555,3.5416666666666665,7.284722222222221,3.5416666666666665,4.249641798343873,8.518557028250223,4.249641798343873,0.45021367521367545,0.030662393162393276,0.030662393162393276,0.0,0.0,0.34316018735054793,4.249999999999999,8.819444444444445,4.249999999999999,4.540366033254541,9.469620955397971,4.540366033254541,0.48784722222222215,0.04947916666666663,0.04947916666666663,0.0,0.0,0.22814814814814827,4.604166666666666,9.586805555555554,4.604166666666666,4.420315026195761,8.840630052391521,4.420315026195761,0.2743055555555555,0.0,0.0,0.2916666666666667,0.9722222222222223,10.525729249858806,0.6125,4.234414252789575,4.234414252789575,72.34340667712381,46.21255924284648,89.01816239316302,0.1832264957264958,0.0,0.0,0.0,0.0,0.0,0.0,0.0,0.0,0.0,0.0,0.0,0.0,0.0,0.0,0.0,0.31629629629629635,0.0,0.0,3.4086846409662135,3.4086846409662135,56.86044277120289,30.88726945020432,1.1897295041109064,0.3888888888888889,51.84694194126976,30.29385289225486,0.0,0.0,0.0,0.0,0.0,0.0,126.49572649572588,58.949281785857245,33.70888888888872,36.47777777777768,23.92810020097398,23.895090709367697,80.00290046698878,79.54818996967006,17,219.61111111111111,195.65605860664675,198.3379414604119,219.27951388888889,198.77411228271563,197.1239738772304,198.93253862736984,219.2450865729914,219.61111111111111,200.06958581625452,196.5626357718931,219.35988425925925,180.0,180.0,219.61111111111111,193.81701618876957,194.35357619976907,186.5855189463352,189.66299246998884,189.49695875528005,180.0,180.0,219.61111111111111,196.04586711249794,198.34703234607227,48.545972924265946,49.08813016175443,48.13918390363971,48.02725385485065,3240.0,422.7619980482264,513.1794485835678
20.650000000000006,0.2013888888888889,0.3194444444444445,15.037037037037042,0.37847222222222227,120.40224358974442,17.240740740740744,7.614739195167026,8.756191392781881,9.674108304778402,9.26611111111111,8.198125000000001,11.259114274781167,12.002976454268346,3573.0093652305786,3532.8105370935327,658.9629222753119,2.0,2.0,2.0,2.0,3.670216819805735,3.670216819805735,7.614739195167026,0.0,0.2013888888888889,0.0,0.0,0.020696795198367368,0.0,10.519444444444447,5.065277777777779,5.065277777777779,4.113458541368822,4.113458541368822,8.570137377542917,0.0,0.3194444444444445,0.0,0.5833333333333333,1.5555555555555556,0.5833333333333333,8.399077304596938,4.005094207854024,4.005094207854024,3.702222222222223,3.702222222222223,7.632592592592595,0.0,0.37847222222222227,0.0,0.0,0.0,0.0,9.26611111111111,4.495902777777777,4.495902777777777,5.005932671578617,10.789643120935013,21.317187560825467,10.708521891344866,0.46947115384615384,0.46947115384615384,68.51607348238504,40.00522604810764,107.65491452991535,6.659722222222224,3.04380341880342,3.04380341880342,0.0,0.0,0.0,0.0,0.0,0.0,0.0,0.0,0.0,0.0,0.0,0.0,4.231111111111113,8.77851851851852,2.1155555555555563,2.1155555555555563,0.0,0.0,50.24194286831016,21.88876954731149,12.002976454268346,5.807043782689728,67.62305103127446,43.689961982259526,0.0,0.0,0.0,0.0,0.0,0.0,139.083333333333,62.35232504308579,37.328888888888706,40.097777777777665,23.665834899140574,23.846739754887786,80.40846161564612,79.49338384661641,18,219.5000682690675,194.58151414731114,202.16413391903495,219.61111111111111,194.89079836185147,196.48098675012167,200.29329111877192,219.61111111111111,219.46784598668896,197.62777388975454,198.43863534353753,219.70305308448897,180.0,180.0,219.61111111111111,199.02050918766105,190.3072139103948,196.3869960849221,194.05930470658396,194.20962331739773,180.0,180.0,219.67981481481482,198.34145520992723,191.09273037769083,58.363431021050175,58.442193100617075,58.02041756667533,58.00153551562249,3420.0,438.62778522326056,601.9269283715117
0.5115384615384619,14.368055555555554,17.319444444444443,0.22814814814814827,18.795138888888886,103.14155982906085,0.31629629629629635,8.069500946244752,8.558422545382912,9.525029302463887,9.270818276814346,8.784692109184249,5.463975518609326,4.581969197384255,3565.5929712728216,3499.8595941224876,693.6086330158031,2.0,1.984605743349209,2.0,1.985749263750501,0.0,0.0,0.2743055555555555,3.5416666666666665,7.284722222222221,3.5416666666666665,4.25352872402253,8.52776015222052,4.25352872402253,0.45021367521367545,0.030662393162393276,0.030662393162393276,0.0,0.0,0.3432459879119419,4.249999999999999,8.819444444444445,4.249999999999999,4.543330623454166,9.47555013579722,4.543330623454166,0.48784722222222215,0.04947916666666663,0.04947916666666663,0.0,0.0,0.22814814814814827,4.604166666666666,9.586805555555554,4.604166666666666,4.3923460545921245,8.784692109184249,4.3923460545921245,0.2743055555555555,0.0,0.0,0.2916666666666667,0.9722222222222223,8.285365514261512,0.6125,4.491753296387103,4.491753296387103,87.29566797449161,56.40482054021415,102.95833333333435,0.1832264957264958,0.0,0.0,0.0,0.0,0.0,0.0,0.0,0.0,0.0,0.0,0.0,0.0,0.0,0.0,0.0,0.31629629629629635,0.0,0.0,3.4153025307175877,3.4153025307175877,64.42402791609872,33.69085459509996,1.1666666666666667,0.3888888888888889,63.67931655227636,37.366227503261605,0.0,0.0,0.0,0.0,0.0,0.0,157.75854700854714,75.71173856308013,42.06888888888873,37.3377777777776,23.698989339745395,24.178758464852123,80.4718086965154,79.01825892474314,19,219.61111111111111,195.7127153914976,198.32654549277805,219.27951388888889,198.77389488620872,197.08481148625148,198.91296115803206,219.2450436727107,219.61111111111111,200.07828482710508,196.56906393470456,219.35988425925925,180.0,180.0,219.61111111111111,195.436283721478,193.45289987399028,186.60717619462451,189.70016071429262,189.4838260341766,180.0,180.0,219.61111111111111,196.16895087042843,198.41704843841092,46.91131471730257,47.52141045676452,48.14074178996698,48.48562264486604,3600.0,422.22512266529003,579.7175941742087
20.650000000000006,0.2013888888888889,0.3194444444444445,15.037037037037042,0.37847222222222227,124.62019230769353,17.240740740740744,7.6126073427350605,8.754092671061848,9.3789050273098,9.26611111111111,8.198125000000001,9.570285351517263,12.194399502682312,3585.093725338247,3500.1970764854063,720.1724025549881,2.0,1.999814115528386,2.0,1.9998313330069408,3.6691508935897525,3.6691508935897525,7.6126073427350605,0.0,0.2013888888888889,0.0,0.0,0.019663999694316925,0.0,10.519444444444447,5.065277777777779,5.065277777777779,4.112245982332329,4.112245982332329,8.563214919262432,0.0,0.3194444444444445,0.0,0.5833333333333333,1.5555555555555556,0.5833333333333333,7.6669986455105,3.7111034894219164,3.7111034894219164,3.702222222222223,3.702222222222223,7.632592592592595,0.0,0.37847222222222227,0.0,0.0,0.0,0.0,9.26611111111111,4.495902777777777,4.495902777777777,3.063935410801367,8.850093043824955,15.180136491863644,8.765301038734018,0.7201923076923078,0.7201923076923078,87.36008624783175,54.089238813554225,117.70619658119779,4.7152777777777795,1.0993589743589756,1.0993589743589756,0.0,0.0,0.0,0.0,0.0,0.0,0.0,0.0,0.0,0.0,0.0,0.0,4.231111111111113,8.77851851851852,2.1155555555555563,2.1155555555555563,0.0,0.0,57.806368621939164,24.6931953009404,12.194399502682312,5.760879855245811,79.51458309461344,50.82149404559892,0.0,0.0,0.0,0.0,0.0,0.0,172.290598290599,86.6057597839993,38.18888888888863,33.45777777777753,24.434939457698658,24.271440849040545,79.03544495091363,78.6509577230876,20,219.50058466681952,194.783901662934,202.16339277148458,219.61111111111111,194.81482801840744,195.87939400325746,200.11306087572729,219.61111111111111,219.46782588096673,197.72238642848825,198.43789419598738,219.70301287304457,180.0,180.0,218.05555555555554,195.9356088477492,187.96314328568002,195.3604033862875,194.21844297192283,193.04023130234944,180.0,180.0,219.67981481481482,198.56272600924677,191.42275951379443,56.72696271594756,56.883413737974244,58.03075303839132,58.08573592357344,3780.0,443.0901276679782,655.8149962508206
0.5115384615384619,14.368055555555554,17.319444444444443,0.22814814814814827,18.795138888888886,110.94680041897493,0.31629629629629635,8.267534395666104,8.952989585286803,9.97315201547067,9.255632511534928,8.754320578625416,5.601327411719143,5.924342730440797,3542.9126653073704,3486.280546854381,729.6435240302728,2.0,1.9850594624656241,2.0,1.985732320699493,0.0,0.0,0.2743055555555555,3.5416666666666665,7.284722222222221,3.5416666666666665,4.451562173443882,8.92232719212441,4.451562173443882,0.45021367521367545,0.030662393162393276,0.030662393162393276,0.0,0.0,0.3373374954327584,4.249999999999999,8.819444444444445,4.249999999999999,4.792131563290891,9.97315201547067,4.792131563290891,0.24479166666666669,0.0,0.0,0.0,0.0,0.22814814814814827,4.604166666666666,9.586805555555554,4.604166666666666,4.377160289312708,8.754320578625416,4.377160289312708,0.2743055555555555,0.0,0.0,0.2916666666666667,0.9722222222222223,13.593324924265945,0.6125,4.62910518949692,4.62910518949692,111.79755949729251,72.84115650745947,110.67628205128347,0.1832264957264958,0.08729187196496563,0.0,0.0,0.0,0.0,0.0,0.0,0.0,0.0,0.0,0.0,0.0,0.0,0.0,0.0,0.31629629629629635,0.0,0.0,3.4357765859534735,3.4357765859534735,72.0405614199607,36.54738809896201,2.4885661444873235,0.34027777777777773,75.87479142173116,44.80170237271694,0.0,0.0,0.0,0.0,0.0,0.0,179.31944444444443,93.71344283650164,35.428888888888565,38.19777777777755,24.540138223925567,23.609170358161695,78.89281143539465,79.99136572644734,21,219.61111111111111,196.69227825468235,198.33188450947338,219.27951388888889,198.80694488899616,197.18701371732254,198.98059459880906,219.3200465300614,219.61111111111111,200.04418961717604,196.58779407965193,219.35988425925925,180.0,180.0,219.61111111111111,195.45846903581926,191.2373457711155,185.99797201326803,189.8532739215648,188.79782672911404,180.0,180.0,219.61111111111111,195.95890888526836,198.43732665764813,46.90059253537854,47.526559678853516,48.58312472621554,48.460671258321945,3960.0,427.4690326710171,666.8391509298162
23.396343895379438,0.2013888888888889,0.3194444444444445,15.037037037037042,0.37847222222222227,124.47200901617002,17.240740740740744,8.590399121199917,9.24340793493175,9.239770945623123,9.26611111111111,8.198125000000001,6.615033905200726,14.396278798558273,3543.7808275368316,3524.4951743112415,733.1235501957843,2.0,1.9998140496001757,2.0,1.9998314551008207,4.158046782822181,7.64250515801084,8.590399121199917,0.0,0.2013888888888889,0.0,0.0,0.020083374331788806,0.0,10.519444444444447,5.065277777777779,7.811621673157213,4.121810900475619,4.121810900475619,8.578116627488626,0.0,0.3194444444444445,0.0,0.5833333333333333,1.5555555555555556,0.5833333333333333,7.1392259230219235,3.562404489591948,3.562404489591948,3.702222222222223,3.702222222222223,7.632592592592595,0.0,0.37847222222222227,0.0,0.0,0.0,0.0,9.26611111111111,4.495902777777777,4.495902777777777,0.6735367862597739,6.4026291280751035,30.391245128004535,6.4034350597965535,0.21240477712562275,0.21240477712562275,122.51168980062144,74.56417569967743,120.75747863248024,2.3819444444444464,1.3325859392453347,0.0,0.0,0.0,0.0,0.0,0.0,0.0,0.0,0.0,0.0,0.0,0.0,0.0,4.231111111111113,8.77851851851852,2.1155555555555563,2.1155555555555563,0.0,0.0,65.41183195012206,27.538658629123617,14.396278798558273,5.752425675148662,91.93005291858204,58.4769638695681,0.0,0.0,0.0,0.0,0.0,0.0,180.0,95.87738871439079,31.548888888888555,41.817777777777536,24.38581188193908,23.6018266360299,79.0466623958999,79.90800723919938,22,219.50037497950078,194.7956712370951,205.83333333333061,219.61111111111111,196.34885834347443,195.56075960677427,199.92613008046095,219.61111111111111,219.46781033977274,197.7171931167989,198.37569396102793,219.7029817906566,180.0,180.0,218.05555555555554,191.23133359026858,187.56911432011051,193.3383305182946,194.47928428755563,191.04316319870375,180.0,180.0,219.67981481481482,198.29549688335314,191.43274170306026,56.72625354066229,56.88445558829514,58.10295825784686,58.00846431552849,4140.0,448.55076271536086,758.4001158985709
20.61834808932255,17.793583528580843,17.319444444444443,0.22814814814814827,18.795138888888886,111.66353739838888,0.31629629629629635,7.985377586521309,8.151793056843145,10.555591469944419,9.4648407763413,8.933153774904822,1.7557162774516937,9.311856398744924,3535.2049707407855,3524.6726704985426,729.311332234947,2.0,1.9825689585106183,2.0,1.982921692859816,0.00347222222222221,18.778438024513477,0.3958333333333333,3.5416666666666665,10.71025019524751,3.5416666666666665,4.047877586521309,8.11765844145853,4.047877586521309,0.45021367521367545,0.030662393162393276,20.13747202094648,0.0,0.0,0.33765414471959626,4.249999999999999,8.819444444444445,4.249999999999999,5.083351290527765,10.555591469944419,5.083351290527765,0.01270830618765989,0.0,0.0,0.0,0.0,0.22814814814814827,4.604166666666666,9.586805555555554,4.604166666666666,4.4648407763413,8.9296815526826,4.4648407763413,0.3958333333333333,0.00347222222222221,0.00347222222222221,0.24305555555555552,0.875,34.976807258971945,0.5881944444444445,0.8807162774516937,0.8807162774516937,142.44751509221274,89.39777876904652,111.39423076923258,0.1832264957264958,0.08608013342979631,0.0,0.0,0.0,0.0,0.0,0.0,0.0,0.0,0.0,0.0,0.0,0.0,0.0,0.0,0.31629629629629635,0.0,0.0,3.4776369663502966,3.4776369663502966,79.69668042888568,39.44350710788748,5.834219432394628,0.34027777777777773,88.5762047437076,52.74311569469398,0.0,0.0,0.0,0.0,0.0,0.0,179.31944444444443,89.6933523215616,28.78888888888856,46.55777777777756,24.55448157056148,23.890968428610456,78.83902261343958,79.5776626749033,23,219.61111111111111,197.2805264288951,212.78172641616266,219.22222222222223,199.24594770461795,197.6789768027811,198.95973677748938,219.4359298856575,219.61111111111111,200.04258183884502,196.4667589356185,219.3025925925926,180.0,180.0,219.61111111111111,195.42640215117027,190.80544654141377,186.92594829708284,189.81954692851568,189.76018911820637,180.0,180.0,219.61111111111111,195.60142904012767,198.40531387630338,45.272471987128235,45.96696971951839,48.64142336496699,48.032029396006486,4320.0,425.12949383080587,805.3395141668727
50.8260403970149,31.68801418176011,0.3194444444444445,15.037037037037042,0.37847222222222227,117.53665146131942,17.240740740740744,8.469431612648291,9.125207983991476,9.239912157075185,9.144583333333333,8.080069444444446,4.074510250071625,17.373940154674205,3540.79865838756,3532.102709555974,730.6186233587262,2.0,1.9992551718726688,2.0,1.999324117799042,4.040271361879701,31.807574171759704,8.469431612648291,0.0,31.68801418176011,0.0,0.0,0.019658844333997505,0.0,10.519444444444447,5.065277777777779,35.241318174792674,4.1219913897712415,4.1219913897712415,8.581905533126935,0.0,0.3194444444444445,0.0,0.5833333333333333,1.5555555555555556,0.5833333333333333,7.124730423496777,3.5623652117483884,3.5623652117483884,3.702222222222223,3.702222222222223,7.632592592592595,0.0,0.37847222222222227,0.0,0.0,0.0,0.0,9.144583333333333,4.377847222222222,4.377847222222222,0.0,4.074510250071625,48.93434228377258,4.071405340295685,0.0,0.0,146.38903138043207,85.51485061282152,116.80876068376267,0.04861111111111227,0.6792796664456429,0.0,0.0,0.0,0.0,0.0,0.0,0.0,0.0,0.0,0.43212727898454273,0.0,0.0,0.0,4.231111111111113,8.77851851851852,2.1155555555555563,2.1155555555555563,0.0,0.0,73.0683301077697,30.43515678677177,17.373940154674205,5.75503290281359,104.53946825761066,66.32637920859725,0.0,0.0,0.0,0.0,0.0,0.0,180.0,89.50587598352698,24.90888888888856,50.17777777777754,24.431024873793493,23.83309303378232,78.94531987326926,79.52303525053526,24,219.50058724449968,194.94970523054644,219.9999999999973,219.61111111111111,196.47275921164572,196.45042422334976,200.00129853786342,219.61111111111111,219.46436921296296,197.6660447083415,198.18483347366293,219.69609953703704,180.0,180.0,218.05555555555554,188.83757717096077,191.18736320179377,195.66014362533602,194.42822744755924,193.9948205236957,180.0,180.0,219.67981481481482,198.0995029663933,191.3602158325631,55.08317035040475,55.318137480496006,58.1036032223015,58.00107407345486,4500.0,450.7588309960273,915.9757601994387
50.826040397014836,60.02134751509347,17.319444444444443,0.22814814814814827,18.795138888888886,107.71481845380595,0.31629629629629635,8.328010847895035,9.074373160586298,9.183471185887877,9.353319589037373,8.949694733630302,0.9722222222222223,10.096391135792336,3533.232311164818,3499.235484957609,725.4389296680338,2.0,1.9825664395437053,2.0,1.9833868655764728,0.0,45.62332058002898,0.2743055555555555,3.5416666666666665,52.93801418176014,3.5416666666666665,4.512038625672813,9.043710767423905,4.512038625672813,0.45021367521367545,0.030662393162393276,50.34516432863877,0.0,0.0,0.3380757245707831,4.249999999999999,8.819444444444445,4.249999999999999,4.397291148499494,9.183471185887877,4.397291148499494,0.0,0.0,0.0,0.0,0.0,0.22814814814814827,4.604166666666666,9.586805555555554,4.604166666666666,4.474847366815151,8.949694733630302,4.474847366815151,0.2743055555555555,0.0,0.0,0.2916666666666667,0.9722222222222223,52.872921476086326,0.6125,0.0,0.0,160.5134758248765,94.53707283504376,107.445512820515,0.1832264957264958,0.0860791375644438,0.0,0.0,0.0,0.0,0.0,0.0,0.0,0.0,0.0,0.0,0.0,0.0,0.0,0.0,0.31629629629629635,0.0,0.0,3.4676297050575347,3.4676297050575347,87.31664383650521,42.30347051550752,6.6287614307348015,0.34027777777777773,100.63984024329231,60.046751194279,0.0,0.0,0.0,0.0,0.0,0.0,179.31944444444443,88.4718266539219,22.148888888888568,47.41777777777748,24.637498055742956,24.189367093717465,78.67059245834965,79.020787289283,25,219.61111111111111,197.27952803324234,219.9999999999973,219.27951388888889,199.26065488734605,197.75363208555862,199.00463145298687,219.49728118568822,219.61111111111111,200.17051197615584,196.57053596008382,219.35988425925925,180.0,180.0,219.61111111111111,196.36085786716257,191.22222222221993,188.73858624905282,189.8354622148708,191.56191761806932,180.0,180.0,219.61111111111111,196.4271688012724,198.53089374979592,45.26942052792436,45.952987602787076,48.64379114671067,48.48494626972952,4680.0,436.3256989960491,969.687335961427
81.0337327047071,74.18801418176004,0.3194444444444445,15.037037037037042,0.37847222222222227,113.58793351217845,17.240740740740744,7.465437646023936,8.62115176905154,9.185412666975912,9.144583333333333,8.080069444444446,4.160508803419373,15.110533647339784,3539.042425955165,3499.9225263645217,728.1049923508277,2.0,1.9992551810399042,2.0,1.999324187870658,3.5382743785675235,57.97526791277403,7.465437646023936,0.0,74.18801418176004,0.0,0.0,0.017599612706237944,0.0,10.519444444444447,5.065277777777779,65.44901048248488,4.067685229230867,4.067685229230867,8.46892609063697,0.0,0.3194444444444445,0.0,0.5833333333333333,1.5555555555555556,0.5833333333333333,7.12434376437898,3.56217188218949,3.56217188218949,3.702222222222223,3.702222222222223,7.632592592592595,0.0,0.37847222222222227,0.0,0.0,0.0,0.0,9.144583333333333,4.377847222222222,4.377847222222222,0.0,4.160508803419373,66.81781143533864,4.092904978632621,0.0,0.0,162.58236471376532,88.78151727948823,112.8600427350451,0.04861111111111227,0.6792796660222334,0.0,0.0,0.0,0.0,0.0,0.0,0.0,0.0,0.0,6.137987378196036,0.0,5.270732300796699,0.0,4.231111111111113,8.77851851851852,2.1155555555555563,2.1155555555555563,0.0,0.0,80.65681524854368,33.263641927546296,15.110533647339784,4.728587735043019,115.83861663077674,72.86552758176344,0.0,0.0,0.0,0.0,0.0,0.0,180.0,95.77451216299934,18.268888888888565,43.53777777777738,24.55190462282192,24.274361850476655,78.7105772506575,78.65038573625174,26,219.50161686031356,194.95223346493307,219.9999999999973,219.61111111111111,195.05273259856435,196.8619026019519,199.94437171708955,219.61111111111111,219.46436921296296,197.84432510592026,198.35634850916983,219.69609953703704,180.0,180.0,218.05555555555554,188.84859673468395,193.19907115929513,196.18112408923264,194.5979770645397,201.2710433727008,180.0,180.0,219.67981481481482,198.43278316895564,191.67695555064344,55.08320165123535,55.318529701015116,58.10400857068711,58.085455248235526,4860.0,473.04127015213936,1082.5649881316683
81.03373270470729,102.52134751509315,17.319444444444443,0.22814814814814827,18.795138888888886,103.76610050508837,0.31629629629629635,8.179653877421028,8.535791298749896,9.082171220405593,9.448223101677941,8.899918425578104,0.0,7.071614371571277,3531.416279223363,3485.897319739714,722.7451930820735,2.0,1.9825688769438845,2.0,1.9833742664312293,0.00347222222222221,72.01916162270803,0.3958333333333333,3.5416666666666665,95.43801418175981,3.5416666666666665,4.242153877421028,8.501656683365281,4.242153877421028,0.45021367521367545,0.030662393162393276,80.55285663633123,0.0,0.0,0.3327765668728911,4.249999999999999,8.819444444444445,4.249999999999999,4.346641165758352,9.082171220405593,4.346641165758352,0.0,0.0,0.0,0.0,0.0,0.22814814814814827,4.604166666666666,9.586805555555554,4.604166666666666,4.448223101677941,8.896446203355882,4.448223101677941,0.3958333333333333,0.00347222222222221,0.00347222222222221,0.0,0.0,70.47455327404471,0.3694444444444444,0.0,0.0,176.70680915820975,97.80373950171047,103.49679487179743,0.1832264957264958,0.08607913756444341,0.0,0.0,0.0,0.0,0.0,0.0,0.0,0.0,0.0,0.07861925881944498,0.0,1.053382051200524,0.0,0.0,0.31629629629629635,0.0,0.0,3.4343865740740744,3.4343865740740744,94.83566476418426,45.0624914431871,3.6372277974972023,0.0,111.75695683498263,66.40386778596928,0.0,0.0,0.0,0.0,0.0,0.0,179.31944444444443,94.72318067410242,15.508888888888562,48.2777777777774,24.79708100334787,23.63238624129359,78.36733156578029,79.97395827896109,27,219.61111111111111,197.28137923093917,219.9999999999973,219.22222222222223,199.37029781905332,197.7599168743265,199.06266150669623,219.50149453636448,219.61111111111111,200.2556224058179,196.663828872132,219.3025925925926,180.0,180.0,219.61111111111111,195.53135578223254,191.22222222221978,188.836444947788,188.01652139881588,188.5544444444397,180.0,180.0,219.61111111111111,197.1415504609403,198.5265322857169,45.269507685167824,45.96056772329675,48.646010877757995,48.459684273666646,5040.0,462.65280212868174,1124.7400698848203
100.25307031154492,109.18801418175975,0.06944444444444448,9.592592592592592,0.1076388888888889,99.48187719933952,11.018518518518519,7.066510459759446,6.624280870905364,7.606347279586137,7.797361111111112,6.127569444444445,6.47933462332529,7.877395119173952,3297.581287156123,3291.7612009535605,695.0295094952144,2.0,1.9998395788374965,2.0,1.9998569863627422,3.366588563213056,83.9440721337088,7.066510459759446,0.0,109.18801418175975,0.0,0.0,0.0,0.0,6.669444444444447,3.257692307692309,90.32593355940816,2.9801516991533648,2.9801516991533648,6.102001242050467,0.0,0.06944444444444448,0.0,0.5833333333333333,1.5555555555555556,0.5833333333333333,6.141280049754434,3.070640024877217,3.070640024877217,2.3955555555555557,2.3955555555555557,4.801481481481481,0.0,0.1076388888888889,0.0,0.0,0.0,0.0,7.797361111111112,3.732013888888889,3.732013888888889,0.9063339783293121,6.47933462332529,75.61193955554445,3.389278100275768,0.0,0.0,165.9295320366057,78.98151727948824,99.03952991453244,0.0,0.4423472848070828,0.0,0.0,0.0,0.0,0.0,0.0,0.0,0.0,0.0,6.690293149569878,0.0,4.5800980659713435,0.0,2.7377777777777776,5.542962962962963,1.3688888888888888,1.3688888888888888,0.0,0.0,76.9380113526165,25.62483803161946,7.877395119173952,2.9166666666666665,116.23533199873512,69.34224294972198,0.0,0.0,0.0,0.0,0.0,0.0,180.0,87.84250210318754,17.6355555555552,50.404444444444024,22.498260984729235,22.397148625790983,80.21721565953885,79.80155332070083,28,219.65630985301254,203.39008995609555,219.9999999999973,219.69456415046957,198.49677076532527,198.31210406436205,206.43526035701404,219.61111111111111,219.57013310185187,202.69482809886279,204.45688137522532,219.63679398148147,180.0,180.0,218.05555555555554,192.70108417925135,193.9981765227932,198.1225459821585,196.1841038481615,191.66608117874213,180.0,180.0,219.9500925925926,200.35073615157387,198.31150021440055,57.004530317351126,57.174708199771295,58.1233424125994,58.03816445152478,5220.0,444.86104557065676,1107.919616052391
94.76824125171566,116.78517460896781,5.0,0.0,5.416666666666668,62.93269230769507,0.0,4.112517532097392,6.141701730861451,9.720912562618443,5.22411706041686,7.739900787500385,0.0,4.01783834146665,2642.6067922888637,2655.3265392307294,571.745621433788,2.0,1.9918344545319915,2.0,1.9919300930001633,0.0,94.33828874290919,0.0,1.0416666666666667,114.70184127563446,1.0416666666666667,3.0708508654307254,6.141701730861451,3.0708508654307254,0.0,0.0,94.76824125171566,0.0,0.0,0.0,1.25,2.5,1.25,4.666011836864778,9.720912562618443,4.666011836864778,0.0,0.0,0.0,0.0,0.0,0.0,1.354166666666667,2.708333333333334,1.354166666666667,3.8699503937501927,7.739900787500385,3.8699503937501927,0.0,0.0,0.0,0.0,0.0,42.96932373320768,0.0,0.0,0.0,156.518420925495,68.87040616837709,62.93269230769507,0.0,0.0,0.0,0.0,0.0,0.0,0.0,0.0,0.0,0.0,0.0,0.0,0.0,0.0,0.0,0.0,0.0,0.0,0.0,1.4689512734678103,1.4689512734678103,67.20543033812051,15.192257017123389,2.5488870679988396,0.6694036307459881,94.36987165260805,46.7767826035949,0.0,0.0,0.0,0.0,0.0,0.0,178.605234855367,48.55205195168639,9.64888888888851,42.417777777777204,18.168524182956237,18.511690589643095,81.39567947870086,80.45407394132837,29,219.82638888888889,212.95404741933203,219.2638270938719,219.78979700854703,207.8669775980706,207.10129832689543,208.7971009254422,219.83735118832024,219.82638888888889,211.39736717394592,210.3345157422289,219.82245370370373,180.0,180.0,219.8903009259259,206.4592790997787,193.0048590151698,196.8071753337767,200.96873630012664,202.9512135206729,180.0,180.0,219.61111111111111,203.64113567754325,208.98680544239542,52.07248902781651,52.48301412218787,50.10850024412201,49.84065055388717,5400.0,338.1724928770251,924.1158905352331
99.51186896535519,82.39350794230148,0.0,4.355555555555557,0.0,48.603632478635284,4.977777777777778,3.3089915398465326,3.135265000692497,3.7772656413625945,2.903493130921509,2.5406354543496437,1.4792553190838282,8.563207516415392,2167.880047455532,2158.0616747212657,426.95866608531446,2.0,1.9999837113099275,2.0,1.9999852274487004,1.6544957699232663,96.97546743859276,3.3089915398465326,0.0,82.39350794230148,0.0,0.0,0.0,0.0,2.961538461538462,1.480769230769231,95.0695612730475,1.6644063516629626,1.6644063516629626,3.328812703325925,0.0,0.0,0.0,0.11499840127422173,0.6188856914373324,0.11499840127422173,2.9879471965245985,1.4939735982622993,1.4939735982622993,1.0888888888888892,1.0888888888888892,2.1777777777777785,0.0,0.0,0.0,0.0,0.0,0.0,2.903493130921509,1.4517465654607544,1.4517465654607544,0.0,1.4792553190838282,27.923640520187888,0.9531471631042916,0.0,0.0,132.26531909862553,43.91730434150733,48.603632478635284,0.0,0.0,0.0,0.0,0.0,0.0,0.0,0.0,0.0,0.0,0.0,0.0,0.0,0.0,0.0,1.2444444444444445,2.488888888888889,0.6222222222222222,0.6222222222222222,0.0,0.0,32.367647112848005,0.0,8.563207516415392,4.206950980429919,88.11160704206777,39.818517993054655,0.0,0.0,0.0,0.0,0.0,0.0,171.96741434254648,25.215401062741726,3.8888888888888884,15.205584902961222,13.134142906685605,13.201104117711138,87.53453206768039,87.07312348409216,30,219.86157852564105,211.92906916364416,200.16666666666376,219.89676816239316,206.794171416903,206.8055445462875,211.47601848411196,219.61111111111111,219.88715277777777,209.67239341520266,211.79051464883136,220.0,180.0,180.0,218.05555555555554,208.40488815196926,197.708938447281,202.88740738243575,206.34272760853602,207.31983023216813,180.0,180.0,219.93078202902421,206.14902159387916,207.54867895695483,59.03222132752117,59.078348175865536,58.75918253003622,58.781121200365284,5580.0,323.2389382434503,740.6772831108423
74.69883654545723,69.86295238674609,5.0,0.0,5.416666666666668,14.830128205130993,0.0,2.6109377698591505,3.138542206384968,5.561521574865592,3.8824781096277685,5.056622885922203,3.1743055555555513,1.7814325733665055,2058.954396997134,1679.235775556945,332.0562261224362,2.0,1.9955478856790267,2.0,1.9959044708484446,0.0,78.79872775127461,0.0,1.0416666666666667,67.77961905341274,1.0416666666666667,1.569271103192484,3.138542206384968,1.569271103192484,0.0,0.0,74.69883654545723,0.0,0.0,0.0,1.25,2.5,1.25,2.5863163429883516,5.561521574865592,2.5863163429883516,0.0,0.0,0.0,0.0,0.0,0.0,1.354166666666667,2.708333333333334,1.354166666666667,2.5283114429611016,5.056622885922203,2.5283114429611016,0.0,0.0,0.0,0.0,0.0,0.0,0.0,3.1743055555555513,3.1743055555555513,134.0370243497031,44.989009592584466,14.830128205130993,0.0,0.0,0.0,0.0,0.0,0.0,0.0,0.0,0.0,0.0,0.0,0.0,0.0,0.0,0.0,0.0,0.0,0.0,0.0,1.63212701781095,1.63212701781095,22.84574513193616,4.08212701781095,0.14930555555555552,0.0,56.881769843722665,7.888680794709488,0.0,0.0,0.0,0.0,0.0,0.0,158.05209313003786,0.6279118332587793,2.4370370370370367,2.4370370370370367,11.846114349384129,9.256878379161195,90.50520441661104,94.05564898500756,31,219.8134259259259,211.7912890962505,183.74131172006537,219.78331552706553,211.32874684692115,211.68328228638865,212.42916271479916,219.8730027876232,219.8134259259259,213.1452091928983,212.6433889992222,219.81597222222223,180.0,180.0,219.78056322860283,211.38202629158988,192.21481499523426,197.64825751010918,208.06497325630005,199.28578050067202,180.0,180.0,219.61111111111111,208.08683617845585,212.22962718402522,56.14905642002828,56.252875335712766,51.4665875445678,52.22325292544463,5760.0,311.5198593976114,556.2183234334876
68.82997970785046,30.668507942301794,0.0,4.355555555555557,0.0,1.7051282051282064,4.977777777777778,2.8590680721453947,2.9103032668419284,3.62519556220851,3.1812197487290264,2.6794987632534024,1.9399717947806783,7.617089283471484,1954.1922672941787,1399.8119544415556,284.45361857675186,2.0,1.999983913446113,2.0,1.9999869933155323,1.4295340360726974,69.23918193914251,2.8590680721453947,0.0,30.668507942301794,0.0,0.0,0.0,0.0,2.961538461538462,1.480769230769231,64.38767201554276,1.4153940788939772,1.4153940788939772,2.8307881577879543,0.0,0.0,0.0,0.1175322252256849,0.6239533393402588,0.1175322252256849,3.1716962879485484,1.5858481439742742,1.5858481439742742,1.0888888888888892,1.0888888888888892,2.1777777777777785,0.0,0.0,0.0,0.0,0.0,0.0,3.1812197487290264,1.5906098743645132,1.5906098743645132,0.0,0.39656901700296987,0.9158089209174103,0.6824755875840764,1.5434027777777084,1.5434027777777084,124.70968253079725,34.96166777367843,1.7051282051282064,0.0,0.0,0.0,0.0,0.0,0.0,0.0,0.0,0.0,0.0,0.0,0.0,0.0,0.0,0.0,1.2444444444444445,2.488888888888889,0.6222222222222222,0.6222222222222222,0.0,0.0,0.0,0.0,7.617089283471484,3.7338918639579632,48.57422005369254,4.316945931978982,0.0,0.0,0.0,0.0,0.0,0.0,134.1658893831905,3.342948717948718,0.5017300528000801,0.4628411639111912,10.742664169291235,7.504930287920626,93.01785034459195,95.14512450024408,32,219.86285348223825,212.88531691789657,198.3194444444412,219.89931807558762,208.0414899690401,209.04869941047338,212.6259615070524,219.61111111111111,219.80180194460272,211.24559576033676,212.31505954072725,219.8292983336499,180.0,180.0,218.05555555555554,209.49233686865105,195.44149883647273,199.87049514084177,208.38390504669627,202.66438719698377,180.0,180.0,219.9746021412037,207.58523004555866,208.9302346147055,59.037434105574484,59.12533426046902,58.77188675536196,58.97853673036289,5940.0,293.70437000224484,432.2863159333336
33.148293748979206,17.22406349785737,5.0,0.0,5.416666666666668,0.0,0.0,2.584446243269193,3.085559153205053,7.049880277917315,3.7683226084429964,4.828311883552659,4.1799054794358135,1.7169949543728835,1962.6684974228097,1339.4217347006343,241.31063913668189,2.0,1.9957240481215741,2.0,1.9969507065045287,0.0,39.78644367480353,0.0,1.0416666666666667,15.140730164524033,1.0416666666666667,1.5427795766025265,3.085559153205053,1.5427795766025265,0.0,0.0,33.148293748979206,0.0,0.0,0.0,1.25,2.5,1.25,3.3304956945142132,7.049880277917315,3.3304956945142132,0.0,0.0,0.0,0.0,0.0,0.0,1.354166666666667,2.708333333333334,1.354166666666667,2.4141559417763294,4.828311883552659,2.4141559417763294,0.0,0.0,0.0,0.0,0.0,0.0,0.0,4.1799054794358135,4.1799054794358135,127.42639356578879,36.978378808669795,0.0,0.0,0.0,0.0,0.0,0.0,0.0,0.0,0.0,0.0,0.0,0.0,0.0,0.0,0.0,0.0,0.0,0.0,0.0,0.0,1.567689398817328,1.567689398817328,4.251022732150661,4.0176893988173275,0.14930555555555552,0.0,18.11768454926499,0.0,0.0,0.0,0.0,0.0,0.0,0.0,95.13176983170969,0.6194416349897226,2.4370370370370367,0.7811342592592594,10.982889770670292,6.845089004551227,92.34976459285807,98.56309640742506,33,219.8134259259259,212.00688608476622,172.35624999999686,219.78331552706553,212.04763817127193,212.36686592116192,212.73683716017337,219.88637958656156,219.8134259259259,213.15445262537673,212.53311676222924,219.81597222222223,180.0,180.0,219.92030305605343,211.39677402507562,205.006109808638,206.7206195719321,208.61443916971587,208.17962220531302,180.0,180.0,219.61111111111111,208.5588607867713,212.67372163052417,56.63057849300034,56.79059249633174,51.45633631594967,53.00694622104798,6120.0,253.97342544951445,332.5497456955213
20.555313180865433,0.0,0.0,4.355555555555557,0.0,8.076923076923078,4.977777777777778,2.0901662239972443,2.525852342767853,2.9864439446973563,2.344401163993349,2.2610894708855636,3.8557092953269745,3.385935428203987,1822.3590631590575,1372.9681552755465,213.28577499142273,2.0,2.0,2.0,2.0,1.0450831119986221,22.816477893697893,2.0901662239972443,0.0,0.0,0.0,0.0,0.0,0.0,2.961538461538462,1.480769230769231,16.11300548855774,1.3936384526467178,1.3936384526467178,2.7872769052934356,0.0,0.0,0.0,0.0,0.0,0.0,3.185610984101277,1.5928054920506385,1.5928054920506385,1.0888888888888892,1.0888888888888892,2.1777777777777785,0.0,0.0,0.0,0.0,0.0,0.0,2.344401163993349,1.1722005819966745,1.1722005819966745,1.393132425441265,2.78626485088253,3.2632328793873,3.0298995460539664,1.0694444444444444,1.0694444444444444,115.56556916247527,24.41755440535621,4.038461538461539,2.0192307692307696,1.0096153846153848,1.0096153846153848,0.0,0.0,0.0,0.0,0.0,0.0,0.0,0.0,0.0,0.0,0.0,0.0,1.2444444444444445,2.488888888888889,0.6222222222222222,0.6222222222222222,0.0,0.0,0.0,0.0,3.385935428203987,1.6929677141019934,7.613262186414649,3.2964838570509967,0.0,0.0,0.0,0.0,0.0,0.0,72.43931967164976,2.3333333333333335,0.5017100022007247,0.4628211133118359,9.865622165703497,7.327951693162386,94.13978946320933,95.56588056591039,34,219.86285348223825,212.99227069307005,203.9892525389821,219.89931807558762,209.79074724583825,210.6178367973849,212.71386808176223,219.86401353276352,219.82780671296297,211.677026013687,212.43761287867565,219.88130787037036,180.0,180.0,219.61111111111111,212.8775702573596,201.4728429135934,201.6354709305106,208.59703592257227,204.33310211972042,180.0,180.0,219.9746021412037,207.57262414683578,208.8023345116264,59.518891206936516,59.557407056779645,58.737716716727675,58.97866970553399,6300.0,215.55288666613234,249.13506627184879
0.0,4.166666666666667,5.0,0.0,5.416666666666668,0.0,0.0,2.3358680242939944,2.5884027152546554,6.796775694664026,3.769811388491863,4.831289443650392,3.1276103464984084,1.5376750062834628,1737.3185862238001,1375.0012218484978,172.56645714804063,2.0,1.9959337085918647,2.0,1.9969137370679904,0.0,0.0,0.0,1.0416666666666667,2.0833333333333335,1.0416666666666667,1.2942013576273277,2.5884027152546554,1.2942013576273277,0.0,0.0,0.0,0.0,0.0,0.0,1.25,2.5,1.25,3.398387847332013,6.796775694664026,3.398387847332013,0.0,0.0,0.0,0.0,0.0,0.0,1.354166666666667,2.708333333333334,1.354166666666667,2.415644721825196,4.831289443650392,2.415644721825196,0.0,0.0,0.0,0.0,0.0,0.0,0.0,3.1276103464984084,3.1276103464984084,113.09031081867154,21.242296061552516,0.0,0.0,0.0,0.0,0.0,0.0,0.0,0.0,0.0,0.0,0.0,0.0,0.0,0.0,0.0,0.0,0.0,0.0,0.0,0.0,1.5376750062834628,1.5376750062834628,4.221008339616796,3.9876750062834625,0.0,0.0,0.0,0.0,0.0,0.0,0.0,0.0,0.0,0.0,39.8486998466773,0.6191683777233068,0.719738081102438,0.680849192213549,9.331172556012673,7.041098580835276,94.97650275541363,98.41880393160623,35,219.91392004985755,211.7742384171221,209.6478873003124,219.83356258903135,213.3761284006635,213.44840304171157,212.89297263001538,219.88535915278365,219.91392004985755,213.5457228545707,212.98871416925593,219.86621928418805,180.0,180.0,219.92133772742125,210.89256453427845,203.41230926294136,206.05634736046116,208.5484054700947,207.5984451782868,180.0,180.0,219.85069444444446,210.2538650142198,212.76086618372213,57.11199775353497,57.24544553535863,51.43925829790782,52.675142494892285,6480.0,171.38162329746206,194.88812997215953
5.923076923076924,0.0,0.0,4.355555555555557,0.0,8.076923076923078,4.977777777777778,2.013382320544844,2.487460391041653,2.9130036351849204,2.423596734750601,2.30068725626419,2.7461586543989482,4.184607320091374,1721.3210065299088,1154.816500762736,146.0369164082404,2.0,2.0,2.0,2.0,1.006691160272422,1.006691160272422,2.013382320544844,0.0,0.0,0.0,0.0,0.0,0.0,2.961538461538462,1.480769230769231,1.480769230769231,1.2941359140630504,1.2941359140630504,2.588271828126101,0.0,0.0,0.0,0.0,0.0,0.0,3.2377354422437397,1.6188677211218698,1.6188677211218698,1.0888888888888892,1.0888888888888892,2.1777777777777785,0.0,0.0,0.0,0.0,0.0,0.0,2.423596734750601,1.2117983673753006,1.2117983673753006,1.3730793271994741,2.7461586543989482,3.2532063302664045,3.019872996933071,0.0,0.0,75.5632927361781,0.0,4.038461538461539,2.0192307692307696,1.0096153846153848,1.0096153846153848,0.0,0.0,0.0,0.0,0.0,0.0,0.0,0.0,0.0,0.0,0.0,0.0,1.2444444444444445,2.488888888888889,0.6222222222222222,0.6222222222222222,0.0,0.0,0.0,0.0,4.184607320091374,2.0497955817452924,3.70823112420598,3.474897790872646,0.0,0.0,0.0,0.0,0.0,0.0,23.381464984841113,0.4836522707533951,0.4980179398148148,0.459129050925926,9.225919833411156,5.925911686826987,94.99225481426271,98.31044791522322,36,219.86285348223825,212.96735464786906,213.24345421517089,219.89931807558762,210.0937747128855,211.04824564869054,212.77417616916523,219.7798789173789,219.85336009837962,211.62327616433618,212.2554165276269,219.9324146412037,180.0,180.0,219.96086997304346,213.33605943237205,212.86622383393464,205.90397302973673,208.5872889425573,208.64968389323963,180.0,180.0,219.9746021412037,207.4456308542679,208.68709184957723,59.51861074206105,59.526139541574665,58.75787967342683,59.29243142294516,6660.0,162.1346662843006,143.2324478465552
0.0,4.166666666666667,5.0,0.0,5.416666666666668,0.0,0.0,2.351077718996116,2.618822104658898,3.847428633201464,3.4349472268473833,4.161561120361433,1.2809726695017611,1.5159032768922223,1645.4496155067122,1107.3100603638368,115.98450366979789,2.0,1.9959470026740238,2.0,1.9988548753630355,0.0,0.0,0.0,1.0416666666666667,2.0833333333333335,1.0416666666666667,1.309411052329449,2.618822104658898,1.309411052329449,0.0,0.0,0.0,0.0,0.0,0.0,1.25,2.5,1.25,1.923714316600732,3.847428633201464,1.923714316600732,0.0,0.0,0.0,0.0,0.0,0.0,1.354166666666667,2.708333333333334,1.354166666666667,2.0807805601807163,4.161561120361433,2.0807805601807163,0.0,0.0,0.0,0.0,0.0,0.0,0.0,1.2809726695017611,1.2809726695017611,57.68459811308241,3.225417113946206,0.0,0.0,0.0,0.0,0.0,0.0,0.0,0.0,0.0,0.0,0.0,0.0,0.0,0.0,0.0,0.0,0.0,0.0,0.0,0.0,1.5159032768922223,1.5159032768922223,4.199236610225555,3.9659032768922216,0.0,0.0,0.0,0.0,0.0,0.0,0.0,0.0,0.0,0.0,0.6587235873110073,0.6198346984221185,0.5855586820857819,0.5466697931968929,8.579685523796694,5.64336851021034,96.95240826266752,98.59951387456562,37,219.80046296296297,211.79041422810477,212.8517984725599,219.77683404558405,213.12554486974742,213.23459387680194,212.87406866101975,219.8876131169357,219.80046296296297,213.59587932901653,213.30757159814831,219.80949074074076,180.0,180.0,219.92131170593984,210.86409017224653,209.93298311447043,207.87907258244923,209.14220354850625,209.0909407042587,180.0,180.0,219.9135523086939,211.74108265687394,212.74661678824143,57.112417865857225,57.275097286947855,51.452686978503664,55.81763380405395,6840.0,145.76278716296625,110.50786405671128
5.923076923076924,0.0,0.0,4.355555555555557,0.0,8.076923076923078,4.977777777777778,2.2209464782865713,2.5912424699125167,2.9358203233840614,2.6396560583582316,2.408716918068005,2.751532882783874,3.4885779191334283,1460.002845860859,1080.5419468130174,111.75529372409365,2.0,2.0,2.0,2.0,1.1104732391432857,1.1104732391432857,2.2209464782865713,0.0,0.0,0.0,0.0,0.0,0.0,2.961538461538462,1.480769230769231,1.480769230769231,1.314967451824245,1.314967451824245,2.62993490364849,0.0,0.0,0.0,0.0,0.0,0.0,3.241705743119633,1.6208528715598165,1.6208528715598165,1.0888888888888892,1.0888888888888892,2.1777777777777785,0.0,0.0,0.0,0.0,0.0,0.0,2.6396560583582316,1.3198280291791158,1.3198280291791158,1.375766441391937,2.751532882783874,3.254549887362636,3.0212165540293023,0.0,0.0,19.37236784675763,0.0,4.038461538461539,2.0192307692307696,1.0096153846153848,1.0096153846153848,0.0,0.0,0.0,0.0,0.0,0.0,0.0,0.0,0.0,0.0,0.0,0.0,1.2444444444444445,2.488888888888889,0.6222222222222222,0.6222222222222222,0.0,0.0,0.0,0.0,3.4885779191334283,1.7442889595667141,3.55547781311669,3.3221444797833573,0.0,0.0,0.0,0.0,0.0,0.0,3.8888888888888884,0.4847485443997236,0.5016337632350054,0.4627448743461165,7.8049290011945125,5.497230705458478,95.35375180802421,98.93387488486327,38,219.86461672008548,213.041858042417,213.73846936256564,219.90284455128204,211.6842922996498,212.33043435989063,212.92092462963004,219.86401353276352,219.84591591175501,212.30055008953104,212.76441318088828,219.91752626795446,180.0,180.0,219.9610031314907,213.17794680375144,212.94007106219695,207.63533147320354,209.40058191741218,209.61396166171252,180.0,180.0,219.9709863177835,210.43402980893472,210.77099745943252,59.53263488405641,59.52878858865227,58.93236738241675,59.33154679459413,7020.0,148.74388398537076,86.68374248408476
0.0,4.166666666666667,5.0,0.0,5.416666666666668,0.0,0.0,2.3897777464776233,2.6962221596219136,3.330614965508976,3.2219174545860056,3.735501575838678,1.1576684947030502,1.3889975100164411,1431.207815099947,1101.9254375132364,106.03365018438528,2.0,1.9969171624058892,2.0,1.9988636009527347,0.0,0.0,0.0,1.0416666666666667,2.0833333333333335,1.0416666666666667,1.3481110798109568,2.6962221596219136,1.3481110798109568,0.0,0.0,0.0,0.0,0.0,0.0,1.25,2.5,1.25,1.665307482754488,3.330614965508976,1.665307482754488,0.0,0.0,0.0,0.0,0.0,0.0,1.354166666666667,2.708333333333334,1.354166666666667,1.867750787919339,3.735501575838678,1.867750787919339,0.0,0.0,0.0,0.0,0.0,0.0,0.0,1.1576684947030502,1.1576684947030502,3.29655738359194,3.1021129391474953,0.0,0.0,0.0,0.0,0.0,0.0,0.0,0.0,0.0,0.0,0.0,0.0,0.0,0.0,0.0,0.0,0.0,0.0,0.0,0.0,1.3889975100164411,1.3889975100164411,4.072330843349774,3.83899751001644,0.0,0.0,0.0,0.0,0.0,0.0,0.0,0.0,0.0,0.0,0.6492237713330928,0.6103348824442039,0.5855586820857817,0.5466697931968928,7.35759528611767,5.614654777361178,98.01714670849921,98.62693120940362,39,219.86203703703703,211.8773052746705,213.0053037998706,219.8076210826211,213.03435965265257,212.73926159222756,213.09284694722209,219.95008680555557,219.86203703703703,213.50954354139353,213.37178086889912,219.8402777777778,180.0,180.0,219.92223886908175,211.1635766101829,209.9349386580528,208.28002069197174,209.5674180032266,209.2404890155422,180.0,180.0,219.9135523086939,212.46844266935813,213.06508985049356,57.11397598774784,57.27485993729299,52.716662654109236,55.83979713330525,7200.0,141.10978131781002,53.511341420817104
5.923076923076924,0.0,0.0,4.355555555555557,0.0,8.076923076923078,4.977777777777778,2.3640582029700457,2.662798332254254,2.8976548674150635,2.739461074494618,2.458619426136198,2.6854073630535646,3.43443352135857,1140.3255777718362,1077.9748518793876,92.30409148390093,2.0,2.0,2.0,2.0,1.1820291014850228,1.1820291014850228,2.3640582029700457,0.0,0.0,0.0,0.0,0.0,0.0,2.961538461538462,1.480769230769231,1.480769230769231,1.3031570079269668,1.3031570079269668,2.6063140158539335,0.0,0.0,0.0,0.0,0.0,0.0,3.1889957189761935,1.5944978594880967,1.5944978594880967,1.0888888888888892,1.0888888888888892,2.1777777777777785,0.0,0.0,0.0,0.0,0.0,0.0,2.739461074494618,1.369730537247309,1.369730537247309,1.3427036815267823,2.6854073630535646,3.238018507430059,3.0046851740967253,0.0,0.0,0.0,0.0,4.038461538461539,2.0192307692307696,1.0096153846153848,1.0096153846153848,0.0,0.0,0.0,0.0,0.0,0.0,0.0,0.0,0.0,0.0,0.0,0.0,1.2444444444444445,2.488888888888889,0.6222222222222222,0.6222222222222222,0.0,0.0,0.0,0.0,3.43443352135857,1.717216760679285,3.5419417136729754,3.3086083803396424,0.0,0.0,0.0,0.0,0.0,0.0,0.501460643544904,0.462571754656015,0.5016540631351846,0.46276517424629565,5.811970941916401,5.484984039123415,98.769807706925,98.92016317601411,40,219.84838830889223,213.0319457565903,213.8888172754055,219.87038772889557,211.98673559030786,212.43948196064,212.99822579761928,219.86401353276352,219.84571978276435,212.54975279014897,212.88586383109794,219.91713400997313,180.0,180.0,219.9656241653312,213.23808440254174,212.99604768419235,208.0289563532805,209.76074617700982,209.67784950822946,180.0,180.0,219.97278033143775,211.54692486158268,212.185383123375,59.504691733503044,59.529035377952276,59.29346636413196,59.335479863716685,7380.0,144.47855637912863,67.40400646008052
0.0,4.166666666666667,5.0,0.0,5.416666666666668,0.0,0.0,2.3821847986753766,2.6810362640174197,2.9740403937238744,2.9822805728191657,3.2562278123049975,1.1496407273458993,1.3826896045697985,1161.3323526281774,1099.1908267132885,94.53311550805718,2.0,1.9987403672181476,2.0,1.9988652649819354,0.0,0.0,0.0,1.0416666666666667,2.0833333333333335,1.0416666666666667,1.3405181320087098,2.6810362640174197,1.3405181320087098,0.0,0.0,0.0,0.0,0.0,0.0,1.25,2.5,1.25,1.4870201968619372,2.9740403937238744,1.4870201968619372,0.0,0.0,0.0,0.0,0.0,0.0,1.354166666666667,2.708333333333334,1.354166666666667,1.6281139061524987,3.2562278123049975,1.6281139061524987,0.0,0.0,0.0,0.0,0.0,0.0,0.0,1.1496407273458993,1.1496407273458993,3.288529616234789,3.0940851717903444,0.0,0.0,0.0,0.0,0.0,0.0,0.0,0.0,0.0,0.0,0.0,0.0,0.0,0.0,0.0,0.0,0.0,0.0,0.0,0.0,1.3826896045697985,1.3826896045697985,4.066022937903131,3.832689604569798,0.0,0.0,0.0,0.0,0.0,0.0,0.0,0.0,0.0,0.0,0.6482268526439463,0.6093379637550574,0.5854283182966937,0.5465394294078048,5.925430349037245,5.600229032954695,98.50032173543222,98.64109957439179,41,219.86203703703703,211.89806243892346,213.0637700034846,219.8076210826211,213.17933547222168,212.75673637789484,213.17407224984024,219.95008680555557,219.86203703703703,213.5349457383441,213.4061872048676,219.8402777777778,180.0,180.0,219.92234006926594,211.3312237224199,209.91843324840437,208.98145480181597,210.28416141821788,209.31251856954086,180.0,180.0,219.91407376385027,212.61614042238037,213.1188871307515,57.138406783308774,57.274418843142996,55.630491784135984,55.84550300605659,7560.0,137.1528672316719,51.75193026775538
5.923076923076924,0.0,0.0,4.355555555555557,0.0,8.076923076923078,4.977777777777778,2.370670616695334,2.666104539116898,2.8833097129340826,2.7472347463944233,2.4625062620861007,2.6552383437398706,3.4120544159746324,1137.228467527587,1076.5352972666788,92.08280835793023,2.0,2.0,2.0,2.0,1.185335308347667,1.185335308347667,2.370670616695334,0.0,0.0,0.0,0.0,0.0,0.0,2.961538461538462,1.480769230769231,1.480769230769231,1.2985355385557809,1.2985355385557809,2.5970710771115617,0.0,0.0,0.0,0.0,0.0,0.0,3.1695483487566034,1.5847741743783017,1.5847741743783017,1.0888888888888892,1.0888888888888892,2.1777777777777785,0.0,0.0,0.0,0.0,0.0,0.0,2.7472347463944233,1.3736173731972117,1.3736173731972117,1.3276191718699353,2.6552383437398706,3.230476252601635,2.9971429192683017,0.0,0.0,0.0,0.0,4.038461538461539,2.0192307692307696,1.0096153846153848,1.0096153846153848,0.0,0.0,0.0,0.0,0.0,0.0,0.0,0.0,0.0,0.0,0.0,0.0,1.2444444444444445,2.488888888888889,0.6222222222222222,0.6222222222222222,0.0,0.0,0.0,0.0,3.4120544159746324,1.7060272079873162,3.536346937326991,3.3030136039936577,0.0,0.0,0.0,0.0,0.0,0.0,0.5010713728508294,0.4621824839619404,0.49983212037461977,0.4609432314857309,5.793106390237679,5.47674100341946,98.81105783120114,98.93381614269498,42,219.84975776661219,213.08443201753664,213.94217485612893,219.87312664433546,212.2909351941334,212.61876464966022,213.06527756925718,219.86401353276352,219.84580740314928,212.79065282542172,212.93103237399387,219.917309250743,180.0,180.0,219.9656241653312,213.24800700296936,213.01213220862974,208.75578230384556,210.47149890841206,209.692970966611,180.0,180.0,219.9746021412037,211.58634041229303,212.0281768751666,59.504799130987735,59.52910955910617,59.29503006810097,59.336546856009335,7740.0,142.06156964929,67.27030176401152
0.0,4.166666666666667,5.0,0.0,5.416666666666668,0.0,0.0,2.380238669110766,2.677144004888199,2.95824540953418,2.9787432560663056,3.249153178799277,1.1371022710514755,1.3719547171562203,1160.5058522591617,1098.3794184199353,94.46033937734106,2.0,1.9987425967594394,2.0,1.998867326766402,0.0,0.0,0.0,1.0416666666666667,2.0833333333333335,1.0416666666666667,1.3385720024440995,2.677144004888199,1.3385720024440995,0.0,0.0,0.0,0.0,0.0,0.0,1.25,2.5,1.25,1.47912270476709,2.95824540953418,1.47912270476709,0.0,0.0,0.0,0.0,0.0,0.0,1.354166666666667,2.708333333333334,1.354166666666667,1.6245765893996384,3.249153178799277,1.6245765893996384,0.0,0.0,0.0,0.0,0.0,0.0,0.0,1.1371022710514755,1.1371022710514755,3.2759911599403653,3.0815467154959206,0.0,0.0,0.0,0.0,0.0,0.0,0.0,0.0,0.0,0.0,0.0,0.0,0.0,0.0,0.0,0.0,0.0,0.0,0.0,0.0,1.3719547171562203,1.3719547171562203,4.055288050489554,3.82195471715622,0.0,0.0,0.0,0.0,0.0,0.0,0.0,0.0,0.0,0.0,0.6481440843211459,0.6092551954322569,0.584951375444257,0.5460624865553679,5.920885204748767,5.595794827079294,98.50521300224145,98.6457900556754,43,219.86203703703703,211.93715784535334,213.13400542342615,219.8076210826211,213.1626524300487,212.7542007122429,213.1903888218536,219.95008680555557,219.86203703703703,213.53837148644638,213.45101555292945,219.8402777777778,180.0,180.0,219.92247536021685,211.34837882602008,209.92583067179243,209.0002006580484,210.33324283237988,209.3565299859032,180.0,180.0,219.91598153526002,212.63287053892583,213.12216775337686,57.13849857690395,57.27450158136519,55.6352973599464,55.850224508948564,7920.0,136.7396689886062,51.605313139274095
5.923076923076924,0.0,0.0,4.355555555555557,0.0,8.076923076923078,4.977777777777778,2.3698141796697274,2.6656763206040948,2.88146651272453,2.7374608947869934,2.457619336282386,2.650982309338163,3.4078344128801557,1136.6186583095032,1075.9288120320737,92.03360979766443,2.0,2.0,2.0,2.0,1.1849070898348637,1.1849070898348637,2.3698141796697274,0.0,0.0,0.0,0.0,0.0,0.0,2.961538461538462,1.480769230769231,1.480769230769231,1.297715370965219,1.297715370965219,2.595430741930438,0.0,0.0,0.0,0.0,0.0,0.0,3.167502283518622,1.583751141759311,1.583751141759311,1.0888888888888892,1.0888888888888892,2.1777777777777785,0.0,0.0,0.0,0.0,0.0,0.0,2.7374608947869934,1.3687304473934967,1.3687304473934967,1.3254911546690815,2.650982309338163,3.2294122440012085,2.9960789106678747,0.0,0.0,0.0,0.0,4.038461538461539,2.0192307692307696,1.0096153846153848,1.0096153846153848,0.0,0.0,0.0,0.0,0.0,0.0,0.0,0.0,0.0,0.0,0.0,0.0,1.2444444444444445,2.488888888888889,0.6222222222222222,0.6222222222222222,0.0,0.0,0.0,0.0,3.4078344128801557,1.7039172064400778,3.5352919365533717,3.3019586032200383,0.0,0.0,0.0,0.0,0.0,0.0,0.5010556789984452,0.46216679010955625,0.5017374339310371,0.4628485450421481,5.789779972668884,5.473445196029021,98.8138102670955,98.93656951688254,44,219.8498617971873,213.0876318005996,213.94430423868158,219.87333470548566,212.2986178097883,212.62535232840688,213.06681575242308,219.86401353276352,219.84581171810296,212.79491973214832,212.93311450660994,219.9173178806504,180.0,180.0,219.9656241653312,213.24849362624025,213.02241846765912,208.7738087256524,210.48549779093622,209.70773007699503,180.0,180.0,219.9746021412037,211.5907182775668,212.04082201894477,59.5048424830208,59.52915112325981,59.29577826198169,59.337279114241895,8100.0,141.91783018976204,67.22471631091487
0.0,4.166666666666667,5.0,0.0,5.416666666666668,0.0,0.0,2.380154568849836,2.6769758043663376,2.952137919739003,2.978295164117527,3.2482569949017197,1.1367524607992905,1.3716051279732395,1160.407498273073,1098.281781377632,94.45167223370974,2.0,1.9987426727586735,2.0,1.9988673971643434,0.0,0.0,0.0,1.0416666666666667,2.0833333333333335,1.0416666666666667,1.3384879021831688,2.6769758043663376,1.3384879021831688,0.0,0.0,0.0,0.0,0.0,0.0,1.25,2.5,1.25,1.4760689598695016,2.952137919739003,1.4760689598695016,0.0,0.0,0.0,0.0,0.0,0.0,1.354166666666667,2.708333333333334,1.354166666666667,1.6241284974508599,3.2482569949017197,1.6241284974508599,0.0,0.0,0.0,0.0,0.0,0.0,0.0,1.1367524607992905,1.1367524607992905,3.27564134968818,3.081196905243736,0.0,0.0,0.0,0.0,0.0,0.0,0.0,0.0,0.0,0.0,0.0,0.0,0.0,0.0,0.0,0.0,0.0,0.0,0.0,0.0,1.3716051279732395,1.3716051279732395,4.054938461306572,3.821605127973239,0.0,0.0,0.0,0.0,0.0,0.0,0.0,0.0,0.0,0.0,0.6480171884661131,0.6091282995772244,0.5849347185636091,0.5460458296747202,5.920357380761428,5.595273614515499,98.50568473884441,98.64624169388796,45,219.86203703703703,211.93815986607984,213.1357034046702,219.8076210826211,213.16458790839943,212.7557751872893,213.19214379855225,219.95008680555557,219.86203703703703,213.5394963546984,213.45267589619988,219.8402777777778,180.0,180.0,219.92297084184844,211.35172130564916,209.92607160087354,209.00065275792878,210.33450313051793,209.35793183122297,180.0,180.0,219.9160481627826,212.63589448463213,213.12353023314733,57.13849257065608,57.27449557456552,55.635480674058726,55.85040911713449,8280.0,136.7015301110385,51.588171793104245
5.923076923076924,0.0,0.0,4.355555555555557,0.0,8.076923076923078,4.977777777777778,2.369532962606673,2.6655357120725673,2.8810815542263057,2.7372103896054503,2.457494083691614,2.650534797238199,3.4073904766445064,1136.5958836500631,1075.9061488524435,92.03159225394674,2.0,2.0,2.0,2.0,1.1847664813033365,1.1847664813033365,2.369532962606673,0.0,0.0,0.0,0.0,0.0,0.0,2.961538461538462,1.480769230769231,1.480769230769231,1.2975232225900712,1.2975232225900712,2.5950464451801425,0.0,0.0,0.0,0.0,0.0,0.0,3.1671166632724694,1.5835583316362347,1.5835583316362347,1.0888888888888892,1.0888888888888892,2.1777777777777785,0.0,0.0,0.0,0.0,0.0,0.0,2.7372103896054503,1.3686051948027251,1.3686051948027251,1.3252673986190995,2.650534797238199,3.2293003659762176,2.9959670326428838,0.0,0.0,0.0,0.0,4.038461538461539,2.0192307692307696,1.0096153846153848,1.0096153846153848,0.0,0.0,0.0,0.0,0.0,0.0,0.0,0.0,0.0,0.0,0.0,0.0,1.2444444444444445,2.488888888888889,0.6222222222222222,0.6222222222222222,0.0,0.0,0.0,0.0,3.4073904766445064,1.7036952383222532,3.5351809524944597,3.3018476191611263,0.0,0.0,0.0,0.0,0.0,0.0,0.5010545695004691,0.46216568061158025,0.501737310155927,0.4628484212670381,5.789653463194856,5.47331982085661,98.81395554654173,98.93671621156918,46,219.84986513796622,213.0877731547959,213.94502491626173,219.87334138704352,212.2993493431747,212.62589129219705,213.06695441356857,219.86401353276352,219.8458118578769,212.7950760855154,212.93382976339254,219.91731816019825,180.0,180.0,219.9656241653312,213.24866746532902,213.02282089962117,208.77444660645773,210.48615524441104,209.70824348676456,180.0,180.0,219.9746021412037,211.59086730108524,212.04131894785056,59.504843632444185,59.52915222589737,59.29579806000754,59.33729852848935,8460.0,141.907705529345,67.22033013576156
0.0,4.166666666666667,5.0,0.0,5.416666666666668,0.0,0.0,2.380148044906673,2.6769627564800134,2.9519159840222757,2.9782764602586287,3.2482195871839235,1.1367214240841124,1.3715741052043784,1160.4007875597301,1098.2751285393101,94.4510747686533,2.0,1.9987426903547338,2.0,1.9988674135748679,0.0,0.0,0.0,1.0416666666666667,2.0833333333333335,1.0416666666666667,1.3384813782400067,2.6769627564800134,1.3384813782400067,0.0,0.0,0.0,0.0,0.0,0.0,1.25,2.5,1.25,1.4759579920111379,2.9519159840222757,1.4759579920111379,0.0,0.0,0.0,0.0,0.0,0.0,1.354166666666667,2.708333333333334,1.354166666666667,1.6241097935919617,3.2482195871839235,1.6241097935919617,0.0,0.0,0.0,0.0,0.0,0.0,0.0,1.1367214240841124,1.1367214240841124,3.275610312973002,3.0811658685285574,0.0,0.0,0.0,0.0,0.0,0.0,0.0,0.0,0.0,0.0,0.0,0.0,0.0,0.0,0.0,0.0,0.0,0.0,0.0,0.0,1.3715741052043784,1.3715741052043784,4.054907438537712,3.8215741052043777,0.0,0.0,0.0,0.0,0.0,0.0,0.0,0.0,0.0,0.0,0.6480167234120815,0.6091278345231927,0.5849330890496491,0.5460442001607603,5.920319957555601,5.5952367025465914,98.50573134057203,98.64628796304461,47,219.86203703703703,211.93823351455814,213.13584647902783,219.8076210826211,213.1646535447316,212.75583584491898,213.19220694553314,219.95008680555557,219.86203703703703,213.53956806757358,213.45282011655848,219.8402777777778,180.0,180.0,219.92297194945635,211.35186850289216,209.92612127507618,209.00086996468525,210.33483676313512,209.35823052459378,180.0,180.0,219.91605468083844,212.63604861499724,213.1235740248618,57.138493240252984,57.27449619205233,55.63551846566552,55.850446539962014,8640.0,136.6989871604828,51.58737877252639
5.923076923076924,0.0,0.0,4.355555555555557,0.0,8.076923076923078,4.977777777777778,2.3695150343878466,2.6655267479631544,2.881064882795714,2.737191977485943,2.4574848776318605,2.6505174297566967,3.407374532403302,1136.5944989797795,1075.90477483775,92.03146641880353,2.0,2.0,2.0,2.0,1.1847575171939233,1.1847575171939233,2.3695150343878466,0.0,0.0,0.0,0.0,0.0,0.0,2.961538461538462,1.480769230769231,1.480769230769231,1.2975149217677715,1.2975149217677715,2.595029843535543,0.0,0.0,0.0,0.0,0.0,0.0,3.1670999220558858,1.5835499610279429,1.5835499610279429,1.0888888888888892,1.0888888888888892,2.1777777777777785,0.0,0.0,0.0,0.0,0.0,0.0,2.737191977485943,1.3685959887429715,1.3685959887429715,1.3252587148783483,2.6505174297566967,3.229296024105842,2.995962690772508,0.0,0.0,0.0,0.0,4.038461538461539,2.0192307692307696,1.0096153846153848,1.0096153846153848,0.0,0.0,0.0,0.0,0.0,0.0,0.0,0.0,0.0,0.0,0.0,0.0,1.2444444444444445,2.488888888888889,0.6222222222222222,0.6222222222222222,0.0,0.0,0.0,0.0,3.407374532403302,1.703687266201651,3.5351769664341584,3.301843633100825,0.0,0.0,0.0,0.0,0.0,0.0,0.5010544901263848,0.4621656012374959,0.501737307154168,0.4628484182652791,5.789645558186728,5.473312017065798,98.81396689068575,98.93672763251598,48,219.84986537645602,213.08779765883725,213.94505325067163,219.87334186402313,212.29942387644022,212.6259588259356,213.06696107931404,219.86401353276352,219.84581186667685,212.7951074453433,212.93385785808377,219.91731817779814,180.0,180.0,219.9656241653312,213.2486727391769,213.02283498660353,208.77452224469815,210.48622050338412,209.70829047954228,180.0,180.0,219.9746021412037,211.5908879645258,212.0413456111491,59.504843697242,59.52915228739303,59.29579909201859,59.33729953453078,8820.0,141.90699985021223,67.22012414591711
0.0,4.166666666666667,5.0,0.0,5.416666666666668,0.0,0.0,2.380147104306221,2.6769608752791085,2.951905970245185,2.978274941429755,3.248216549526176,1.1367174010993333,1.371570091119366,1160.4004318945315,1098.274775756863,94.45104323138249,2.0,1.998742691170523,2.0,1.998867414336727,0.0,0.0,0.0,1.0416666666666667,2.0833333333333335,1.0416666666666667,1.3384804376395543,2.6769608752791085,1.3384804376395543,0.0,0.0,0.0,0.0,0.0,0.0,1.25,2.5,1.25,1.4759529851225925,2.951905970245185,1.4759529851225925,0.0,0.0,0.0,0.0,0.0,0.0,1.354166666666667,2.708333333333334,1.354166666666667,1.624108274763088,3.248216549526176,1.624108274763088,0.0,0.0,0.0,0.0,0.0,0.0,0.0,1.1367174010993333,1.1367174010993333,3.2756062899882226,3.0811618455437784,0.0,0.0,0.0,0.0,0.0,0.0,0.0,0.0,0.0,0.0,0.0,0.0,0.0,0.0,0.0,0.0,0.0,0.0,0.0,0.0,1.371570091119366,1.371570091119366,4.054903424452699,3.8215700911193653,0.0,0.0,0.0,0.0,0.0,0.0,0.0,0.0,0.0,0.0,0.6480166149293467,0.6091277260404577,0.584933034488974,0.5460441456000851,5.920317989521434,5.59523476043149,98.5057336524256,98.6462902466092,49,219.86203703703703,211.9382376740882,213.13585684885976,219.8076210826211,213.1646656876421,212.7558468865079,213.19221853778288,219.95008680555557,219.86203703703703,213.53957135636225,213.45282949632175,219.8402777777778,180.0,180.0,219.9229722921088,211.35187733123604,209.9261241537995,209.00087894652714,210.33485242434705,209.35824443485416,180.0,180.0,219.91605489908113,212.6360568851299,213.12357707112884,57.13849325977578,57.27449620961606,55.635520242017094,55.85044830411975,9000.0,136.69881710873238,51.58731675897574
5.923076923076924,0.0,0.0,4.355555555555557,0.0,8.076923076923078,4.977777777777778,2.3695142121906243,2.665526336864543,2.8810639195572136,2.737190937603489,2.4574843576906336,2.6505144697463034,3.4073716295190715,1136.5943735569194,1075.9046500552415,92.03145502046978,2.0,2.0,2.0,2.0,1.1847571060953122,1.1847571060953122,2.3695142121906243,0.0,0.0,0.0,0.0,0.0,0.0,2.961538461538462,1.480769230769231,1.480769230769231,1.29751446736835,1.29751446736835,2.5950289347367,0.0,0.0,0.0,0.0,0.0,0.0,3.1670989043777276,1.5835494521888638,1.5835494521888638,1.0888888888888892,1.0888888888888892,2.1777777777777785,0.0,0.0,0.0,0.0,0.0,0.0,2.737190937603489,1.3685954688017445,1.3685954688017445,1.3252572348731517,2.6505144697463034,3.2292952841032436,2.99596195076991,0.0,0.0,0.0,0.0,4.038461538461539,2.0192307692307696,1.0096153846153848,1.0096153846153848,0.0,0.0,0.0,0.0,0.0,0.0,0.0,0.0,0.0,0.0,0.0,0.0,1.2444444444444445,2.488888888888889,0.6222222222222222,0.6222222222222222,0.0,0.0,0.0,0.0,3.4073716295190715,1.7036858147595357,3.5351762407131004,3.301842907379767,0.0,0.0,0.0,0.0,0.0,0.0,0.5010544826705657,0.4621655937816767,0.5017373064025239,0.4628484175136349,5.789644843258414,5.473311309254257,98.81396793475379,98.93672868923328,50,219.84986538936334,213.08779881467905,213.9450545493943,219.87334188983777,212.2994275875407,212.6259621831284,213.06696172409954,219.86401353276352,219.84581186703113,212.7951089401171,212.93385913306145,219.91731817850675,180.0,180.0,219.9656241653312,213.2486731266307,213.0228369296555,208.77452850042485,210.48622498810838,209.7082941564138,180.0,180.0,219.9746021412037,211.59088927705469,212.04134842220552,59.504843702859034,59.52915229275274,59.29579918573858,59.337299626117456,9180.0,141.90694963016372,67.2201048430145
0.0,4.166666666666667,5.0,0.0,5.416666666666668,0.0,0.0,2.380147060958684,2.6769607885840343,2.9519047965856138,2.978274812557483,3.248216291781632,1.1367172205142584,1.371569910837985,1160.4004071389631,1098.2747512061715,94.4510409924308,2.0,1.9987426912181887,2.0,1.9988674143810485,0.0,0.0,0.0,1.0416666666666667,2.0833333333333335,1.0416666666666667,1.3384803942920172,2.6769607885840343,1.3384803942920172,0.0,0.0,0.0,0.0,0.0,0.0,1.25,2.5,1.25,1.4759523982928069,2.9519047965856138,1.4759523982928069,0.0,0.0,0.0,0.0,0.0,0.0,1.354166666666667,2.708333333333334,1.354166666666667,1.624108145890816,3.248216291781632,1.624108145890816,0.0,0.0,0.0,0.0,0.0,0.0,0.0,1.1367172205142584,1.1367172205142584,3.275606109403148,3.0811616649587035,0.0,0.0,0.0,0.0,0.0,0.0,0.0,0.0,0.0,0.0,0.0,0.0,0.0,0.0,0.0,0.0,0.0,0.0,0.0,0.0,1.371569910837985,1.371569910837985,4.054903244171318,3.821569910837985,0.0,0.0,0.0,0.0,0.0,0.0,0.0,0.0,0.0,0.0,0.6480166111843071,0.6091277222954183,0.5849330258149625,0.5460441369260736,5.9203178498853575,5.595234622761158,98.5057338489459,98.64629044136305,51,219.86203703703703,211.93823822004205,213.13585753557888,219.8076210826211,213.16466631203568,212.75584742248063,213.1922191179661,219.95008680555557,219.86203703703703,213.5395718726452,213.4528301643442,219.8402777777778,180.0,180.0,219.92297230225753,211.3518780124545,209.92612430972702,209.00087947613372,210.33485335860658,209.358245175753,180.0,180.0,219.9160549337772,212.63605752838703,213.12357727259536,57.13849326075348,57.27449621046124,55.63552034652527,55.8504484076663,9360.0,136.69880526179392,51.58731227931153
5.923076923076924,0.0,0.0,4.355555555555557,0.0,8.076923076923078,4.977777777777778,2.3695140831198747,2.6655262723291684,2.881063851822565,2.7371908011150605,2.4574842894464197,2.6505143206427917,3.4073714837409095,1136.5943652253084,1075.9046417673678,92.03145427705208,2.0,2.0,2.0,2.0,1.1847570415599373,1.1847570415599373,2.3695140831198747,0.0,0.0,0.0,0.0,0.0,0.0,2.961538461538462,1.480769230769231,1.480769230769231,1.297514435964486,1.297514435964486,2.595028871928972,0.0,0.0,0.0,0.0,0.0,0.0,3.1670988317161584,1.5835494158580792,1.5835494158580792,1.0888888888888892,1.0888888888888892,2.1777777777777785,0.0,0.0,0.0,0.0,0.0,0.0,2.7371908011150605,1.3685954005575303,1.3685954005575303,1.3252571603213958,2.6505143206427917,3.2292952468273657,2.9959619134940323,0.0,0.0,0.0,0.0,4.038461538461539,2.0192307692307696,1.0096153846153848,1.0096153846153848,0.0,0.0,0.0,0.0,0.0,0.0,0.0,0.0,0.0,0.0,0.0,0.0,1.2444444444444445,2.488888888888889,0.6222222222222222,0.6222222222222222,0.0,0.0,0.0,0.0,3.4073714837409095,1.7036857418704547,3.53517620426856,3.3018428709352268,0.0,0.0,0.0,0.0,0.0,0.0,0.501054482249352,0.46216559336046303,0.5017373063647188,0.46284841747582994,5.78964479662828,5.473311263071934,98.81396799201642,98.93672874703545,52,219.8498653910577,213.08779889735777,213.94505469943238,219.87334189322652,212.29942782652068,212.62596237357184,213.06696177022525,219.86401353276352,219.84581186709286,212.7951090415579,212.93385928169675,219.9173181786302,180.0,180.0,219.9656241653312,213.24867315340433,213.02283706634464,208.77452881094092,210.4862253046278,209.70829441799665,180.0,180.0,219.9746021412037,211.59088935068633,212.04134860452487,59.504843703285154,59.529152293160166,59.295799192912646,59.337299633136666,9540.0,141.90694611414185,67.2201034511942
0.0,4.166666666666667,5.0,0.0,5.416666666666668,0.0,0.0,2.380147058205589,2.6769607830778446,2.9519047179096978,2.9782748051990002,3.2482162770646665,1.1367172099776326,1.371569900310047,1160.4004047349972,1098.2747488194386,94.45104077994115,2.0,1.9987426912229511,2.0,1.9988674143854992,0.0,0.0,0.0,1.0416666666666667,2.0833333333333335,1.0416666666666667,1.3384803915389223,2.6769607830778446,1.3384803915389223,0.0,0.0,0.0,0.0,0.0,0.0,1.25,2.5,1.25,1.4759523589548489,2.9519047179096978,1.4759523589548489,0.0,0.0,0.0,0.0,0.0,0.0,1.354166666666667,2.708333333333334,1.354166666666667,1.6241081385323333,3.2482162770646665,1.6241081385323333,0.0,0.0,0.0,0.0,0.0,0.0,0.0,1.1367172099776326,1.1367172099776326,3.2756060988665223,3.081161654422078,0.0,0.0,0.0,0.0,0.0,0.0,0.0,0.0,0.0,0.0,0.0,0.0,0.0,0.0,0.0,0.0,0.0,0.0,0.0,0.0,1.371569900310047,1.371569900310047,4.054903233643381,3.8215699003100463,0.0,0.0,0.0,0.0,0.0,0.0,0.0,0.0,0.0,0.0,0.6480166109229404,0.6091277220340515,0.5849330252697242,0.5460441363808353,5.920317836596658,5.595234609635991,98.50573386452962,98.64629045673972,53,219.86203703703703,211.93823824734415,213.135857577083,219.8076210826211,213.1646663454072,212.7558474546996,213.19221915076133,219.95008680555557,219.86203703703703,213.53957189854867,213.45283020503732,219.8402777777778,180.0,180.0,219.92297230301855,211.35187807478005,209.92612433029197,209.00087952688986,210.3348534335961,209.35824523828492,180.0,180.0,219.91605493595813,212.63605759028798,213.12357729387085,57.1384932607992,57.27449621049811,55.63552035701451,55.850448418106346,9720.0,136.6988044307916,51.58731199725514
5.923076923076924,0.0,0.0,4.355555555555557,0.0,8.076923076923078,4.977777777777778,2.36951407664394,2.665526269091201,2.8810638448180454,2.737190794289619,2.457484286033699,2.6505143120745336,3.4073714754587408,1136.5943647202228,1075.9046412653945,92.03145423164644,2.0,2.0,2.0,2.0,1.18475703832197,1.18475703832197,2.36951407664394,0.0,0.0,0.0,0.0,0.0,0.0,2.961538461538462,1.480769230769231,1.480769230769231,1.2975144325531944,1.2975144325531944,2.595028865106389,0.0,0.0,0.0,0.0,0.0,0.0,3.167098824529702,1.583549412264851,1.583549412264851,1.0888888888888892,1.0888888888888892,2.1777777777777785,0.0,0.0,0.0,0.0,0.0,0.0,2.737190794289619,1.3685953971448095,1.3685953971448095,1.3252571560372668,2.6505143120745336,3.2292952446853014,2.9959619113519675,0.0,0.0,0.0,0.0,4.038461538461539,2.0192307692307696,1.0096153846153848,1.0096153846153848,0.0,0.0,0.0,0.0,0.0,0.0,0.0,0.0,0.0,0.0,0.0,0.0,1.2444444444444445,2.488888888888889,0.6222222222222222,0.6222222222222222,0.0,0.0,0.0,0.0,3.4073714754587408,1.7036857377293704,3.5351762021980178,3.301842868864685,0.0,0.0,0.0,0.0,0.0,0.0,0.5010544822247229,0.46216559333583396,0.5017373063625895,0.4628484174737007,5.789644793778351,5.4733112602528475,98.81396799576906,98.93672875081988,54,219.84986539114493,213.08779890328023,213.94505470948866,219.87334189340098,212.2994278478362,212.62596239225672,213.06696177290834,219.86401353276352,219.845811867096,212.7951090496502,212.93385929166408,219.91731817863644,180.0,180.0,219.9656241653312,213.24867315608938,213.02283707328635,208.7745288325618,210.48622532486894,209.70829443278515,180.0,180.0,219.9746021412037,211.59088935718597,212.04134861503476,59.504843703309355,59.52915229318326,59.295799193313655,59.337299633528794,9900.0,141.90694587396567,67.22010336287252
0.0,4.166666666666667,5.0,0.0,5.416666666666668,0.0,0.0,2.3801470579903667,2.6769607826474,2.9519047136094425,2.9782748047327194,3.2482162761321054,1.1367172088953075,1.3715698992293301,1160.4004046012196,1098.2747486867129,94.45104076806547,2.0,1.998742691223244,2.0,1.9988674143857728,0.0,0.0,0.0,1.0416666666666667,2.0833333333333335,1.0416666666666667,1.3384803913237,2.6769607826474,1.3384803913237,0.0,0.0,0.0,0.0,0.0,0.0,1.25,2.5,1.25,1.4759523568047213,2.9519047136094425,1.4759523568047213,0.0,0.0,0.0,0.0,0.0,0.0,1.354166666666667,2.708333333333334,1.354166666666667,1.6241081380660527,3.2482162761321054,1.6241081380660527,0.0,0.0,0.0,0.0,0.0,0.0,0.0,1.1367172088953075,1.1367172088953075,3.275606097784197,3.081161653339753,0.0,0.0,0.0,0.0,0.0,0.0,0.0,0.0,0.0,0.0,0.0,0.0,0.0,0.0,0.0,0.0,0.0,0.0,0.0,0.0,1.3715698992293301,1.3715698992293301,4.054903232562664,3.8215698992293294,0.0,0.0,0.0,0.0,0.0,0.0,0.0,0.0,0.0,0.0,0.6480166109034946,0.6091277220146056,0.5849330252402292,0.5460441363513404,5.9203178358541155,5.595234608903121,98.50573386543076,98.64629045763083,55,219.86203703703703,211.9382382490436,213.13585758062902,219.8076210826211,213.1646663482541,212.75584745736393,213.192219153517,219.95008680555557,219.86203703703703,213.53957190003075,213.45283020834378,219.8402777777778,180.0,180.0,219.92297230307165,211.3518780781353,209.92612433135275,209.000879530162,210.3348534397379,209.35824524371523,180.0,180.0,219.9160549360761,212.63605759354064,213.12357729499647,57.138493260805554,57.27449621050378,55.63552035765347,55.85044841874088,10080.0,136.69880437302848,51.58731197727645
5.923076923076924,0.0,0.0,4.355555555555557,0.0,8.076923076923078,4.977777777777778,2.369514076273374,2.665526268905918,2.8810638444503605,2.7371907938648237,2.457484285821301,2.6505143113622536,3.407371474766523,1136.5943646821167,1075.9046412275195,92.03145422819064,2.0,2.0,2.0,2.0,1.184757038136687,1.184757038136687,2.369514076273374,0.0,0.0,0.0,0.0,0.0,0.0,2.961538461538462,1.480769230769231,1.480769230769231,1.2975144323761052,1.2975144323761052,2.5950288647522104,0.0,0.0,0.0,0.0,0.0,0.0,3.1670988241485105,1.5835494120742553,1.5835494120742553,1.0888888888888892,1.0888888888888892,2.1777777777777785,0.0,0.0,0.0,0.0,0.0,0.0,2.7371907938648237,1.3685953969324118,1.3685953969324118,1.3252571556811268,2.6505143113622536,3.2292952445072314,2.995961911173898,0.0,0.0,0.0,0.0,4.038461538461539,2.0192307692307696,1.0096153846153848,1.0096153846153848,0.0,0.0,0.0,0.0,0.0,0.0,0.0,0.0,0.0,0.0,0.0,0.0,1.2444444444444445,2.488888888888889,0.6222222222222222,0.6222222222222222,0.0,0.0,0.0,0.0,3.407371474766523,1.7036857373832615,3.5351762020249637,3.3018428686916304,0.0,0.0,0.0,0.0,0.0,0.0,0.5010544822225683,0.4621655933336794,0.5017373063624189,0.46284841747352995,5.789644793561465,5.47331126003834,98.81396799607863,98.9367287511325,56,219.84986539115027,213.0877989037424,213.94505471004132,219.87334189341163,212.2994278491463,212.62596239342002,213.06696177308874,219.86401353276352,219.84581186709616,212.7951090502316,212.93385929221003,219.9173181786368,180.0,180.0,219.9656241653312,213.24867315623277,213.02283707380292,208.774528834503,210.4862253263956,209.7082944340071,180.0,180.0,219.9746021412037,211.59088935764606,212.04134861585072,59.50484370331112,59.529152293184936,59.29579919334257,59.33729963355703,10260.0,141.90694585735918,67.22010335700206
0.0,4.166666666666667,5.0,0.0,5.416666666666668,0.0,0.0,2.3801470579723905,2.676960782611447,2.951904713280978,2.978274804692566,3.2482162760517976,1.1367172088292887,1.3715698991634215,1160.4004045925944,1098.2747486781575,94.45104076729334,2.0,1.9987426912232618,2.0,1.9988674143857894,0.0,0.0,0.0,1.0416666666666667,2.0833333333333335,1.0416666666666667,1.3384803913057235,2.676960782611447,1.3384803913057235,0.0,0.0,0.0,0.0,0.0,0.0,1.25,2.5,1.25,1.475952356640489,2.951904713280978,1.475952356640489,0.0,0.0,0.0,0.0,0.0,0.0,1.354166666666667,2.708333333333334,1.354166666666667,1.6241081380258988,3.2482162760517976,1.6241081380258988,0.0,0.0,0.0,0.0,0.0,0.0,0.0,1.1367172088292887,1.1367172088292887,3.2756060977181782,3.081161653273734,0.0,0.0,0.0,0.0,0.0,0.0,0.0,0.0,0.0,0.0,0.0,0.0,0.0,0.0,0.0,0.0,0.0,0.0,0.0,0.0,1.3715698991634215,1.3715698991634215,4.054903232496755,3.821569899163421,0.0,0.0,0.0,0.0,0.0,0.0,0.0,0.0,0.0,0.0,0.6480166109017188,0.6091277220128297,0.5849330252375062,0.5460441363486173,5.920317835805997,5.595234608855652,98.50573386549233,98.6462904576917,57,219.86203703703703,211.93823824918465,213.13585758086663,219.8076210826211,213.1646663484886,212.7558474575729,213.1922191537387,219.95008680555557,219.86203703703703,213.53957190015942,213.45283020857073,219.8402777777778,180.0,180.0,219.9229723030769,211.35187807836388,209.9261243314155,209.00087953035836,210.33485344008545,209.3582452440078,180.0,180.0,219.91605493608702,212.63605759375505,213.1235772950696,57.13849326080592,57.27449621050409,55.63552035769246,55.85044841877957,10440.0,136.69880436904413,51.587311975859286
5.923076923076924,0.0,0.0,4.355555555555557,0.0,8.076923076923078,4.977777777777778,2.3695140762411215,2.665526268889792,2.8810638444265093,2.737190793829597,2.457484285803688,2.6505143113054244,3.407371474710922,1136.5943646792757,1075.904641224693,92.03145422793517,2.0,2.0,2.0,2.0,1.1847570381205608,1.1847570381205608,2.3695140762411215,0.0,0.0,0.0,0.0,0.0,0.0,2.961538461538462,1.480769230769231,1.480769230769231,1.2975144323649277,1.2975144323649277,2.5950288647298554,0.0,0.0,0.0,0.0,0.0,0.0,3.1670988241231632,1.5835494120615816,1.5835494120615816,1.0888888888888892,1.0888888888888892,2.1777777777777785,0.0,0.0,0.0,0.0,0.0,0.0,2.737190793829597,1.3685953969147986,1.3685953969147986,1.3252571556527122,2.6505143113054244,3.2292952444930236,2.9959619111596902,0.0,0.0,0.0,0.0,4.038461538461539,2.0192307692307696,1.0096153846153848,1.0096153846153848,0.0,0.0,0.0,0.0,0.0,0.0,0.0,0.0,0.0,0.0,0.0,0.0,1.2444444444444445,2.488888888888889,0.6222222222222222,0.6222222222222222,0.0,0.0,0.0,0.0,3.407371474710922,1.703685737355461,3.5351762020110633,3.30184286867773,0.0,0.0,0.0,0.0,0.0,0.0,0.5010544822224109,0.46216559333352203,0.5017373063624044,0.4628484174735156,5.789644793545442,5.473311260022473,98.81396799609985,98.93672875115395,58,219.84986539115073,213.0877989037706,213.9450547100837,219.87334189341252,212.29942784923162,212.6259623934925,213.06696177310425,219.86401353276352,219.8458118670962,212.7951090502665,212.93385929225204,219.91731817863683,180.0,180.0,219.9656241653312,213.24867315624252,213.02283707384814,208.77452883461825,210.486225326498,209.70829443408945,180.0,180.0,219.9746021412037,211.5908893576736,212.04134861591265,59.50484370331125,59.529152293185064,59.295799193344884,59.33729963355929,10620.0,141.90694585619352,67.22010335654684
0.0,4.166666666666667,5.0,0.0,5.416666666666668,0.0,0.0,2.380147057971376,2.6769607826094184,2.951904713254594,2.978274804689881,3.2482162760464277,1.136717208825328,1.3715698991594658,1160.4004045918973,1098.2747486774656,94.45104076723119,2.0,1.9987426912232633,2.0,1.9988674143857905,0.0,0.0,0.0,1.0416666666666667,2.0833333333333335,1.0416666666666667,1.3384803913047092,2.6769607826094184,1.3384803913047092,0.0,0.0,0.0,0.0,0.0,0.0,1.25,2.5,1.25,1.475952356627297,2.951904713254594,1.475952356627297,0.0,0.0,0.0,0.0,0.0,0.0,1.354166666666667,2.708333333333334,1.354166666666667,1.6241081380232139,3.2482162760464277,1.6241081380232139,0.0,0.0,0.0,0.0,0.0,0.0,0.0,1.136717208825328,1.136717208825328,3.2756060977142174,3.081161653269773,0.0,0.0,0.0,0.0,0.0,0.0,0.0,0.0,0.0,0.0,0.0,0.0,0.0,0.0,0.0,0.0,0.0,0.0,0.0,0.0,1.3715698991594658,1.3715698991594658,4.054903232492799,3.8215698991594653,0.0,0.0,0.0,0.0,0.0,0.0,0.0,0.0,0.0,0.0,0.6480166109016225,0.6091277220127337,0.5849330252373144,0.5460441363484256,5.920317835802116,5.595234608851821,98.50573386549719,98.64629045769652,59,219.86203703703703,211.9382382491951,213.1358575808814,219.8076210826211,213.16466634850167,212.755847457585,213.19221915375138,219.95008680555557,219.86203703703703,213.53957190016897,213.45283020858548,219.8402777777778,180.0,180.0,219.92297230307716,211.3518780783825,209.9261243314212,209.00087953037388,210.33485344011078,209.35824524402847,180.0,180.0,219.9160549360878,212.6360575937731,213.12357729507542,57.138493260805944,57.27449621050411,55.63552035769549,55.85044841878259,10800.0,136.69880436876267,51.58731197576006
5.923076923076924,0.0,0.0,4.355555555555557,0.0,8.076923076923078,4.977777777777778,2.3695140762387013,2.6655262688885815,2.88106384442453,2.7371907938270263,2.457484285802402,2.6505143113022025,3.407371474707788,1136.5943646790986,1075.9046412245173,92.03145422791926,2.0,2.0,2.0,2.0,1.1847570381193506,1.1847570381193506,2.3695140762387013,0.0,0.0,0.0,0.0,0.0,0.0,2.961538461538462,1.480769230769231,1.480769230769231,1.2975144323639767,1.2975144323639767,2.5950288647279534,0.0,0.0,0.0,0.0,0.0,0.0,3.1670988241211067,1.5835494120605533,1.5835494120605533,1.0888888888888892,1.0888888888888892,2.1777777777777785,0.0,0.0,0.0,0.0,0.0,0.0,2.7371907938270263,1.3685953969135132,1.3685953969135132,1.3252571556511012,2.6505143113022025,3.229295244492218,2.9959619111588847,0.0,0.0,0.0,0.0,4.038461538461539,2.0192307692307696,1.0096153846153848,1.0096153846153848,0.0,0.0,0.0,0.0,0.0,0.0,0.0,0.0,0.0,0.0,0.0,0.0,1.2444444444444445,2.488888888888889,0.6222222222222222,0.6222222222222222,0.0,0.0,0.0,0.0,3.407371474707788,1.703685737353894,3.53517620201028,3.3018428686769465,0.0,0.0,0.0,0.0,0.0,0.0,0.5010544822224016,0.46216559333351276,0.5017373063624038,0.46284841747351474,5.7896447935444435,5.473311260021484,98.81396799610117,98.93672875115529,60,219.84986539115076,213.08779890377278,213.9450547100872,219.87334189341257,212.29942784923813,212.6259623934981,213.06696177310545,219.86401353276352,219.8458118670962,212.79510905026893,212.93385929225568,219.91731817863683,180.0,180.0,219.9656241653312,213.2486731562436,213.02283707385087,208.77452883462604,210.48622532650595,209.70829443409534,180.0,180.0,219.9746021412037,211.59088935767565,212.0413486159164,59.50484370331126,59.52915229318507,59.295799193345026,59.33729963355943,10980.0,141.90694585610973,67.22010335651623
0.0,4.166666666666667,5.0,0.0,5.416666666666668,0.0,0.0,2.3801470579713024,2.676960782609272,2.95190471325302,2.978274804689716,3.248216276046098,1.1367172088250161,1.3715698991591545,1160.4004045918489,1098.2747486774174,94.45104076722689,2.0,1.9987426912232633,2.0,1.9988674143857907,0.0,0.0,0.0,1.0416666666666667,2.0833333333333335,1.0416666666666667,1.338480391304636,2.676960782609272,1.338480391304636,0.0,0.0,0.0,0.0,0.0,0.0,1.25,2.5,1.25,1.47595235662651,2.95190471325302,1.47595235662651,0.0,0.0,0.0,0.0,0.0,0.0,1.354166666666667,2.708333333333334,1.354166666666667,1.624108138023049,3.248216276046098,1.624108138023049,0.0,0.0,0.0,0.0,0.0,0.0,0.0,1.1367172088250161,1.1367172088250161,3.2756060977139057,3.0811616532694615,0.0,0.0,0.0,0.0,0.0,0.0,0.0,0.0,0.0,0.0,0.0,0.0,0.0,0.0,0.0,0.0,0.0,0.0,0.0,0.0,1.3715698991591545,1.3715698991591545,4.054903232492488,3.8215698991591536,0.0,0.0,0.0,0.0,0.0,0.0,0.0,0.0,0.0,0.0,0.6480166109016161,0.6091277220127272,0.5849330252373033,0.5460441363484143,5.920317835801846,5.595234608851555,98.50573386549752,98.64629045769684,61,219.86203703703703,211.93823824919602,213.13585758088277,219.8076210826211,213.1646663485027,212.75584745758596,213.1922191537524,219.95008680555557,219.86203703703703,213.5395719001694,213.45283020858676,219.8402777777778,180.0,180.0,219.9229723030772,211.35187807838415,209.92612433142168,209.00087953037513,210.33485344011365,209.35824524403048,180.0,180.0,219.91605493608782,212.63605759377438,213.12357729507585,57.138493260805944,57.27449621050412,55.63552035769571,55.85044841878282,11160.0,136.69880436874027,51.587311975753465
5.923076923076924,0.0,0.0,4.355555555555557,0.0,8.076923076923078,4.977777777777778,2.3695140762385623,2.665526268888512,2.8810638444243946,2.7371907938268727,2.457484285802326,2.6505143113019747,3.4073714747075674,1136.594364679086,1075.9046412245048,92.03145422791813,2.0,2.0,2.0,2.0,1.1847570381192811,1.1847570381192811,2.3695140762385623,0.0,0.0,0.0,0.0,0.0,0.0,2.961538461538462,1.480769230769231,1.480769230769231,1.2975144323639112,1.2975144323639112,2.5950288647278223,0.0,0.0,0.0,0.0,0.0,0.0,3.1670988241209663,1.5835494120604832,1.5835494120604832,1.0888888888888892,1.0888888888888892,2.1777777777777785,0.0,0.0,0.0,0.0,0.0,0.0,2.7371907938268727,1.3685953969134363,1.3685953969134363,1.3252571556509873,2.6505143113019747,3.2292952444921617,2.995961911158828,0.0,0.0,0.0,0.0,4.038461538461539,2.0192307692307696,1.0096153846153848,1.0096153846153848,0.0,0.0,0.0,0.0,0.0,0.0,0.0,0.0,0.0,0.0,0.0,0.0,1.2444444444444445,2.488888888888889,0.6222222222222222,0.6222222222222222,0.0,0.0,0.0,0.0,3.4073714747075674,1.7036857373537837,3.535176202010225,3.3018428686768915,0.0,0.0,0.0,0.0,0.0,0.0,0.501054482222401,0.46216559333351215,0.5017373063624037,0.46284841747351474,5.7896447935443724,5.473311260021414,98.81396799610127,98.93672875115539,62,219.84986539115076,213.08779890377323,213.94505471008767,219.87334189341257,212.29942784923873,212.6259623934986,213.06696177310565,219.86401353276352,219.8458118670962,212.79510905026902,212.9338592922561,219.91731817863683,180.0,180.0,219.9656241653312,213.24867315624405,213.0228370738511,208.77452883462678,210.4862253265075,209.7082944340961,180.0,180.0,219.9746021412037,211.59088935767585,212.04134861591666,59.50484370331126,59.52915229318507,59.29579919334503,59.33729963355944,11340.0,141.90694585610092,67.2201033565142
0.0,4.166666666666667,5.0,0.0,5.416666666666668,0.0,0.0,2.380147057971298,2.676960782609263,2.951904713252912,2.978274804689705,3.248216276046076,1.1367172088249933,1.3715698991591314,1160.400404591846,1098.2747486774147,94.45104076722662,2.0,1.9987426912232633,2.0,1.9988674143857907,0.0,0.0,0.0,1.0416666666666667,2.0833333333333335,1.0416666666666667,1.3384803913046315,2.676960782609263,1.3384803913046315,0.0,0.0,0.0,0.0,0.0,0.0,1.25,2.5,1.25,1.475952356626456,2.951904713252912,1.475952356626456,0.0,0.0,0.0,0.0,0.0,0.0,1.354166666666667,2.708333333333334,1.354166666666667,1.624108138023038,3.248216276046076,1.624108138023038,0.0,0.0,0.0,0.0,0.0,0.0,0.0,1.1367172088249933,1.1367172088249933,3.2756060977138826,3.0811616532694384,0.0,0.0,0.0,0.0,0.0,0.0,0.0,0.0,0.0,0.0,0.0,0.0,0.0,0.0,0.0,0.0,0.0,0.0,0.0,0.0,1.3715698991591314,1.3715698991591314,4.054903232492465,3.821569899159131,0.0,0.0,0.0,0.0,0.0,0.0,0.0,0.0,0.0,0.0,0.6480166109016154,0.6091277220127267,0.5849330252373025,0.5460441363484135,5.92031783580183,5.5952346088515394,98.50573386549755,98.64629045769686,63,219.86203703703703,211.93823824919633,213.13585758088306,219.8076210826211,213.1646663485029,212.75584745758613,213.19221915375263,219.95008680555557,219.86203703703703,213.53957190016934,213.45283020858705,219.8402777777778,180.0,180.0,219.9229723030772,211.35187807838454,209.92612433142176,209.00087953037524,210.3348534401149,209.35824524403097,180.0,180.0,219.91605493608782,212.6360575937745,213.12357729507588,57.138493260805944,57.27449621050412,55.63552035769573,55.850448418782825,11520.0,136.69880436873603,51.587311975753
5.923076923076924,0.0,0.0,4.355555555555557,0.0,8.076923076923078,4.977777777777778,2.3695140762385516,2.665526268888507,2.8810638444243857,2.737190793826862,2.4574842858023205,2.650514311301957,3.4073714747075505,1136.5943646790852,1075.9046412245038,92.03145422791805,2.0,2.0,2.0,2.0,1.1847570381192758,1.1847570381192758,2.3695140762385516,0.0,0.0,0.0,0.0,0.0,0.0,2.961538461538462,1.480769230769231,1.480769230769231,1.297514432363907,1.297514432363907,2.595028864727814,0.0,0.0,0.0,0.0,0.0,0.0,3.1670988241209574,1.5835494120604787,1.5835494120604787,1.0888888888888892,1.0888888888888892,2.1777777777777785,0.0,0.0,0.0,0.0,0.0,0.0,2.737190793826862,1.368595396913431,1.368595396913431,1.3252571556509785,2.650514311301957,3.2292952444921568,2.9959619111588234,0.0,0.0,0.0,0.0,4.038461538461539,2.0192307692307696,1.0096153846153848,1.0096153846153848,0.0,0.0,0.0,0.0,0.0,0.0,0.0,0.0,0.0,0.0,0.0,0.0,1.2444444444444445,2.488888888888889,0.6222222222222222,0.6222222222222222,0.0,0.0,0.0,0.0,3.4073714747075505,1.7036857373537753,3.5351762020102204,3.3018428686768875,0.0,0.0,0.0,0.0,0.0,0.0,0.5010544822224009,0.46216559333351204,0.5017373063624035,0.46284841747351474,5.789644793544368,5.473311260021409,98.81396799610127,98.93672875115539,64,219.84986539115076,213.08779890377343,213.94505471008787,219.87334189341257,212.29942784923887,212.62596239349875,213.06696177310582,219.86401353276352,219.8458118670962,212.79510905026893,212.93385929225636,219.91731817863683,180.0,180.0,219.9656241653312,213.24867315624437,213.02283707385126,208.77452883462672,210.4862253265087,209.70829443409653,180.0,180.0,219.9746021412037,211.5908893576759,212.04134861591666,59.504843703311266,59.52915229318507,59.29579919334503,59.33729963355944,11700.0,141.90694585609765,67.22010335651406
0.0,4.166666666666667,5.0,0.0,5.416666666666668,0.0,0.0,2.380147057971298,2.676960782609262,2.951904713252905,2.9782748046897027,3.2482162760460715,1.136717208824992,1.37156989915913,1160.4004045918457,1098.2747486774142,94.4510407672266,2.0,1.9987426912232633,2.0,1.9988674143857907,0.0,0.0,0.0,1.0416666666666667,2.0833333333333335,1.0416666666666667,1.338480391304631,2.676960782609262,1.338480391304631,0.0,0.0,0.0,0.0,0.0,0.0,1.25,2.5,1.25,1.4759523566264525,2.951904713252905,1.4759523566264525,0.0,0.0,0.0,0.0,0.0,0.0,1.354166666666667,2.708333333333334,1.354166666666667,1.6241081380230358,3.2482162760460715,1.6241081380230358,0.0,0.0,0.0,0.0,0.0,0.0,0.0,1.136717208824992,1.136717208824992,3.2756060977138812,3.081161653269437,0.0,0.0,0.0,0.0,0.0,0.0,0.0,0.0,0.0,0.0,0.0,0.0,0.0,0.0,0.0,0.0,0.0,0.0,0.0,0.0,1.37156989915913,1.37156989915913,4.054903232492463,3.8215698991591296,0.0,0.0,0.0,0.0,0.0,0.0,0.0,0.0,0.0,0.0,0.6480166109016154,0.6091277220127266,0.5849330252373025,0.5460441363484135,5.9203178358018285,5.595234608851538,98.50573386549753,98.64629045769686,65,219.86203703703703,211.9382382491965,213.13585758088323,219.8076210826211,213.16466634850298,212.7558474575862,213.1922191537528,219.95008680555557,219.86203703703703,213.53957190016925,213.4528302085873,219.8402777777778,180.0,180.0,219.9229723030772,211.35187807838489,209.92612433142193,209.00087953037516,210.33485344011606,209.3582452440314,180.0,180.0,219.91605493608782,212.63605759377452,213.12357729507588,57.138493260805944,57.27449621050412,55.63552035769573,55.850448418782825,11880.0,136.6988043687331,51.58731197575297
5.923076923076924,0.0,0.0,4.355555555555557,0.0,8.076923076923078,4.977777777777778,2.369514076238551,2.665526268888507,2.8810638444243852,2.7371907938268607,2.4574842858023196,2.650514311301956,3.407371474707549,1136.5943646790852,1075.9046412245036,92.03145422791803,2.0,2.0,2.0,2.0,1.1847570381192756,1.1847570381192756,2.369514076238551,0.0,0.0,0.0,0.0,0.0,0.0,2.961538461538462,1.480769230769231,1.480769230769231,1.2975144323639067,1.2975144323639067,2.5950288647278135,0.0,0.0,0.0,0.0,0.0,0.0,3.167098824120957,1.5835494120604785,1.5835494120604785,1.0888888888888892,1.0888888888888892,2.1777777777777785,0.0,0.0,0.0,0.0,0.0,0.0,2.7371907938268607,1.3685953969134304,1.3685953969134304,1.325257155650978,2.650514311301956,3.2292952444921568,2.995961911158823,0.0,0.0,0.0,0.0,4.038461538461539,2.0192307692307696,1.0096153846153848,1.0096153846153848,0.0,0.0,0.0,0.0,0.0,0.0,0.0,0.0,0.0,0.0,0.0,0.0,1.2444444444444445,2.488888888888889,0.6222222222222222,0.6222222222222222,0.0,0.0,0.0,0.0,3.407371474707549,1.7036857373537746,3.5351762020102204,3.301842868676887,0.0,0.0,0.0,0.0,0.0,0.0,0.5010544822224009,0.4621655933335121,0.5017373063624035,0.46284841747351474,5.789644793544367,5.473311260021408,98.81396799610127,98.93672875115539,66,219.84986539115076,213.0877989037736,213.94505471008804,219.87334189341257,212.29942784923895,212.62596239349884,213.066961773106,219.86401353276352,219.8458118670962,212.79510905026885,212.9338592922566,219.91731817863683,180.0,180.0,219.9656241653312,213.2486731562447,213.02283707385143,208.77452883462664,210.4862253265098,209.70829443409696,180.0,180.0,219.9746021412037,211.5908893576759,212.04134861591666,59.50484370331126,59.52915229318507,59.29579919334503,59.33729963355944,12060.0,141.90694585609484,67.22010335651404
0.0,4.166666666666667,5.0,0.0,5.416666666666668,0.0,0.0,2.380147057971298,2.676960782609262,2.9519047132529037,2.9782748046897027,3.2482162760460715,1.1367172088249917,1.37156989915913,1160.4004045918457,1098.2747486774142,94.4510407672266,2.0,1.9987426912232633,2.0,1.9988674143857907,0.0,0.0,0.0,1.0416666666666667,2.0833333333333335,1.0416666666666667,1.338480391304631,2.676960782609262,1.338480391304631,0.0,0.0,0.0,0.0,0.0,0.0,1.25,2.5,1.25,1.4759523566264519,2.9519047132529037,1.4759523566264519,0.0,0.0,0.0,0.0,0.0,0.0,1.354166666666667,2.708333333333334,1.354166666666667,1.6241081380230358,3.2482162760460715,1.6241081380230358,0.0,0.0,0.0,0.0,0.0,0.0,0.0,1.1367172088249917,1.1367172088249917,3.2756060977138812,3.081161653269437,0.0,0.0,0.0,0.0,0.0,0.0,0.0,0.0,0.0,0.0,0.0,0.0,0.0,0.0,0.0,0.0,0.0,0.0,0.0,0.0,1.37156989915913,1.37156989915913,4.054903232492463,3.821569899159129,0.0,0.0,0.0,0.0,0.0,0.0,0.0,0.0,0.0,0.0,0.6480166109016154,0.6091277220127266,0.5849330252373025,0.5460441363484135,5.9203178358018285,5.595234608851538,98.50573386549753,98.64629045769686,67,219.86203703703703,211.93823824919667,213.1358575808834,219.8076210826211,213.16466634850306,212.7558474575863,213.19221915375297,219.95008680555557,219.86203703703703,213.53957190016916,213.4528302085875,219.8402777777778,180.0,180.0,219.9229723030772,211.35187807838523,209.9261243314221,209.00087953037507,210.33485344011717,209.35824524403182,180.0,180.0,219.91605493608782,212.63605759377452,213.12357729507588,57.138493260805944,57.27449621050412,55.63552035769573,55.850448418782825,12240.0,136.69880436873035,51.58731197575296
5.923076923076924,0.0,0.0,4.355555555555557,0.0,8.076923076923078,4.977777777777778,2.3695140762385507,2.6655262688885064,2.881063844424385,2.737190793826861,2.4574842858023196,2.650514311301956,3.407371474707549,1136.5943646790852,1075.9046412245036,92.03145422791803,2.0,2.0,2.0,2.0,1.1847570381192754,1.1847570381192754,2.3695140762385507,0.0,0.0,0.0,0.0,0.0,0.0,2.961538461538462,1.480769230769231,1.480769230769231,1.2975144323639065,1.2975144323639065,2.595028864727813,0.0,0.0,0.0,0.0,0.0,0.0,3.167098824120957,1.5835494120604785,1.5835494120604785,1.0888888888888892,1.0888888888888892,2.1777777777777785,0.0,0.0,0.0,0.0,0.0,0.0,2.737190793826861,1.3685953969134306,1.3685953969134306,1.325257155650978,2.650514311301956,3.2292952444921568,2.995961911158823,0.0,0.0,0.0,0.0,4.038461538461539,2.0192307692307696,1.0096153846153848,1.0096153846153848,0.0,0.0,0.0,0.0,0.0,0.0,0.0,0.0,0.0,0.0,0.0,0.0,1.2444444444444445,2.488888888888889,0.6222222222222222,0.6222222222222222,0.0,0.0,0.0,0.0,3.407371474707549,1.7036857373537746,3.53517620201022,3.3018428686768866,0.0,0.0,0.0,0.0,0.0,0.0,0.501054482222401,0.462165593333512,0.5017373063624035,0.46284841747351474,5.789644793544367,5.473311260021408,98.81396799610127,98.93672875115539,68,219.84986539115076,213.08779890377377,213.94505471008821,219.87334189341257,212.29942784923904,212.62596239349892,213.06696177310616,219.86401353276352,219.8458118670962,212.79510905026876,212.93385929225678,219.91731817863683,180.0,180.0,219.9656241653312,213.24867315624505,213.0228370738516,208.77452883462655,210.48622532651092,209.70829443409738,180.0,180.0,219.9746021412037,211.5908893576759,212.04134861591666,59.50484370331126,59.52915229318507,59.29579919334503,59.33729963355944,12420.0,141.9069458560921,67.22010335651404
0.0,4.166666666666667,5.0,0.0,5.416666666666668,0.0,0.0,2.380147057971298,2.676960782609262,2.9519047132529037,2.9782748046897027,3.2482162760460715,1.1367172088249917,1.37156989915913,1160.4004045918457,1098.2747486774142,94.4510407672266,2.0,1.9987426912232633,2.0,1.9988674143857907,0.0,0.0,0.0,1.0416666666666667,2.0833333333333335,1.0416666666666667,1.338480391304631,2.676960782609262,1.338480391304631,0.0,0.0,0.0,0.0,0.0,0.0,1.25,2.5,1.25,1.4759523566264519,2.9519047132529037,1.4759523566264519,0.0,0.0,0.0,0.0,0.0,0.0,1.354166666666667,2.708333333333334,1.354166666666667,1.6241081380230358,3.2482162760460715,1.6241081380230358,0.0,0.0,0.0,0.0,0.0,0.0,0.0,1.1367172088249917,1.1367172088249917,3.2756060977138812,3.081161653269437,0.0,0.0,0.0,0.0,0.0,0.0,0.0,0.0,0.0,0.0,0.0,0.0,0.0,0.0,0.0,0.0,0.0,0.0,0.0,0.0,1.37156989915913,1.37156989915913,4.054903232492463,3.821569899159129,0.0,0.0,0.0,0.0,0.0,0.0,0.0,0.0,0.0,0.0,0.6480166109016154,0.6091277220127266,0.5849330252373025,0.5460441363484135,5.9203178358018285,5.595234608851538,98.50573386549755,98.64629045769686,69,219.86203703703703,211.93823824919684,213.13585758088357,219.8076210826211,213.16466634850315,212.75584745758638,213.19221915375314,219.95008680555557,219.86203703703703,213.53957190016908,213.45283020858767,219.8402777777778,180.0,180.0,219.9229723030772,211.35187807838557,209.92612433142227,209.000879530375,210.33485344011828,209.35824524403225,180.0,180.0,219.91605493608782,212.63605759377452,213.12357729507588,57.138493260805944,57.27449621050412,55.63552035769573,55.850448418782825,12600.0,136.69880436872762,51.58731197575296
5.923076923076924,0.0,0.0,4.355555555555557,0.0,8.076923076923078,4.977777777777778,2.3695140762385507,2.6655262688885064,2.881063844424385,2.737190793826861,2.4574842858023196,2.650514311301956,3.407371474707549,1136.5943646790852,1075.9046412245036,92.03145422791803,2.0,2.0,2.0,2.0,1.1847570381192754,1.1847570381192754,2.3695140762385507,0.0,0.0,0.0,0.0,0.0,0.0,2.961538461538462,1.480769230769231,1.480769230769231,1.2975144323639065,1.2975144323639065,2.595028864727813,0.0,0.0,0.0,0.0,0.0,0.0,3.167098824120957,1.5835494120604785,1.5835494120604785,1.0888888888888892,1.0888888888888892,2.1777777777777785,0.0,0.0,0.0,0.0,0.0,0.0,2.737190793826861,1.3685953969134306,1.3685953969134306,1.325257155650978,2.650514311301956,3.2292952444921568,2.995961911158823,0.0,0.0,0.0,0.0,4.038461538461539,2.0192307692307696,1.0096153846153848,1.0096153846153848,0.0,0.0,0.0,0.0,0.0,0.0,0.0,0.0,0.0,0.0,0.0,0.0,1.2444444444444445,2.488888888888889,0.6222222222222222,0.6222222222222222,0.0,0.0,0.0,0.0,3.407371474707549,1.7036857373537746,3.53517620201022,3.3018428686768866,0.0,0.0,0.0,0.0,0.0,0.0,0.501054482222401,0.462165593333512,0.5017373063624035,0.46284841747351474,5.789644793544367,5.473311260021408,98.81396799610127,98.93672875115539,70,219.84986539115076,213.08779890377394,213.94505471008839,219.87334189341257,212.29942784923912,212.625962393499,213.06696177310633,219.86401353276352,219.8458118670962,212.79510905026868,212.93385929225695,219.91731817863683,180.0,180.0,219.9656241653312,213.2486731562454,213.02283707385178,208.77452883462647,210.48622532651203,209.7082944340978,180.0,180.0,219.9746021412037,211.5908893576759,212.04134861591666,59.50484370331126,59.52915229318507,59.29579919334503,59.33729963355944,12780.0,141.90694585608938,67.22010335651404
0.0,4.166666666666667,5.0,0.0,5.416666666666668,0.0,0.0,2.380147057971298,2.676960782609262,2.9519047132529037,2.9782748046897027,3.2482162760460715,1.1367172088249917,1.37156989915913,1160.4004045918457,1098.2747486774142,94.4510407672266,2.0,1.9987426912232633,2.0,1.9988674143857907,0.0,0.0,0.0,1.0416666666666667,2.0833333333333335,1.0416666666666667,1.338480391304631,2.676960782609262,1.338480391304631,0.0,0.0,0.0,0.0,0.0,0.0,1.25,2.5,1.25,1.4759523566264519,2.9519047132529037,1.4759523566264519,0.0,0.0,0.0,0.0,0.0,0.0,1.354166666666667,2.708333333333334,1.354166666666667,1.6241081380230358,3.2482162760460715,1.6241081380230358,0.0,0.0,0.0,0.0,0.0,0.0,0.0,1.1367172088249917,1.1367172088249917,3.2756060977138812,3.081161653269437,0.0,0.0,0.0,0.0,0.0,0.0,0.0,0.0,0.0,0.0,0.0,0.0,0.0,0.0,0.0,0.0,0.0,0.0,0.0,0.0,1.37156989915913,1.37156989915913,4.054903232492463,3.821569899159129,0.0,0.0,0.0,0.0,0.0,0.0,0.0,0.0,0.0,0.0,0.6480166109016154,0.6091277220127266,0.5849330252373025,0.5460441363484135,5.9203178358018285,5.595234608851538,98.50573386549755,98.64629045769686,71,219.86203703703703,211.938238249197,213.13585758088374,219.8076210826211,213.16466634850323,212.75584745758647,213.1922191537533,219.95008680555557,219.86203703703703,213.539571900169,213.45283020858784,219.8402777777778,180.0,180.0,219.9229723030772,211.3518780783859,209.92612433142244,209.0008795303749,210.3348534401194,209.35824524403267,180.0,180.0,219.91605493608782,212.63605759377452,213.12357729507588,57.138493260805944,57.27449621050412,55.63552035769573,55.850448418782825,12960.0,136.6988043687249,51.58731197575296
5.923076923076924,0.0,0.0,4.355555555555557,0.0,8.076923076923078,4.977777777777778,2.3695140762385507,2.6655262688885064,2.881063844424385,2.737190793826861,2.4574842858023196,2.650514311301956,3.407371474707549,1136.5943646790852,1075.9046412245036,92.03145422791803,2.0,2.0,2.0,2.0,1.1847570381192754,1.1847570381192754,2.3695140762385507,0.0,0.0,0.0,0.0,0.0,0.0,2.961538461538462,1.480769230769231,1.480769230769231,1.2975144323639065,1.2975144323639065,2.595028864727813,0.0,0.0,0.0,0.0,0.0,0.0,3.167098824120957,1.5835494120604785,1.5835494120604785,1.0888888888888892,1.0888888888888892,2.1777777777777785,0.0,0.0,0.0,0.0,0.0,0.0,2.737190793826861,1.3685953969134306,1.3685953969134306,1.325257155650978,2.650514311301956,3.2292952444921568,2.995961911158823,0.0,0.0,0.0,0.0,4.038461538461539,2.0192307692307696,1.0096153846153848,1.0096153846153848,0.0,0.0,0.0,0.0,0.0,0.0,0.0,0.0,0.0,0.0,0.0,0.0,1.2444444444444445,2.488888888888889,0.6222222222222222,0.6222222222222222,0.0,0.0,0.0,0.0,3.407371474707549,1.7036857373537746,3.53517620201022,3.3018428686768866,0.0,0.0,0.0,0.0,0.0,0.0,0.501054482222401,0.462165593333512,0.5017373063624035,0.46284841747351474,5.789644793544367,5.473311260021408,98.81396799610127,98.93672875115539,72,219.84986539115076,213.08779890377411,213.94505471008856,219.87334189341257,212.2994278492392,212.6259623934991,213.0669617731065,219.86401353276352,219.8458118670962,212.7951090502686,212.93385929225713,219.91731817863683,180.0,180.0,219.9656241653312,213.24867315624573,213.02283707385195,208.77452883462638,210.48622532651314,209.70829443409824,180.0,180.0,219.9746021412037,211.5908893576759,212.04134861591666,59.50484370331126,59.52915229318507,59.29579919334503,59.33729963355944,13140.0,141.90694585608665,67.22010335651404
0.0,4.166666666666667,5.0,0.0,5.416666666666668,0.0,0.0,2.380147057971298,2.676960782609262,2.9519047132529037,2.9782748046897027,3.2482162760460715,1.1367172088249917,1.37156989915913,1160.4004045918457,1098.2747486774142,94.4510407672266,2.0,1.9987426912232633,2.0,1.9988674143857907,0.0,0.0,0.0,1.0416666666666667,2.0833333333333335,1.0416666666666667,1.338480391304631,2.676960782609262,1.338480391304631,0.0,0.0,0.0,0.0,0.0,0.0,1.25,2.5,1.25,1.4759523566264519,2.9519047132529037,1.4759523566264519,0.0,0.0,0.0,0.0,0.0,0.0,1.354166666666667,2.708333333333334,1.354166666666667,1.6241081380230358,3.2482162760460715,1.6241081380230358,0.0,0.0,0.0,0.0,0.0,0.0,0.0,1.1367172088249917,1.1367172088249917,3.2756060977138812,3.081161653269437,0.0,0.0,0.0,0.0,0.0,0.0,0.0,0.0,0.0,0.0,0.0,0.0,0.0,0.0,0.0,0.0,0.0,0.0,0.0,0.0,1.37156989915913,1.37156989915913,4.054903232492463,3.821569899159129,0.0,0.0,0.0,0.0,0.0,0.0,0.0,0.0,0.0,0.0,0.6480166109016154,0.6091277220127266,0.5849330252373025,0.5460441363484135,5.9203178358018285,5.595234608851538,98.50573386549755,98.64629045769686,73,219.86203703703703,211.93823824919718,213.1358575808839,219.8076210826211,213.16466634850332,212.75584745758655,213.19221915375348,219.95008680555557,219.86203703703703,213.5395719001689,213.452830208588,219.8402777777778,180.0,180.0,219.9229723030772,211.35187807838625,209.9261243314226,209.00087953037482,210.3348534401205,209.3582452440331,180.0,180.0,219.91605493608782,212.63605759377452,213.12357729507588,57.138493260805944,57.27449621050412,55.63552035769573,55.850448418782825,13320.0,136.69880436872216,51.58731197575296
5.923076923076924,0.0,0.0,4.355555555555557,0.0,8.076923076923078,4.977777777777778,2.3695140762385507,2.6655262688885064,2.881063844424385,2.737190793826861,2.4574842858023196,2.650514311301956,3.407371474707549,1136.5943646790852,1075.9046412245036,92.03145422791803,2.0,2.0,2.0,2.0,1.1847570381192754,1.1847570381192754,2.3695140762385507,0.0,0.0,0.0,0.0,0.0,0.0,2.961538461538462,1.480769230769231,1.480769230769231,1.2975144323639065,1.2975144323639065,2.595028864727813,0.0,0.0,0.0,0.0,0.0,0.0,3.167098824120957,1.5835494120604785,1.5835494120604785,1.0888888888888892,1.0888888888888892,2.1777777777777785,0.0,0.0,0.0,0.0,0.0,0.0,2.737190793826861,1.3685953969134306,1.3685953969134306,1.325257155650978,2.650514311301956,3.2292952444921568,2.995961911158823,0.0,0.0,0.0,0.0,4.038461538461539,2.0192307692307696,1.0096153846153848,1.0096153846153848,0.0,0.0,0.0,0.0,0.0,0.0,0.0,0.0,0.0,0.0,0.0,0.0,1.2444444444444445,2.488888888888889,0.6222222222222222,0.6222222222222222,0.0,0.0,0.0,0.0,3.407371474707549,1.7036857373537746,3.53517620201022,3.3018428686768866,0.0,0.0,0.0,0.0,0.0,0.0,0.501054482222401,0.462165593333512,0.5017373063624035,0.46284841747351474,5.789644793544367,5.473311260021408,98.81396799610127,98.93672875115539,74,219.84986539115076,213.08779890377429,213.94505471008873,219.87334189341257,212.2994278492393,212.62596239349918,213.06696177310667,219.86401353276352,219.8458118670962,212.7951090502685,212.9338592922573,219.91731817863683,180.0,180.0,219.9656241653312,213.24867315624607,213.02283707385212,208.7745288346263,210.48622532651424,209.70829443409866,180.0,180.0,219.9746021412037,211.5908893576759,212.04134861591666,59.50484370331126,59.52915229318507,59.29579919334503,59.33729963355944,13500.0,141.90694585608392,67.22010335651404
0.0,4.166666666666667,5.0,0.0,5.416666666666668,0.0,0.0,2.380147057971298,2.676960782609262,2.9519047132529037,2.9782748046897027,3.2482162760460715,1.1367172088249917,1.37156989915913,1160.4004045918457,1098.2747486774142,94.4510407672266,2.0,1.9987426912232633,2.0,1.9988674143857907,0.0,0.0,0.0,1.0416666666666667,2.0833333333333335,1.0416666666666667,1.338480391304631,2.676960782609262,1.338480391304631,0.0,0.0,0.0,0.0,0.0,0.0,1.25,2.5,1.25,1.4759523566264519,2.9519047132529037,1.4759523566264519,0.0,0.0,0.0,0.0,0.0,0.0,1.354166666666667,2.708333333333334,1.354166666666667,1.6241081380230358,3.2482162760460715,1.6241081380230358,0.0,0.0,0.0,0.0,0.0,0.0,0.0,1.1367172088249917,1.1367172088249917,3.2756060977138812,3.081161653269437,0.0,0.0,0.0,0.0,0.0,0.0,0.0,0.0,0.0,0.0,0.0,0.0,0.0,0.0,0.0,0.0,0.0,0.0,0.0,0.0,1.37156989915913,1.37156989915913,4.054903232492463,3.821569899159129,0.0,0.0,0.0,0.0,0.0,0.0,0.0,0.0,0.0,0.0,0.6480166109016154,0.6091277220127266,0.5849330252373025,0.5460441363484135,5.9203178358018285,5.595234608851538,98.50573386549755,98.64629045769686,75,219.86203703703703,211.93823824919735,213.13585758088408,219.8076210826211,213.1646663485034,212.75584745758664,213.19221915375365,219.95008680555557,219.86203703703703,213.53957190016882,213.45283020858818,219.8402777777778,180.0,180.0,219.9229723030772,211.3518780783866,209.92612433142278,209.00087953037473,210.3348534401216,209.35824524403353,180.0,180.0,219.91605493608782,212.63605759377452,213.12357729507588,57.138493260805944,57.27449621050412,55.63552035769573,55.850448418782825,13680.0,136.69880436871944,51.58731197575296
5.923076923076924,0.0,0.0,4.355555555555557,0.0,8.076923076923078,4.977777777777778,2.3695140762385507,2.6655262688885064,2.881063844424385,2.737190793826861,2.4574842858023196,2.650514311301956,3.407371474707549,1136.5943646790852,1075.9046412245036,92.03145422791803,2.0,2.0,2.0,2.0,1.1847570381192754,1.1847570381192754,2.3695140762385507,0.0,0.0,0.0,0.0,0.0,0.0,2.961538461538462,1.480769230769231,1.480769230769231,1.2975144323639065,1.2975144323639065,2.595028864727813,0.0,0.0,0.0,0.0,0.0,0.0,3.167098824120957,1.5835494120604785,1.5835494120604785,1.0888888888888892,1.0888888888888892,2.1777777777777785,0.0,0.0,0.0,0.0,0.0,0.0,2.737190793826861,1.3685953969134306,1.3685953969134306,1.325257155650978,2.650514311301956,3.2292952444921568,2.995961911158823,0.0,0.0,0.0,0.0,4.038461538461539,2.0192307692307696,1.0096153846153848,1.0096153846153848,0.0,0.0,0.0,0.0,0.0,0.0,0.0,0.0,0.0,0.0,0.0,0.0,1.2444444444444445,2.488888888888889,0.6222222222222222,0.6222222222222222,0.0,0.0,0.0,0.0,3.407371474707549,1.7036857373537746,3.53517620201022,3.3018428686768866,0.0,0.0,0.0,0.0,0.0,0.0,0.501054482222401,0.462165593333512,0.5017373063624035,0.46284841747351474,5.789644793544367,5.473311260021408,98.81396799610127,98.93672875115539,76,219.84986539115076,213.08779890377446,213.9450547100889,219.87334189341257,212.29942784923938,212.62596239349926,213.06696177310684,219.86401353276352,219.8458118670962,212.79510905026842,212.93385929225747,219.91731817863683,180.0,180.0,219.9656241653312,213.2486731562464,213.0228370738523,208.7745288346262,210.48622532651535,209.7082944340991,180.0,180.0,219.9746021412037,211.5908893576759,212.04134861591666,59.50484370331126,59.52915229318507,59.29579919334503,59.33729963355944,13860.0,141.9069458560812,67.22010335651404
0.0,4.166666666666667,5.0,0.0,5.416666666666668,0.0,0.0,2.380147057971298,2.676960782609262,2.9519047132529037,2.9782748046897027,3.2482162760460715,1.1367172088249917,1.37156989915913,1160.4004045918457,1098.2747486774142,94.4510407672266,2.0,1.9987426912232633,2.0,1.9988674143857907,0.0,0.0,0.0,1.0416666666666667,2.0833333333333335,1.0416666666666667,1.338480391304631,2.676960782609262,1.338480391304631,0.0,0.0,0.0,0.0,0.0,0.0,1.25,2.5,1.25,1.4759523566264519,2.9519047132529037,1.4759523566264519,0.0,0.0,0.0,0.0,0.0,0.0,1.354166666666667,2.708333333333334,1.354166666666667,1.6241081380230358,3.2482162760460715,1.6241081380230358,0.0,0.0,0.0,0.0,0.0,0.0,0.0,1.1367172088249917,1.1367172088249917,3.2756060977138812,3.081161653269437,0.0,0.0,0.0,0.0,0.0,0.0,0.0,0.0,0.0,0.0,0.0,0.0,0.0,0.0,0.0,0.0,0.0,0.0,0.0,0.0,1.37156989915913,1.37156989915913,4.054903232492463,3.821569899159129,0.0,0.0,0.0,0.0,0.0,0.0,0.0,0.0,0.0,0.0,0.6480166109016154,0.6091277220127266,0.5849330252373025,0.5460441363484135,5.9203178358018285,5.595234608851538,98.50573386549755,98.64629045769686,77,219.86203703703703,211.93823824919752,213.13585758088425,219.8076210826211,213.1646663485035,212.75584745758673,213.19221915375383,219.95008680555557,219.86203703703703,213.53957190016874,213.45283020858835,219.8402777777778,180.0,180.0,219.9229723030772,211.35187807838693,209.92612433142295,209.00087953037465,210.3348534401227,209.35824524403395,180.0,180.0,219.91605493608782,212.63605759377452,213.12357729507588,57.138493260805944,57.27449621050412,55.63552035769573,55.850448418782825,14040.0,136.6988043687167,51.58731197575296
5.923076923076924,0.0,0.0,4.355555555555557,0.0,8.076923076923078,4.977777777777778,2.3695140762385507,2.6655262688885064,2.881063844424385,2.737190793826861,2.4574842858023196,2.650514311301956,3.407371474707549,1136.5943646790852,1075.9046412245036,92.03145422791803,2.0,2.0,2.0,2.0,1.1847570381192754,1.1847570381192754,2.3695140762385507,0.0,0.0,0.0,0.0,0.0,0.0,2.961538461538462,1.480769230769231,1.480769230769231,1.2975144323639065,1.2975144323639065,2.595028864727813,0.0,0.0,0.0,0.0,0.0,0.0,3.167098824120957,1.5835494120604785,1.5835494120604785,1.0888888888888892,1.0888888888888892,2.1777777777777785,0.0,0.0,0.0,0.0,0.0,0.0,2.737190793826861,1.3685953969134306,1.3685953969134306,1.325257155650978,2.650514311301956,3.2292952444921568,2.995961911158823,0.0,0.0,0.0,0.0,4.038461538461539,2.0192307692307696,1.0096153846153848,1.0096153846153848,0.0,0.0,0.0,0.0,0.0,0.0,0.0,0.0,0.0,0.0,0.0,0.0,1.2444444444444445,2.488888888888889,0.6222222222222222,0.6222222222222222,0.0,0.0,0.0,0.0,3.407371474707549,1.7036857373537746,3.53517620201022,3.3018428686768866,0.0,0.0,0.0,0.0,0.0,0.0,0.501054482222401,0.462165593333512,0.5017373063624035,0.46284841747351474,5.789644793544367,5.473311260021408,98.81396799610127,98.93672875115539,78,219.84986539115076,213.08779890377463,213.94505471008907,219.87334189341257,212.29942784923946,212.62596239349935,213.066961773107,219.86401353276352,219.8458118670962,212.79510905026834,212.93385929225764,219.91731817863683,180.0,180.0,219.9656241653312,213.24867315624675,213.02283707385246,208.77452883462612,210.48622532651646,209.7082944340995,180.0,180.0,219.9746021412037,211.5908893576759,212.04134861591666,59.50484370331126,59.52915229318507,59.29579919334503,59.33729963355944,14220.0,141.90694585607847,67.22010335651404
0.0,4.166666666666667,5.0,0.0,5.416666666666668,0.0,0.0,2.380147057971298,2.676960782609262,2.9519047132529037,2.9782748046897027,3.2482162760460715,1.1367172088249917,1.37156989915913,1160.4004045918457,1098.2747486774142,94.4510407672266,2.0,1.9987426912232633,2.0,1.9988674143857907,0.0,0.0,0.0,1.0416666666666667,2.0833333333333335,1.0416666666666667,1.338480391304631,2.676960782609262,1.338480391304631,0.0,0.0,0.0,0.0,0.0,0.0,1.25,2.5,1.25,1.4759523566264519,2.9519047132529037,1.4759523566264519,0.0,0.0,0.0,0.0,0.0,0.0,1.354166666666667,2.708333333333334,1.354166666666667,1.6241081380230358,3.2482162760460715,1.6241081380230358,0.0,0.0,0.0,0.0,0.0,0.0,0.0,1.1367172088249917,1.1367172088249917,3.2756060977138812,3.081161653269437,0.0,0.0,0.0,0.0,0.0,0.0,0.0,0.0,0.0,0.0,0.0,0.0,0.0,0.0,0.0,0.0,0.0,0.0,0.0,0.0,1.37156989915913,1.37156989915913,4.054903232492463,3.821569899159129,0.0,0.0,0.0,0.0,0.0,0.0,0.0,0.0,0.0,0.0,0.6480166109016154,0.6091277220127266,0.5849330252373025,0.5460441363484135,5.9203178358018285,5.595234608851538,98.50573386549755,98.64629045769686,79,219.86203703703703,211.9382382491977,213.13585758088442,219.8076210826211,213.16466634850357,212.7558474575868,213.192219153754,219.95008680555557,219.86203703703703,213.53957190016865,213.45283020858852,219.8402777777778,180.0,180.0,219.9229723030772,211.35187807838727,209.92612433142313,209.00087953037456,210.33485344012382,209.35824524403438,180.0,180.0,219.91605493608782,212.63605759377452,213.12357729507588,57.138493260805944,57.27449621050412,55.63552035769573,55.850448418782825,14400.0,136.69880436871398,51.58731197575296
