N_P_star,N_UF_star,allocation_A_E_to_N,allocation_A_E_to_S,allocation_A_E_to_W,allocation_A_N_to_E,allocation_A_N_to_S,allocation_A_N_to_W,allocation_A_S_to_E,allocation_A_S_to_N,allocation_A_S_to_W,allocation_A_W_to_E,allocation_A_W_to_N,allocation_A_W_to_S,allocation_B_E_to_N,allocation_B_E_to_S,allocation_B_E_to_W,allocation_B_N_to_E,allocation_B_N_to_S,allocation_B_N_to_W,allocation_B_S_to_E,allocation_B_S_to_N,allocation_B_S_to_W,allocation_B_W_to_E,allocation_B_W_to_N,allocation_B_W_to_S,allocation_C_E_to_N,allocation_C_E_to_S,allocation_C_E_to_W,allocation_C_N_to_E,allocation_C_N_to_S,allocation_C_N_to_W,allocation_C_S_to_E,allocation_C_S_to_N,allocation_C_S_to_W,allocation_C_W_to_E,allocation_C_W_to_N,allocation_C_W_to_S,allocation_D_E_to_N,allocation_D_E_to_W,allocation_D_E_to_onE,allocation_D_E_to_onW,allocation_D_N_to_E,allocation_D_N_to_W,allocation_D_N_to_onE,allocation_D_N_to_onW,allocation_D_W_to_E,allocation_D_W_to_N,allocation_D_W_to_onE,allocation_D_W_to_onW,allocation_D_offE_to_E,allocation_D_offE_to_N,allocation_D_offE_to_W,allocation_D_offW_to_E,allocation_D_offW_to_N,allocation_D_offW_to_W,allocation_E_E_to_N,allocation_E_E_to_W,allocation_E_N_to_E,allocation_E_N_to_W,allocation_E_W_to_E,allocation_E_W_to_N,allocation_F_E_to_N,allocation_F_E_to_W,allocation_F_E_to_onE,allocation_F_E_to_onW,allocation_F_N_to_E,allocation_F_N_to_W,allocation_F_N_to_onE,allocation_F_N_to_onW,allocation_F_W_to_E,allocation_F_W_to_N,allocation_F_W_to_onE,allocation_F_W_to_onW,allocation_F_offE_to_E,allocation_F_offE_to_N,allocation_F_offE_to_W,allocation_F_offW_to_E,allocation_F_offW_to_N,allocation_F_offW_to_W,allocation_in_A_left,allocation_in_A_top,allocation_in_B_top,allocation_in_C_right,allocation_in_C_top,allocation_in_D_left,allocation_in_F_right,allocation_out_A_left,allocation_out_A_top,allocation_out_B_top,allocation_out_C_right,allocation_out_C_top,allocation_out_D_left,allocation_out_F_right,diag_N_P_crit,diag_N_P_max,diag_N_P_min,diag_N_UF_max,diag_N_UF_min,diag_calib_fingerprint_mismatch_count,diag_distributed_response_rollout_freeway_ttt,diag_distributed_response_rollout_ttt,diag_distributed_response_rollout_urban_ttt,diag_leader_base_accumulation,diag_leader_beta_hat,diag_leader_boundary_in_queue_penalty,diag_leader_boundary_in_queue_veh,diag_leader_boundary_leg_excluded_veh,diag_leader_candidate_best_N_P_star,diag_leader_candidate_best_N_UF_star,diag_leader_candidate_best_index,diag_leader_candidate_best_intent_N_P_star,diag_leader_candidate_best_intent_N_UF_star,diag_leader_candidate_best_objective,diag_leader_candidate_best_projected_N_P_star,diag_leader_candidate_best_realized_N_P_star,diag_leader_candidate_best_realized_N_UF_star,diag_leader_candidate_best_stage_coarse,diag_leader_candidate_best_stage_fallback,diag_leader_candidate_best_stage_refined,diag_leader_candidate_coarse_count,diag_leader_candidate_coarse_evaluated_count,diag_leader_candidate_coarse_global,diag_leader_candidate_coarse_local,diag_leader_candidate_count,diag_leader_candidate_follower_early_terminated_candidates,diag_leader_candidate_follower_early_terminated_candidates_total,diag_leader_candidate_full_evaluated_count,diag_leader_candidate_global_refresh,diag_leader_candidate_incumbent_active,diag_leader_candidate_incumbent_any_active,diag_leader_candidate_incumbent_objective,diag_leader_candidate_intent_N_P_star,diag_leader_candidate_intent_N_UF_star,diag_leader_candidate_objective_gap,diag_leader_candidate_objective_spread,diag_leader_candidate_parallel_backend_process,diag_leader_candidate_parallel_backend_serial,diag_leader_candidate_parallel_backend_thread,diag_leader_candidate_parallel_workers,diag_leader_candidate_prefilter_active,diag_leader_candidate_prefilter_scope_global,diag_leader_candidate_prefilter_scope_local,diag_leader_candidate_prefilter_selected_count,diag_leader_candidate_prefilter_top_k,diag_leader_candidate_process_pool_reuse_enabled,diag_leader_candidate_process_pool_reused_existing,diag_leader_candidate_projected_N_P_star,diag_leader_candidate_proxy_best_index,diag_leader_candidate_proxy_best_objective,diag_leader_candidate_proxy_evaluated_count,diag_leader_candidate_proxy_objective_gap,diag_leader_candidate_proxy_objective_spread,diag_leader_candidate_proxy_second_index,diag_leader_candidate_proxy_second_objective,diag_leader_candidate_raw_N_P_star,diag_leader_candidate_raw_N_UF_star,diag_leader_candidate_realized_N_P_star,diag_leader_candidate_realized_N_UF_star,diag_leader_candidate_refined_count,diag_leader_candidate_refined_evaluated_count,diag_leader_candidate_refined_prefilter_active,diag_leader_candidate_refined_prefilter_scope_global,diag_leader_candidate_refined_prefilter_scope_local,diag_leader_candidate_refined_prefilter_selected_count,diag_leader_candidate_refined_prefilter_top_k,diag_leader_candidate_refined_proxy_best_index,diag_leader_candidate_refined_proxy_best_objective,diag_leader_candidate_refined_proxy_evaluated_count,diag_leader_candidate_refined_proxy_objective_gap,diag_leader_candidate_refined_proxy_objective_spread,diag_leader_candidate_refined_proxy_second_index,diag_leader_candidate_refined_proxy_second_objective,diag_leader_candidate_refinement_active,diag_leader_candidate_second_N_P_star,diag_leader_candidate_second_N_UF_star,diag_leader_candidate_second_index,diag_leader_candidate_second_intent_N_P_star,diag_leader_candidate_second_intent_N_UF_star,diag_leader_candidate_second_objective,diag_leader_candidate_second_projected_N_P_star,diag_leader_candidate_second_realized_N_P_star,diag_leader_candidate_second_realized_N_UF_star,diag_leader_candidate_second_stage_coarse,diag_leader_candidate_second_stage_fallback,diag_leader_candidate_second_stage_refined,diag_leader_candidate_solver_N_P_star,diag_leader_candidate_solver_N_UF_star,diag_leader_candidate_wu_metered_serial_override,diag_leader_density_effective_lane_weight_count,diag_leader_density_excess,diag_leader_density_penalty,diag_leader_fallback_best_completed_proxy_veh,diag_leader_fallback_best_objective,diag_leader_fallback_best_stage_no_control,diag_leader_fallback_best_stage_pfo,diag_leader_fallback_best_terminal_proxy_veh,diag_leader_fallback_candidate_count,diag_leader_fallback_enabled,diag_leader_fallback_evaluated_count,diag_leader_fallback_guard_active,diag_leader_fallback_guard_beta_applied,diag_leader_fallback_guard_beta_hat,diag_leader_fallback_guard_completed_severe,diag_leader_fallback_guard_completed_worse,diag_leader_fallback_guard_fallback_completed_proxy_veh,diag_leader_fallback_guard_fallback_objective,diag_leader_fallback_guard_fallback_rollout_ttt,diag_leader_fallback_guard_fallback_terminal_proxy_veh,diag_leader_fallback_guard_insufficient_gain,diag_leader_fallback_guard_leader_completed_proxy_veh,diag_leader_fallback_guard_leader_objective,diag_leader_fallback_guard_leader_rollout_ttt,diag_leader_fallback_guard_leader_rollout_ttt_beta,diag_leader_fallback_guard_leader_terminal_proxy_veh,diag_leader_fallback_guard_metric_ttt,diag_leader_fallback_guard_objective_gain,diag_leader_fallback_guard_objective_worse,diag_leader_fallback_guard_rejected_leader,diag_leader_fallback_guard_required_gain,diag_leader_fallback_guard_selected,diag_leader_fallback_guard_selected_no_control,diag_leader_fallback_guard_selected_pfo,diag_leader_fallback_guard_terminal_severe,diag_leader_fallback_guard_terminal_worse,diag_leader_fallback_guard_ttt_worse,diag_leader_fallback_incumbent_objective,diag_leader_fallback_incumbent_seed_active,diag_leader_fallback_pfo_completed_proxy_veh,diag_leader_fallback_pfo_objective,diag_leader_fallback_pfo_terminal_proxy_veh,diag_leader_follower_response_objective_used,diag_leader_follower_ttt_base,diag_leader_forecast_boundary_first_veh_h,diag_leader_forecast_boundary_future_mean_veh_h,diag_leader_forecast_boundary_peak_veh_h,diag_leader_forecast_mainline_first_veh_h,diag_leader_forecast_mainline_future_mean_veh_h,diag_leader_forecast_mainline_peak_veh_h,diag_leader_forecast_ramp_first_veh_h,diag_leader_forecast_ramp_future_mean_veh_h,diag_leader_forecast_ramp_peak_veh_h,diag_leader_forecast_steps,diag_leader_forecast_total_first_veh_h,diag_leader_forecast_total_future_mean_veh_h,diag_leader_forecast_total_peak_veh_h,diag_leader_intent_N_P_star,diag_leader_intent_N_UF_star,diag_leader_lambda_np_committed,diag_leader_lambda_uf_committed,diag_leader_mfd_boundary_queue_capacity_veh,diag_leader_mfd_link_excess_veh,diag_leader_mfd_movement_excess_veh,diag_leader_mfd_penalty_mode_all_urban_halfcap,diag_leader_mfd_penalty_mode_protected_exceed,diag_leader_mfd_storage_excess_veh,diag_leader_mfd_storage_penalty,diag_leader_mfd_storage_threshold_ratio,diag_leader_nonconvergence_control_residual_component,diag_leader_nonconvergence_obj_residual_component,diag_leader_nonconvergence_penalty,diag_leader_np_bound_lower,diag_leader_np_bound_upper,diag_leader_np_capacity_lower,diag_leader_np_capacity_max_net_flow_veh_h,diag_leader_np_capacity_min_net_flow_veh_h,diag_leader_np_capacity_upper,diag_leader_np_feasible_horizon_h,diag_leader_np_feasible_predictor_mode_code,diag_leader_np_feasible_sigma_max_veh,diag_leader_np_feasible_sigma_min_veh,diag_leader_np_follower_feasible_max,diag_leader_np_follower_feasible_min,diag_leader_np_follower_feasible_projection_active,diag_leader_np_follower_feasible_projection_cap_mode,diag_leader_np_follower_feasible_projection_failed,diag_leader_np_movement_lower,diag_leader_np_movement_lower_active,diag_leader_np_movement_max_net_flow_veh_h,diag_leader_np_movement_min_net_flow_veh_h,diag_leader_np_movement_upper,diag_leader_np_movement_upper_active,diag_leader_np_projected_N_P_star,diag_leader_np_projection_applied,diag_leader_np_projection_residual,diag_leader_np_raw_N_P_star,diag_leader_nuf_arrival_target,diag_leader_nuf_bound_lower,diag_leader_nuf_bound_upper,diag_leader_nuf_heuristic_target,diag_leader_nuf_omega_FW_E,diag_leader_nuf_omega_FW_W,diag_leader_nuf_queue_drain_target,diag_leader_objective,diag_leader_objective_base,diag_leader_output_closure_applied,diag_leader_pfo_incumbent_N_P_clipped,diag_leader_pfo_incumbent_N_P_star,diag_leader_pfo_incumbent_N_UF_clipped,diag_leader_pfo_incumbent_N_UF_star,diag_leader_pfo_incumbent_active,diag_leader_pfo_incumbent_candidate,diag_leader_pfo_incumbent_enabled,diag_leader_pfo_incumbent_local_center_used,diag_leader_pfo_incumbent_objective,diag_leader_pfo_incumbent_raw_N_P_star,diag_leader_pfo_incumbent_raw_N_UF_star,diag_leader_pfo_incumbent_selected,diag_leader_pfo_incumbent_tie_break_selected,diag_leader_pred_horizon_ttt,diag_leader_pred_interval_ttt,diag_leader_projected_N_P_star,diag_leader_ramp_queue_penalty,diag_leader_ramp_queue_veh,diag_leader_realized_N_P_star,diag_leader_realized_N_UF_star,diag_leader_realized_interval_ttt,diag_leader_recalib_needed,diag_leader_regret_active,diag_leader_regret_forced_commit,diag_leader_regret_gap,diag_leader_regret_incumbent_pred_interval_ttt,diag_leader_regret_window_len,diag_leader_response_N_P_star_projection_residual,diag_leader_response_N_P_star_realization_residual,diag_leader_response_N_UF_star_realization_residual,diag_leader_response_closure_applied,diag_leader_response_closure_changed_N_P,diag_leader_response_closure_use_rollout_objective,diag_leader_response_net_inflow_source_allocation_projected,diag_leader_response_net_inflow_source_distributed_projected,diag_leader_response_net_inflow_source_leader_realized,diag_leader_response_net_inflow_source_none,diag_leader_response_net_inflow_source_projected_only,diag_leader_response_net_inflow_source_wu_projected,diag_leader_response_net_inflow_source_wu_sum_nin,diag_leader_response_proxy_state_count,diag_leader_rollout_objective_base_used,diag_leader_rollout_prediction_used,diag_leader_search_demand_stress,diag_leader_search_density_stress,diag_leader_search_incident_stress,diag_leader_search_mode_continuous,diag_leader_search_mode_grid,diag_leader_search_ramp_queue_stress,diag_leader_search_stress_index,diag_leader_search_urban_storage_stress,diag_leader_selected_N_P_star,diag_leader_selected_N_UF_star,diag_leader_selected_intent_N_P_star,diag_leader_selected_intent_N_UF_star,diag_leader_selected_objective,diag_leader_selected_projected_N_P_star,diag_leader_selected_realized_N_P_star,diag_leader_selected_realized_N_UF_star,diag_leader_selected_stage_coarse,diag_leader_selected_stage_fallback,diag_leader_selected_stage_fallback_no_control,diag_leader_selected_stage_fallback_pfo,diag_leader_selected_stage_refined,diag_leader_smoothness_penalty,diag_leader_solver_N_P_star,diag_leader_solver_N_UF_star,diag_leader_state_accumulation_base,diag_leader_target_penalty,diag_leader_total_objective,diag_nash_converged,diag_nash_iterations,diag_nash_residual_control,diag_nash_residual_objective,diag_urban_net_inflow_original_target_veh,diag_urban_net_inflow_target_veh,diag_urban_net_inflow_target_veh_h,diag_wu_b2_price_A,diag_wu_b2_price_B,diag_wu_b2_price_C,diag_wu_b2_price_D,diag_wu_b2_price_F,diag_wu_b2_price_delta_sec,diag_wu_b2_price_enabled,diag_wu_b2_price_ref_A,diag_wu_b2_price_ref_B,diag_wu_b2_price_ref_C,diag_wu_b2_price_ref_D,diag_wu_b2_price_ref_F,diag_wu_b2_price_refresh_count,diag_wu_b2_price_refreshed,diag_wu_b2_price_trust_sec,diag_wu_b3_cliff_both_FW_E,diag_wu_b3_cliff_both_FW_W,diag_wu_b3_meter_fd3_R_D_E_base,diag_wu_b3_meter_fd3_R_D_E_cliffup,diag_wu_b3_meter_fd3_R_D_E_curv,diag_wu_b3_meter_fd3_R_D_E_hi,diag_wu_b3_meter_fd3_R_D_E_lo,diag_wu_b3_meter_fd3_R_D_E_nonlin,diag_wu_b3_meter_fd3_R_D_W_base,diag_wu_b3_meter_fd3_R_D_W_cliffup,diag_wu_b3_meter_fd3_R_D_W_curv,diag_wu_b3_meter_fd3_R_D_W_hi,diag_wu_b3_meter_fd3_R_D_W_lo,diag_wu_b3_meter_fd3_R_D_W_nonlin,diag_wu_b3_meter_fd3_R_F_E_base,diag_wu_b3_meter_fd3_R_F_E_cliffup,diag_wu_b3_meter_fd3_R_F_E_curv,diag_wu_b3_meter_fd3_R_F_E_hi,diag_wu_b3_meter_fd3_R_F_E_lo,diag_wu_b3_meter_fd3_R_F_E_nonlin,diag_wu_b3_meter_fd3_R_F_W_base,diag_wu_b3_meter_fd3_R_F_W_cliffup,diag_wu_b3_meter_fd3_R_F_W_curv,diag_wu_b3_meter_fd3_R_F_W_hi,diag_wu_b3_meter_fd3_R_F_W_lo,diag_wu_b3_meter_fd3_R_F_W_nonlin,diag_wu_b3_meter_price_R_D_E,diag_wu_b3_meter_price_R_D_W,diag_wu_b3_meter_price_R_F_E,diag_wu_b3_meter_price_R_F_W,diag_wu_b3_meter_price_enabled,diag_wu_b3_meter_price_ref_R_D_E,diag_wu_b3_meter_price_ref_R_D_W,diag_wu_b3_meter_price_ref_R_F_E,diag_wu_b3_meter_price_ref_R_F_W,diag_wu_b3_release_ratio_FW_E,diag_wu_b3_release_ratio_FW_W,diag_wu_b3_release_refresh,diag_wu_b3_vsl_price_FW_E__seg0,diag_wu_b3_vsl_price_FW_E__seg1,diag_wu_b3_vsl_price_FW_E__seg2,diag_wu_b3_vsl_price_FW_E__seg3,diag_wu_b3_vsl_price_FW_E__seg4,diag_wu_b3_vsl_price_FW_E__seg5,diag_wu_b3_vsl_price_FW_E__seg6,diag_wu_b3_vsl_price_FW_E__seg7,diag_wu_b3_vsl_price_FW_W__seg0,diag_wu_b3_vsl_price_FW_W__seg1,diag_wu_b3_vsl_price_FW_W__seg2,diag_wu_b3_vsl_price_FW_W__seg3,diag_wu_b3_vsl_price_FW_W__seg4,diag_wu_b3_vsl_price_FW_W__seg5,diag_wu_b3_vsl_price_FW_W__seg6,diag_wu_b3_vsl_price_FW_W__seg7,diag_wu_b3_vsl_price_enabled,diag_wu_b3_vsl_price_ref_FW_E__seg0,diag_wu_b3_vsl_price_ref_FW_E__seg1,diag_wu_b3_vsl_price_ref_FW_E__seg2,diag_wu_b3_vsl_price_ref_FW_E__seg3,diag_wu_b3_vsl_price_ref_FW_E__seg4,diag_wu_b3_vsl_price_ref_FW_E__seg5,diag_wu_b3_vsl_price_ref_FW_E__seg6,diag_wu_b3_vsl_price_ref_FW_E__seg7,diag_wu_b3_vsl_price_ref_FW_W__seg0,diag_wu_b3_vsl_price_ref_FW_W__seg1,diag_wu_b3_vsl_price_ref_FW_W__seg2,diag_wu_b3_vsl_price_ref_FW_W__seg3,diag_wu_b3_vsl_price_ref_FW_W__seg4,diag_wu_b3_vsl_price_ref_FW_W__seg5,diag_wu_b3_vsl_price_ref_FW_W__seg6,diag_wu_b3_vsl_price_ref_FW_W__seg7,diag_wu_b3cert_R_D_E,diag_wu_b3cert_R_D_W,diag_wu_b3cert_R_F_E,diag_wu_b3cert_R_F_W,diag_wu_b4_barrier_enabled,diag_wu_faithful_follower_active,diag_wu_faithful_lambda_P,diag_wu_faithful_lambda_next,diag_wu_faithful_local_evals,diag_wu_faithful_np_bias_ratio,diag_wu_faithful_np_cand_lambda,diag_wu_faithful_np_cand_lambda_applied,diag_wu_faithful_np_feasible_max,diag_wu_faithful_np_feasible_max_veh,diag_wu_faithful_np_feasible_min,diag_wu_faithful_np_feasible_min_veh,diag_wu_faithful_np_original_target,diag_wu_faithful_np_original_target_veh,diag_wu_faithful_np_pd_exit,diag_wu_faithful_np_pd_iters,diag_wu_faithful_np_pd_lam_entry,diag_wu_faithful_np_pd_residual,diag_wu_faithful_np_predictor_current_interval,diag_wu_faithful_np_predictor_legacy,diag_wu_faithful_np_predictor_mode_code,diag_wu_faithful_np_predictor_phase_substep,diag_wu_faithful_np_predictor_storage_aware,diag_wu_faithful_np_projected_target,diag_wu_faithful_np_projected_target_veh,diag_wu_faithful_np_projection_residual,diag_wu_faithful_np_realized_sum_nin_veh,diag_wu_faithful_np_sum_nin,diag_wu_faithful_np_target,diag_wu_faithful_np_target_error,diag_wu_faithful_offset_evals,diag_wu_faithful_offset_ttt_off,diag_wu_faithful_offset_ttt_on,diag_wu_faithful_offsets_off_zero,diag_wu_faithful_offsets_searched_off_zero,diag_wu_faithful_solve_time_sec,diag_wu_faithful_sum_nin,diag_wu_price_rollout_count,diag_wu_seg13_active,diag_wu_seg13_budget_FW_E,diag_wu_seg13_budget_FW_W,diag_wu_seg13_evals_FW_E,diag_wu_seg13_evals_FW_W,diag_wu_seg13_floor_alpha_FW_E,diag_wu_seg13_floor_alpha_FW_W,diag_wu_seg13_floor_cong_FW_E,diag_wu_seg13_floor_cong_FW_W,diag_wu_seg13_meter_box_edge_FW_E,diag_wu_seg13_meter_box_edge_FW_W,diag_wu_seg13_meter_box_r_FW_E,diag_wu_seg13_meter_box_r_FW_W,diag_wu_seg13_meter_box_total_FW_E,diag_wu_seg13_meter_box_total_FW_W,diag_wu_seg13_postsplit_FW_E,diag_wu_seg13_postsplit_FW_W,diag_wu_seg13_presplit_FW_E,diag_wu_seg13_presplit_FW_W,diag_wu_seg13_traj_used_FW_E,diag_wu_seg13_traj_used_FW_W,diag_wu_seg13_vsl_box_r_FW_E,diag_wu_seg13_vsl_box_r_FW_W,green_A_p1,green_A_p2,green_B_p1,green_B_p2,green_C_p1,green_C_p2,green_D_p1,green_D_p2,green_F_p1,green_F_p2,offset_A,offset_B,offset_C,offset_D,offset_F,ramp_metering_R_D_E,ramp_metering_R_D_W,ramp_metering_R_F_E,ramp_metering_R_F_W,step,time_sec,vsl_FW_E,vsl_FW_E_seg0,vsl_FW_E_seg1,vsl_FW_E_seg2,vsl_FW_E_seg3,vsl_FW_E_seg4,vsl_FW_E_seg5,vsl_FW_E_seg6,vsl_FW_E_seg7,vsl_FW_W,vsl_FW_W_seg0,vsl_FW_W_seg1,vsl_FW_W_seg2,vsl_FW_W_seg3,vsl_FW_W_seg4,vsl_FW_W_seg5,vsl_FW_W_seg6,vsl_FW_W_seg7
0.0,0.0,0.0,0.0,0.0,0.0,0.0,0.0,0.0,0.0,0.0,0.0,0.0,0.0,0.0,0.0,0.0,0.0,0.0,0.0,0.0,0.0,0.0,0.0,0.0,0.0,0.0,0.0,0.0,0.0,0.0,0.0,0.0,0.0,0.0,0.0,0.0,0.0,0.0,0.0,0.0,0.0,0.0,0.0,0.0,0.0,0.0,0.0,0.0,0.0,0.0,0.0,0.0,0.0,0.0,0.0,0.0,0.0,0.0,0.0,0.0,0.0,0.0,0.0,0.0,0.0,0.0,0.0,0.0,0.0,0.0,0.0,0.0,0.0,0.0,0.0,0.0,0.0,0.0,0.0,0.0,0.0,0.0,0.0,0.0,0.0,0.0,0.0,0.0,0.0,0.0,0.0,0.0,0.0,,,,,,,,,,,,,,,,,,,,,,,,,,,,,,,,,,,,,,,,,,,,,,,,,,,,,,,,,,,,,,,,,,,,,,,,,,,,,,,,,,,,,,,,,,,,,,,,,,,,,,,,,,,,,,,,,,,,,,,,,,,,,,,,,,,,,,,,,,,,,,,,,,,,,,,,,,,,,,,,,,,,,,,,,,,,,,,,,,,,,,,,,,,,,,,,,,,,,,,,,,,,,,,,,,,,,,,,,,,,,,,,,,,,,,,,,,,,,,,,,,,,,,,,,,,,,,,,,,,,,,,,,,,,,,,,,,,,,,,,,,,,,,,,,,,,,,,,,,,,,,,,,,,,,,,,,,,,,,,,,,,,,,,,,,,,,,,,,,,,,,,,,,,,,,,,,,,,,,,,,,,,,,,,,,,,,,,,,,,,,,,,,,,,,,,,,,,,,,,,,,,,,,,,,,,,,,,,,,,,,,,,,,,,,,,56.0,56.0,56.0,56.0,56.0,56.0,56.0,56.0,56.0,56.0,0.0,0.0,0.0,0.0,0.0,1500.0,1500.0,1500.0,1500.0,0,180.0,100.0,100.0,100.0,100.0,100.0,100.0,100.0,100.0,100.0,100.0,100.0,100.0,100.0,100.0,100.0,100.0,100.0,100.0
0.0,0.0,0.0,0.0,0.0,0.0,0.0,0.0,0.0,0.0,0.0,0.0,0.0,0.0,0.0,0.0,0.0,0.0,0.0,0.0,0.0,0.0,0.0,0.0,0.0,0.0,0.0,0.0,0.0,0.0,0.0,0.0,0.0,0.0,0.0,0.0,0.0,0.0,0.0,0.0,0.0,0.0,0.0,0.0,0.0,0.0,0.0,0.0,0.0,0.0,0.0,0.0,0.0,0.0,0.0,0.0,0.0,0.0,0.0,0.0,0.0,0.0,0.0,0.0,0.0,0.0,0.0,0.0,0.0,0.0,0.0,0.0,0.0,0.0,0.0,0.0,0.0,0.0,0.0,0.0,0.0,0.0,0.0,0.0,0.0,0.0,0.0,0.0,0.0,0.0,0.0,0.0,0.0,0.0,,,,,,,,,,,,,,,,,,,,,,,,,,,,,,,,,,,,,,,,,,,,,,,,,,,,,,,,,,,,,,,,,,,,,,,,,,,,,,,,,,,,,,,,,,,,,,,,,,,,,,,,,,,,,,,,,,,,,,,,,,,,,,,,,,,,,,,,,,,,,,,,,,,,,,,,,,,,,,,,,,,,,,,,,,,,,,,,,,,,,,,,,,,,,,,,,,,,,,,,,,,,,,,,,,,,,,,,,,,,,,,,,,,,,,,,,,,,,,,,,,,,,,,,,,,,,,,,,,,,,,,,,,,,,,,,,,,,,,,,,,,,,,,,,,,,,,,,,,,,,,,,,,,,,,,,,,,,,,,,,,,,,,,,,,,,,,,,,,,,,,,,,,,,,,,,,,,,,,,,,,,,,,,,,,,,,,,,,,,,,,,,,,,,,,,,,,,,,,,,,,,,,,,,,,,,,,,,,,,,,,,,,,,,,,,56.0,56.0,56.0,56.0,56.0,56.0,56.0,56.0,56.0,56.0,0.0,0.0,0.0,0.0,0.0,1500.0,1500.0,1500.0,1500.0,1,360.0,100.0,100.0,100.0,100.0,100.0,100.0,100.0,100.0,100.0,100.0,100.0,100.0,100.0,100.0,100.0,100.0,100.0,100.0
0.0,0.0,0.0,0.0,0.0,0.0,0.0,0.0,0.0,0.0,0.0,0.0,0.0,0.0,0.0,0.0,0.0,0.0,0.0,0.0,0.0,0.0,0.0,0.0,0.0,0.0,0.0,0.0,0.0,0.0,0.0,0.0,0.0,0.0,0.0,0.0,0.0,0.0,0.0,0.0,0.0,0.0,0.0,0.0,0.0,0.0,0.0,0.0,0.0,0.0,0.0,0.0,0.0,0.0,0.0,0.0,0.0,0.0,0.0,0.0,0.0,0.0,0.0,0.0,0.0,0.0,0.0,0.0,0.0,0.0,0.0,0.0,0.0,0.0,0.0,0.0,0.0,0.0,0.0,0.0,0.0,0.0,0.0,0.0,0.0,0.0,0.0,0.0,0.0,0.0,0.0,0.0,0.0,0.0,,,,,,,,,,,,,,,,,,,,,,,,,,,,,,,,,,,,,,,,,,,,,,,,,,,,,,,,,,,,,,,,,,,,,,,,,,,,,,,,,,,,,,,,,,,,,,,,,,,,,,,,,,,,,,,,,,,,,,,,,,,,,,,,,,,,,,,,,,,,,,,,,,,,,,,,,,,,,,,,,,,,,,,,,,,,,,,,,,,,,,,,,,,,,,,,,,,,,,,,,,,,,,,,,,,,,,,,,,,,,,,,,,,,,,,,,,,,,,,,,,,,,,,,,,,,,,,,,,,,,,,,,,,,,,,,,,,,,,,,,,,,,,,,,,,,,,,,,,,,,,,,,,,,,,,,,,,,,,,,,,,,,,,,,,,,,,,,,,,,,,,,,,,,,,,,,,,,,,,,,,,,,,,,,,,,,,,,,,,,,,,,,,,,,,,,,,,,,,,,,,,,,,,,,,,,,,,,,,,,,,,,,,,,,,,56.0,56.0,56.0,56.0,56.0,56.0,56.0,56.0,56.0,56.0,0.0,0.0,0.0,0.0,0.0,1500.0,1500.0,1500.0,1500.0,2,540.0,100.0,100.0,100.0,100.0,100.0,100.0,100.0,100.0,100.0,100.0,100.0,100.0,100.0,100.0,100.0,100.0,100.0,100.0
0.0,0.0,0.0,0.0,0.0,0.0,0.0,0.0,0.0,0.0,0.0,0.0,0.0,0.0,0.0,0.0,0.0,0.0,0.0,0.0,0.0,0.0,0.0,0.0,0.0,0.0,0.0,0.0,0.0,0.0,0.0,0.0,0.0,0.0,0.0,0.0,0.0,0.0,0.0,0.0,0.0,0.0,0.0,0.0,0.0,0.0,0.0,0.0,0.0,0.0,0.0,0.0,0.0,0.0,0.0,0.0,0.0,0.0,0.0,0.0,0.0,0.0,0.0,0.0,0.0,0.0,0.0,0.0,0.0,0.0,0.0,0.0,0.0,0.0,0.0,0.0,0.0,0.0,0.0,0.0,0.0,0.0,0.0,0.0,0.0,0.0,0.0,0.0,0.0,0.0,0.0,0.0,0.0,0.0,,,,,,,,,,,,,,,,,,,,,,,,,,,,,,,,,,,,,,,,,,,,,,,,,,,,,,,,,,,,,,,,,,,,,,,,,,,,,,,,,,,,,,,,,,,,,,,,,,,,,,,,,,,,,,,,,,,,,,,,,,,,,,,,,,,,,,,,,,,,,,,,,,,,,,,,,,,,,,,,,,,,,,,,,,,,,,,,,,,,,,,,,,,,,,,,,,,,,,,,,,,,,,,,,,,,,,,,,,,,,,,,,,,,,,,,,,,,,,,,,,,,,,,,,,,,,,,,,,,,,,,,,,,,,,,,,,,,,,,,,,,,,,,,,,,,,,,,,,,,,,,,,,,,,,,,,,,,,,,,,,,,,,,,,,,,,,,,,,,,,,,,,,,,,,,,,,,,,,,,,,,,,,,,,,,,,,,,,,,,,,,,,,,,,,,,,,,,,,,,,,,,,,,,,,,,,,,,,,,,,,,,,,,,,,,56.0,56.0,56.0,56.0,56.0,56.0,56.0,56.0,56.0,56.0,0.0,0.0,0.0,0.0,0.0,1500.0,1500.0,1500.0,1500.0,3,720.0,100.0,100.0,100.0,100.0,100.0,100.0,100.0,100.0,100.0,100.0,100.0,100.0,100.0,100.0,100.0,100.0,100.0,100.0
0.0,0.0,0.0,0.0,0.0,0.0,0.0,0.0,0.0,0.0,0.0,0.0,0.0,0.0,0.0,0.0,0.0,0.0,0.0,0.0,0.0,0.0,0.0,0.0,0.0,0.0,0.0,0.0,0.0,0.0,0.0,0.0,0.0,0.0,0.0,0.0,0.0,0.0,0.0,0.0,0.0,0.0,0.0,0.0,0.0,0.0,0.0,0.0,0.0,0.0,0.0,0.0,0.0,0.0,0.0,0.0,0.0,0.0,0.0,0.0,0.0,0.0,0.0,0.0,0.0,0.0,0.0,0.0,0.0,0.0,0.0,0.0,0.0,0.0,0.0,0.0,0.0,0.0,0.0,0.0,0.0,0.0,0.0,0.0,0.0,0.0,0.0,0.0,0.0,0.0,0.0,0.0,0.0,0.0,,,,,,,,,,,,,,,,,,,,,,,,,,,,,,,,,,,,,,,,,,,,,,,,,,,,,,,,,,,,,,,,,,,,,,,,,,,,,,,,,,,,,,,,,,,,,,,,,,,,,,,,,,,,,,,,,,,,,,,,,,,,,,,,,,,,,,,,,,,,,,,,,,,,,,,,,,,,,,,,,,,,,,,,,,,,,,,,,,,,,,,,,,,,,,,,,,,,,,,,,,,,,,,,,,,,,,,,,,,,,,,,,,,,,,,,,,,,,,,,,,,,,,,,,,,,,,,,,,,,,,,,,,,,,,,,,,,,,,,,,,,,,,,,,,,,,,,,,,,,,,,,,,,,,,,,,,,,,,,,,,,,,,,,,,,,,,,,,,,,,,,,,,,,,,,,,,,,,,,,,,,,,,,,,,,,,,,,,,,,,,,,,,,,,,,,,,,,,,,,,,,,,,,,,,,,,,,,,,,,,,,,,,,,,,,56.0,56.0,56.0,56.0,56.0,56.0,56.0,56.0,56.0,56.0,0.0,0.0,0.0,0.0,0.0,1500.0,1500.0,1500.0,1500.0,4,900.0,100.0,100.0,100.0,100.0,100.0,100.0,100.0,100.0,100.0,100.0,100.0,100.0,100.0,100.0,100.0,100.0,100.0,100.0
0.0,0.0,0.0,0.0,0.0,0.0,0.0,0.0,0.0,0.0,0.0,0.0,0.0,0.0,0.0,0.0,0.0,0.0,0.0,0.0,0.0,0.0,0.0,0.0,0.0,0.0,0.0,0.0,0.0,0.0,0.0,0.0,0.0,0.0,0.0,0.0,0.0,0.0,0.0,0.0,0.0,0.0,0.0,0.0,0.0,0.0,0.0,0.0,0.0,0.0,0.0,0.0,0.0,0.0,0.0,0.0,0.0,0.0,0.0,0.0,0.0,0.0,0.0,0.0,0.0,0.0,0.0,0.0,0.0,0.0,0.0,0.0,0.0,0.0,0.0,0.0,0.0,0.0,0.0,0.0,0.0,0.0,0.0,0.0,0.0,0.0,0.0,0.0,0.0,0.0,0.0,0.0,0.0,0.0,,,,,,,,,,,,,,,,,,,,,,,,,,,,,,,,,,,,,,,,,,,,,,,,,,,,,,,,,,,,,,,,,,,,,,,,,,,,,,,,,,,,,,,,,,,,,,,,,,,,,,,,,,,,,,,,,,,,,,,,,,,,,,,,,,,,,,,,,,,,,,,,,,,,,,,,,,,,,,,,,,,,,,,,,,,,,,,,,,,,,,,,,,,,,,,,,,,,,,,,,,,,,,,,,,,,,,,,,,,,,,,,,,,,,,,,,,,,,,,,,,,,,,,,,,,,,,,,,,,,,,,,,,,,,,,,,,,,,,,,,,,,,,,,,,,,,,,,,,,,,,,,,,,,,,,,,,,,,,,,,,,,,,,,,,,,,,,,,,,,,,,,,,,,,,,,,,,,,,,,,,,,,,,,,,,,,,,,,,,,,,,,,,,,,,,,,,,,,,,,,,,,,,,,,,,,,,,,,,,,,,,,,,,,,,,56.0,56.0,56.0,56.0,56.0,56.0,56.0,56.0,56.0,56.0,0.0,0.0,0.0,0.0,0.0,1500.0,1500.0,1500.0,1500.0,5,1080.0,100.0,100.0,100.0,100.0,100.0,100.0,100.0,100.0,100.0,100.0,100.0,100.0,100.0,100.0,100.0,100.0,100.0,100.0
0.0,0.0,0.0,0.0,0.0,0.0,0.0,0.0,0.0,0.0,0.0,0.0,0.0,0.0,0.0,0.0,0.0,0.0,0.0,0.0,0.0,0.0,0.0,0.0,0.0,0.0,0.0,0.0,0.0,0.0,0.0,0.0,0.0,0.0,0.0,0.0,0.0,0.0,0.0,0.0,0.0,0.0,0.0,0.0,0.0,0.0,0.0,0.0,0.0,0.0,0.0,0.0,0.0,0.0,0.0,0.0,0.0,0.0,0.0,0.0,0.0,0.0,0.0,0.0,0.0,0.0,0.0,0.0,0.0,0.0,0.0,0.0,0.0,0.0,0.0,0.0,0.0,0.0,0.0,0.0,0.0,0.0,0.0,0.0,0.0,0.0,0.0,0.0,0.0,0.0,0.0,0.0,0.0,0.0,,,,,,,,,,,,,,,,,,,,,,,,,,,,,,,,,,,,,,,,,,,,,,,,,,,,,,,,,,,,,,,,,,,,,,,,,,,,,,,,,,,,,,,,,,,,,,,,,,,,,,,,,,,,,,,,,,,,,,,,,,,,,,,,,,,,,,,,,,,,,,,,,,,,,,,,,,,,,,,,,,,,,,,,,,,,,,,,,,,,,,,,,,,,,,,,,,,,,,,,,,,,,,,,,,,,,,,,,,,,,,,,,,,,,,,,,,,,,,,,,,,,,,,,,,,,,,,,,,,,,,,,,,,,,,,,,,,,,,,,,,,,,,,,,,,,,,,,,,,,,,,,,,,,,,,,,,,,,,,,,,,,,,,,,,,,,,,,,,,,,,,,,,,,,,,,,,,,,,,,,,,,,,,,,,,,,,,,,,,,,,,,,,,,,,,,,,,,,,,,,,,,,,,,,,,,,,,,,,,,,,,,,,,,,,,56.0,56.0,56.0,56.0,56.0,56.0,56.0,56.0,56.0,56.0,0.0,0.0,0.0,0.0,0.0,1500.0,1500.0,1500.0,1500.0,6,1260.0,100.0,100.0,100.0,100.0,100.0,100.0,100.0,100.0,100.0,100.0,100.0,100.0,100.0,100.0,100.0,100.0,100.0,100.0
0.0,0.0,0.0,0.0,0.0,0.0,0.0,0.0,0.0,0.0,0.0,0.0,0.0,0.0,0.0,0.0,0.0,0.0,0.0,0.0,0.0,0.0,0.0,0.0,0.0,0.0,0.0,0.0,0.0,0.0,0.0,0.0,0.0,0.0,0.0,0.0,0.0,0.0,0.0,0.0,0.0,0.0,0.0,0.0,0.0,0.0,0.0,0.0,0.0,0.0,0.0,0.0,0.0,0.0,0.0,0.0,0.0,0.0,0.0,0.0,0.0,0.0,0.0,0.0,0.0,0.0,0.0,0.0,0.0,0.0,0.0,0.0,0.0,0.0,0.0,0.0,0.0,0.0,0.0,0.0,0.0,0.0,0.0,0.0,0.0,0.0,0.0,0.0,0.0,0.0,0.0,0.0,0.0,0.0,,,,,,,,,,,,,,,,,,,,,,,,,,,,,,,,,,,,,,,,,,,,,,,,,,,,,,,,,,,,,,,,,,,,,,,,,,,,,,,,,,,,,,,,,,,,,,,,,,,,,,,,,,,,,,,,,,,,,,,,,,,,,,,,,,,,,,,,,,,,,,,,,,,,,,,,,,,,,,,,,,,,,,,,,,,,,,,,,,,,,,,,,,,,,,,,,,,,,,,,,,,,,,,,,,,,,,,,,,,,,,,,,,,,,,,,,,,,,,,,,,,,,,,,,,,,,,,,,,,,,,,,,,,,,,,,,,,,,,,,,,,,,,,,,,,,,,,,,,,,,,,,,,,,,,,,,,,,,,,,,,,,,,,,,,,,,,,,,,,,,,,,,,,,,,,,,,,,,,,,,,,,,,,,,,,,,,,,,,,,,,,,,,,,,,,,,,,,,,,,,,,,,,,,,,,,,,,,,,,,,,,,,,,,,,,56.0,56.0,56.0,56.0,56.0,56.0,56.0,56.0,56.0,56.0,0.0,0.0,0.0,0.0,0.0,1500.0,1500.0,1500.0,1500.0,7,1440.0,100.0,100.0,100.0,100.0,100.0,100.0,100.0,100.0,100.0,100.0,100.0,100.0,100.0,100.0,100.0,100.0,100.0,100.0
0.0,0.0,0.0,0.0,0.0,0.0,0.0,0.0,0.0,0.0,0.0,0.0,0.0,0.0,0.0,0.0,0.0,0.0,0.0,0.0,0.0,0.0,0.0,0.0,0.0,0.0,0.0,0.0,0.0,0.0,0.0,0.0,0.0,0.0,0.0,0.0,0.0,0.0,0.0,0.0,0.0,0.0,0.0,0.0,0.0,0.0,0.0,0.0,0.0,0.0,0.0,0.0,0.0,0.0,0.0,0.0,0.0,0.0,0.0,0.0,0.0,0.0,0.0,0.0,0.0,0.0,0.0,0.0,0.0,0.0,0.0,0.0,0.0,0.0,0.0,0.0,0.0,0.0,0.0,0.0,0.0,0.0,0.0,0.0,0.0,0.0,0.0,0.0,0.0,0.0,0.0,0.0,0.0,0.0,,,,,,,,,,,,,,,,,,,,,,,,,,,,,,,,,,,,,,,,,,,,,,,,,,,,,,,,,,,,,,,,,,,,,,,,,,,,,,,,,,,,,,,,,,,,,,,,,,,,,,,,,,,,,,,,,,,,,,,,,,,,,,,,,,,,,,,,,,,,,,,,,,,,,,,,,,,,,,,,,,,,,,,,,,,,,,,,,,,,,,,,,,,,,,,,,,,,,,,,,,,,,,,,,,,,,,,,,,,,,,,,,,,,,,,,,,,,,,,,,,,,,,,,,,,,,,,,,,,,,,,,,,,,,,,,,,,,,,,,,,,,,,,,,,,,,,,,,,,,,,,,,,,,,,,,,,,,,,,,,,,,,,,,,,,,,,,,,,,,,,,,,,,,,,,,,,,,,,,,,,,,,,,,,,,,,,,,,,,,,,,,,,,,,,,,,,,,,,,,,,,,,,,,,,,,,,,,,,,,,,,,,,,,,,,56.0,56.0,56.0,56.0,56.0,56.0,56.0,56.0,56.0,56.0,0.0,0.0,0.0,0.0,0.0,1500.0,1500.0,1500.0,1500.0,8,1620.0,100.0,100.0,100.0,100.0,100.0,100.0,100.0,100.0,100.0,100.0,100.0,100.0,100.0,100.0,100.0,100.0,100.0,100.0
0.0,0.0,0.0,0.0,0.0,0.0,0.0,0.0,0.0,0.0,0.0,0.0,0.0,0.0,0.0,0.0,0.0,0.0,0.0,0.0,0.0,0.0,0.0,0.0,0.0,0.0,0.0,0.0,0.0,0.0,0.0,0.0,0.0,0.0,0.0,0.0,0.0,0.0,0.0,0.0,0.0,0.0,0.0,0.0,0.0,0.0,0.0,0.0,0.0,0.0,0.0,0.0,0.0,0.0,0.0,0.0,0.0,0.0,0.0,0.0,0.0,0.0,0.0,0.0,0.0,0.0,0.0,0.0,0.0,0.0,0.0,0.0,0.0,0.0,0.0,0.0,0.0,0.0,0.0,0.0,0.0,0.0,0.0,0.0,0.0,0.0,0.0,0.0,0.0,0.0,0.0,0.0,0.0,0.0,,,,,,,,,,,,,,,,,,,,,,,,,,,,,,,,,,,,,,,,,,,,,,,,,,,,,,,,,,,,,,,,,,,,,,,,,,,,,,,,,,,,,,,,,,,,,,,,,,,,,,,,,,,,,,,,,,,,,,,,,,,,,,,,,,,,,,,,,,,,,,,,,,,,,,,,,,,,,,,,,,,,,,,,,,,,,,,,,,,,,,,,,,,,,,,,,,,,,,,,,,,,,,,,,,,,,,,,,,,,,,,,,,,,,,,,,,,,,,,,,,,,,,,,,,,,,,,,,,,,,,,,,,,,,,,,,,,,,,,,,,,,,,,,,,,,,,,,,,,,,,,,,,,,,,,,,,,,,,,,,,,,,,,,,,,,,,,,,,,,,,,,,,,,,,,,,,,,,,,,,,,,,,,,,,,,,,,,,,,,,,,,,,,,,,,,,,,,,,,,,,,,,,,,,,,,,,,,,,,,,,,,,,,,,,,56.0,56.0,56.0,56.0,56.0,56.0,56.0,56.0,56.0,56.0,0.0,0.0,0.0,0.0,0.0,1500.0,1500.0,1500.0,1500.0,9,1800.0,100.0,100.0,100.0,100.0,100.0,100.0,100.0,100.0,100.0,100.0,100.0,100.0,100.0,100.0,100.0,100.0,100.0,100.0
0.0,0.0,0.0,0.0,0.0,0.0,0.0,0.0,0.0,0.0,0.0,0.0,0.0,0.0,0.0,0.0,0.0,0.0,0.0,0.0,0.0,0.0,0.0,0.0,0.0,0.0,0.0,0.0,0.0,0.0,0.0,0.0,0.0,0.0,0.0,0.0,0.0,0.0,0.0,0.0,0.0,0.0,0.0,0.0,0.0,0.0,0.0,0.0,0.0,0.0,0.0,0.0,0.0,0.0,0.0,0.0,0.0,0.0,0.0,0.0,0.0,0.0,0.0,0.0,0.0,0.0,0.0,0.0,0.0,0.0,0.0,0.0,0.0,0.0,0.0,0.0,0.0,0.0,0.0,0.0,0.0,0.0,0.0,0.0,0.0,0.0,0.0,0.0,0.0,0.0,0.0,0.0,0.0,0.0,,,,,,,,,,,,,,,,,,,,,,,,,,,,,,,,,,,,,,,,,,,,,,,,,,,,,,,,,,,,,,,,,,,,,,,,,,,,,,,,,,,,,,,,,,,,,,,,,,,,,,,,,,,,,,,,,,,,,,,,,,,,,,,,,,,,,,,,,,,,,,,,,,,,,,,,,,,,,,,,,,,,,,,,,,,,,,,,,,,,,,,,,,,,,,,,,,,,,,,,,,,,,,,,,,,,,,,,,,,,,,,,,,,,,,,,,,,,,,,,,,,,,,,,,,,,,,,,,,,,,,,,,,,,,,,,,,,,,,,,,,,,,,,,,,,,,,,,,,,,,,,,,,,,,,,,,,,,,,,,,,,,,,,,,,,,,,,,,,,,,,,,,,,,,,,,,,,,,,,,,,,,,,,,,,,,,,,,,,,,,,,,,,,,,,,,,,,,,,,,,,,,,,,,,,,,,,,,,,,,,,,,,,,,,,,56.0,56.0,56.0,56.0,56.0,56.0,56.0,56.0,56.0,56.0,0.0,0.0,0.0,0.0,0.0,1500.0,1500.0,1500.0,1500.0,10,1980.0,100.0,100.0,100.0,100.0,100.0,100.0,100.0,100.0,100.0,100.0,100.0,100.0,100.0,100.0,100.0,100.0,100.0,100.0
0.0,0.0,0.0,0.0,0.0,0.0,0.0,0.0,0.0,0.0,0.0,0.0,0.0,0.0,0.0,0.0,0.0,0.0,0.0,0.0,0.0,0.0,0.0,0.0,0.0,0.0,0.0,0.0,0.0,0.0,0.0,0.0,0.0,0.0,0.0,0.0,0.0,0.0,0.0,0.0,0.0,0.0,0.0,0.0,0.0,0.0,0.0,0.0,0.0,0.0,0.0,0.0,0.0,0.0,0.0,0.0,0.0,0.0,0.0,0.0,0.0,0.0,0.0,0.0,0.0,0.0,0.0,0.0,0.0,0.0,0.0,0.0,0.0,0.0,0.0,0.0,0.0,0.0,0.0,0.0,0.0,0.0,0.0,0.0,0.0,0.0,0.0,0.0,0.0,0.0,0.0,0.0,0.0,0.0,,,,,,,,,,,,,,,,,,,,,,,,,,,,,,,,,,,,,,,,,,,,,,,,,,,,,,,,,,,,,,,,,,,,,,,,,,,,,,,,,,,,,,,,,,,,,,,,,,,,,,,,,,,,,,,,,,,,,,,,,,,,,,,,,,,,,,,,,,,,,,,,,,,,,,,,,,,,,,,,,,,,,,,,,,,,,,,,,,,,,,,,,,,,,,,,,,,,,,,,,,,,,,,,,,,,,,,,,,,,,,,,,,,,,,,,,,,,,,,,,,,,,,,,,,,,,,,,,,,,,,,,,,,,,,,,,,,,,,,,,,,,,,,,,,,,,,,,,,,,,,,,,,,,,,,,,,,,,,,,,,,,,,,,,,,,,,,,,,,,,,,,,,,,,,,,,,,,,,,,,,,,,,,,,,,,,,,,,,,,,,,,,,,,,,,,,,,,,,,,,,,,,,,,,,,,,,,,,,,,,,,,,,,,,,,56.0,56.0,56.0,56.0,56.0,56.0,56.0,56.0,56.0,56.0,0.0,0.0,0.0,0.0,0.0,1500.0,1500.0,1500.0,1500.0,11,2160.0,100.0,100.0,100.0,100.0,100.0,100.0,100.0,100.0,100.0,100.0,100.0,100.0,100.0,100.0,100.0,100.0,100.0,100.0
0.0,0.0,0.0,0.0,0.0,0.0,0.0,0.0,0.0,0.0,0.0,0.0,0.0,0.0,0.0,0.0,0.0,0.0,0.0,0.0,0.0,0.0,0.0,0.0,0.0,0.0,0.0,0.0,0.0,0.0,0.0,0.0,0.0,0.0,0.0,0.0,0.0,0.0,0.0,0.0,0.0,0.0,0.0,0.0,0.0,0.0,0.0,0.0,0.0,0.0,0.0,0.0,0.0,0.0,0.0,0.0,0.0,0.0,0.0,0.0,0.0,0.0,0.0,0.0,0.0,0.0,0.0,0.0,0.0,0.0,0.0,0.0,0.0,0.0,0.0,0.0,0.0,0.0,0.0,0.0,0.0,0.0,0.0,0.0,0.0,0.0,0.0,0.0,0.0,0.0,0.0,0.0,0.0,0.0,,,,,,,,,,,,,,,,,,,,,,,,,,,,,,,,,,,,,,,,,,,,,,,,,,,,,,,,,,,,,,,,,,,,,,,,,,,,,,,,,,,,,,,,,,,,,,,,,,,,,,,,,,,,,,,,,,,,,,,,,,,,,,,,,,,,,,,,,,,,,,,,,,,,,,,,,,,,,,,,,,,,,,,,,,,,,,,,,,,,,,,,,,,,,,,,,,,,,,,,,,,,,,,,,,,,,,,,,,,,,,,,,,,,,,,,,,,,,,,,,,,,,,,,,,,,,,,,,,,,,,,,,,,,,,,,,,,,,,,,,,,,,,,,,,,,,,,,,,,,,,,,,,,,,,,,,,,,,,,,,,,,,,,,,,,,,,,,,,,,,,,,,,,,,,,,,,,,,,,,,,,,,,,,,,,,,,,,,,,,,,,,,,,,,,,,,,,,,,,,,,,,,,,,,,,,,,,,,,,,,,,,,,,,,,,56.0,56.0,56.0,56.0,56.0,56.0,56.0,56.0,56.0,56.0,0.0,0.0,0.0,0.0,0.0,1500.0,1500.0,1500.0,1500.0,12,2340.0,100.0,100.0,100.0,100.0,100.0,100.0,100.0,100.0,100.0,100.0,100.0,100.0,100.0,100.0,100.0,100.0,100.0,100.0
0.0,0.0,0.0,0.0,0.0,0.0,0.0,0.0,0.0,0.0,0.0,0.0,0.0,0.0,0.0,0.0,0.0,0.0,0.0,0.0,0.0,0.0,0.0,0.0,0.0,0.0,0.0,0.0,0.0,0.0,0.0,0.0,0.0,0.0,0.0,0.0,0.0,0.0,0.0,0.0,0.0,0.0,0.0,0.0,0.0,0.0,0.0,0.0,0.0,0.0,0.0,0.0,0.0,0.0,0.0,0.0,0.0,0.0,0.0,0.0,0.0,0.0,0.0,0.0,0.0,0.0,0.0,0.0,0.0,0.0,0.0,0.0,0.0,0.0,0.0,0.0,0.0,0.0,0.0,0.0,0.0,0.0,0.0,0.0,0.0,0.0,0.0,0.0,0.0,0.0,0.0,0.0,0.0,0.0,,,,,,,,,,,,,,,,,,,,,,,,,,,,,,,,,,,,,,,,,,,,,,,,,,,,,,,,,,,,,,,,,,,,,,,,,,,,,,,,,,,,,,,,,,,,,,,,,,,,,,,,,,,,,,,,,,,,,,,,,,,,,,,,,,,,,,,,,,,,,,,,,,,,,,,,,,,,,,,,,,,,,,,,,,,,,,,,,,,,,,,,,,,,,,,,,,,,,,,,,,,,,,,,,,,,,,,,,,,,,,,,,,,,,,,,,,,,,,,,,,,,,,,,,,,,,,,,,,,,,,,,,,,,,,,,,,,,,,,,,,,,,,,,,,,,,,,,,,,,,,,,,,,,,,,,,,,,,,,,,,,,,,,,,,,,,,,,,,,,,,,,,,,,,,,,,,,,,,,,,,,,,,,,,,,,,,,,,,,,,,,,,,,,,,,,,,,,,,,,,,,,,,,,,,,,,,,,,,,,,,,,,,,,,,,56.0,56.0,56.0,56.0,56.0,56.0,56.0,56.0,56.0,56.0,0.0,0.0,0.0,0.0,0.0,1500.0,1500.0,1500.0,1500.0,13,2520.0,100.0,100.0,100.0,100.0,100.0,100.0,100.0,100.0,100.0,100.0,100.0,100.0,100.0,100.0,100.0,100.0,100.0,100.0
0.0,0.0,0.0,0.0,0.0,0.0,0.0,0.0,0.0,0.0,0.0,0.0,0.0,0.0,0.0,0.0,0.0,0.0,0.0,0.0,0.0,0.0,0.0,0.0,0.0,0.0,0.0,0.0,0.0,0.0,0.0,0.0,0.0,0.0,0.0,0.0,0.0,0.0,0.0,0.0,0.0,0.0,0.0,0.0,0.0,0.0,0.0,0.0,0.0,0.0,0.0,0.0,0.0,0.0,0.0,0.0,0.0,0.0,0.0,0.0,0.0,0.0,0.0,0.0,0.0,0.0,0.0,0.0,0.0,0.0,0.0,0.0,0.0,0.0,0.0,0.0,0.0,0.0,0.0,0.0,0.0,0.0,0.0,0.0,0.0,0.0,0.0,0.0,0.0,0.0,0.0,0.0,0.0,0.0,,,,,,,,,,,,,,,,,,,,,,,,,,,,,,,,,,,,,,,,,,,,,,,,,,,,,,,,,,,,,,,,,,,,,,,,,,,,,,,,,,,,,,,,,,,,,,,,,,,,,,,,,,,,,,,,,,,,,,,,,,,,,,,,,,,,,,,,,,,,,,,,,,,,,,,,,,,,,,,,,,,,,,,,,,,,,,,,,,,,,,,,,,,,,,,,,,,,,,,,,,,,,,,,,,,,,,,,,,,,,,,,,,,,,,,,,,,,,,,,,,,,,,,,,,,,,,,,,,,,,,,,,,,,,,,,,,,,,,,,,,,,,,,,,,,,,,,,,,,,,,,,,,,,,,,,,,,,,,,,,,,,,,,,,,,,,,,,,,,,,,,,,,,,,,,,,,,,,,,,,,,,,,,,,,,,,,,,,,,,,,,,,,,,,,,,,,,,,,,,,,,,,,,,,,,,,,,,,,,,,,,,,,,,,,,56.0,56.0,56.0,56.0,56.0,56.0,56.0,56.0,56.0,56.0,0.0,0.0,0.0,0.0,0.0,1500.0,1500.0,1500.0,1500.0,14,2700.0,100.0,100.0,100.0,100.0,100.0,100.0,100.0,100.0,100.0,100.0,100.0,100.0,100.0,100.0,100.0,100.0,100.0,100.0
0.0,0.0,0.0,0.0,0.0,0.0,0.0,0.0,0.0,0.0,0.0,0.0,0.0,0.0,0.0,0.0,0.0,0.0,0.0,0.0,0.0,0.0,0.0,0.0,0.0,0.0,0.0,0.0,0.0,0.0,0.0,0.0,0.0,0.0,0.0,0.0,0.0,0.0,0.0,0.0,0.0,0.0,0.0,0.0,0.0,0.0,0.0,0.0,0.0,0.0,0.0,0.0,0.0,0.0,0.0,0.0,0.0,0.0,0.0,0.0,0.0,0.0,0.0,0.0,0.0,0.0,0.0,0.0,0.0,0.0,0.0,0.0,0.0,0.0,0.0,0.0,0.0,0.0,0.0,0.0,0.0,0.0,0.0,0.0,0.0,0.0,0.0,0.0,0.0,0.0,0.0,0.0,0.0,0.0,,,,,,,,,,,,,,,,,,,,,,,,,,,,,,,,,,,,,,,,,,,,,,,,,,,,,,,,,,,,,,,,,,,,,,,,,,,,,,,,,,,,,,,,,,,,,,,,,,,,,,,,,,,,,,,,,,,,,,,,,,,,,,,,,,,,,,,,,,,,,,,,,,,,,,,,,,,,,,,,,,,,,,,,,,,,,,,,,,,,,,,,,,,,,,,,,,,,,,,,,,,,,,,,,,,,,,,,,,,,,,,,,,,,,,,,,,,,,,,,,,,,,,,,,,,,,,,,,,,,,,,,,,,,,,,,,,,,,,,,,,,,,,,,,,,,,,,,,,,,,,,,,,,,,,,,,,,,,,,,,,,,,,,,,,,,,,,,,,,,,,,,,,,,,,,,,,,,,,,,,,,,,,,,,,,,,,,,,,,,,,,,,,,,,,,,,,,,,,,,,,,,,,,,,,,,,,,,,,,,,,,,,,,,,,,56.0,56.0,56.0,56.0,56.0,56.0,56.0,56.0,56.0,56.0,0.0,0.0,0.0,0.0,0.0,1500.0,1500.0,1500.0,1500.0,15,2880.0,100.0,100.0,100.0,100.0,100.0,100.0,100.0,100.0,100.0,100.0,100.0,100.0,100.0,100.0,100.0,100.0,100.0,100.0
0.0,0.0,0.0,0.0,0.0,0.0,0.0,0.0,0.0,0.0,0.0,0.0,0.0,0.0,0.0,0.0,0.0,0.0,0.0,0.0,0.0,0.0,0.0,0.0,0.0,0.0,0.0,0.0,0.0,0.0,0.0,0.0,0.0,0.0,0.0,0.0,0.0,0.0,0.0,0.0,0.0,0.0,0.0,0.0,0.0,0.0,0.0,0.0,0.0,0.0,0.0,0.0,0.0,0.0,0.0,0.0,0.0,0.0,0.0,0.0,0.0,0.0,0.0,0.0,0.0,0.0,0.0,0.0,0.0,0.0,0.0,0.0,0.0,0.0,0.0,0.0,0.0,0.0,0.0,0.0,0.0,0.0,0.0,0.0,0.0,0.0,0.0,0.0,0.0,0.0,0.0,0.0,0.0,0.0,,,,,,,,,,,,,,,,,,,,,,,,,,,,,,,,,,,,,,,,,,,,,,,,,,,,,,,,,,,,,,,,,,,,,,,,,,,,,,,,,,,,,,,,,,,,,,,,,,,,,,,,,,,,,,,,,,,,,,,,,,,,,,,,,,,,,,,,,,,,,,,,,,,,,,,,,,,,,,,,,,,,,,,,,,,,,,,,,,,,,,,,,,,,,,,,,,,,,,,,,,,,,,,,,,,,,,,,,,,,,,,,,,,,,,,,,,,,,,,,,,,,,,,,,,,,,,,,,,,,,,,,,,,,,,,,,,,,,,,,,,,,,,,,,,,,,,,,,,,,,,,,,,,,,,,,,,,,,,,,,,,,,,,,,,,,,,,,,,,,,,,,,,,,,,,,,,,,,,,,,,,,,,,,,,,,,,,,,,,,,,,,,,,,,,,,,,,,,,,,,,,,,,,,,,,,,,,,,,,,,,,,,,,,,,,56.0,56.0,56.0,56.0,56.0,56.0,56.0,56.0,56.0,56.0,0.0,0.0,0.0,0.0,0.0,1500.0,1500.0,1500.0,1500.0,16,3060.0,100.0,100.0,100.0,100.0,100.0,100.0,100.0,100.0,100.0,100.0,100.0,100.0,100.0,100.0,100.0,100.0,100.0,100.0
0.0,0.0,0.0,0.0,0.0,0.0,0.0,0.0,0.0,0.0,0.0,0.0,0.0,0.0,0.0,0.0,0.0,0.0,0.0,0.0,0.0,0.0,0.0,0.0,0.0,0.0,0.0,0.0,0.0,0.0,0.0,0.0,0.0,0.0,0.0,0.0,0.0,0.0,0.0,0.0,0.0,0.0,0.0,0.0,0.0,0.0,0.0,0.0,0.0,0.0,0.0,0.0,0.0,0.0,0.0,0.0,0.0,0.0,0.0,0.0,0.0,0.0,0.0,0.0,0.0,0.0,0.0,0.0,0.0,0.0,0.0,0.0,0.0,0.0,0.0,0.0,0.0,0.0,0.0,0.0,0.0,0.0,0.0,0.0,0.0,0.0,0.0,0.0,0.0,0.0,0.0,0.0,0.0,0.0,,,,,,,,,,,,,,,,,,,,,,,,,,,,,,,,,,,,,,,,,,,,,,,,,,,,,,,,,,,,,,,,,,,,,,,,,,,,,,,,,,,,,,,,,,,,,,,,,,,,,,,,,,,,,,,,,,,,,,,,,,,,,,,,,,,,,,,,,,,,,,,,,,,,,,,,,,,,,,,,,,,,,,,,,,,,,,,,,,,,,,,,,,,,,,,,,,,,,,,,,,,,,,,,,,,,,,,,,,,,,,,,,,,,,,,,,,,,,,,,,,,,,,,,,,,,,,,,,,,,,,,,,,,,,,,,,,,,,,,,,,,,,,,,,,,,,,,,,,,,,,,,,,,,,,,,,,,,,,,,,,,,,,,,,,,,,,,,,,,,,,,,,,,,,,,,,,,,,,,,,,,,,,,,,,,,,,,,,,,,,,,,,,,,,,,,,,,,,,,,,,,,,,,,,,,,,,,,,,,,,,,,,,,,,,,56.0,56.0,56.0,56.0,56.0,56.0,56.0,56.0,56.0,56.0,0.0,0.0,0.0,0.0,0.0,1500.0,1500.0,1500.0,1500.0,17,3240.0,100.0,100.0,100.0,100.0,100.0,100.0,100.0,100.0,100.0,100.0,100.0,100.0,100.0,100.0,100.0,100.0,100.0,100.0
0.0,0.0,0.0,0.0,0.0,0.0,0.0,0.0,0.0,0.0,0.0,0.0,0.0,0.0,0.0,0.0,0.0,0.0,0.0,0.0,0.0,0.0,0.0,0.0,0.0,0.0,0.0,0.0,0.0,0.0,0.0,0.0,0.0,0.0,0.0,0.0,0.0,0.0,0.0,0.0,0.0,0.0,0.0,0.0,0.0,0.0,0.0,0.0,0.0,0.0,0.0,0.0,0.0,0.0,0.0,0.0,0.0,0.0,0.0,0.0,0.0,0.0,0.0,0.0,0.0,0.0,0.0,0.0,0.0,0.0,0.0,0.0,0.0,0.0,0.0,0.0,0.0,0.0,0.0,0.0,0.0,0.0,0.0,0.0,0.0,0.0,0.0,0.0,0.0,0.0,0.0,0.0,0.0,0.0,,,,,,,,,,,,,,,,,,,,,,,,,,,,,,,,,,,,,,,,,,,,,,,,,,,,,,,,,,,,,,,,,,,,,,,,,,,,,,,,,,,,,,,,,,,,,,,,,,,,,,,,,,,,,,,,,,,,,,,,,,,,,,,,,,,,,,,,,,,,,,,,,,,,,,,,,,,,,,,,,,,,,,,,,,,,,,,,,,,,,,,,,,,,,,,,,,,,,,,,,,,,,,,,,,,,,,,,,,,,,,,,,,,,,,,,,,,,,,,,,,,,,,,,,,,,,,,,,,,,,,,,,,,,,,,,,,,,,,,,,,,,,,,,,,,,,,,,,,,,,,,,,,,,,,,,,,,,,,,,,,,,,,,,,,,,,,,,,,,,,,,,,,,,,,,,,,,,,,,,,,,,,,,,,,,,,,,,,,,,,,,,,,,,,,,,,,,,,,,,,,,,,,,,,,,,,,,,,,,,,,,,,,,,,,,56.0,56.0,56.0,56.0,56.0,56.0,56.0,56.0,56.0,56.0,0.0,0.0,0.0,0.0,0.0,1500.0,1500.0,1500.0,1500.0,18,3420.0,100.0,100.0,100.0,100.0,100.0,100.0,100.0,100.0,100.0,100.0,100.0,100.0,100.0,100.0,100.0,100.0,100.0,100.0
0.0,0.0,0.0,0.0,0.0,0.0,0.0,0.0,0.0,0.0,0.0,0.0,0.0,0.0,0.0,0.0,0.0,0.0,0.0,0.0,0.0,0.0,0.0,0.0,0.0,0.0,0.0,0.0,0.0,0.0,0.0,0.0,0.0,0.0,0.0,0.0,0.0,0.0,0.0,0.0,0.0,0.0,0.0,0.0,0.0,0.0,0.0,0.0,0.0,0.0,0.0,0.0,0.0,0.0,0.0,0.0,0.0,0.0,0.0,0.0,0.0,0.0,0.0,0.0,0.0,0.0,0.0,0.0,0.0,0.0,0.0,0.0,0.0,0.0,0.0,0.0,0.0,0.0,0.0,0.0,0.0,0.0,0.0,0.0,0.0,0.0,0.0,0.0,0.0,0.0,0.0,0.0,0.0,0.0,,,,,,,,,,,,,,,,,,,,,,,,,,,,,,,,,,,,,,,,,,,,,,,,,,,,,,,,,,,,,,,,,,,,,,,,,,,,,,,,,,,,,,,,,,,,,,,,,,,,,,,,,,,,,,,,,,,,,,,,,,,,,,,,,,,,,,,,,,,,,,,,,,,,,,,,,,,,,,,,,,,,,,,,,,,,,,,,,,,,,,,,,,,,,,,,,,,,,,,,,,,,,,,,,,,,,,,,,,,,,,,,,,,,,,,,,,,,,,,,,,,,,,,,,,,,,,,,,,,,,,,,,,,,,,,,,,,,,,,,,,,,,,,,,,,,,,,,,,,,,,,,,,,,,,,,,,,,,,,,,,,,,,,,,,,,,,,,,,,,,,,,,,,,,,,,,,,,,,,,,,,,,,,,,,,,,,,,,,,,,,,,,,,,,,,,,,,,,,,,,,,,,,,,,,,,,,,,,,,,,,,,,,,,,,,56.0,56.0,56.0,56.0,56.0,56.0,56.0,56.0,56.0,56.0,0.0,0.0,0.0,0.0,0.0,1500.0,1500.0,1500.0,1500.0,19,3600.0,100.0,100.0,100.0,100.0,100.0,100.0,100.0,100.0,100.0,100.0,100.0,100.0,100.0,100.0,100.0,100.0,100.0,100.0
498.65787163913217,4813.847620758448,0.0,0.0,0.0,0.0,0.0,0.0,0.0,0.0,0.0,0.0,0.0,0.0,0.0,0.0,0.0,0.0,0.0,0.0,0.0,0.0,0.0,0.0,0.0,0.0,0.0,0.0,0.0,0.0,0.0,0.0,0.0,0.0,0.0,0.0,0.0,0.0,0.0,0.0,0.0,0.0,0.0,0.0,0.0,0.0,0.0,0.0,0.0,0.0,0.0,0.0,0.0,0.0,0.0,0.0,0.0,0.0,0.0,0.0,0.0,0.0,0.0,0.0,0.0,0.0,0.0,0.0,0.0,0.0,0.0,0.0,0.0,0.0,0.0,0.0,0.0,0.0,0.0,0.0,0.0,0.0,0.0,0.0,0.0,0.0,0.0,0.0,0.0,0.0,0.0,0.0,0.0,0.0,1142.058,3413.152173913043,-1994.519138404646,6000.0,1200.0,3.0,32.99954771276084,77.32156435538292,44.322016642622074,5316.656318340858,,0.0,446.4909722222224,705.7782771730876,498.65787163913217,4813.847620758448,18.0,0.0,4800.0,313.7634709208583,498.65787163913217,498.65787163913217,4813.847620758448,1.0,0.0,0.0,50.0,6.0,1.0,0.0,75.0,0.0,0.0,11.0,1.0,1.0,1.0,340.91793595736584,0.0,4800.0,0.0,27.15446503650753,0.0,1.0,0.0,1.0,1.0,1.0,0.0,6.0,4.0,0.0,0.0,498.65787163913217,18.0,271.69591542288043,50.0,0.0,75.00973024614763,49.0,271.69591542288043,0.0,4800.0,498.65787163913217,4813.847620758448,25.0,5.0,1.0,0.0,1.0,5.0,4.0,0.0,271.40777071564764,25.0,0.0,75.29787495338041,13.0,271.40777071564764,1.0,498.65787163913217,4813.847620758448,49.0,1610.5950698071467,4800.0,313.7634709208583,498.65787163913217,498.65787163913217,4813.847620758448,1.0,0.0,0.0,0.0,4800.0,1.0,12.0,18.355704830167873,0.9177852415083937,0.0,340.91793595736584,0.0,1.0,0.0,1.0,1.0,1.0,1.0,0.0,0.0,0.0,0.0,0.0,340.91793595736584,76.99631145177793,0.0,0.0,0.0,313.7634709208583,77.32156435538292,77.32156435538292,0.0,1.0,27.15446503650753,0.0,0.0,17.04589679786829,0.0,0.0,0.0,0.0,0.0,0.0,340.91793595736584,1.0,0.0,340.91793595736584,0.0,1.0,312.8456856793499,4130.0,13381.199999999999,15694.0,1691.25,5479.65,6426.75,1204.0,3900.9599999999996,4575.2,3.0,7025.25,22761.809999999998,26695.95,0.0,4800.0,1.0,0.0,220.0,0.0,0.0,1.0,0.0,0.0,0.0,0.5,0.0,0.0,0.0,-1994.519138404646,3413.152173913043,-3315.000000000001,37566.666666666664,-22100.000000000004,5635.000000000001,0.15000000000000002,0.0,599.1413354815928,401.06787163913214,599.1413354815928,401.06787163913214,1.0,1.0,0.0,-480.3677504419736,1.0,5769.555555555555,-3202.451669613157,865.4333333333334,1.0,0.0,0.0,0.0,0.0,4575.2,1200.0,6000.0,5484.27355769988,0.4971150790086566,0.5028849209913433,4623.643677838199,313.7634709208583,312.8456856793499,1.0,,498.65787163913217,,6000.0,1.0,,1.0,1.0,340.91793595736584,,,0.0,0.0,77.32156435538292,25.77385478512764,498.65787163913217,0.0,595.8134706828514,498.65787163913217,4813.847620758448,,1.0,0.0,0.0,0.0,25.66543715059264,0.0,-498.65787163913217,-498.65787163913217,-13.847620758448102,1.0,1.0,1.0,0.0,0.0,0.0,0.0,0.0,0.0,1.0,6.0,0.0,1.0,0.5341614906832296,0.0,0.0,0.0,1.0,0.00336414429431942,0.5341614906832296,0.0,498.65787163913217,4813.847620758448,0.0,4800.0,313.7634709208583,498.65787163913217,498.65787163913217,4813.847620758448,1.0,0.0,0.0,0.0,0.0,0.0,0.0,4800.0,5316.656318340858,0.0,313.7634709208583,1.0,1.0,0.0,0.0,0.0,498.65787163913217,3324.3858109275475,0.010854070173129856,-0.026866949152390445,-0.002802213165067791,0.06856904418276111,-0.002275128943322343,6.0,1.0,56.0,56.0,56.0,56.0,56.0,1.0,1.0,6.0,0.0,0.0,264.7746056882495,0.0,0.40791558364242064,264.7746056882495,265.1825212718919,0.0,264.7746056882495,0.0,0.9761256348517691,264.7746056882495,265.75073132310126,0.0,264.7746056882495,0.0,1.0228544017046488,264.7746056882495,265.79746008995414,0.0,264.7746056882495,0.0,1.7312944041220817,264.7746056882495,266.50590009237163,0.0,-0.0013597186121414022,-0.0032537521161725637,-0.003409514672348829,-0.005770981347073795,1.0,1500.0,1500.0,1500.0,1500.0,1.0058033262581705,1.0,0.0,0.006949519523570397,0.007608875656831243,0.008254998819588008,0.008545642006095741,0.008979062850369077,0.008709713038571293,0.008194949309909827,0.006736842211967978,0.05244562109658917,0.05305182002189985,0.05363189243503568,0.053943184495651504,0.05433485273600134,0.05415078385443959,0.053643944548543314,0.05222306101950886,1.0,100.0,100.0,100.0,100.0,100.0,100.0,100.0,100.0,100.0,100.0,100.0,100.0,100.0,100.0,100.0,100.0,0.0,0.0,0.0,0.0,0.0,1.0,10.0,5.0,308.0,1.0,10.0,1.0,599.1413354815928,498.65787163913217,401.06787163913214,498.65787163913217,0.0,0.0,2.0,2.0,0.0,48.07163403938489,0.0,1.0,0.0,0.0,0.0,450.5862375997473,498.65787163913217,-450.5862375997473,498.65787163913217,498.65787163913217,0.0,48.07163403938489,160.0,77.32156435538292,78.46474363335658,0.0,2.0,2.7764274000001024,498.65787163913217,51.0,1.0,2386.1523792415514,2413.8476207584476,24.0,24.0,,,,,2.0,2.0,300.0,300.0,2.0,2.0,2400.0,2413.8476207584476,3000.0,3000.0,1.0,1.0,10.0,10.0,56.0,56.0,56.0,56.0,56.0,56.0,56.0,56.0,56.0,56.0,0.0,0.0,0.0,0.0,0.0,1200.0,1206.9238103792238,1200.0,1206.9238103792238,20,3780.0,100.0,100.0,100.0,100.0,100.0,100.0,100.0,100.0,100.0,100.0,100.0,100.0,100.0,100.0,100.0,100.0,100.0,100.0
649.251059260989,6000.0,0.0,0.0,0.0,0.0,0.0,0.0,0.0,0.0,0.0,0.0,0.0,0.0,0.0,0.0,0.0,0.0,0.0,0.0,0.0,0.0,0.0,0.0,0.0,0.0,0.0,0.0,0.0,0.0,0.0,0.0,0.0,0.0,0.0,0.0,0.0,0.0,0.0,0.0,0.0,0.0,0.0,0.0,0.0,0.0,0.0,0.0,0.0,0.0,0.0,0.0,0.0,0.0,0.0,0.0,0.0,0.0,0.0,0.0,0.0,0.0,0.0,0.0,0.0,0.0,0.0,0.0,0.0,0.0,0.0,0.0,0.0,0.0,0.0,0.0,0.0,0.0,0.0,0.0,0.0,0.0,0.0,0.0,0.0,0.0,0.0,0.0,0.0,0.0,0.0,0.0,0.0,0.0,1142.058,649.251059260989,-2072.4021363468073,6000.0,1200.0,3.0,51.47754520947334,118.4189373637117,66.94139215423836,6795.334690216465,,0.0,556.1315972222225,872.9659193409778,622.8843925943224,4750.0,8.0,-2072.4021363468073,4750.0,394.80934751616206,622.8843925943224,622.8843925943224,4750.0,1.0,0.0,0.0,49.0,5.0,0.0,1.0,49.0,,0.0,5.0,0.0,,1.0,,,,0.0,143.07868300283207,0.0,1.0,0.0,,1.0,0.0,1.0,5.0,4.0,0.0,0.0,,8.0,339.75159442955214,49.0,0.0,101.12163313007983,25.0,339.75159442955214,,,,,0.0,0.0,,,,,,,,,,,,,0.0,622.8843925943224,4750.0,25.0,-1375.8518693034564,4750.0,394.80934751616206,622.8843925943224,622.8843925943224,4750.0,1.0,0.0,0.0,,,,13.0,930.7545416583254,46.53772708291627,0.0,529.5297036699177,0.0,1.0,0.0,1.0,1.0,1.0,1.0,0.0,0.0,0.0,0.0,0.0,529.5297036699177,118.4189373637117,0.0,0.0,0.0,394.80934751616206,119.62416031192201,119.62416031192201,0.0,1.0,134.72035615375563,0.0,1.0,26.476485183495885,1.0,0.0,1.0,0.0,0.0,1.0,529.5297036699177,1.0,0.0,529.5297036699177,0.0,1.0,482.9919765870014,11068.399999999998,15694.0,15694.0,4532.549999999999,6426.75,6426.75,3226.7199999999993,4575.2,4575.2,3.0,18827.67,26695.95,26695.95,649.251059260989,6000.0,0.0,0.0,220.0,0.0,0.0,1.0,0.0,0.0,0.0,0.5,0.021182029087921845,0.0,10.591014543960922,-2072.4021363468073,3500.0,-3315.000000000001,37566.666666666664,-22100.000000000004,5635.000000000001,,,,,,,,,,-647.5565860244797,1.0,7951.222222222221,-4317.043906829864,1192.6833333333334,0.0,,,,,4575.2,1200.0,6000.0,5315.98705118602,0.49712644786444854,0.5028735521355515,4613.802361667798,529.5297036699177,482.9919765870014,1.0,0.0,649.251059260989,0.0,6000.0,1.0,1.0,1.0,1.0,529.5297036699177,649.251059260989,6000.0,1.0,0.0,118.4189373637117,39.47297912123724,649.251059260989,0.0,158.88537093100987,649.251059260989,6000.0,13.117814798808048,1.0,0.0,0.0,0.0,39.47297912123724,1.0,,,,,,,,,,,,,,6.0,0.0,1.0,0.5341614906832296,0.0,0.0,0.0,1.0,0.0026807195602637822,0.5341614906832296,0.0,649.251059260989,6000.0,-2072.4021363468073,4750.0,529.5297036699177,622.8843925943224,622.8843925943224,4750.0,0.0,1.0,0.0,1.0,0.0,0.0,,,6795.334690216465,0.0,529.5297036699177,0.0,5.0,0.021182029087921845,0.0,649.251059260989,649.251059260989,4328.340395073259,0.027635588522760563,-0.049265958360688256,0.018488439063789424,0.08349396782264676,0.030992929710232466,6.0,1.0,56.0,56.0,56.0,56.0,56.0,2.0,1.0,6.0,0.0,0.0,337.0090878995111,0.0,4.322591080646816,336.7001159168075,341.64065096286146,0.0,337.0090878995111,0.0,2.0607015605146444,334.75843322639645,341.3204441331404,0.0,337.0090878995111,0.0,6.089448463575309,336.70217641063954,343.4054478519579,0.0,337.0090878995111,0.0,3.12681669022777,334.0994106604729,343.045581828777,0.0,-0.008234225076756635,-0.011064364109676783,-0.010771022648444905,-0.015084353958004008,1.0,1200.0,1206.9238103792238,1200.0,1206.9238103792238,,,0.0,0.09922206817663835,0.09881320550396637,0.09858480644013774,0.09907068010449507,0.09923218176834077,0.09967908177916485,0.09977004982126764,0.0998591377019185,0.10012106155059967,0.09986733810889915,0.09969609551354389,0.0994186634269564,0.09945336691718545,0.09984437832726556,0.09992361282209822,0.09994255668588573,1.0,100.0,100.0,100.0,100.0,100.0,100.0,100.0,100.0,100.0,100.0,100.0,100.0,100.0,100.0,100.0,100.0,0.0,0.0,0.0,0.0,0.0,1.0,0.0,,644.0,1.0,0.0,0.0,0.0,,0.0,,0.0,,-1.0,0.0,0.0,0.0,0.0,1.0,0.0,0.0,0.0,0.0,,0.0,,649.251059260989,0.0,649.251059260989,160.0,118.4189373637117,119.95664054498687,0.0,3.0,4.177162700005283,649.251059260989,51.0,1.0,,,32.0,32.0,,,,,2.0,2.0,300.0,300.0,2.0,2.0,,,,,1.0,1.0,10.0,10.0,56.0,56.0,56.0,56.0,56.0,56.0,56.0,56.0,56.0,56.0,0.0,0.0,0.0,0.0,0.0,1500.0,1500.0,1500.0,1500.0,21,3960.0,100.0,100.0,100.0,100.0,100.0,100.0,100.0,100.0,100.0,100.0,100.0,100.0,100.0,100.0,100.0,100.0,100.0,100.0
915.1408190404778,6000.0,0.0,0.0,0.0,0.0,0.0,0.0,0.0,0.0,0.0,0.0,0.0,0.0,0.0,0.0,0.0,0.0,0.0,0.0,0.0,0.0,0.0,0.0,0.0,0.0,0.0,0.0,0.0,0.0,0.0,0.0,0.0,0.0,0.0,0.0,0.0,0.0,0.0,0.0,0.0,0.0,0.0,0.0,0.0,0.0,0.0,0.0,0.0,0.0,0.0,0.0,0.0,0.0,0.0,0.0,0.0,0.0,0.0,0.0,0.0,0.0,0.0,0.0,0.0,0.0,0.0,0.0,0.0,0.0,0.0,0.0,0.0,0.0,0.0,0.0,0.0,0.0,0.0,0.0,0.0,0.0,0.0,0.0,0.0,0.0,0.0,0.0,0.0,0.0,0.0,0.0,0.0,0.0,1142.058,915.1408190404778,-2120.2337797370938,6000.0,1200.0,3.0,67.21462094777965,157.8785352243548,90.66391427657516,8569.338935309885,,0.0,446.3649060715826,798.4044477771592,908.4033190404778,4800.0,0.0,915.1408190404778,6000.0,469.0357815099523,908.4033190404778,908.4033190404778,4800.0,1.0,0.0,0.0,49.0,5.0,0.0,1.0,49.0,,0.0,5.0,0.0,,1.0,,,,9.952083793492363,399.01305886480026,0.0,1.0,0.0,,1.0,0.0,1.0,5.0,4.0,0.0,0.0,,8.0,405.6444621070911,49.0,0.0,105.64132012971385,24.0,405.6444621070911,,,,,0.0,0.0,,,,,,,,,,,,,0.0,849.6718588187921,4800.0,8.0,-2120.2337797370938,4750.0,478.98786530344466,849.6718588187921,849.6718588187921,4800.0,1.0,0.0,0.0,,,,24.0,1594.9213137717084,79.74606568858542,0.0,868.0488403747526,0.0,1.0,0.0,1.0,1.0,1.0,1.0,0.0,0.0,0.0,0.0,0.0,868.0488403747526,157.8785352243548,0.0,0.0,0.0,469.0357815099523,161.57471982104434,161.57471982104434,0.0,1.0,399.01305886480026,0.0,1.0,43.40244201873763,1.0,0.0,1.0,0.0,0.0,1.0,868.0488403747526,1.0,0.0,868.0488403747526,0.0,1.0,788.3027746861671,15694.0,15694.0,15694.0,6426.75,6426.75,6426.75,4575.2,4575.2,4575.2,3.0,26695.95,26695.95,26695.95,915.1408190404778,6000.0,0.0,0.0,220.0,0.0,0.0,1.0,0.0,0.0,0.0,0.5,0.020661171822899598,0.0,10.330585911449798,-2120.2337797370938,3500.0,-3315.000000000001,37566.666666666664,-22100.000000000004,5635.000000000001,,,,,,,,,,-750.2351805022948,1.0,8915.63425925926,-5001.5678700152985,1337.345138888889,0.0,,,,,4575.2,1200.0,6000.0,5700.0,0.48614912903238067,0.5138508709676193,4682.572749184155,868.0488403747526,788.3027746861671,1.0,0.0,915.1408190404778,0.0,6000.0,1.0,1.0,1.0,1.0,868.0488403747526,915.1408190404778,6000.0,1.0,0.0,157.8785352243548,52.62617840811827,915.1408190404778,0.0,358.2903792891551,915.1408190404778,6000.0,21.268772939961334,1.0,0.0,0.0,0.0,52.62617840811827,2.0,,,,,,,,,,,,,,6.0,0.0,1.0,0.5341614906832296,0.0,0.0,0.0,1.0,0.007456440915566364,0.5341614906832296,0.0,915.1408190404778,6000.0,915.1408190404778,6000.0,868.0488403747526,908.4033190404778,908.4033190404778,4800.0,0.0,1.0,0.0,1.0,0.0,0.0,,,8569.338935309885,0.0,868.0488403747526,0.0,5.0,0.020661171822899598,0.0,915.1408190404778,915.1408190404778,6100.938793603184,0.0682866782341508,-0.11861089369993986,0.009138503403102256,0.6640350610773225,0.4595284918372095,6.0,1.0,56.0,56.0,56.0,56.0,56.0,3.0,1.0,6.0,0.0,0.0,430.5087128586432,0.0,8.703866901971196,430.5087128586432,421.804845956672,0.0,430.5087128586432,0.0,10.910375751571564,430.5087128586432,419.5983371070716,0.0,430.5087128586432,0.0,13.670308709572055,430.5087128586432,416.8384041490711,0.0,430.5087128586432,0.0,12.76022902771615,430.5087128586432,417.74848383092706,0.0,0.029348780209100922,0.036367919171905405,0.04629317709684519,0.04278164736853433,1.0,1500.0,1500.0,1500.0,1500.0,,,0.0,0.09827810894224669,0.09631181721082277,0.09566447399211384,0.1,0.1,0.1,0.1,0.1,0.09859292604002938,0.09647655847519765,0.0946018735012096,0.09947563130048813,0.1,0.1,0.1,0.1,1.0,100.0,100.0,100.0,100.0,100.0,100.0,100.0,100.0,100.0,100.0,100.0,100.0,100.0,100.0,100.0,100.0,0.0,0.0,0.0,0.0,0.0,1.0,0.0,,547.0,1.0,0.0,0.0,0.0,,0.0,,0.0,,-1.0,0.0,0.0,0.0,0.0,1.0,0.0,0.0,0.0,0.0,,0.0,,915.1408190404778,0.0,915.1408190404778,168.0,157.8785352243548,160.7023540988166,0.0,2.0,4.095593500001996,915.1408190404778,51.0,1.0,,,24.0,24.0,,,,,2.0,2.0,300.0,300.0,2.0,2.0,,,,,1.0,1.0,10.0,10.0,56.0,56.0,56.0,56.0,56.0,56.0,50.0,62.0,50.0,62.0,0.0,0.0,0.0,0.0,0.0,1500.0,1500.0,1500.0,1500.0,22,4140.0,90.0,100.0,100.0,100.0,90.0,90.0,90.0,90.0,90.0,90.0,100.0,100.0,100.0,100.0,90.0,90.0,90.0,90.0
1032.696868430983,6000.0,0.0,0.0,0.0,0.0,0.0,0.0,0.0,0.0,0.0,0.0,0.0,0.0,0.0,0.0,0.0,0.0,0.0,0.0,0.0,0.0,0.0,0.0,0.0,0.0,0.0,0.0,0.0,0.0,0.0,0.0,0.0,0.0,0.0,0.0,0.0,0.0,0.0,0.0,0.0,0.0,0.0,0.0,0.0,0.0,0.0,0.0,0.0,0.0,0.0,0.0,0.0,0.0,0.0,0.0,0.0,0.0,0.0,0.0,0.0,0.0,0.0,0.0,0.0,0.0,0.0,0.0,0.0,0.0,0.0,0.0,0.0,0.0,0.0,0.0,0.0,0.0,0.0,0.0,0.0,0.0,0.0,0.0,0.0,0.0,0.0,0.0,0.0,0.0,0.0,0.0,0.0,0.0,1142.058,1032.696868430983,-2145.000319224526,6000.0,1200.0,3.0,78.34604377393147,186.14967618304422,107.80363240911277,10252.851280398461,0.9476718154939724,0.0,444.1708150617574,818.9817616865614,1006.2823613290617,4800.0,0.0,1032.696868430983,6000.0,603.2353232605574,1006.2823613290617,1006.2823613290617,4800.0,1.0,0.0,0.0,49.0,5.0,0.0,1.0,49.0,,0.0,5.0,0.0,,1.0,,,,45.05976484389441,721.3558008060568,0.0,1.0,0.0,,1.0,0.0,1.0,5.0,4.0,0.0,0.0,,5.0,453.3696914972139,49.0,0.0,163.99585008304598,22.0,453.3696914972139,,,,,0.0,0.0,,,,,,,,,,,,,0.0,966.6919826702739,4800.0,5.0,-2145.000319224526,4500.0,648.2950881044518,966.6919826702739,966.6919826702739,4800.0,1.0,0.0,0.0,,,,24.0,2331.0951930177566,116.55475965088783,0.0,1324.5911240666142,0.0,1.0,0.0,1.0,1.0,1.0,1.0,0.0,0.0,0.0,0.0,0.0,1324.5911240666142,186.14967618304422,0.0,0.0,0.0,603.2353232605574,188.92225086750938,188.92225086750938,0.0,1.0,721.3558008060568,0.0,1.0,66.22955620333072,1.0,0.0,1.0,0.0,0.0,1.0,1324.5911240666142,1.0,0.0,1324.5911240666142,0.0,1.0,1207.980992581613,15694.0,15694.0,15694.0,6426.75,6426.75,6426.75,4575.2,4575.2,4575.2,3.0,26695.95,26695.95,26695.95,1032.696868430983,6000.0,0.0,0.0,220.0,0.0,1.1074366822674762,1.0,0.0,1.1074366822674762,0.05537183411337381,0.5,0.01160321728420547,0.0,5.801608642102735,-2145.000319224526,3500.0,-3315.000000000001,37566.666666666664,-22100.000000000004,5635.000000000001,,,,,,,,,,-803.4006852686493,1.0,9143.622685185184,-5356.004568457662,1371.5434027777778,0.0,,,,,4575.2,1200.0,6000.0,5457.015005974925,0.46082111216789085,0.5391788878321091,4948.533333333333,1324.5911240666142,1207.980992581613,1.0,0.0,1032.696868430983,0.0,6000.0,1.0,1.0,1.0,1.0,1324.5911240666142,1032.696868430983,6000.0,1.0,0.0,186.14967618304422,62.04989206101474,1032.696868430983,0.0,638.6297539735756,1032.696868430983,6000.0,38.88887953073037,1.0,0.0,0.0,-56.2655868784432,62.04989206101474,3.0,,,,,,,,,,,,,,6.0,0.0,1.0,0.5341614906832296,0.0,0.0,0.0,1.0,0.02592592592592593,0.5341614906832296,0.0,1032.696868430983,6000.0,1032.696868430983,6000.0,1324.5911240666142,1006.2823613290617,1006.2823613290617,4800.0,0.0,1.0,0.0,1.0,0.0,0.0,,,10252.851280398461,0.0,1324.5911240666142,0.0,5.0,0.01160321728420547,0.0,1032.696868430983,1032.696868430983,6884.645789539885,0.1417113314197849,-0.022628021769412587,0.008582159486015005,0.2145489563999261,0.11563653725797396,6.0,1.0,56.0,56.0,56.0,50.0,50.0,4.0,1.0,6.0,0.0,0.0,517.0876632810964,0.0,11.081838213673109,517.0876632810964,506.0058250674233,0.0,517.0876632810964,0.0,13.919858783748168,517.0876632810964,503.16780449734824,0.0,517.0876632810964,0.0,18.534932859215587,517.0876632810964,498.5527304218808,0.0,517.0876632810964,0.0,19.352742390042522,517.0876632810964,497.7349208910539,0.0,0.03514439273059094,0.04661155405929366,0.05947949294521233,0.06418547270963552,1.0,1500.0,1500.0,1500.0,1500.0,,,0.0,0.1,0.1,0.1,0.0007412706319087192,-0.0013695009384377954,0.0,0.0,0.0,0.1,0.1,0.1,0.1,0.015491596681584952,0.0,0.0,0.0,1.0,100.0,100.0,100.0,90.0,90.0,90.0,90.0,90.0,100.0,100.0,100.0,100.0,90.0,90.0,90.0,90.0,0.0,0.0,0.0,0.0,0.0,1.0,0.0,,539.0,1.0,0.0,0.0,0.0,,0.0,,0.0,,-1.0,0.0,0.0,0.0,0.0,1.0,0.0,0.0,0.0,0.0,,0.0,,1032.696868430983,0.0,1032.696868430983,120.0,186.14967618304422,187.82545035237558,0.0,2.0,3.6384433999992325,1032.696868430983,51.0,1.0,,,33.0,30.0,,,,,2.0,2.0,300.0,300.0,2.0,2.0,,,,,1.0,1.0,10.0,10.0,51.0,61.0,56.0,56.0,56.0,56.0,44.0,68.0,44.0,68.0,0.0,0.0,0.0,0.0,0.0,1500.0,1500.0,1500.0,1500.0,23,4320.0,90.0,90.0,90.0,90.0,90.0,90.0,90.0,90.0,90.0,90.0,90.0,90.0,90.0,90.0,90.0,90.0,90.0,90.0
1118.7599553815069,5041.071739123311,0.0,0.0,0.0,0.0,0.0,0.0,0.0,0.0,0.0,0.0,0.0,0.0,0.0,0.0,0.0,0.0,0.0,0.0,0.0,0.0,0.0,0.0,0.0,0.0,0.0,0.0,0.0,0.0,0.0,0.0,0.0,0.0,0.0,0.0,0.0,0.0,0.0,0.0,0.0,0.0,0.0,0.0,0.0,0.0,0.0,0.0,0.0,0.0,0.0,0.0,0.0,0.0,0.0,0.0,0.0,0.0,0.0,0.0,0.0,0.0,0.0,0.0,0.0,0.0,0.0,0.0,0.0,0.0,0.0,0.0,0.0,0.0,0.0,0.0,0.0,0.0,0.0,0.0,0.0,0.0,0.0,0.0,0.0,0.0,0.0,0.0,0.0,0.0,0.0,0.0,0.0,0.0,1142.058,1122.5807887148403,-2163.723863242676,6000.0,1200.0,3.0,88.70779632642073,211.7531431310419,123.04534680462115,10955.30778621074,0.9486032999173456,0.0,694.5223193639212,1025.2542979131654,1118.7599553815069,5041.071739123311,0.0,1122.5807887148403,6000.0,1379.9050151053932,1118.7599553815069,1118.7599553815069,5041.071739123311,1.0,0.0,0.0,49.0,5.0,0.0,1.0,49.0,0.0,0.0,5.0,0.0,1.0,1.0,1512.776619724849,1122.5807887148403,6000.0,132.87160461945587,519.917231753104,0.0,1.0,0.0,1.0,1.0,0.0,1.0,5.0,4.0,0.0,0.0,1118.7599553815069,5.0,499.1046253193856,49.0,0.0,261.58324187911103,22.0,499.1046253193856,1122.5807887148403,6000.0,1118.7599553815069,5041.071739123311,0.0,0.0,,,,,,,,,,,,,0.0,1025.6463817437261,4800.0,5.0,-2163.723863242676,3600.0,1512.776619724849,1025.6463817437261,1025.6463817437261,4800.0,1.0,0.0,0.0,1122.5807887148403,6000.0,1.0,24.0,1979.0255261302627,98.95127630651314,0.0,1899.8222468584972,0.0,1.0,0.0,1.0,1.0,1.0,1.0,0.0,0.0,0.0,0.0,0.0,1899.8222468584972,215.16936281769642,0.0,0.0,0.0,1379.9050151053932,211.7531431310419,211.7531431310419,0.0,1.0,519.917231753104,0.0,0.0,94.99111234292486,0.0,0.0,0.0,0.0,0.0,0.0,1899.8222468584972,1.0,0.0,1899.8222468584972,0.0,1.0,1277.9149037268203,15694.0,15694.0,15694.0,6426.75,6426.75,6426.75,4575.2,4575.2,4575.2,3.0,26695.95,26695.95,26695.95,1122.5807887148403,6000.0,1.0,0.0,220.0,0.0,60.77670144119598,1.0,0.0,60.77670144119598,3.038835072059799,0.5,0.004378101225876021,0.0,2.1890506129380105,-2163.723863242676,3500.0,-3315.000000000001,37566.666666666664,-22100.000000000004,5635.000000000001,0.15000000000000002,0.0,1172.5654992611746,689.6546416680627,1172.5654992611746,689.6546416680627,1.0,1.0,0.0,-843.5938930942781,1.0,9061.122685185182,-5623.959287295186,1359.1684027777776,0.0,1122.5807887148403,0.0,0.0,1122.5807887148403,4575.2,1200.0,6000.0,1903.9393986670311,0.4401786231872185,0.5598213768127815,4870.561058118868,1379.9050151053932,1277.9149037268203,1.0,,1122.5807887148403,,6000.0,1.0,,1.0,1.0,1899.8222468584972,,,0.0,0.0,211.7531431310419,70.58438104368064,1118.7599553815069,0.0,1006.8245360799549,1118.7599553815069,5041.071739123311,52.616163867577484,1.0,0.0,0.0,-56.790138211138114,71.72312093923215,3.0,3.8208333333334394,3.8208333333334394,958.9282608766889,1.0,1.0,1.0,0.0,0.0,0.0,0.0,0.0,0.0,1.0,6.0,0.0,1.0,0.5341614906832296,0.2223701805011351,0.0,0.0,1.0,0.020511184591588016,0.5341614906832296,0.0,1118.7599553815069,5041.071739123311,1122.5807887148403,6000.0,1379.9050151053932,1118.7599553815069,1118.7599553815069,5041.071739123311,1.0,0.0,0.0,0.0,0.0,0.0,1122.5807887148403,6000.0,10955.30778621074,0.0,1379.9050151053932,0.0,5.0,0.004378101225876021,0.0,1122.5807887148403,1118.7599553815069,7458.399702543378,-0.1316327240457453,-0.37436707200384706,0.04035177151740103,0.9358612364758525,1.3593677871350702,6.0,1.0,51.0,56.0,56.0,44.0,44.0,5.0,1.0,6.0,0.0,0.0,608.6992020302936,0.0,0.22460549273387187,608.6992020302936,608.4745965375598,0.0,608.6992020302936,0.0,15.232408414451811,608.6992020302936,593.4667936158419,0.0,608.6992020302936,0.0,8.629653906798467,608.6992020302936,600.0695481234951,0.0,608.6992020302936,0.0,23.934875155867985,608.6992020302936,584.7643268744255,0.0,-0.0004391199099374887,0.05077469471483899,0.026725136429643328,0.07999419026688882,1.0,1500.0,1500.0,1500.0,1500.0,1.0,0.8,0.0,-0.0033431327228470318,-0.021936953603696453,2.568679475416502e-05,-0.009161293425972872,5.991572765680076e-05,-0.0028856569671688705,0.002983848907780384,0.0,0.0942493653946407,0.07785682226854825,0.00232266303759836,0.0,0.0,3.088433380185052e-05,0.0,0.0,1.0,90.0,90.0,90.0,90.0,90.0,90.0,90.0,90.0,90.0,90.0,90.0,90.0,90.0,90.0,90.0,90.0,0.0,0.0,0.0,0.0,0.0,1.0,0.0,0.0,706.0,1.0,0.0,1.0,1172.5654992611746,1118.7599553815069,689.6546416680627,1118.7599553815069,1122.5807887148403,1122.5807887148403,1.0,2.0,10.0,-3.8208333333334394,0.0,1.0,0.0,0.0,0.0,1122.5807887148403,1118.7599553815069,0.0,1118.7599553815069,1118.7599553815069,1122.5807887148403,-3.8208333333334394,136.0,211.7531431310419,213.61606752732357,0.0,1.0,4.607731100004457,1118.7599553815069,51.0,1.0,2641.071739123311,3000.0,36.0,36.0,,0.65,,1.0970305657163206,2.0,2.0,300.0,300.0,2.0,2.0,2641.071739123311,2400.0,2700.0,2400.0,1.0,1.0,10.0,10.0,57.0,55.0,62.0,50.0,52.0,60.0,38.0,74.0,38.0,74.0,0.0,0.0,0.0,0.0,0.0,1441.071739123311,1200.0,1200.0,1200.0,24,4500.0,90.0,90.0,90.0,90.0,90.0,90.0,90.0,90.0,90.0,90.0,90.0,90.0,90.0,90.0,90.0,90.0,90.0,90.0
1031.7104783816985,3841.071739123311,0.0,0.0,0.0,0.0,0.0,0.0,0.0,0.0,0.0,0.0,0.0,0.0,0.0,0.0,0.0,0.0,0.0,0.0,0.0,0.0,0.0,0.0,0.0,0.0,0.0,0.0,0.0,0.0,0.0,0.0,0.0,0.0,0.0,0.0,0.0,0.0,0.0,0.0,0.0,0.0,0.0,0.0,0.0,0.0,0.0,0.0,0.0,0.0,0.0,0.0,0.0,0.0,0.0,0.0,0.0,0.0,0.0,0.0,0.0,0.0,0.0,0.0,0.0,0.0,0.0,0.0,0.0,0.0,0.0,0.0,0.0,0.0,0.0,0.0,0.0,0.0,0.0,0.0,0.0,0.0,0.0,0.0,0.0,0.0,0.0,0.0,0.0,0.0,0.0,0.0,0.0,0.0,1142.058,1043.5438117150318,-2171.8611601059565,6000.0,1200.0,3.0,103.09409913966782,236.58381300129275,133.48971386162492,11756.421167044444,0.9518735411678657,0.0,859.9630998766165,1229.7617672666888,1031.7104783816985,3841.071739123311,5.0,-2171.8611601059565,3600.0,1489.6784006717864,1031.7104783816985,1031.7104783816985,3841.071739123311,1.0,0.0,0.0,49.0,5.0,0.0,1.0,49.0,0.0,0.0,5.0,0.0,1.0,1.0,2437.9546343268566,-2171.8611601059565,3600.0,0.0,948.2762336550702,0.0,1.0,0.0,1.0,1.0,0.0,1.0,5.0,4.0,0.0,0.0,1031.7104783816985,5.0,553.2320815093208,49.0,0.0,342.01954792120534,22.0,553.2320815093208,-2171.8611601059565,3600.0,1031.7104783816985,3841.071739123311,0.0,0.0,,,,,,,,,,,,,0.0,1031.7104783816985,3841.071739123311,22.0,-1462.878515092712,3600.0,1489.6784006717864,1031.7104783816985,1031.7104783816985,3841.071739123311,1.0,0.0,0.0,-2171.8611601059565,3600.0,1.0,24.0,1524.7051443388216,76.23525721694108,0.0,2437.9546343268566,0.0,1.0,0.0,1.0,1.0,1.0,1.0,0.0,0.0,0.0,0.0,0.0,2437.9546343268566,245.9346381279833,0.0,0.0,0.0,1489.6784006717864,236.58381300129275,236.58381300129275,0.0,1.0,948.2762336550702,0.0,0.0,121.89773171634283,0.0,0.0,0.0,0.0,0.0,0.0,2437.9546343268566,1.0,0.0,2437.9546343268566,0.0,1.0,1409.7916577023602,15694.0,15694.0,15694.0,6426.75,6426.75,6426.75,4575.2,4575.2,4575.2,3.0,26695.95,26695.95,26695.95,-2171.8611601059565,3600.0,1.0,0.0,220.0,0.0,73.02971504970385,1.0,0.0,73.02971504970385,3.651485752485193,0.5,0.0018651994416555599,0.0,0.93259972082778,-2171.8611601059565,3500.0,-3315.000000000001,37566.666666666664,-22100.000000000004,5635.000000000001,0.15000000000000002,0.0,1130.422068639428,603.2450367642684,1130.422068639428,603.2450367642684,1.0,1.0,0.0,-861.0619570274536,1.0,8977.662037037036,-5740.41304684969,1346.6493055555557,0.0,-2171.8611601059565,0.0,0.0,-2171.8611601059565,4575.2,1200.0,6000.0,1920.5694957894452,0.45577229706884304,0.544227702931157,5539.6587733821125,1489.6784006717864,1409.7916577023602,1.0,,1043.5438117150318,,6000.0,1.0,,1.0,1.0,2437.9546343268566,,,0.0,0.0,236.58381300129275,78.86127100043092,1031.7104783816985,0.0,2322.3485981126314,1031.7104783816985,3841.071739123311,60.84056059394386,1.0,0.0,0.0,-52.693506556949956,81.97821270932776,3.0,-3203.571638487655,-3203.571638487655,-241.0717391233111,1.0,1.0,1.0,0.0,0.0,0.0,0.0,0.0,0.0,1.0,6.0,0.0,1.0,0.5341614906832296,0.25678895495636156,0.0,0.0,1.0,0.06697630370709119,0.5341614906832296,0.0,1031.7104783816985,3841.071739123311,-2171.8611601059565,3600.0,1489.6784006717864,1031.7104783816985,1031.7104783816985,3841.071739123311,1.0,0.0,0.0,0.0,0.0,0.0,-2171.8611601059565,3600.0,11756.421167044444,0.0,1489.6784006717864,0.0,5.0,0.0018651994416555599,0.0,-2171.8611601059565,1031.7104783816985,6878.0698558779895,0.24135333615400748,0.10322244797120304,-0.14870878012175126,-0.007775003538098929,0.131021331634449,6.0,1.0,57.0,62.0,52.0,38.0,38.0,6.0,1.0,6.0,0.0,0.0,653.1185437916724,0.0,11.124726325365145,646.3522666411238,648.7600946168559,1.0,653.1185437916724,0.0,6.362116127568697,679.6872548277533,632.9119488831602,0.0,653.1185437916724,0.0,10.402517202168383,656.6215190503606,639.2130513308158,0.0,653.1185437916724,0.0,14.419748989590971,687.7406140786115,632.9162224943244,0.0,-0.007884172150837584,0.07348343270640742,-0.004830383727396401,0.08397875275111508,1.0,1441.071739123311,1200.0,1200.0,1200.0,1.243964092650983,0.9187330915112353,0.0,0.05826538971573285,0.0035298495109366,0.0,0.0192772922582094,-0.006054046778719879,-2.2896971091768138e-05,-0.0033499604053716324,0.0,-0.10842881507346079,-0.0361469460987891,-3.6256358011854674e-06,0.0,0.004157887707458485,-0.07256282076303577,3.305112880838124e-05,0.0,1.0,90.0,90.0,90.0,90.0,90.0,90.0,90.0,90.0,90.0,90.0,90.0,90.0,90.0,90.0,90.0,90.0,0.0,0.0,0.0,0.0,0.0,1.0,10.0,5.0,1001.0,1.0,10.0,1.0,1130.422068639428,1031.7104783816985,603.2450367642684,1031.7104783816985,-2171.8611601059565,-2171.8611601059565,2.0,2.0,0.0,296.6711836486402,0.0,1.0,0.0,0.0,0.0,735.0392947330583,1031.7104783816985,-2906.900454839015,1031.7104783816985,1031.7104783816985,-2171.8611601059565,296.6711836486402,104.0,236.58381300129275,238.08390702702872,0.0,2.0,6.591104099999939,1031.7104783816985,51.0,1.0,1640.7802694478348,1959.2197305521652,45.0,48.0,,0.65,,1.097991420033468,2.0,2.0,300.0,300.0,2.0,2.0,2041.071739123311,1800.0,3000.0,1800.0,1.0,1.0,10.0,10.0,52.0,60.0,56.0,56.0,56.0,56.0,44.0,68.0,44.0,68.0,0.0,0.0,0.0,0.0,0.0,1141.071739123311,900.0,900.0,900.0,25,4680.0,90.0,90.0,90.0,90.0,90.0,90.0,90.0,90.0,90.0,90.0,100.0,90.0,90.0,90.0,90.0,90.0,90.0,90.0
1069.2811668741062,2641.071739123311,0.0,0.0,0.0,0.0,0.0,0.0,0.0,0.0,0.0,0.0,0.0,0.0,0.0,0.0,0.0,0.0,0.0,0.0,0.0,0.0,0.0,0.0,0.0,0.0,0.0,0.0,0.0,0.0,0.0,0.0,0.0,0.0,0.0,0.0,0.0,0.0,0.0,0.0,0.0,0.0,0.0,0.0,0.0,0.0,0.0,0.0,0.0,0.0,0.0,0.0,0.0,0.0,0.0,0.0,0.0,0.0,0.0,0.0,0.0,0.0,0.0,0.0,0.0,0.0,0.0,0.0,0.0,0.0,0.0,0.0,0.0,0.0,0.0,0.0,0.0,0.0,0.0,0.0,0.0,0.0,0.0,0.0,0.0,0.0,0.0,0.0,0.0,0.0,0.0,0.0,0.0,0.0,1142.058,1085.010333540773,-2171.698572990297,6000.0,1200.0,3.0,122.73392148174841,267.2090125333469,144.47509105159847,12707.615981893145,0.9565338356075676,0.0,1109.3402606049044,1596.2574958944142,1069.2811668741062,2641.071739123311,2.0,-2171.698572990297,1500.0,1376.3084509476766,1069.2811668741062,1069.2811668741062,2641.071739123311,1.0,0.0,0.0,49.0,5.0,0.0,1.0,49.0,0.0,0.0,5.0,0.0,1.0,1.0,1792.2104826353896,-2171.698572990297,1500.0,0.0,415.9020316877129,0.0,1.0,0.0,1.0,1.0,0.0,1.0,5.0,4.0,0.0,0.0,1069.2811668741062,2.0,682.2476273604797,49.0,0.0,277.5586858093086,20.0,682.2476273604797,-2171.698572990297,1500.0,1069.2811668741062,2641.071739123311,0.0,0.0,,,,,,,,,,,,,0.0,1069.2811668741062,2641.071739123311,20.0,-1462.73625136651,1500.0,1376.3084509476766,1069.2811668741062,1069.2811668741062,2641.071739123311,1.0,0.0,0.0,-2171.698572990297,1500.0,1.0,24.0,937.4814706405859,46.8740735320293,0.0,1792.2104826353896,0.0,1.0,0.0,1.0,1.0,1.0,1.0,0.0,0.0,0.0,0.0,0.0,1792.2104826353896,272.18753312031595,0.0,0.0,0.0,1376.3084509476766,267.2090125333469,267.2090125333469,0.0,1.0,415.9020316877129,0.0,0.0,89.61052413176948,0.0,0.0,0.0,0.0,0.0,0.0,1792.2104826353896,1.0,0.0,1792.2104826353896,0.0,1.0,1319.5468662592482,15694.0,15694.0,15694.0,6426.75,6426.75,6426.75,4575.2,4575.2,4575.2,3.0,26695.95,26695.95,26695.95,-2171.698572990297,1500.0,1.0,0.0,220.0,0.0,197.7502231279809,1.0,0.0,197.7502231279809,9.887511156399045,0.5,0.0,0.0,0.0,-2171.698572990297,3500.0,-3315.000000000001,37566.666666666664,-22100.000000000004,5635.000000000001,0.15000000000000002,0.0,1137.623573288678,664.9599863185508,1137.623573288678,664.9599863185508,1.0,1.0,0.0,-860.7129366858384,1.0,9049.131944444443,-5738.086244572255,1357.3697916666667,0.0,-2171.698572990297,0.0,0.0,-2171.698572990297,4575.2,1200.0,6000.0,3680.8020740756683,0.4825499153020399,0.51745008469796,6000.0,1376.3084509476766,1319.5468662592482,1.0,,1085.010333540773,,5041.071739,1.0,,1.0,1.0,1792.2104826353896,,,0.0,0.0,267.2090125333469,89.06967084444896,1069.2811668741062,0.0,3497.127782299416,1069.2811668741062,2641.071739123311,68.07178849842511,1.0,0.0,0.0,-55.797835320585676,90.72917770677198,3.0,-3240.979739864403,-3240.979739864403,-1141.071739123311,1.0,1.0,1.0,0.0,0.0,0.0,0.0,0.0,0.0,1.0,6.0,0.0,1.0,0.5341614906832296,0.23257541799246084,0.0,0.0,1.0,0.18056979561563796,0.5341614906832296,0.0,1069.2811668741062,2641.071739123311,-2171.698572990297,1500.0,1376.3084509476766,1069.2811668741062,1069.2811668741062,2641.071739123311,1.0,0.0,0.0,0.0,0.0,0.0,-2171.698572990297,1500.0,12707.615981893145,0.0,1376.3084509476766,1.0,5.0,0.0008286704100125015,0.0,-2171.698572990297,1069.2811668741062,7128.541112494041,-0.09359720614118179,-0.3018636720722504,0.032172505528605885,-0.10085554984393762,-0.23388640552208292,6.0,1.0,52.0,56.0,56.0,44.0,44.0,7.0,1.0,6.0,0.0,0.0,695.9882942179543,0.0,3.0958444976326973,698.947898184112,689.9328457541637,0.0,695.9882942179543,0.0,1.7581789817436402,689.5928429794301,704.1419244382221,0.0,695.9882942179543,0.0,9.766677721354426,704.9351134584426,677.2747972561116,0.0,695.9882942179543,0.0,3.525067364782899,689.784472343121,705.7171834575703,0.0,-0.0012327238660639964,-0.02044549687377316,0.009461941939456577,-0.023219510290260682,1.0,1141.071739123311,900.0,900.0,900.0,1.9909121570305097,1.546042842889796,0.0,-0.0012069241604926624,0.0012832211289122595,0.0,0.0,-0.00017742285175899043,0.0,0.0,0.0,0.1,-0.007015244920574304,-0.004376738184221195,0.0,0.0,0.0,0.0,0.0,1.0,90.0,90.0,90.0,90.0,90.0,90.0,90.0,90.0,100.0,90.0,90.0,90.0,90.0,90.0,90.0,90.0,0.0,0.0,0.0,0.0,0.0,1.0,10.0,5.0,752.0,1.0,10.0,1.0,1137.623573288678,1069.2811668741062,664.9599863185508,1069.2811668741062,-2171.698572990297,-2171.698572990297,2.0,1.0,10.0,286.15528381302363,0.0,1.0,0.0,0.0,0.0,783.1258830610826,1069.2811668741062,-2954.82445605138,1069.2811668741062,1069.2811668741062,-2171.698572990297,286.15528381302363,152.0,267.2090125333469,268.8265626545241,0.0,2.0,4.781841399999394,1069.2811668741062,51.0,1.0,723.8248729530599,776.1751270469401,48.0,47.0,,,,,2.0,2.0,300.0,300.0,2.0,2.0,1441.071739123311,1200.0,2641.071739,2400.0,1.0,1.0,10.0,10.0,57.0,55.0,50.0,62.0,50.0,62.0,50.0,62.0,50.0,62.0,0.0,0.0,0.0,0.0,0.0,841.0717391233111,600.0,600.0,600.0,26,4860.0,90.0,90.0,90.0,90.0,90.0,90.0,90.0,90.0,90.0,90.0,90.0,90.0,90.0,90.0,90.0,90.0,90.0,90.0
1225.3561960403451,2716.063645436724,0.0,0.0,0.0,0.0,0.0,0.0,0.0,0.0,0.0,0.0,0.0,0.0,0.0,0.0,0.0,0.0,0.0,0.0,0.0,0.0,0.0,0.0,0.0,0.0,0.0,0.0,0.0,0.0,0.0,0.0,0.0,0.0,0.0,0.0,0.0,0.0,0.0,0.0,0.0,0.0,0.0,0.0,0.0,0.0,0.0,0.0,0.0,0.0,0.0,0.0,0.0,0.0,0.0,0.0,0.0,0.0,0.0,0.0,0.0,0.0,0.0,0.0,0.0,0.0,0.0,0.0,0.0,0.0,0.0,0.0,0.0,0.0,0.0,0.0,0.0,0.0,0.0,0.0,0.0,0.0,0.0,0.0,0.0,0.0,0.0,0.0,0.0,0.0,0.0,0.0,0.0,0.0,1142.058,1235.8561960403451,-2188.3643843884875,6000.0,1200.0,3.0,137.27833651912064,294.2670004633029,156.98866394418224,12528.660869500805,0.9595031892324717,0.0,1610.3828785703981,2014.323327084713,1225.3561960403451,2716.063645436724,0.0,1235.8561960403451,3841.071739,825.210524314832,1225.3561960403451,1225.3561960403451,2716.063645436724,1.0,0.0,0.0,49.0,5.0,0.0,1.0,49.0,0.0,0.0,5.0,0.0,1.0,1.0,846.3449299123312,1235.8561960403451,3841.071739,21.134405597499153,960.3495058416005,0.0,1.0,0.0,1.0,1.0,0.0,1.0,5.0,4.0,0.0,0.0,1225.3561960403451,5.0,712.3726539252984,49.0,0.0,253.1593780280707,22.0,712.3726539252984,1235.8561960403451,3841.071739,1225.3561960403451,2716.063645436724,0.0,0.0,,,,,,,,,,,,,0.0,1207.8284182625673,2641.071739,5.0,-2188.3643843884875,3000.0,846.3449299123312,1207.8284182625673,1207.8284182625673,2641.071739,1.0,0.0,0.0,1235.8561960403451,3841.071739,1.0,12.0,26.317648799697096,1.315882439984855,0.0,1785.5600301564325,0.0,1.0,0.0,1.0,1.0,1.0,1.0,0.0,0.0,0.0,0.0,0.0,1785.5600301564325,306.5289236431838,0.0,0.0,0.0,825.210524314832,294.2670004633029,294.2670004633029,0.0,1.0,960.3495058416005,0.0,0.0,89.27800150782163,0.0,0.0,0.0,0.0,0.0,0.0,1785.5600301564325,1.0,0.0,1785.5600301564325,0.0,1.0,800.719901202364,15694.0,15694.0,15694.0,6426.75,6426.75,6426.75,4575.2,4575.2,4575.2,3.0,26695.95,26695.95,26695.95,1235.8561960403451,3841.071739,1.0,0.0,220.0,0.0,463.4948134496619,1.0,0.0,463.4948134496619,23.174740672483097,0.5,0.002257231118509716,0.0,1.1286155592548581,-2188.3643843884875,3500.0,-3315.000000000001,37566.666666666664,-22100.000000000004,5635.000000000001,0.15000000000000002,0.0,1275.1166127070119,813.0870988181226,1275.1166127070119,813.0870988181226,1.0,1.0,0.0,-896.4888784872867,1.0,9141.585648148146,-5976.592523248577,1371.2378472222222,0.0,1235.8561960403451,0.0,0.0,1235.8561960403451,4575.2,1200.0,6000.0,5700.0,0.36691027428042217,0.6330897257195779,6000.0,825.210524314832,800.719901202364,1.0,,1235.8561960403451,,3841.071739,1.0,,1.0,1.0,1785.5600301564325,,,0.0,0.0,294.2670004633029,98.0890001544343,1225.3561960403451,0.0,3888.6927481291286,1225.3561960403451,2716.063645436724,76.78054692442976,1.0,0.0,0.0,-63.180666474066356,102.17630788106128,3.0,10.5,10.5,1125.008093563276,1.0,1.0,1.0,0.0,0.0,0.0,0.0,0.0,0.0,1.0,6.0,0.0,1.0,0.5341614906832296,0.055843288522986034,0.0,0.0,1.0,0.40537938954656355,0.5341614906832296,0.0,1225.3561960403451,2716.063645436724,1235.8561960403451,3841.071739,825.210524314832,1225.3561960403451,1225.3561960403451,2716.063645436724,1.0,0.0,0.0,0.0,0.0,0.0,1235.8561960403451,3841.071739,12528.660869500805,0.0,825.210524314832,0.0,5.0,0.002257231118509716,0.0,1235.8561960403451,1225.3561960403451,8169.041306935633,0.3016348775293306,-0.469729799900739,-0.2444597884014117,-0.22337507034291862,-0.0785564195681629,6.0,1.0,57.0,50.0,50.0,50.0,50.0,8.0,1.0,6.0,0.0,0.0,764.1264972413148,0.0,34.21288039138699,781.486764206199,712.5533498850435,0.0,764.1264972413148,0.0,0.4588243067971689,754.5642996878461,774.1475191015808,0.0,764.1264972413148,0.0,28.28685233019837,789.7085853454769,710.2575568069544,0.0,764.1264972413148,0.0,1.1361578305436524,753.2201365730319,776.1690157401414,0.0,0.08916048886069418,-0.02625959868024881,0.08700806174382789,-0.03073351090838424,1.0,841.0717391233111,600.0,600.0,600.0,0.6499999999999999,0.7402097837811439,0.0,-0.09712729531931501,0.019050713502283403,0.0,0.0,0.01154354186207911,0.0,0.0,0.0,-0.006533294175579839,-0.006495212464790257,-0.005492002423916987,-0.00664337779323283,-0.0059168573621168,-0.007556673718911711,-0.0071219203447714825,-0.005880140605450635,1.0,90.0,90.0,90.0,90.0,90.0,90.0,90.0,90.0,90.0,90.0,90.0,90.0,90.0,90.0,90.0,90.0,0.0,1.0,0.0,1.0,0.0,1.0,0.0,0.0,970.0,1.0,0.0,1.0,1275.1166127070119,1225.3561960403451,813.0870988181226,1225.3561960403451,1235.8561960403451,1235.8561960403451,1.0,3.0,10.0,-10.5,0.0,1.0,0.0,0.0,0.0,1235.8561960403451,1225.3561960403451,0.0,1225.3561960403451,1225.3561960403451,1235.8561960403451,-10.5,136.0,294.2670004633029,296.20697730364054,0.0,3.0,6.077611000000616,1225.3561960403451,51.0,1.0,1409.3286852872682,2431.743053712732,48.0,48.0,0.65,0.15417590093975297,1.8211389520676406,0.7711581081260398,2.0,2.0,300.0,300.0,2.0,2.0,916.0636454367242,1800.0,841.071739,1800.0,1.0,1.0,10.0,10.0,51.0,61.0,56.0,56.0,56.0,56.0,56.0,56.0,56.0,56.0,0.0,0.0,0.0,0.0,0.0,589.3149498287063,900.0,326.7486956080179,900.0,27,5040.0,90.0,90.0,90.0,90.0,90.0,90.0,90.0,90.0,90.0,90.0,90.0,90.0,90.0,90.0,90.0,90.0,90.0,90.0
1410.799058414098,3916.063646,0.0,0.0,0.0,0.0,0.0,0.0,0.0,0.0,0.0,0.0,0.0,0.0,0.0,0.0,0.0,0.0,0.0,0.0,0.0,0.0,0.0,0.0,0.0,0.0,0.0,0.0,0.0,0.0,0.0,0.0,0.0,0.0,0.0,0.0,0.0,0.0,0.0,0.0,0.0,0.0,0.0,0.0,0.0,0.0,0.0,0.0,0.0,0.0,0.0,0.0,0.0,0.0,0.0,0.0,0.0,0.0,0.0,0.0,0.0,0.0,0.0,0.0,0.0,0.0,0.0,0.0,0.0,0.0,0.0,0.0,0.0,0.0,0.0,0.0,0.0,0.0,0.0,0.0,0.0,0.0,0.0,0.0,0.0,0.0,0.0,0.0,0.0,0.0,0.0,0.0,0.0,0.0,1142.058,1410.799058414098,-2422.577306643255,6000.0,1200.0,3.0,149.79364918673286,320.1795807138768,170.38593152714395,13050.860764362697,0.9633205650036947,0.0,1755.9654867792858,2099.388086915391,1410.799058414098,3916.063646,1000000.0,1410.799058414098,3916.063646,883.3428884507754,1410.799058414098,1410.799058414098,3916.063646,0.0,1.0,0.0,49.0,4.0,0.0,1.0,49.0,,0.0,4.0,0.0,,1.0,,,,0.8980600802536856,1.0215044388198748,0.0,1.0,0.0,,1.0,0.0,1.0,4.0,4.0,0.0,0.0,,9.0,752.2414917732978,49.0,0.0,237.17367475009303,28.0,752.2414917732978,,,,,0.0,0.0,,,,,,,,,,,,,0.0,1410.799058414098,3903.4016925043475,0.0,1410.799058414098,3916.063646,884.2409485310291,1410.799058414098,1410.799058414098,3903.4016925043475,1.0,0.0,0.0,,,,18.0,86.93849797402211,4.346924898701106,0.0,883.3428884507754,0.0,1.0,0.0,1.0,1.0,1.0,1.0,0.0,0.0,0.0,0.0,0.0,883.3428884507754,320.1795807138768,0.0,1.0,0.0,884.2409485310291,320.193940526688,320.193940526688,0.0,1.0,0.0,1.0,1.0,44.16714442253877,1.0,0.0,1.0,0.0,0.0,0.0,883.3428884507754,1.0,0.0,883.3428884507754,0.0,1.0,852.9909302752608,15694.0,15694.0,15694.0,6426.75,6426.75,6426.75,4575.2,4575.2,4575.2,3.0,26695.95,26695.95,26695.95,1410.799058414098,3916.063646,0.0,0.0,220.0,0.0,520.100665536271,1.0,0.0,520.100665536271,26.00503327681355,0.5,0.003139412022834777,0.0,1.5697060114173884,-2422.577306643255,3500.0,-3315.000000000001,37566.666666666664,-22100.000000000004,5635.000000000001,,,,,,,,,,-877.9298774775534,1.0,9204.222556421924,-5852.8658498503555,1380.6333834632887,0.0,,,,,4575.2,1200.0,6000.0,4664.104536116439,0.38390634790626377,0.6160936520937361,6000.0,883.3428884507754,852.9909302752608,1.0,0.0,1410.799058414098,0.0,3916.063646,1.0,1.0,1.0,1.0,883.3428884507754,1410.799058414098,3916.063646,1.0,1.0,320.1795807138768,106.7265269046256,1410.799058414098,0.0,3926.964434647841,1410.799058414098,3916.063646,86.66623425073749,1.0,0.0,0.0,-70.85349845328477,106.7265269046256,3.0,,,,,,,,,,,,,,6.0,0.0,1.0,0.5341614906832296,0.0,0.0,0.0,1.0,0.6338132887070728,0.6338132887070728,0.0,1410.799058414098,3916.063646,1410.799058414098,3916.063646,883.3428884507754,1410.799058414098,1410.799058414098,3916.063646,0.0,1.0,0.0,1.0,0.0,0.0,,,13050.860764362697,0.0,883.3428884507754,0.0,5.0,0.003139412022834777,0.0,1410.799058414098,1410.799058414098,9405.327056093985,-0.24568404406964958,-0.2554346610676492,-0.12392361650331996,-0.09360474665835855,0.11485048005384493,6.0,1.0,51.0,56.0,56.0,56.0,56.0,9.0,1.0,6.0,0.0,0.0,762.0082457092309,0.0,0.8570112613508627,752.4449481231876,772.428554556625,0.0,762.0082457092309,0.0,1.9121008755960247,754.6162002402854,771.3123920537724,0.0,762.0082457092309,0.0,0.4318825922018732,750.7127913386876,773.7355826719761,0.0,762.0082457092309,0.0,1.9684700701075144,752.3813669177669,773.6035945708023,0.0,-0.028737340494794355,-0.022791214437832323,-0.03427269828286884,-0.02938853564548133,1.0,589.3149498287063,900.0,326.7486956080179,900.0,,,0.0,-0.005303200045458568,-0.004401785162752958,-0.003150489362688091,-0.0047172463937322105,-0.005270909885964414,-0.010195946892462615,-0.009371645533760641,-0.00766235310705099,-0.006846286584482896,-0.006913138156205889,-0.004834397911618282,0.0,0.0,0.0,0.0,0.0,1.0,90.0,90.0,90.0,90.0,90.0,90.0,90.0,90.0,90.0,90.0,90.0,90.0,90.0,90.0,90.0,90.0,0.0,1.0,0.0,0.0,0.0,1.0,0.0,,745.0,1.0,0.0,0.0,0.0,,0.0,,0.0,,-1.0,0.0,0.0,0.0,0.0,1.0,0.0,0.0,0.0,0.0,,0.0,,1410.799058414098,0.0,1410.799058414098,144.0,320.1795807138768,323.7751017784067,0.0,2.0,4.735295300000871,1410.799058414098,51.0,1.0,,,48.0,48.0,,,,,2.0,2.0,300.0,300.0,2.0,2.0,,,,,1.0,1.0,10.0,10.0,57.0,55.0,62.0,50.0,56.0,56.0,56.0,56.0,50.0,62.0,0.0,0.0,0.0,0.0,0.0,889.31495,1200.0,626.748696,1200.0,28,5220.0,90.0,90.0,90.0,90.0,90.0,90.0,90.0,90.0,90.0,90.0,90.0,90.0,90.0,90.0,90.0,90.0,90.0,90.0
1523.5724655451563,5116.063646,0.0,0.0,0.0,0.0,0.0,0.0,0.0,0.0,0.0,0.0,0.0,0.0,0.0,0.0,0.0,0.0,0.0,0.0,0.0,0.0,0.0,0.0,0.0,0.0,0.0,0.0,0.0,0.0,0.0,0.0,0.0,0.0,0.0,0.0,0.0,0.0,0.0,0.0,0.0,0.0,0.0,0.0,0.0,0.0,0.0,0.0,0.0,0.0,0.0,0.0,0.0,0.0,0.0,0.0,0.0,0.0,0.0,0.0,0.0,0.0,0.0,0.0,0.0,0.0,0.0,0.0,0.0,0.0,0.0,0.0,0.0,0.0,0.0,0.0,0.0,0.0,0.0,0.0,0.0,0.0,0.0,0.0,0.0,0.0,0.0,0.0,0.0,0.0,0.0,0.0,0.0,0.0,1142.058,1523.5724655451563,-2726.5831688902986,6000.0,1200.0,3.0,159.58767848512773,344.85302777321976,185.265349288092,14783.356279017748,0.9651018400983298,0.0,2044.2141492794995,2402.0834871155457,1492.0724655451563,3890.8679535319693,8.0,-2726.5831688902986,4500.0,944.1225769279804,1492.0724655451563,1492.0724655451563,3890.8679535319693,1.0,0.0,0.0,49.0,5.0,0.0,1.0,49.0,,0.0,5.0,0.0,,1.0,,,,1.235702253466684,813.976250071549,0.0,1.0,0.0,,1.0,0.0,1.0,5.0,4.0,0.0,0.0,,7.0,804.2125465187127,49.0,0.0,263.43407588358434,25.0,804.2125465187127,,,,,0.0,0.0,,,,,,,,,,,,,0.0,1492.0724655451563,3849.380067548041,7.0,-2726.5831688902986,4410.709097333333,945.3582791814471,1492.0724655451563,1492.0724655451563,3849.380067548041,1.0,0.0,0.0,,,,18.0,1452.6283065982184,72.63141532991092,0.0,1758.0988269995294,0.0,1.0,0.0,1.0,1.0,1.0,1.0,0.0,0.0,0.0,0.0,0.0,1758.0988269995294,344.85302777321976,0.0,0.0,0.0,944.1225769279804,347.8163632557622,347.8163632557622,0.0,1.0,813.976250071549,0.0,1.0,87.90494134997647,1.0,0.0,1.0,0.0,0.0,1.0,1758.0988269995294,1.0,0.0,1758.0988269995294,0.0,1.0,1656.4007602440354,15694.0,15694.0,15694.0,6426.75,6426.75,6426.75,4575.2,4575.2,4575.2,3.0,26695.95,26695.95,26695.95,1523.5724655451563,5116.063646,0.0,0.0,220.0,0.0,581.333028511661,1.0,0.0,581.333028511661,29.066651425583053,0.5,0.004678446851282939,0.0,2.3392234256414697,-2726.5831688902986,3500.0,-3315.000000000001,37566.666666666664,-22100.000000000004,5635.000000000001,,,,,,,,,,-932.01054591849,1.0,9577.205469526793,-6213.403639456599,1436.580820429019,0.0,,,,,4575.2,1200.0,6000.0,5658.350146031323,0.46463732300710425,0.5353626769928957,6000.0,1758.0988269995294,1656.4007602440354,1.0,0.0,1523.5724655451563,0.0,5116.063646,1.0,1.0,1.0,1.0,1758.0988269995294,1523.5724655451563,5116.063646,1.0,0.0,344.85302777321976,114.95100925773993,1523.5724655451563,0.0,3749.0699539536763,1523.5724655451563,5116.063646,96.34101954797416,1.0,0.0,0.0,-69.80741301856335,114.95100925773993,3.0,,,,,,,,,,,,,,6.0,0.0,1.0,0.5341614906832296,0.03307420776351089,0.0,0.0,1.0,0.7530761917129428,0.7530761917129428,0.0,1523.5724655451563,5116.063646,-2726.5831688902986,4500.0,1758.0988269995294,1492.0724655451563,1492.0724655451563,3890.8679535319693,0.0,1.0,0.0,1.0,0.0,0.0,,,14783.356279017748,0.0,1758.0988269995294,0.0,5.0,0.004678446851282939,0.0,1523.5724655451563,1523.5724655451563,10157.149770301041,0.12437373372532275,0.1838875386910345,-0.1192457983091367,-0.19901748071556943,0.12258443278596329,6.0,1.0,57.0,62.0,56.0,56.0,50.0,10.0,1.0,6.0,0.0,1.0,785.8145425869643,0.0,1.6458966325558322,777.7035085450457,795.5714732614388,0.0,785.8145425869643,1.0,21.10575611328977,802.4620808019969,790.2727604852216,1.0,785.8145425869643,0.0,1.9117067323852552,777.6197787479061,795.9210131584077,0.0,785.8145425869643,1.0,32.6208833593505,812.5705421221516,791.6794264111277,1.0,-0.026167652517115083,0.019872291753422786,-0.027114192790243408,0.03365239044435881,1.0,889.31495,1200.0,626.748696,1200.0,,,0.0,-0.006570909605258634,-0.004316424133313746,-0.0006672689889825278,0.0,0.0,0.0,0.0,0.0,-0.004473558582926529,-0.0034987179714015323,-0.0019482195592559037,0.0,-8.914259157108973e-05,0.0,0.0010506111510210302,0.0,1.0,90.0,90.0,90.0,90.0,90.0,90.0,90.0,90.0,90.0,90.0,90.0,90.0,90.0,90.0,90.0,90.0,0.0,0.0,0.0,0.0,0.0,1.0,0.0,,688.0,1.0,0.0,0.0,0.0,,0.0,,0.0,,-1.0,0.0,0.0,0.0,0.0,1.0,0.0,0.0,0.0,0.0,,0.0,,1523.5724655451563,0.0,1523.5724655451563,112.0,344.85302777321976,346.32879202467325,0.0,2.0,4.494538099999772,1523.5724655451563,51.0,1.0,,,48.0,48.0,,,,,2.0,2.0,300.0,300.0,2.0,2.0,,,,,1.0,1.0,10.0,10.0,52.0,60.0,56.0,56.0,56.0,56.0,56.0,56.0,44.0,68.0,0.0,0.0,0.0,0.0,0.0,1189.31495,1500.0,926.748696,1500.0,29,5400.0,90.0,90.0,90.0,90.0,90.0,90.0,90.0,90.0,90.0,90.0,90.0,90.0,90.0,90.0,90.0,90.0,90.0,90.0
1559.3923972583025,4318.0604417212635,0.0,0.0,0.0,0.0,0.0,0.0,0.0,0.0,0.0,0.0,0.0,0.0,0.0,0.0,0.0,0.0,0.0,0.0,0.0,0.0,0.0,0.0,0.0,0.0,0.0,0.0,0.0,0.0,0.0,0.0,0.0,0.0,0.0,0.0,0.0,0.0,0.0,0.0,0.0,0.0,0.0,0.0,0.0,0.0,0.0,0.0,0.0,0.0,0.0,0.0,0.0,0.0,0.0,0.0,0.0,0.0,0.0,0.0,0.0,0.0,0.0,0.0,0.0,0.0,0.0,0.0,0.0,0.0,0.0,0.0,0.0,0.0,0.0,0.0,0.0,0.0,0.0,0.0,0.0,0.0,0.0,0.0,0.0,0.0,0.0,0.0,0.0,0.0,0.0,0.0,0.0,0.0,1142.058,3500.0,-2778.32487320281,6000.0,1200.0,3.0,164.4811840797258,370.38903366420254,205.9078495844767,15246.572044407381,0.9677786041814403,0.0,2377.0682778297764,2689.91021184857,1559.3923972583025,4318.0604417212635,5.0,1562.3923972583025,5716.0636460000005,1785.6352215556558,1559.3923972583025,1559.3923972583025,4318.0604417212635,1.0,0.0,0.0,50.0,6.0,1.0,0.0,75.0,0.0,0.0,11.0,1.0,1.0,1.0,1809.1527664919265,1562.3923972583025,5716.0636460000005,0.0,1150.293191014031,0.0,1.0,0.0,1.0,1.0,1.0,0.0,6.0,4.0,0.0,0.0,1559.3923972583025,23.0,883.489743304142,50.0,0.0,329.05329586113373,34.0,883.489743304142,1562.3923972583025,5716.0636460000005,1559.3923972583025,4318.0604417212635,25.0,5.0,1.0,0.0,1.0,5.0,4.0,8.0,883.489743304142,25.0,1.5264208452155117,329.05329586113373,7.0,885.0161641493576,1.0,1559.3923972583025,4318.0604417212635,51.0,1562.3923972583025,5716.0636460000005,1785.6352215556558,1559.3923972583025,1559.3923972583025,4318.0604417212635,0.0,0.0,1.0,1562.3923972583025,5716.0636460000005,1.0,18.0,1023.8261591167854,51.19130795583928,0.0,2935.9284125696868,0.0,1.0,0.0,1.0,1.0,1.0,1.0,0.0,0.0,0.0,0.0,0.0,2935.9284125696868,379.7881888018543,0.0,0.0,0.0,1785.6352215556558,370.38903366420254,370.38903366420254,0.0,1.0,1150.293191014031,0.0,0.0,146.79642062848436,0.0,0.0,0.0,0.0,0.0,0.0,2935.9284125696868,1.0,0.0,2935.9284125696868,0.0,1.0,1684.9837703016276,15694.0,15694.0,15694.0,6426.75,6426.75,6426.75,4575.2,4575.2,4575.2,3.0,26695.95,26695.95,26695.95,1562.3923972583025,5716.0636460000005,1.0,0.0,220.0,0.0,989.2028659637788,1.0,0.0,989.2028659637788,49.46014329818894,0.5,0.001943914816749293,0.0,0.9719574083746465,-2778.32487320281,3500.0,-3315.000000000001,37566.666666666664,-22100.000000000004,5635.000000000001,0.15000000000000002,0.0,1590.2569805916357,1149.5660564095153,1590.2569805916357,1149.5660564095153,1.0,1.0,0.0,-889.3775798605075,1.0,9757.491774993274,-5929.183865736715,1463.6237662489914,0.0,1562.3923972583025,0.0,0.0,1562.3923972583025,4575.2,1200.0,6000.0,2671.0735538296885,0.5162402661659785,0.4837597338340215,6000.0,1785.6352215556558,1684.9837703016276,1.0,,1562.3923972583025,,5716.0636460000005,1.0,,1.0,1.0,2935.9284125696868,,,0.0,0.0,370.38903366420254,123.46301122140085,1559.3923972583025,0.0,4061.6626581130586,1559.3923972583025,4318.0604417212635,104.92878651706224,1.0,0.0,0.0,-68.30318813199563,126.59606293395143,3.0,3.0,3.0,1398.003204278737,1.0,1.0,1.0,0.0,0.0,0.0,0.0,0.0,0.0,1.0,6.0,0.0,1.0,0.5341614906832296,0.21037914619171305,0.0,0.0,1.0,0.7787474578313275,0.7787474578313275,0.0,1559.3923972583025,4318.0604417212635,1562.3923972583025,5716.0636460000005,1785.6352215556558,1559.3923972583025,1559.3923972583025,4318.0604417212635,1.0,0.0,0.0,0.0,0.0,0.0,1562.3923972583025,5716.0636460000005,15246.572044407381,0.0,1785.6352215556558,0.0,5.0,0.001943914816749293,0.0,1562.3923972583025,1559.3923972583025,10395.949315055348,-0.10838092554438061,-0.18463762489493535,-0.005017855315643985,-0.2586243273004527,0.16157510103941064,6.0,1.0,52.0,56.0,56.0,56.0,44.0,11.0,1.0,6.0,1.0,0.0,902.8220151933913,1.0,25.324838374488536,921.6834342059828,909.2854345552882,1.0,902.8220151933913,0.0,19.327909745577927,902.8220151933913,883.4941054478134,0.0,902.8220151933913,1.0,49.13710210272893,945.8312441702154,908.9498883192962,1.0,902.8220151933913,0.0,31.084268484343056,902.8220151933913,871.7377467090482,0.0,0.018113057178393958,0.03845183526217126,0.05334246902326954,0.06982251147592056,1.0,1189.31495,1500.0,926.748696,1500.0,0.6499999999999998,0.8679295387765845,0.0,-0.014462841492521507,-0.008020788639609576,0.0,0.0,0.0,0.0,0.0,0.0,0.10357603496811264,0.09427099252695115,-0.00014458259011433937,0.0059048305159862475,0.00725968800264809,3.158106213732026e-05,0.0,0.0,1.0,90.0,90.0,90.0,90.0,90.0,90.0,90.0,90.0,90.0,90.0,90.0,90.0,90.0,90.0,90.0,90.0,0.0,0.0,0.0,0.0,0.0,1.0,0.0,0.0,685.0,1.0,0.0,1.0,1590.2569805916357,1559.3923972583025,1149.5660564095153,1559.3923972583025,1562.3923972583025,1562.3923972583025,1.0,1.0,0.0,-3.0,0.0,1.0,0.0,0.0,0.0,1562.3923972583025,1559.3923972583025,0.0,1559.3923972583025,1559.3923972583025,1562.3923972583025,-3.0,144.0,370.38903366420254,373.3522096878432,0.0,2.0,4.485216099994432,1559.3923972583025,51.0,1.0,2950.862218032714,2765.2014279672867,48.0,36.0,0.65,0.65,1.1649094072782034,1.2104749822988932,2.0,2.0,300.0,300.0,2.0,2.0,1918.0604417212635,2400.0,1516.063646,2400.0,1.0,1.0,10.0,10.0,57.0,55.0,62.0,50.0,56.0,56.0,62.0,50.0,44.0,68.0,0.0,0.0,0.0,0.0,0.0,1125.124153149388,1200.0,792.9362885718757,1200.0,30,5580.0,90.0,90.0,90.0,90.0,90.0,90.0,90.0,90.0,90.0,90.0,90.0,90.0,90.0,90.0,90.0,90.0,90.0,90.0
1581.2858111932637,3865.0589390012556,0.0,0.0,0.0,0.0,0.0,0.0,0.0,0.0,0.0,0.0,0.0,0.0,0.0,0.0,0.0,0.0,0.0,0.0,0.0,0.0,0.0,0.0,0.0,0.0,0.0,0.0,0.0,0.0,0.0,0.0,0.0,0.0,0.0,0.0,0.0,0.0,0.0,0.0,0.0,0.0,0.0,0.0,0.0,0.0,0.0,0.0,0.0,0.0,0.0,0.0,0.0,0.0,0.0,0.0,0.0,0.0,0.0,0.0,0.0,0.0,0.0,0.0,0.0,0.0,0.0,0.0,0.0,0.0,0.0,0.0,0.0,0.0,0.0,0.0,0.0,0.0,0.0,0.0,0.0,0.0,0.0,0.0,0.0,0.0,0.0,0.0,0.0,0.0,0.0,0.0,0.0,0.0,1142.058,1633.1747000821529,-2926.793161317758,6000.0,1200.0,3.0,170.23874506116942,398.86991824322433,228.63117318205488,15146.289830895583,0.970777741851732,0.0,3003.922111652576,3355.757362202328,1581.2858111932637,3865.0589390012556,6.0,-2926.793161317758,4018.060442,1115.7731075580127,1581.2858111932637,1581.2858111932637,3865.0589390012556,1.0,0.0,0.0,49.0,5.0,0.0,1.0,49.0,0.0,0.0,5.0,0.0,1.0,1.0,2798.7435066988946,-2926.793161317758,4018.060442,0.0,1682.970399140882,0.0,1.0,0.0,1.0,1.0,0.0,1.0,5.0,4.0,0.0,0.0,1581.2858111932637,6.0,947.9042516963693,49.0,0.0,333.14672628744825,24.0,947.9042516963693,-2926.793161317758,4018.060442,1581.2858111932637,3865.0589390012556,0.0,0.0,,,,,,,,,,,,,0.0,1581.2858111932637,3865.0589390012556,24.0,-2123.4440161530383,4018.060442,1115.7731075580127,1581.2858111932637,1581.2858111932637,3865.0589390012556,1.0,0.0,0.0,-2926.793161317758,4018.060442,1.0,18.0,21.342268464768885,1.0671134232384443,0.0,2798.7435066988946,0.0,1.0,0.0,1.0,1.0,1.0,1.0,0.0,0.0,0.0,0.0,0.0,2798.7435066988946,405.7046183617919,0.0,0.0,0.0,1115.7731075580127,398.86991824322433,398.86991824322433,0.0,1.0,1682.970399140882,0.0,0.0,139.93717533494473,0.0,0.0,0.0,0.0,0.0,0.0,2798.7435066988946,1.0,0.0,2798.7435066988946,0.0,1.0,1050.86168942625,15694.0,15694.0,15694.0,6426.75,6426.75,6426.75,4575.2,4575.2,4575.2,3.0,26695.95,26695.95,26695.95,-2926.793161317758,4018.060442,1.0,0.0,220.0,0.0,1276.8860941704856,1.0,0.0,1276.8860941704856,63.844304708524284,0.5,0.001737834137786993,0.0,0.8689170688934965,-2926.793161317758,3500.0,-3315.000000000001,37566.666666666664,-22100.000000000004,5635.000000000001,0.15000000000000002,0.0,1677.6802266659756,1202.758081455588,1677.6802266659756,1202.758081455588,1.0,1.0,0.0,-932.4637126618852,1.0,10150.57176746908,-6216.424751079234,1522.5857651203623,0.0,-2926.793161317758,0.0,0.0,-2926.793161317758,4575.2,1200.0,6000.0,3440.138716280506,0.5139442198070487,0.4860557801929513,6000.0,1115.7731075580127,1050.86168942625,1.0,,1633.1747000821529,,5518.060442,1.0,,1.0,1.0,2798.7435066988946,,,0.0,0.0,398.86991824322433,132.9566394144081,1581.2858111932637,0.0,4271.828636676422,1581.2858111932637,3865.0589390012556,113.39445485452393,1.0,0.0,0.0,-68.43669808638839,135.23487278726398,3.0,-4508.078972511022,-4508.078972511022,153.0015029987444,1.0,1.0,1.0,0.0,0.0,0.0,0.0,0.0,0.0,1.0,6.0,0.0,1.0,0.5341614906832296,0.21012693200915877,0.0,0.0,1.0,0.8370615210583148,0.8370615210583148,0.0,1581.2858111932637,3865.0589390012556,-2926.793161317758,4018.060442,1115.7731075580127,1581.2858111932637,1581.2858111932637,3865.0589390012556,1.0,0.0,0.0,0.0,0.0,0.0,-2926.793161317758,4018.060442,15146.289830895583,0.0,1115.7731075580127,0.0,5.0,0.001737834137786993,0.0,-2926.793161317758,1581.2858111932637,10541.90540795509,0.07914202069478755,0.2720779062102704,-0.05750342598655204,0.12360659576028962,0.11589340711075263,6.0,1.0,57.0,62.0,56.0,62.0,44.0,12.0,1.0,6.0,0.0,0.0,940.169201212729,0.0,3.4559776253345262,934.5301052496598,949.2642748011328,0.0,940.169201212729,0.0,0.36812450956313114,961.6930644937709,918.2772134221241,0.0,940.169201212729,0.0,4.912093892702387,935.8739909801508,949.3765053380098,0.0,940.169201212729,0.0,29.843151747990078,967.7820429039011,882.7132077735669,0.0,-0.022736137652459357,0.05044259722791708,-0.021646412395852417,0.10614089153229939,1.0,1125.124153149388,1200.0,792.9362885718757,1200.0,1.0,0.9216582768810889,0.0,-0.00515804759042382,-0.002972797202820488,0.0,0.0,0.0,0.0,0.0,0.0,0.09534265167410821,0.09361003139578514,-0.00012323037198598284,0.0,0.13421529096077478,-0.005657880013094285,-0.0874407751136424,0.0,1.0,90.0,90.0,90.0,90.0,90.0,90.0,90.0,90.0,90.0,90.0,90.0,90.0,90.0,90.0,90.0,90.0,0.0,0.0,0.0,0.0,0.0,1.0,10.0,5.0,1299.0,1.0,10.0,1.0,1677.6802266659756,1581.2858111932637,1202.758081455588,1581.2858111932637,-2926.793161317758,-2926.793161317758,2.0,2.0,0.0,259.79719343507895,0.0,1.0,0.0,0.0,0.0,1321.4886177581848,1581.2858111932637,-4248.281779075943,1581.2858111932637,1581.2858111932637,-2926.793161317758,259.79719343507895,120.0,398.86991824322433,400.31478858218156,0.0,2.0,7.607616699999198,1581.2858111932637,51.0,1.0,2065.0589390012556,1953.0015029987449,48.0,48.0,,0.65,,1.5948199069622888,2.0,2.0,300.0,300.0,2.0,2.0,2065.0589390012556,1800.0,2518.060442,1800.0,1.0,1.0,10.0,10.0,56.0,56.0,56.0,56.0,62.0,50.0,68.0,44.0,50.0,62.0,0.0,0.0,0.0,0.0,0.0,1168.7429428825612,900.0,896.3159961186943,900.0,31,5760.0,90.0,90.0,90.0,90.0,90.0,90.0,90.0,90.0,90.0,80.0,90.0,90.0,90.0,90.0,80.0,90.0,90.0,90.0
1698.4168878128278,5065.0589390000005,0.0,0.0,0.0,0.0,0.0,0.0,0.0,0.0,0.0,0.0,0.0,0.0,0.0,0.0,0.0,0.0,0.0,0.0,0.0,0.0,0.0,0.0,0.0,0.0,0.0,0.0,0.0,0.0,0.0,0.0,0.0,0.0,0.0,0.0,0.0,0.0,0.0,0.0,0.0,0.0,0.0,0.0,0.0,0.0,0.0,0.0,0.0,0.0,0.0,0.0,0.0,0.0,0.0,0.0,0.0,0.0,0.0,0.0,0.0,0.0,0.0,0.0,0.0,0.0,0.0,0.0,0.0,0.0,0.0,0.0,0.0,0.0,0.0,0.0,0.0,0.0,0.0,0.0,0.0,0.0,0.0,0.0,0.0,0.0,0.0,0.0,0.0,0.0,0.0,0.0,0.0,0.0,1142.058,1698.4168878128278,-3169.4909140328427,6000.0,1200.0,3.0,182.56463021855836,425.1343433692935,242.56971315073514,17556.51240240179,0.9741242577238273,0.0,3213.0909165402327,3543.971528773532,1627.51411003505,3629.1460488258012,5.0,-3169.4909140328427,3600.0,1309.8827159398038,1627.51411003505,1627.51411003505,3629.1460488258012,1.0,0.0,0.0,49.0,5.0,0.0,1.0,49.0,,0.0,5.0,0.0,,1.0,,,,0.0,1240.6323649079832,0.0,1.0,0.0,,1.0,0.0,1.0,5.0,4.0,0.0,0.0,,5.0,1078.6632157116717,49.0,0.0,172.67192443673594,23.0,1078.6632157116717,,,,,0.0,0.0,,,,,,,,,,,,,0.0,1627.51411003505,3629.1460488258012,23.0,-2335.8045497787375,3600.0,1309.8827159398038,1627.51411003505,1627.51411003505,3629.1460488258012,1.0,0.0,0.0,,,,18.0,2170.308749248958,108.5154374624479,0.0,2550.515080847787,0.0,1.0,0.0,1.0,1.0,1.0,1.0,0.0,0.0,0.0,0.0,0.0,2550.515080847787,425.1343433692935,0.0,0.0,0.0,1309.8827159398038,430.38915076697003,430.38915076697003,0.0,1.0,1240.6323649079832,0.0,1.0,127.52575404238935,1.0,0.0,1.0,0.0,0.0,1.0,2550.515080847787,1.0,0.0,2550.515080847787,0.0,1.0,2358.6210094900807,15694.0,15694.0,15694.0,6426.75,6426.75,6426.75,4575.2,4575.2,4575.2,3.0,26695.95,26695.95,26695.95,1698.4168878128278,5065.0589390000005,0.0,0.0,220.0,0.0,1667.5726779051606,1.0,0.0,1667.5726779051606,83.37863389525803,0.5,0.005335305450854957,0.0,2.6676527254274784,-3169.4909140328427,3500.0,-3315.000000000001,37566.666666666664,-22100.000000000004,5635.000000000001,,,,,,,,,,-913.3370159727659,1.0,10252.550093030593,-6088.913439818439,1537.8825139545893,0.0,,,,,4575.2,1200.0,6000.0,4551.5221725659385,0.3988646917154039,0.601135308284596,6000.0,2550.515080847787,2358.6210094900807,1.0,0.0,1698.4168878128278,0.0,5065.0589390000005,1.0,1.0,1.0,1.0,2550.515080847787,1698.4168878128278,5065.0589390000005,1.0,0.0,425.1343433692935,141.7114477897645,1698.4168878128278,0.0,4285.4649212643935,1698.4168878128278,5065.0589390000005,122.2226828557484,1.0,0.0,0.0,-73.9142152495163,141.7114477897645,3.0,,,,,,,,,,,,,,6.0,0.0,1.0,0.5341614906832296,0.1305431535986079,0.0,0.0,1.0,0.939413195383825,0.939413195383825,0.0,1698.4168878128278,5065.0589390000005,-3169.4909140328427,3600.0,2550.515080847787,1627.51411003505,1627.51411003505,3629.1460488258012,0.0,1.0,0.0,1.0,0.0,0.0,,,17556.51240240179,0.0,2550.515080847787,0.0,5.0,0.005335305450854957,0.0,1698.4168878128278,1698.4168878128278,11322.779252085516,-0.050253206827947317,-0.040648329894455736,0.27004851352060477,0.39235073016605426,0.25302231141495096,6.0,1.0,56.0,56.0,62.0,68.0,50.0,13.0,1.0,6.0,0.0,0.0,958.010750056469,0.0,8.698877171068034,958.4179050089938,966.3024722750122,1.0,958.010750056469,0.0,1.8658759478464617,948.4346008474995,969.4527752132848,0.0,958.010750056469,0.0,23.924657625791724,974.0961507143221,965.8500070244077,1.0,958.010750056469,0.0,3.442665573189288,949.5245714348664,969.9395942512608,0.0,-0.012803187185662281,-0.03259488905740175,0.011836137480942597,-0.0327968229584219,1.0,1168.7429428825612,900.0,896.3159961186943,900.0,,,0.0,0.005297804824980545,0.006961999141891084,0.0,0.0,0.0,0.0,0.0,0.0,-0.007428275416282304,-0.007457201930064627,-0.004968392523952047,0.0,-0.018989178747477808,0.0,0.0,0.0,1.0,90.0,90.0,90.0,90.0,90.0,90.0,90.0,90.0,90.0,90.0,90.0,90.0,80.0,90.0,90.0,90.0,0.0,0.0,0.0,0.0,0.0,1.0,0.0,,732.0,1.0,0.0,0.0,0.0,,0.0,,0.0,,-1.0,0.0,0.0,0.0,0.0,1.0,0.0,0.0,0.0,0.0,,0.0,,1698.4168878128278,0.0,1698.4168878128278,128.0,425.1343433692935,427.92578451184465,0.0,2.0,4.700869699998293,1698.4168878128278,51.0,1.0,,,48.0,48.0,,,,,2.0,2.0,300.0,300.0,2.0,2.0,,,,,1.0,1.0,10.0,10.0,56.0,56.0,56.0,56.0,56.0,56.0,62.0,50.0,44.0,68.0,0.0,0.0,0.0,0.0,0.0,1468.742943,1200.0,1196.315996,1200.0,32,5940.0,90.0,90.0,90.0,90.0,90.0,90.0,90.0,90.0,90.0,80.0,90.0,90.0,90.0,90.0,80.0,90.0,90.0,90.0
1710.7144911136315,3865.0589390000005,0.0,0.0,0.0,0.0,0.0,0.0,0.0,0.0,0.0,0.0,0.0,0.0,0.0,0.0,0.0,0.0,0.0,0.0,0.0,0.0,0.0,0.0,0.0,0.0,0.0,0.0,0.0,0.0,0.0,0.0,0.0,0.0,0.0,0.0,0.0,0.0,0.0,0.0,0.0,0.0,0.0,0.0,0.0,0.0,0.0,0.0,0.0,0.0,0.0,0.0,0.0,0.0,0.0,0.0,0.0,0.0,0.0,0.0,0.0,0.0,0.0,0.0,0.0,0.0,0.0,0.0,0.0,0.0,0.0,0.0,0.0,0.0,0.0,0.0,0.0,0.0,0.0,0.0,0.0,0.0,0.0,0.0,0.0,0.0,0.0,0.0,0.0,0.0,0.0,0.0,0.0,0.0,1142.058,1762.6672281508222,-3251.47122069811,6000.0,1200.0,3.0,176.73733223923838,454.12931793689654,277.3919856976582,16955.685107572812,0.9773251427575322,0.0,3934.092604308328,4264.881846335623,1710.7144911136315,3865.0589390000005,4.0,-3251.47122069811,3600.0,1492.7942948151817,1710.7144911136315,1710.7144911136315,3865.0589390000005,1.0,0.0,0.0,49.0,5.0,0.0,1.0,49.0,0.0,0.0,5.0,0.0,1.0,1.0,3312.4359612495314,-3251.47122069811,3600.0,0.0,1819.6416664343496,0.0,1.0,0.0,1.0,1.0,0.0,1.0,5.0,4.0,0.0,0.0,1710.7144911136315,4.0,1142.443422902524,49.0,0.0,320.27343086778797,22.0,1142.443422902524,-3251.47122069811,3600.0,1710.7144911136315,3865.0589390000005,0.0,0.0,,,,,,,,,,,,,0.0,1710.7144911136315,3865.0589390000005,22.0,-2407.537318110846,3600.0,1492.7942948151817,1710.7144911136315,1710.7144911136315,3865.0589390000005,1.0,0.0,0.0,-3251.47122069811,3600.0,1.0,18.0,333.0072714921167,16.650363574605834,0.0,3312.4359612495314,0.0,1.0,0.0,1.0,1.0,1.0,1.0,0.0,0.0,0.0,0.0,0.0,3312.4359612495314,468.77386325304684,0.0,0.0,0.0,1492.7942948151817,454.12931793689654,454.12931793689654,0.0,1.0,1819.6416664343496,0.0,0.0,165.62179806247659,0.0,0.0,0.0,0.0,0.0,0.0,3312.4359612495314,1.0,0.0,3312.4359612495314,0.0,1.0,1363.260830768384,15694.0,15694.0,15694.0,6426.75,6426.75,6426.75,4575.2,4575.2,4575.2,3.0,26695.95,26695.95,26695.95,-3251.47122069811,3600.0,1.0,0.0,220.0,0.0,2257.6620094438367,1.0,0.0,2257.6620094438367,112.88310047219184,0.5,0.0034440800559199297,0.0,1.7220400279599648,-3251.47122069811,3500.0,-3315.000000000001,37566.666666666664,-22100.000000000004,5635.000000000001,0.15000000000000002,0.0,1824.3706671136288,1324.8302677723989,1824.3706671136288,1324.8302677723989,1.0,1.0,0.0,-944.2957828818435,1.0,10569.775830858762,-6295.305219212289,1585.4663746288145,0.0,-3251.47122069811,0.0,0.0,-3251.47122069811,4575.2,1200.0,6000.0,5072.678761201154,0.44050910904688945,0.5594908909531106,6000.0,1492.7942948151817,1363.260830768384,1.0,,1762.6672281508222,,5996.315996,1.0,,1.0,1.0,3312.4359612495314,,,0.0,0.0,454.12931793689654,151.37643931229886,1710.7144911136315,0.0,4313.17670399989,1710.7144911136315,3865.0589390000005,131.11566834943542,1.0,0.0,0.0,-77.16381580237021,156.25795441768227,3.0,-4962.185711811741,-4962.185711811741,-265.05893900000046,1.0,1.0,1.0,0.0,0.0,0.0,0.0,0.0,0.0,1.0,6.0,0.0,1.0,0.5341614906832296,0.26567893698601264,0.0,0.0,1.0,0.9732025704247842,0.9732025704247842,0.0,1710.7144911136315,3865.0589390000005,-3251.47122069811,3600.0,1492.7942948151817,1710.7144911136315,1710.7144911136315,3865.0589390000005,1.0,0.0,0.0,0.0,0.0,0.0,-3251.47122069811,3600.0,16955.685107572812,0.0,1492.7942948151817,0.0,5.0,0.0034440800559199297,0.0,-3251.47122069811,1710.7144911136315,11404.763274090876,0.08684448654689063,0.07191602165426696,0.0693775100983937,0.34745131148138364,0.2245124842536453,6.0,1.0,56.0,56.0,56.0,62.0,44.0,14.0,1.0,6.0,0.0,0.0,1116.9078312167637,0.0,5.165427990961234,1119.692407217664,1108.957827224902,0.0,1116.9078312167637,0.0,20.945194011090734,1132.0520871869637,1080.818381235473,0.0,1116.9078312167637,0.0,16.242500871499033,1127.0359714250146,1090.5371901370138,0.0,1116.9078312167637,0.0,4.848570131799079,1151.187757989696,1077.7793343120325,0.0,-0.0017773293073475166,0.06938863728064285,0.022627104792584785,0.09385106674238657,1.0,1468.742943,1200.0,1196.315996,1200.0,1.3021921028981416,0.8936695987100596,0.0,0.01415067276697286,-0.00010321757876852189,0.0,0.0,0.5993446511942018,0.0,0.0037116795108651946,0.0,0.08964376339115461,0.05335385717350363,0.0,0.0,-0.04818496390310756,0.0,0.005127578065889793,0.0,1.0,90.0,90.0,90.0,90.0,90.0,90.0,90.0,90.0,90.0,90.0,90.0,90.0,80.0,90.0,90.0,90.0,0.0,0.0,0.0,0.0,0.0,1.0,10.0,5.0,682.0,1.0,10.0,1.0,1824.3706671136288,1710.7144911136315,1324.8302677723989,1710.7144911136315,-3251.47122069811,-3251.47122069811,2.0,1.0,10.0,260.9991235059251,0.0,1.0,0.0,0.0,0.0,1449.7153676077064,1710.7144911136315,-4701.186588305816,1710.7144911136315,1710.7144911136315,-3251.47122069811,260.9991235059251,112.0,454.12931793689654,455.23119547619535,0.0,2.0,4.452031600005284,1710.7144911136315,51.0,1.0,1585.832792568802,2014.167207431198,45.0,48.0,,0.65,,1.4550578820809148,2.0,2.0,300.0,300.0,2.0,2.0,2065.0589390000005,1800.0,2396.3159960000003,1800.0,1.0,1.0,10.0,10.0,51.0,61.0,56.0,56.0,62.0,50.0,68.0,44.0,50.0,62.0,0.0,0.0,0.0,0.0,0.0,1168.7429430000002,900.0,896.315996,900.0,33,6120.0,80.0,90.0,90.0,90.0,90.0,80.0,90.0,90.0,90.0,80.0,90.0,90.0,90.0,90.0,80.0,90.0,90.0,90.0
1679.468021869464,3526.9516096463885,0.0,0.0,0.0,0.0,0.0,0.0,0.0,0.0,0.0,0.0,0.0,0.0,0.0,0.0,0.0,0.0,0.0,0.0,0.0,0.0,0.0,0.0,0.0,0.0,0.0,0.0,0.0,0.0,0.0,0.0,0.0,0.0,0.0,0.0,0.0,0.0,0.0,0.0,0.0,0.0,0.0,0.0,0.0,0.0,0.0,0.0,0.0,0.0,0.0,0.0,0.0,0.0,0.0,0.0,0.0,0.0,0.0,0.0,0.0,0.0,0.0,0.0,0.0,0.0,0.0,0.0,0.0,0.0,0.0,0.0,0.0,0.0,0.0,0.0,0.0,0.0,0.0,0.0,0.0,0.0,0.0,0.0,0.0,0.0,0.0,0.0,0.0,0.0,0.0,0.0,0.0,0.0,1142.058,1751.952188536131,-3307.5083817312343,6000.0,1200.0,3.0,170.54565848106392,488.1295603922413,317.58390191117735,17699.03885307474,0.9791906974597638,0.0,4877.18767030793,5216.392632573268,1679.468021869464,3526.9516096463885,6.0,-3307.5083817312343,3970.882449166667,1562.3968969885113,1679.468021869464,1679.468021869464,3526.9516096463885,1.0,0.0,0.0,49.0,5.0,0.0,1.0,49.0,0.0,0.0,5.0,0.0,1.0,1.0,2643.6403936334978,-3307.5083817312343,3970.882449166667,0.0,1081.2434966449864,0.0,1.0,0.0,1.0,1.0,0.0,1.0,5.0,4.0,0.0,0.0,1679.468021869464,6.0,1237.5397466120553,49.0,0.0,306.9986615105572,24.0,1237.5397466120553,-3307.5083817312343,3970.882449166667,1679.468021869464,3526.9516096463885,0.0,0.0,,,,,,,,,,,,,0.0,1679.468021869464,3526.9516096463885,24.0,-2456.56983401483,3970.882449166667,1562.3968969885113,1679.468021869464,1679.468021869464,3526.9516096463885,1.0,0.0,0.0,-3307.5083817312343,3970.882449166667,1.0,12.0,4.446414869735889,0.22232074348679448,0.0,2643.6403936334978,0.0,1.0,0.0,1.0,1.0,1.0,1.0,0.0,0.0,0.0,0.0,0.0,2643.6403936334978,488.97311340066244,0.0,0.0,0.0,1562.3968969885113,488.1295603922413,488.1295603922413,0.0,1.0,1081.2434966449864,0.0,0.0,132.1820196816749,0.0,0.0,0.0,0.0,0.0,0.0,2643.6403936334978,1.0,0.0,2643.6403936334978,0.0,1.0,1394.7998967793683,15694.0,15694.0,15694.0,6426.75,6426.75,6426.75,4575.2,4575.2,4575.2,3.0,26695.95,26695.95,26695.95,-3307.5083817312343,3970.882449166667,1.0,0.0,220.0,0.0,3347.4935893131233,1.0,0.0,3347.4935893131233,167.3746794656562,0.5,0.002077154253179369,0.0,1.0385771265896844,-3307.5083817312343,3500.0,-3315.000000000001,37566.666666666664,-22100.000000000004,5635.000000000001,0.15000000000000002,0.0,1825.981841015724,1339.4111407411926,1825.981841015724,1339.4111407411926,1.0,1.0,0.0,-943.434196570618,1.0,10725.281648474489,-6289.561310470786,1608.7922472711737,0.0,-3307.5083817312343,0.0,0.0,-3307.5083817312343,4575.2,1200.0,6000.0,5255.203682459567,0.48074698834786733,0.5192530116521327,6000.0,1562.3968969885113,1394.7998967793683,1.0,,1751.952188536131,,5065.0589390000005,1.0,,1.0,1.0,2643.6403936334978,,,0.0,0.0,488.1295603922413,162.70985346408042,1679.468021869464,0.0,4310.19077524596,1679.468021869464,3526.9516096463885,140.20781684134732,1.0,0.0,0.0,-82.97853444765076,162.99103780022082,3.0,-4986.976403600698,-4986.976403600698,443.93083952027837,1.0,1.0,1.0,0.0,0.0,0.0,0.0,0.0,0.0,1.0,6.0,0.0,1.0,0.5341614906832296,0.1802665269842263,0.0,0.0,1.0,0.9968410666666161,0.9968410666666161,0.0,1679.468021869464,3526.9516096463885,-3307.5083817312343,3970.882449166667,1562.3968969885113,1679.468021869464,1679.468021869464,3526.9516096463885,1.0,0.0,0.0,0.0,0.0,0.0,-3307.5083817312343,3970.882449166667,17699.03885307474,0.0,1562.3968969885113,0.0,5.0,0.002077154253179369,0.0,-3307.5083817312343,1679.468021869464,11196.45347912976,-0.1910070755156624,-0.08099872590830745,0.24421500201558055,0.23550956026674066,0.08751339905961093,6.0,1.0,51.0,56.0,62.0,68.0,50.0,15.0,1.0,6.0,1.0,0.0,1104.7376350849163,1.0,23.31707290480199,1138.7390500575011,1094.0532930171335,0.0,1104.7376350849163,0.0,0.9216187612905742,1094.0576766149707,1116.3392123161525,0.0,1104.7376350849163,1.0,40.74402854466098,1156.797306884633,1093.4219918298606,0.0,1104.7376350849163,0.0,2.9979290657988713,1096.104923740687,1116.3682754949446,0.0,0.05814040389569236,-0.03380594182379402,0.07607339579673078,-0.03139071040791232,1.0,1168.7429430000002,900.0,896.315996,900.0,0.7674524795704333,1.0,0.0,-0.19097768316684452,0.19957629204500194,0.0,0.0,-0.31901569620417336,-0.11417484871321122,0.06997501826685948,0.0,-0.006991590483377763,-0.007057830802809662,-0.004861947095000829,0.0,-0.019922098092177265,0.0,0.0,0.0,1.0,90.0,90.0,90.0,90.0,80.0,90.0,90.0,90.0,90.0,90.0,90.0,90.0,80.0,90.0,90.0,90.0,0.0,0.0,0.0,0.0,0.0,1.0,10.0,5.0,730.0,1.0,10.0,1.0,1825.981841015724,1679.468021869464,1339.4111407411926,1679.468021869464,-3307.5083817312343,-3307.5083817312343,2.0,1.0,10.0,218.41420605963867,0.0,1.0,0.0,0.0,0.0,1461.0538158098254,1679.468021869464,-4768.5621975410595,1679.468021869464,1679.468021869464,-3307.5083817312343,218.41420605963867,120.0,488.1295603922413,489.76128682469556,0.0,2.0,5.143391799996607,1679.468021869464,51.0,1.0,1908.9897785202786,2061.8926706463885,48.0,48.0,0.65,,1.672127342511974,,2.0,2.0,300.0,300.0,2.0,2.0,1465.058939,2061.8926706463885,1465.058939,2400.0,1.0,1.0,10.0,10.0,47.0,65.0,50.0,62.0,68.0,44.0,74.0,38.0,56.0,56.0,0.0,0.0,0.0,0.0,0.0,868.742943,1030.9463353231943,596.315996,1030.9463353231943,34,6300.0,80.0,100.0,80.0,90.0,90.0,90.0,100.0,90.0,90.0,80.0,90.0,90.0,90.0,90.0,80.0,90.0,90.0,90.0
1702.2405498515545,4726.951609,0.0,0.0,0.0,0.0,0.0,0.0,0.0,0.0,0.0,0.0,0.0,0.0,0.0,0.0,0.0,0.0,0.0,0.0,0.0,0.0,0.0,0.0,0.0,0.0,0.0,0.0,0.0,0.0,0.0,0.0,0.0,0.0,0.0,0.0,0.0,0.0,0.0,0.0,0.0,0.0,0.0,0.0,0.0,0.0,0.0,0.0,0.0,0.0,0.0,0.0,0.0,0.0,0.0,0.0,0.0,0.0,0.0,0.0,0.0,0.0,0.0,0.0,0.0,0.0,0.0,0.0,0.0,0.0,0.0,0.0,0.0,0.0,0.0,0.0,0.0,0.0,0.0,0.0,0.0,0.0,0.0,0.0,0.0,0.0,0.0,0.0,0.0,0.0,0.0,0.0,0.0,0.0,1142.058,1702.2405498515545,-3310.184557976655,6000.0,1200.0,3.0,178.39079815186767,519.8374792895227,341.446681137655,19628.780444216653,0.9816608507058651,0.0,4985.846732356053,5251.467894839544,1630.9263137404434,4301.03505397293,8.0,-3310.184557976655,4398.256813167503,1699.4339709294122,1630.9263137404434,1630.9263137404434,4301.03505397293,1.0,0.0,0.0,49.0,5.0,0.0,1.0,49.0,,0.0,5.0,0.0,,1.0,,,,0.0,767.8604619631456,0.0,1.0,0.0,,1.0,0.0,1.0,5.0,4.0,0.0,0.0,,8.0,1348.5254390211428,49.0,0.0,256.43563360791177,26.0,1348.5254390211428,,,,,0.0,0.0,,,,,,,,,,,,,0.0,1630.9263137404434,4301.03505397293,26.0,-2458.911488229573,4398.256813167503,1699.4339709294122,1630.9263137404434,1630.9263137404434,4301.03505397293,1.0,0.0,0.0,,,,12.0,1122.0457139661721,56.102285698308606,0.0,2467.294432892558,0.0,1.0,0.0,1.0,1.0,1.0,1.0,0.0,0.0,0.0,0.0,0.0,2467.294432892558,519.8374792895227,0.0,0.0,0.0,1699.4339709294122,525.2429978007006,525.2429978007006,0.0,1.0,767.8604619631456,0.0,1.0,123.36472164462789,1.0,0.0,1.0,0.0,0.0,1.0,2467.294432892558,1.0,0.0,2467.294432892558,0.0,1.0,2225.694663619364,15694.0,15694.0,15694.0,6426.75,6426.75,6426.75,4575.2,4575.2,4575.2,3.0,26695.95,26695.95,26695.95,1702.2405498515545,4726.951609,0.0,0.0,220.0,0.0,3709.9496714977035,1.0,0.0,3709.9496714977035,185.4974835748852,0.5,0.00529301849617441,0.0,2.646509248087205,-3310.184557976655,3500.0,-3315.000000000001,37566.666666666664,-22100.000000000004,5635.000000000001,,,,,,,,,,-976.0013568007455,1.0,11212.294523320452,-6506.675712004969,1681.844178498068,0.0,,,,,4575.2,1200.0,6000.0,4398.256813167503,0.4916222017143558,0.5083777982856442,6000.0,2467.294432892558,2225.694663619364,1.0,0.0,1702.2405498515545,0.0,4726.951609,1.0,1.0,1.0,1.0,2467.294432892558,1702.2405498515545,4726.951609,1.0,0.0,519.8374792895227,173.27915976317422,1702.2405498515545,0.0,4306.4933360253335,1702.2405498515545,4726.951609,150.21484389860817,1.0,0.0,0.0,-85.51815491904347,173.27915976317422,3.0,,,,,,,,,,,,,,6.0,0.0,1.0,0.5341614906832296,0.06392916370173252,0.0,0.0,1.0,0.9979412377867993,0.9979412377867993,0.0,1702.2405498515545,4726.951609,-3310.184557976655,4398.256813167503,2467.294432892558,1630.9263137404434,1630.9263137404434,4301.03505397293,0.0,1.0,0.0,1.0,0.0,0.0,,,19628.780444216653,0.0,2467.294432892558,0.0,5.0,0.00529301849617441,0.0,1702.2405498515545,1702.2405498515545,11348.270332343694,-0.22437925570037692,-0.012254403678639284,0.5263092817147902,-0.15044560840533686,-0.059154790011563804,6.0,1.0,47.0,50.0,68.0,74.0,56.0,16.0,1.0,6.0,0.0,0.0,1187.6164779902394,0.0,0.06602183349059487,1176.5228774820428,1198.6440566649455,0.0,1187.6164779902394,0.0,1.9266732382029659,1180.7876994124663,1196.3719298062156,0.0,1187.6164779902394,0.0,0.35396448557912663,1177.3562786141138,1198.2306418519443,0.0,1187.6164779902394,0.0,6.270499234799445,1185.6979669352613,1195.8054882800172,0.0,-0.032387767279162746,-0.02463592976168452,-0.02989776705158114,-0.01648709291700359,1.0,868.742943,1030.9463353231943,596.315996,1030.9463353231943,,,0.0,0.1,-0.022557300282165474,-0.0008053452378504743,0.0,0.0,0.1,0.0,0.0,-0.005308823649382787,-0.004678282297485481,-0.0023490379083732195,0.0,-0.004411014166731064,0.0,0.0,0.0,1.0,100.0,80.0,90.0,90.0,90.0,100.0,90.0,90.0,90.0,90.0,90.0,90.0,80.0,90.0,90.0,90.0,0.0,0.0,0.0,0.0,0.0,1.0,0.0,,667.0,1.0,0.0,0.0,0.0,,0.0,,0.0,,-1.0,0.0,0.0,0.0,0.0,1.0,0.0,0.0,0.0,0.0,,0.0,,1702.2405498515545,0.0,1702.2405498515545,112.0,519.8374792895227,520.0306936157087,0.0,2.0,4.402321800000209,1702.2405498515545,51.0,1.0,,,42.0,48.0,,,,,2.0,2.0,300.0,300.0,2.0,2.0,,,,,1.0,1.0,10.0,10.0,53.0,59.0,50.0,62.0,62.0,50.0,74.0,38.0,56.0,56.0,0.0,0.0,0.0,0.0,0.0,1168.742943,1330.946335,896.315996,1330.946335,35,6480.0,80.0,90.0,80.0,90.0,90.0,90.0,90.0,90.0,90.0,80.0,90.0,90.0,90.0,90.0,80.0,90.0,90.0,90.0
1683.9321673003046,4126.951609,0.0,0.0,0.0,0.0,0.0,0.0,0.0,0.0,0.0,0.0,0.0,0.0,0.0,0.0,0.0,0.0,0.0,0.0,0.0,0.0,0.0,0.0,0.0,0.0,0.0,0.0,0.0,0.0,0.0,0.0,0.0,0.0,0.0,0.0,0.0,0.0,0.0,0.0,0.0,0.0,0.0,0.0,0.0,0.0,0.0,0.0,0.0,0.0,0.0,0.0,0.0,0.0,0.0,0.0,0.0,0.0,0.0,0.0,0.0,0.0,0.0,0.0,0.0,0.0,0.0,0.0,0.0,0.0,0.0,0.0,0.0,0.0,0.0,0.0,0.0,0.0,0.0,0.0,0.0,0.0,0.0,0.0,0.0,0.0,0.0,0.0,0.0,0.0,0.0,0.0,0.0,0.0,1142.058,1717.1821673003046,-3303.279652304791,6000.0,1200.0,3.0,174.30486439769726,556.5757869604329,382.27092256273556,19691.484508077196,0.9841347043048063,0.0,5624.260181310699,5875.079614284112,1683.9321673003046,4126.951609,0.0,1717.1821673003046,5665.0589390000005,1828.5953048436847,1683.9321673003046,1683.9321673003046,4126.951609,1.0,0.0,0.0,49.0,5.0,0.0,1.0,49.0,0.0,0.0,5.0,0.0,1.0,1.0,1837.7972876322503,1717.1821673003046,5665.0589390000005,9.201982788565601,1834.922834413823,0.0,1.0,0.0,1.0,1.0,0.0,1.0,5.0,4.0,0.0,0.0,1683.9321673003046,6.0,1467.465369308392,49.0,0.0,304.4190093633624,24.0,1467.465369308392,1717.1821673003046,5665.0589390000005,1683.9321673003046,4126.951609,0.0,0.0,,,,,,,,,,,,,0.0,1655.9321673003046,4126.951609,6.0,-3303.279652304791,4165.0589390000005,1837.7972876322503,1655.9321673003046,1655.9321673003046,4126.951609,1.0,0.0,0.0,1717.1821673003046,5665.0589390000005,1.0,12.0,29.556605795117243,1.4778302897558622,0.0,3663.5181392575078,0.0,1.0,0.0,1.0,1.0,1.0,1.0,0.0,0.0,0.0,0.0,0.0,3663.5181392575078,562.4134542539939,0.0,0.0,0.0,1828.5953048436847,556.5757869604329,556.5757869604329,0.0,1.0,1834.922834413823,0.0,0.0,183.1759069628754,0.0,0.0,0.0,0.0,0.0,0.0,3663.5181392575078,1.0,0.0,3663.5181392575078,0.0,1.0,1589.483730031192,15694.0,15694.0,15694.0,6426.75,6426.75,6426.75,4575.2,4575.2,4575.2,3.0,26695.95,26695.95,26695.95,1717.1821673003046,5665.0589390000005,1.0,0.0,220.0,0.0,4752.674890454735,1.0,0.0,4752.674890454735,237.63374452273675,0.5,0.0020525466538366334,0.0,1.0262733269183166,-3303.279652304791,3500.0,-3315.000000000001,37566.666666666664,-22100.000000000004,5635.000000000001,0.15000000000000002,0.0,1883.2135676860967,1357.3922367447487,1883.2135676860967,1357.3922367447487,1.0,1.0,0.0,-965.1871524410369,1.0,11240.657955888175,-6434.581016273579,1686.0986933832264,0.0,1717.1821673003046,0.0,0.0,1717.1821673003046,4575.2,1200.0,6000.0,3917.652514554857,0.5008762294073585,0.49912377059264146,6000.0,1828.5953048436847,1589.483730031192,1.0,,1717.1821673003046,,5665.0589390000005,1.0,,1.0,1.0,3663.5181392575078,,,0.0,0.0,556.5757869604329,185.5252623201443,1683.9321673003046,0.0,4304.193066647848,1683.9321673003046,4126.951609,160.99555907426722,1.0,0.0,0.0,-90.36274736496233,187.47115141799796,3.0,33.25,33.25,1538.1073300000007,1.0,1.0,1.0,0.0,0.0,0.0,0.0,0.0,0.0,1.0,6.0,0.0,1.0,0.5341614906832296,0.18308267951246204,0.0,0.0,1.0,0.9950122207786101,0.9950122207786101,0.01311572412040792,1683.9321673003046,4126.951609,1717.1821673003046,5665.0589390000005,1828.5953048436847,1683.9321673003046,1683.9321673003046,4126.951609,1.0,0.0,0.0,0.0,0.0,0.0,1717.1821673003046,5665.0589390000005,19691.484508077196,0.0,1828.5953048436847,0.0,5.0,0.0020525466538366334,0.0,1717.1821673003046,1683.9321673003046,11226.214448668696,-0.0136729024111076,-0.027542192880978183,0.18634074395331623,-0.2363185451243114,-0.2089042628379995,6.0,1.0,53.0,50.0,62.0,74.0,56.0,17.0,1.0,6.0,0.0,0.0,1298.8395447663243,0.0,5.881879853578994,1296.7593302436967,1306.8016391425308,0.0,1298.8395447663243,0.0,6.652282858153285,1305.2099169424632,1285.816889732032,0.0,1298.8395447663243,1.0,23.30601271996011,1315.9285361519983,1305.0565661006103,1.0,1298.8395447663243,0.0,29.230407606572953,1313.2612076671771,1255.1874742588984,0.0,-0.015973540819943843,0.020642190319648517,0.016668818127463375,0.08458222613116398,1.0,1168.742943,1330.946335,896.315996,1330.946335,0.7277757782889739,0.7292112642234361,0.0,-0.0023751374723126164,-0.014814812745407125,0.0,0.0,0.0,0.0,0.0,0.0,0.0844779086216704,0.09445950098992241,0.0,0.0,0.013469034808034762,0.0,0.0001209370859697856,0.0,1.0,90.0,80.0,90.0,90.0,90.0,90.0,90.0,90.0,90.0,90.0,90.0,90.0,80.0,90.0,90.0,90.0,0.0,0.0,0.0,0.0,0.0,1.0,0.0,0.0,900.0,1.0,0.0,1.0,1883.2135676860967,1683.9321673003046,1357.3922367447487,1683.9321673003046,1717.1821673003046,1717.1821673003046,1.0,2.0,10.0,-33.25,0.0,1.0,0.0,0.0,0.0,1717.1821673003046,1683.9321673003046,0.0,1683.9321673003046,1683.9321673003046,1717.1821673003046,-33.25,160.0,556.5757869604329,558.4933821452673,0.0,2.0,5.623069100001885,1683.9321673003046,51.0,1.0,2837.4933607367716,2827.565578263229,48.0,48.0,0.65,0.65,1.0274920160041787,1.3776567080181885,2.0,2.0,300.0,300.0,2.0,2.0,2065.058939,2061.89267,2065.058939,2061.89267,1.0,1.0,10.0,10.0,48.0,64.0,48.0,64.0,56.0,56.0,80.0,32.0,62.0,50.0,0.0,0.0,0.0,0.0,0.0,1468.742943,1030.946335,596.315996,1030.946335,36,6660.0,80.0,90.0,80.0,90.0,90.0,90.0,90.0,90.0,90.0,80.0,90.0,90.0,90.0,90.0,80.0,90.0,90.0,90.0
1754.0818682722288,4301.201923088435,0.0,0.0,0.0,0.0,0.0,0.0,0.0,0.0,0.0,0.0,0.0,0.0,0.0,0.0,0.0,0.0,0.0,0.0,0.0,0.0,0.0,0.0,0.0,0.0,0.0,0.0,0.0,0.0,0.0,0.0,0.0,0.0,0.0,0.0,0.0,0.0,0.0,0.0,0.0,0.0,0.0,0.0,0.0,0.0,0.0,0.0,0.0,0.0,0.0,0.0,0.0,0.0,0.0,0.0,0.0,0.0,0.0,0.0,0.0,0.0,0.0,0.0,0.0,0.0,0.0,0.0,0.0,0.0,0.0,0.0,0.0,0.0,0.0,0.0,0.0,0.0,0.0,0.0,0.0,0.0,0.0,0.0,0.0,0.0,0.0,0.0,0.0,0.0,0.0,0.0,0.0,0.0,1142.058,1754.0818682722288,-3306.651784978024,6000.0,1200.0,3.0,175.62824856965435,595.5185737558603,419.8903251862059,20808.12123618116,0.9852602828775924,0.0,5822.986897658051,6079.467100703576,1754.0818682722288,4301.201923088435,0.0,1754.0818682722288,5058.208666,1971.5008533011276,1754.0818682722288,1754.0818682722288,4301.201923088435,1.0,0.0,0.0,49.0,5.0,0.0,1.0,49.0,0.0,0.0,5.0,0.0,1.0,1.0,2020.3810256700497,1754.0818682722288,5058.208666,48.8801723689221,1147.3157908821488,0.0,1.0,0.0,1.0,1.0,0.0,1.0,5.0,4.0,0.0,0.0,1754.0818682722288,6.0,1613.5518090968242,49.0,0.0,227.7346895762928,24.0,1613.5518090968242,1754.0818682722288,5058.208666,1754.0818682722288,4301.201923088435,0.0,0.0,,,,,,,,,,,,,0.0,1673.5818682722288,3817.3067235825583,6.0,-3306.651784978024,3965.1738883333337,2020.3810256700497,1673.5818682722288,1673.5818682722288,3817.3067235825583,1.0,0.0,0.0,1754.0818682722288,5058.208666,1.0,12.0,47.76435523737234,2.388217761868617,0.0,3118.8166441832764,0.0,1.0,0.0,1.0,1.0,1.0,1.0,0.0,0.0,0.0,0.0,0.0,3118.8166441832764,595.4455881867706,0.0,0.0,0.0,1971.5008533011276,595.5185737558603,595.5185737558603,0.0,1.0,1147.3157908821488,0.0,0.0,155.94083220916383,0.0,0.0,0.0,0.0,0.0,0.0,3118.8166441832764,1.0,0.0,3118.8166441832764,0.0,1.0,1676.605658855296,15694.0,15694.0,15694.0,6426.75,6426.75,6426.75,4575.2,4575.2,4575.2,3.0,26695.95,26695.95,26695.95,1754.0818682722288,5058.208666,1.0,0.0,220.0,0.0,5850.1395336792575,1.0,0.0,5850.1395336792575,292.5069766839629,0.5,0.0020286547483174136,0.0,1.0143273741587069,-3306.651784978024,3500.0,-3315.000000000001,37566.666666666664,-22100.000000000004,5635.000000000001,0.15000000000000002,0.0,1942.8840511754458,1404.5657943901065,1942.8840511754458,1404.5657943901065,1.0,1.0,0.0,-935.8867259715919,1.0,11505.276447979017,-6239.244839810612,1725.7914671968529,0.0,1754.0818682722288,0.0,0.0,1754.0818682722288,4575.2,1200.0,6000.0,4750.46902019031,0.44270796263121875,0.5572920373687813,6000.0,1971.5008533011276,1676.605658855296,1.0,,1754.0818682722288,,5058.208666,1.0,,1.0,1.0,3118.8166441832764,,,0.0,0.0,595.5185737558603,198.50619125195342,1754.0818682722288,0.0,4302.983518938806,1754.0818682722288,4301.201923088435,171.92197847578277,1.0,0.0,0.0,-92.98310243087417,198.48186272892352,3.0,0.0,0.0,757.0067429115652,1.0,0.0,1.0,0.0,0.0,0.0,0.0,0.0,0.0,1.0,6.0,0.0,1.0,0.5341614906832296,0.1506887143799398,0.0,0.0,1.0,0.9964910392821097,0.9964910392821097,0.1104231305961072,1754.0818682722288,4301.201923088435,1754.0818682722288,5058.208666,1971.5008533011276,1754.0818682722288,1754.0818682722288,4301.201923088435,1.0,0.0,0.0,0.0,0.0,0.0,1754.0818682722288,5058.208666,20808.12123618116,0.0,1971.5008533011276,0.0,5.0,0.0020286547483174136,0.0,1754.0818682722288,1754.0818682722288,11693.879121814856,0.12409684906039242,-0.01109985842772062,0.11587773298525997,-0.33072815416894014,0.004904143518466242,6.0,1.0,48.0,48.0,56.0,80.0,62.0,18.0,1.0,6.0,0.0,0.0,1312.9676381673528,0.0,6.6261859614637615,1312.3333777630753,1320.2280845330943,0.0,1312.9676381673528,0.0,7.070173585375869,1311.369517461678,1321.6359324584034,0.0,1312.9676381673528,0.0,7.093747232933765,1312.4710029905686,1320.5580205770705,0.0,1312.9676381673528,1.0,35.83077500392483,1342.2665696066645,1319.499481731966,1.0,-0.021392205948040224,-0.017792593383350805,-0.011453934184650407,0.03259764388834694,1.0,1468.742943,1030.946335,596.315996,1030.946335,1.0,0.7314530843334798,0.0,-0.0043948679134445,-0.023720515670343903,-9.556625286677445e-07,0.0,0.0,0.0,0.0,0.0,-0.011448197263763404,-0.01178007005918431,-0.0023546828459913623,0.0,-0.000785028705222146,0.0,0.0,0.0,1.0,90.0,80.0,90.0,90.0,90.0,90.0,90.0,90.0,90.0,90.0,90.0,90.0,80.0,90.0,90.0,90.0,0.0,0.0,0.0,0.0,0.0,1.0,0.0,0.0,781.0,1.0,0.0,1.0,1942.8840511754458,1754.0818682722288,1404.5657943901065,1754.0818682722288,1754.0818682722288,1754.0818682722288,1.0,1.0,0.0,0.0,0.0,1.0,0.0,0.0,0.0,1754.0818682722288,1754.0818682722288,0.0,1754.0818682722288,1754.0818682722288,1754.0818682722288,0.0,168.0,595.5185737558603,596.4969358089287,0.0,3.0,4.9238695000021835,1754.0818682722288,51.0,1.0,2239.309253088435,2818.899412911566,45.0,48.0,,0.65,,1.5555339104144807,2.0,2.0,300.0,300.0,2.0,2.0,2239.309253088435,2061.89267,2396.3159960000003,2061.89267,1.0,1.0,10.0,10.0,48.0,64.0,48.0,64.0,50.0,62.0,80.0,32.0,56.0,56.0,0.0,0.0,0.0,0.0,0.0,1401.7199256022711,1330.946335,837.5893274861637,730.946335,37,6840.0,80.0,90.0,80.0,90.0,90.0,90.0,90.0,90.0,90.0,80.0,90.0,90.0,90.0,90.0,80.0,90.0,90.0,90.0
1762.3854549318332,5168.535662,0.0,0.0,0.0,0.0,0.0,0.0,0.0,0.0,0.0,0.0,0.0,0.0,0.0,0.0,0.0,0.0,0.0,0.0,0.0,0.0,0.0,0.0,0.0,0.0,0.0,0.0,0.0,0.0,0.0,0.0,0.0,0.0,0.0,0.0,0.0,0.0,0.0,0.0,0.0,0.0,0.0,0.0,0.0,0.0,0.0,0.0,0.0,0.0,0.0,0.0,0.0,0.0,0.0,0.0,0.0,0.0,0.0,0.0,0.0,0.0,0.0,0.0,0.0,0.0,0.0,0.0,0.0,0.0,0.0,0.0,0.0,0.0,0.0,0.0,0.0,0.0,0.0,0.0,0.0,0.0,0.0,0.0,0.0,0.0,0.0,0.0,0.0,0.0,0.0,0.0,0.0,0.0,1142.058,1762.3854549318332,-3305.278320987524,6000.0,1200.0,3.0,183.3650823003619,633.8984252200269,450.533342919665,22847.438064755435,0.9872665581453223,0.0,6200.5998689299595,6432.429480781951,1687.8420521540556,4057.113051666667,7.0,-3305.278320987524,4057.1130516666667,2095.3748775841555,1687.8420521540556,1687.8420521540556,4057.113051666667,1.0,0.0,0.0,49.0,5.0,0.0,1.0,49.0,,0.0,5.0,0.0,,1.0,,,,0.0,1007.9549252988936,0.0,1.0,0.0,,1.0,0.0,1.0,5.0,4.0,0.0,0.0,,7.0,1713.3911735130082,49.0,0.0,214.96787525867376,25.0,1713.3911735130082,,,,,0.0,0.0,,,,,,,,,,,,,0.0,1687.8420521540556,4057.113051666667,25.0,-2454.6185308640834,4057.1130516666667,2095.3748775841555,1687.8420521540556,1687.8420521540556,4057.113051666667,1.0,0.0,0.0,,,,12.0,1817.5131805105154,90.87565902552578,0.0,3103.329802883049,0.0,1.0,0.0,1.0,1.0,1.0,1.0,0.0,0.0,0.0,0.0,0.0,3103.329802883049,633.8984252200269,0.0,0.0,0.0,2095.3748775841555,636.2979518594935,636.2979518594935,0.0,1.0,1007.9549252988936,0.0,1.0,155.16649014415248,1.0,0.0,1.0,0.0,0.0,1.0,3103.329802883049,1.0,0.0,3103.329802883049,0.0,1.0,2701.7173827018023,15694.0,15694.0,15694.0,6426.75,6426.75,6426.75,4575.2,4575.2,4575.2,3.0,26695.95,26695.95,26695.95,1762.3854549318332,5168.535662,0.0,0.0,220.0,0.0,6214.735223114424,1.0,0.0,6214.735223114424,310.73676115572124,0.5,0.0052423576932530995,0.0,2.6211788466265498,-3305.278320987524,3500.0,-3315.000000000001,37566.666666666664,-22100.000000000004,5635.000000000001,,,,,,,,,,-944.486540225702,1.0,11417.298992805692,-6296.576934838013,1712.594848920854,0.0,,,,,4575.2,1200.0,6000.0,2738.1097483063472,0.43279870468826553,0.5672012953117346,6000.0,3103.329802883049,2701.7173827018023,1.0,0.0,1762.3854549318332,0.0,5168.535662,1.0,1.0,1.0,1.0,3103.329802883049,1762.3854549318332,5168.535662,1.0,0.0,633.8984252200269,211.29947507334228,1762.3854549318332,0.0,4264.3161922258405,1762.3854549318332,5168.535662,184.47236973480767,1.0,0.0,0.0,-97.7654840162478,211.29947507334228,3.0,,,,,,,,,,,,,,6.0,0.0,1.0,0.5341614906832296,0.15466831176423712,0.0,0.0,1.0,0.9958989142321079,0.9958989142321079,0.24530271576991738,1762.3854549318332,5168.535662,-3305.278320987524,4057.1130516666667,3103.329802883049,1687.8420521540556,1687.8420521540556,4057.113051666667,0.0,1.0,0.0,1.0,0.0,0.0,,,22847.438064755435,0.0,3103.329802883049,0.0,5.0,0.0052423576932530995,0.0,1762.3854549318332,1762.3854549318332,11749.23636621222,-0.028568185564051756,-0.16247067880557564,0.0742347129601235,-0.14250991630414944,-0.04126173216020372,6.0,1.0,48.0,48.0,50.0,80.0,56.0,19.0,1.0,6.0,0.0,0.0,1364.7650036718906,0.0,7.799087502371549,1365.8895411252524,1371.4395537209004,1.0,1364.7650036718906,0.0,6.854877553247206,1362.3766491037434,1374.0082357932852,0.0,1364.7650036718906,1.0,37.92579185189243,1396.7306440181605,1370.7251551775128,1.0,1364.7650036718906,0.0,3.5983803676326716,1359.9534891785238,1373.1748985328902,0.0,-0.0136869631293884,-0.02219818663717799,0.038927300524558915,-0.020562070811701853,1.0,1401.7199256022711,1330.946335,837.5893274861637,730.946335,,,0.0,-0.03050249555347264,0.011512364068897796,-0.0005905278840486972,-1.2085959303931304e-05,0.0,0.0,0.0,0.0,-0.007480169140304582,-0.007491265124096458,-0.002018358965835887,-0.0001737357430101838,-0.0019086678833559745,-8.262525295776867e-06,0.0,0.0,1.0,90.0,80.0,90.0,90.0,90.0,90.0,90.0,90.0,90.0,90.0,90.0,90.0,80.0,90.0,90.0,90.0,0.0,0.0,0.0,0.0,0.0,1.0,0.0,,747.0,1.0,0.0,0.0,0.0,,0.0,,0.0,,-1.0,0.0,0.0,0.0,0.0,1.0,0.0,0.0,0.0,0.0,,0.0,,1762.3854549318332,0.0,1762.3854549318332,152.0,633.8984252200269,636.1348783293654,0.0,2.0,4.660756700002821,1762.3854549318332,51.0,1.0,,,45.0,48.0,,,,,2.0,2.0,300.0,300.0,2.0,2.0,,,,,1.0,1.0,10.0,10.0,48.0,64.0,52.0,60.0,44.0,68.0,80.0,32.0,56.0,56.0,0.0,0.0,0.0,0.0,0.0,1500.0,1500.0,1137.589327,1030.946335,38,7020.0,80.0,90.0,80.0,90.0,90.0,90.0,90.0,90.0,90.0,80.0,90.0,90.0,90.0,90.0,80.0,90.0,90.0,90.0
1745.324642277642,3987.5804876667075,0.0,0.0,0.0,0.0,0.0,0.0,0.0,0.0,0.0,0.0,0.0,0.0,0.0,0.0,0.0,0.0,0.0,0.0,0.0,0.0,0.0,0.0,0.0,0.0,0.0,0.0,0.0,0.0,0.0,0.0,0.0,0.0,0.0,0.0,0.0,0.0,0.0,0.0,0.0,0.0,0.0,0.0,0.0,0.0,0.0,0.0,0.0,0.0,0.0,0.0,0.0,0.0,0.0,0.0,0.0,0.0,0.0,0.0,0.0,0.0,0.0,0.0,0.0,0.0,0.0,0.0,0.0,0.0,0.0,0.0,0.0,0.0,0.0,0.0,0.0,0.0,0.0,0.0,0.0,0.0,0.0,0.0,0.0,0.0,0.0,0.0,0.0,0.0,0.0,0.0,0.0,0.0,1142.058,1745.324642277642,-3285.546779245834,6000.0,1200.0,3.0,177.32738519985787,672.2897839553409,494.962398755483,21585.73529330064,0.9887678844478489,0.0,6535.620132819893,6752.576019244989,1745.324642277642,3987.5804876667075,0.0,1745.324642277642,5768.535662,2121.7728952180155,1745.324642277642,1745.324642277642,3987.5804876667075,1.0,0.0,0.0,49.0,5.0,0.0,1.0,49.0,0.0,0.0,5.0,0.0,1.0,1.0,2137.5744522373557,1745.324642277642,5768.535662,15.80155701934018,1680.8081284480008,0.0,1.0,0.0,1.0,1.0,0.0,1.0,5.0,4.0,0.0,0.0,1745.324642277642,5.0,1781.3082001515247,49.0,0.0,314.78668701424044,23.0,1781.3082001515247,1745.324642277642,5768.535662,1745.324642277642,3987.5804876667075,0.0,0.0,,,,,,,,,,,,,0.0,1682.324642277642,3968.5356620000002,5.0,-3285.546779245834,3600.0,2137.5744522373557,1682.324642277642,1682.324642277642,3968.5356620000002,1.0,0.0,0.0,1745.324642277642,5768.535662,1.0,18.0,92.36178337403828,4.618089168701914,0.0,3802.5810236660163,0.0,1.0,0.0,1.0,1.0,1.0,1.0,0.0,0.0,0.0,0.0,0.0,3802.5810236660163,686.0014768321078,0.0,0.0,0.0,2121.7728952180155,672.2897839553409,672.2897839553409,0.0,1.0,1680.8081284480008,0.0,0.0,190.12905118330082,0.0,0.0,0.0,0.0,0.0,0.0,3802.5810236660163,1.0,0.0,3802.5810236660163,0.0,1.0,1743.516431187517,15694.0,15694.0,15694.0,6426.75,6426.75,6426.75,4575.2,4575.2,4575.2,3.0,26695.95,26695.95,26695.95,1745.324642277642,5768.535662,1.0,0.0,220.0,0.0,7472.767497235939,1.0,0.0,7472.767497235939,373.638374861797,0.5,0.0016080863772096519,0.0,0.8040431886048259,-3285.546779245834,3500.0,-3315.000000000001,37566.666666666664,-22100.000000000004,5635.000000000001,0.15000000000000002,0.0,1896.3950326960767,1377.6683922776417,1896.3950326960767,1377.6683922776417,1.0,1.0,0.0,-920.9813332534158,1.0,11447.750984698343,-6139.875555022771,1717.1626477047516,0.0,1745.324642277642,0.0,0.0,1745.324642277642,4575.2,1200.0,6000.0,1751.8262127663459,0.4799396975582565,0.5200603024417436,6000.0,2121.7728952180155,1743.516431187517,1.0,,1745.324642277642,,5768.535662,1.0,,1.0,1.0,3802.5810236660163,,,0.0,0.0,672.2897839553409,224.0965946517803,1745.324642277642,0.0,4311.8457160963035,1745.324642277642,3987.5804876667075,197.27232267042595,1.0,0.0,0.0,-103.31106726127382,228.66715894403592,3.0,0.0,0.0,1780.9551743332927,1.0,0.0,1.0,0.0,0.0,0.0,0.0,0.0,0.0,1.0,6.0,0.0,1.0,0.5341614906832296,0.2626345527058922,0.0,0.0,1.0,0.9876971632831112,0.9876971632831112,0.3954725190637318,1745.324642277642,3987.5804876667075,1745.324642277642,5768.535662,2121.7728952180155,1745.324642277642,1745.324642277642,3987.5804876667075,1.0,0.0,0.0,0.0,0.0,0.0,1745.324642277642,5768.535662,21585.73529330064,0.0,2121.7728952180155,0.0,5.0,0.0016080863772096519,0.0,1745.324642277642,1745.324642277642,11635.497615184278,0.056035900779958826,-0.06235519583114035,-0.12125498161472947,-0.18683014924982663,0.2619572080496463,6.0,1.0,48.0,52.0,44.0,80.0,56.0,20.0,1.0,6.0,0.0,0.0,1498.7063532937768,0.0,17.39407206196711,1498.7063532937768,1481.3122812318097,0.0,1498.7063532937768,0.0,24.667198839490993,1498.7063532937768,1474.039154454286,0.0,1498.7063532937768,0.0,18.47259490534634,1511.1915655950943,1467.748546087113,0.0,1498.7063532937768,0.0,15.034298923476854,1537.8705214629142,1474.5764840481165,0.0,0.02839280859936556,0.0735401795467513,0.030328819962260098,0.08272638287284158,1.0,1500.0,1500.0,1137.589327,1030.946335,0.7359772700172001,0.65,0.0,0.004060623350545002,0.028920511875864474,0.0,-0.0005695820217169967,0.010142163183947162,0.0006849988920293981,0.0,0.0,-0.1278501162476843,-0.1513854582232341,0.00034543725814160096,0.013523424305775932,-0.0069594868242951686,0.0,0.02546540233245338,0.0,1.0,90.0,80.0,90.0,90.0,90.0,90.0,90.0,90.0,90.0,90.0,90.0,90.0,80.0,90.0,90.0,90.0,0.0,0.0,0.0,0.0,0.0,1.0,0.0,0.0,648.0,1.0,0.0,1.0,1896.3950326960767,1745.324642277642,1377.6683922776417,1745.324642277642,1745.324642277642,1745.324642277642,1.0,1.0,0.0,0.0,0.0,1.0,0.0,0.0,0.0,1745.324642277642,1745.324642277642,0.0,1745.324642277642,1745.324642277642,1745.324642277642,0.0,120.0,672.2897839553409,673.5116515164157,0.0,3.0,4.2246621000012965,1745.324642277642,51.0,1.0,2768.549260974297,2999.986401025704,42.0,42.0,0.65,0.65,1.3340735536360355,1.1637375391244666,2.0,2.0,300.0,300.0,2.0,2.0,2037.5893270000001,1949.9911606667074,2037.5893270000001,1930.946335,1.0,1.0,10.0,10.0,48.0,64.0,52.0,60.0,44.0,68.0,80.0,32.0,50.0,62.0,0.0,0.0,0.0,0.0,0.0,1200.0,1211.835539075222,837.589327,738.1556215914856,39,7200.0,80.0,90.0,80.0,90.0,90.0,90.0,90.0,90.0,90.0,80.0,100.0,100.0,90.0,90.0,80.0,90.0,90.0,90.0
1697.5481123718728,4044.11604172016,0.0,0.0,0.0,0.0,0.0,0.0,0.0,0.0,0.0,0.0,0.0,0.0,0.0,0.0,0.0,0.0,0.0,0.0,0.0,0.0,0.0,0.0,0.0,0.0,0.0,0.0,0.0,0.0,0.0,0.0,0.0,0.0,0.0,0.0,0.0,0.0,0.0,0.0,0.0,0.0,0.0,0.0,0.0,0.0,0.0,0.0,0.0,0.0,0.0,0.0,0.0,0.0,0.0,0.0,0.0,0.0,0.0,0.0,0.0,0.0,0.0,0.0,0.0,0.0,0.0,0.0,0.0,0.0,0.0,0.0,0.0,0.0,0.0,0.0,0.0,0.0,0.0,0.0,0.0,0.0,0.0,0.0,0.0,0.0,0.0,0.0,0.0,0.0,0.0,0.0,0.0,0.0,1142.058,3500.0,-3307.0212369983,6000.0,1200.0,3.0,173.87267982009416,708.0943166972129,534.2216368771187,21424.883897218017,0.9897525552918489,0.0,6912.037167516366,7100.521848797405,1697.5481123718728,4044.11604172016,5.0,1697.5481123718728,5175.744949,2174.576917191745,1697.5481123718728,1697.5481123718728,4044.11604172016,1.0,0.0,0.0,50.0,6.0,1.0,0.0,75.0,0.0,0.0,11.0,1.0,1.0,1.0,2180.1275267637334,1697.5481123718728,5175.744949,0.0,680.7296868078183,0.0,1.0,0.0,1.0,1.0,1.0,0.0,6.0,4.0,0.0,0.0,1697.5481123718728,34.0,1801.5445165041372,50.0,0.0,262.0087641190769,47.0,1801.5445165041372,1697.5481123718728,5175.744949,1697.5481123718728,4044.11604172016,25.0,5.0,1.0,0.0,1.0,5.0,4.0,0.0,1809.839468143929,25.0,0.0,253.71381247928502,9.0,1809.839468143929,1.0,1697.5481123718728,4044.11604172016,51.0,1697.5481123718728,5175.744949,2174.576917191745,1697.5481123718728,1697.5481123718728,4044.11604172016,0.0,0.0,1.0,1697.5481123718728,5175.744949,1.0,18.0,93.05527127385616,4.652763563692808,0.0,2855.3066039995633,0.0,1.0,0.0,1.0,1.0,1.0,1.0,0.0,0.0,0.0,0.0,0.0,2855.3066039995633,714.700050550868,0.0,0.0,0.0,2174.576917191745,708.0943166972129,708.0943166972129,0.0,1.0,680.7296868078183,0.0,0.0,142.76533019997817,0.0,0.0,0.0,0.0,0.0,0.0,2855.3066039995633,1.0,0.0,2855.3066039995633,0.0,1.0,1762.917711459663,15694.0,14537.599999999999,15694.0,6426.75,5953.2,6426.75,4575.2,4238.08,4575.2,3.0,26695.95,24728.879999999997,26695.95,1697.5481123718728,5175.744949,1.0,0.0,220.0,0.0,8140.128843367793,1.0,0.0,8140.128843367793,407.00644216838964,0.5,0.001277913542092989,0.0,0.6389567710464945,-3307.0212369983,3500.0,-3315.000000000001,37566.666666666664,-22100.000000000004,5635.000000000001,0.15000000000000002,0.0,1867.5173381469565,1341.108181816317,1867.5173381469565,1341.108181816317,1.0,1.0,0.0,-948.1901338609498,1.0,11089.089965724103,-6321.267559072998,1663.3634948586157,0.0,1697.5481123718728,0.0,0.0,1697.5481123718728,4575.2,1200.0,6000.0,3496.5527375664224,0.44763839930568833,0.5523616006943116,6000.0,2174.576917191745,1762.917711459663,1.0,,1697.5481123718728,,5175.744949,1.0,,1.0,1.0,2855.3066039995633,,,0.0,0.0,708.0943166972129,236.03143889907096,1697.5481123718728,0.0,4221.43785709599,1697.5481123718728,4044.11604172016,210.01689679993763,1.0,0.0,0.0,-110.53175721576076,238.23335018362266,3.0,0.0,0.0,1131.62890727984,1.0,0.0,1.0,0.0,0.0,0.0,0.0,0.0,0.0,1.0,6.0,0.0,1.0,0.5341614906832296,0.2071631841704349,0.0,0.0,1.0,0.9966288956642232,0.9966288956642232,0.5077457406949516,1697.5481123718728,4044.11604172016,1697.5481123718728,5175.744949,2174.576917191745,1697.5481123718728,1697.5481123718728,4044.11604172016,1.0,0.0,0.0,0.0,0.0,0.0,1697.5481123718728,5175.744949,21424.883897218017,0.0,2174.576917191745,0.0,5.0,0.001277913542092989,0.0,1697.5481123718728,1697.5481123718728,11316.987415812484,-0.041336895110580585,-0.1234059299197711,-0.17890901166043466,-0.17204824668876265,-0.017274768433696394,6.0,1.0,48.0,52.0,44.0,80.0,50.0,21.0,1.0,6.0,1.0,0.0,1415.7359770022472,1.0,55.383155876179444,1463.7914845909224,1423.0636252897511,1.0,1415.7359770022472,0.0,3.0320441317689983,1408.2409599807443,1426.2630381555193,0.0,1415.7359770022472,1.0,64.72496451856614,1474.7814346683936,1421.415483854667,1.0,1415.7359770022472,0.0,2.0666034555470105,1407.7887723023655,1425.749785157676,0.0,0.05294468880308045,-0.027750363206368846,0.06370148193707001,-0.027746331991237216,1.0,1200.0,1211.835539075222,837.589327,738.1556215914856,0.65,0.887813817774414,0.0,-0.004799623608178649,0.006056471927053053,-0.006428653334694445,-0.0062375631210557,-0.03902085146729064,-0.013130594399530085,-0.0032134212132568507,-0.00242650369364128,0.09514576069900614,0.0940776525832689,-0.011537822806511144,-0.008052587439067338,-0.019306015311360624,-0.006683549232866426,-0.006143142510006782,-0.004942864690553961,1.0,90.0,80.0,90.0,90.0,90.0,90.0,90.0,90.0,100.0,100.0,90.0,90.0,80.0,90.0,90.0,90.0,0.0,0.0,0.0,0.0,0.0,1.0,0.0,0.0,643.0,1.0,0.0,1.0,1867.5173381469565,1697.5481123718728,1341.108181816317,1697.5481123718728,1697.5481123718728,1697.5481123718728,1.0,1.0,0.0,0.0,0.0,1.0,0.0,0.0,0.0,1697.5481123718728,1697.5481123718728,0.0,1697.5481123718728,1697.5481123718728,1697.5481123718728,0.0,88.0,708.0943166972129,709.9262968158911,0.0,2.0,4.274096300003293,1697.5481123718728,51.0,1.0,2316.8621841848612,2858.882764815138,48.0,46.0,0.65,0.65,1.238015272684125,1.0255403393830236,2.0,2.0,300.0,300.0,2.0,2.0,1505.9604197201597,2538.155622,1437.5893270000001,2538.155622,1.0,1.0,10.0,10.0,48.0,64.0,52.0,60.0,50.0,62.0,80.0,32.0,44.0,68.0,0.0,0.0,0.0,0.0,0.0,942.8035895178456,1500.0,563.1568302023143,1038.155622,40,7380.0,80.0,90.0,80.0,90.0,90.0,90.0,90.0,90.0,90.0,80.0,100.0,100.0,90.0,90.0,80.0,90.0,90.0,90.0
1581.3357569258512,4140.446485268623,0.0,0.0,0.0,0.0,0.0,0.0,0.0,0.0,0.0,0.0,0.0,0.0,0.0,0.0,0.0,0.0,0.0,0.0,0.0,0.0,0.0,0.0,0.0,0.0,0.0,0.0,0.0,0.0,0.0,0.0,0.0,0.0,0.0,0.0,0.0,0.0,0.0,0.0,0.0,0.0,0.0,0.0,0.0,0.0,0.0,0.0,0.0,0.0,0.0,0.0,0.0,0.0,0.0,0.0,0.0,0.0,0.0,0.0,0.0,0.0,0.0,0.0,0.0,0.0,0.0,0.0,0.0,0.0,0.0,0.0,0.0,0.0,0.0,0.0,0.0,0.0,0.0,0.0,0.0,0.0,0.0,0.0,0.0,0.0,0.0,0.0,0.0,0.0,0.0,0.0,0.0,0.0,1142.058,1581.3357569258512,-3304.708951559025,6000.0,1200.0,3.0,167.8704517535396,727.7102611704624,559.8398094169229,20818.484305313723,0.9906631073650977,0.0,7151.6162963750085,7310.683576297277,1581.3357569258512,4140.446485268623,0.0,1581.3357569258512,4944.116042,2182.344020269523,1581.3357569258512,1581.3357569258512,4140.446485268623,1.0,0.0,0.0,49.0,5.0,0.0,1.0,49.0,0.0,0.0,5.0,0.0,1.0,1.0,2193.1803333021708,1581.3357569258512,4944.116042,10.836313032647922,593.3871022983872,0.0,1.0,0.0,1.0,1.0,0.0,1.0,5.0,4.0,0.0,0.0,1581.3357569258512,8.0,1807.8163160586262,49.0,0.0,205.39191748160079,26.0,1807.8163160586262,1581.3357569258512,4944.116042,1581.3357569258512,4140.446485268623,0.0,0.0,,,,,,,,,,,,,0.0,1545.4798541480734,4044.116042,8.0,-3304.708951559025,4296.077361333333,2193.1803333021708,1545.4798541480734,1545.4798541480734,4044.116042,1.0,0.0,0.0,1581.3357569258512,4944.116042,1.0,20.0,0.11661428970780463,0.005830714485390232,0.0,2775.73112256791,0.0,1.0,0.0,1.0,1.0,1.0,1.0,0.0,0.0,0.0,0.0,0.0,2775.73112256791,731.5692920119858,0.0,0.0,0.0,2182.344020269523,727.7102611704624,727.7102611704624,0.0,1.0,593.3871022983872,0.0,0.0,138.78655612839552,0.0,0.0,0.0,0.0,0.0,0.0,2775.73112256791,1.0,0.0,2775.73112256791,0.0,1.0,1763.245803924177,15694.0,9911.999999999998,15694.0,6426.75,4058.9999999999995,6426.75,4575.2,2889.5999999999995,4575.2,3.0,26695.95,16860.6,26695.95,1581.3357569258512,4944.116042,1.0,0.0,220.0,0.0,8381.847712617211,1.0,0.0,8381.847712617211,419.0923856308606,0.5,0.0016080863772096519,0.0,0.8040431886048259,-3304.708951559025,3500.0,-3315.000000000001,37566.666666666664,-22100.000000000004,5635.000000000001,0.15000000000000002,0.0,1742.7152794946478,1286.9555485925175,1742.7152794946478,1286.9555485925175,1.0,1.0,0.0,-924.400621557612,1.0,9954.879436750745,-6162.670810384079,1493.231915512612,0.0,1581.3357569258512,0.0,0.0,1581.3357569258512,4575.2,1200.0,6000.0,3245.310568958304,0.588503577184319,0.41149642281568105,6000.0,2182.344020269523,1763.245803924177,1.0,,1581.3357569258512,,4944.116042,1.0,,1.0,1.0,2775.73112256791,,,0.0,0.0,727.7102611704624,242.57008705682082,1581.3357569258512,0.0,4237.74716027334,1581.3357569258512,4140.446485268623,222.99935431320262,1.0,0.0,0.0,-115.7314088375349,243.85643067066192,3.0,0.0,0.0,803.6695567313764,1.0,0.0,1.0,0.0,0.0,0.0,0.0,0.0,0.0,1.0,6.0,0.0,1.0,0.5341614906832296,0.1499852907706758,0.0,0.0,1.0,0.9956952015742256,0.9956952015742256,0.6211530488251779,1581.3357569258512,4140.446485268623,1581.3357569258512,4944.116042,2182.344020269523,1581.3357569258512,1581.3357569258512,4140.446485268623,1.0,0.0,0.0,0.0,0.0,0.0,1581.3357569258512,4944.116042,20818.484305313723,0.0,2182.344020269523,0.0,5.0,0.0016080863772096519,0.0,1581.3357569258512,1581.3357569258512,10542.238379505674,0.07172312850143392,-0.05739310147379524,-0.040944103934715294,-0.25427523170577854,-0.02533764895533608,6.0,1.0,48.0,52.0,50.0,80.0,44.0,22.0,1.0,6.0,0.0,0.0,1416.248027083988,0.0,0.8605771102652398,1406.0569705008568,1427.2996607773846,0.0,1416.248027083988,0.0,4.146978739570386,1416.248027083988,1420.3950058235587,0.0,1416.248027083988,0.0,0.5599692657974629,1405.6318415214564,1427.4241819123174,0.0,1416.248027083988,1.0,65.46330627100133,1477.0961810153233,1420.8631794236544,1.0,-0.030944561534464732,-0.022975341022697035,-0.031225664776952326,0.06548621675981091,1.0,942.8035895178456,1500.0,563.1568302023143,1038.155622,0.7237897728720117,0.9999999999999999,0.0,-0.0083138639852109,-0.009410532786722568,-0.014504731467675213,-0.012623809299316235,-0.012964344419776808,-0.012534443117920091,-0.011421046935981848,-0.009044410079434328,0.0989012226364821,0.09886206966987175,0.011445980755672736,-0.006113283362549282,-0.006402823899507127,-0.001683660241021556,-0.0016548621950732922,-0.0012991819568924257,1.0,90.0,80.0,90.0,90.0,90.0,90.0,90.0,90.0,100.0,100.0,90.0,90.0,80.0,90.0,90.0,90.0,1.0,0.0,0.0,0.0,0.0,1.0,0.0,0.0,730.0,1.0,0.0,1.0,1742.7152794946478,1581.3357569258512,1286.9555485925175,1581.3357569258512,1581.3357569258512,1581.3357569258512,1.0,1.0,0.0,0.0,0.0,1.0,0.0,0.0,0.0,1581.3357569258512,1581.3357569258512,0.0,1581.3357569258512,1581.3357569258512,1581.3357569258512,0.0,160.0,727.7102611704624,727.9821210851903,0.0,3.0,4.600508300005458,1581.3357569258512,51.0,1.0,2909.6299767313767,2034.4860652686234,48.0,40.0,0.65,,1.2380921849092386,,2.0,2.0,300.0,300.0,2.0,2.0,2105.96042,2034.4860652686232,2105.96042,2238.155622,1.0,1.0,10.0,10.0,48.0,64.0,52.0,60.0,50.0,62.0,80.0,32.0,44.0,68.0,0.0,0.0,0.0,0.0,0.0,1242.80359,1296.3304432686232,863.15683,738.155622,41,7560.0,80.0,90.0,80.0,90.0,90.0,90.0,90.0,90.0,90.0,80.0,100.0,100.0,90.0,90.0,80.0,90.0,90.0,90.0
1334.1013241692506,5201.312452,0.0,0.0,0.0,0.0,0.0,0.0,0.0,0.0,0.0,0.0,0.0,0.0,0.0,0.0,0.0,0.0,0.0,0.0,0.0,0.0,0.0,0.0,0.0,0.0,0.0,0.0,0.0,0.0,0.0,0.0,0.0,0.0,0.0,0.0,0.0,0.0,0.0,0.0,0.0,0.0,0.0,0.0,0.0,0.0,0.0,0.0,0.0,0.0,0.0,0.0,0.0,0.0,0.0,0.0,0.0,0.0,0.0,0.0,0.0,0.0,0.0,0.0,0.0,0.0,0.0,0.0,0.0,0.0,0.0,0.0,0.0,0.0,0.0,0.0,0.0,0.0,0.0,0.0,0.0,0.0,0.0,0.0,0.0,0.0,0.0,0.0,0.0,0.0,0.0,0.0,0.0,0.0,1142.058,1334.1013241692506,-3306.2915235494174,6000.0,1200.0,3.0,161.224602917613,719.4920246896356,558.2674217720227,19230.426963281283,0.99158270374,0.0,7372.141079295457,7507.201335693512,1334.1013241692506,5201.312452,1000000.0,1334.1013241692506,5201.312452,2105.71073026163,1334.1013241692506,1334.1013241692506,5201.312452,0.0,1.0,0.0,49.0,5.0,0.0,1.0,49.0,,0.0,5.0,0.0,,1.0,,,,4.8227257390508385,5.5985568487872115,0.0,1.0,0.0,,1.0,0.0,1.0,5.0,4.0,0.0,0.0,,17.0,1719.9498746901543,49.0,0.0,282.8330476031274,35.0,1719.9498746901543,,,,,0.0,0.0,,,,,,,,,,,,,0.0,1334.1013241692506,5133.366486564771,0.0,1334.1013241692506,5201.312452,2110.533456000681,1334.1013241692506,1334.1013241692506,5133.366486564771,1.0,0.0,0.0,,,,20.0,16.791459582678115,0.8395729791339058,0.0,2105.71073026163,0.0,1.0,0.0,1.0,1.0,1.0,1.0,0.0,0.0,0.0,0.0,0.0,2105.71073026163,719.4920246896356,0.0,1.0,0.0,2110.533456000681,719.6664977838421,719.6664977838421,0.0,1.0,0.0,1.0,1.0,105.28553651308151,1.0,0.0,1.0,0.0,0.0,0.0,2105.71073026163,1.0,0.0,2105.71073026163,0.0,1.0,1709.9075618376796,13381.199999999997,5286.4,13381.199999999997,5479.65,2164.7999999999997,5479.65,3900.9599999999996,1541.12,3900.9599999999996,3.0,22761.809999999998,8992.32,22761.809999999998,1334.1013241692506,5201.312452,0.0,0.0,220.0,0.0,7899.271908896329,1.0,0.0,7899.271908896329,394.96359544481646,0.5,0.006070700541938105,0.0,3.0353502709690523,-3306.2915235494174,3500.0,-3315.000000000001,37566.666666666664,-22100.000000000004,5635.000000000001,,,,,,,,,,-939.5191711650172,1.0,8369.88228794118,-6263.461141100113,1255.4823431911773,0.0,,,,,3900.9599999999996,1200.0,6000.0,4044.5372445356847,0.4989530793457457,0.5010469206542544,6000.0,2105.71073026163,1709.9075618376796,1.0,0.0,1334.1013241692506,0.0,5201.312452,1.0,1.0,1.0,1.0,2105.71073026163,1334.1013241692506,5201.312452,1.0,1.0,719.4920246896356,239.83067489654522,1334.1013241692506,0.0,3865.141664271147,1334.1013241692506,5201.312452,236.0876115509136,1.0,0.0,0.0,-112.72877111409866,239.83067489654522,3.0,,,,,,,,,,,,,,6.0,0.0,1.0,0.3080745341614904,0.13531883329600003,0.0,0.0,1.0,0.9963340152676146,0.9963340152676146,0.7176380690746486,1334.1013241692506,5201.312452,1334.1013241692506,5201.312452,2105.71073026163,1334.1013241692506,1334.1013241692506,5201.312452,0.0,1.0,0.0,1.0,0.0,0.0,,,19230.426963281283,0.0,2105.71073026163,0.0,5.0,0.006070700541938105,0.0,1334.1013241692506,1334.1013241692506,8894.008827795002,-0.04439736068741122,-0.06073308894627042,-0.012070649842068331,-0.10160726059717246,0.07074379030090228,6.0,1.0,48.0,52.0,50.0,80.0,44.0,23.0,1.0,6.0,0.0,0.0,1387.2964374973114,0.0,1.963025416311666,1379.2315225934742,1397.3243778174601,0.0,1387.2964374973114,0.0,3.642438913893784,1380.7138005170868,1397.5215133914298,0.0,1387.2964374973114,0.0,0.7392334687606308,1377.1972798376291,1398.1348286257542,0.0,1387.2964374973114,0.0,0.717626905135603,1377.0071088765076,1398.3033930232511,0.0,-0.02959385759439956,-0.02955764448790501,-0.032907393085914366,-0.03215285879885478,1.0,1242.80359,1296.3304432686232,863.15683,738.155622,,,0.0,-0.007108249669461485,-0.005067754125069256,-0.01584214636018757,-0.015857791376458864,-0.01689156322929648,-0.012721557071301959,-0.011731491266266403,-0.009569108495963975,0.09147458000181814,0.08916069269937453,-0.014061601623319573,-0.01633950089519658,-0.0266040629466211,-0.01385945043797392,-0.012748342843906357,-0.010379871594955148,1.0,90.0,80.0,90.0,90.0,90.0,90.0,90.0,90.0,100.0,100.0,90.0,90.0,80.0,90.0,90.0,90.0,0.0,0.0,0.0,0.0,0.0,1.0,0.0,,741.0,1.0,0.0,0.0,0.0,,0.0,,0.0,,-1.0,0.0,0.0,0.0,0.0,1.0,0.0,0.0,0.0,0.0,,0.0,,1334.1013241692506,0.0,1334.1013241692506,152.0,719.4920246896356,721.5047950250315,0.0,3.0,4.653005799998937,1334.1013241692506,51.0,1.0,,,48.0,46.0,,,,,2.0,2.0,300.0,300.0,2.0,2.0,,,,,1.0,1.0,10.0,10.0,48.0,64.0,52.0,60.0,51.0,61.0,80.0,32.0,44.0,68.0,0.0,0.0,0.0,0.0,0.0,1500.0,1500.0,1163.15683,1038.155622,42,7740.0,80.0,90.0,80.0,90.0,90.0,90.0,90.0,90.0,90.0,80.0,100.0,100.0,90.0,90.0,80.0,90.0,90.0,90.0
1166.6005984824856,5801.312452,0.0,0.0,0.0,0.0,0.0,0.0,0.0,0.0,0.0,0.0,0.0,0.0,0.0,0.0,0.0,0.0,0.0,0.0,0.0,0.0,0.0,0.0,0.0,0.0,0.0,0.0,0.0,0.0,0.0,0.0,0.0,0.0,0.0,0.0,0.0,0.0,0.0,0.0,0.0,0.0,0.0,0.0,0.0,0.0,0.0,0.0,0.0,0.0,0.0,0.0,0.0,0.0,0.0,0.0,0.0,0.0,0.0,0.0,0.0,0.0,0.0,0.0,0.0,0.0,0.0,0.0,0.0,0.0,0.0,0.0,0.0,0.0,0.0,0.0,0.0,0.0,0.0,0.0,0.0,0.0,0.0,0.0,0.0,0.0,0.0,0.0,0.0,0.0,0.0,0.0,0.0,0.0,1142.058,1166.6005984824856,-3289.466843410114,6000.0,1200.0,3.0,149.8845845251169,688.3284069200931,538.4438223949762,17410.402043730628,0.9923343411832569,0.0,7403.7867656237495,7571.10863015062,1166.6005984824856,5801.312452,1000000.0,1166.6005984824856,5801.312452,1963.7374735802407,1166.6005984824856,1166.6005984824856,5801.312452,0.0,1.0,0.0,49.0,4.0,0.0,1.0,49.0,,0.0,4.0,0.0,,1.0,,,,16.65337631543389,24.689441003808497,0.0,1.0,0.0,,1.0,0.0,1.0,4.0,4.0,0.0,0.0,,18.0,1646.1405936857593,49.0,0.0,296.03634824932374,36.0,1646.1405936857593,,,,,0.0,0.0,,,,,,,,,,,,,0.0,1147.3505984824856,5649.251952598031,18.0,-3289.466843410114,6000.0,1980.3908498956746,1147.3505984824856,1147.3505984824856,5649.251952598031,1.0,0.0,0.0,,,,18.0,20.59634450025399,1.0298172250126996,0.0,1963.7374735802407,0.0,1.0,0.0,1.0,1.0,1.0,1.0,0.0,0.0,0.0,0.0,0.0,1963.7374735802407,688.3284069200931,0.0,1.0,0.0,1980.3908498956746,688.895495746277,688.895495746277,0.0,1.0,0.0,1.0,1.0,98.18687367901204,1.0,0.0,1.0,0.0,0.0,0.0,1963.7374735802407,1.0,0.0,1963.7374735802407,0.0,1.0,1595.6768422603604,6442.799999999999,4130.0,6442.799999999999,2638.3499999999995,1691.25,2638.3499999999995,1878.2399999999998,1204.0,1878.2399999999998,3.0,10959.389999999998,7025.25,10959.389999999998,1166.6005984824856,5801.312452,0.0,0.0,220.0,0.0,7340.616281897351,1.0,0.0,7340.616281897351,367.03081409486754,0.5,0.031531531531536115,0.0,15.765765765768057,-3289.466843410114,3500.0,-3315.000000000001,37566.666666666664,-22100.000000000004,5635.000000000001,,,,,,,,,,-882.6945190577553,1.0,7282.751304468809,-5884.6301270517015,1092.4126956703217,0.0,,,,,1878.2399999999998,1200.0,6000.0,2547.261680267463,0.4685160550996717,0.5314839449003284,6000.0,1963.7374735802407,1595.6768422603604,1.0,0.0,1166.6005984824856,0.0,5801.312452,1.0,1.0,1.0,1.0,1963.7374735802407,1166.6005984824856,5801.312452,1.0,1.0,688.3284069200931,229.4428023066977,1166.6005984824856,0.0,3444.1990697225347,1166.6005984824856,5801.312452,245.70826219836897,1.0,0.0,0.0,-89.31727326342764,229.4428023066977,3.0,,,,,,,,,,,,,,6.0,0.0,1.0,0.0,0.12061168118339016,0.0,0.0,1.0,0.9895024877467301,0.9895024877467301,0.7683823511177064,1166.6005984824856,5801.312452,1166.6005984824856,5801.312452,1963.7374735802407,1166.6005984824856,1166.6005984824856,5801.312452,0.0,1.0,0.0,1.0,0.0,0.0,,,17410.402043730628,0.0,1963.7374735802407,0.0,5.0,0.031531531531536115,0.0,1166.6005984824856,1166.6005984824856,7777.3373232165695,0.07854033897431897,-0.0036504726855704677,-0.027048252216204105,-0.10307609752282332,0.18058517159965012,6.0,1.0,48.0,52.0,51.0,80.0,44.0,24.0,1.0,6.0,0.0,0.0,1303.7450262381979,0.0,9.711778332257836,1303.7450262381979,1313.4568045704557,0.0,1303.7450262381979,0.0,9.985523863949766,1303.7450262381979,1313.7305501021478,0.0,1303.7450262381979,0.0,0.634429077499135,1292.105505097414,1314.7501183014829,0.0,1303.7450262381979,0.0,1.2878919021600268,1291.0233981220692,1315.1787624521664,0.0,-0.028385186950742797,-0.02780769983260143,-0.03604857076179288,-0.03589750366367473,1.0,1500.0,1500.0,1163.15683,1038.155622,,,0.0,-0.00716522565236204,-0.009808096202180393,-0.01520214223692946,-0.01460279959495452,-0.017437715659014686,-0.009053747563987713,-0.008860949732047629,-0.007374753782039533,0.09457975974366377,0.09248820659425688,-0.013372837859540711,-0.014490855967849114,-0.02925523305563331,-0.011142952545336015,-0.011239497160201496,-0.00940258837073742,1.0,90.0,80.0,90.0,90.0,90.0,90.0,90.0,90.0,100.0,100.0,90.0,90.0,80.0,90.0,90.0,90.0,0.0,0.0,0.0,0.0,0.0,1.0,0.0,,684.0,1.0,0.0,0.0,0.0,,0.0,,0.0,,-1.0,0.0,0.0,0.0,0.0,1.0,0.0,0.0,0.0,0.0,,0.0,,1166.6005984824856,0.0,1166.6005984824856,152.0,688.3284069200931,687.9237829042777,0.0,3.0,4.405481300003885,1166.6005984824856,51.0,1.0,,,42.0,40.0,,,,,2.0,2.0,300.0,300.0,2.0,2.0,,,,,1.0,1.0,10.0,10.0,48.0,64.0,52.0,60.0,51.0,61.0,80.0,32.0,44.0,68.0,0.0,0.0,0.0,0.0,0.0,1500.0,1500.0,1463.15683,1338.155622,43,7920.0,80.0,90.0,80.0,90.0,90.0,90.0,90.0,90.0,90.0,80.0,100.0,100.0,90.0,90.0,80.0,90.0,90.0,90.0
930.5152218714034,6000.0,0.0,0.0,0.0,0.0,0.0,0.0,0.0,0.0,0.0,0.0,0.0,0.0,0.0,0.0,0.0,0.0,0.0,0.0,0.0,0.0,0.0,0.0,0.0,0.0,0.0,0.0,0.0,0.0,0.0,0.0,0.0,0.0,0.0,0.0,0.0,0.0,0.0,0.0,0.0,0.0,0.0,0.0,0.0,0.0,0.0,0.0,0.0,0.0,0.0,0.0,0.0,0.0,0.0,0.0,0.0,0.0,0.0,0.0,0.0,0.0,0.0,0.0,0.0,0.0,0.0,0.0,0.0,0.0,0.0,0.0,0.0,0.0,0.0,0.0,0.0,0.0,0.0,0.0,0.0,0.0,0.0,0.0,0.0,0.0,0.0,0.0,0.0,0.0,0.0,0.0,0.0,0.0,1142.058,930.5152218714034,-3236.9984631078387,6000.0,1200.0,3.0,134.61692412613903,650.8738842568131,516.2569601306741,15737.511932001866,0.9930446422769698,0.0,7421.703736245731,7633.082049296088,930.5152218714034,6000.0,1000000.0,930.5152218714034,6000.0,1831.1951913935948,930.5152218714034,930.5152218714034,6000.0,0.0,1.0,0.0,49.0,4.0,0.0,1.0,49.0,,0.0,4.0,0.0,,1.0,,,,6.833027947806386,15.056703902609343,0.0,1.0,0.0,,1.0,0.0,1.0,4.0,4.0,0.0,0.0,,0.0,1558.836629560632,49.0,0.0,294.72191315580335,16.0,1558.836629560632,,,,,0.0,0.0,,,,,,,,,,,,,0.0,930.5152218714034,5877.183015700443,0.0,930.5152218714034,6000.0,1838.0282193414012,930.5152218714034,930.5152218714034,5877.183015700443,1.0,0.0,0.0,,,,18.0,1.3478070026380067,0.06739035013190034,0.0,1831.1951913935948,0.0,1.0,0.0,1.0,1.0,1.0,1.0,0.0,0.0,0.0,0.0,0.0,1831.1951913935948,650.8738842568131,0.0,1.0,0.0,1838.0282193414012,651.465851821248,651.465851821248,0.0,1.0,0.0,1.0,1.0,91.55975956967974,1.0,0.0,1.0,0.0,0.0,0.0,1831.1951913935948,1.0,0.0,1831.1951913935948,0.0,1.0,1480.972912215993,4130.0,4130.0,4130.0,1691.25,1691.25,1691.25,1204.0,1204.0,1204.0,3.0,7025.25,7025.25,7025.25,930.5152218714034,6000.0,0.0,0.0,220.0,0.0,7003.097776549398,1.0,0.0,7003.097776549398,350.1548888274699,0.5,0.025405231339966007,0.0,12.702615669983004,-3236.9984631078387,3500.0,-3315.000000000001,37566.666666666664,-22100.000000000004,5635.000000000001,,,,,,,,,,-886.6296399233408,1.0,6942.897112043203,-5910.864266155605,1041.4345668064807,0.0,,,,,1204.0,1200.0,6000.0,3756.536504347107,0.4795305026167405,0.5204694973832595,6000.0,1831.1951913935948,1480.972912215993,1.0,0.0,930.5152218714034,0.0,6000.0,1.0,1.0,1.0,1.0,1831.1951913935948,930.5152218714034,6000.0,1.0,1.0,650.8738842568131,216.95796141893769,930.5152218714034,0.0,2821.8242014144603,930.5152218714034,6000.0,242.92047581368112,1.0,0.0,0.0,-59.72654909833159,216.95796141893769,3.0,,,,,,,,,,,,,,6.0,0.0,1.0,0.0,0.0,0.0,0.0,1.0,0.9678790607172045,0.9678790607172045,0.7330493713573416,930.5152218714034,6000.0,930.5152218714034,6000.0,1831.1951913935948,930.5152218714034,930.5152218714034,6000.0,0.0,1.0,0.0,1.0,0.0,0.0,,,15737.511932001866,0.0,1831.1951913935948,0.0,5.0,0.025405231339966007,0.0,930.5152218714034,930.5152218714034,6203.434812476022,0.03535344731244775,-0.019030586603857813,-0.10028107528151509,-0.015235843515367734,0.6312188978402892,6.0,1.0,48.0,52.0,51.0,80.0,44.0,25.0,1.0,6.0,0.0,0.0,1211.1018617664458,0.0,9.778282469489568,1211.1018617664458,1220.8801442359352,0.0,1211.1018617664458,0.0,9.840066974383262,1211.1018617664458,1220.9419287408293,0.0,1211.1018617664458,0.0,11.785929756783844,1209.8617172416864,1224.1279360479894,0.0,1211.1018617664458,0.0,9.030600253135617,1205.1322481134991,1226.1020756725281,0.0,-0.02718883088287233,-0.026413990867421643,-0.03737239361029509,-0.03918319026932805,1.0,1500.0,1500.0,1463.15683,1338.155622,,,0.0,-0.00781921625672908,-0.012053854890655915,-0.017667640992587507,-0.01641544091539302,-0.01815630721196939,-0.002664799981454991,-0.0031162333135128506,-0.002832511920276204,0.09385971456002692,0.09177218720111995,-0.015028158746326169,-0.014945107767201192,-0.03464316177220325,-0.0058043725854304284,-0.006886486090429855,-0.006103809704399765,1.0,90.0,80.0,90.0,90.0,90.0,90.0,90.0,90.0,100.0,100.0,90.0,90.0,80.0,90.0,90.0,90.0,0.0,1.0,0.0,0.0,0.0,1.0,0.0,,680.0,1.0,0.0,0.0,0.0,,0.0,,0.0,,-1.0,0.0,0.0,0.0,0.0,1.0,0.0,0.0,0.0,0.0,,0.0,,930.5152218714034,0.0,930.5152218714034,160.0,650.8738842568131,652.260047156069,0.0,2.0,4.890987000006135,930.5152218714034,51.0,1.0,,,39.0,40.0,,,,,2.0,2.0,300.0,300.0,2.0,2.0,,,,,1.0,1.0,10.0,10.0,48.0,64.0,52.0,60.0,51.0,61.0,80.0,32.0,38.0,74.0,0.0,0.0,0.0,0.0,0.0,1500.0,1500.0,1500.0,1500.0,44,8100.0,80.0,90.0,80.0,90.0,90.0,90.0,90.0,90.0,90.0,80.0,100.0,100.0,90.0,90.0,80.0,90.0,90.0,90.0
869.1177756249184,6000.0,0.0,0.0,0.0,0.0,0.0,0.0,0.0,0.0,0.0,0.0,0.0,0.0,0.0,0.0,0.0,0.0,0.0,0.0,0.0,0.0,0.0,0.0,0.0,0.0,0.0,0.0,0.0,0.0,0.0,0.0,0.0,0.0,0.0,0.0,0.0,0.0,0.0,0.0,0.0,0.0,0.0,0.0,0.0,0.0,0.0,0.0,0.0,0.0,0.0,0.0,0.0,0.0,0.0,0.0,0.0,0.0,0.0,0.0,0.0,0.0,0.0,0.0,0.0,0.0,0.0,0.0,0.0,0.0,0.0,0.0,0.0,0.0,0.0,0.0,0.0,0.0,0.0,0.0,0.0,0.0,0.0,0.0,0.0,0.0,0.0,0.0,0.0,0.0,0.0,0.0,0.0,0.0,1142.058,869.1177756249184,-3136.6744789781983,6000.0,1200.0,3.0,121.32406338151094,615.9889679091921,494.6649045276811,14296.23741810661,0.9939875121175908,0.0,7360.783091049188,7626.957321925485,869.1177756249184,6000.0,1000000.0,869.1177756249184,6000.0,1715.2529948009446,869.1177756249184,869.1177756249184,6000.0,0.0,1.0,0.0,49.0,4.0,0.0,1.0,49.0,,0.0,4.0,0.0,,1.0,,,,6.477953272009927,31.33710807957891,0.0,1.0,0.0,,1.0,0.0,1.0,4.0,4.0,0.0,0.0,,0.0,1472.8001267758955,49.0,0.0,306.3554983613096,15.0,1472.8001267758955,,,,,0.0,0.0,,,,,,,,,,,,,0.0,869.1177756249184,5880.720553352681,0.0,869.1177756249184,6000.0,1721.7309480729546,869.1177756249184,869.1177756249184,5880.720553352681,1.0,0.0,0.0,,,,18.0,0.0,0.0,0.0,1715.2529948009446,0.0,1.0,0.0,1.0,1.0,1.0,1.0,0.0,0.0,0.0,0.0,0.0,1715.2529948009446,615.9889679091921,0.0,1.0,0.0,1721.7309480729546,616.74337739822,616.74337739822,0.0,1.0,0.0,1.0,1.0,85.76264974004724,1.0,0.0,1.0,0.0,0.0,0.0,1715.2529948009446,1.0,0.0,1715.2529948009446,0.0,1.0,1386.9734732453906,4130.0,4130.0,4130.0,1691.25,1691.25,1691.25,1204.0,1204.0,1204.0,3.0,7025.25,7025.25,7025.25,869.1177756249184,6000.0,0.0,0.0,220.0,0.0,6565.590431111081,1.0,0.0,6565.590431111081,328.2795215555541,0.5,0.029069877564084058,0.0,14.53493878204203,-3136.6744789781983,3500.0,-3315.000000000001,37566.666666666664,-22100.000000000004,5635.000000000001,,,,,,,,,,-775.4353395321374,1.0,6833.784231340621,-5169.568930214248,1025.0676347010933,0.0,,,,,1204.0,1200.0,6000.0,5700.0,0.4801200922254469,0.5198799077745532,6000.0,1715.2529948009446,1386.9734732453906,1.0,0.0,869.1177756249184,0.0,6000.0,1.0,1.0,1.0,1.0,1715.2529948009446,869.1177756249184,6000.0,1.0,1.0,615.9889679091921,205.32965596973068,869.1177756249184,0.0,2362.3599741329517,869.1177756249184,6000.0,229.250898920238,1.0,0.0,0.0,-36.974945552110626,205.32965596973068,3.0,,,,,,,,,,,,,,6.0,0.0,1.0,0.0,0.0,0.0,0.0,1.0,0.9297810668900434,0.9297810668900434,0.7208148806492707,869.1177756249184,6000.0,869.1177756249184,6000.0,1715.2529948009446,869.1177756249184,869.1177756249184,6000.0,0.0,1.0,0.0,1.0,0.0,0.0,,,14296.23741810661,0.0,1715.2529948009446,0.0,5.0,0.029069877564084058,0.0,869.1177756249184,869.1177756249184,5794.118504166122,0.002757032723838389,0.010367939385558246,-0.1595449946886376,0.2556087535976582,0.6848196209460061,6.0,1.0,48.0,52.0,51.0,80.0,38.0,26.0,1.0,6.0,0.0,0.0,1131.6801658469678,0.0,10.044232744088276,1131.6801658469678,1141.7243985910561,0.0,1131.6801658469678,0.0,8.14477606564742,1131.6801658469678,1139.8249419126153,0.0,1131.6801658469678,0.0,11.562306259163961,1131.6801658469678,1143.2424721061318,0.0,1131.6801658469678,0.0,11.793134711786479,1131.6801658469678,1143.4733005587543,0.0,-0.026952574928583835,-0.020385767855168123,-0.03148738716697532,-0.03193025503361507,1.0,1500.0,1500.0,1500.0,1500.0,,,0.0,-0.007676609479799267,-0.011838616465537301,-0.01679497671618435,-0.01580466634653206,-0.018100310048061986,-0.0019593625841245912,-0.0025705058351007896,-0.002384330186104577,0.09376322069344312,0.09178562178100336,-0.013886456100289735,-0.014872487209453666,-0.03351536534007735,-0.004809446199785583,-0.006002145784342971,-0.005360571422412619,1.0,90.0,80.0,90.0,90.0,90.0,90.0,90.0,90.0,100.0,100.0,90.0,90.0,80.0,90.0,90.0,90.0,1.0,1.0,1.0,1.0,0.0,1.0,0.0,,641.0,1.0,0.0,0.0,0.0,,0.0,,0.0,,-1.0,0.0,0.0,0.0,0.0,1.0,0.0,0.0,0.0,0.0,,0.0,,869.1177756249184,0.0,869.1177756249184,160.0,615.9889679091921,615.8050592731147,0.0,3.0,4.084686599999259,869.1177756249184,51.0,1.0,,,36.0,34.0,,,,,2.0,2.0,300.0,300.0,2.0,2.0,,,,,1.0,1.0,10.0,10.0,48.0,64.0,52.0,60.0,51.0,61.0,74.0,38.0,32.0,80.0,0.0,0.0,0.0,0.0,0.0,1500.0,1500.0,1500.0,1500.0,45,8280.0,80.0,90.0,80.0,90.0,90.0,90.0,90.0,90.0,90.0,80.0,100.0,100.0,90.0,90.0,80.0,90.0,90.0,90.0
813.0095620451766,6000.0,0.0,0.0,0.0,0.0,0.0,0.0,0.0,0.0,0.0,0.0,0.0,0.0,0.0,0.0,0.0,0.0,0.0,0.0,0.0,0.0,0.0,0.0,0.0,0.0,0.0,0.0,0.0,0.0,0.0,0.0,0.0,0.0,0.0,0.0,0.0,0.0,0.0,0.0,0.0,0.0,0.0,0.0,0.0,0.0,0.0,0.0,0.0,0.0,0.0,0.0,0.0,0.0,0.0,0.0,0.0,0.0,0.0,0.0,0.0,0.0,0.0,0.0,0.0,0.0,0.0,0.0,0.0,0.0,0.0,0.0,0.0,0.0,0.0,0.0,0.0,0.0,0.0,0.0,0.0,0.0,0.0,0.0,0.0,0.0,0.0,0.0,0.0,0.0,0.0,0.0,0.0,0.0,1142.058,813.0095620451766,-2948.2707186122416,6000.0,1200.0,3.0,107.65274090798195,581.4653881828259,473.812647274844,12993.25337802617,0.9951555267573127,0.0,7094.484554081662,7381.635845020512,813.0095620451766,6000.0,1000000.0,813.0095620451766,6000.0,1580.1871155681254,813.0095620451766,813.0095620451766,6000.0,0.0,1.0,0.0,49.0,4.0,0.0,1.0,49.0,,0.0,4.0,0.0,,1.0,,,,3.3826008043995444,65.08074531088869,0.0,1.0,0.0,,1.0,0.0,1.0,4.0,4.0,0.0,0.0,,0.0,1374.4530886895527,49.0,0.0,293.1976192253778,15.0,1374.4530886895527,,,,,0.0,0.0,,,,,,,,,,,,,0.0,811.2595620451766,5936.608388645316,0.0,813.0095620451766,6000.0,1583.569716372525,811.2595620451766,811.2595620451766,5936.608388645316,1.0,0.0,0.0,,,,18.0,0.0,0.0,0.0,1580.1871155681254,0.0,1.0,0.0,1.0,1.0,1.0,1.0,0.0,0.0,0.0,0.0,0.0,1580.1871155681254,581.4653881828259,0.0,1.0,0.0,1583.569716372525,581.8882102147969,581.8882102147969,0.0,1.0,0.0,1.0,1.0,79.00935577840627,1.0,0.0,1.0,0.0,0.0,0.0,1580.1871155681254,1.0,0.0,1580.1871155681254,0.0,1.0,1273.0610642218367,4130.0,4130.0,4130.0,1691.25,1691.25,1691.25,1204.0,1204.0,1204.0,3.0,7025.25,7025.25,7025.25,813.0095620451766,6000.0,0.0,0.0,220.0,0.0,6142.521026925774,1.0,0.0,6142.521026925774,307.1260513462887,0.5,0.011759416478431269,0.0,5.879708239215634,-2948.2707186122416,3500.0,-3315.000000000001,37566.666666666664,-22100.000000000004,5635.000000000001,,,,,,,,,,-733.9761257112224,1.0,6881.785637755925,-4893.174171408148,1032.267845663389,0.0,,,,,1204.0,1200.0,6000.0,5700.0,0.48943473144088606,0.5105652685591141,6000.0,1580.1871155681254,1273.0610642218367,1.0,0.0,813.0095620451766,0.0,6000.0,1.0,1.0,1.0,1.0,1580.1871155681254,813.0095620451766,6000.0,1.0,1.0,581.4653881828259,193.82179606094198,813.0095620451766,0.0,1881.0253830030479,813.0095620451766,6000.0,216.0383542615441,1.0,0.0,0.0,-28.693732669439555,193.82179606094198,3.0,,,,,,,,,,,,,,6.0,0.0,1.0,0.0,0.0,0.0,0.0,1.0,0.857913254874942,0.857913254874942,0.7176393349676801,813.0095620451766,6000.0,813.0095620451766,6000.0,1580.1871155681254,813.0095620451766,813.0095620451766,6000.0,0.0,1.0,0.0,1.0,0.0,0.0,,,12993.25337802617,0.0,1580.1871155681254,0.0,5.0,0.011759416478431269,0.0,813.0095620451766,813.0095620451766,5420.063746967843,-0.010480282518026482,-0.007744809523954288,-0.23073630587857014,0.5326660067495439,0.635110823054023,6.0,1.0,48.0,52.0,51.0,74.0,32.0,27.0,1.0,6.0,0.0,0.0,1058.7486226732854,0.0,9.982966255554857,1058.7486226732854,1068.7315889288404,0.0,1058.7486226732854,0.0,6.454200168137504,1058.7486226732854,1065.2028228414229,0.0,1058.7486226732854,0.0,11.177880336009366,1058.7486226732854,1069.9265030092947,0.0,1058.7486226732854,0.0,11.292734048657621,1058.7486226732854,1070.041356721943,0.0,-0.026466519978536097,-0.014603505554271196,-0.02970192669185266,-0.029990690116528898,1.0,1500.0,1500.0,1500.0,1500.0,,,0.0,-0.007404202766501911,-0.011602082042480076,-0.01647250260083446,-0.01570686582863736,-0.018378381692462756,-0.002424947347004292,-0.0030363244871825404,-0.0027587313181577145,0.09407890978885902,0.09222150852147096,-0.01279134036317231,-0.014444547094745984,-0.031225613118102305,-0.0066841181226983785,-0.007629631257191959,-0.006619300558513785,1.0,90.0,80.0,90.0,90.0,90.0,90.0,90.0,90.0,100.0,100.0,90.0,90.0,80.0,90.0,90.0,90.0,1.0,1.0,1.0,1.0,0.0,1.0,0.0,,623.0,1.0,0.0,0.0,0.0,,0.0,,0.0,,-1.0,0.0,0.0,0.0,0.0,1.0,0.0,0.0,0.0,0.0,,0.0,,813.0095620451766,0.0,813.0095620451766,152.0,581.4653881828259,582.3285436885556,0.0,3.0,4.288218300003791,813.0095620451766,51.0,1.0,,,36.0,34.0,,,,,2.0,2.0,300.0,300.0,2.0,2.0,,,,,1.0,1.0,10.0,10.0,48.0,64.0,53.0,59.0,56.0,56.0,68.0,44.0,26.0,86.0,0.0,0.0,0.0,0.0,0.0,1500.0,1500.0,1500.0,1500.0,46,8460.0,80.0,90.0,80.0,90.0,90.0,90.0,90.0,90.0,90.0,80.0,100.0,100.0,90.0,90.0,80.0,90.0,90.0,90.0
776.6537791701328,6000.0,0.0,0.0,0.0,0.0,0.0,0.0,0.0,0.0,0.0,0.0,0.0,0.0,0.0,0.0,0.0,0.0,0.0,0.0,0.0,0.0,0.0,0.0,0.0,0.0,0.0,0.0,0.0,0.0,0.0,0.0,0.0,0.0,0.0,0.0,0.0,0.0,0.0,0.0,0.0,0.0,0.0,0.0,0.0,0.0,0.0,0.0,0.0,0.0,0.0,0.0,0.0,0.0,0.0,0.0,0.0,0.0,0.0,0.0,0.0,0.0,0.0,0.0,0.0,0.0,0.0,0.0,0.0,0.0,0.0,0.0,0.0,0.0,0.0,0.0,0.0,0.0,0.0,0.0,0.0,0.0,0.0,0.0,0.0,0.0,0.0,0.0,0.0,0.0,0.0,0.0,0.0,0.0,1142.058,776.6537791701328,-2709.3269378620316,6000.0,1200.0,3.0,94.2863663724056,544.786500892738,450.50013452033244,11709.66678404584,0.9959623026471716,0.0,6679.361051563658,7052.070645819135,776.6537791701328,6000.0,1000000.0,776.6537791701328,6000.0,1445.2139902405142,776.6537791701328,776.6537791701328,6000.0,0.0,1.0,0.0,49.0,4.0,0.0,1.0,49.0,,0.0,4.0,0.0,,1.0,,,,0.9192245571884996,74.1452121038767,0.0,1.0,0.0,,1.0,0.0,1.0,4.0,4.0,0.0,0.0,,0.0,1276.81728479037,49.0,0.0,243.53719419356844,15.0,1276.81728479037,,,,,0.0,0.0,,,,,,,,,,,,,0.0,776.6537791701328,5980.003985517701,0.0,776.6537791701328,6000.0,1446.1332147977027,776.6537791701328,776.6537791701328,5980.003985517701,1.0,0.0,0.0,,,,18.0,0.0,0.0,0.0,1445.2139902405142,0.0,1.0,0.0,1.0,1.0,1.0,1.0,0.0,0.0,0.0,0.0,0.0,1445.2139902405142,544.786500892738,0.0,1.0,0.0,1446.1332147977027,544.9201108034324,544.9201108034324,0.0,1.0,0.0,1.0,1.0,72.26069951202571,1.0,0.0,1.0,0.0,0.0,0.0,1445.2139902405142,1.0,0.0,1445.2139902405142,0.0,1.0,1158.6168118626208,4130.0,4130.0,4130.0,1691.25,1691.25,1691.25,1204.0,1204.0,1204.0,3.0,7025.25,7025.25,7025.25,776.6537791701328,6000.0,0.0,0.0,220.0,0.0,5731.943567557871,1.0,0.0,5731.943567557871,286.59717837789356,0.5,0.03561616148994464,0.0,17.80808074497232,-2709.3269378620316,3500.0,-3315.000000000001,37566.666666666664,-22100.000000000004,5635.000000000001,,,,,,,,,,-660.9128650453991,1.0,6925.141959451313,-4406.085766969327,1038.771293917697,0.0,,,,,1204.0,1200.0,6000.0,5700.0,0.49666733091961685,0.5033326690803831,6000.0,1445.2139902405142,1158.6168118626208,1.0,0.0,776.6537791701328,0.0,6000.0,1.0,1.0,1.0,1.0,1445.2139902405142,776.6537791701328,6000.0,1.0,1.0,544.786500892738,181.59550029757932,776.6537791701328,0.0,1466.413729152815,776.6537791701328,6000.0,205.05703674417077,1.0,0.0,0.0,-27.374064868618575,181.59550029757932,3.0,,,,,,,,,,,,,,6.0,0.0,1.0,0.0,0.0,0.0,0.0,1.0,0.7717960898264444,0.7717960898264444,0.7265611370898117,776.6537791701328,6000.0,776.6537791701328,6000.0,1445.2139902405142,776.6537791701328,776.6537791701328,6000.0,0.0,1.0,0.0,1.0,0.0,0.0,,,11709.66678404584,0.0,1445.2139902405142,0.0,5.0,0.03561616148994464,0.0,776.6537791701328,776.6537791701328,5177.691861134218,-0.03566736512561032,-0.05691197854477951,-0.10503343222415158,1.2542567558397373,0.327446506152679,6.0,1.0,48.0,53.0,56.0,68.0,26.0,28.0,1.0,6.0,0.0,0.0,980.8435762514544,0.0,9.493919374439884,980.8435762514544,990.3374956258942,0.0,980.8435762514544,0.0,4.432746555864014,980.8435762514544,985.2763228073185,0.0,980.8435762514544,0.0,11.22212670534077,980.8435762514544,992.0657029567951,0.0,980.8435762514544,0.0,8.99917602643086,980.8435762514544,989.8427522778852,0.0,-0.024785626683143415,-0.008261552394846987,-0.029771708984940543,-0.022277163857952427,1.0,1500.0,1500.0,1500.0,1500.0,,,0.0,-0.007281915814949257,-0.011157667994981324,-0.015607073668079252,-0.015448822621330294,-0.018249172901433755,-0.0035012787402102672,-0.0040635341927576,-0.0035900049888528685,0.09429497555262287,0.09272384726897798,-0.011569488528417436,-0.013222701427984875,-0.025272847102718286,-0.008949817319774667,-0.0091461531066102,-0.0075550384699781155,1.0,90.0,80.0,90.0,90.0,90.0,90.0,90.0,90.0,100.0,100.0,90.0,90.0,80.0,90.0,90.0,90.0,1.0,1.0,1.0,1.0,0.0,1.0,0.0,,581.0,1.0,0.0,0.0,0.0,,0.0,,0.0,,-1.0,0.0,0.0,0.0,0.0,1.0,0.0,0.0,0.0,0.0,,0.0,,776.6537791701328,0.0,776.6537791701328,120.0,544.786500892738,545.9747083314704,0.0,2.0,3.9609606999947573,776.6537791701328,51.0,1.0,,,36.0,34.0,,,,,2.0,2.0,300.0,300.0,2.0,2.0,,,,,1.0,1.0,10.0,10.0,48.0,64.0,53.0,59.0,56.0,56.0,62.0,50.0,26.0,86.0,0.0,0.0,0.0,0.0,0.0,1500.0,1500.0,1500.0,1500.0,47,8640.0,80.0,90.0,80.0,90.0,90.0,90.0,90.0,90.0,90.0,80.0,100.0,100.0,90.0,90.0,80.0,90.0,90.0,90.0
695.5305990832339,6000.0,0.0,0.0,0.0,0.0,0.0,0.0,0.0,0.0,0.0,0.0,0.0,0.0,0.0,0.0,0.0,0.0,0.0,0.0,0.0,0.0,0.0,0.0,0.0,0.0,0.0,0.0,0.0,0.0,0.0,0.0,0.0,0.0,0.0,0.0,0.0,0.0,0.0,0.0,0.0,0.0,0.0,0.0,0.0,0.0,0.0,0.0,0.0,0.0,0.0,0.0,0.0,0.0,0.0,0.0,0.0,0.0,0.0,0.0,0.0,0.0,0.0,0.0,0.0,0.0,0.0,0.0,0.0,0.0,0.0,0.0,0.0,0.0,0.0,0.0,0.0,0.0,0.0,0.0,0.0,0.0,0.0,0.0,0.0,0.0,0.0,0.0,0.0,0.0,0.0,0.0,0.0,0.0,1142.058,695.5305990832339,-2472.7553162517906,6000.0,1200.0,3.0,79.95912720192504,504.7945540600706,424.8354268581455,10366.935544720847,0.9963933457962404,0.0,6290.065828652518,6773.445870783933,695.5305990832339,6000.0,1000000.0,695.5305990832339,6000.0,1317.5520623079062,695.5305990832339,695.5305990832339,6000.0,0.0,1.0,0.0,49.0,4.0,0.0,1.0,49.0,,0.0,4.0,0.0,,1.0,,,,0.5022322991244437,54.32008187285487,0.0,1.0,0.0,,1.0,0.0,1.0,4.0,4.0,0.0,0.0,,0.0,1175.3232284010637,49.0,0.0,196.15169711289946,15.0,1175.3232284010637,,,,,0.0,0.0,,,,,,,,,,,,,0.0,695.5305990832339,5986.826302172665,0.0,695.5305990832339,6000.0,1318.0542946070307,695.5305990832339,695.5305990832339,5986.826302172665,1.0,0.0,0.0,,,,18.0,0.0,0.0,0.0,1317.5520623079062,0.0,1.0,0.0,1.0,1.0,1.0,1.0,0.0,0.0,0.0,0.0,0.0,1317.5520623079062,504.7945540600706,0.0,1.0,0.0,1318.0542946070307,504.882294777126,504.882294777126,0.0,1.0,0.0,1.0,1.0,65.87760311539532,1.0,0.0,1.0,0.0,0.0,0.0,1317.5520623079062,1.0,0.0,1317.5520623079062,0.0,1.0,1048.9132850446208,4130.0,4130.0,4130.0,1691.25,1691.25,1691.25,1204.0,1204.0,1204.0,3.0,7025.25,7025.25,7025.25,695.5305990832339,6000.0,0.0,0.0,220.0,0.0,5372.775545265708,1.0,0.0,5372.775545265708,268.6387772632854,0.5,0.010052478547573377,0.0,5.026239273786689,-2472.7553162517906,3500.0,-3315.000000000001,37566.666666666664,-22100.000000000004,5635.000000000001,,,,,,,,,,-674.3537995250514,1.0,6937.0497630746795,-4495.691996833675,1040.557464461202,0.0,,,,,1204.0,1200.0,6000.0,5700.0,0.4978043836954441,0.502195616304556,6000.0,1317.5520623079062,1048.9132850446208,1.0,0.0,695.5305990832339,0.0,6000.0,1.0,1.0,1.0,1.0,1317.5520623079062,695.5305990832339,6000.0,1.0,1.0,504.7945540600706,168.26485135335687,695.5305990832339,0.0,1074.007211929845,695.5305990832339,6000.0,193.73398900097487,1.0,0.0,0.0,-23.992267554387467,168.26485135335687,3.0,,,,,,,,,,,,,,6.0,0.0,1.0,0.0,0.0,0.0,0.0,1.0,0.6540508724182653,0.6810459941219223,0.6810459941219223,695.5305990832339,6000.0,695.5305990832339,6000.0,1317.5520623079062,695.5305990832339,695.5305990832339,6000.0,0.0,1.0,0.0,1.0,0.0,0.0,,,10366.935544720847,0.0,1317.5520623079062,0.0,5.0,0.010052478547573377,0.0,695.5305990832339,695.5305990832339,4636.870660554892,-0.05681907640492134,-0.09053113549378841,-0.12492978175164873,1.264356150546206,0.36342350316659855,6.0,1.0,48.0,53.0,56.0,62.0,26.0,29.0,1.0,6.0,0.0,0.0,899.7942275890215,0.0,8.862440070887033,899.7942275890215,908.6566676599086,0.0,899.7942275890215,0.0,2.665349734481424,899.7942275890215,902.4595773235029,0.0,899.7942275890215,0.0,11.25605578632235,899.7942275890215,911.050283375344,0.0,899.7942275890215,0.0,5.595015022920279,899.7942275890215,905.3892426119418,0.0,-0.022698470813560974,-0.0030603837819163007,-0.029870441592015143,-0.011885100835437232,1.0,1500.0,1500.0,1500.0,1500.0,,,0.0,-0.007268695191116946,-0.011077428258506928,-0.015241007435229293,-0.015344205804599654,-0.01864474010361974,-0.004441753045677288,-0.004994318146083643,-0.004362629448526434,0.09427895289301276,0.09277979364488403,-0.011243196350354269,-0.012774586304504077,-0.022798463051839947,-0.01012600854988701,-0.009984201188485819,-0.008170413704472423,1.0,90.0,80.0,90.0,90.0,90.0,90.0,90.0,90.0,100.0,100.0,90.0,90.0,80.0,90.0,90.0,90.0,1.0,1.0,1.0,1.0,0.0,1.0,0.0,,547.0,1.0,0.0,0.0,0.0,,0.0,,0.0,,-1.0,0.0,0.0,0.0,0.0,1.0,0.0,0.0,0.0,0.0,,0.0,,695.5305990832339,0.0,695.5305990832339,104.0,504.7945540600706,505.8107113627645,0.0,3.0,3.7387687000009464,695.5305990832339,51.0,1.0,,,36.0,34.0,,,,,2.0,2.0,300.0,300.0,2.0,2.0,,,,,1.0,1.0,10.0,10.0,48.0,64.0,56.0,56.0,56.0,56.0,56.0,56.0,26.0,86.0,0.0,0.0,0.0,0.0,0.0,1500.0,1500.0,1500.0,1500.0,48,8820.0,80.0,90.0,80.0,90.0,90.0,90.0,90.0,90.0,90.0,80.0,100.0,100.0,90.0,90.0,80.0,90.0,90.0,90.0
637.4960336402835,6000.0,0.0,0.0,0.0,0.0,0.0,0.0,0.0,0.0,0.0,0.0,0.0,0.0,0.0,0.0,0.0,0.0,0.0,0.0,0.0,0.0,0.0,0.0,0.0,0.0,0.0,0.0,0.0,0.0,0.0,0.0,0.0,0.0,0.0,0.0,0.0,0.0,0.0,0.0,0.0,0.0,0.0,0.0,0.0,0.0,0.0,0.0,0.0,0.0,0.0,0.0,0.0,0.0,0.0,0.0,0.0,0.0,0.0,0.0,0.0,0.0,0.0,0.0,0.0,0.0,0.0,0.0,0.0,0.0,0.0,0.0,0.0,0.0,0.0,0.0,0.0,0.0,0.0,0.0,0.0,0.0,0.0,0.0,0.0,0.0,0.0,0.0,0.0,0.0,0.0,0.0,0.0,0.0,1142.058,637.4960336402835,-2349.093965260501,6000.0,1200.0,3.0,67.43538623790954,463.0434716663137,395.60808542840414,8978.980826266934,0.9966089142503699,0.0,5938.590212132641,6571.225124252405,637.4960336402835,6000.0,1000000.0,637.4960336402835,6000.0,1168.2833369244504,637.4960336402835,637.4960336402835,6000.0,0.0,1.0,0.0,49.0,4.0,0.0,1.0,49.0,,0.0,4.0,0.0,,1.0,,,,0.37452065086881703,17.356437029032122,0.0,1.0,0.0,,1.0,0.0,1.0,4.0,4.0,0.0,0.0,,0.0,1078.8367231743616,49.0,0.0,161.49138482764965,15.0,1078.8367231743616,,,,,0.0,0.0,,,,,,,,,,,,,0.0,637.4960336402835,5988.136656393916,0.0,637.4960336402835,6000.0,1168.6578575753192,637.4960336402835,637.4960336402835,5988.136656393916,1.0,0.0,0.0,,,,24.0,0.0,0.0,0.0,1168.2833369244504,0.0,1.0,0.0,1.0,1.0,1.0,1.0,0.0,0.0,0.0,0.0,0.0,1168.2833369244504,463.0434716663137,0.0,1.0,0.0,1168.6578575753192,463.1222152785491,463.1222152785491,0.0,1.0,0.0,1.0,1.0,58.41416684622252,1.0,0.0,1.0,0.0,0.0,0.0,1168.2833369244504,1.0,0.0,1168.2833369244504,0.0,1.0,916.7791653585463,4130.0,4130.0,4130.0,1691.25,1691.25,1691.25,1204.0,1204.0,1204.0,3.0,7025.25,7025.25,7025.25,637.4960336402835,6000.0,0.0,0.0,220.0,0.0,5030.08343131808,1.0,0.0,5030.08343131808,251.50417156590402,0.5,0.006032376674872639,0.0,3.01618833743632,-2349.093965260501,3500.0,-3315.000000000001,37566.666666666664,-22100.000000000004,5635.000000000001,,,,,,,,,,-666.9606338353474,1.0,6781.930336863938,-4446.404225568982,1017.2895505295908,0.0,,,,,1204.0,1200.0,6000.0,5700.0,0.49802277606565276,0.5019772239343472,6000.0,1168.2833369244504,916.7791653585463,1.0,0.0,637.4960336402835,0.0,6000.0,1.0,1.0,1.0,1.0,1168.2833369244504,637.4960336402835,6000.0,1.0,1.0,463.0434716663137,154.34782388877122,637.4960336402835,0.0,799.9538292747616,637.4960336402835,6000.0,181.20394582535195,1.0,0.0,0.0,-18.055390912568555,154.34782388877122,3.0,,,,,,,,,,,,,,6.0,0.0,1.0,0.0,0.0,0.0,0.0,1.0,0.5024703676776568,0.6352372826924807,0.6352372826924807,637.4960336402835,6000.0,637.4960336402835,6000.0,1168.2833369244504,637.4960336402835,637.4960336402835,6000.0,0.0,1.0,0.0,1.0,0.0,0.0,,,8978.980826266934,0.0,1168.2833369244504,0.0,5.0,0.006032376674872639,0.0,637.4960336402835,637.4960336402835,4249.973557601889,-0.04142942464226566,-0.1121974666779509,-0.09240600296119558,1.2117357884184201,0.024043332196326844,6.0,1.0,48.0,56.0,56.0,56.0,26.0,30.0,1.0,6.0,0.0,0.0,819.4769396183084,0.0,8.018159132833944,819.4769396183084,827.4950987511425,0.0,819.4769396183084,0.0,1.2120821804603565,819.4769396183084,820.6890217987686,0.0,819.4769396183084,0.0,11.266511933959691,819.4769396183084,830.7434515522682,0.0,819.4769396183084,0.0,2.7221552846742725,819.4769396183084,822.1990949029827,0.0,-0.019859918926747752,-0.0027212123193972935,-0.02990794600226844,-0.004877142351678217,1.0,1500.0,1500.0,1500.0,1500.0,,,0.0,-0.006928484837882821,-0.010508566064795133,-0.014278896078276305,-0.014802563888389741,-0.01834576443363076,-0.005511774824485727,-0.006015966416763874,-0.005181464689040638,0.09445535009915992,0.09287625177289484,-0.011513923601505206,-0.012356868639172269,-0.02206064478363032,-0.01007486127908628,-0.009864726203244165,-0.008063150004593034,1.0,90.0,80.0,90.0,90.0,90.0,90.0,90.0,90.0,100.0,100.0,90.0,90.0,80.0,90.0,90.0,90.0,1.0,1.0,1.0,1.0,0.0,1.0,0.0,,599.0,1.0,0.0,0.0,0.0,,0.0,,0.0,,-1.0,0.0,0.0,0.0,0.0,1.0,0.0,0.0,0.0,0.0,,0.0,,637.4960336402835,0.0,637.4960336402835,128.0,463.0434716663137,463.74696502992674,0.0,2.0,4.295560400001705,637.4960336402835,51.0,1.0,,,36.0,34.0,,,,,2.0,2.0,300.0,300.0,2.0,2.0,,,,,1.0,1.0,10.0,10.0,48.0,64.0,59.0,53.0,56.0,56.0,50.0,62.0,32.0,80.0,0.0,0.0,0.0,0.0,0.0,1500.0,1500.0,1500.0,1500.0,49,9000.0,80.0,90.0,80.0,90.0,90.0,90.0,90.0,90.0,90.0,80.0,100.0,100.0,90.0,90.0,80.0,90.0,90.0,90.0
604.6631547037823,6000.0,0.0,0.0,0.0,0.0,0.0,0.0,0.0,0.0,0.0,0.0,0.0,0.0,0.0,0.0,0.0,0.0,0.0,0.0,0.0,0.0,0.0,0.0,0.0,0.0,0.0,0.0,0.0,0.0,0.0,0.0,0.0,0.0,0.0,0.0,0.0,0.0,0.0,0.0,0.0,0.0,0.0,0.0,0.0,0.0,0.0,0.0,0.0,0.0,0.0,0.0,0.0,0.0,0.0,0.0,0.0,0.0,0.0,0.0,0.0,0.0,0.0,0.0,0.0,0.0,0.0,0.0,0.0,0.0,0.0,0.0,0.0,0.0,0.0,0.0,0.0,0.0,0.0,0.0,0.0,0.0,0.0,0.0,0.0,0.0,0.0,0.0,0.0,0.0,0.0,0.0,0.0,0.0,1142.058,3500.0,-2205.6239670059463,6000.0,1200.0,3.0,57.74088360629604,420.2356282708204,362.4947446645244,7667.41928546372,0.9965769473301906,0.0,5558.904532575281,6278.1358006316,604.6631547037823,6000.0,1000000.0,604.6631547037823,6000.0,1046.8083136132443,604.6631547037823,604.6631547037823,6000.0,0.0,1.0,0.0,50.0,5.0,1.0,0.0,75.0,,0.0,9.0,1.0,,1.0,,,,0.3244764840812877,50.6532702290167,0.0,1.0,0.0,,1.0,1.0,0.0,5.0,4.0,0.0,0.0,,1.0,983.5536958469689,50.0,0.0,153.762583265643,3.0,983.5536958469689,,,,,25.0,4.0,1.0,0.0,1.0,4.0,4.0,1.0,983.5536958469689,25.0,0.0,153.762583265643,16.0,983.5536958469689,1.0,604.6631547037823,5987.972095260791,3.0,3500.0,6000.0,1047.1327900973256,604.6631547037823,604.6631547037823,5987.972095260791,1.0,0.0,0.0,,,,24.0,0.0,0.0,0.0,1046.8083136132443,0.0,1.0,0.0,1.0,1.0,1.0,1.0,0.0,0.0,0.0,0.0,0.0,1046.8083136132443,420.2356282708204,0.0,1.0,0.0,1047.1327900973256,420.31523820743655,420.31523820743655,0.0,1.0,0.0,1.0,1.0,52.34041568066222,1.0,0.0,1.0,0.0,0.0,0.0,1046.8083136132443,1.0,0.0,1046.8083136132443,0.0,1.0,815.9357822154591,4130.0,4130.0,4130.0,1691.25,1691.25,1691.25,1204.0,1204.0,1204.0,3.0,7025.25,7025.25,7025.25,604.6631547037823,6000.0,0.0,0.0,220.0,0.0,4617.4506279557045,1.0,0.0,4617.4506279557045,230.87253139778522,0.5,0.006939553665881029,0.0,3.4697768329405148,-2205.6239670059463,3500.0,-3315.000000000001,37566.666666666664,-22100.000000000004,5635.000000000001,,,,,,,,,,-632.2517614115097,1.0,6375.010557395921,-4215.011742743398,956.2515836093883,0.0,,,,,1204.0,1200.0,6000.0,5700.0,0.49799534921013183,0.5020046507898682,6000.0,1046.8083136132443,815.9357822154591,1.0,0.0,604.6631547037823,0.0,6000.0,1.0,1.0,1.0,1.0,1046.8083136132443,604.6631547037823,6000.0,1.0,1.0,420.2356282708204,140.07854275694015,604.6631547037823,0.0,601.3275138172396,604.6631547037823,6000.0,167.91407259369916,1.0,0.0,0.0,-11.776985673652234,140.07854275694015,3.0,,,,,,,,,,,,,,6.0,0.0,1.0,0.0,0.0,0.0,0.0,1.0,0.3842086455904926,0.5864777704307635,0.5864777704307635,604.6631547037823,6000.0,604.6631547037823,6000.0,1046.8083136132443,604.6631547037823,604.6631547037823,6000.0,0.0,1.0,0.0,1.0,0.0,0.0,,,7667.41928546372,0.0,1046.8083136132443,0.0,5.0,0.006939553665881029,0.0,604.6631547037823,604.6631547037823,4031.0876980252146,-0.04785226701082351,0.040665799942926746,-0.10433383090382146,1.2442094161941921,-0.1941415542276026,6.0,1.0,48.0,59.0,56.0,50.0,32.0,31.0,1.0,6.0,0.0,0.0,740.6250249844229,0.0,7.163429001820987,740.6250249844229,747.788453986244,0.0,740.6250249844229,0.0,0.2929892025704248,740.6250249844229,740.9180141869934,0.0,740.6250249844229,0.0,11.000559307037292,740.6250249844229,751.6255842914602,0.0,740.6250249844229,0.0,1.2278738896220602,740.6250249844229,741.8528988740451,0.0,-0.017015066393078586,-0.000703239454378964,-0.029019739180419182,-0.0027120817395231943,1.0,1500.0,1500.0,1500.0,1500.0,,,0.0,-0.006635778328538322,-0.00990434613943272,-0.01304099209031513,-0.013872631147432557,-0.01780180626901675,-0.006761443659227595,-0.007148623896055995,-0.006068381624957552,0.09478516894748736,0.09344982436170994,-0.01000370992532842,-0.011534319995768526,-0.019740113407041536,-0.010968762806150601,-0.010713305794816375,-0.00873044895143833,1.0,90.0,80.0,90.0,90.0,90.0,90.0,90.0,90.0,100.0,100.0,90.0,90.0,80.0,90.0,90.0,90.0,1.0,1.0,1.0,1.0,0.0,1.0,0.0,,535.0,1.0,0.0,0.0,0.0,,0.0,,0.0,,-1.0,0.0,0.0,0.0,0.0,1.0,0.0,0.0,0.0,0.0,,0.0,,604.6631547037823,0.0,604.6631547037823,96.0,420.2356282708204,421.2508436610772,0.0,2.0,3.631989599998633,604.6631547037823,51.0,1.0,,,36.0,34.0,,,,,2.0,2.0,300.0,300.0,2.0,2.0,,,,,1.0,1.0,10.0,10.0,48.0,64.0,59.0,53.0,56.0,56.0,44.0,68.0,38.0,74.0,0.0,0.0,0.0,0.0,0.0,1500.0,1500.0,1500.0,1500.0,50,9180.0,80.0,90.0,80.0,90.0,90.0,90.0,90.0,90.0,90.0,80.0,100.0,100.0,90.0,90.0,80.0,90.0,90.0,90.0
448.02647755813643,6000.0,0.0,0.0,0.0,0.0,0.0,0.0,0.0,0.0,0.0,0.0,0.0,0.0,0.0,0.0,0.0,0.0,0.0,0.0,0.0,0.0,0.0,0.0,0.0,0.0,0.0,0.0,0.0,0.0,0.0,0.0,0.0,0.0,0.0,0.0,0.0,0.0,0.0,0.0,0.0,0.0,0.0,0.0,0.0,0.0,0.0,0.0,0.0,0.0,0.0,0.0,0.0,0.0,0.0,0.0,0.0,0.0,0.0,0.0,0.0,0.0,0.0,0.0,0.0,0.0,0.0,0.0,0.0,0.0,0.0,0.0,0.0,0.0,0.0,0.0,0.0,0.0,0.0,0.0,0.0,0.0,0.0,0.0,0.0,0.0,0.0,0.0,0.0,0.0,0.0,0.0,0.0,0.0,1142.058,448.02647755813643,-2059.2086319847604,6000.0,1200.0,3.0,50.35876838679657,378.2120862038996,327.85331781710306,6610.842751629221,0.9965691131392735,0.0,5168.127911197248,5829.60257535251,448.02647755813643,6000.0,1000000.0,448.02647755813643,6000.0,928.4395717308274,448.02647755813643,448.02647755813643,6000.0,0.0,1.0,0.0,49.0,4.0,0.0,1.0,49.0,,0.0,4.0,0.0,,1.0,,,,3.410678610125956,19.143965280481098,0.0,1.0,0.0,,1.0,0.0,1.0,4.0,4.0,0.0,0.0,,0.0,885.514566068963,49.0,0.0,159.4133981347893,16.0,885.514566068963,,,,,0.0,0.0,,,,,,,,,,,,,0.0,448.02647755813643,5855.5704387916685,0.0,448.02647755813643,6000.0,931.8502503409534,448.02647755813643,448.02647755813643,5855.5704387916685,1.0,0.0,0.0,,,,24.0,0.0,0.0,0.0,928.4395717308274,0.0,1.0,0.0,1.0,1.0,1.0,1.0,0.0,0.0,0.0,0.0,0.0,928.4395717308274,378.2120862038996,0.0,1.0,0.0,931.8502503409534,379.19064041011353,379.19064041011353,0.0,1.0,0.0,1.0,1.0,46.42197858654137,1.0,0.0,1.0,0.0,0.0,0.0,928.4395717308274,1.0,0.0,928.4395717308274,0.0,1.0,719.5159665254306,4130.0,4130.0,4130.0,1691.25,1691.25,1691.25,1204.0,1204.0,1204.0,3.0,7025.25,7025.25,7025.25,448.02647755813643,6000.0,0.0,0.0,220.0,0.0,4178.472104107936,1.0,0.0,4178.472104107936,208.9236052053968,0.5,0.007205067300079191,0.0,3.6025336500395957,-2059.2086319847604,3424.3849701936633,-3315.000000000001,37566.666666666664,-22100.000000000004,5635.000000000001,,,,,,,,,,-608.3288878596136,1.0,5802.325372210735,-4055.52591906409,870.3488058316103,1.0,,,,,1204.0,1200.0,6000.0,5700.0,0.47592840646527806,0.5240715935347219,5452.558329474875,928.4395717308274,719.5159665254306,1.0,0.0,448.02647755813643,0.0,6000.0,1.0,1.0,1.0,1.0,928.4395717308274,448.02647755813643,6000.0,1.0,1.0,378.2120862038996,126.07069540129987,448.02647755813643,0.0,441.2633715688869,448.02647755813643,6000.0,153.92882401048672,1.0,0.0,0.0,-5.913497369437323,126.07069540129987,3.0,,,,,,,,,,,,,,6.0,0.0,1.0,0.0,0.0,0.0,0.0,1.0,0.2950387728801997,0.5360384339336361,0.5360384339336361,448.02647755813643,6000.0,448.02647755813643,6000.0,928.4395717308274,448.02647755813643,448.02647755813643,6000.0,0.0,1.0,0.0,1.0,0.0,0.0,,,6610.842751629221,0.0,928.4395717308274,0.0,5.0,0.007205067300079191,0.0,448.02647755813643,448.02647755813643,2986.843183720909,-0.03225511237834572,0.012556100703882283,0.002225150687034258,0.7104975342548641,-0.7926790564448467,6.0,1.0,48.0,59.0,56.0,44.0,38.0,32.0,1.0,6.0,0.0,0.0,663.0664278432716,0.0,6.01197911997815,663.0664278432716,669.0784069632499,0.0,663.0664278432716,0.0,0.25268587021537314,663.0664278432716,663.319113713487,0.0,663.0664278432716,0.0,10.20720907558848,663.0664278432716,673.2736369188601,0.0,663.0664278432716,0.0,0.3387935571372509,663.0664278432716,663.4052214004088,0.0,-0.013655723864029004,-0.0008370804901052272,-0.026334822134123928,-0.0006499957438900596,1.0,1500.0,1500.0,1500.0,1500.0,,,0.0,-0.006684199002303615,-0.009776005234267872,-0.012506215452146563,-0.013180749506385325,-0.01636362341628015,-0.0074730701454303276,-0.007678220311881389,-0.0063848245292199126,0.09480796140410189,0.09369249236752797,-0.009170847630626965,-0.010505024963275121,-0.01692793319434669,-0.010916005257506356,-0.010450161602015218,-0.008371105335420116,1.0,90.0,80.0,90.0,90.0,90.0,90.0,90.0,90.0,100.0,100.0,90.0,90.0,80.0,90.0,90.0,90.0,1.0,1.0,1.0,1.0,0.0,1.0,0.0,,533.0,1.0,0.0,0.0,0.0,,0.0,,0.0,,-1.0,0.0,0.0,0.0,0.0,1.0,0.0,0.0,0.0,0.0,,0.0,,448.02647755813643,0.0,448.02647755813643,88.0,378.2120862038996,378.4702620498973,0.0,3.0,3.6564111999978195,448.02647755813643,51.0,1.0,,,36.0,34.0,,,,,2.0,2.0,300.0,300.0,2.0,2.0,,,,,1.0,1.0,10.0,10.0,48.0,64.0,59.0,53.0,56.0,56.0,38.0,74.0,44.0,68.0,0.0,0.0,0.0,0.0,0.0,1500.0,1500.0,1500.0,1500.0,51,9360.0,80.0,90.0,80.0,90.0,90.0,90.0,90.0,90.0,90.0,80.0,100.0,100.0,90.0,90.0,80.0,90.0,90.0,90.0
385.5078886409718,6000.0,0.0,0.0,0.0,0.0,0.0,0.0,0.0,0.0,0.0,0.0,0.0,0.0,0.0,0.0,0.0,0.0,0.0,0.0,0.0,0.0,0.0,0.0,0.0,0.0,0.0,0.0,0.0,0.0,0.0,0.0,0.0,0.0,0.0,0.0,0.0,0.0,0.0,0.0,0.0,0.0,0.0,0.0,0.0,0.0,0.0,0.0,0.0,0.0,0.0,0.0,0.0,0.0,0.0,0.0,0.0,0.0,0.0,0.0,0.0,0.0,0.0,0.0,0.0,0.0,0.0,0.0,0.0,0.0,0.0,0.0,0.0,0.0,0.0,0.0,0.0,0.0,0.0,0.0,0.0,0.0,0.0,0.0,0.0,0.0,0.0,0.0,0.0,0.0,0.0,0.0,0.0,0.0,1142.058,385.5078886409718,-1788.7302706952398,6000.0,1200.0,3.0,44.355487069240716,337.2123900308144,292.85690296157367,5661.611211355585,0.996473046170673,0.0,4701.106476707946,5257.620091943119,385.5078886409718,6000.0,1000000.0,385.5078886409718,6000.0,805.79363268688,385.5078886409718,385.5078886409718,6000.0,0.0,1.0,0.0,49.0,4.0,0.0,1.0,49.0,,0.0,4.0,0.0,,1.0,,,,4.1828592319545805,7.132355762737006,0.0,1.0,0.0,,1.0,0.0,1.0,4.0,4.0,0.0,0.0,,0.0,788.6534800566359,49.0,0.0,146.92353136163194,17.0,788.6534800566359,,,,,0.0,0.0,,,,,,,,,,,,,0.0,385.5078886409718,5779.388529170887,0.0,385.5078886409718,6000.0,809.9764919188345,385.5078886409718,385.5078886409718,5779.388529170887,1.0,0.0,0.0,,,,24.0,0.0,0.0,0.0,805.79363268688,0.0,1.0,0.0,1.0,1.0,1.0,1.0,0.0,0.0,0.0,0.0,0.0,805.79363268688,337.2123900308144,0.0,1.0,0.0,809.9764919188345,338.7157298495498,338.7157298495498,0.0,1.0,0.0,1.0,1.0,40.289681634344,1.0,0.0,1.0,0.0,0.0,1.0,805.79363268688,1.0,0.0,805.79363268688,0.0,1.0,620.700599160739,4130.0,4130.0,4130.0,1691.25,1691.25,1691.25,1204.0,1204.0,1204.0,3.0,7025.25,7025.25,7025.25,385.5078886409718,6000.0,0.0,0.0,220.0,0.0,3701.8606705228194,1.0,0.0,3701.8606705228194,185.09303352614097,0.5,0.009211122675012716,0.0,4.605561337506358,-1788.7302706952398,2965.5685971459534,-3315.000000000001,37566.666666666664,-22100.000000000004,5635.000000000001,,,,,,,,,,-540.8293276785416,1.0,5220.010557395922,-3605.528851190277,783.0015836093884,1.0,,,,,1204.0,1200.0,6000.0,5205.841666666666,0.4632314215284811,0.5367685784715189,4489.190802865547,805.79363268688,620.700599160739,1.0,0.0,385.5078886409718,0.0,6000.0,1.0,1.0,1.0,1.0,805.79363268688,385.5078886409718,6000.0,1.0,0.0,337.2123900308144,112.40413001027146,385.5078886409718,0.0,317.4479797323988,385.5078886409718,6000.0,139.3895093859765,1.0,0.0,0.0,-1.3143622615500021,112.40413001027146,3.0,,,,,,,,,,,,,,6.0,0.0,1.0,0.0,0.0,0.0,0.0,1.0,0.22813825019899636,0.44982846782546354,0.44982846782546354,385.5078886409718,6000.0,385.5078886409718,6000.0,805.79363268688,385.5078886409718,385.5078886409718,6000.0,0.0,1.0,0.0,1.0,0.0,0.0,,,5661.611211355585,0.0,805.79363268688,0.0,5.0,0.009211122675012716,0.0,385.5078886409718,385.5078886409718,2570.0525909398116,-0.03187326137677697,-0.014901906594727047,0.1887483487715566,0.634574567419539,-1.4390867118026218,6.0,1.0,48.0,59.0,56.0,38.0,44.0,33.0,1.0,6.0,0.0,0.0,589.4053065182999,0.0,3.6910984547805583,589.4053065182999,593.0964049730803,0.0,589.4053065182999,0.0,0.11784179150595264,589.4053065182999,589.523148309806,0.0,589.4053065182999,0.0,8.918857534281642,589.4053065182999,598.3241640525815,0.0,589.4053065182999,0.0,0.21473628616854512,589.4053065182999,589.6200428044685,0.0,-0.005734021175944928,-0.0003928059716868878,-0.022055853643766124,-0.000715787620562196,1.0,1500.0,1500.0,1500.0,1500.0,,,0.0,-0.006325858954682318,-0.008881527049365267,-0.010329271966031506,-0.011919540575126852,-0.015115344768340753,-0.00966512843507612,-0.009486035517162783,-0.00771237987116642,0.0948690098780304,0.09379272060398697,-0.008987605625880591,-0.010669265453705102,-0.017108435370077228,-0.011269881856502552,-0.010834388516039439,-0.00878671877681283,1.0,90.0,80.0,90.0,90.0,90.0,90.0,90.0,90.0,100.0,100.0,90.0,90.0,80.0,90.0,90.0,90.0,1.0,1.0,1.0,1.0,0.0,1.0,0.0,,551.0,1.0,0.0,0.0,0.0,,0.0,,0.0,,-1.0,0.0,0.0,0.0,0.0,1.0,0.0,0.0,0.0,0.0,,0.0,,385.5078886409718,0.0,385.5078886409718,88.0,337.2123900308144,336.90982657657753,0.0,2.0,3.7491464000049746,385.5078886409718,51.0,1.0,,,36.0,34.0,,,,,2.0,2.0,300.0,300.0,2.0,2.0,,,,,1.0,1.0,10.0,10.0,48.0,64.0,59.0,53.0,50.0,62.0,32.0,80.0,50.0,62.0,0.0,0.0,0.0,0.0,0.0,1500.0,1500.0,1500.0,1500.0,52,9540.0,80.0,90.0,80.0,90.0,90.0,90.0,90.0,90.0,90.0,80.0,100.0,100.0,90.0,90.0,80.0,90.0,90.0,90.0
340.0747406878947,6000.0,0.0,0.0,0.0,0.0,0.0,0.0,0.0,0.0,0.0,0.0,0.0,0.0,0.0,0.0,0.0,0.0,0.0,0.0,0.0,0.0,0.0,0.0,0.0,0.0,0.0,0.0,0.0,0.0,0.0,0.0,0.0,0.0,0.0,0.0,0.0,0.0,0.0,0.0,0.0,0.0,0.0,0.0,0.0,0.0,0.0,0.0,0.0,0.0,0.0,0.0,0.0,0.0,0.0,0.0,0.0,0.0,0.0,0.0,0.0,0.0,0.0,0.0,0.0,0.0,0.0,0.0,0.0,0.0,0.0,0.0,0.0,0.0,0.0,0.0,0.0,0.0,0.0,0.0,0.0,0.0,0.0,0.0,0.0,0.0,0.0,0.0,0.0,0.0,0.0,0.0,0.0,0.0,1142.058,340.0747406878947,-1611.7588801859056,6000.0,1200.0,3.0,37.229373227253596,297.17237464964626,259.9430014223927,4820.161676274193,0.9964448418524045,0.0,4262.994361328616,4687.726414467634,340.0747406878947,6000.0,1000000.0,340.0747406878947,6000.0,693.3436647814558,340.0747406878947,340.0747406878947,6000.0,0.0,1.0,0.0,49.0,4.0,0.0,1.0,49.0,,0.0,4.0,0.0,,1.0,,,,2.3271049031664006,2.861797118410095,0.0,1.0,0.0,,1.0,0.0,1.0,4.0,4.0,0.0,0.0,,0.0,686.1167128961134,49.0,0.0,122.20397281645876,16.0,686.1167128961134,,,,,0.0,0.0,,,,,,,,,,,,,0.0,340.0747406878947,5792.948746690447,0.0,340.0747406878947,6000.0,695.6707696846222,340.0747406878947,340.0747406878947,5792.948746690447,1.0,0.0,0.0,,,,18.0,0.0,0.0,0.0,693.3436647814558,0.0,1.0,0.0,1.0,1.0,1.0,1.0,0.0,0.0,0.0,0.0,0.0,693.3436647814558,297.17237464964626,0.0,1.0,0.0,695.6707696846222,298.3912831735197,298.3912831735197,0.0,1.0,0.0,1.0,1.0,34.66718323907279,1.0,0.0,1.0,0.0,0.0,1.0,693.3436647814558,1.0,0.0,693.3436647814558,0.0,1.0,534.3393331039564,4130.0,4130.0,4130.0,1691.25,1691.25,1691.25,1204.0,1204.0,1204.0,3.0,7025.25,7025.25,7025.25,340.0747406878947,6000.0,0.0,0.0,220.0,0.0,3180.086633549987,1.0,0.0,3180.086633549987,159.00433167749935,0.5,0.03549151852037696,0.0,17.745759260188482,-1611.7588801859056,2681.557948612095,-3315.000000000001,37566.666666666664,-22100.000000000004,5635.000000000001,,,,,,,,,,-471.79176354301626,1.0,4698.935184150378,-3145.278423620108,704.8402776225568,1.0,,,,,1204.0,1200.0,6000.0,5700.0,0.4654914577817411,0.5345085422182588,4069.6057036864754,693.3436647814558,534.3393331039564,1.0,0.0,340.0747406878947,0.0,6000.0,1.0,1.0,1.0,1.0,693.3436647814558,340.0747406878947,6000.0,1.0,0.0,297.17237464964626,99.05745821654875,340.0747406878947,0.0,193.22201487438645,340.0747406878947,6000.0,125.37588091896998,1.0,1.0,1.0,2.2855093300705107,99.05745821654875,3.0,,,,,,,,,,,,,,6.0,0.0,1.0,0.0,0.0,0.0,0.0,1.0,0.19900039608933862,0.40094394143407514,0.40094394143407514,340.0747406878947,6000.0,340.0747406878947,6000.0,693.3436647814558,340.0747406878947,340.0747406878947,6000.0,0.0,1.0,0.0,1.0,0.0,0.0,,,4820.161676274193,0.0,693.3436647814558,0.0,5.0,0.03549151852037696,0.0,340.0747406878947,340.0747406878947,2267.1649379192977,0.011396839914122289,-0.06902350457459062,0.2022183072801506,0.2754569549054432,-1.30150253851837,6.0,1.0,48.0,59.0,50.0,32.0,50.0,34.0,1.0,6.0,0.0,0.0,515.0809241790436,0.0,1.708769038237051,515.0809241790436,516.7896932172807,0.0,515.0809241790436,0.0,0.020673591825698168,515.0809241790436,515.1015977708694,0.0,515.0809241790436,0.0,7.419652593285491,515.0809241790436,522.500576772329,0.0,515.0809241790436,0.0,0.26086483085600776,515.0809241790436,515.3417890098996,0.0,-0.0011719974263509295,-6.891197275270618e-05,-0.016915851448970128,-0.0008695494361866925,1.0,1500.0,1500.0,1500.0,1500.0,,,0.0,-0.00631596619462833,-0.008523268426406716,-0.008992735869666469,-0.010572744097715692,-0.013149803806300042,-0.010954657670411727,-0.010425083879230891,-0.008291511047731424,0.09452973614485015,0.09337913738115891,-0.009380152221073069,-0.011497206964069837,-0.01717212532622172,-0.011767573832778756,-0.011217573584192043,-0.009075659420018313,1.0,90.0,80.0,90.0,90.0,90.0,90.0,90.0,90.0,100.0,100.0,90.0,90.0,80.0,90.0,90.0,90.0,1.0,1.0,1.0,1.0,0.0,1.0,0.0,,619.0,1.0,0.0,0.0,0.0,,0.0,,0.0,,-1.0,0.0,0.0,0.0,0.0,1.0,0.0,0.0,0.0,0.0,,0.0,,340.0747406878947,0.0,340.0747406878947,136.0,297.17237464964626,297.2896879487507,0.0,2.0,3.0652164999992237,340.0747406878947,51.0,1.0,,,36.0,34.0,,,,,2.0,2.0,300.0,300.0,2.0,2.0,,,,,1.0,1.0,10.0,10.0,48.0,64.0,63.0,49.0,44.0,68.0,26.0,86.0,56.0,56.0,0.0,0.0,0.0,0.0,0.0,1500.0,1500.0,1500.0,1500.0,53,9720.0,80.0,90.0,80.0,90.0,90.0,90.0,90.0,90.0,90.0,80.0,100.0,100.0,90.0,90.0,80.0,90.0,90.0,90.0
304.3116790811011,6000.0,0.0,0.0,0.0,0.0,0.0,0.0,0.0,0.0,0.0,0.0,0.0,0.0,0.0,0.0,0.0,0.0,0.0,0.0,0.0,0.0,0.0,0.0,0.0,0.0,0.0,0.0,0.0,0.0,0.0,0.0,0.0,0.0,0.0,0.0,0.0,0.0,0.0,0.0,0.0,0.0,0.0,0.0,0.0,0.0,0.0,0.0,0.0,0.0,0.0,0.0,0.0,0.0,0.0,0.0,0.0,0.0,0.0,0.0,0.0,0.0,0.0,0.0,0.0,0.0,0.0,0.0,0.0,0.0,0.0,0.0,0.0,0.0,0.0,0.0,0.0,0.0,0.0,0.0,0.0,0.0,0.0,0.0,0.0,0.0,0.0,0.0,0.0,0.0,0.0,0.0,0.0,0.0,1142.058,304.3116790811011,-1140.4283657737788,6000.0,1200.0,3.0,30.57739862890092,258.59154425315063,228.0141456242497,4099.790413842454,0.996444249869622,0.0,3833.825343884788,4135.677199643624,304.3116790811011,6000.0,1000000.0,304.3116790811011,6000.0,594.302066027076,304.3116790811011,304.3116790811011,6000.0,0.0,1.0,0.0,49.0,4.0,0.0,1.0,49.0,,0.0,4.0,0.0,,1.0,,,,3.608245315586487,3.608245315586487,0.0,1.0,0.0,,1.0,0.0,1.0,4.0,4.0,0.0,0.0,,0.0,588.9109442324245,49.0,0.0,103.54706983961387,13.0,588.9109442324245,,,,,0.0,0.0,,,,,,,,,,,,,0.0,304.3116790811011,5650.978070363784,0.0,304.3116790811011,6000.0,597.9103113426625,304.3116790811011,304.3116790811011,5650.978070363784,1.0,0.0,0.0,,,,18.0,0.0,0.0,0.0,594.302066027076,0.0,1.0,0.0,1.0,1.0,1.0,1.0,0.0,0.0,0.0,0.0,0.0,594.302066027076,258.59154425315063,0.0,1.0,0.0,597.9103113426625,260.8607149030237,260.8607149030237,0.0,1.0,0.0,1.0,1.0,29.7151033013538,1.0,0.0,1.0,0.0,0.0,1.0,594.302066027076,1.0,0.0,594.302066027076,0.0,1.0,458.94980613946296,4130.0,4130.0,4130.0,1691.25,1691.25,1691.25,1204.0,1204.0,1204.0,3.0,7025.25,7025.25,7025.25,304.3116790811011,6000.0,0.0,0.0,220.0,0.0,2707.0451977522607,1.0,0.0,2707.0451977522607,135.35225988761303,0.5,0.02046968148463337,0.0,10.234840742316687,-1140.4283657737788,1875.865105280007,-3315.000000000001,37566.666666666664,-22100.000000000004,5635.000000000001,,,,,,,,,,-457.12002123602673,1.0,4630.96511207512,-3047.4668082401777,694.644766811268,1.0,,,,,1204.0,1200.0,6000.0,4820.695833333332,0.44182967839396403,0.558170321606036,3130.7091841865213,594.302066027076,458.94980613946296,1.0,0.0,304.3116790811011,0.0,6000.0,1.0,1.0,1.0,1.0,594.302066027076,304.3116790811011,6000.0,1.0,0.0,258.59154425315063,86.19718141771688,304.3116790811011,0.0,120.95435298416304,304.3116790811011,6000.0,112.10097264395023,1.0,1.0,1.0,5.580850957964628,86.19718141771688,3.0,,,,,,,,,,,,,,6.0,0.0,1.0,0.0,0.0,0.0,0.0,1.0,0.13379924890184175,0.23909623553655365,0.23909623553655365,304.3116790811011,6000.0,304.3116790811011,6000.0,594.302066027076,304.3116790811011,304.3116790811011,6000.0,0.0,1.0,0.0,1.0,0.0,0.0,,,4099.790413842454,0.0,594.302066027076,0.0,5.0,0.02046968148463337,0.0,304.3116790811011,304.3116790811011,2028.7445272073403,0.02927617010452338,-0.19915295554567672,0.22978378352977324,0.08172933932733764,-1.310826125332578,6.0,1.0,48.0,63.0,44.0,26.0,56.0,35.0,1.0,6.0,0.0,0.0,446.1939156615929,0.0,0.3824880491069962,446.1939156615929,446.5764037106999,0.0,446.1939156615929,0.0,0.026209087738152448,446.1939156615929,446.22012474933103,0.0,446.1939156615929,0.0,5.565934420958001,446.1939156615929,451.7598500825509,0.0,446.1939156615929,0.0,0.317164765432949,446.1939156615929,446.51108042702583,0.0,-0.0010495460911480355,-8.73636257938415e-05,-0.010883970583652515,-0.0010572158847764967,1.0,1500.0,1500.0,1500.0,1500.0,,,0.0,-0.006157800837514671,-0.008325911837306599,-0.008972015348868823,-0.010183323464844563,-0.012621120273174923,-0.010578245180515821,-0.010039762795578253,-0.00803311381528662,0.09473983340848928,0.09366344284093095,-0.009072570825790206,-0.011297218560218968,-0.017606611411159358,-0.011877312573810172,-0.011399311395718037,-0.009311248540736637,1.0,90.0,80.0,90.0,90.0,90.0,90.0,90.0,90.0,100.0,100.0,90.0,90.0,80.0,90.0,90.0,90.0,1.0,1.0,1.0,1.0,0.0,1.0,0.0,,608.0,1.0,0.0,0.0,0.0,,0.0,,0.0,,-1.0,0.0,0.0,0.0,0.0,1.0,0.0,0.0,0.0,0.0,,0.0,,304.3116790811011,0.0,304.3116790811011,144.0,258.59154425315063,257.46661828609297,0.0,2.0,1.9411088999986532,304.3116790811011,51.0,1.0,,,36.0,34.0,,,,,2.0,2.0,300.0,300.0,2.0,2.0,,,,,1.0,1.0,10.0,10.0,48.0,64.0,69.0,43.0,38.0,74.0,20.0,92.0,62.0,50.0,0.0,0.0,0.0,0.0,0.0,1500.0,1500.0,1500.0,1500.0,54,9900.0,80.0,90.0,80.0,90.0,90.0,90.0,90.0,90.0,90.0,80.0,100.0,100.0,90.0,90.0,80.0,90.0,90.0,90.0
323.54885025016625,6000.0,0.0,0.0,0.0,0.0,0.0,0.0,0.0,0.0,0.0,0.0,0.0,0.0,0.0,0.0,0.0,0.0,0.0,0.0,0.0,0.0,0.0,0.0,0.0,0.0,0.0,0.0,0.0,0.0,0.0,0.0,0.0,0.0,0.0,0.0,0.0,0.0,0.0,0.0,0.0,0.0,0.0,0.0,0.0,0.0,0.0,0.0,0.0,0.0,0.0,0.0,0.0,0.0,0.0,0.0,0.0,0.0,0.0,0.0,0.0,0.0,0.0,0.0,0.0,0.0,0.0,0.0,0.0,0.0,0.0,0.0,0.0,0.0,0.0,0.0,0.0,0.0,0.0,0.0,0.0,0.0,0.0,0.0,0.0,0.0,0.0,0.0,0.0,0.0,0.0,0.0,0.0,0.0,1142.058,323.54885025016625,-666.5228271312434,6000.0,1200.0,3.0,25.38705919208524,223.34508064493474,197.9580214528495,3544.593471009797,0.9964197594429097,0.0,3452.6507142929763,3649.2056914069267,323.54885025016625,6000.0,1000000.0,323.54885025016625,6000.0,515.8172500897001,323.54885025016625,323.54885025016625,6000.0,0.0,1.0,0.0,49.0,4.0,0.0,1.0,49.0,,0.0,4.0,0.0,,1.0,,,,1.309929040444331,1.309929040444331,0.0,1.0,0.0,,1.0,0.0,1.0,4.0,4.0,0.0,0.0,,0.0,506.8663603146683,49.0,0.0,84.27777292063172,13.0,506.8663603146683,,,,,0.0,0.0,,,,,,,,,,,,,0.0,323.54885025016625,5762.8899723666345,0.0,323.54885025016625,6000.0,517.1271791301444,323.54885025016625,323.54885025016625,5762.8899723666345,1.0,0.0,0.0,,,,18.0,0.0,0.0,0.0,515.8172500897001,0.0,1.0,0.0,1.0,1.0,1.0,1.0,0.0,0.0,0.0,0.0,0.0,515.8172500897001,223.34508064493474,0.0,1.0,0.0,517.1271791301444,224.4269418082024,224.4269418082024,0.0,1.0,0.0,1.0,1.0,25.790862504485006,1.0,0.0,1.0,0.0,0.0,1.0,515.8172500897001,1.0,0.0,515.8172500897001,0.0,1.0,397.19843182087135,4130.0,4130.0,4130.0,1691.25,1691.25,1691.25,1204.0,1204.0,1204.0,3.0,7025.25,7025.25,7025.25,323.54885025016625,6000.0,0.0,0.0,220.0,0.0,2372.376365376576,1.0,0.0,2372.376365376576,118.6188182688288,0.5,0.030545622001133147,0.0,15.272811000566573,-666.5228271312434,1129.3636177841342,-3315.000000000001,37566.666666666664,-22100.000000000004,5635.000000000001,,,,,,,,,,-401.2153946448225,1.0,4520.119359361487,-2674.7692976321496,678.0179039042232,1.0,,,,,1204.0,1200.0,6000.0,4058.5536946614584,0.46048166206110575,0.5395183379388943,2515.1562950751354,515.8172500897001,397.19843182087135,1.0,0.0,323.54885025016625,0.0,6000.0,1.0,1.0,1.0,1.0,515.8172500897001,323.54885025016625,6000.0,1.0,0.0,223.34508064493474,74.44836021497825,323.54885025016625,0.0,73.40474928040473,323.54885025016625,6000.0,98.49520109145433,1.0,1.0,1.0,8.547408045383747,74.44836021497825,3.0,,,,,,,,,,,,,,6.0,0.0,1.0,0.0,0.0,0.0,0.0,1.0,0.09105252049132885,0.09105252049132885,0.08561878146572299,323.54885025016625,6000.0,323.54885025016625,6000.0,515.8172500897001,323.54885025016625,323.54885025016625,6000.0,0.0,1.0,0.0,1.0,0.0,0.0,,,3544.593471009797,0.0,515.8172500897001,0.0,5.0,0.030545622001133147,0.0,323.54885025016625,323.54885025016625,2156.992335001108,0.00026018283150750865,-0.05241053732394643,0.048036501253302305,-0.18160283235934718,-0.776662773073391,6.0,1.0,48.0,69.0,38.0,20.0,62.0,36.0,1.0,6.0,0.0,0.0,386.28013092294316,0.0,0.04215722085064044,386.28013092294316,386.32228814379386,0.0,386.28013092294316,0.0,0.028835318678147814,386.28013092294316,386.30896624162136,0.0,386.28013092294316,0.0,3.9056984340452345,386.28013092294316,390.18582935698834,0.0,386.28013092294316,0.0,0.346989623285026,386.28013092294316,386.6271205462282,0.0,-0.00014052406950232428,-9.611772892734886e-05,-0.005210433577526222,-0.0011524358232700216,1.0,1500.0,1500.0,1500.0,1500.0,,,0.0,-0.006545567867717139,-0.008957126066133813,-0.009654786174759787,-0.011219542039230923,-0.013703029451237293,-0.011475313665680798,-0.011056735270625938,-0.008879435767484088,0.09448436861322297,0.09335604539240744,-0.009300891455617943,-0.011637740217418369,-0.018984078259247285,-0.012967784308671336,-0.012448538644188024,-0.010245250720487941,1.0,90.0,80.0,90.0,90.0,90.0,90.0,90.0,90.0,100.0,100.0,90.0,90.0,80.0,90.0,90.0,90.0,1.0,1.0,1.0,1.0,0.0,1.0,0.0,,634.0,1.0,0.0,0.0,0.0,,0.0,,0.0,,-1.0,0.0,0.0,0.0,0.0,1.0,0.0,0.0,0.0,0.0,,0.0,,323.54885025016625,0.0,323.54885025016625,160.0,223.34508064493474,223.69153924005903,0.0,3.0,1.8274506999950972,323.54885025016625,51.0,1.0,,,36.0,34.0,,,,,2.0,2.0,300.0,300.0,2.0,2.0,,,,,1.0,1.0,10.0,10.0,48.0,64.0,74.0,38.0,32.0,80.0,26.0,86.0,68.0,44.0,0.0,0.0,0.0,0.0,0.0,1500.0,1500.0,1500.0,1500.0,55,10080.0,80.0,90.0,80.0,90.0,90.0,90.0,90.0,90.0,90.0,80.0,100.0,100.0,90.0,90.0,80.0,90.0,90.0,90.0
276.15942049085413,6000.0,0.0,0.0,0.0,0.0,0.0,0.0,0.0,0.0,0.0,0.0,0.0,0.0,0.0,0.0,0.0,0.0,0.0,0.0,0.0,0.0,0.0,0.0,0.0,0.0,0.0,0.0,0.0,0.0,0.0,0.0,0.0,0.0,0.0,0.0,0.0,0.0,0.0,0.0,0.0,0.0,0.0,0.0,0.0,0.0,0.0,0.0,0.0,0.0,0.0,0.0,0.0,0.0,0.0,0.0,0.0,0.0,0.0,0.0,0.0,0.0,0.0,0.0,0.0,0.0,0.0,0.0,0.0,0.0,0.0,0.0,0.0,0.0,0.0,0.0,0.0,0.0,0.0,0.0,0.0,0.0,0.0,0.0,0.0,0.0,0.0,0.0,0.0,0.0,0.0,0.0,0.0,0.0,1142.058,276.15942049085413,-495.7879362787275,6000.0,1200.0,3.0,22.413171630851043,194.2932156858409,171.88004405498984,3009.479994201728,0.9963065856640022,0.0,3199.336004854954,3346.5733133626354,276.15942049085413,6000.0,1000000.0,276.15942049085413,6000.0,458.6770191949305,276.15942049085413,276.15942049085413,6000.0,0.0,1.0,0.0,49.0,4.0,0.0,1.0,49.0,,0.0,4.0,0.0,,1.0,,,,0.25919489302680176,0.25919489302680176,0.0,1.0,0.0,,1.0,0.0,1.0,4.0,4.0,0.0,0.0,,0.0,445.1304151785447,49.0,0.0,83.01021464562984,13.0,445.1304151785447,,,,,0.0,0.0,,,,,,,,,,,,,0.0,276.15942049085413,5885.504815490889,0.0,276.15942049085413,6000.0,458.9362140879573,276.15942049085413,276.15942049085413,5885.504815490889,1.0,0.0,0.0,,,,18.0,0.0,0.0,0.0,458.6770191949305,0.0,1.0,0.0,1.0,1.0,1.0,1.0,0.0,0.0,0.0,0.0,0.0,458.6770191949305,194.2932156858409,0.0,1.0,0.0,458.9362140879573,194.54925747734464,194.54925747734464,0.0,1.0,0.0,1.0,1.0,22.933850959746525,1.0,0.0,1.0,0.0,0.0,0.0,458.6770191949305,1.0,0.0,458.6770191949305,0.0,1.0,349.1739995943939,4130.0,4130.0,4130.0,1691.25,1691.25,1691.25,1204.0,1204.0,1204.0,3.0,7025.25,7025.25,7025.25,276.15942049085413,6000.0,0.0,0.0,220.0,0.0,2190.060392010732,1.0,0.0,2190.060392010732,109.5030196005366,0.5,0.010894416347450794,0.0,5.4472081737253975,-495.7879362787275,889.8720850343594,-3315.000000000001,37566.666666666664,-22100.000000000004,5635.000000000001,,,,,,,,,,-356.7586307216138,1.0,4372.442220752188,-2378.390871477425,655.8663331128283,1.0,,,,,1204.0,1200.0,6000.0,3846.1954357888153,0.48091746924848155,0.5190825307515184,1880.760869080401,458.6770191949305,349.1739995943939,1.0,0.0,276.15942049085413,0.0,6000.0,1.0,1.0,1.0,1.0,458.6770191949305,276.15942049085413,6000.0,1.0,1.0,194.2932156858409,64.76440522861363,276.15942049085413,0.0,45.19926884729214,276.15942049085413,6000.0,85.34409172294407,1.0,1.0,1.0,10.26696562418033,64.76440522861363,3.0,,,,,,,,,,,,,,6.0,0.0,1.0,0.0,0.0,0.0,0.0,1.0,0.04699728257502785,0.04699728257502785,0.0,276.15942049085413,6000.0,276.15942049085413,6000.0,458.6770191949305,276.15942049085413,276.15942049085413,6000.0,0.0,1.0,0.0,1.0,0.0,0.0,,,3009.479994201728,0.0,458.6770191949305,0.0,5.0,0.010894416347450794,0.0,276.15942049085413,276.15942049085413,1841.0628032723605,0.022269837761892654,-0.028798402340748448,0.00938203913792296,-0.04862838092221422,-0.3253867825739759,6.0,1.0,48.0,74.0,32.0,26.0,68.0,37.0,1.0,6.0,0.0,0.0,337.42610120646725,0.0,0.023721198875136906,337.42610120646725,337.4498224053424,0.0,337.42610120646725,0.0,0.016902078458883807,337.42610120646725,337.44300328492614,0.0,337.42610120646725,0.0,2.4843678887056058,337.42610120646725,339.91046909517286,0.0,337.42610120646725,0.0,0.22084945625567798,337.42610120646725,337.64695066272293,0.0,-7.907066291712302e-05,-5.634026152961269e-05,-0.00518411080395058,-0.0007361648541855932,1.0,1500.0,1500.0,1500.0,1500.0,,,0.0,-0.006497400231222184,-0.008835108864983175,-0.009597427119571036,-0.01137284032509207,-0.014337280529144892,-0.01157843140963255,-0.011232840343765727,-0.009213355512695733,0.09455614955827399,0.0934446054523181,-0.009287363166218743,-0.011761304589015252,-0.019176650880922977,-0.013602308220001014,-0.0129233923261717,-0.010600801013607608,1.0,90.0,80.0,90.0,90.0,90.0,90.0,90.0,90.0,100.0,100.0,90.0,90.0,80.0,90.0,90.0,90.0,1.0,1.0,1.0,1.0,0.0,1.0,0.0,,513.0,1.0,0.0,0.0,0.0,,0.0,,0.0,,-1.0,0.0,0.0,0.0,0.0,1.0,0.0,0.0,0.0,0.0,,0.0,,276.15942049085413,0.0,276.15942049085413,80.0,194.2932156858409,194.69279803101585,0.0,1.0,1.6856603999985964,276.15942049085413,51.0,1.0,,,36.0,34.0,,,,,2.0,2.0,300.0,300.0,2.0,2.0,,,,,1.0,1.0,10.0,10.0,48.0,64.0,74.0,38.0,26.0,86.0,26.0,86.0,74.0,38.0,0.0,0.0,0.0,0.0,0.0,1500.0,1500.0,1500.0,1500.0,56,10260.0,80.0,90.0,80.0,90.0,90.0,90.0,90.0,90.0,90.0,80.0,100.0,100.0,90.0,90.0,80.0,90.0,90.0,90.0
303.97164504681314,6000.0,0.0,0.0,0.0,0.0,0.0,0.0,0.0,0.0,0.0,0.0,0.0,0.0,0.0,0.0,0.0,0.0,0.0,0.0,0.0,0.0,0.0,0.0,0.0,0.0,0.0,0.0,0.0,0.0,0.0,0.0,0.0,0.0,0.0,0.0,0.0,0.0,0.0,0.0,0.0,0.0,0.0,0.0,0.0,0.0,0.0,0.0,0.0,0.0,0.0,0.0,0.0,0.0,0.0,0.0,0.0,0.0,0.0,0.0,0.0,0.0,0.0,0.0,0.0,0.0,0.0,0.0,0.0,0.0,0.0,0.0,0.0,0.0,0.0,0.0,0.0,0.0,0.0,0.0,0.0,0.0,0.0,0.0,0.0,0.0,0.0,0.0,0.0,0.0,0.0,0.0,0.0,0.0,1142.058,303.97164504681314,-400.43533063520425,6000.0,1200.0,3.0,21.278697744183738,171.09213527846273,149.813437534279,2580.10316870598,0.9962526200821489,0.0,2988.495497247914,3107.5345389627005,303.97164504681314,6000.0,1000000.0,303.97164504681314,6000.0,414.608720232334,303.97164504681314,303.97164504681314,6000.0,0.0,1.0,0.0,49.0,4.0,0.0,1.0,49.0,,0.0,4.0,0.0,,1.0,,,,0.04150090170878684,0.04150090170878684,0.0,1.0,0.0,,1.0,0.0,1.0,4.0,4.0,0.0,0.0,,0.0,402.6312221260286,49.0,0.0,73.28049562108077,13.0,402.6312221260286,,,,,0.0,0.0,,,,,,,,,,,,,0.0,303.97164504681314,5925.46592081818,0.0,303.97164504681314,6000.0,414.6502211340428,303.97164504681314,303.97164504681314,5925.46592081818,1.0,0.0,0.0,,,,18.0,0.0,0.0,0.0,414.608720232334,0.0,1.0,0.0,1.0,1.0,1.0,1.0,0.0,0.0,0.0,0.0,0.0,414.608720232334,171.09213527846273,0.0,1.0,0.0,414.6502211340428,171.1336071441773,171.1336071441773,0.0,1.0,0.0,1.0,1.0,20.730436011616703,1.0,0.0,1.0,0.0,0.0,0.0,414.608720232334,1.0,0.0,414.608720232334,0.0,1.0,311.74030442228485,4130.0,4130.0,4130.0,1691.25,1691.25,1691.25,1204.0,1204.0,1204.0,3.0,7025.25,7025.25,7025.25,303.97164504681314,6000.0,0.0,0.0,220.0,0.0,2057.3683162009825,1.0,0.0,2057.3683162009825,102.86841581004913,0.5,0.025087453460019688,0.0,12.543726730009844,-400.43533063520425,787.753841464019,-3315.000000000001,37566.666666666664,-22100.000000000004,5635.000000000001,,,,,,,,,,-308.26558779042745,1.0,4229.768518518519,-2055.1039186028493,634.4652777777779,1.0,,,,,1204.0,1200.0,6000.0,4105.824149525909,0.4875776534696967,0.5124223465303033,1645.423855587374,414.608720232334,311.74030442228485,1.0,0.0,303.97164504681314,0.0,6000.0,1.0,1.0,1.0,1.0,414.608720232334,303.97164504681314,6000.0,1.0,1.0,171.09213527846273,57.03071175948758,303.97164504681314,0.0,28.57557228860843,303.97164504681314,6000.0,73.72739050629987,1.0,1.0,1.0,9.615741773258662,57.03071175948758,3.0,,,,,,,,,,,,,,6.0,0.0,1.0,0.0,0.0,0.0,0.0,1.0,0.030654434415789855,0.030654434415789855,0.0,303.97164504681314,6000.0,303.97164504681314,6000.0,414.608720232334,303.97164504681314,303.97164504681314,6000.0,0.0,1.0,0.0,1.0,0.0,0.0,,,2580.10316870598,0.0,414.608720232334,0.0,5.0,0.025087453460019688,0.0,303.97164504681314,303.97164504681314,2026.4776336454206,0.02118760729897634,-0.024283174765362757,-0.16486292320781953,-0.07997129151088896,-0.34939163388345484,6.0,1.0,48.0,74.0,26.0,26.0,74.0,38.0,1.0,6.0,0.0,0.0,299.49414189924795,0.0,0.02031878857258107,299.49414189924795,299.5144606878205,0.0,299.49414189924795,0.0,0.014224387231251967,299.49414189924795,299.5083662864792,0.0,299.49414189924795,0.0,1.1264309609485963,299.49414189924795,300.6205728601965,0.0,299.49414189924795,0.0,0.17750194323457436,299.49414189924795,299.6716438424825,0.0,-6.772929524174742e-05,-4.7414624104173225e-05,-0.0014648237619648559,-0.0005916731441152479,1.0,1500.0,1500.0,1500.0,1500.0,,,0.0,-0.006652600992478863,-0.009089755609169537,-0.009779933685939301,-0.01146100800758143,-0.014128374559219645,-0.011653837582454151,-0.011280031983560958,-0.009255886686601135,0.0944233295263884,0.09331692526217052,-0.009285726232698188,-0.011613852043348683,-0.01826161752754549,-0.013533926589689393,-0.012686305318423853,-0.010248167482700764,1.0,90.0,80.0,90.0,90.0,90.0,90.0,90.0,90.0,100.0,100.0,90.0,90.0,80.0,90.0,90.0,90.0,1.0,1.0,1.0,1.0,0.0,1.0,0.0,,562.0,1.0,0.0,0.0,0.0,,0.0,,0.0,,-1.0,0.0,0.0,0.0,0.0,1.0,0.0,0.0,0.0,0.0,,0.0,,303.97164504681314,0.0,303.97164504681314,112.0,171.09213527846273,171.4457992019835,0.0,3.0,1.6685399999987567,303.97164504681314,51.0,1.0,,,36.0,34.0,,,,,2.0,2.0,300.0,300.0,2.0,2.0,,,,,1.0,1.0,10.0,10.0,48.0,64.0,74.0,38.0,26.0,86.0,26.0,86.0,80.0,32.0,0.0,0.0,0.0,0.0,0.0,1500.0,1500.0,1500.0,1500.0,57,10440.0,80.0,90.0,80.0,90.0,90.0,90.0,90.0,90.0,90.0,80.0,100.0,100.0,90.0,90.0,80.0,90.0,90.0,90.0
264.01609477107036,6000.0,0.0,0.0,0.0,0.0,0.0,0.0,0.0,0.0,0.0,0.0,0.0,0.0,0.0,0.0,0.0,0.0,0.0,0.0,0.0,0.0,0.0,0.0,0.0,0.0,0.0,0.0,0.0,0.0,0.0,0.0,0.0,0.0,0.0,0.0,0.0,0.0,0.0,0.0,0.0,0.0,0.0,0.0,0.0,0.0,0.0,0.0,0.0,0.0,0.0,0.0,0.0,0.0,0.0,0.0,0.0,0.0,0.0,0.0,0.0,0.0,0.0,0.0,0.0,0.0,0.0,0.0,0.0,0.0,0.0,0.0,0.0,0.0,0.0,0.0,0.0,0.0,0.0,0.0,0.0,0.0,0.0,0.0,0.0,0.0,0.0,0.0,0.0,0.0,0.0,0.0,0.0,0.0,1142.058,264.01609477107036,-324.6918284908613,6000.0,1200.0,3.0,20.702338845043087,152.52630535654595,131.82396651150285,2264.1158804730403,0.9967273082915461,0.0,2761.8147118630973,2864.646123242681,264.01609477107036,6000.0,1000000.0,264.01609477107036,6000.0,375.72149469003745,264.01609477107036,264.01609477107036,6000.0,0.0,1.0,0.0,49.0,4.0,0.0,1.0,49.0,,0.0,4.0,0.0,,1.0,,,,0.0028681282819320586,0.0028681282819320586,0.0,1.0,0.0,,1.0,0.0,1.0,4.0,4.0,0.0,0.0,,0.0,369.5369345514237,49.0,0.0,72.48236960407627,13.0,369.5369345514237,,,,,0.0,0.0,,,,,,,,,,,,,0.0,264.01609477107036,5909.718686568074,0.0,264.01609477107036,6000.0,375.7243628183194,264.01609477107036,264.01609477107036,5909.718686568074,1.0,0.0,0.0,,,,18.0,0.0,0.0,0.0,375.72149469003745,0.0,1.0,0.0,1.0,1.0,1.0,1.0,0.0,0.0,0.0,0.0,0.0,375.72149469003745,152.52630535654595,0.0,1.0,0.0,375.7243628183194,152.527619066471,152.527619066471,0.0,1.0,0.0,1.0,1.0,18.786074734501874,1.0,0.0,1.0,0.0,0.0,0.0,375.72149469003745,1.0,0.0,375.72149469003745,0.0,1.0,279.5130737464756,4130.0,4130.0,4130.0,1691.25,1691.25,1691.25,1204.0,1204.0,1204.0,3.0,7025.25,7025.25,7025.25,264.01609477107036,6000.0,0.0,0.0,220.0,0.0,1924.1684188712375,1.0,0.0,1924.1684188712375,96.20842094356188,0.5,0.03659617676446548,0.0,18.298088382232738,-324.6918284908613,628.6568168051471,-3315.000000000001,37566.666666666664,-22100.000000000004,5635.000000000001,,,,,,,,,,-312.5277827224446,1.0,4055.2793099728688,-2083.5185514829636,608.2918964959304,1.0,,,,,1204.0,1200.0,6000.0,3919.169446395582,0.4849531144280123,0.5150468855719877,1262.3393438437963,375.72149469003745,279.5130737464756,1.0,0.0,264.01609477107036,0.0,6000.0,1.0,1.0,1.0,1.0,375.72149469003745,264.01609477107036,6000.0,1.0,1.0,152.52630535654595,50.84210178551532,264.01609477107036,0.0,28.15471951169627,264.01609477107036,6000.0,63.9667359277762,1.0,1.0,1.0,7.170393233632723,50.84210178551532,3.0,,,,,,,,,,,,,,6.0,0.0,1.0,0.0,0.0,0.0,0.0,1.0,0.0040513433224858494,0.0040513433224858494,0.0,264.01609477107036,6000.0,264.01609477107036,6000.0,375.72149469003745,264.01609477107036,264.01609477107036,6000.0,0.0,1.0,0.0,1.0,0.0,0.0,,,2264.1158804730403,0.0,375.72149469003745,0.0,5.0,0.03659617676446548,0.0,264.01609477107036,264.01609477107036,1760.107298473802,0.023513787092687626,-0.02358926763444717,-0.19442832742776517,-0.07125559941910914,-0.4009574537928797,6.0,1.0,48.0,74.0,26.0,26.0,80.0,39.0,1.0,6.0,0.0,0.0,269.4785136078619,0.0,0.023967719410961763,269.4785136078619,269.5024813272729,0.0,269.4785136078619,0.0,0.016118211550519845,269.4785136078619,269.4946318194124,0.0,269.4785136078619,0.0,0.7287960918525869,269.4785136078619,270.2073096997144,0.0,269.4785136078619,0.0,0.1141228416568083,269.4785136078619,269.5926364495187,0.0,-7.989239803672869e-05,-5.372737183506615e-05,-0.0024293203061751,-0.000380409472189361,1.0,1500.0,1500.0,1500.0,1500.0,,,0.0,-0.006461410036345505,-0.008967396620537825,-0.009656760723987735,-0.011487211644689755,-0.014733073475295198,-0.011634269291326407,-0.011328761990179447,-0.009399645648684986,0.09460525532877506,0.09356502967364007,-0.008889318474583786,-0.011033576968753954,-0.016969291901370996,-0.012751565654686202,-0.011889561948793136,-0.009499449860986697,1.0,90.0,80.0,90.0,90.0,90.0,90.0,90.0,90.0,100.0,100.0,90.0,90.0,80.0,90.0,90.0,90.0,1.0,1.0,1.0,1.0,0.0,1.0,0.0,,510.0,1.0,0.0,0.0,0.0,,0.0,,0.0,,-1.0,0.0,0.0,0.0,0.0,1.0,0.0,0.0,0.0,0.0,,0.0,,264.01609477107036,0.0,264.01609477107036,80.0,152.52630535654595,152.571448676261,0.0,2.0,1.551642799997353,264.01609477107036,51.0,1.0,,,36.0,34.0,,,,,2.0,2.0,300.0,300.0,2.0,2.0,,,,,1.0,1.0,10.0,10.0,48.0,64.0,74.0,38.0,32.0,80.0,26.0,86.0,86.0,26.0,0.0,0.0,0.0,0.0,0.0,1500.0,1500.0,1500.0,1500.0,58,10620.0,80.0,90.0,80.0,90.0,90.0,90.0,90.0,90.0,90.0,80.0,100.0,100.0,90.0,90.0,80.0,90.0,90.0,90.0
293.0241967082894,6000.0,0.0,0.0,0.0,0.0,0.0,0.0,0.0,0.0,0.0,0.0,0.0,0.0,0.0,0.0,0.0,0.0,0.0,0.0,0.0,0.0,0.0,0.0,0.0,0.0,0.0,0.0,0.0,0.0,0.0,0.0,0.0,0.0,0.0,0.0,0.0,0.0,0.0,0.0,0.0,0.0,0.0,0.0,0.0,0.0,0.0,0.0,0.0,0.0,0.0,0.0,0.0,0.0,0.0,0.0,0.0,0.0,0.0,0.0,0.0,0.0,0.0,0.0,0.0,0.0,0.0,0.0,0.0,0.0,0.0,0.0,0.0,0.0,0.0,0.0,0.0,0.0,0.0,0.0,0.0,0.0,0.0,0.0,0.0,0.0,0.0,0.0,0.0,0.0,0.0,0.0,0.0,0.0,1142.058,293.0241967082894,-319.74780523908805,6000.0,1200.0,3.0,20.536047925956623,136.30705486089153,115.77100693493492,2009.4182139004542,0.9972479982525904,0.0,2551.960545196432,2653.2982630873803,293.0241967082894,5946.274386586634,0.0,293.0241967082894,6000.0,343.057356564162,293.0241967082894,293.0241967082894,5946.274386586634,1.0,0.0,0.0,49.0,4.0,0.0,1.0,49.0,,0.0,4.0,0.0,,1.0,,,,0.0,0.0,0.0,1.0,0.0,,1.0,0.0,1.0,4.0,4.0,0.0,0.0,,0.0,337.059642732658,49.0,0.0,67.63331234833333,13.0,337.059642732658,,,,,0.0,0.0,,,,,,,,,,,,,0.0,293.0241967082894,5946.274386586634,13.0,-319.74780523908805,6000.0,343.057356564162,293.0241967082894,293.0241967082894,5946.274386586634,1.0,0.0,0.0,,,,18.0,0.0,0.0,0.0,343.057356564162,0.0,1.0,0.0,1.0,1.0,1.0,1.0,0.0,0.0,0.0,0.0,0.0,343.057356564162,136.30705486089153,0.0,1.0,0.0,343.057356564162,136.30705486089153,136.30705486089153,0.0,1.0,0.0,1.0,1.0,17.152867828208098,1.0,0.0,1.0,0.0,0.0,0.0,343.057356564162,1.0,0.0,343.057356564162,0.0,1.0,253.51143562060003,4130.0,4130.0,4130.0,1691.25,1691.25,1691.25,1204.0,1204.0,1204.0,3.0,7025.25,7025.25,7025.25,293.0241967082894,6000.0,0.0,0.0,220.0,0.0,1790.9184188712386,1.0,0.0,1790.9184188712386,89.54592094356194,0.5,0.008561508741922913,0.0,4.280754370961456,-319.74780523908805,623.6033892250958,-3315.000000000001,37566.666666666664,-22100.000000000004,5635.000000000001,,,,,,,,,,-286.5372860667245,1.0,3786.9228284913866,-1910.248573778163,568.0384242737081,1.0,,,,,1204.0,1200.0,6000.0,4078.750123682805,0.49104573109777244,0.5089542689022276,1361.912287934667,343.057356564162,253.51143562060003,1.0,0.0,293.0241967082894,0.0,6000.0,1.0,1.0,1.0,1.0,343.057356564162,293.0241967082894,6000.0,1.0,1.0,136.30705486089153,45.435684953630506,293.0241967082894,0.0,23.351429202531527,293.0241967082894,6000.0,56.469060090313974,1.0,1.0,1.0,4.2622458734118425,45.435684953630506,3.0,,,,,,,,,,,,,,6.0,0.0,1.0,0.0,0.0,0.0,0.0,1.0,0.010966131106574097,0.010966131106574097,0.0,293.0241967082894,6000.0,293.0241967082894,6000.0,343.057356564162,293.0241967082894,293.0241967082894,5946.274386586634,0.0,1.0,0.0,1.0,0.0,0.0,,,2009.4182139004542,0.0,343.057356564162,0.0,5.0,0.008561508741922913,0.0,293.0241967082894,293.0241967082894,1953.4946447219293,0.03067796194729259,-0.026281752529221124,-0.1931104274242941,-0.08519727441587405,-0.16185904472456425,6.0,1.0,48.0,74.0,32.0,26.0,86.0,40.0,1.0,6.0,0.0,0.0,244.01189066639887,0.0,0.020364509356227245,244.01189066639887,244.0322551757551,0.0,244.01189066639887,0.0,0.01337544942475688,244.01189066639887,244.02526611582363,0.0,244.01189066639887,0.0,1.6049731112758536,244.01189066639887,245.61686377767475,0.0,244.01189066639887,0.0,0.06411849962927363,244.01189066639887,244.07600916602814,0.0,-6.788169785409082e-05,-4.4584831415856265e-05,-0.004275341427246175,-0.00021372833209757876,1.0,1500.0,1500.0,1500.0,1500.0,,,0.0,-0.006680659489720674,-0.00908562612438315,-0.009675196912130523,-0.01122163767377682,-0.013638603649311331,-0.011385124355227828,-0.010831091435940632,-0.008727900055561745,0.09446667286075128,0.09342276006446086,-0.00899845683648235,-0.011017369551324572,-0.01650109696529882,-0.012871369087099627,-0.011800319330386697,-0.009323925182105296,1.0,90.0,80.0,90.0,90.0,90.0,90.0,90.0,90.0,100.0,100.0,90.0,90.0,80.0,90.0,90.0,90.0,1.0,1.0,1.0,1.0,0.0,1.0,0.0,,567.0,1.0,0.0,0.0,0.0,,0.0,,0.0,,-1.0,0.0,0.0,0.0,0.0,1.0,0.0,0.0,0.0,0.0,,0.0,,293.0241967082894,0.0,293.0241967082894,112.0,136.30705486089153,136.92184790745614,0.0,2.0,1.6970636999976705,293.0241967082894,51.0,1.0,,,36.0,34.0,,,,,2.0,2.0,300.0,300.0,2.0,2.0,,,,,1.0,1.0,10.0,10.0,48.0,64.0,74.0,38.0,38.0,74.0,26.0,86.0,92.0,20.0,0.0,0.0,0.0,0.0,0.0,1500.0,1500.0,1500.0,1500.0,59,10800.0,80.0,90.0,80.0,90.0,90.0,90.0,90.0,90.0,90.0,80.0,100.0,100.0,90.0,90.0,80.0,90.0,90.0,90.0
