boundary_queue_in_A_left,boundary_queue_in_A_top,boundary_queue_in_B_top,boundary_queue_in_C_right,boundary_queue_in_C_top,boundary_queue_in_D_left,boundary_queue_in_F_right,boundary_queue_out_A_left,boundary_queue_out_A_top,boundary_queue_out_B_top,boundary_queue_out_C_right,boundary_queue_out_C_top,boundary_queue_out_D_left,boundary_queue_out_F_right,flow_FW_E_mean,flow_FW_W_mean,freeway_vehicles,lambda_eff_FW_E_last,lambda_eff_FW_E_mean,lambda_eff_FW_W_last,lambda_eff_FW_W_mean,movement_queue_A_E_to_N,movement_queue_A_E_to_S,movement_queue_A_E_to_W,movement_queue_A_N_to_E,movement_queue_A_N_to_S,movement_queue_A_N_to_W,movement_queue_A_S_to_E,movement_queue_A_S_to_N,movement_queue_A_S_to_W,movement_queue_A_W_to_E,movement_queue_A_W_to_N,movement_queue_A_W_to_S,movement_queue_B_E_to_N,movement_queue_B_E_to_S,movement_queue_B_E_to_W,movement_queue_B_N_to_E,movement_queue_B_N_to_S,movement_queue_B_N_to_W,movement_queue_B_S_to_E,movement_queue_B_S_to_N,movement_queue_B_S_to_W,movement_queue_B_W_to_E,movement_queue_B_W_to_N,movement_queue_B_W_to_S,movement_queue_C_E_to_N,movement_queue_C_E_to_S,movement_queue_C_E_to_W,movement_queue_C_N_to_E,movement_queue_C_N_to_S,movement_queue_C_N_to_W,movement_queue_C_S_to_E,movement_queue_C_S_to_N,movement_queue_C_S_to_W,movement_queue_C_W_to_E,movement_queue_C_W_to_N,movement_queue_C_W_to_S,movement_queue_D_E_to_N,movement_queue_D_E_to_W,movement_queue_D_E_to_onE,movement_queue_D_E_to_onW,movement_queue_D_N_to_E,movement_queue_D_N_to_W,movement_queue_D_N_to_onE,movement_queue_D_N_to_onW,movement_queue_D_W_to_E,movement_queue_D_W_to_N,movement_queue_D_W_to_onE,movement_queue_D_W_to_onW,movement_queue_D_offE_to_E,movement_queue_D_offE_to_N,movement_queue_D_offE_to_W,movement_queue_D_offW_to_E,movement_queue_D_offW_to_N,movement_queue_D_offW_to_W,movement_queue_E_E_to_N,movement_queue_E_E_to_W,movement_queue_E_N_to_E,movement_queue_E_N_to_W,movement_queue_E_W_to_E,movement_queue_E_W_to_N,movement_queue_F_E_to_N,movement_queue_F_E_to_W,movement_queue_F_E_to_onE,movement_queue_F_E_to_onW,movement_queue_F_N_to_E,movement_queue_F_N_to_W,movement_queue_F_N_to_onE,movement_queue_F_N_to_onW,movement_queue_F_W_to_E,movement_queue_F_W_to_N,movement_queue_F_W_to_onE,movement_queue_F_W_to_onW,movement_queue_F_offE_to_E,movement_queue_F_offE_to_N,movement_queue_F_offE_to_W,movement_queue_F_offW_to_E,movement_queue_F_offW_to_N,movement_queue_F_offW_to_W,ramp_queue_R_D_E,ramp_queue_R_D_W,ramp_queue_R_F_E,ramp_queue_R_F_W,rho_FW_E_mean,rho_FW_W_mean,speed_FW_E_mean,speed_FW_W_mean,step,storage_available_A_left_out,storage_available_A_to_B,storage_available_A_to_D,storage_available_A_top_out,storage_available_B_to_A,storage_available_B_to_C,storage_available_B_to_E,storage_available_B_top_out,storage_available_C_right_out,storage_available_C_to_B,storage_available_C_to_F,storage_available_C_top_out,storage_available_D_R_E,storage_available_D_R_W,storage_available_D_left_out,storage_available_D_to_A,storage_available_D_to_E,storage_available_E_to_B,storage_available_E_to_D,storage_available_E_to_F,storage_available_F_R_E,storage_available_F_R_W,storage_available_F_right_out,storage_available_F_to_C,storage_available_F_to_E,storage_available_OR_D_E_storage,storage_available_OR_D_W_storage,storage_available_OR_F_E_storage,storage_available_OR_F_W_storage,time_sec,urban_protected_accumulation_veh,urban_vehicles
5.923076923076924,0.0,0.0,4.355555555555557,0.0,8.076923076923078,4.977777777777778,0.3645833333333333,1.6630608974358978,6.182725694444445,0.3645833333333333,1.271180555555556,0.0,0.0,1334.704881870877,1276.603674585033,113.23872809172725,2.0,2.0,2.0,2.0,0.18229166666666666,0.18229166666666666,0.3645833333333333,0.0,0.0,0.0,0.0,0.0,0.0,2.961538461538462,1.480769230769231,1.480769230769231,3.114149305555556,3.114149305555556,6.228298611111112,0.0,0.0,0.0,0.0,0.0,0.0,6.137152777777778,3.068576388888889,3.068576388888889,1.0888888888888892,1.0888888888888892,2.1777777777777785,0.0,0.0,0.0,0.0,0.0,0.0,0.3645833333333333,0.18229166666666666,0.18229166666666666,0.0,0.0,2.5666666666666678,2.3333333333333335,0.0,0.0,0.0,0.0,4.038461538461539,2.0192307692307696,1.0096153846153848,1.0096153846153848,0.0,0.0,0.0,0.0,0.0,0.0,0.0,0.0,0.0,0.0,0.0,0.0,1.2444444444444445,2.488888888888889,0.6222222222222222,0.6222222222222222,0.0,0.0,0.0,0.0,0.0,0.0,2.683333333333333,2.4499999999999997,0.0,0.0,0.0,0.0,0.0,0.0,0.4894764957264957,0.4505876068376069,0.4925925925925927,0.4537037037037037,7.125524004181777,6.793521957426579,94.55655334317831,94.83598095357257,0,219.87112713675214,209.54506913944553,213.7127403846154,219.9158653846154,214.71788194444454,214.78298611111123,212.25043402777763,220.0,219.86122685185185,210.72726185676936,212.6586805555555,219.94814814814814,180.0,180.0,219.96915064102564,211.9376448407548,204.56652955521287,204.0665083466422,205.75781741232498,205.80869093431718,180.0,180.0,219.9773148148148,208.58753184016214,204.51390480896987,59.494511455027215,59.51875812732826,59.19117141997934,59.23714531492789,180.0,173.01272137579988,59.55590277777778
0.0,4.166666666666667,5.0,0.0,5.416666666666668,0.0,0.0,2.6883542577800434,3.2933751822267534,5.046647106959971,3.142488317622828,3.5766433019123225,1.0715227697649572,1.2341001157407412,1135.8338174382409,1077.1682978366798,94.15680262131228,2.0,1.9983518835957188,2.0,1.9985121513909443,0.0,0.0,0.0,1.0416666666666667,2.0833333333333335,1.0416666666666667,1.6466875911133767,3.2933751822267534,1.6466875911133767,0.0,0.0,0.0,0.0,0.0,0.0,1.25,2.5,1.25,2.328879109035541,5.046647106959971,2.328879109035541,0.0,0.0,0.0,0.0,0.0,0.0,1.354166666666667,2.708333333333334,1.354166666666667,1.7883216509561612,3.5766433019123225,1.7883216509561612,0.0,0.0,0.0,0.0,0.0,0.0,0.0,1.0715227697649572,1.0715227697649572,3.6381894364316243,3.404856103098291,0.0,0.0,0.0,0.0,0.0,0.0,0.0,0.0,0.0,0.0,0.0,0.0,0.0,0.0,0.0,0.0,0.0,0.0,0.0,0.0,1.2341001157407412,1.2341001157407412,3.917433449074074,3.6841001157407405,0.0,0.0,0.0,0.0,0.0,0.0,0.0,0.0,0.0,0.0,0.6387556585967551,0.5998667697078661,0.5806762203175664,0.5417873314286776,5.902105850368058,5.580759827827398,96.556909998234,96.81503324354446,1,219.70486111111111,212.42218728161922,211.7593506950009,219.7290331196581,212.19160068848151,211.9269363944844,212.9703351369244,219.95008680555557,219.70486111111111,213.8873817255278,212.07032727307038,219.76168981481482,180.0,180.0,220.0,210.1359661869899,210.44535705163972,209.09223168913215,207.92901852216855,207.08558500077535,180.0,180.0,220.0,211.08947967017102,213.30479563030315,56.629718368632815,56.790563305006636,55.304285208538325,55.551837453909116,360.0,152.89460315578143,57.28360050199866
5.923076923076924,0.0,0.0,4.355555555555557,0.0,8.076923076923078,4.977777777777778,1.971980245256188,2.4667593533973253,3.0591595889642993,2.2195422109342795,2.1986599943560288,2.7774216571849597,3.4565912437200685,1110.1624222240066,1051.030691166074,91.38401650311026,2.0,2.0,2.0,2.0,0.985990122628094,0.985990122628094,1.971980245256188,0.0,0.0,0.0,0.0,0.0,0.0,2.961538461538462,1.480769230769231,1.480769230769231,1.386293966325643,1.386293966325643,2.772587932651286,0.0,0.0,0.0,0.0,0.0,0.0,3.3457312452773125,1.6728656226386562,1.6728656226386562,1.0888888888888892,1.0888888888888892,2.1777777777777785,0.0,0.0,0.0,0.0,0.0,0.0,2.2195422109342795,1.1097711054671398,1.1097711054671398,1.3887108285924799,2.7774216571849597,3.261022080962908,3.027688747629574,0.0,0.0,0.0,0.0,4.038461538461539,2.0192307692307696,1.0096153846153848,1.0096153846153848,0.0,0.0,0.0,0.0,0.0,0.0,0.0,0.0,0.0,0.0,0.0,0.0,1.2444444444444445,2.488888888888889,0.6222222222222222,0.6222222222222222,0.0,0.0,0.0,0.0,3.4565912437200685,1.7282956218600343,3.54748114426335,3.3141478109300166,0.0,0.0,0.0,0.0,0.0,0.0,0.5116556173571283,0.4727667284682393,0.4980179398148149,0.45912905092592593,5.750633127150928,5.429672768667092,96.78527427874012,97.02723984357787,2,219.8535528577915,212.92021234414378,213.60263072219627,219.8807168266941,212.18155140224778,212.4505392180554,212.942380695788,219.86401353276352,219.8497478751637,212.64700151389283,212.55498273336366,219.92519019477183,180.0,180.0,219.9656241653312,213.10166754620627,212.52066716103835,208.62274949629085,210.46970066887638,209.7660846705816,180.0,180.0,219.9746021412037,211.74486543700212,211.74028934560764,59.50560957559163,59.52955606066144,59.35853768081682,59.40295941068545,540.0,143.3919320705852,66.45437573671487
0.0,4.166666666666667,5.0,0.0,5.416666666666668,0.0,0.0,2.509573547133659,2.9358137609339847,3.1513690870185354,2.9408743737269467,3.1734154141205595,1.2425779339839313,1.4032430504950768,1104.9422206466709,1046.0705933658298,91.49495314288401,2.0,1.9983608318307788,2.0,1.9985210721687405,0.0,0.0,0.0,1.0416666666666667,2.0833333333333335,1.0416666666666667,1.4679068804669924,2.9358137609339847,1.4679068804669924,0.0,0.0,0.0,0.0,0.0,0.0,1.25,2.5,1.25,1.5756845435092677,3.1513690870185354,1.5756845435092677,0.0,0.0,0.0,0.0,0.0,0.0,1.354166666666667,2.708333333333334,1.354166666666667,1.5867077070602797,3.1734154141205595,1.5867077070602797,0.0,0.0,0.0,0.0,0.0,0.0,0.0,1.2425779339839313,1.2425779339839313,3.8092446006505987,3.5759112673172653,0.0,0.0,0.0,0.0,0.0,0.0,0.0,0.0,0.0,0.0,0.0,0.0,0.0,0.0,0.0,0.0,0.0,0.0,0.0,0.0,1.4032430504950768,1.4032430504950768,4.08657638382841,3.853243050495076,0.0,0.0,0.0,0.0,0.0,0.0,0.0,0.0,0.0,0.0,0.6525903537397043,0.6137014648508154,0.6018072174907301,0.5629183286018411,5.730801977548092,5.410275683824656,96.73394729822866,96.97982078830569,3,219.91392004985755,212.04239096149647,213.07119147722534,219.83356258903135,213.6374717120922,213.2153373806229,213.13112320732623,219.95008680555557,219.91392004985755,213.528845927415,213.37965202717965,219.86621928418805,180.0,180.0,219.9195152733062,211.81110781860738,210.28765362945694,208.88375835724972,210.16989349624785,209.21040758690697,180.0,180.0,219.9135523086939,212.53554746396924,213.13480966326264,56.62467097832777,56.785789337776066,55.379819241722906,55.62769896292029,720.0,136.46287142355544,53.72114712872886
5.923076923076924,0.0,0.0,4.355555555555557,0.0,8.076923076923078,4.977777777777778,2.1085737745564384,2.53505611804745,2.8521669352061103,2.4475308208795425,2.3126542993286607,2.662915565867492,3.342537299929346,1099.802415874335,1040.7231056566047,90.4319035977227,2.0,2.0,2.0,2.0,1.0542868872782192,1.0542868872782192,2.1085737745564384,0.0,0.0,0.0,0.0,0.0,0.0,2.961538461538462,1.480769230769231,1.480769230769231,1.2974247497673401,1.2974247497673401,2.5948494995346802,0.0,0.0,0.0,0.0,0.0,0.0,3.10948437087754,1.55474218543877,1.55474218543877,1.0888888888888892,1.0888888888888892,2.1777777777777785,0.0,0.0,0.0,0.0,0.0,0.0,2.4475308208795425,1.2237654104397713,1.2237654104397713,1.331457782933746,2.662915565867492,3.2323955581335406,2.999062224800207,0.0,0.0,0.0,0.0,4.038461538461539,2.0192307692307696,1.0096153846153848,1.0096153846153848,0.0,0.0,0.0,0.0,0.0,0.0,0.0,0.0,0.0,0.0,0.0,0.0,1.2444444444444445,2.488888888888889,0.6222222222222222,0.6222222222222222,0.0,0.0,0.0,0.0,3.342537299929346,1.671268649964673,3.5189676583156695,3.285634324982336,0.0,0.0,0.0,0.0,0.0,0.0,0.4986496362691376,0.4597607473802487,0.4980179398148149,0.45912905092592593,5.692305639856253,5.372237638060317,96.85325787132705,97.09207218179583,4,219.85369452458843,213.07409127841834,213.79426781122592,219.88100016028795,212.28473395737765,212.54082248001393,213.0383960781946,219.86401353276352,219.84597387594897,212.8118834358077,212.7869105844168,219.9176421963424,180.0,180.0,219.9656241653312,212.77053836346823,212.70233903461968,208.72839881232267,210.4545951161512,209.709989747494,180.0,180.0,219.9746021412037,211.7081929822024,211.9722046193072,59.50581760488626,59.52975974642269,59.365662661484755,59.409978538835986,900.0,141.8491413329051,65.89844932995675
0.0,4.166666666666667,5.0,0.0,5.416666666666668,0.0,0.0,2.501961004525558,2.920588675717782,3.0518589443200543,2.928680943435415,3.149028553537496,1.2451235135769956,1.4058246281598152,1104.0715198327448,1045.2230087213038,91.41289913005843,2.0,1.9983645387400895,2.0,1.998524520071245,0.0,0.0,0.0,1.0416666666666667,2.0833333333333335,1.0416666666666667,1.460294337858891,2.920588675717782,1.460294337858891,0.0,0.0,0.0,0.0,0.0,0.0,1.25,2.5,1.25,1.5259294721600272,3.0518589443200543,1.5259294721600272,0.0,0.0,0.0,0.0,0.0,0.0,1.354166666666667,2.708333333333334,1.354166666666667,1.574514276768748,3.149028553537496,1.574514276768748,0.0,0.0,0.0,0.0,0.0,0.0,0.0,1.2451235135769956,1.2451235135769956,3.811790180243663,3.57845684691033,0.0,0.0,0.0,0.0,0.0,0.0,0.0,0.0,0.0,0.0,0.0,0.0,0.0,0.0,0.0,0.0,0.0,0.0,0.0,0.0,1.4058246281598152,1.4058246281598152,4.089157961493148,3.8558246281598145,0.0,0.0,0.0,0.0,0.0,0.0,0.0,0.0,0.0,0.0,0.6519683732777386,0.6130794843888498,0.6011982862381939,0.562309397349305,5.725718874531115,5.405386692316936,96.74150028465083,96.98696673889086,5,219.91392004985755,212.05361865479526,213.1359068528161,219.83356258903135,213.7019702156668,213.27804244263262,213.19472499011843,219.95008680555557,219.91392004985755,213.53940545653379,213.44906442406077,219.86621928418805,180.0,180.0,219.921752721259,211.82969279680427,210.27682719062366,208.95825445412004,210.3138023013718,209.3407707868971,180.0,180.0,219.91597497896177,212.55243979377946,213.1147904534994,56.625121195607065,56.78621729639933,55.38684229654736,55.63459046863366,1080.0,135.490101338194,53.46341158076458
5.923076923076924,0.0,0.0,4.355555555555557,0.0,8.076923076923078,4.977777777777778,2.1059338922767195,2.533736176907591,2.851386469049478,2.444723897554937,2.311250837666358,2.64668592088056,3.3266956340870384,1099.1874318193247,1040.1121981607646,90.38902476228827,2.0,2.0,2.0,2.0,1.0529669461383597,1.0529669461383597,2.1059338922767195,0.0,0.0,0.0,0.0,0.0,0.0,2.961538461538462,1.480769230769231,1.480769230769231,1.2971481658443844,1.2971481658443844,2.594296331688769,0.0,0.0,0.0,0.0,0.0,0.0,3.108476606410188,1.554238303205094,1.554238303205094,1.0888888888888892,1.0888888888888892,2.1777777777777785,0.0,0.0,0.0,0.0,0.0,0.0,2.444723897554937,1.2223619487774684,1.2223619487774684,1.32334296044028,2.64668592088056,3.228338146886808,2.995004813553474,0.0,0.0,0.0,0.0,4.038461538461539,2.0192307692307696,1.0096153846153848,1.0096153846153848,0.0,0.0,0.0,0.0,0.0,0.0,0.0,0.0,0.0,0.0,0.0,0.0,1.2444444444444445,2.488888888888889,0.6222222222222222,0.6222222222222222,0.0,0.0,0.0,0.0,3.3266956340870384,1.6633478170435192,3.5150072418550926,3.2816739085217588,0.0,0.0,0.0,0.0,0.0,0.0,0.5008740546015977,0.46198516571270876,0.5017117725465328,0.4628228836576439,5.688858353122522,5.368845507598702,96.85710127569992,97.09577141203928,6,219.85372234067566,213.08579256523447,213.80725502805248,219.8810557924624,212.30401664555518,212.55746641532193,213.0435343938553,219.86401353276352,219.84597387074987,212.82363163513656,212.79983844645523,219.9176421859442,180.0,180.0,219.9656241653312,212.76791808616045,212.70803990863746,208.7439935624622,210.46688779993377,209.7188703837754,180.0,180.0,219.9746021412037,211.71056245567937,211.98198066179162,59.50582629221755,59.52976804151094,59.36585910516781,59.4101708734913,1260.0,141.64451177113065,65.82029123246309
0.0,4.166666666666667,5.0,0.0,5.416666666666668,0.0,0.0,2.5013357203276865,2.91933810732204,3.0465332360162765,2.9279471501265193,3.1475609669197047,1.2443135007122728,1.4050225020706317,1103.9603910857481,1045.1131991520203,91.40222220958773,2.0,1.9983649340865899,2.0,1.9985248921278926,0.0,0.0,0.0,1.0416666666666667,2.0833333333333335,1.0416666666666667,1.45966905366102,2.91933810732204,1.45966905366102,0.0,0.0,0.0,0.0,0.0,0.0,1.25,2.5,1.25,1.5232666180081382,3.0465332360162765,1.5232666180081382,0.0,0.0,0.0,0.0,0.0,0.0,1.354166666666667,2.708333333333334,1.354166666666667,1.5737804834598523,3.1475609669197047,1.5737804834598523,0.0,0.0,0.0,0.0,0.0,0.0,0.0,1.2443135007122728,1.2443135007122728,3.81098016737894,3.577646834045607,0.0,0.0,0.0,0.0,0.0,0.0,0.0,0.0,0.0,0.0,0.0,0.0,0.0,0.0,0.0,0.0,0.0,0.0,0.0,0.0,1.4050225020706317,1.4050225020706317,4.088355835403965,3.8550225020706312,0.0,0.0,0.0,0.0,0.0,0.0,0.0,0.0,0.0,0.0,0.6518936263551269,0.613004737466238,0.6010806675263121,0.5621917786374231,5.725066383143057,5.404750015852082,96.74253277997754,96.98795624306365,7,219.91392004985755,212.0557367321759,213.1374696686471,219.83356258903135,213.70631737478755,213.28220515507687,213.19897992590103,219.95008680555557,219.91392004985755,213.5413645182379,213.45063129443636,219.86621928418805,180.0,180.0,219.9220304859506,211.83221427722674,210.27754621836513,208.95930072254993,210.3155164710017,209.3424635705754,180.0,180.0,219.91644437262718,212.5552168189749,213.11560419492366,56.62514727311964,56.7862422031388,55.38764260132311,55.6353839440969,1440.0,135.43878604613383,53.44087529831433
5.923076923076924,0.0,0.0,4.355555555555557,0.0,8.076923076923078,4.977777777777778,2.1054441268506503,2.5334912941945564,2.8511816738228735,2.4441943782098843,2.3109860779938316,2.6455987713725517,3.3256339655426936,1099.1586377492051,1040.0835280128454,90.38647039228945,2.0,2.0,2.0,2.0,1.0527220634253251,1.0527220634253251,2.1054441268506503,0.0,0.0,0.0,0.0,0.0,0.0,2.961538461538462,1.480769230769231,1.480769230769231,1.2970384367168308,1.2970384367168308,2.5940768734336617,0.0,0.0,0.0,0.0,0.0,0.0,3.108286474212085,1.5541432371060424,1.5541432371060424,1.0888888888888892,1.0888888888888892,2.1777777777777785,0.0,0.0,0.0,0.0,0.0,0.0,2.4441943782098843,1.2220971891049421,1.2220971891049421,1.3227993856862759,2.6455987713725517,3.228066359509806,2.994733026176472,0.0,0.0,0.0,0.0,4.038461538461539,2.0192307692307696,1.0096153846153848,1.0096153846153848,0.0,0.0,0.0,0.0,0.0,0.0,0.0,0.0,0.0,0.0,0.0,0.0,1.2444444444444445,2.488888888888889,0.6222222222222222,0.6222222222222222,0.0,0.0,0.0,0.0,3.3256339655426936,1.6628169827713468,3.5147418247190068,3.281408491385673,0.0,0.0,0.0,0.0,0.0,0.0,0.5008723586256857,0.4619834697367967,0.5017117114070639,0.462822822518175,5.68869774970837,5.368687254041845,96.85727459719364,97.09593512632846,8,219.853724478439,213.0861516776604,213.80774398744313,219.8810600679891,212.30559498748008,212.5589617370819,213.04388982285553,219.86401353276352,219.84597382976304,212.8240882576188,212.80032237039183,219.91764210397056,180.0,180.0,219.9656241653312,212.7680220011238,212.37202081328164,208.91357670752953,210.46823282231844,209.88813894332097,180.0,180.0,219.9746021412037,211.71080321505528,211.98266319258082,59.50582682847417,59.52976857043575,59.365878300191035,59.41018977368879,1620.0,141.6280019555832,65.81313584590973
0.0,4.166666666666667,5.0,0.0,5.416666666666668,0.0,0.0,2.501328825583837,2.9193243178343407,3.046234918003419,2.9279212340308907,3.1475091347284474,1.2416098269656464,1.4023194068511404,1103.9515380192079,1045.1043993884548,91.40140906415023,2.0,1.9983649573028581,2.0,1.9985249140612902,0.0,0.0,0.0,1.0416666666666667,2.0833333333333335,1.0416666666666667,1.4596621589171703,2.9193243178343407,1.4596621589171703,0.0,0.0,0.0,0.0,0.0,0.0,1.25,2.5,1.25,1.5231174590017096,3.046234918003419,1.5231174590017096,0.0,0.0,0.0,0.0,0.0,0.0,1.354166666666667,2.708333333333334,1.354166666666667,1.5737545673642237,3.1475091347284474,1.5737545673642237,0.0,0.0,0.0,0.0,0.0,0.0,0.0,1.2416098269656464,1.2416098269656464,3.808276493632314,3.5749431602989805,0.0,0.0,0.0,0.0,0.0,0.0,0.0,0.0,0.0,0.0,0.0,0.0,0.0,0.0,0.0,0.0,0.0,0.0,0.0,0.0,1.4023194068511404,1.4023194068511404,4.085652740184473,3.8523194068511395,0.0,0.0,0.0,0.0,0.0,0.0,0.0,0.0,0.0,0.0,0.6518947490946783,0.6130058602057895,0.6010797814034514,0.5621908925145626,5.725014962562753,5.40469955769879,96.74260993058583,96.98802979502662,9,219.86250445156696,212.05591693310237,213.13764872721111,219.80785478988605,213.664338242978,213.24020293684768,213.19905655857409,219.95008680555557,219.86250445156696,213.5415271900896,213.4507928651358,219.84051148504275,180.0,180.0,219.92202534593685,211.83247381773566,210.2776315149205,208.95948163691605,210.31581192521003,209.34270181068604,180.0,180.0,219.91644787432693,212.55547438208347,213.11570034439814,56.6251477500292,56.78624265817188,55.38769518438369,55.63543621097698,1800.0,135.6633011189954,53.41852034306623
5.923076923076924,0.0,0.0,4.355555555555557,0.0,8.076923076923078,4.977777777777778,2.126437112733856,2.5439877871361594,2.8511543495449843,2.4651829818244675,2.321480379801123,2.645578579781753,3.3256146774633653,1099.1831959670965,1040.1077056584716,90.3881946263107,2.0,2.0,2.0,2.0,1.063218556366928,1.063218556366928,2.126437112733856,0.0,0.0,0.0,0.0,0.0,0.0,2.961538461538462,1.480769230769231,1.480769230769231,1.2970251826405201,1.2970251826405201,2.5940503652810403,0.0,0.0,0.0,0.0,0.0,0.0,3.108258333808928,1.554129166904464,1.554129166904464,1.0888888888888892,1.0888888888888892,2.1777777777777785,0.0,0.0,0.0,0.0,0.0,0.0,2.4651829818244675,1.2325914909122337,1.2325914909122337,1.3227892898908764,2.645578579781753,3.2280613116121066,2.994727978278773,0.0,0.0,0.0,0.0,4.038461538461539,2.0192307692307696,1.0096153846153848,1.0096153846153848,0.0,0.0,0.0,0.0,0.0,0.0,0.0,0.0,0.0,0.0,0.0,0.0,1.2444444444444445,2.488888888888889,0.6222222222222222,0.6222222222222222,0.0,0.0,0.0,0.0,3.3256146774633653,1.6628073387316826,3.5147370026991744,3.281403669365841,0.0,0.0,0.0,0.0,0.0,0.0,0.500872292891563,0.46198340400267407,0.50171170984581,0.46282282095692107,5.688805347199176,5.36879520262754,96.8575201378087,97.0961493254297,10,219.85372466508025,213.08617338760914,213.81829853591066,219.8810604412716,212.30567626171106,212.55903208550114,213.04389880295054,219.86401353276352,219.8459738372296,212.82415523404973,212.81087676729348,219.91764211890367,180.0,180.0,219.9656241653312,212.76803488282007,212.3720475075702,208.91372450182953,210.46837950966645,209.88822611439238,180.0,180.0,219.9746021412037,211.71088740319766,211.98268421997315,59.50583064016251,59.52977242696074,59.366053497059504,59.41036310500964,1980.0,141.68991135690555,65.8969107684535
0.0,4.166666666666667,5.0,0.0,5.416666666666668,0.0,0.0,2.501404527920946,2.919475722508558,3.046236676892219,2.92801647087156,3.1476996084097855,1.2416056151911021,1.4023152275257325,1103.9692556979196,1045.1224748856669,91.40314276244246,2.0,1.998364922774448,2.0,1.998524878857408,0.0,0.0,0.0,1.0416666666666667,2.0833333333333335,1.0416666666666667,1.459737861254279,2.919475722508558,1.459737861254279,0.0,0.0,0.0,0.0,0.0,0.0,1.25,2.5,1.25,1.5231183384461096,3.046236676892219,1.5231183384461096,0.0,0.0,0.0,0.0,0.0,0.0,1.354166666666667,2.708333333333334,1.354166666666667,1.5738498042048927,3.1476996084097855,1.5738498042048927,0.0,0.0,0.0,0.0,0.0,0.0,0.0,1.2416056151911021,1.2416056151911021,3.8082722818577697,3.5749389485244363,0.0,0.0,0.0,0.0,0.0,0.0,0.0,0.0,0.0,0.0,0.0,0.0,0.0,0.0,0.0,0.0,0.0,0.0,0.0,0.0,1.4023152275257325,1.4023152275257325,4.085648560859066,3.8523152275257315,0.0,0.0,0.0,0.0,0.0,0.0,0.0,0.0,0.0,0.0,0.651894762268423,0.6130058733795342,0.6010796833653307,0.5621907944764419,5.7251232001291354,5.404808312918609,96.7423910193389,96.98781212660056,11,219.86250445156696,212.0559998799412,213.13766685131156,219.80785478988605,213.6643568662065,213.24021369244127,213.19907124798516,219.95008680555557,219.86250445156696,213.54164681420423,213.45081023386535,219.84051148504275,180.0,180.0,219.92202555121034,211.83246622255612,210.27499706499222,208.96211899191317,210.31714659032843,209.34403853765002,180.0,180.0,219.91644828778422,212.55559960122935,213.11313199491363,56.625169922974784,56.78626382610185,55.38760706682675,55.635344490826384,2160.0,135.6634652889037,53.41917405315513
5.923076923076924,0.0,0.0,4.355555555555557,0.0,8.076923076923078,4.977777777777778,2.1264072067051756,2.543972834121819,2.851104730359946,2.4651622451148407,2.3214700114463094,2.6455588046026133,3.3256136333732407,1099.1850445752839,1040.1095697655014,90.38837004494482,2.0,2.0,2.0,2.0,1.0632036033525878,1.0632036033525878,2.1264072067051756,0.0,0.0,0.0,0.0,0.0,0.0,2.961538461538462,1.480769230769231,1.480769230769231,1.2969956987593603,1.2969956987593603,2.5939913975187205,0.0,0.0,0.0,0.0,0.0,0.0,3.108218063201172,1.554109031600586,1.554109031600586,1.0888888888888892,1.0888888888888892,2.1777777777777785,0.0,0.0,0.0,0.0,0.0,0.0,2.4651622451148407,1.2325811225574204,1.2325811225574204,1.3227794023013066,2.6455588046026133,3.2280563678173215,2.9947230344839877,0.0,0.0,0.0,0.0,4.038461538461539,2.0192307692307696,1.0096153846153848,1.0096153846153848,0.0,0.0,0.0,0.0,0.0,0.0,0.0,0.0,0.0,0.0,0.0,0.0,1.2444444444444445,2.488888888888889,0.6222222222222222,0.6222222222222222,0.0,0.0,0.0,0.0,3.3256136333732407,1.6628068166866203,3.5147367416766433,3.2814034083433095,0.0,0.0,0.0,0.0,0.0,0.0,0.5008723229404168,0.46198343405152786,0.5017117116858836,0.4628228227969946,5.68881633398088,5.3688061352028695,96.85750044764042,97.09613004672825,12,219.85372461278934,213.0861800738344,213.81829996272128,219.88106033668979,212.30562847216828,212.55899625752986,213.04385485002544,219.86401353276352,219.84597385418024,212.82413635831887,212.81087825327018,219.91764215280494,180.0,180.0,219.9656241653312,212.76770475931798,212.37205082607338,208.9136932151025,210.46836496604632,209.8882598743884,180.0,180.0,219.9746021412037,211.71055035689284,211.982687958067,59.50583059066487,59.52977237292076,59.36605166841288,59.41036129959019,2340.0,141.69038950252417,65.89656936769819
0.0,4.166666666666667,5.0,0.0,5.416666666666668,0.0,0.0,2.5014050012696734,2.9194766692060137,3.046234729547977,2.928017022391003,3.147700711448672,1.2416055207961965,1.4023150979462975,1103.9692482784449,1045.122465756466,91.40314224296769,2.0,1.9983649228628408,2.0,1.9985248789460128,0.0,0.0,0.0,1.0416666666666667,2.0833333333333335,1.0416666666666667,1.4597383346030068,2.9194766692060137,1.4597383346030068,0.0,0.0,0.0,0.0,0.0,0.0,1.25,2.5,1.25,1.5231173647739884,3.046234729547977,1.5231173647739884,0.0,0.0,0.0,0.0,0.0,0.0,1.354166666666667,2.708333333333334,1.354166666666667,1.573850355724336,3.147700711448672,1.573850355724336,0.0,0.0,0.0,0.0,0.0,0.0,0.0,1.2416055207961965,1.2416055207961965,3.808272187462864,3.5749388541295306,0.0,0.0,0.0,0.0,0.0,0.0,0.0,0.0,0.0,0.0,0.0,0.0,0.0,0.0,0.0,0.0,0.0,0.0,0.0,0.0,1.4023150979462975,1.4023150979462975,4.085648431279631,3.852315097946297,0.0,0.0,0.0,0.0,0.0,0.0,0.0,0.0,0.0,0.0,0.6518948256330883,0.6130059367441993,0.601079714617007,0.5621908257281181,5.725123160351603,5.404808263457731,96.74239107223516,96.98781219162125,13,219.86250445156696,212.05600028826618,213.13766692980684,219.80785478988605,213.66435629241258,213.24021420070432,213.1990712152198,219.95008680555557,219.86250445156696,213.5416470969507,213.4508087415661,219.84051148504275,180.0,180.0,219.9220256189807,211.83246740563214,210.27499771554756,208.9621172223695,210.31714724713154,209.34404110537713,180.0,180.0,219.91644820830666,212.55560070067918,213.11313214367206,56.62516991260539,56.78626381675226,55.38760729810577,55.63534473002588,2520.0,135.663461341649,53.41917336204197
5.923076923076924,0.0,0.0,4.355555555555557,0.0,8.076923076923078,4.977777777777778,2.1264071360185195,2.5439727987784906,2.851104525142115,2.465162143033651,2.3214699604057145,2.6455587697641016,3.3256136226526833,1099.1850663153514,1040.1095915566525,90.38837180369188,2.0,2.0,2.0,2.0,1.0632035680092597,1.0632035680092597,2.1264071360185195,0.0,0.0,0.0,0.0,0.0,0.0,2.961538461538462,1.480769230769231,1.480769230769231,1.296995629222701,1.296995629222701,2.593991258445402,0.0,0.0,0.0,0.0,0.0,0.0,3.108217791838828,1.554108895919414,1.554108895919414,1.0888888888888892,1.0888888888888892,2.1777777777777785,0.0,0.0,0.0,0.0,0.0,0.0,2.465162143033651,1.2325810715168255,1.2325810715168255,1.3227793848820508,2.6455587697641016,3.228056359107693,2.9947230257743596,0.0,0.0,0.0,0.0,4.038461538461539,2.0192307692307696,1.0096153846153848,1.0096153846153848,0.0,0.0,0.0,0.0,0.0,0.0,0.0,0.0,0.0,0.0,0.0,0.0,1.2444444444444445,2.488888888888889,0.6222222222222222,0.6222222222222222,0.0,0.0,0.0,0.0,3.3256136226526833,1.6628068113263417,3.514736738996504,3.2814034056631707,0.0,0.0,0.0,0.0,0.0,0.0,0.5008723917828084,0.4619835028939195,0.5017117127973986,0.46282282390850965,5.688816434915128,5.368806236623527,96.85750062545011,97.09613022214155,14,219.85372461093962,213.0861798704739,213.81830010293282,219.88106033299033,212.30562792894133,212.55899576902743,213.04385458503504,219.86401353276352,219.84597385413159,212.82413657370356,212.8108784624069,219.9176421527076,180.0,180.0,219.9656241653312,212.76770477736048,212.37205028302407,208.913693744636,210.46836516948653,209.88826018987172,180.0,180.0,219.9746021412037,211.7105504896331,211.98268759181437,59.505830589767264,59.52977237202341,59.36605163352291,59.41036126495633,2700.0,141.69038891888317,65.89656811017305
0.0,4.166666666666667,5.0,0.0,5.416666666666668,0.0,0.0,2.501404999056125,2.919476664778916,3.0462349361817544,2.9280170108474257,3.147700688361518,1.2416055368429533,1.4023151136548038,1103.9692425467586,1045.1224599767013,91.40314242613637,2.0,1.9983649228613674,2.0,1.998524878944657,0.0,0.0,0.0,1.0416666666666667,2.0833333333333335,1.0416666666666667,1.459738332389458,2.919476664778916,1.459738332389458,0.0,0.0,0.0,0.0,0.0,0.0,1.25,2.5,1.25,1.5231174680908772,3.0462349361817544,1.5231174680908772,0.0,0.0,0.0,0.0,0.0,0.0,1.354166666666667,2.708333333333334,1.354166666666667,1.573850344180759,3.147700688361518,1.573850344180759,0.0,0.0,0.0,0.0,0.0,0.0,0.0,1.2416055368429533,1.2416055368429533,3.808272203509621,3.5749388701762874,0.0,0.0,0.0,0.0,0.0,0.0,0.0,0.0,0.0,0.0,0.0,0.0,0.0,0.0,0.0,0.0,0.0,0.0,0.0,0.0,1.4023151136548038,1.4023151136548038,4.085648446988137,3.852315113654803,0.0,0.0,0.0,0.0,0.0,0.0,0.0,0.0,0.0,0.0,0.6518949867512034,0.6130060978623146,0.6010798729901743,0.5621909841012855,5.725123132029503,5.404808234823363,96.74239105313072,96.98781217383579,15,219.86250445156696,212.05600029758668,213.13766700448255,219.80785478988605,213.66435639314327,213.2402142237344,213.19907127710033,219.95008680555557,219.86250445156696,213.54164708807966,213.45080881176713,219.84051148504275,180.0,180.0,219.92202497539225,211.83246735047808,210.2749977067115,208.96211720230752,210.31714732286028,209.34404116695663,180.0,180.0,219.916447574786,212.55560060457123,213.1131321357966,56.62516991264589,56.786263816803725,55.38760729287755,55.63534472491259,2880.0,135.66346276026746,53.419173847302076
5.923076923076924,0.0,0.0,4.355555555555557,0.0,8.076923076923078,4.977777777777778,2.1264071382362526,2.5439727998873574,2.8511045348000397,2.4651621407035793,2.321469959240679,2.6455587545007004,3.325613607333946,1099.185065781657,1040.109591016384,90.38837175694046,2.0,2.0,2.0,2.0,1.0632035691181263,1.0632035691181263,2.1264071382362526,0.0,0.0,0.0,0.0,0.0,0.0,2.961538461538462,1.480769230769231,1.480769230769231,1.2969956350761966,1.2969956350761966,2.5939912701523933,0.0,0.0,0.0,0.0,0.0,0.0,3.108217799447686,1.554108899723843,1.554108899723843,1.0888888888888892,1.0888888888888892,2.1777777777777785,0.0,0.0,0.0,0.0,0.0,0.0,2.4651621407035793,1.2325810703517897,1.2325810703517897,1.3227793772503502,2.6455587545007004,3.228056355291843,2.9947230219585093,0.0,0.0,0.0,0.0,4.038461538461539,2.0192307692307696,1.0096153846153848,1.0096153846153848,0.0,0.0,0.0,0.0,0.0,0.0,0.0,0.0,0.0,0.0,0.0,0.0,1.2444444444444445,2.488888888888889,0.6222222222222222,0.6222222222222222,0.0,0.0,0.0,0.0,3.325613607333946,1.662806803666973,3.51473673516682,3.281403401833486,0.0,0.0,0.0,0.0,0.0,0.0,0.5008723917574834,0.46198350286859446,0.5017117127875316,0.4628228238986427,5.6888164320040016,5.368806233699526,96.85750062786185,97.09613022446221,16,219.85372461074454,213.08617987634517,213.81830007429633,219.88106033260016,212.30562793680744,212.55899577352483,213.04385458797557,219.86401353276352,219.84597385410328,212.82413657814888,212.81087843399854,219.917642152651,180.0,180.0,219.9656241653312,212.76770477622995,212.37205029743623,208.91369373625594,210.4683651637378,209.88826018692592,180.0,180.0,219.9746021412037,211.71055048902835,211.98268760126135,59.50583058978059,59.52977237203686,59.366051634100145,59.41036126552734,3060.0,141.6903889384621,65.89656808741579
0.0,4.166666666666667,5.0,0.0,5.416666666666668,0.0,0.0,2.501404998718336,2.9194766641033385,3.046234930270726,2.9280170100869602,3.147700686840587,1.2416055367104943,1.4023151134515768,1103.9692425683004,1045.1224599977595,91.40314242836891,2.0,1.9983649228608964,2.0,1.99852487894421,0.0,0.0,0.0,1.0416666666666667,2.0833333333333335,1.0416666666666667,1.4597383320516693,2.9194766641033385,1.4597383320516693,0.0,0.0,0.0,0.0,0.0,0.0,1.25,2.5,1.25,1.523117465135363,3.046234930270726,1.523117465135363,0.0,0.0,0.0,0.0,0.0,0.0,1.354166666666667,2.708333333333334,1.354166666666667,1.5738503434202935,3.147700686840587,1.5738503434202935,0.0,0.0,0.0,0.0,0.0,0.0,0.0,1.2416055367104943,1.2416055367104943,3.808272203377162,3.5749388700438285,0.0,0.0,0.0,0.0,0.0,0.0,0.0,0.0,0.0,0.0,0.0,0.0,0.0,0.0,0.0,0.0,0.0,0.0,0.0,0.0,1.4023151134515768,1.4023151134515768,4.08564844678491,3.852315113451576,0.0,0.0,0.0,0.0,0.0,0.0,0.0,0.0,0.0,0.0,0.6518949867450848,0.613006097856196,0.6010798729089128,0.5621909840200239,5.725123132183731,5.404808234972649,96.74239105260015,96.98781217329955,17,219.86250445156696,212.0560002988367,213.13766700120186,219.80785478988605,213.66435639455858,213.2402142259324,213.1990712789071,219.95008680555557,219.86250445156696,213.54164708956424,213.45080880949257,219.84051148504275,180.0,180.0,219.92202497541697,211.83246735189888,210.27499770683153,208.96211719636113,210.3171473159786,209.3440411588769,180.0,180.0,219.91644757511042,212.5556006065382,213.11313213606957,56.62516991259498,56.78626381675453,55.387607292053254,55.63534472408735,3240.0,135.66346275755953,53.41917382974426
5.923076923076924,0.0,0.0,4.355555555555557,0.0,8.076923076923078,4.977777777777778,2.1264071378650597,2.543972799701761,2.8511045346593287,2.465162140391155,2.3214699590844665,2.645558754087763,3.3256136068754087,1099.185065793303,1040.1095910277927,90.38837175807068,2.0,2.0,2.0,2.0,1.0632035689325299,1.0632035689325299,2.1264071378650597,0.0,0.0,0.0,0.0,0.0,0.0,2.961538461538462,1.480769230769231,1.480769230769231,1.296995635011147,1.296995635011147,2.593991270022294,0.0,0.0,0.0,0.0,0.0,0.0,3.1082177992963635,1.5541088996481818,1.5541088996481818,1.0888888888888892,1.0888888888888892,2.1777777777777785,0.0,0.0,0.0,0.0,0.0,0.0,2.465162140391155,1.2325810701955775,1.2325810701955775,1.3227793770438816,2.645558754087763,3.2280563551886083,2.994723021855275,0.0,0.0,0.0,0.0,4.038461538461539,2.0192307692307696,1.0096153846153848,1.0096153846153848,0.0,0.0,0.0,0.0,0.0,0.0,0.0,0.0,0.0,0.0,0.0,0.0,1.2444444444444445,2.488888888888889,0.6222222222222222,0.6222222222222222,0.0,0.0,0.0,0.0,3.3256136068754087,1.6628068034377044,3.5147367350521854,3.281403401718852,0.0,0.0,0.0,0.0,0.0,0.0,0.5008723917567036,0.4619835028678147,0.5017117127874245,0.46282282389853563,5.688816432075974,5.3688062337690505,96.85750062770376,97.09613022431043,18,219.8537246107468,213.08617987594815,213.81830007504203,219.8810603326047,212.30562793574026,212.55899577223167,213.04385458825973,219.86401353276352,219.84597385410325,212.82413657774126,212.81087843474458,219.91764215265093,180.0,180.0,219.9656241653312,212.76770477629685,212.3720502973379,208.91369373556873,210.46836516365568,209.8882601870059,180.0,180.0,219.9746021412037,211.71055048887055,211.98268760108877,59.505830589780025,59.52977237203631,59.36605163408337,59.41036126551084,3420.0,141.69038893765838,65.89656808374276
0.0,4.166666666666667,5.0,0.0,5.416666666666668,0.0,0.0,2.5014049987329265,2.9194766641325196,3.0462349303369916,2.928017010108714,3.147700686884094,1.2416055368018468,1.4023151135430547,1103.9692425631083,1045.122459992575,91.40314242788676,2.0,1.9983649228609175,2.0,1.99852487894423,0.0,0.0,0.0,1.0416666666666667,2.0833333333333335,1.0416666666666667,1.4597383320662598,2.9194766641325196,1.4597383320662598,0.0,0.0,0.0,0.0,0.0,0.0,1.25,2.5,1.25,1.5231174651684958,3.0462349303369916,1.5231174651684958,0.0,0.0,0.0,0.0,0.0,0.0,1.354166666666667,2.708333333333334,1.354166666666667,1.573850343442047,3.147700686884094,1.573850343442047,0.0,0.0,0.0,0.0,0.0,0.0,0.0,1.2416055368018468,1.2416055368018468,3.808272203468514,3.5749388701351807,0.0,0.0,0.0,0.0,0.0,0.0,0.0,0.0,0.0,0.0,0.0,0.0,0.0,0.0,0.0,0.0,0.0,0.0,0.0,0.0,1.4023151135430547,1.4023151135430547,4.085648446876388,3.852315113543054,0.0,0.0,0.0,0.0,0.0,0.0,0.0,0.0,0.0,0.0,0.6518949867458523,0.6130060978569635,0.60107987290948,0.5621909840205912,5.725123132153147,5.4048082349424895,96.74239105265026,96.98781217334816,19,219.86250445156696,212.05600029887583,213.13766700120362,219.80785478988605,213.66435639428923,213.24021422572432,213.19907127866844,219.95008680555557,219.86250445156696,213.541647089621,213.45080880949226,219.84051148504275,180.0,180.0,219.92202497541484,211.83246735199955,210.2749977069019,208.96211719653894,210.31714731615082,209.34404115905744,180.0,180.0,219.9164475751082,212.55560060665735,213.1131321361233,56.625169912595894,56.78626381675543,55.38760729209641,55.63534472413053,3600.0,135.6634627579517,53.419173830753486
4.442307692307693,0.0,0.0,3.266666666666668,0.0,7.403846153846155,3.7333333333333343,1.84635328361253,2.033753564883188,2.1134799148330963,1.84635328361253,1.7398433084729321,2.4921677836089304,2.755066894408433,1125.2401994416864,1064.6742168108872,94.65172004782029,2.0,2.0,2.0,2.0,0.923176641806265,0.923176641806265,1.84635328361253,0.0,0.0,0.0,0.0,0.0,0.0,2.2211538461538467,1.1105769230769234,1.1105769230769234,0.9408534847549364,0.9408534847549364,1.9327554931177224,0.0,0.0,0.0,0.0,0.0,0.0,2.413296486447742,1.1726264300781601,1.1726264300781601,0.816666666666667,0.816666666666667,1.633333333333334,0.0,0.0,0.0,0.0,0.0,0.0,1.84635328361253,0.923176641806265,0.923176641806265,1.2460838918044652,2.4921677836089304,2.975819723680011,2.7619308347911216,0.0,0.0,0.0,0.0,3.701923076923078,1.850961538461539,0.9254807692307695,0.9254807692307695,0.0,0.0,0.0,0.0,0.0,0.0,0.0,0.0,0.0,0.0,0.0,0.0,0.9333333333333336,1.8666666666666671,0.4666666666666668,0.4666666666666668,0.0,0.0,0.0,0.0,2.755066894408433,1.1830890027597718,2.6332111680465524,2.4387667236021073,0.0,0.0,0.0,0.0,0.0,0.0,1.2109552102307006,1.1720663213418119,1.1461054805632593,1.1072165916743704,5.7892648081556395,5.462657247345629,97.21899836628381,97.47233794010354,20,219.85372461074684,212.60528163720122,213.69087846536772,219.88106033260476,211.98977770594604,211.4676654519099,212.9255240408061,219.86401353276352,219.84597385410325,212.4667192269119,212.9528916336538,219.91764215265093,180.0,180.0,219.9656241653312,213.16990685517516,212.52102496656903,208.1031354321917,209.5508733092919,209.16742955140865,180.0,180.0,219.9746021412037,211.87784432135547,212.20406920781136,59.508659866239505,59.532336334286846,59.321203506797225,59.361012618506656,3780.0,139.63916992125928,53.29071481253702
0.0,6.8125,7.116666666666666,0.0,8.972916666666666,0.0,0.0,3.579854645181138,3.7708204014733875,1.4046031763107583,3.8592814288708968,3.3130073021862376,1.993618210841068,1.6699647426304467,2583.6072500445334,2448.1651732023947,229.4609587030103,2.0,1.9953542507420785,2.0,1.9958119797624743,0.0,0.0,0.0,1.6944444444444444,3.423611111111111,1.6944444444444444,1.8854102007366937,3.7708204014733875,1.8854102007366937,0.0,0.0,0.0,0.0,0.0,0.0,1.7791666666666666,3.558333333333333,1.7791666666666666,0.7023015881553791,1.4046031763107583,0.7023015881553791,0.0,0.0,0.0,0.0,0.0,0.0,2.202777777777778,4.567361111111111,2.202777777777778,1.6565036510931188,3.3130073021862376,1.6565036510931188,0.0,0.0,0.0,0.0,0.0,0.0,0.0,1.993618210841068,1.993618210841068,8.225871488499461,7.656538155166124,0.0,0.0,0.0,0.0,0.0,0.0,0.0,0.0,0.0,0.0,0.0,0.0,0.0,0.0,0.0,0.0,0.0,0.0,0.0,0.0,1.6699647426304467,1.6699647426304467,6.798952584282894,6.324508139838452,0.0,0.0,0.0,0.0,0.0,0.0,0.0,0.0,0.0,0.0,1.5072644624031994,1.4123755735143104,1.3900863509228993,1.295197462034011,14.478174109188446,13.564180527939065,89.81764554873824,90.74651612406856,21,219.1394773091978,203.46387913840377,204.45048714404624,219.52359419515668,207.66600231618258,206.8641221141391,204.6414456533251,219.1926002177987,219.1394773091978,206.5359410339876,202.90284835055365,219.60327653133902,180.0,180.0,219.93381076388889,203.97069241549954,196.94564270671347,202.45217533946314,205.30159199936622,203.30182673138665,180.0,180.0,219.93706597222223,206.45403870352487,204.59047643742556,52.96851663876093,53.30680653236505,52.746740219133045,53.106548553934026,3960.0,248.29355528406523,76.21198136800406
13.937179487179492,0.0,0.0,10.100740740740743,0.1701388888888833,31.795405982906004,15.830370370370375,2.241359243856333,4.507752271500817,3.427848308176547,2.241359243856333,3.588827770076315,5.631510995754088,7.586006108036815,3440.0167464922233,3317.036974455542,356.77791906906623,2.0,2.0,2.0,2.0,1.1206796219281665,1.1206796219281665,2.241359243856333,0.0,0.0,0.0,0.0,0.0,0.0,7.16303418803419,3.3870726495726506,3.3870726495726506,1.773087802976554,1.773087802976554,3.8352381059531075,0.0,0.0,0.0,0.0,0.0,0.0,3.309521010399986,1.654760505199993,1.654760505199993,2.4681481481481486,2.4681481481481486,5.164444444444446,0.0,0.1701388888888833,0.0,0.0,0.0,0.0,2.241359243856333,1.1206796219281665,1.1206796219281665,2.815755497877044,5.631510995754088,9.829286788795809,9.035953455462476,0.0,0.0,1.906071244494204,0.3194045778275403,19.025641025641043,6.476495726495728,3.1466346153846163,3.1466346153846163,0.0,0.0,0.0,0.0,0.0,0.0,0.0,0.0,0.0,0.0,0.0,0.0,3.87851851851852,8.073333333333336,1.93925925925926,1.93925925925926,0.0,0.0,3.5795276776806864,1.99286101101401,7.586006108036815,3.7930030540184076,10.718697170555401,9.925363837222065,0.0,0.0,0.0,0.0,0.0,0.0,3.8888888888888893,3.888888888888889,3.8888888888888893,3.8888888888888884,22.032765342560502,20.620030096628337,79.1990598850025,81.42377304533592,22,219.45769576341334,190.88815487016836,199.40146938855673,219.50566930460448,197.12243599714844,195.4611137120725,194.6006906951879,219.66819301994303,219.4703047208753,195.15673721199641,199.24432419288814,219.70797055286172,180.0,180.0,219.30278633600065,201.47196372228785,192.20001762482076,195.45989975185054,198.36653571319277,199.80292752199608,180.0,180.0,219.37833927799988,200.46537226209225,196.09406591248788,58.39995625571871,58.485334955068474,58.06826445779452,58.13886719080741,4140.0,370.5655008113727,161.93316959695557
2.6100427350427378,9.444444444444445,11.333333333333332,0.0,13.8125,18.917948717948782,0.0,6.036181759700988,6.433114317770604,3.634204188827755,7.410558783418777,7.914867566837553,2.9646911876871225,3.1415661307383655,3531.2983462312854,3461.533904622608,436.4974142325402,2.0,1.9887213729653443,2.0,1.9893045864299117,0.0,0.0,0.45851348970457484,2.361111111111111,4.722222222222222,2.361111111111111,3.216557158885302,6.433114317770604,3.216557158885302,2.6100427350427378,0.0,0.0,0.0,0.0,0.0,2.833333333333333,5.666666666666666,2.833333333333333,1.8171020944138776,3.634204188827755,1.8171020944138776,1.1421024654797531,0.0,0.0,0.0,0.0,0.0,3.453125,6.90625,3.453125,3.9574337834187765,7.914867566837553,3.9574337834187765,0.0,0.0,0.0,0.0,0.0,0.9091075581250132,0.0,2.9646911876871225,2.9646911876871225,15.411919380651097,11.44525271398444,18.917948717948782,0.0,0.0,0.0,0.0,0.0,0.0,0.0,0.0,0.0,0.0,0.0,0.0,0.0,0.0,0.0,0.0,0.0,0.0,0.0,3.1415661307383655,3.1415661307383655,18.189057433634968,14.222390766968264,0.0,0.0,2.8395603819758106,0.26844333494223416,0.0,0.0,0.0,0.0,0.0,0.0,13.52507100135968,7.807323370090831,8.608148148148144,8.005931861848364,25.64150572214643,24.45087541308866,71.91903883946406,73.75310938287514,23,218.05555555555554,198.03009762787116,195.7046107765168,219.16378205128206,198.15493847539548,197.21733783564014,194.16358445909748,219.2953750325357,218.22006620298515,200.3718707534203,194.968649097527,219.27481481481482,180.0,180.0,219.74722222222223,193.49984622701743,194.07231535188157,187.64246554036126,191.73500676592172,191.30050003241155,180.0,180.0,219.74722222222223,197.21763518039864,197.77529604991184,50.25328489769252,50.70607457574965,47.978010587811255,48.14276858649201,4320.0,404.4193104639168,169.18150353995824
13.937179487179492,0.0,0.0,11.334814814814818,0.0,51.64668803418809,15.830370370370375,5.035500337419636,8.206524504885246,4.176141097921818,5.5218892263085255,5.767445456717772,8.859898156059433,10.032992461473686,3591.8128355037816,3436.9965241988807,477.7865163258467,2.0,2.0,2.0,2.0,2.517750168709818,2.517750168709818,5.035500337419636,0.0,0.0,0.0,0.0,2.3017016866027777,0.0,7.16303418803419,3.3870726495726506,3.3870726495726506,2.2490001222823532,2.2490001222823532,4.4980002445647065,0.0,0.0,0.0,0.0,0.0,0.0,3.919779455619206,1.9271409756394642,1.9271409756394642,2.7766666666666673,2.7766666666666673,5.781481481481483,0.0,0.0,0.0,0.0,0.3282601028227685,0.0,5.5218892263085255,2.662518687228337,2.662518687228337,4.292796300251939,8.859898156059433,12.684965526058875,9.856641205681525,0.0,0.0,10.166344499912622,3.81967783324595,38.876923076923134,6.476495726495728,3.1466346153846163,3.1466346153846163,0.0,0.0,0.0,0.0,0.0,0.0,0.0,0.0,0.5020687982688774,0.5020687982688774,0.0,0.0,3.87851851851852,8.073333333333336,1.93925925925926,1.93925925925926,0.0,0.0,15.369971293455732,9.02330462678901,10.032992461473686,4.879343452959065,16.139441561578526,11.188324514544927,0.0,0.0,0.0,0.0,0.0,0.0,20.384846642385302,10.456315773368798,12.723888888888899,12.121672602589118,26.861347613802614,25.901126438524212,69.89196426038448,70.11938479707808,24,219.18397188216937,189.93013206268398,199.44849952549777,218.05555555555554,193.91352146605615,192.09229298263494,197.09525107531314,218.05555555555554,219.43806178163445,195.06413383747613,198.11477287770043,218.05555555555554,180.0,180.0,218.05555555555554,200.2476262177421,190.19861051274742,193.34258328130971,192.08359350783746,195.20205923358148,180.0,180.0,219.718613680613,198.13799247416043,192.25498840765442,58.36442188726581,58.444120763317265,57.92740618786696,57.977506717299384,4500.0,431.69819189930473,250.38484269615938
2.6100427350427378,9.444444444444445,11.333333333333332,0.0,13.8125,38.76923076923076,1.726666666666667,6.9676603863354885,6.566557931910994,4.466704789390555,8.375592457128247,8.681589521709428,3.1573094741455066,2.480717600987111,3556.112386612632,3286.3369439431517,538.525005108999,2.0,1.9928198618529671,2.0,1.99339867571522,0.0,0.0,1.3232703092688796,2.361111111111111,4.722222222222222,2.361111111111111,3.283278965955497,6.566557931910994,3.283278965955497,2.6100427350427378,0.0,0.0,0.0,0.0,0.7051210848138443,2.833333333333333,5.666666666666666,2.833333333333333,2.2333523946952774,4.466704789390555,2.2333523946952774,1.3624704173851019,0.0,0.0,0.0,0.0,0.0,3.453125,6.90625,3.453125,4.340794760854714,8.681589521709428,4.340794760854714,0.5816726962735326,0.0,0.0,0.0,0.0,4.614482191900565,0.0,3.1573094741455066,3.1573094741455066,24.193748233617452,15.467081566950752,38.76923076923076,0.0,0.0,0.0,0.0,0.0,0.0,0.0,0.0,0.0,0.0,0.0,0.0,0.0,0.0,0.0,0.3525925925925926,1.0214814814814817,0.1762962962962963,0.1762962962962963,1.7599365918739533,1.7599365918739533,30.21756883257187,21.490902165905165,0.7207810091131575,0.3034722222222223,9.521445271300706,2.190328224267088,0.0,0.0,0.0,0.0,0.0,0.0,37.60039151418021,27.078018516686917,29.604351851851785,24.0021355655521,26.732837410809857,25.95268938550034,70.04613818524356,68.33521203682483,25,218.05555555555554,197.3781259465291,195.2722323667341,218.96112125562198,197.23311140120265,196.94112008852358,193.34086879630058,218.84841113739947,218.05555555555554,201.88566469782464,194.3080525407545,219.1407496060077,180.0,180.0,219.15972222222223,192.5137629191698,193.6992836216889,188.7932298057983,192.95336019767512,191.00678656930307,180.0,180.0,214.16666666666663,194.46321378653693,192.53456245163125,50.15749383392584,50.62326871150843,51.85407589916327,52.13224946910136,4680.0,425.5498271684361,239.65275879236916
13.937179487179492,0.0,0.0,11.334814814814818,0.0,60.65395299145292,14.60666666666667,4.729485518089848,7.408664964411863,4.926601400146946,5.315226258830588,5.900161936725906,8.815760522174465,10.394365627439612,3576.3527782456654,3317.8497964979674,573.394643039963,2.0,2.0,2.0,2.0,2.336964981267146,2.336964981267146,4.729485518089848,0.0,0.0,0.0,0.0,1.6846273335720665,0.0,7.16303418803419,3.3870726495726506,3.3870726495726506,2.224008678962066,2.224008678962066,4.448017357924132,0.0,0.0,0.0,0.0,0.7567963212252569,0.0,3.9453700693493303,1.9457963999596226,1.9457963999596226,2.7766666666666673,2.7766666666666673,5.781481481481483,0.0,0.0,0.0,0.0,0.5643080665698712,0.0,5.315226258830588,2.559187203489368,2.559187203489368,4.270727483309455,8.815760522174465,9.184495686099172,8.52338457498806,0.0,0.0,27.61247165902827,16.505804992361504,50.17264957264949,5.332264957264958,2.5745192307692313,2.5745192307692313,0.0,0.0,0.0,0.0,0.0,0.0,0.0,0.0,0.5429288380085107,0.5429288380085107,0.0,0.0,3.572592592592593,8.472592592592594,1.2807407407407407,1.2807407407407407,0.3119912242576197,0.3119912242576197,28.223750625345208,17.117083958678506,10.082374403181992,4.473227483309453,22.288366576548597,12.577249529514962,0.0,0.0,0.0,0.0,0.0,0.0,48.09505260934192,31.23930853105918,43.617407407407285,33.01519112110768,26.441606912328293,25.73685350905257,70.60781370714125,69.2885433191619,26,219.46468785528577,190.2386692391991,199.03369063642978,218.05555555555554,192.9254512142013,191.12994758272436,197.05484660254766,218.05555555555554,219.43766719045357,194.9461098556027,197.93036484851467,218.05555555555554,180.0,180.0,218.05555555555554,198.69994336548132,187.5719870355639,191.45023577680732,194.3963660826432,191.47469421073873,180.0,180.0,218.98888888888888,195.42395603658204,193.83792499552976,58.36085474402802,58.43597827948241,57.97275443034512,58.13147868354392,4860.0,442.70002183000895,311.4928970321033
1.5047008547008576,10.625,11.333333333333332,0.0,13.8125,44.62051282051267,0.0,7.1046135310776215,7.675056054946558,4.830736762138488,8.661462458524108,7.902243372745457,3.5223977744464348,3.3257100702234745,3624.5691155094187,3334.962044411801,617.0738124677855,2.0,1.988138404208005,2.0,1.9887668135685894,0.0,0.0,0.6108355036043418,2.65625,5.3125,2.65625,3.837528027473279,7.675056054946558,3.837528027473279,1.5047008547008576,0.0,0.0,0.0,0.0,0.6351204856369252,2.833333333333333,5.666666666666666,2.833333333333333,2.415368381069244,4.830736762138488,2.415368381069244,1.1211620832959859,0.0,0.0,0.0,0.0,0.0,3.453125,6.90625,3.453125,3.9511216863727285,7.902243372745457,3.9511216863727285,1.257215772151379,0.0,0.0,0.0,0.0,0.0,0.0,3.5223977744464348,3.5223977744464348,47.385716638367455,33.899049971700656,44.62051282051267,0.0,0.0,0.0,0.0,0.0,0.0,0.0,0.0,0.0,0.0,0.0,0.0,0.0,0.0,0.0,0.0,0.0,0.0,0.0,3.3257100702234745,3.3257100702234745,43.75766087905824,30.27099421239147,0.0,0.0,15.737143286583548,3.6460262395499026,0.0,0.0,0.0,0.0,0.0,0.0,54.93544067390461,40.038585484510904,60.015648148148,44.41343186184851,26.899255936695265,25.594533145736413,70.58252122798925,69.78007701840852,27,218.05555555555554,196.86094116959597,196.4225023394004,218.78891985503543,197.60933771369753,197.25083983642048,193.5122187652842,219.4092626738482,218.05555555555554,200.3298820721939,194.0687069287412,218.8999526185682,180.0,180.0,219.39305555555555,195.33493655603036,193.2478593752626,184.77897073922165,191.26318939697185,188.66658227560595,180.0,180.0,218.74129605449284,196.34201533779523,197.40185985224866,49.93095703142781,50.42094502814971,47.79047542003046,47.919447362446924,5040.0,423.70318168660833,314.7292601498876
15.61538461538462,0.0,0.0,12.568888888888893,0.0,66.50523504273482,15.830370370370375,5.630870315071964,6.981198512007294,4.851247967677524,5.973555500257149,6.07196293531376,7.868572912845896,9.982260789360863,3797.3156732044445,3453.9117357083273,654.7126870161735,2.0,2.0,2.0,2.0,2.815435157535982,2.815435157535982,5.630870315071964,0.0,0.0,0.0,0.0,0.3591394228473799,0.0,8.002136752136755,3.8066239316239328,3.8066239316239328,2.613115725217728,2.613115725217728,5.226231450435456,0.0,0.0,0.0,0.0,0.0,0.0,4.476264484919591,2.2381322424597956,2.2381322424597956,3.085185185185186,3.085185185185186,6.398518518518521,0.0,0.0,0.0,0.0,0.0,0.0,5.973555500257149,2.9867777501285744,2.9867777501285744,3.7971336786451704,7.868572912845896,8.94769878376703,8.28658767265592,0.0,0.0,50.93166525053522,35.06499858386838,56.023931623931404,5.332264957264958,2.5745192307692313,2.5745192307692313,0.0,0.0,0.0,0.0,0.0,0.0,0.0,0.0,0.5615736613472644,0.5615736613472644,0.0,0.0,3.87851851851852,8.073333333333336,1.93925925925926,1.93925925925926,0.0,0.0,40.97211023366277,25.10544356699591,9.982260789360863,4.942519283569321,29.449380599630608,14.97826355259697,0.0,0.0,0.0,0.0,0.0,0.0,55.82424733971487,44.208503261432426,78.19388888888867,52.5916726025893,27.15517386652106,25.831622998922462,72.46053441809408,70.89046272328459,28,219.46580398378381,191.5784965278946,200.60962810537518,218.05555555555554,194.06329622310673,192.13217019188482,197.30383045994893,218.54166666666666,219.44253060456373,196.2431127512924,197.63593458382837,218.90816994703144,180.0,180.0,218.90054090570175,199.10881287139262,187.1227631279233,189.18613085592494,191.9195435849052,191.39099151322898,180.0,180.0,219.88238392343467,198.08746145295262,192.48619515381577,58.35693202848756,58.442688270350395,58.155236583473965,58.06354017748644,5220.0,438.6215979211194,394.942644072423
1.5047008547008576,10.625,11.333333333333332,0.0,15.347222222222221,50.471794871794586,0.0,6.85585683587497,7.558324527179508,4.249009753548872,7.960671874156084,8.247732637201057,3.514302624078624,3.6529212939581455,3437.438205671611,3456.7620701912974,699.2561484946841,2.0,1.9878961349790083,2.0,1.989004237910423,0.0,0.0,0.4204445722852166,2.65625,5.3125,2.65625,3.779162263589754,7.558324527179508,3.779162263589754,1.5047008547008576,0.0,0.0,0.0,0.0,0.0,2.833333333333333,5.666666666666666,2.833333333333333,1.9701898292475537,4.249009753548872,1.9701898292475537,1.4890466128592796,0.0,0.0,0.0,0.0,0.0,3.8368055555555554,7.673611111111111,3.8368055555555554,4.123866318600529,8.247732637201057,4.123866318600529,0.0,0.0,0.0,0.0,0.0,0.0,0.0,3.514302624078624,3.514302624078624,70.48918859934659,52.2425219326797,50.471794871794586,0.0,0.0,0.0,0.0,0.0,0.0,0.0,0.0,0.0,0.0,0.0,0.0,0.0,0.0,0.0,0.0,0.0,0.0,0.0,3.6529212939581455,3.6529212939581455,56.89468538824575,38.648018721578815,0.0,0.0,22.854327327018268,6.003210279984598,0.0,0.0,0.0,0.0,0.0,0.0,62.634929907318316,52.97807471792489,100.25064814814779,64.64843186184865,26.684420603988897,25.945414833933892,68.56789661824948,70.92916551818496,29,218.05555555555554,196.77369196768765,196.2763161753959,218.8542380780213,197.1511644759992,196.9588693334267,193.56273537596834,219.46907635711335,218.3958072505582,199.73798375133,195.43271844009573,218.96527084155406,180.0,180.0,220.0,195.51105798390475,193.0549567121215,184.82434165167894,190.08075461452518,188.3026021866422,180.0,180.0,218.95846733383658,196.31639186809224,197.34690918659763,49.86988382630698,50.42054817851644,47.67025115276142,48.17554620828605,5400.0,422.01653362191814,392.45944629292785
15.61538461538462,0.0,0.0,12.568888888888893,0.0,66.1791666666663,15.830370370370375,5.696191220888561,7.449994785477386,4.858819516157494,6.08295048014782,6.126660425259096,5.573131260174765,10.165001919896985,3452.0316970266404,3494.3541071798127,726.7100499042592,2.0,2.0,2.0,2.0,2.8480956104442803,2.8480956104442803,5.696191220888561,0.0,0.0,0.0,0.0,0.7952752434091723,0.0,8.002136752136755,3.8066239316239328,3.8066239316239328,2.627120253694578,2.627120253694578,5.254240507389156,0.0,0.0,0.0,0.0,0.0,0.0,4.463398524925832,2.231699262462916,2.231699262462916,3.085185185185186,3.085185185185186,6.398518518518521,0.0,0.0,0.0,0.0,0.0,0.0,6.08295048014782,3.04147524007391,3.04147524007391,2.5921211856429385,5.573131260174765,6.919393926154802,6.390505037265914,0.0,0.0,77.9574127439637,57.330746077296745,57.98632478632443,4.188034188034188,2.0024038461538463,2.0024038461538463,0.0,0.0,0.0,0.0,0.0,0.0,0.0,0.0,0.5785746771564677,0.5785746771564677,0.0,0.0,3.87851851851852,8.073333333333336,1.93925925925926,1.93925925925926,0.0,0.0,54.00245725170561,33.37579058503862,10.165001919896985,4.945348182170715,36.625533016932785,17.394415969899075,0.0,0.0,0.0,0.0,0.0,0.0,62.38729905548629,57.44183275498191,118.42888888888835,72.82667260258944,26.59232629292,25.36084328236915,68.63080115919199,71.22320327343066,30,219.09045667987309,191.36042861761337,200.7300475801426,218.05555555555554,193.67606463985058,192.10966941558414,197.16001899369525,218.54166666666666,219.44255464588042,196.3154610729486,197.7954354965919,219.05286659034374,180.0,180.0,215.77683454505936,197.94991059743845,184.55461232283628,188.4473190132353,191.89710055433972,190.6021786171903,180.0,180.0,219.85814697095554,198.12884617154188,192.31297366449323,58.3548378825476,58.43735086789466,57.99597942515114,57.93299402035999,5580.0,445.3634402004744,468.4116537618777
1.5047008547008576,10.625,11.333333333333332,0.0,15.347222222222221,52.43418803418761,0.0,6.841022692486625,7.569884140724312,6.209120495603304,7.834912915713893,7.996214720316676,3.515817548294631,3.6546120865773286,3506.3256408132384,3190.1317622834,774.9488689569558,2.0,1.9877608503567106,2.0,1.9894634772716366,0.0,0.0,0.39983062212446874,2.65625,5.3125,2.65625,3.784942070362156,7.569884140724312,3.784942070362156,1.5047008547008576,0.0,0.0,0.0,0.0,0.0,2.833333333333333,5.666666666666666,2.833333333333333,3.104560247801652,6.209120495603304,3.104560247801652,2.0379857911398966,0.0,0.0,0.0,0.0,0.0,3.8368055555555554,7.673611111111111,3.8368055555555554,3.998107360158338,7.996214720316676,3.998107360158338,0.0,0.0,0.0,0.0,0.0,0.0,0.0,3.515817548294631,3.515817548294631,97.51719831126371,74.51053164459672,52.43418803418761,0.0,0.0,0.0,0.0,0.0,0.0,0.0,0.0,0.0,0.0,0.0,0.0,0.0,0.0,0.0,0.0,0.0,0.0,0.0,3.6546120865773286,3.6546120865773286,69.9002378491027,46.89357118243576,0.0,0.0,30.300820243203887,8.6897031961701,0.0,0.0,0.0,0.0,0.0,0.0,66.73443028613788,65.5207000967446,140.48564814814762,84.88343186184879,26.565762502855147,25.881735146537203,69.69609225957903,67.46995235382954,31,218.05555555555554,197.3603703329919,196.28662315047592,218.85045817809961,197.5762197345096,197.5232410775595,193.32680891505692,219.45945120202512,218.54001892030178,199.84277472762503,195.51796424409423,218.96149094163238,180.0,180.0,219.5701388888889,195.23891126192132,193.02425068343535,184.8854204072267,191.02403512442248,188.32995202452673,180.0,180.0,218.5032337022111,195.9907405440473,197.3327103108458,49.909807962090575,50.3908666992875,47.525333286985244,48.60760354005522,5760.0,425.12874446884365,479.3856212675138
16.423824786324793,0.0,0.0,12.568888888888893,0.0,74.31891025640975,15.830370370370375,5.687127901338687,7.065683683303096,4.872321474735701,5.985739012449797,6.078054691410085,7.914925375402514,10.193650904504493,3559.714779042283,3202.4489106371802,805.3434372262,2.0,2.0,2.0,2.0,2.8435639506693433,3.186249135854528,5.687127901338687,0.0,0.0,0.0,0.0,0.41549580100981953,0.0,8.002136752136755,3.8066239316239328,4.615064102564104,2.6414874037278344,2.6414874037278344,5.282974807455669,0.0,0.0,0.0,0.0,0.0,0.0,4.461668142015734,2.230834071007867,2.230834071007867,3.085185185185186,3.085185185185186,6.398518518518521,0.0,0.0,0.0,0.0,0.0,0.0,5.985739012449797,2.9928695062248987,2.9928695062248987,3.7630182432568122,7.914925375402514,8.959286899406184,8.298175788295072,0.0,0.0,101.05949156400939,75.67282489734235,63.837606837606344,5.332264957264958,2.5745192307692313,2.5745192307692313,0.0,0.0,0.0,0.0,0.0,0.0,0.0,0.0,0.5838402586633127,0.5838402586633127,0.0,0.0,3.87851851851852,8.073333333333336,1.93925925925926,1.93925925925926,0.0,0.0,66.9784667164422,41.59180004977554,10.193650904504493,4.959672674474469,44.077688576327624,20.086571529293714,0.0,0.0,0.0,0.0,0.0,0.0,67.65745308235464,71.38499025407225,158.66388888888886,93.06167260258958,26.664021105380503,25.15790794440633,70.01867443451142,68.72309727585629,32,219.43368417896608,191.55031833881281,201.59030803277838,218.05555555555554,193.66472858105666,192.09533141274443,197.17810412881462,218.2006077343599,219.44247470986642,196.41547766084952,197.51085064276552,219.25289976614576,180.0,180.0,218.92423923835136,199.21140303708194,187.17102027136983,189.3155749400059,192.09488767002514,191.3614135797095,180.0,180.0,219.83110528206757,197.88850098758655,192.13234081443036,58.36068750368268,58.430336089740024,57.94754248874774,58.064884349851425,5940.0,439.27132186433585,557.4584487505656
6.163812558140195,10.625,11.333333333333332,0.0,15.347222222222221,62.17435897435857,0.058251780688181654,6.8868367829629085,7.89989026526062,3.8669326793538072,7.909530422073134,8.145449733035157,0.3479433760683761,3.6553883188301532,3478.1386217438053,3510.228288807151,867.5173525639245,2.0,1.9897423971260468,2.0,1.9910461294574078,0.0,3.907854459742535,0.28064165033259836,2.65625,5.3125,2.65625,3.94994513263031,7.89989026526062,3.94994513263031,1.5047008547008576,0.0,4.659111703439337,0.0,0.0,0.0,2.833333333333333,5.666666666666666,2.833333333333333,1.7682690274272221,3.8669326793538072,1.7682690274272221,1.333121547745738,0.0,0.0,0.0,0.0,0.0,3.8368055555555554,7.673611111111111,3.8368055555555554,4.072724866517579,8.145449733035157,4.072724866517579,0.0,0.0,0.0,0.0,0.0,0.5928031717533895,0.0,0.3479433760683761,0.3479433760683761,114.14254492367228,86.37587825700518,62.17435897435857,0.0,0.0,0.0,0.0,0.0,0.0,0.0,0.0,0.0,0.0,0.0,0.0,0.0,2.450932884561116,2.450932884561116,0.0,0.0,0.058251780688181654,0.0,3.6553883188301532,3.6553883188301532,82.93613821901084,55.16947155234442,0.0,0.0,38.05329918186257,11.019785767368315,0.0,0.0,0.0,0.0,0.0,0.0,77.8970585101881,85.83644399254777,180.0,105.53347092434865,26.820636508937838,25.711783962391774,68.72327037489325,71.64153345886965,33,218.05555555555554,196.07289756732567,194.27264326614753,218.91583607595408,196.72930295465804,196.7011915766412,193.55860602624648,219.54315337322734,218.52916022534336,199.9855459861216,195.49939492748769,219.02686883948684,180.0,180.0,219.5701388888889,195.89364144798003,195.32532673254067,186.53545360023014,190.92544453900203,190.05176353087722,180.0,180.0,219.34018625784813,196.53536465015142,197.55144778655418,51.538866995208934,51.97394410482327,47.69771911152502,48.66907388090369,6120.0,419.3053737392719,551.9161974892994
28.830140389972,7.107202294197018,0.0,12.568888888888893,0.0,77.88173076923044,14.420000000000002,3.9450772351260563,5.9007273383701175,4.978155792876419,4.287762420311241,5.229066395340807,4.497427486493925,9.343638423993925,3350.285645288834,3356.0386565329277,875.8867391430445,2.0,2.0,2.0,2.0,1.9725386175630282,12.448131745124629,3.9450772351260563,0.0,7.107202294197018,0.0,0.0,0.12156478918315661,0.0,8.002136752136755,3.8066239316239328,17.021379706211313,2.627138023697404,2.627138023697404,5.254276047394808,0.0,0.0,0.0,0.0,0.0,0.0,5.091347718194499,2.351017769179015,2.351017769179015,3.085185185185186,3.085185185185186,6.398518518518521,0.0,0.0,0.0,0.0,0.0,0.0,4.287762420311241,2.1438812101556204,2.1438812101556204,2.054269298802518,4.497427486493925,6.650467982734594,6.121579093845705,0.0,0.0,119.8751087202343,89.72844205356714,69.68888888888857,4.188034188034188,2.0024038461538463,2.0024038461538463,0.0,0.0,0.0,0.0,0.0,0.0,0.0,0.0,0.0,0.0,0.0,0.0,3.525925925925927,7.36814814814815,1.7629629629629635,1.7629629629629635,0.0,0.0,92.94525465897162,54.11245467051893,9.343638423993925,4.554110878663629,57.18938586556038,18.049216955127008,0.0,0.0,0.0,0.0,0.0,0.0,78.12386092705269,90.27948837654762,180.0,114.30304702388545,26.22576320410597,25.421779647838868,67.56880932198068,70.2359888885189,34,219.08895932251627,191.69728384472583,214.16666666666592,218.05555555555554,190.10569139657318,188.39269692708248,192.00368142260464,219.51388888888889,219.3905414135134,196.41096347349594,197.88806336812925,219.2438713914386,180.0,180.0,218.6516681150568,197.96326529277317,187.42944589283331,187.50725321370933,191.25598586578232,193.86723454749267,180.0,180.0,218.32749342400902,197.92347825552858,192.52527120178493,58.34788376252114,58.4315225987104,57.83525537857447,58.10033736975668,6300.0,436.4052591867553,653.2940910097635
32.196146546104,19.358591183085927,9.916666666666666,0.0,15.347222222222221,68.0256410256409,0.09728364593401201,6.384219588013353,6.900076350940635,3.823895906928623,7.9530503061119395,8.232489501112768,0.0,3.6520420902056303,3481.5139337402234,3339.0283820438685,910.1769989864771,2.0,1.989655015795621,2.0,1.9907690728929959,0.0,26.589579618784246,0.2779314125430361,2.65625,14.046091183085926,2.65625,3.4500381754703175,6.900076350940635,3.4500381754703175,1.5047008547008576,0.0,30.691445691403146,0.0,0.0,2.4081486779684553,2.4791666666666665,4.958333333333333,2.4791666666666665,1.9119479534643116,3.823895906928623,1.9119479534643116,4.271634950333654,0.0,0.0,0.0,0.0,0.0,3.8368055555555554,7.673611111111111,3.8368055555555554,4.116244750556384,8.232489501112768,4.116244750556384,0.0,0.0,0.0,0.0,0.0,0.8023314994853965,0.0,0.0,0.0,126.84399760912325,94.31733094245608,68.0256410256409,0.0,0.0,0.0,0.0,0.0,0.0,0.0,0.0,0.0,0.0,0.0,0.0,0.0,1.2439836726746398,1.2439836726746398,0.0,0.0,0.09728364593401201,0.0,3.6520420902056303,3.6520420902056303,115.93724067992767,70.3731039990092,0.0,0.0,65.11562410118931,6.163612566192558,0.0,0.0,0.0,0.0,0.0,0.0,84.89994360725454,102.26621337437693,180.0,126.59854904934822,26.71507965607487,25.590993026825316,68.8823939166007,70.0060760455956,35,218.05555555555554,196.62602765968944,210.05466188491266,218.97699493592097,198.9669221472484,198.96692214724825,193.34258980328275,216.8648120255052,218.4958603554177,200.3142777770938,195.4827449925246,219.08802769945373,180.0,180.0,219.65,193.81736253237204,198.13777067025583,186.91276933836147,190.83887919617806,189.8362543281986,180.0,180.0,220.0,197.39053550372464,197.97156130705085,51.53652635611258,51.96379700276801,47.624515858221855,48.43270009829448,6480.0,421.4617398433594,705.7470623903912
57.60405252900994,24.324811014431493,0.0,13.722592592592598,0.0,83.73301282051287,17.240740740740744,3.86028786210376,6.015448616069504,5.464623222054256,5.009593417659315,5.589981894014843,7.018283394086662,10.398075769131546,3553.970500217648,3306.97411242249,925.6629966440474,2.0,2.0,2.0,2.0,1.93014393105188,37.79664857122634,3.86028786210376,0.0,24.324811014431493,0.0,0.0,0.2786807533936917,0.0,8.002136752136755,3.8066239316239328,45.79529184524925,2.6134939122955636,2.6134939122955636,5.226987824591127,0.0,0.0,0.0,0.0,0.48611111111111094,0.0,4.974828063961831,2.365018198647582,2.365018198647582,3.085185185185186,4.23888888888889,6.398518518518521,0.0,0.0,0.0,0.0,0.0,0.0,5.009593417659315,2.5047967088296574,4.923716682496072,3.3146972525988865,7.018283394086662,7.280681959632777,6.751793070743888,0.0,0.0,126.01991547122819,91.11324880456111,75.540170940171,4.188034188034188,2.0024038461538463,2.0024038461538463,0.0,0.0,0.0,0.0,0.0,0.0,0.0,0.0,0.0,0.0,0.0,0.0,4.231111111111113,8.77851851851852,2.1155555555555563,2.1155555555555563,0.0,0.0,120.490580451729,60.74189252408271,10.398075769131546,5.096458347647508,89.05204210934512,19.86979817514212,0.0,0.0,0.0,0.0,0.0,0.0,84.41496082687217,106.444987690429,180.0,136.57108811184813,26.94974228186188,25.329252720000394,69.28448725845134,69.80687645409559,36,219.04052073441426,191.69121078501092,217.6892753869004,218.05555555555554,189.97179767186103,190.3051243529803,192.1600252109304,218.05555555555554,219.44264200511623,196.22269906822754,201.15229380871384,218.8673425809016,180.0,180.0,220.0,198.38364830680837,190.04200992932505,195.26522428533505,197.2736561894715,196.11321542346508,180.0,180.0,219.67981481481482,198.55354554858087,190.75511590801491,58.356106521234125,58.43195586187131,57.98756689220618,58.048037217127444,6660.0,444.0560607897923,820.7214961755283
62.4038388537962,39.09972648565993,9.916666666666666,2.0551234355740204,15.347222222222221,73.87692307692332,0.10546558271985379,5.965758490097639,6.619016980195278,2.8450694319607206,7.5774963439169145,7.481381576722718,0.0,4.244470795476998,3473.3490180669387,3378.312832781039,957.7804141065335,2.0,1.9923104754899361,2.0,1.992938070652065,0.0,52.908558294247904,0.0,2.65625,33.78722648565993,2.65625,3.309508490097639,6.619016980195278,3.309508490097639,1.5047008547008576,0.0,60.899137999095345,0.0,0.0,2.0273313714577608,2.4791666666666665,4.958333333333333,2.4791666666666665,1.4225347159803603,2.8450694319607206,1.4225347159803603,4.211482686950547,0.0,0.0,0.0,2.0551234355740204,0.0,3.8368055555555554,7.673611111111111,3.8368055555555554,3.740690788361359,7.481381576722718,3.740690788361359,0.0,0.0,4.9054400693491145,0.0,0.0,0.7472679487074025,0.0,0.0,0.0,131.60259662450287,94.31592995783588,73.87692307692332,0.0,0.0,0.0,0.0,0.0,0.0,0.0,0.0,0.0,0.0,0.0,0.0,0.0,0.3924821716337601,0.3924821716337601,0.0,0.0,0.10546558271985379,0.0,1.7645709776412253,1.7645709776412253,134.9868826876527,65.89411755945987,2.479899817835773,0.0,103.589344227144,16.863587520651556,0.0,0.0,0.0,0.0,0.0,0.0,95.94496591627555,118.33191126836176,180.0,149.21918272990345,26.6798809001284,25.285235529303055,68.97181044944581,71.09805615193113,37,218.1635687550647,196.58295371443128,213.42352658233875,219.19155982905983,198.65940163561734,198.6594016356172,193.57720824411768,217.09943046634035,219.07321475707604,198.93258456888216,195.6834755357283,219.3025925925926,180.0,180.0,219.79755787037038,193.61146780421052,197.80574476082919,186.30074690296274,190.20129773108096,189.811957172709,180.0,180.0,218.05555555555554,195.19283248129588,196.0215698189908,51.506360743584956,51.96808087207451,49.91314583254756,50.31817998018986,6840.0,449.59010610127723,855.542447365665
86.55309099054847,47.88431586685893,0.0,17.745493805944385,3.161894246889359,89.5842948717953,14.420000000000002,5.181819534607658,7.536604393846104,5.002235993494271,6.022097312385435,6.472090322859385,7.152344772448985,10.110098677317803,3533.6960948108867,3362.0371036261845,976.6250136982027,2.0,2.0,2.0,2.0,2.453756989526051,64.77875935237873,5.181819534607658,0.0,47.88431586685893,0.0,0.0,1.6957747547474018,0.0,7.16303418803419,3.3870726495726506,76.00298415294164,2.9827937069482235,2.9827937069482235,6.0628096361186685,0.0,0.0,0.0,0.0,0.0,0.0,4.28367623975876,2.019442286546047,2.019442286546047,3.085185185185186,8.26179010224068,6.398518518518521,0.0,3.161894246889359,0.0,0.0,0.3914814814814813,0.0,6.022097312385435,2.9954236561927177,12.435263775037647,3.3817279417800488,7.152344772448985,7.314197304223357,6.785308415334469,0.0,0.0,129.2854408227921,89.6187741561253,81.39145299145342,4.188034188034188,2.0024038461538463,2.0024038461538463,0.0,0.0,0.0,0.0,0.0,0.0,0.0,0.0,0.7377264466482176,0.7377264466482176,0.0,0.0,3.525925925925927,7.36814814814815,1.7629629629629635,1.7629629629629635,0.0,0.0,137.68212244038241,59.52852645330576,10.110098677317803,4.855755719557826,124.27985654558013,28.127803902188766,0.0,0.0,0.0,0.0,0.0,0.0,99.94768673679832,122.2547924577769,180.0,157.98875882944043,26.454460224575588,25.599761734697786,70.32576702506404,70.09691838147135,38,218.7868666792729,190.2330955286097,218.90421497891742,218.05555555555554,193.81558514276054,192.00804818939625,197.3486088412153,219.33759259259259,218.7594675925926,196.7232830196115,206.27994980244563,218.05555555555554,180.0,180.0,220.0,198.9872069157396,190.68483048530672,193.47576187065758,193.02557998487788,194.47152566262812,180.0,180.0,220.0,198.18230224041233,191.22710084820466,58.35249606134326,58.435424738738114,57.99414797051634,58.087849362002395,7020.0,474.91858323727166,985.2518345455929
91.71020637516406,60.26142335631809,11.333333333333332,11.245264787010923,18.320824976398526,83.61709401709463,0.07340364914794975,5.517648050199773,3.728786034345004,3.852255794548527,7.555180879961579,7.436750648812047,0.0,2.4087087275370935,3428.2216921591585,3354.594896504548,1015.044324432004,2.0,1.9936960029161153,2.0,1.994276946860248,0.0,77.03850447209179,1.29214392191616,2.361111111111111,55.53920113409586,2.361111111111111,1.864393017172502,3.728786034345004,1.864393017172502,2.6100427350427378,0.0,89.10016364012132,0.0,0.0,0.3086035903691624,2.833333333333333,5.666666666666666,2.833333333333333,1.9261278972742635,3.852255794548527,1.9261278972742635,1.9295404040104411,0.0,0.0,0.0,11.245264787010923,0.0,3.8368055555555554,10.647213865287416,3.8368055555555554,3.7183753244060234,7.436750648812047,3.7183753244060234,0.0,0.0,19.411350499315745,0.0,0.0,2.3820312182203223,1.1920312182203239,0.0,0.0,131.66716485584033,89.62049818917359,83.61709401709463,0.0,0.0,0.0,0.0,0.0,0.0,0.0,0.0,0.0,0.0,0.0,0.0,0.0,0.0,0.0,0.0,0.0,0.07340364914794975,0.0,0.48492009540048286,0.48492009540048286,146.04214230676712,60.81110465495052,1.9237886321366104,0.0,135.9633541927195,25.054559724226856,0.0,0.0,0.0,0.0,0.0,0.0,115.28193155587641,137.12224170309082,180.0,170.28426085490315,26.46942421258825,25.226550776535497,68.83850018418104,70.72744464953368,39,218.05555555555554,197.46128759393832,211.56932971168058,219.01725452838105,197.36174870005453,197.3617487000543,193.263046058365,219.45235150487076,218.6791671764202,199.168018620472,197.64197604140742,219.1282872919138,180.0,180.0,219.35409734934092,188.75967861221446,192.46268449409368,190.90494767923374,191.70503588659983,193.6877736737937,180.0,180.0,218.05555555555554,195.50941906274332,197.75250587475307,53.185310438366216,53.522352488258555,49.771134923282744,50.33705157265474,7200.0,476.55788699461016,1002.2037935206381
113.86756017060591,71.5780900229847,0.0,29.898968490714623,12.215439436623841,93.1471153846162,13.009629629629634,5.1153634472759295,6.318018262099504,4.35334911599587,4.5320301139425965,5.0426817236379655,2.8365381162980112,7.395468034240626,3333.257510781358,3307.4099888338314,1032.7459957328526,2.0,2.0,2.0,2.0,2.5420567236379648,87.94455797613098,5.1153634472759295,0.0,71.5780900229847,0.0,0.0,0.38888888888888906,0.0,7.16303418803419,3.3870726495726506,103.31745333299908,2.515005603675595,2.515005603675595,5.31907370735119,0.0,0.0,0.0,0.0,0.0,0.0,4.0187009135294405,1.838343512320276,1.838343512320276,2.7766666666666673,21.34082034256647,5.781481481481483,0.0,12.215439436623841,0.0,0.0,0.0,0.0,4.5320301139425965,2.2660150569712982,29.90583517686301,1.3575051692601168,2.8365381162980112,4.78080119574117,4.384134529074503,0.0,0.0,133.93422176951526,89.50755510284868,87.24273504273584,3.043803418803419,1.4302884615384617,1.4302884615384617,0.0,0.0,0.0,0.0,0.0,0.0,0.0,0.0,1.7522774914087873,0.7537835705755074,0.49924696041664,0.0,3.1733333333333342,6.662962962962965,1.5866666666666671,1.5866666666666671,0.0,0.0,150.07158718816882,56.70202647398699,7.395468034240626,3.697734017120313,152.106558696206,30.70492613157085,0.0,0.0,0.0,0.0,0.0,0.0,121.0780269987676,140.99709712777374,180.0,179.23013325073637,25.934509598078087,25.495582696368775,68.24250379335226,69.50391109524007,40,218.73263888888889,189.35402291718776,219.99999999999926,218.05555555555554,194.04989673873868,190.42233643771542,197.00168461699934,219.60074074074075,219.04673434066493,195.40473240550307,210.27777777777828,218.16082979244092,180.0,180.0,218.03913399893702,193.83339718888604,187.37246733226857,191.68482071654222,192.3386066915339,193.90468687913778,180.0,180.0,220.0,199.10243065635262,194.18569653272218,58.357821646930425,58.44114158347316,57.83055503616118,58.08609112447167,7380.0,508.46358338730994,1124.9403878181902
113.30220310664603,87.51320022868249,9.916666666666666,32.44748700923313,34.65462050007565,96.23878205128302,0.11980646486125823,6.3903632517933096,5.185958670151872,4.184546156131109,8.312447845634058,8.006170674728269,1.4719769420493403,0.0,3389.4270314536525,3315.984643597689,1062.0935102589938,2.0,1.9926302935390574,2.0,1.9929741071929987,0.0,94.62775753626477,1.5355516460456442,2.361111111111111,82.79097800646026,2.361111111111111,2.4937004946365544,5.185958670151872,2.4937004946365544,2.6100427350427378,0.0,110.6921603716033,0.0,0.0,2.3255663903610433,2.4791666666666665,4.958333333333333,2.4791666666666665,2.0922730780655545,4.184546156131109,2.0922730780655545,5.030745918719502,0.0,0.0,0.0,32.44748700923313,0.0,3.453125,27.74837050007565,3.453125,4.003085337364134,8.006170674728269,4.003085337364134,0.8562375082699225,0.0,45.58679574749566,0.0,1.4719769420493403,5.5557720132901105,4.431883124401224,0.0,0.0,130.14641644031283,83.33974977364643,96.07948717948815,0.15929487179487434,0.0,0.0,0.0,0.0,0.0,0.0,0.0,0.0,0.7381966638000115,0.7381966638000115,0.0,0.0,0.0,0.0,0.0,0.0,0.07089468947187746,0.04891177538938077,0.0,0.0,162.715213363833,65.08049547739672,0.0,0.0,156.2870303508224,28.790586009733968,0.0,0.0,0.0,0.0,0.0,0.0,136.62709275540678,156.14547842176026,180.0,180.0,26.03519681917262,25.324460691438198,68.68341707304197,70.12078251743318,41,218.05555555555554,198.24296051898085,206.54449954729262,218.87060558723354,199.6524619102181,199.65246191021782,193.1477987065698,216.67002092879304,218.05555555555554,199.96633239759726,211.7968199523407,219.18333436461663,180.0,180.0,218.05555555555554,188.41897819859278,196.49907358041207,193.30346555973776,192.2126926480935,194.2669915411641,180.0,180.0,219.82291666666666,197.9954680218121,200.98711875251624,55.095248469128904,55.30858845409724,48.005707828026964,48.398326364882436,7560.0,506.0651508784274,1198.0057309188346
125.22976816440945,91.58631133979355,0.0,49.06022656875989,23.067433452417454,102.32519230769316,12.329333333333334,3.329444444444446,4.547286324786326,3.6221681034800643,4.619351851851853,4.77819796753796,1.556459567013159,0.0,3627.155341675567,3298.5994294695906,1063.9877761722123,2.0,2.0,2.0,2.0,1.664722222222223,97.83550231649086,3.329444444444446,0.0,91.58631133979355,0.0,0.0,0.0,0.0,6.096880341880343,2.8825641025641033,116.250323719965,1.9237356424257746,1.9237356424257746,3.847471284851549,0.0,0.0,0.0,0.0,0.0,0.0,3.3968649221085796,1.6984324610542898,1.6984324610542898,2.384666666666666,41.765189531722854,4.910370370370369,0.0,23.067433452417454,0.0,0.0,0.08385537494536721,0.0,4.619351851851853,2.3096759259259265,56.827887551994245,0.6688547835065795,1.556459567013159,3.3204014703390854,2.936337113975512,0.0,0.0,125.70295822015618,76.85229155348976,98.29196581196668,2.0678418803418808,0.9826923076923078,0.9826923076923078,0.0,0.0,0.0,0.0,0.0,0.0,0.0,0.0,3.459124309960998,0.0,3.4771983456780626,0.0,3.0281481481481483,6.273037037037038,1.5140740740740741,1.5140740740740741,0.0,0.0,148.3489614372605,48.67024355082458,0.0,0.0,163.49291793767128,33.93049084985054,0.0,0.0,0.0,0.0,0.0,0.0,138.17599877847027,154.91055991229845,178.7127817543854,178.71278158703524,26.571408363841112,25.11304840366174,71.95293209605953,71.08634421684806,42,219.74652777777777,193.6490298288707,203.2288053292014,220.0,193.33837495518134,193.3031283879699,193.74424901812768,219.33759259259259,219.10867129629628,197.06401675697043,206.80216913226195,218.05555555555554,180.0,180.0,218.9259629714447,188.9684488489059,192.38622968402575,194.57873666265615,198.05033571355767,186.18140878752183,180.0,180.0,220.0,200.33673077032572,197.47418899786413,58.58285554523583,58.654725743785775,58.230534733046795,58.21807404362057,7740.0,536.0405860408465,1197.1736164079282
99.30086265910356,79.13047800646017,4.316666666666666,22.258342039989138,14.92826678575077,87.22717948718036,0.0,1.9140433236505925,2.029475536190074,5.303575128566558,4.815715528906564,6.291153280035348,2.02983494044555,5.355682872399988,2406.8248934644625,2578.2043542936644,948.7465793783169,2.0,1.9969993997161706,2.0,1.9968383976486284,0.0,87.02065297480176,0.0,0.8993055555555556,77.33186689534905,0.8993055555555556,1.014737768095037,2.029475536190074,1.014737768095037,0.0,0.0,99.30086265910356,0.0,0.0,0.0,1.0791666666666666,2.158333333333333,1.0791666666666666,2.435260695168702,5.303575128566558,2.435260695168702,0.0,0.0,0.0,0.0,22.258342039989138,0.0,1.6701388888888893,11.587989007972991,1.6701388888888893,3.145576640017674,6.291153280035348,3.145576640017674,0.0,0.0,45.65387928488171,0.0,2.02983494044555,0.0,0.0,0.0,0.0,112.45379511059404,62.56712844392769,87.22717948718036,0.0,0.0,0.0,0.0,0.0,0.0,0.0,0.0,0.0,0.0,0.0,0.0,0.0,0.24266384482138048,0.0,0.0,0.0,0.0,0.0,1.9444444444444444,1.9444444444444444,136.4802157457945,35.765497859358824,3.411238427955543,0.0,152.76306087799313,22.16463379017279,0.0,0.0,0.0,0.0,0.0,0.0,125.4881183017779,140.80261507924237,173.32285582845918,173.32285566110903,21.781370664289085,20.257649503438554,68.81031274339193,73.32617199664452,43,218.5924509074275,206.87619727502843,179.4466666666653,219.74028846153848,205.51932929773386,203.55669572736957,206.78881044073788,219.44001736111113,219.92291666666668,208.390131385185,175.50149138293114,219.82716203703703,180.0,180.0,218.05555555555554,200.98550234321786,198.03165603915306,196.0094571704293,197.1740028571951,197.70009914072065,180.0,180.0,218.05555555555554,200.47392989127218,204.83320255750874,57.7789916856889,57.899902507266845,52.09566938098703,52.067596528409624,7920.0,474.1413937931097,998.4186399861413
85.59581992406066,59.101123783205864,0.0,4.3616753733225,0.0,65.19094017094126,4.148148148148149,2.7602025562133705,2.3672807652861727,1.9160459844990965,3.6992679428122264,3.6915468661192143,1.3708714638892983,5.199873855947249,1997.0700201205605,2220.6769993953612,800.1530852171928,2.0,2.0,2.0,2.0,1.3801012781066853,72.83722091563344,2.7602025562133705,0.0,59.101123783205864,0.0,0.0,0.0,0.0,1.9743589743589747,0.9871794871794873,82.6342814625222,1.1582928240740746,1.1582928240740746,2.3165856481481493,0.0,0.0,0.0,0.0,0.0,0.0,1.5155063208500434,0.7577531604250217,0.7577531604250217,0.889259259259262,1.5850087066558274,1.8874074074074105,0.0,0.0,0.0,0.4847320532655203,1.249464106531043,0.4847320532655203,3.214535889546706,1.5528235003289097,29.17209538367811,0.49099128750020465,1.3708714638892983,1.1204956437501026,1.02327342152788,0.0,0.0,105.92148088862999,55.334814221963605,63.8447863247874,0.6730769230769231,0.33653846153846156,0.33653846153846156,0.0,0.0,0.0,0.0,0.0,0.0,0.0,0.0,0.0,0.0,0.0,0.0,1.0370370370370372,2.0740740740740744,0.5185185185185186,0.5185185185185186,0.0,0.0,123.22559015205452,21.810872265619203,5.199873855947249,2.5999369279736246,144.45335231101166,13.154925223191938,0.0,0.0,0.0,0.0,0.0,0.0,94.22235973635168,108.93407873603826,165.00433730994058,165.00433714259043,17.86640675057898,15.507089785954998,70.64610199880985,79.994968687951,44,219.7825832537244,209.77139598823925,175.16111111110982,219.73877761855988,205.35854229621285,205.66201275367828,207.2518744294332,218.95103703703703,219.49826388888889,208.4986796556062,198.03222222222152,219.50222222222223,180.0,180.0,219.36222222222221,205.20913207252156,192.08660303691437,192.8541674667511,203.21930361092225,203.07658654862857,180.0,180.0,219.02777777777777,206.5136925025383,199.61955045436966,59.51461207873088,59.53918351829086,58.68852008742552,58.75370226500888,8100.0,402.2840070402966,814.9042767373033
54.96992248816309,39.536585560467785,2.9166666666666665,0.0,5.416666666666668,42.29794871794983,0.0,1.1465694630495906,1.0778611483214031,6.162029669397961,3.8269136586936456,5.22549398405396,0.795787333462326,2.232233796296297,2208.1868144302543,2104.2942320909788,672.7790451821242,2.0,1.9982241460547856,2.0,1.998320406050711,0.0,48.2820055879843,0.0,0.607638888888889,38.32130778269001,0.607638888888889,0.5389305741607016,1.0778611483214031,0.5389305741607016,0.0,0.0,54.96992248816309,0.0,0.0,0.0,0.7291666666666666,1.4583333333333333,0.7291666666666666,3.0810148346989803,6.162029669397961,3.0810148346989803,0.0,0.0,0.0,0.0,0.0,0.0,1.354166666666667,2.708333333333334,1.354166666666667,2.4727469920269787,5.22549398405396,2.4727469920269787,0.0,0.0,0.0,0.0,0.0,0.0,0.0,0.795787333462326,0.795787333462326,105.34643488875896,54.05976822209252,42.29794871794983,0.0,0.0,0.0,0.0,0.0,0.0,0.0,0.0,0.0,0.0,0.0,0.0,0.0,0.0,0.0,0.0,0.0,0.0,0.0,2.232233796296297,2.232233796296297,115.1235205694593,13.008802683023893,0.0,0.0,121.30088081680427,0.0,0.0,0.0,0.0,0.0,0.0,0.0,67.24747409999499,81.16197087745932,157.72285582845888,147.02530939009387,14.58834471803407,12.888366938022873,82.29270774472312,85.85763355547678,45,219.7637628102245,212.04735491746405,177.5022222222202,219.7584839692148,208.9455029835102,209.40271629345966,211.52763524163538,219.16720478677988,219.7637628102245,212.94012249402152,203.96970115338473,219.7911406643715,180.0,180.0,219.70486111111111,206.96273577323532,193.3006119866499,197.95587795373203,206.41100323309212,199.3264679636076,180.0,180.0,219.40266778036943,205.70975624797074,206.8849290538709,58.55440143782602,58.62418373397155,53.77711523019201,53.94317003858436,8280.0,308.75029600089806,632.9660147311012
36.987101975342675,10.457974449356726,0.0,3.266666666666668,0.0,20.261709401710483,4.148148148148149,2.0364196058124,2.005389290085687,2.0074821152740165,2.210030716923511,1.9216820251284226,0.6375999405949343,5.683512358349651,2118.4865576439965,2066.0494811069575,541.7188371641129,2.0,2.0,2.0,2.0,1.0182098029062,28.67169564712529,2.0364196058124,0.0,10.457974449356726,0.0,0.0,0.0,0.0,1.9743589743589747,0.9871794871794873,34.025563513804215,1.3624809151710606,1.3624809151710606,2.7249618303421212,0.0,0.0,0.0,0.0,0.0,0.0,1.2900024002059123,0.6450012001029561,0.6450012001029561,0.816666666666667,0.816666666666667,1.633333333333334,0.0,0.0,0.0,0.0,0.0,0.0,2.210030716923511,1.1050153584617555,1.1050153584617555,0.26953241119710825,0.6375999405949343,0.9903217611541097,0.9125439833763319,0.0,0.0,102.7097682220924,50.72310155542588,18.91555555555664,0.6730769230769231,0.33653846153846156,0.33653846153846156,0.0,0.0,0.0,0.0,0.0,0.0,0.0,0.0,0.0,0.0,0.0,0.0,1.0370370370370372,2.0740740740740744,0.5185185185185186,0.5185185185185186,0.0,0.0,85.76270720006468,0.0,5.683512358349651,2.7376985760607537,112.705007168759,3.4105159546970425,0.0,0.0,0.0,0.0,0.0,0.0,34.46222284259048,47.75449739783273,149.40433730994027,108.94839058246207,12.82150637536506,12.322167253545855,86.33986295056263,87.16816102511491,46,219.79568227006678,210.31525729072956,170.61111111110878,219.7649756512446,206.9743435091121,207.53884908819018,209.86753995330346,219.46203703703705,219.47916541969852,210.60292117884669,211.8632449817831,219.1840252838415,180.0,180.0,219.195,207.6634646399498,190.85920255898608,196.41633658322758,207.92542658785038,202.25021679429776,180.0,180.0,219.9696024750712,206.9265397485273,208.57052606420976,59.518650986688115,59.54166215022145,58.77613947714477,58.79846700511572,8460.0,288.2691900099073,485.8402247237836
10.250093428334127,1.7361111111111112,2.9166666666666665,0.0,4.513888888888889,11.368717948719015,0.0,0.7674870165472294,0.6669184775389032,3.5115560958173635,3.308133883816593,4.368567731541373,1.9679822676300256,1.410281987385308,2096.696460692591,2060.4949046839724,450.3013569192164,2.0,1.998342320288652,2.0,1.9983945970125085,0.0,7.214204194927966,0.0,0.4340277777777778,0.8680555555555556,0.4340277777777778,0.3334592387694516,0.6669184775389032,0.3334592387694516,0.0,0.0,10.250093428334127,0.0,0.0,0.0,0.7291666666666666,1.4583333333333333,0.7291666666666666,1.7557780479086817,3.5115560958173635,1.7557780479086817,0.0,0.0,0.0,0.0,0.0,0.0,1.1284722222222223,2.2569444444444446,1.1284722222222223,2.1796616615943707,4.368567731541373,2.1796616615943707,0.0,0.0,0.0,0.0,1.4037461565189144,1.626549794066501,1.3154386829553906,0.5642361111111112,0.5642361111111112,90.15065072332055,37.46398405665398,11.368717948719015,0.0,0.0,0.0,0.0,0.0,0.0,0.0,0.0,0.0,0.0,0.0,0.0,0.0,0.0,0.0,0.0,0.0,0.0,0.0,1.410281987385308,1.410281987385308,68.99787450400036,3.2477819873853075,0.0,0.0,89.52556071413369,0.0,0.0,0.0,0.0,0.0,0.0,0.0,18.351545048119174,31.17715293669471,142.12285582845857,60.48536391760272,12.529715353360512,12.26282438475631,87.04060700369786,87.32361126403711,47,219.9349537037037,209.72154708645078,199.98361111110853,219.8440794159544,209.38071362017763,210.8919376271867,212.30552202172458,219.62642808435706,219.9349537037037,212.80179084521887,212.3802924696023,219.87673611111111,180.0,180.0,218.05555555555554,208.5275003720472,199.02995450882486,200.43850384064177,208.03848302699677,202.18337165596756,180.0,180.0,219.52460290439018,205.900119293342,211.2769942386652,59.03743617184083,59.083310178509564,53.902680016340504,53.998144397405795,8640.0,209.99417555315182,352.76514525611793
2.961538461538462,0.0,0.0,3.266666666666668,0.0,5.168034188035255,4.148148148148149,1.4557896133638204,1.4682794220665256,1.6224059787707414,1.8582548911415984,1.745794112237466,0.7880512574669917,4.047525122562485,2030.1458870940949,2060.1004072275778,355.2762902594267,2.0,2.0,2.0,2.0,0.7278948066819102,0.7278948066819102,1.4557896133638204,0.0,0.0,0.0,0.0,0.0,0.0,1.480769230769231,0.7403846153846155,0.7403846153846155,1.3096338852907798,1.3096338852907798,2.6192677705815597,0.0,0.0,0.0,0.0,0.0,0.0,0.6255441869599232,0.3127720934799616,0.3127720934799616,0.816666666666667,0.816666666666667,1.633333333333334,0.0,0.0,0.0,0.0,0.0,0.0,1.8582548911415984,0.9291274455707992,0.9291274455707992,0.1995811842890514,0.7880512574669917,0.9747905921445258,0.8775683699223034,0.0,0.0,64.19351456140429,10.806847894737809,3.821880341881409,0.6730769230769231,0.33653846153846156,0.33653846153846156,0.0,0.0,0.0,0.0,0.0,0.0,0.0,0.0,0.0,0.0,0.0,0.0,1.0370370370370372,2.0740740740740744,0.5185185185185186,0.5185185185185186,0.0,0.0,37.41088986467294,0.0,4.047525122562485,2.0237625612812424,80.07304595147271,3.0535479473072877,0.0,0.0,0.0,0.0,0.0,0.0,3.888888888888889,12.835971238111526,133.80433730993997,9.921580037173664,12.109222677556431,12.24396642060765,87.3819005358924,87.35188448890574,48,219.91319444444446,209.40872650230446,209.30186026440217,220.0,207.82404121014255,208.40014382602112,210.06873983899254,219.46203703703705,219.66419675169197,210.62073964046158,212.38837104294174,219.5540879478284,180.0,180.0,219.95659722222223,208.3751177093002,203.08664403478178,203.40425204192974,208.7970740283734,207.7333626681162,180.0,180.0,219.9773148148148,207.24890874059935,208.75969116933362,59.51870290602378,59.54162418821357,58.78141144364936,58.79983276434036,8820.0,186.23153211395427,233.11122569574397
0.0,1.7361111111111112,2.9166666666666665,0.0,4.0625,11.154230769231841,0.0,2.225271774287518,3.5824879930194804,2.157735784618794,2.858419048136332,3.6855880962726637,3.980800956634326,1.355423428270871,2003.156747609937,1196.3096673508858,275.3650798819199,2.0,1.9987877931106575,2.0,1.9994210943957085,0.0,0.0,0.0,0.4340277777777778,0.8680555555555556,0.4340277777777778,1.7912439965097402,3.5824879930194804,1.7912439965097402,0.0,0.0,0.0,0.0,0.0,0.0,0.7291666666666666,1.4583333333333333,0.7291666666666666,1.078867892309397,2.157735784618794,1.078867892309397,0.0,0.0,0.0,0.0,0.0,0.0,1.015625,2.03125,1.015625,1.8427940481363319,3.6855880962726637,1.8427940481363319,0.0,0.0,0.0,1.990400478317163,3.980800956634326,4.203533572491916,3.9118669058252498,0.0,0.0,19.4432757851576,0.0,6.106153846154916,2.524038461538462,1.262019230769231,1.262019230769231,0.0,0.0,0.0,0.0,0.0,0.0,0.0,0.0,0.0,0.0,0.0,0.0,0.0,0.0,0.0,0.0,1.355423428270871,1.355423428270871,20.440528888241175,3.1929234282708707,0.0,0.0,55.32558773695822,0.0,0.0,0.0,0.0,0.0,0.0,0.0,3.888888888888889,0.47367499109686606,126.5228558284584,0.5554741568163011,11.67828949219621,6.321350163729499,88.59997744370494,95.41849498894908,49,219.84380787037037,209.96669958620262,210.33360425307555,219.79850649928775,210.60052463835345,212.8074569422386,212.7873286826523,219.66801597670008,219.79172453703703,212.95401037761545,212.73835046966016,219.8051215277778,180.0,180.0,219.95409277065528,213.7460574430717,209.29528817489356,209.53776545422608,208.27383251696398,211.16504149608588,180.0,180.0,219.93706597222223,208.10022061957162,211.58491254226232,59.52126696500748,59.535999339153875,54.701204137897435,56.50881255410872,9000.0,154.84424368839137,153.92089690326975
2.961538461538462,0.0,0.0,3.266666666666668,0.0,2.019230769230769,4.148148148148149,0.8100303226707313,1.145399776719981,1.5881380731676096,0.9966780174208041,1.3150056753770691,0.10538639601139603,1.8324221795830127,1693.227321327731,1091.2290428573117,236.7075279138574,2.0,2.0,2.0,2.0,0.40501516133536564,0.40501516133536564,0.8100303226707313,0.0,0.0,0.0,0.0,0.0,0.0,1.480769230769231,0.7403846153846155,0.7403846153846155,1.2727506473443275,1.2727506473443275,2.545501294688655,0.0,0.0,0.0,0.0,0.0,0.0,0.6916268643638721,0.31538742582328205,0.31538742582328205,0.816666666666667,0.816666666666667,1.633333333333334,0.0,0.0,0.0,0.0,0.0,0.0,0.9966780174208041,0.49833900871040204,0.49833900871040204,0.052693198005698015,0.10538639601139603,0.6680132656695157,0.6096799323361823,0.0,0.0,3.168072976976841,0.0,1.0096153846153846,0.5048076923076923,0.25240384615384615,0.25240384615384615,0.0,0.0,0.0,0.0,0.0,0.0,0.0,0.0,0.0,0.0,0.0,0.0,1.0370370370370372,2.0740740740740744,0.5185185185185186,0.5185185185185186,0.0,0.0,0.0,0.0,1.8324221795830127,0.9162110897915063,44.02123780895252,2.4997722115624197,0.0,0.0,0.0,0.0,0.0,0.0,3.888888888888889,2.092747371585567,106.84864710164854,1.1020811572756706,9.72078798561669,5.626107438690651,90.3810205585391,97.11290949652036,50,219.91319444444446,209.40023889369513,210.6334995319026,220.0,209.1802039582924,209.45556417838478,210.2488996211527,219.94814814814814,219.74844907407407,212.34916843013622,212.8895192261806,219.7225925925926,180.0,180.0,219.95659722222223,208.45865949890617,208.5339098604247,206.94766146977858,210.07468913673878,209.454556075853,180.0,180.0,219.9696024750712,210.14360721498062,211.45210565996027,59.50860684305617,59.53951151220417,59.3006338701953,59.431437806236715,9180.0,154.4526671360232,76.29589409004396
0.0,1.3888888888888888,2.9166666666666665,0.0,4.0625,0.0,0.0,0.5698188664748508,0.4451932885052572,1.6116499235239627,2.510573363673606,2.989896727347212,0.11821301724310032,1.339354768763891,1567.7694181298077,1130.0443423506867,199.27814981018588,2.0,1.9994742856769048,2.0,1.9995384375559637,0.0,0.0,0.0,0.3472222222222222,0.6944444444444444,0.3472222222222222,0.2225966442526286,0.4451932885052572,0.2225966442526286,0.0,0.0,0.0,0.0,0.0,0.0,0.7291666666666666,1.4583333333333333,0.7291666666666666,0.8058249617619814,1.6116499235239627,0.8058249617619814,0.0,0.0,0.0,0.0,0.0,0.0,1.015625,2.03125,1.015625,1.494948363673606,2.989896727347212,1.494948363673606,0.0,0.0,0.0,0.0,0.0,0.0,0.0,0.11821301724310032,0.11821301724310032,0.759879683909767,0.7015463505764337,0.0,0.0,0.0,0.0,0.0,0.0,0.0,0.0,0.0,0.0,0.0,0.0,0.0,0.0,0.0,0.0,0.0,0.0,0.0,0.0,1.339354768763891,1.339354768763891,3.351854768763891,3.1768547687638904,0.0,0.0,18.673368352782763,0.0,0.0,0.0,0.0,0.0,0.0,0.0,2.26661414004982,1.9749474733831542,78.95849257837476,0.7119802367799801,8.615207766245915,5.808419071389382,92.90867593074077,97.39062469982557,51,219.40508196087742,210.04089759880384,210.7689567949753,219.71836306761972,212.14053424654148,212.97442506655761,212.8868329676026,219.9004352111851,219.68352100703433,213.47240958379052,213.03383374285428,219.75101976277642,180.0,180.0,219.93381076388889,208.56925297844228,208.19257330870087,209.7121785914064,209.7608603645399,210.3641497642178,180.0,180.0,219.33644514974617,211.52785156041722,212.77130091801268,59.031871927697274,59.07950972904755,56.674670334161284,56.8998877041494,9360.0,139.06388104077595,48.04017493111915
2.961538461538462,0.0,0.0,3.266666666666668,0.0,2.019230769230769,4.148148148148149,1.001221431736496,1.2409953312528637,1.6763352237888656,1.2332023909236773,1.4332678621285058,0.2749449207600872,2.299294652229645,1533.0196710263492,1084.6050886901123,159.44671694354184,2.0,2.0,2.0,2.0,0.500610715868248,0.500610715868248,1.001221431736496,0.0,0.0,0.0,0.0,0.0,0.0,1.480769230769231,0.7403846153846155,0.7403846153846155,1.1452450041273636,1.1452450041273636,2.2904900082547273,0.0,0.0,0.0,0.0,0.0,0.0,1.0621804393230039,0.5310902196615019,0.5310902196615019,0.816666666666667,0.816666666666667,1.633333333333334,0.0,0.0,0.0,0.0,0.0,0.0,1.2332023909236773,0.6166011954618387,0.6166011954618387,0.11792868589743591,0.2749449207600872,0.7006310096153847,0.6422976762820513,0.0,0.0,0.0,0.0,1.0096153846153846,0.5048076923076923,0.25240384615384615,0.25240384615384615,0.0,0.0,0.0,0.0,0.0,0.0,0.0,0.0,0.0,0.0,0.0,0.0,1.0370370370370372,2.0740740740740744,0.5185185185185186,0.5185185185185186,0.0,0.0,0.0,0.0,2.299294652229645,1.1496473261148226,7.355248926663103,2.616490329724078,0.0,0.0,0.0,0.0,0.0,0.0,2.330630940818291,2.038964274151624,42.111303406019104,1.1215627501927912,8.392964503712344,5.587567442832661,93.13652603778092,97.17747401604282,52,219.79832954088687,210.39459466678238,210.95812676046796,219.77027019288482,210.716198832586,210.38036464592736,210.62422591931127,219.46203703703705,219.73046296296295,212.65802796378566,213.1080114848319,219.68662037037038,180.0,180.0,219.95659722222223,208.89806769786617,208.41743867313994,209.42372839788268,211.30806442251102,211.21810240436255,180.0,180.0,219.9696024750712,211.84691409726008,212.32684302995008,59.515377481130855,59.538684741466355,59.41399173897109,59.44146561850723,9540.0,144.3633753273772,38.726256113346466
0.0,1.3888888888888888,2.9166666666666665,0.0,4.0625,0.0,0.0,0.563312679233055,0.4321809140216655,1.5408621345605562,2.4000461163179745,2.7688422326359494,0.12145183006922239,1.2296140030342317,1445.7928159322764,1127.174720613377,114.8507512429001,2.0,1.9994850095495493,2.0,1.9995385936326437,0.0,0.0,0.0,0.3472222222222222,0.6944444444444444,0.3472222222222222,0.21609045701083274,0.4321809140216655,0.21609045701083274,0.0,0.0,0.0,0.0,0.0,0.0,0.7291666666666666,1.4583333333333333,0.7291666666666666,0.7704310672802781,1.5408621345605562,0.7704310672802781,0.0,0.0,0.0,0.0,0.0,0.0,1.015625,2.03125,1.015625,1.3844211163179747,2.7688422326359494,1.3844211163179747,0.0,0.0,0.0,0.0,0.0,0.0,0.0,0.12145183006922239,0.12145183006922239,0.763118496735889,0.7047851634025557,0.0,0.0,0.0,0.0,0.0,0.0,0.0,0.0,0.0,0.0,0.0,0.0,0.0,0.0,0.0,0.0,0.0,0.0,0.0,0.0,1.2296140030342317,1.2296140030342317,3.2421140030342315,3.067114003034231,0.0,0.0,0.0,0.0,0.0,0.0,0.0,0.0,0.0,0.0,2.18084682588223,1.8891801592155635,0.7648602802180239,0.7259713913291349,7.871013727963662,5.793007499299191,93.37387074160223,97.400296368572,53,219.88553988456812,210.120064188354,211.07665301565422,219.81937250638663,211.89332134875028,212.61221237025094,212.99427465294886,219.91008947649573,219.88553988456812,213.52883035476938,213.25071869842628,219.85202920154333,180.0,180.0,219.93381076388889,208.77040136739927,208.32327225334885,210.1287525853073,210.13584099253234,210.65677818320154,180.0,180.0,219.52546465564302,211.61919700561884,212.75494972506252,59.031860700526586,59.07905444889364,56.71077258858774,56.904528650485574,9720.0,135.50878911392485,28.331089450405713
2.961538461538462,0.0,0.0,3.266666666666668,0.0,2.019230769230769,4.977777777777778,0.9617038279776488,1.22123652937344,1.6635090821382548,1.1953015657944563,1.414317449563895,0.26233329927888716,2.4749347699479305,1106.6692029108958,1048.3246927991645,95.88970104037863,2.0,2.0,2.0,2.0,0.4808519139888244,0.4808519139888244,0.9617038279776488,0.0,0.0,0.0,0.0,0.0,0.0,1.480769230769231,0.7403846153846155,0.7403846153846155,1.1429126744171678,1.1429126744171678,2.2858253488343356,0.0,0.0,0.0,0.0,0.0,0.0,1.0411928154421741,0.5205964077210871,0.5205964077210871,0.816666666666667,0.816666666666667,1.633333333333334,0.0,0.0,0.0,0.0,0.0,0.0,1.1953015657944563,0.5976507828972282,0.5976507828972282,0.11792868589743591,0.26233329927888716,0.7006310096153847,0.6422976762820513,0.0,0.0,0.0,0.0,1.0096153846153846,0.5048076923076923,0.25240384615384615,0.25240384615384615,0.0,0.0,0.0,0.0,0.0,0.0,0.0,0.0,0.0,0.0,0.0,0.0,1.2444444444444445,2.488888888888889,0.6222222222222222,0.6222222222222222,0.0,0.0,0.0,0.0,2.4749347699479305,1.1946349142266908,3.280650790446678,3.047317457113345,0.0,0.0,0.0,0.0,0.0,0.0,2.3374591416716264,2.0457924750049594,1.1583057417178322,1.1194168528289432,5.736012835745349,5.417578017899059,96.76285304057824,97.02087033303985,54,219.79836873216345,210.3939042017562,211.04492864140647,219.77034857543796,210.78133496288757,210.39807300122231,210.67713715043166,219.46203703703705,219.85762306034988,212.9052431503349,213.1346615740287,219.94094056514425,180.0,180.0,219.95659722222223,209.004565289388,208.42041359435967,209.66402303430152,211.56538540893797,211.27516243238344,180.0,180.0,219.9696024750712,211.1789452547675,212.4517016911922,59.51546678662389,59.53876247890419,59.399889028606815,59.431150433862335,9900.0,143.36688173062402,35.91398939411931
0.0,1.3888888888888888,2.9166666666666665,0.0,4.0625,0.0,0.8296296296296297,0.6498601472714518,0.6052758500984593,1.5384227231578125,2.5060816792087803,2.9809133584175607,0.12073963584374997,0.8574833758532547,1127.816443450595,1073.1461519176016,102.92068211653091,2.0,1.9999835350778754,2.0,1.9999851182010888,0.0,0.0,0.0,0.3472222222222222,0.6944444444444444,0.3472222222222222,0.30263792504922965,0.6052758500984593,0.30263792504922965,0.0,0.0,0.0,0.0,0.0,0.0,0.7291666666666666,1.4583333333333333,0.7291666666666666,0.7692113615789062,1.5384227231578125,0.7692113615789062,0.0,0.0,0.0,0.0,0.0,0.0,1.015625,2.03125,1.015625,1.4904566792087803,2.9809133584175607,1.4904566792087803,0.0,0.0,0.0,0.0,0.0,0.0,0.0,0.12073963584374997,0.12073963584374997,0.7624063025104166,0.7040729691770833,0.0,0.0,0.0,0.0,0.0,0.0,0.0,0.0,0.0,0.0,0.0,0.0,0.0,0.0,0.0,0.0,0.20740740740740743,0.41481481481481486,0.10370370370370371,0.10370370370370371,0.0,0.0,0.36967432354635466,0.11689654576857733,0.8574833758532547,0.42874168792662737,0.6615930661855359,0.6227041772966471,0.0,0.0,0.0,0.0,0.0,0.0,2.170477697884694,1.8788110312180275,3.8888888888888893,3.8888888888888893,5.843256129371539,5.543514115395724,96.83217267251712,97.09194682951214,55,219.79075699292292,210.14041822888373,211.01448672584743,219.77198106056403,212.2619501518274,212.98259854340353,213.00576422726797,219.91008947649573,219.79075699292292,213.79450650471142,213.18569242666734,219.80463775572073,180.0,180.0,219.93381076388889,209.13011781427534,208.33177796437286,210.34532432694428,210.35573091822533,210.68173863611912,180.0,180.0,219.00743159947535,208.78206509161606,209.82658496547288,59.03191266309906,59.0790602191942,59.37811875504339,59.40958416247844,10080.0,139.9287070311898,24.211960768484847
2.961538461538462,0.0,0.0,3.266666666666668,0.0,2.019230769230769,1.8044444444444432,0.9512495447223915,1.2160093877458114,1.432140645918259,1.1851712107732646,1.4092522720532994,0.25263622562681437,1.989786552909211,1090.2575574244092,1035.2337896483994,97.73780923190913,2.0,2.0,2.0,2.0,0.47562477236119577,0.47562477236119577,0.9512495447223915,0.0,0.0,0.0,0.0,0.0,0.0,1.480769230769231,0.7403846153846155,0.7403846153846155,0.9126259459515902,0.9126259459515902,1.8252518919031804,0.0,0.0,0.0,0.0,0.0,0.0,1.0390293999333378,0.5195146999666689,0.5195146999666689,0.816666666666667,0.816666666666667,1.633333333333334,0.0,0.0,0.0,0.0,0.0,0.0,1.1851712107732646,0.5925856053866323,0.5925856053866323,0.11792868589743591,0.25263622562681437,0.7006310096153847,0.6422976762820513,0.0,0.0,0.0,0.0,1.0096153846153846,0.5048076923076923,0.25240384615384615,0.25240384615384615,0.0,0.0,0.0,0.0,0.0,0.0,0.0,0.0,0.0,0.0,0.0,0.0,0.17629629629629573,1.6281481481481475,0.0,0.0,0.030397524928774934,0.030397524928774934,0.25400863603988605,0.2345641915954416,1.959389027980436,0.34191673621244,2.663736145883997,2.3915139236617744,0.0,0.0,0.0,0.0,0.0,0.0,2.3373813388906957,2.045714672224029,2.904111677100234,2.8846672326557896,5.622397392370255,5.323344396509543,97.16949250237126,97.42184717931849,56,219.79842122803262,210.4026147166699,210.99409290434795,219.77045356717633,210.70135522596834,210.3913262251389,210.67263590937617,219.46203703703705,219.85759271776456,212.73672169485042,213.1437219788677,219.94087987997358,180.0,180.0,219.95659722222223,209.0179604562636,208.41842067276735,209.5154525569546,211.32108493365794,211.18901680037095,180.0,180.0,218.72444444444443,208.69150536405647,211.2729088024139,59.51454228108945,59.53786433794458,59.40538627106154,59.43647774691063,10260.0,146.75482548188404,29.6727017451979
0.0,1.3888888888888888,2.9166666666666665,0.0,4.0625,0.0,0.8296296296296297,0.6517183048433048,0.6089921652421653,1.538435155432217,2.49925267514469,2.9672553502893804,0.12075022099659735,0.8572605275765345,1128.1764573676767,1073.4204018024463,102.96728863270334,2.0,1.9999835381666964,2.0,1.9999851210185433,0.0,0.0,0.0,0.3472222222222222,0.6944444444444444,0.3472222222222222,0.30449608262108263,0.6089921652421653,0.30449608262108263,0.0,0.0,0.0,0.0,0.0,0.0,0.7291666666666666,1.4583333333333333,0.7291666666666666,0.7692175777161085,1.538435155432217,0.7692175777161085,0.0,0.0,0.0,0.0,0.0,0.0,1.015625,2.03125,1.015625,1.4836276751446902,2.9672553502893804,1.4836276751446902,0.0,0.0,0.0,0.0,0.0,0.0,0.0,0.12075022099659735,0.12075022099659735,0.762416887663264,0.7040835543299306,0.0,0.0,0.0,0.0,0.0,0.0,0.0,0.0,0.0,0.0,0.0,0.0,0.0,0.0,0.0,0.0,0.20740740740740743,0.41481481481481486,0.10370370370370371,0.10370370370370371,0.0,0.0,0.3706656719377184,0.11788789415994061,0.8572605275765345,0.42863026378826724,0.6615373541163558,0.6226484652274669,0.0,0.0,0.0,0.0,0.0,0.0,2.1801880770269317,1.8885214103602643,3.888888888888889,3.8888888888888893,5.8452213381065485,5.544947125244333,96.83214287259331,97.0931265951898,57,219.87970386385942,210.12404790181444,210.999048844445,219.82284457836576,212.68263667030317,212.99576890763257,213.2123872941184,219.91008947649573,219.89248402852635,213.62600099490552,213.17775426231435,219.85550127352246,180.0,180.0,219.93381076388889,209.13908750324845,208.3282015370481,210.13470304047664,210.1476433597558,210.6707759868646,180.0,180.0,219.01105112989458,208.7800228523134,209.82627638719453,59.032194746610315,59.079329225164706,59.37729412802548,59.40874107605069,10440.0,139.6069159182974,24.193681587905385
2.961538461538462,0.0,0.0,3.266666666666668,0.0,2.019230769230769,1.8044444444444432,0.9521657987213146,1.2164675147452728,1.4374137497332942,1.1847004519520445,1.4090168926426894,0.23585737179487182,1.9403485496048578,1090.2450002556425,1035.2200716226082,97.73618134902546,2.0,2.0,2.0,2.0,0.4760828993606573,0.4760828993606573,0.9521657987213146,0.0,0.0,0.0,0.0,0.0,0.0,1.480769230769231,0.7403846153846155,0.7403846153846155,0.9168638289879125,0.9168638289879125,1.833727657975825,0.0,0.0,0.0,0.0,0.0,0.0,1.0410998414907633,0.5205499207453816,0.5205499207453816,0.816666666666667,0.816666666666667,1.633333333333334,0.0,0.0,0.0,0.0,0.0,0.0,1.1847004519520445,0.5923502259760223,0.5923502259760223,0.11792868589743591,0.23585737179487182,0.7006310096153847,0.6422976762820513,0.0,0.0,0.0,0.0,1.0096153846153846,0.5048076923076923,0.25240384615384615,0.25240384615384615,0.0,0.0,0.0,0.0,0.0,0.0,0.0,0.0,0.0,0.0,0.0,0.0,0.17629629629629573,1.6281481481481475,0.0,0.0,0.030397524928774934,0.030397524928774934,0.25400863603988605,0.2345641915954416,1.909951024676083,0.31719773456026346,2.651376645057909,2.3791544228356862,0.0,0.0,0.0,0.0,0.0,0.0,2.3374038725992827,2.045737205932616,2.9032614862706936,2.883817041826249,5.622406324700493,5.323338893099084,97.16836983552999,97.42079406331908,58,219.79839570486766,210.39689251958882,211.04913242220374,219.7704025208464,210.77556080962972,210.38623481752938,210.68439425236323,219.46203703703705,219.88715277777777,212.736407928231,213.12996362451605,220.0,180.0,180.0,219.95659722222223,209.01097961165743,208.41827512430422,209.5125192124746,211.2968718192457,211.16415575910918,180.0,180.0,218.72444444444443,208.69267301184192,211.27431238807156,59.51452601976863,59.53784865273818,59.40522315579953,59.43630435269655,10620.0,146.53771435910406,29.5790302903728
0.0,1.3888888888888888,2.9166666666666665,0.0,4.0625,0.0,0.8296296296296297,0.6517183048433048,0.6089921652421653,1.5385989655526524,2.498362333833892,2.9654746676677837,0.12085733459738288,0.8572528137858375,1127.768186673394,1073.013400047947,102.93621928247725,2.0,1.9999835382434592,2.0,1.9999851210849005,0.0,0.0,0.0,0.3472222222222222,0.6944444444444444,0.3472222222222222,0.30449608262108263,0.6089921652421653,0.30449608262108263,0.0,0.0,0.0,0.0,0.0,0.0,0.7291666666666666,1.4583333333333333,0.7291666666666666,0.7692994827763262,1.5385989655526524,0.7692994827763262,0.0,0.0,0.0,0.0,0.0,0.0,1.015625,2.03125,1.015625,1.4827373338338918,2.9654746676677837,1.4827373338338918,0.0,0.0,0.0,0.0,0.0,0.0,0.0,0.12085733459738288,0.12085733459738288,0.7625240012640495,0.7041906679307162,0.0,0.0,0.0,0.0,0.0,0.0,0.0,0.0,0.0,0.0,0.0,0.0,0.0,0.0,0.0,0.0,0.20740740740740743,0.41481481481481486,0.10370370370370371,0.10370370370370371,0.0,0.0,0.37073247780428153,0.11795470002650377,0.8572528137858375,0.42862640689291875,0.6615354256686816,0.6226465367797926,0.0,0.0,0.0,0.0,0.0,0.0,2.179734687278927,1.8880680206122604,3.888888888888889,3.8888888888888893,5.843334277453499,5.54306386132267,96.82907298777006,97.08996464584585,59,219.87681865466982,210.12883048434935,210.99800674855433,219.82284574474426,212.67937956117302,212.9914308912834,213.20889260749644,219.91008947649573,219.8924863612834,213.63065935675016,213.1771416828627,219.85550243990096,180.0,180.0,219.93381076388889,209.14067862444378,208.33276560170574,210.14106801838142,210.14455430751173,210.67501960409828,180.0,180.0,219.0111552774519,208.78154931114756,209.82610798837229,59.032159936005066,59.07929589709657,59.37726666965391,59.408730593965494,10800.0,139.5949319802336,24.190994481457935
