N_P_star,N_UF_star,computation_time_sec,leader_candidate_count,leader_full_evaluated_count,leader_serial_override,solver_evaluations,step,sup_pick_pfo,sup_v_pfo,sup_v_pstack,wu_b2_price_A,wu_b2_price_B,wu_b2_price_C,wu_b2_price_D,wu_b2_price_F,wu_b2_price_delta_sec,wu_b2_price_enabled,wu_b2_price_ref_A,wu_b2_price_ref_B,wu_b2_price_ref_C,wu_b2_price_ref_D,wu_b2_price_ref_F,wu_b2_price_refresh_count,wu_b2_price_refreshed,wu_b2_price_skipped,wu_b2_price_trust_sec,wu_b3_cliff_both_FW_E,wu_b3_cliff_both_FW_W,wu_b3_meter_fd3_R_D_E_base,wu_b3_meter_fd3_R_D_E_cliffup,wu_b3_meter_fd3_R_D_E_curv,wu_b3_meter_fd3_R_D_E_hi,wu_b3_meter_fd3_R_D_E_lo,wu_b3_meter_fd3_R_D_E_nonlin,wu_b3_meter_fd3_R_D_W_base,wu_b3_meter_fd3_R_D_W_cliffup,wu_b3_meter_fd3_R_D_W_curv,wu_b3_meter_fd3_R_D_W_hi,wu_b3_meter_fd3_R_D_W_lo,wu_b3_meter_fd3_R_D_W_nonlin,wu_b3_meter_fd3_R_F_E_base,wu_b3_meter_fd3_R_F_E_cliffup,wu_b3_meter_fd3_R_F_E_curv,wu_b3_meter_fd3_R_F_E_hi,wu_b3_meter_fd3_R_F_E_lo,wu_b3_meter_fd3_R_F_E_nonlin,wu_b3_meter_fd3_R_F_W_base,wu_b3_meter_fd3_R_F_W_cliffup,wu_b3_meter_fd3_R_F_W_curv,wu_b3_meter_fd3_R_F_W_hi,wu_b3_meter_fd3_R_F_W_lo,wu_b3_meter_fd3_R_F_W_nonlin,wu_b3_meter_price_R_D_E,wu_b3_meter_price_R_D_W,wu_b3_meter_price_R_F_E,wu_b3_meter_price_R_F_W,wu_b3_meter_price_enabled,wu_b3_meter_price_ref_R_D_E,wu_b3_meter_price_ref_R_D_W,wu_b3_meter_price_ref_R_F_E,wu_b3_meter_price_ref_R_F_W,wu_b3_release_ratio_FW_E,wu_b3_release_ratio_FW_W,wu_b3_release_refresh,wu_b3_vsl_price_FW_E__seg0,wu_b3_vsl_price_FW_E__seg1,wu_b3_vsl_price_FW_E__seg2,wu_b3_vsl_price_FW_E__seg3,wu_b3_vsl_price_FW_E__seg4,wu_b3_vsl_price_FW_E__seg5,wu_b3_vsl_price_FW_E__seg6,wu_b3_vsl_price_FW_E__seg7,wu_b3_vsl_price_FW_W__seg0,wu_b3_vsl_price_FW_W__seg1,wu_b3_vsl_price_FW_W__seg2,wu_b3_vsl_price_FW_W__seg3,wu_b3_vsl_price_FW_W__seg4,wu_b3_vsl_price_FW_W__seg5,wu_b3_vsl_price_FW_W__seg6,wu_b3_vsl_price_FW_W__seg7,wu_b3_vsl_price_enabled,wu_b3_vsl_price_ref_FW_E__seg0,wu_b3_vsl_price_ref_FW_E__seg1,wu_b3_vsl_price_ref_FW_E__seg2,wu_b3_vsl_price_ref_FW_E__seg3,wu_b3_vsl_price_ref_FW_E__seg4,wu_b3_vsl_price_ref_FW_E__seg5,wu_b3_vsl_price_ref_FW_E__seg6,wu_b3_vsl_price_ref_FW_E__seg7,wu_b3_vsl_price_ref_FW_W__seg0,wu_b3_vsl_price_ref_FW_W__seg1,wu_b3_vsl_price_ref_FW_W__seg2,wu_b3_vsl_price_ref_FW_W__seg3,wu_b3_vsl_price_ref_FW_W__seg4,wu_b3_vsl_price_ref_FW_W__seg5,wu_b3_vsl_price_ref_FW_W__seg6,wu_b3_vsl_price_ref_FW_W__seg7,wu_b4_barrier_enabled,wu_f3_offset_inner_iters_A,wu_f3_offset_inner_iters_B,wu_f3_offset_inner_iters_C,wu_f3_offset_price_A,wu_f3_offset_price_B,wu_f3_offset_price_C,wu_f3_offset_price_enabled,wu_f3_offset_ref_A,wu_f3_offset_ref_B,wu_f3_offset_ref_C,wu_f3_offset_walk_from_A,wu_f3_offset_walk_from_B,wu_f3_offset_walk_from_C,wu_faithful_active,wu_faithful_np_bias_ratio,wu_faithful_np_cand_lambda,wu_faithful_np_cand_lambda_applied,wu_faithful_np_feasible_max,wu_faithful_np_feasible_max_veh,wu_faithful_np_feasible_min,wu_faithful_np_feasible_min_veh,wu_faithful_np_original_target,wu_faithful_np_original_target_veh,wu_faithful_np_pd_exit,wu_faithful_np_pd_iters,wu_faithful_np_pd_lam_entry,wu_faithful_np_pd_residual,wu_faithful_np_predictor_current_interval,wu_faithful_np_predictor_legacy,wu_faithful_np_predictor_mode_code,wu_faithful_np_predictor_phase_substep,wu_faithful_np_predictor_storage_aware,wu_faithful_np_projected_target,wu_faithful_np_projected_target_veh,wu_faithful_np_projection_residual,wu_faithful_np_realized_sum_nin_veh,wu_faithful_np_sum_nin,wu_faithful_np_target,wu_faithful_np_target_error,wu_seg13_active,wu_seg13_budget_FW_E,wu_seg13_budget_FW_W,wu_seg13_evals_FW_E,wu_seg13_evals_FW_W,wu_seg13_floor_alpha_FW_W,wu_seg13_floor_cong_FW_W,wu_seg13_meter_box_edge_FW_E,wu_seg13_meter_box_edge_FW_W,wu_seg13_meter_box_r_FW_E,wu_seg13_meter_box_r_FW_W,wu_seg13_meter_box_total_FW_E,wu_seg13_meter_box_total_FW_W,wu_seg13_postsplit_FW_E,wu_seg13_postsplit_FW_W,wu_seg13_presplit_FW_E,wu_seg13_presplit_FW_W,wu_seg13_traj_used_FW_E,wu_seg13_traj_used_FW_W,wu_seg13_vsl_box_r_FW_E,wu_seg13_vsl_box_r_FW_W
0.0,0.0,2.6500027161091566e-05,0.0,0.0,0.0,0.0,0,,,,,,,,,,,,,,,,,,,,,,,,,,,,,,,,,,,,,,,,,,,,,,,,,,,,,,,,,,,,,,,,,,,,,,,,,,,,,,,,,,,,,,,,,,,,,,,,,,,,,,,,,0.0,,,,,,,,,,,,,,,,,,,,,,,,,,,,,,,,,,,,,,,,,,,,,,
0.0,0.0,0.0006846999749541283,0.0,0.0,0.0,0.0,1,,,,,,,,,,,,,,,,,,,,,,,,,,,,,,,,,,,,,,,,,,,,,,,,,,,,,,,,,,,,,,,,,,,,,,,,,,,,,,,,,,,,,,,,,,,,,,,,,,,,,,,,,0.0,,,,,,,,,,,,,,,,,,,,,,,,,,,,,,,,,,,,,,,,,,,,,,
0.0,0.0,2.0099978428333998e-05,0.0,0.0,0.0,0.0,2,,,,,,,,,,,,,,,,,,,,,,,,,,,,,,,,,,,,,,,,,,,,,,,,,,,,,,,,,,,,,,,,,,,,,,,,,,,,,,,,,,,,,,,,,,,,,,,,,,,,,,,,,0.0,,,,,,,,,,,,,,,,,,,,,,,,,,,,,,,,,,,,,,,,,,,,,,
0.0,0.0,3.689998993650079e-05,0.0,0.0,0.0,0.0,3,,,,,,,,,,,,,,,,,,,,,,,,,,,,,,,,,,,,,,,,,,,,,,,,,,,,,,,,,,,,,,,,,,,,,,,,,,,,,,,,,,,,,,,,,,,,,,,,,,,,,,,,,0.0,,,,,,,,,,,,,,,,,,,,,,,,,,,,,,,,,,,,,,,,,,,,,,
0.0,0.0,3.430002834647894e-05,0.0,0.0,0.0,0.0,4,,,,,,,,,,,,,,,,,,,,,,,,,,,,,,,,,,,,,,,,,,,,,,,,,,,,,,,,,,,,,,,,,,,,,,,,,,,,,,,,,,,,,,,,,,,,,,,,,,,,,,,,,0.0,,,,,,,,,,,,,,,,,,,,,,,,,,,,,,,,,,,,,,,,,,,,,,
435.59805377460884,6000.0,41.19063740002457,49.0,4.0,0.0,141.0,5,0.0,93.58486905659815,92.52662172981098,-0.0004911497663666236,-0.032089832001959674,-0.015882548854928142,-0.01284200946485814,-0.04454248746566841,6.0,1.0,56.0,56.0,56.0,56.0,56.0,1.0,1.0,0.0,6.0,0.0,0.0,294.6748509511729,0.0,0.42848963607536916,294.6748509511729,295.1033405872482,0.0,294.6748509511729,0.0,0.3291428008554931,294.6748509511729,295.00399375202835,0.0,294.6748509511729,0.0,0.6232306687080609,294.6748509511729,295.29808161988103,0.0,294.6748509511729,0.0,0.47518920334380255,294.6748509511729,295.1500401545168,0.0,-0.0014282987869177078,-0.0010971426695181208,-0.0020774355623603925,-0.0015839640111461979,1.0,1500.0,1500.0,1500.0,1500.0,,,0.0,0.05298960389924581,0.053404294114067066,0.053804454084765405,0.054036190094031517,0.05425688376610785,0.053957925380132915,0.05343105525658186,0.05217133635419194,0.05224708089519163,0.05262753742220072,0.052984753450606006,0.05323966287770636,0.05342510074163834,0.05321344908958707,0.052681513801684246,0.0514600165370525,1.0,115.0,115.0,115.0,115.0,115.0,115.0,115.0,115.0,115.0,115.0,115.0,115.0,115.0,115.0,115.0,115.0,0.0,4.0,4.0,4.0,-0.012550967067273341,-0.0012708028708969714,-0.020041751724701243,1.0,0.0,0.0,0.0,0.0,0.0,0.0,1.0,1.0,0.0,0.0,0.0,,0.0,,0.0,,-1.0,0.0,0.0,0.0,0.0,1.0,0.0,0.0,0.0,0.0,,0.0,,435.59805377460884,0.0,435.59805377460884,1.0,,,24.0,24.0,,,2.0,2.0,300.0,300.0,2.0,2.0,,,,,,,15.0,15.0
541.3252178083329,6000.0,24.387777100026142,49.0,4.0,0.0,458.0,6,0.0,133.10457142601402,132.07505170320192,-0.0004911497663666236,-0.032089832001959674,-0.015882548854928142,-0.01284200946485814,-0.04454248746566841,6.0,1.0,56.0,56.0,56.0,56.0,56.0,1.0,0.0,0.0,6.0,0.0,0.0,294.6748509511729,0.0,0.42848963607536916,294.6748509511729,295.1033405872482,0.0,294.6748509511729,0.0,0.3291428008554931,294.6748509511729,295.00399375202835,0.0,294.6748509511729,0.0,0.6232306687080609,294.6748509511729,295.29808161988103,0.0,294.6748509511729,0.0,0.47518920334380255,294.6748509511729,295.1500401545168,0.0,-0.0014282987869177078,-0.0010971426695181208,-0.0020774355623603925,-0.0015839640111461979,1.0,1500.0,1500.0,1500.0,1500.0,,,0.0,0.05298960389924581,0.053404294114067066,0.053804454084765405,0.054036190094031517,0.05425688376610785,0.053957925380132915,0.05343105525658186,0.05217133635419194,0.05224708089519163,0.05262753742220072,0.052984753450606006,0.05323966287770636,0.05342510074163834,0.05321344908958707,0.052681513801684246,0.0514600165370525,1.0,115.0,115.0,115.0,115.0,115.0,115.0,115.0,115.0,115.0,115.0,115.0,115.0,115.0,115.0,115.0,115.0,0.0,4.0,4.0,4.0,-0.012550967067273341,-0.0012708028708969714,-0.020041751724701243,1.0,0.0,0.0,0.0,0.0,0.0,0.0,1.0,1.0,0.0,0.0,0.0,,0.0,,0.0,,-1.0,0.0,0.0,0.0,0.0,1.0,0.0,0.0,0.0,0.0,,0.0,,541.3252178083329,0.0,541.3252178083329,1.0,,,24.0,24.0,,,2.0,2.0,300.0,300.0,2.0,2.0,,,,,1.0,1.0,15.0,15.0
688.3123571882008,6000.0,34.11330399999861,49.0,5.0,0.0,485.0,7,0.0,174.1686421780238,173.45256410711977,-0.0004911497663666236,-0.032089832001959674,-0.015882548854928142,-0.01284200946485814,-0.04454248746566841,6.0,1.0,56.0,56.0,56.0,56.0,56.0,1.0,0.0,0.0,6.0,0.0,0.0,294.6748509511729,0.0,0.42848963607536916,294.6748509511729,295.1033405872482,0.0,294.6748509511729,0.0,0.3291428008554931,294.6748509511729,295.00399375202835,0.0,294.6748509511729,0.0,0.6232306687080609,294.6748509511729,295.29808161988103,0.0,294.6748509511729,0.0,0.47518920334380255,294.6748509511729,295.1500401545168,0.0,-0.0014282987869177078,-0.0010971426695181208,-0.0020774355623603925,-0.0015839640111461979,1.0,1500.0,1500.0,1500.0,1500.0,,,0.0,0.05298960389924581,0.053404294114067066,0.053804454084765405,0.054036190094031517,0.05425688376610785,0.053957925380132915,0.05343105525658186,0.05217133635419194,0.05224708089519163,0.05262753742220072,0.052984753450606006,0.05323966287770636,0.05342510074163834,0.05321344908958707,0.052681513801684246,0.0514600165370525,1.0,115.0,115.0,115.0,115.0,115.0,115.0,115.0,115.0,115.0,115.0,115.0,115.0,115.0,115.0,115.0,115.0,0.0,4.0,4.0,4.0,-0.012550967067273341,-0.0012708028708969714,-0.020041751724701243,1.0,0.0,0.0,0.0,0.0,0.0,0.0,1.0,1.0,0.0,0.0,0.0,,0.0,,0.0,,-1.0,0.0,0.0,0.0,0.0,1.0,0.0,0.0,0.0,0.0,,0.0,,688.3123571882008,0.0,688.3123571882008,1.0,,,24.0,24.0,,,2.0,2.0,300.0,300.0,2.0,2.0,,,,,1.0,1.0,15.0,15.0
765.2459160004115,6000.0,33.035451300034765,49.0,5.0,0.0,447.0,8,0.0,202.38028397680603,202.14822922136193,-0.0004911497663666236,-0.032089832001959674,-0.015882548854928142,-0.01284200946485814,-0.04454248746566841,6.0,1.0,56.0,56.0,56.0,56.0,56.0,1.0,0.0,0.0,6.0,0.0,0.0,294.6748509511729,0.0,0.42848963607536916,294.6748509511729,295.1033405872482,0.0,294.6748509511729,0.0,0.3291428008554931,294.6748509511729,295.00399375202835,0.0,294.6748509511729,0.0,0.6232306687080609,294.6748509511729,295.29808161988103,0.0,294.6748509511729,0.0,0.47518920334380255,294.6748509511729,295.1500401545168,0.0,-0.0014282987869177078,-0.0010971426695181208,-0.0020774355623603925,-0.0015839640111461979,1.0,1500.0,1500.0,1500.0,1500.0,,,0.0,0.05298960389924581,0.053404294114067066,0.053804454084765405,0.054036190094031517,0.05425688376610785,0.053957925380132915,0.05343105525658186,0.05217133635419194,0.05224708089519163,0.05262753742220072,0.052984753450606006,0.05323966287770636,0.05342510074163834,0.05321344908958707,0.052681513801684246,0.0514600165370525,1.0,115.0,115.0,115.0,115.0,115.0,115.0,115.0,115.0,115.0,115.0,115.0,115.0,115.0,115.0,115.0,115.0,0.0,4.0,4.0,4.0,-0.012550967067273341,-0.0012708028708969714,-0.020041751724701243,1.0,0.0,0.0,0.0,0.0,0.0,0.0,1.0,1.0,0.0,0.0,0.0,,0.0,,0.0,,-1.0,0.0,0.0,0.0,0.0,1.0,0.0,0.0,0.0,0.0,,0.0,,765.2459160004115,0.0,765.2459160004115,1.0,,,24.0,24.0,,,2.0,2.0,300.0,300.0,2.0,2.0,,,,,1.0,1.0,15.0,15.0
821.4665419655182,5850.9742383345765,32.81861349998508,49.0,5.0,1.0,437.0,9,0.0,217.86598789414361,217.58711527626815,-0.0004911497663666236,-0.032089832001959674,-0.015882548854928142,-0.01284200946485814,-0.04454248746566841,6.0,1.0,56.0,56.0,56.0,56.0,56.0,1.0,0.0,0.0,6.0,0.0,0.0,294.6748509511729,0.0,0.42848963607536916,294.6748509511729,295.1033405872482,0.0,294.6748509511729,0.0,0.3291428008554931,294.6748509511729,295.00399375202835,0.0,294.6748509511729,0.0,0.6232306687080609,294.6748509511729,295.29808161988103,0.0,294.6748509511729,0.0,0.47518920334380255,294.6748509511729,295.1500401545168,0.0,-0.0014282987869177078,-0.0010971426695181208,-0.0020774355623603925,-0.0015839640111461979,1.0,1500.0,1500.0,1500.0,1500.0,1.0,1.0,0.0,0.05298960389924581,0.053404294114067066,0.053804454084765405,0.054036190094031517,0.05425688376610785,0.053957925380132915,0.05343105525658186,0.05217133635419194,0.05224708089519163,0.05262753742220072,0.052984753450606006,0.05323966287770636,0.05342510074163834,0.05321344908958707,0.052681513801684246,0.0514600165370525,1.0,115.0,115.0,115.0,115.0,115.0,115.0,115.0,115.0,115.0,115.0,115.0,115.0,115.0,115.0,115.0,115.0,0.0,4.0,4.0,4.0,-0.012550967067273341,-0.0012708028708969714,-0.020041751724701243,1.0,0.0,0.0,0.0,0.0,0.0,0.0,1.0,1.0,0.0,1.0,938.7323740707577,821.4665419655182,645.7668066472619,821.4665419655182,821.4665419655182,821.4665419655182,1.0,1.0,0.0,0.0,0.0,1.0,0.0,0.0,0.0,821.4665419655182,821.4665419655182,0.0,821.4665419655182,821.4665419655182,821.4665419655182,0.0,1.0,2850.974238334577,3000.0,24.0,24.0,0.2700452402861824,0.8246362647474688,2.0,2.0,300.0,300.0,2.0,2.0,2850.974238334577,3000.0,3000.0,3000.0,1.0,1.0,15.0,15.0
803.1783038375618,5200.0,70.79933750000782,75.0,11.0,1.0,466.0,10,0.0,226.45730033663185,226.3365750116218,0.011898996802388298,-0.11515711760795184,-0.0043005302386825255,-0.006646515386236007,0.10275021832523464,6.0,1.0,56.0,56.0,56.0,56.0,56.0,2.0,1.0,0.0,6.0,0.0,0.0,466.38443974336167,0.0,0.48950216548428216,466.3821828422983,466.8761988099093,0.0,466.38443974336167,0.0,0.3637652642419198,466.38443974336167,466.74820500760353,0.0,466.38443974336167,0.0,0.40480166366705816,466.4389642108267,466.73471693956367,1.0,466.38443974336167,0.0,0.559098566055809,466.38443974336167,466.94353830941753,0.0,-0.0006450051472290748,-0.0012125508808062098,0.0003911134037076218,-0.0018613961970266263,1.0,1425.4871191672885,1500.0,1425.4871191672885,1500.0,1.0,1.0,0.0,0.10000087489212142,0.1,0.1,0.1,0.1,0.1,0.1,0.1,0.10105692647060778,0.10057637957623129,0.1,0.1,0.1,0.1,0.1,0.1,1.0,115.0,115.0,115.0,115.0,115.0,115.0,115.0,115.0,115.0,115.0,115.0,115.0,115.0,115.0,115.0,115.0,0.0,4.0,4.0,4.0,-0.001316170984971731,-0.018094546366277137,0.009156652117451506,1.0,0.0,0.0,0.0,0.0,0.0,0.0,1.0,1.0,0.0,1.0,963.48364562206,803.1783038375618,626.2039982820062,803.1783038375618,803.1783038375618,803.1783038375618,1.0,1.0,0.0,0.0,0.0,1.0,0.0,0.0,0.0,803.1783038375618,803.1783038375618,0.0,803.1783038375618,803.1783038375618,803.1783038375618,0.0,1.0,2437.5120609997375,2762.487939000262,28.0,24.0,,,1.0,2.0,300.0,300.0,2.0,2.0,2437.5120609997375,2762.487939000262,2775.487119,3000.0,1.0,1.0,15.0,15.0
819.8428018408946,5925.487118999999,58.648449500033166,49.0,5.0,0.0,534.0,11,0.0,232.28346607023929,232.19172227569737,0.022545316509132718,-0.11307687942841001,0.005164741089180781,-0.1163229235443464,-0.08806721716916824,6.0,1.0,56.0,56.0,56.0,56.0,56.0,3.0,1.0,0.0,6.0,0.0,0.0,479.0657575236033,0.0,0.8885923997045211,478.01983298865787,481.0002744582532,0.0,479.0657575236033,0.0,1.116408141381953,479.02317068759305,480.22475250099546,0.0,479.0657575236033,0.0,0.4555646753159408,477.5745505280006,481.01252919452196,0.0,479.0657575236033,0.0,1.1084427601794005,478.95572893978374,480.2842288676022,0.0,-0.0026423478106212287,-0.002744343182856832,-0.00030487666413177295,-0.00013272640987736957,1.0,1312.024941832449,1381.243969500131,1125.4871191672885,1381.243969500131,,,0.0,0.1,0.1,0.1,0.000957987616774325,0.1,0.1,0.1,0.1,0.10103179717214879,0.1005694196335039,0.1,0.006481300483774355,0.1,0.1,0.0,0.1,1.0,115.0,115.0,115.0,100.0,115.0,115.0,115.0,115.0,115.0,115.0,115.0,100.0,115.0,115.0,100.0,115.0,0.0,4.0,4.0,4.0,-0.0033896899987435093,-0.0458655705151394,0.008071037531914124,1.0,0.0,0.0,0.0,0.0,0.0,0.0,1.0,1.0,0.0,0.0,0.0,,0.0,,0.0,,-1.0,0.0,0.0,0.0,0.0,1.0,0.0,0.0,0.0,0.0,,0.0,,819.8428018408946,0.0,819.8428018408946,1.0,,,37.0,33.0,,,2.0,2.0,300.0,300.0,2.0,2.0,,,,,1.0,1.0,15.0,15.0
809.4936806358164,5832.099712719981,56.85097199998563,49.0,5.0,1.0,501.0,12,0.0,236.9319570965626,236.79644032348105,0.010684064956378525,-0.11987236863298763,-0.00431276232599161,0.011891894457242903,0.16500024636868665,6.0,1.0,56.0,56.0,56.0,56.0,56.0,4.0,1.0,0.0,6.0,0.0,0.0,483.92533158132153,0.0,0.056007182626444774,483.92533158132153,483.981338763948,0.0,483.92533158132153,0.0,0.2683354170022767,483.92533158132153,484.1936669983238,0.0,483.92533158132153,0.0,0.2939624244133938,484.34523956081773,483.7993860262387,0.0,483.92533158132153,0.0,0.4130913351311847,483.92533158132153,484.3384229164527,0.0,-0.0001671025280520174,-0.000894451390007589,0.003990979555711886,-0.0013740714511818672,1.0,1500.0,1500.0,1425.487119,1500.0,1.0,1.0,0.0,0.10000051313000924,0.1,0.1,0.0030193072759878703,0.1,0.1,0.1,0.1,0.10104636815949312,0.10056829373896363,0.1,0.005470862222276728,0.006515753379871647,0.1,0.0,7.624554960727892e-08,1.0,115.0,115.0,115.0,100.0,115.0,115.0,115.0,115.0,115.0,115.0,115.0,100.0,100.0,115.0,100.0,100.0,0.0,4.0,4.0,4.0,-0.0025844267280459438,-0.01581239419318646,0.006416616653603033,1.0,0.0,0.0,0.0,0.0,0.0,0.0,1.0,1.0,0.0,1.0,963.997779745731,809.4936806358164,626.1921528580385,809.4936806358164,809.4936806358164,809.4936806358164,1.0,1.0,0.0,0.0,0.0,1.0,0.0,0.0,0.0,809.4936806358164,809.4936806358164,0.0,809.4936806358164,809.4936806358164,809.4936806358164,0.0,1.0,2832.0997127199803,3000.0,29.0,30.0,0.5901730259134801,0.9723875504216062,1.0,2.0,300.0,300.0,2.0,2.0,2832.0997127199803,3000.0,2925.487119,3000.0,1.0,1.0,15.0,15.0
816.4838403081255,5617.485066925661,53.72807290003402,49.0,5.0,1.0,507.0,13,0.0,240.78170193009396,240.75457630344397,0.021047303586201067,-0.1158082245421046,0.004855028117546678,-0.12417509109590667,0.00676955431120459,6.0,1.0,56.0,56.0,56.0,56.0,56.0,5.0,1.0,0.0,6.0,0.0,0.0,490.2806743052282,0.0,0.1646185356562455,490.28284940532285,490.44311774078983,1.0,490.2806743052282,0.0,0.3449945377349195,490.2806743052282,490.62566884296314,0.0,490.2806743052282,0.0,0.5241589416680199,490.9490106648964,490.1364968872281,0.0,490.2806743052282,0.0,0.4637628685400159,490.2806743052282,490.74443717376823,0.0,0.0004907016215960429,-0.0011499817924497317,0.0018398975828473388,0.00046523692634187555,1.0,1452.1169966839873,1500.0,1379.982716035993,1500.0,1.0,0.95,0.0,0.1,0.1,0.1,8.926264341866386e-05,0.0,0.1,0.1,0.1,0.10102365444733011,0.10056664310263627,0.1,0.006167969006267527,0.006766642704975645,0.1,0.0,0.0,1.0,115.0,115.0,115.0,100.0,100.0,115.0,115.0,115.0,115.0,115.0,115.0,100.0,100.0,115.0,100.0,100.0,0.0,4.0,4.0,4.0,-0.004696229529427956,-0.04661018070155827,0.008216349419990972,1.0,0.0,0.0,0.0,0.0,0.0,0.0,1.0,1.0,0.0,1.0,938.4870254221115,816.4838403081255,634.2458766014256,816.4838403081255,816.4838403081255,816.4838403081255,1.0,1.0,0.0,0.0,0.0,1.0,0.0,0.0,0.0,816.4838403081255,816.4838403081255,0.0,816.4838403081255,816.4838403081255,816.4838403081255,0.0,1.0,2767.4850669256616,3000.0,33.0,30.0,0.5824122882834593,0.9688056715154427,1.0,1.0,300.0,300.0,2.0,2.0,2767.4850669256616,2850.0,2802.116997,2850.0,1.0,1.0,15.0,15.0
795.3476388552335,5756.242925216955,55.84506269998383,49.0,5.0,1.0,566.0,14,0.0,244.3117678842239,244.22378336056414,0.011207366589254327,-0.11620846156390614,-0.00458899896524223,0.033236561989330525,0.21749570138084362,6.0,1.0,56.0,56.0,56.0,56.0,56.0,6.0,1.0,0.0,6.0,0.0,0.0,497.4792741522086,0.0,0.3981177055641183,497.6569968011565,497.6996692088248,1.0,497.4792741522086,0.0,0.3156297039239462,497.4792741522086,497.79490385613246,0.0,497.4792741522086,0.0,0.2879795824521807,497.57446721487736,497.0961015070876,0.0,497.4792741522086,0.0,1.0205608098223138,497.3303862379914,498.64872287624803,0.0,0.000923153496277001,-0.001052099013079631,0.0021481426823231893,-0.0010934264235966556,1.0,1286.023869968905,1500.0,1481.4611969567566,1350.0,1.0,1.0,0.0,0.10000015441696881,0.1,0.1,0.0014279642195745624,0.0006551908728805955,0.0,0.1,0.1,0.10103913155221775,0.10056591089591507,0.1,0.00535102469397728,0.006358556998283582,0.1,0.0,0.0,1.0,115.0,115.0,115.0,100.0,100.0,100.0,115.0,115.0,115.0,115.0,115.0,100.0,100.0,115.0,100.0,100.0,0.0,4.0,4.0,4.0,-0.002906503852515646,-0.015556058501728772,0.0051063515322836775,1.0,0.0,0.0,0.0,0.0,0.0,0.0,1.0,1.0,0.0,1.0,961.5837856666078,795.3476388552335,607.2158165558754,795.3476388552335,795.3476388552335,795.3476388552335,1.0,1.0,0.0,0.0,0.0,1.0,0.0,0.0,0.0,795.3476388552335,795.3476388552335,0.0,795.3476388552335,795.3476388552335,795.3476388552335,0.0,1.0,2756.242925216955,3000.0,40.0,32.0,0.49937811257018294,0.9304822058016229,0.0,2.0,300.0,300.0,2.0,2.0,2756.242925216955,3000.0,2917.485067,3000.0,1.0,1.0,15.0,15.0
804.6203426474724,5663.3587174287295,54.44181700004265,49.0,5.0,1.0,522.0,15,0.0,247.28713733069296,247.2072468041718,0.02206965014600356,-0.11379482489680981,0.0052973323215809165,-0.1083221601697369,0.0684575311660538,6.0,1.0,56.0,56.0,56.0,56.0,56.0,7.0,1.0,0.0,6.0,0.0,0.0,502.11724145537687,0.0,0.18279952563352708,501.98596007734517,502.43132235904204,0.0,502.11724145537687,0.0,0.3116646200531932,502.11724145537687,502.42890607543006,0.0,502.11724145537687,0.0,0.26164899875925585,502.6071291128868,501.88900279662613,0.0,502.11724145537687,0.0,0.4124146614833535,502.11724145537687,502.5296561168603,0.0,-0.0010450566851092293,-0.0010388820668439773,0.0001147780816363464,0.0006167486438382851,1.0,1356.6584031225727,1500.0,1399.5845220943822,1500.0,1.0,0.95,0.0,0.1,0.1,0.1,0.0,0.0,0.0,0.1,0.1,0.10101907378419418,0.10056418797415319,0.1,0.006207676366260984,0.006635234529584188,0.1,0.0,0.0,1.0,115.0,115.0,115.0,100.0,100.0,100.0,115.0,115.0,115.0,115.0,115.0,100.0,100.0,115.0,100.0,100.0,0.0,4.0,4.0,4.0,-0.0038168293663217202,-0.04619500403312489,0.007580459684902773,1.0,0.0,0.0,0.0,0.0,0.0,0.0,1.0,1.0,0.0,1.0,937.1691416515182,804.6203426474724,617.1167373230548,804.6203426474724,804.6203426474724,804.6203426474724,1.0,1.0,0.0,0.0,0.0,1.0,0.0,0.0,0.0,804.6203426474724,804.6203426474724,0.0,804.6203426474724,804.6203426474724,804.6203426474724,0.0,1.0,2813.35871742873,3000.0,37.0,30.0,0.615199994731056,0.9839384591066412,2.0,1.0,300.0,300.0,2.0,2.0,2813.35871742873,2850.0,3000.0,2850.0,1.0,1.0,15.0,15.0
800.4609562016868,5716.106753837923,55.13966910005547,49.0,5.0,1.0,551.0,16,0.0,250.05729878273513,249.98611751373792,0.010335689321823605,-0.1199177482404079,-0.005190569907038886,0.05587896745326722,0.21849062101640965,6.0,1.0,56.0,56.0,56.0,56.0,56.0,8.0,1.0,0.0,6.0,0.0,0.0,507.39177441317236,0.0,0.09863011750189798,507.32528686906915,507.55689207477747,0.0,507.39177441317236,0.0,0.3009186905790102,507.39177441317236,507.69269310375137,0.0,507.39177441317236,0.0,0.03604877386578664,507.89579201548867,506.92380558472183,0.0,507.39177441317236,0.0,0.9984911370539749,507.2661404418402,508.5158995215585,0.0,-0.0005250897061550658,-0.001003062301930034,0.002056993318445227,-0.0009480012376848399,1.0,1406.679358714365,1500.0,1406.679358714365,1350.0,1.0,1.0,0.0,0.10000015313929608,0.1,0.1,0.0009272860078779032,0.00028043748476687115,0.0,0.1,0.1,0.1010378511009538,0.10056524828774513,0.1,0.005392352841846382,0.006331470583123888,0.1,0.0,0.0,1.0,115.0,115.0,115.0,100.0,100.0,100.0,115.0,115.0,115.0,115.0,115.0,100.0,100.0,115.0,100.0,100.0,0.0,4.0,4.0,4.0,-0.002809238748334001,-0.016500675464596822,0.006433556006751233,1.0,0.0,0.0,0.0,0.0,0.0,0.0,1.0,1.0,0.0,1.0,963.184042471628,800.4609562016868,597.0929181250826,800.4609562016868,800.4609562016868,800.4609562016868,1.0,1.0,0.0,0.0,0.0,1.0,0.0,0.0,0.0,800.4609562016868,800.4609562016868,0.0,800.4609562016868,800.4609562016868,800.4609562016868,0.0,1.0,2716.106753837923,3000.0,37.0,32.0,0.5101807092744802,0.9354680196651447,2.0,2.0,300.0,300.0,2.0,2.0,2716.106753837923,3000.0,3000.0,3000.0,1.0,1.0,15.0,15.0
807.9762959568523,5666.01484972099,54.62851260002935,49.0,5.0,1.0,522.0,17,0.0,252.51617325283598,252.4487855926743,0.022122565189110967,-0.11436081359054777,0.005238094806992631,-0.09780259112942569,0.078949849308521,6.0,1.0,56.0,56.0,56.0,56.0,56.0,9.0,1.0,0.0,6.0,0.0,0.0,511.723368360446,0.0,0.20916643196915174,511.51049959548095,512.1454035573802,0.0,511.723368360446,0.0,0.30361865552629297,511.723368360446,512.0269870159723,0.0,511.723368360446,0.0,0.5762465690493173,512.3930039429546,511.6299793469866,0.0,511.723368360446,0.0,0.39558051519645687,511.723368360446,512.1189488756424,0.0,-0.00030447602026125917,-0.0010120621850876433,0.00017346400004041897,0.0006688805283330624,1.0,1358.0533769189615,1500.0,1358.0533769189615,1500.0,1.0,0.95,0.0,0.1,0.1,0.1,0.0,0.0,0.0,0.1,0.1,0.10101819248384523,0.10056372578408065,0.1,0.006238464245353726,0.006614531030127502,0.1,0.0,0.0,1.0,115.0,115.0,115.0,100.0,100.0,100.0,115.0,115.0,115.0,115.0,115.0,100.0,100.0,115.0,100.0,100.0,0.0,4.0,4.0,4.0,-0.0038278284118627333,-0.04662827857539196,0.007631147302233657,1.0,0.0,0.0,0.0,0.0,0.0,0.0,1.0,1.0,0.0,1.0,937.378876750769,807.9762959568523,601.7381253453002,807.9762959568523,807.9762959568523,807.9762959568523,1.0,1.0,0.0,0.0,0.0,1.0,0.0,0.0,0.0,807.9762959568523,807.9762959568523,0.0,807.9762959568523,807.9762959568523,807.9762959568523,0.0,1.0,2816.0148497209902,3000.0,37.0,30.0,0.6203281825563387,0.9863053150260025,2.0,1.0,300.0,300.0,2.0,2.0,2816.0148497209902,2850.0,3000.0,2850.0,1.0,1.0,15.0,15.0
808.9574722758343,5719.250635261557,55.12976759998128,49.0,5.0,1.0,551.0,18,0.0,254.94324953846183,254.8774353751372,0.010357651161198245,-0.12004729263296632,-0.0051921078917751915,0.07324880320952191,0.2180958374083645,6.0,1.0,56.0,56.0,56.0,56.0,56.0,10.0,1.0,0.0,6.0,0.0,0.0,516.711866111741,0.0,0.05969933385404147,516.6032590842538,516.8801724730822,0.0,516.711866111741,0.0,0.29766302665825606,516.711866111741,517.0095291383993,0.0,516.711866111741,0.0,0.00014741366089765506,517.191548780392,516.2320360294291,0.0,516.711866111741,0.0,0.9903194597566198,516.5932889190275,517.8207627642109,0.0,-0.0011617420843962755,-0.0009922100888612325,0.0007380960819716395,-0.0009006592290369199,1.0,1408.0074248604951,1500.0,1408.0074248604951,1350.0,1.0,1.0,0.0,0.1000000758434318,0.1,0.1,0.0003291860756151621,5.7570801488537884e-05,0.0,0.1,0.1,0.1010375386895646,0.10056505945651181,0.1,0.005406623789434484,0.006323924101439005,0.1,0.0,0.0,1.0,115.0,115.0,115.0,100.0,100.0,100.0,115.0,115.0,115.0,115.0,115.0,100.0,100.0,115.0,100.0,100.0,0.0,4.0,4.0,4.0,-0.0027982477368450297,-0.015585777782106576,0.006441985464879263,1.0,0.0,0.0,0.0,0.0,0.0,0.0,1.0,1.0,0.0,1.0,963.1717663669427,808.9574722758343,598.7629984229332,808.9574722758343,808.9574722758343,808.9574722758343,1.0,1.0,0.0,0.0,0.0,1.0,0.0,0.0,0.0,808.9574722758343,808.9574722758343,0.0,808.9574722758343,808.9574722758343,808.9574722758343,0.0,1.0,2719.2506352615574,3000.0,37.0,32.0,0.5126251430333747,0.9365962198615575,2.0,2.0,300.0,300.0,2.0,2.0,2719.2506352615574,3000.0,3000.0,3000.0,1.0,1.0,15.0,15.0
811.9017281193962,5666.971323619766,54.490768200019374,49.0,5.0,1.0,522.0,19,0.0,257.1465021198031,257.11808797139867,0.022134695181533992,-0.1144574871910116,0.0052380904023334,-0.08312964310862547,0.08506971491636195,6.0,1.0,56.0,56.0,56.0,56.0,56.0,11.0,1.0,0.0,6.0,0.0,0.0,520.7805114407308,0.0,0.15428015122643046,520.538814144929,521.176488887759,0.0,520.7805114407308,0.0,0.30082348421638017,520.7805114407308,521.0813349249473,0.0,520.7805114407308,0.0,0.5145286068725454,521.4330994095684,520.6424520787658,0.0,520.7805114407308,0.0,0.3901604386924191,520.7805114407308,521.1706718794234,0.0,-0.0007547351018018558,-0.0010027449473883128,-0.00011022290750251876,0.0006857408727774701,1.0,1359.6253176307787,1500.0,1359.6253176307787,1500.0,1.0,0.95,0.0,0.1,0.1,0.1,0.0,0.0,0.0,0.1,0.1,0.10101792953271768,0.1005635745027373,0.1,0.006247920310351418,0.006607225537085348,0.1,0.0,0.0,1.0,115.0,115.0,115.0,100.0,100.0,100.0,115.0,115.0,115.0,115.0,115.0,100.0,100.0,115.0,100.0,100.0,0.0,4.0,4.0,4.0,-0.003826567516174771,-0.04663629906587533,0.007642013662742672,1.0,0.0,0.0,0.0,0.0,0.0,0.0,1.0,1.0,0.0,1.0,937.3932714891741,811.9017281193962,604.4550138047733,811.9017281193962,811.9017281193962,811.9017281193962,1.0,1.0,0.0,0.0,0.0,1.0,0.0,0.0,0.0,811.9017281193962,811.9017281193962,0.0,811.9017281193962,811.9017281193962,811.9017281193962,0.0,1.0,2816.9713236197654,3000.0,37.0,30.0,0.621785707263761,0.9869780187371204,2.0,1.0,300.0,300.0,2.0,2.0,2816.9713236197654,2850.0,3000.0,2850.0,1.0,1.0,15.0,15.0
817.2632254816938,5592.434930650428,77.29175999999279,75.0,11.0,1.0,171.0,20,0.0,259.56249972919227,259.43094449138755,0.010362856549186525,-0.12009207962389479,-0.00519249000444085,0.08476066987193025,0.2096723666551763,6.0,1.0,56.0,56.0,56.0,56.0,56.0,12.0,1.0,0.0,6.0,0.0,0.0,525.5855205618285,0.0,0.03269130914509333,525.4509549268471,525.7527775059549,0.0,525.5855205618285,0.0,0.2965688721733386,525.5855205618285,525.8820894340018,0.0,525.5855205618285,0.0,0.0232918637293551,526.0554490885733,525.0923001713544,0.0,525.5855205618285,0.0,0.9876293169083965,525.4691323043853,526.6895381361802,0.0,-0.0018510564020585761,-0.000988562907244462,-0.0008187360609157751,-0.000885436123800708,1.0,1408.4856618098827,1500.0,1408.4856618098827,1350.0,1.0,1.0,0.0,0.10000002522691816,0.1,0.1,-0.00011287887411164377,1.5188145006561626e-06,0.0,0.1,0.1,0.10103744666969447,0.10056500499953458,0.1,0.00541102878693458,0.006321762436277289,0.1,0.0,0.0,1.0,115.0,115.0,115.0,100.0,100.0,100.0,115.0,115.0,115.0,115.0,115.0,100.0,100.0,115.0,100.0,100.0,0.0,4.0,4.0,4.0,-0.0027957246421394105,-0.015583710082302665,0.006444532330446062,1.0,0.0,0.0,0.0,0.0,0.0,0.0,1.0,1.0,0.0,1.0,963.1763338777872,817.2632254816938,601.409791381069,817.2632254816938,817.2632254816938,817.2632254816938,1.0,1.0,0.0,0.0,0.0,1.0,0.0,0.0,0.0,817.2632254816938,817.2632254816938,0.0,817.2632254816938,817.2632254816938,817.2632254816938,0.0,1.0,2592.434930650428,3000.0,37.0,32.0,0.5133376751269326,0.936925080827815,2.0,2.0,300.0,300.0,2.0,2.0,2592.434930650428,3000.0,3000.0,3000.0,,,15.0,15.0
825.0388435112097,5740.356430657939,57.7388947000145,49.0,5.0,1.0,552.0,21,0.0,261.61648148919335,261.54566591429864,0.021988267204123647,-0.11209981643517797,0.005435337054781903,-0.08380813042217383,0.04990793160081175,6.0,1.0,56.0,56.0,56.0,56.0,56.0,13.0,1.0,0.0,6.0,0.0,0.0,529.7265551037497,0.0,0.38655463555755887,529.1147973997756,530.7248674432813,0.0,529.7265551037497,0.0,0.3072516461397754,529.7265551037497,530.0338067498895,0.0,529.7265551037497,0.0,1.260279099261652,530.3449381458105,530.3684511609505,1.0,529.7265551037497,0.0,0.38841308402629693,529.7265551037497,530.114968187776,0.0,0.00037261496680722093,-0.0010241721537996302,0.0024590566135354185,0.0006912186971530215,1.0,1296.217465325214,1500.0,1296.217465325214,1500.0,1.0,0.95,0.0,0.1,0.1,0.1,0.0004987310015323488,0.0,0.0,0.1,0.1,0.10101784940871213,0.10056353278832156,0.1,0.006245599971826366,0.006605302260960855,0.1,0.0,0.0,1.0,115.0,115.0,115.0,100.0,100.0,100.0,115.0,115.0,115.0,115.0,115.0,100.0,100.0,115.0,100.0,100.0,0.0,4.0,4.0,4.0,-0.003929256624110715,-0.04611686510465686,0.006550687833435095,1.0,0.0,0.0,0.0,0.0,0.0,0.0,1.0,1.0,0.0,1.0,936.6442876196348,825.0388435112097,611.9331072947573,825.0388435112097,825.0388435112097,825.0388435112097,1.0,1.0,0.0,0.0,0.0,1.0,0.0,0.0,0.0,825.0388435112097,825.0388435112097,0.0,825.0388435112097,825.0388435112097,825.0388435112097,0.0,1.0,2890.3564306579387,3000.0,43.0,30.0,0.6222081877490978,0.9871730097303528,2.0,1.0,300.0,300.0,2.0,2.0,2890.3564306579387,2850.0,3000.0,2850.0,1.0,1.0,15.0,15.0
828.8183369670353,5724.326443184909,57.30523419997189,49.0,5.0,1.0,551.0,22,0.0,263.88590934732605,263.7431053787678,0.010375970560453546,-0.12050660765567238,-0.005209016720849205,0.09124115018541105,0.2000185362204281,6.0,1.0,56.0,56.0,56.0,56.0,56.0,14.0,1.0,0.0,6.0,0.0,0.0,534.3094568777694,0.0,0.06992655556905447,534.2781152651683,534.4107250459397,0.0,534.3094568777694,0.0,0.2963038537686771,534.3094568777694,534.6057607315381,0.0,534.3094568777694,0.0,0.19483721913866248,534.6614360260216,533.7626405103786,0.0,534.3094568777694,0.0,0.9876929090164595,534.1942206206518,535.4123860439034,0.0,-0.004091691785997299,-0.000987679512562257,-0.0035214625431230777,-0.0008804845853554925,1.0,1445.1782153289694,1500.0,1445.1782153289694,1350.0,1.0,1.0,0.0,0.1000000042070269,0.1,0.1,-0.0003708987336370484,0.0,0.0,0.1,0.1,0.10103743294533167,0.10056500716879987,0.1,0.005412660014554582,0.0063218974594445145,0.1,0.0,0.0,1.0,115.0,115.0,115.0,100.0,100.0,100.0,115.0,115.0,115.0,115.0,115.0,100.0,100.0,115.0,100.0,100.0,0.0,4.0,4.0,4.0,-0.0028100817135702297,-0.015787777299652077,0.006363702951339716,1.0,0.0,0.0,0.0,0.0,0.0,0.0,1.0,1.0,0.0,1.0,963.5028252593007,828.8183369670353,607.3057394623324,828.8183369670353,828.8183369670353,828.8183369670353,1.0,1.0,0.0,0.0,0.0,1.0,0.0,0.0,0.0,828.8183369670353,828.8183369670353,0.0,828.8183369670353,828.8183369670353,828.8183369670353,0.0,1.0,2724.326443184909,3000.0,37.0,32.0,0.5135387118556818,0.9370178670103146,2.0,2.0,300.0,300.0,2.0,2.0,2724.326443184909,3000.0,3000.0,3000.0,1.0,1.0,15.0,15.0
831.036030084825,5668.400950365374,56.34493259998271,49.0,5.0,1.0,522.0,23,0.0,265.8622324428892,265.8328998222455,0.02178601837409459,-0.11471441934550912,0.006178079936961695,-0.058594036496530055,0.05703828418609991,6.0,1.0,56.0,56.0,56.0,56.0,56.0,15.0,1.0,0.0,6.0,0.0,0.0,531.4352038781761,0.0,0.1515640294419427,531.1842161852041,531.8377556005901,0.0,531.4352038781761,0.0,0.29988378042276054,531.4352038781761,531.7350876585988,0.0,531.4352038781761,0.0,0.5229422784780127,532.0762062706835,531.3171437641467,0.0,531.4352038781761,0.0,0.3880966635410914,531.4352038781761,531.8233005417172,0.0,-0.0012712683210360741,-0.000999612601408823,-0.0002825008700445403,0.0006922949277188551,1.0,1362.1632215924544,1500.0,1362.1632215924544,1500.0,1.0,0.95,0.0,0.09999661449160158,0.09999859625394265,0.1,0.0,0.0,0.0,0.1,0.1,0.10100707105891936,0.10055588844892965,0.09999846497883028,0.006221516999951682,0.006587715901921598,0.1,0.0,0.0,1.0,115.0,115.0,115.0,100.0,100.0,100.0,115.0,115.0,115.0,115.0,115.0,100.0,100.0,115.0,100.0,100.0,0.0,4.0,4.0,4.0,-0.0033973765403756684,-0.046382380507629564,0.007807905763204589,1.0,0.0,0.0,0.0,0.0,0.0,0.0,1.0,1.0,0.0,1.0,937.4644146516882,831.036030084825,612.2703758675183,831.036030084825,831.036030084825,831.036030084825,1.0,1.0,0.0,0.0,0.0,1.0,0.0,0.0,0.0,831.036030084825,831.036030084825,0.0,831.036030084825,831.036030084825,831.036030084825,0.0,1.0,2818.4009503653742,3000.0,37.0,30.0,0.6221736647139494,0.9871570760218228,2.0,1.0,300.0,300.0,2.0,2.0,2818.4009503653742,2850.0,3000.0,2850.0,1.0,1.0,15.0,15.0
836.2156395282407,5719.072687013404,55.046921300003305,49.0,5.0,1.0,551.0,24,0.0,268.21154578752294,268.0555795540131,0.010724269411176065,-0.11173316327101945,-0.0006450503732324427,0.09275081240800838,0.18427469323391885,6.0,1.0,56.0,56.0,56.0,56.0,56.0,16.0,1.0,0.0,6.0,0.0,0.0,511.4275952972275,0.0,0.04868863508204413,511.31117282691827,511.5927064026188,0.0,511.4275952972275,0.0,0.29612935208933777,511.4275952972275,511.7237246493169,0.0,511.4275952972275,0.0,0.018553125803123294,511.89588512853857,510.94075234011336,0.0,511.4275952972275,0.0,0.9614787874323838,511.286697488218,512.5299718936694,0.0,-0.0029959566063736415,-0.000987097840297982,-0.003156775843585393,-0.00093655145066493,1.0,1409.2004751826871,1500.0,1409.2004751826871,1350.0,1.0,1.0,0.0,0.09986978572089811,0.09987964258504577,0.09991418378821777,-0.00026594589451534034,-1.1436513096896305e-05,0.0,0.1,0.1,0.10087093680010958,0.10041754218360488,0.09989656493963253,0.005128797341169466,0.006119212754369307,0.1,-2.969391914575681e-08,0.0,1.0,115.0,115.0,115.0,100.0,100.0,100.0,115.0,115.0,115.0,115.0,115.0,100.0,100.0,115.0,100.0,100.0,0.0,4.0,4.0,4.0,0.002694730914131015,-0.015038329946124869,0.010153237551784367,1.0,0.0,0.0,0.0,0.0,0.0,0.0,1.0,1.0,0.0,1.0,963.1839692312805,836.2156395282407,601.9651428865661,836.2156395282407,836.2156395282407,836.2156395282407,1.0,1.0,0.0,0.0,0.0,1.0,0.0,0.0,0.0,836.2156395282407,836.2156395282407,0.0,836.2156395282407,836.2156395282407,836.2156395282407,0.0,1.0,2719.072687013404,3000.0,37.0,32.0,0.5135409991862411,0.937018922701342,2.0,2.0,300.0,300.0,2.0,2.0,2719.072687013404,3000.0,3000.0,3000.0,1.0,1.0,15.0,15.0
839.1432599822651,5667.316975527193,53.5062374000554,49.0,5.0,1.0,522.0,25,0.0,270.22914713478997,270.20069690020006,0.02780259222570928,-0.09350901179801252,0.01800089393229524,-0.05235007607313902,0.011955047969957574,6.0,1.0,56.0,56.0,56.0,56.0,56.0,17.0,1.0,0.0,6.0,0.0,0.0,470.390211009554,0.0,0.19476267765764987,470.1963074290402,470.7788772677254,0.0,470.390211009554,0.0,0.2978783127581437,470.390211009554,470.6880893223122,0.0,470.390211009554,0.0,0.47186098842882984,471.00863836880734,470.2436446387294,0.0,470.390211009554,0.0,0.36580773045011483,470.390211009554,470.7560187400041,0.0,-0.0010517879868966956,-0.0009929277091940017,-0.00024024837860130589,0.0007664503070206883,1.0,1359.536343506702,1500.0,1359.536343506702,1500.0,1.0,0.95,0.0,0.09948203687128512,0.09950198362587344,0.09956828652706236,-0.00039835917739594606,-0.00023776014677707736,-1.0343976697413382e-06,0.1,0.1,0.1003416506083088,0.0999186794323311,0.0994488035873701,0.00511419214760025,0.0054604565881984255,0.0999875579782895,-0.0004132344810216182,-0.0004770656156608766,1.0,115.0,115.0,115.0,100.0,100.0,100.0,115.0,115.0,115.0,115.0,115.0,100.0,100.0,115.0,100.0,100.0,0.0,4.0,4.0,4.0,0.007977239777582978,-0.04466026349196789,0.017465299060610236,1.0,0.0,0.0,0.0,0.0,0.0,0.0,1.0,1.0,0.0,1.0,941.2311870790099,839.1432599822651,610.2163162803727,839.1432599822651,839.1432599822651,839.1432599822651,1.0,1.0,0.0,0.0,0.0,1.0,0.0,0.0,0.0,839.1432599822651,839.1432599822651,0.0,839.1432599822651,839.1432599822651,839.1432599822651,0.0,1.0,2817.316975527193,3000.0,37.0,30.0,0.6223424333323443,0.9872349692303127,2.0,1.0,300.0,300.0,2.0,2.0,2817.316975527193,2850.0,3000.0,2850.0,1.0,1.0,15.0,15.0
747.4629435646456,5719.586031824533,54.219617799972184,49.0,5.0,1.0,551.0,26,0.0,265.8927765132766,265.72758048119533,0.015790293528159267,-0.08049426840894325,0.009800222425205174,0.08892608196406233,0.03598629890930441,6.0,1.0,56.0,56.0,56.0,56.0,56.0,18.0,1.0,0.0,6.0,0.0,0.0,415.2703030640555,0.0,0.07241448772140302,415.2708651094094,415.342155506423,1.0,415.2703030640555,0.0,0.19092012348914977,415.2703030640555,415.46122318754465,0.0,415.2703030640555,0.0,0.09191836536786013,415.6855313884415,414.7631563743016,0.0,415.2703030640555,0.0,0.6409672029657258,415.19084408742896,415.99072924364776,0.0,-0.002851813810779455,-0.0006364004116304993,-0.003677692682028838,4.884742655295645e-05,1.0,1408.6584877635964,1500.0,1408.6584877635964,1350.0,1.0,1.0,0.0,0.09908598547418138,0.09914708536912259,0.09928114775044038,-0.0007228839044476133,-0.00028441318706313724,-1.1751741453736031e-05,0.09999965683663277,0.09999999727155569,0.09877962924051573,0.09821825688931796,0.09754974338862327,0.0012120519603289644,0.0009025157176058233,0.09946553816270694,-0.004185268242238749,-0.004386300545371568,1.0,115.0,115.0,115.0,100.0,100.0,100.0,115.0,115.0,115.0,115.0,115.0,100.0,100.0,115.0,100.0,100.0,0.0,4.0,0.0,4.0,0.017256728780927773,-0.013044529234164163,0.021868421268110217,1.0,0.0,0.0,0.0,0.0,0.0,0.0,1.0,1.0,0.0,1.0,875.3459970996913,747.4629435646456,570.5408453520146,747.4629435646456,747.4629435646456,747.4629435646456,1.0,1.0,0.0,0.0,0.0,1.0,0.0,0.0,0.0,747.4629435646456,747.4629435646456,0.0,747.4629435646456,747.4629435646456,747.4629435646456,0.0,1.0,2719.586031824533,3000.0,37.0,32.0,0.51361696941796,0.9370539858852123,2.0,2.0,300.0,300.0,2.0,2.0,2719.586031824533,3000.0,3000.0,3000.0,1.0,1.0,15.0,15.0
0.0,0.0,46.55842310003936,0.0,0.0,0.0,375.0,27,1.0,243.12421673800645,243.15922749612076,,,,,,,,,,,,,,,,,,,,,,,,,,,,,,,,,,,,,,,,,,,,,,,,,,,,,,,,,,,,,,,,,,,,,,,,,,,,,,,,,,,,,,,,,,,,,,,,,,,,,,1.0,1.0,0.0,0.0,0.0,,0.0,,0.0,,-1.0,0.0,0.0,0.0,0.0,1.0,0.0,0.0,0.0,0.0,,0.0,,564.7221534800972,0.0,564.7221534800972,,,,,,,,,,,,,,,,,,,,,
403.7753962217863,6000.0,49.78327320003882,49.0,4.0,0.0,580.0,28,0.0,200.3626967219202,200.29373233527417,0.015559461473876565,-0.04483056537486707,0.009857318594045743,0.06375911464830356,-0.12072501493862506,6.0,1.0,56.0,56.0,56.0,56.0,56.0,20.0,1.0,0.0,6.0,0.0,0.0,283.5014446669955,0.0,0.4373844398472784,283.5014446669955,283.9388291068428,0.0,283.5014446669955,0.0,0.014651424576072714,283.5014446669955,283.51609609157157,0.0,283.5014446669955,0.0,4.453448560980519,283.4744822986752,287.9818555962963,0.0,283.5014446669955,0.0,0.09467915521838677,283.5014446669955,283.59612382221394,0.0,0.00046128797136304914,-4.883808192024238e-05,-0.005749102836136433,-0.0003146673425707884,1.0,1500.0,1500.0,1359.793016,1500.0,,,0.0,0.00018277469239720307,0.001411552513263815,0.003021752915427634,-0.00033170400400575097,-0.0008667823586389293,-0.006921981224088291,-0.007169903214822781,-0.007519827549820768,-0.0007076609060685957,7.129781050636656e-05,0.0003086480996508101,-0.0007855792437942103,-0.001415509526907499,-0.005266330811659969,-0.005974123500942775,-0.0077271002981930785,1.0,100.0,100.0,100.0,100.0,100.0,100.0,100.0,100.0,100.0,100.0,100.0,100.0,100.0,100.0,100.0,100.0,0.0,4.0,4.0,4.0,0.023404224185474106,-0.008228028152407967,0.027675139138618444,1.0,0.0,0.0,0.0,0.0,0.0,0.0,1.0,1.0,0.0,0.0,0.0,,0.0,,0.0,,-1.0,0.0,0.0,0.0,0.0,1.0,0.0,0.0,0.0,0.0,,0.0,,403.7753962217863,0.0,403.7753962217863,1.0,,,39.0,36.0,,,2.0,2.0,300.0,300.0,2.0,2.0,,,,,1.0,1.0,15.0,15.0
311.78889491396274,6000.0,45.55275510001229,49.0,4.0,0.0,503.0,29,0.0,149.02891615572486,149.02891615572486,0.015000705736402813,-0.02213704753555279,0.016524776278741826,0.0017238444237705677,-0.09641896938810848,6.0,1.0,56.0,56.0,56.0,56.0,62.0,21.0,1.0,0.0,6.0,0.0,0.0,218.18059143020525,0.0,0.022098520137092237,218.18059143020525,218.20268995034237,0.0,218.18059143020525,0.0,0.0038370253095081353,218.18059143020525,218.18442845551473,0.0,218.18059143020525,0.0,0.1080631723332317,218.18059143020525,218.28865460253846,0.0,218.18059143020525,0.0,0.01342527617180167,218.18059143020525,218.19401670637703,0.0,-1.8599538935859525e-05,-1.2790084364932378e-05,0.005047321865838808,-4.268466338560965e-05,1.0,1500.0,1500.0,1500.0,1500.0,,,0.0,-0.00362541569614816,-0.0035153570529329768,-0.003078791352957211,-0.001228557615633008,-0.00011949191512012833,-0.007285074964359772,-0.007445822760032072,-0.008480760134377797,-0.004619753882068612,-0.004413587024601994,-0.004586393274338097,-0.004763289505579672,-0.004816812571195239,-0.00547471258942922,-0.00685946545289946,-0.00919877019085984,1.0,100.0,100.0,100.0,100.0,100.0,100.0,100.0,100.0,100.0,100.0,100.0,100.0,100.0,100.0,100.0,100.0,0.0,4.0,1.0,4.0,0.014316322053789602,-0.021566579603749154,0.008350591872782965,1.0,0.0,15.0,0.0,0.0,0.0,0.0,1.0,1.0,0.0,0.0,0.0,,0.0,,0.0,,-1.0,0.0,0.0,0.0,0.0,1.0,0.0,0.0,0.0,0.0,,0.0,,311.78889491396274,0.0,311.78889491396274,1.0,,,36.0,36.0,,,2.0,2.0,300.0,300.0,2.0,2.0,,,,,1.0,1.0,15.0,15.0
217.7208077188141,6000.0,69.63834579999093,75.0,10.0,0.0,560.0,30,0.0,106.50110777269823,106.50110777269823,0.0022904617678951023,-0.013688865367486352,-0.00723177369873403,-0.004865326878630042,0.0336302053426835,6.0,1.0,56.0,56.0,56.0,56.0,68.0,22.0,1.0,0.0,6.0,0.0,0.0,171.07241396234303,0.0,0.010471541076015,171.07241396234303,171.08288550341905,0.0,171.07241396234303,0.0,0.001958928848011965,171.07241396234303,171.07437289119105,0.0,171.07241396234303,0.0,0.3828138260599303,171.07241396234303,171.45522778840296,0.0,171.07241396234303,0.0,0.061531193586631616,171.07241396234303,171.13394515592967,0.0,-3.4905136920050004e-05,-6.529762826706549e-06,0.0013354926778626406,-0.00020510397862210538,1.0,1500.0,1500.0,1500.0,1500.0,,,0.0,-0.0032134613177038146,-0.0028988528661764166,-0.0024293255929559443,-0.0015268015332850372,-0.0008528005401845298,-0.006186193613748613,-0.007135078281497531,-0.00906617705445747,-0.00450234087104473,-0.004701440141354318,-0.005450667607482629,-0.0066602360462328924,-0.00686871635781783,-0.006572307263175859,-0.007949204156271962,-0.010570905387148154,1.0,100.0,100.0,100.0,100.0,100.0,100.0,100.0,100.0,100.0,100.0,100.0,100.0,100.0,100.0,100.0,100.0,0.0,4.0,4.0,4.0,0.009630257912745094,0.0034429077688218537,-0.008716526161415362,1.0,0.0,0.0,0.0,0.0,0.0,0.0,1.0,1.0,0.0,0.0,0.0,,0.0,,0.0,,-1.0,0.0,0.0,0.0,0.0,1.0,0.0,0.0,0.0,0.0,,0.0,,217.7208077188141,0.0,217.7208077188141,1.0,,,36.0,36.0,,,2.0,2.0,300.0,300.0,2.0,2.0,,,,,1.0,1.0,15.0,15.0
248.07364193799214,6000.0,32.61056489998009,49.0,4.0,0.0,535.0,31,0.0,80.43932299432964,80.43932299432964,0.0022904617678951023,-0.013688865367486352,-0.00723177369873403,-0.004865326878630042,0.0336302053426835,6.0,1.0,56.0,56.0,56.0,56.0,68.0,22.0,0.0,0.0,6.0,0.0,0.0,171.07241396234303,0.0,0.010471541076015,171.07241396234303,171.08288550341905,0.0,171.07241396234303,0.0,0.001958928848011965,171.07241396234303,171.07437289119105,0.0,171.07241396234303,0.0,0.3828138260599303,171.07241396234303,171.45522778840296,0.0,171.07241396234303,0.0,0.061531193586631616,171.07241396234303,171.13394515592967,0.0,-3.4905136920050004e-05,-6.529762826706549e-06,0.0013354926778626406,-0.00020510397862210538,1.0,1500.0,1500.0,1500.0,1500.0,,,0.0,-0.0032134613177038146,-0.0028988528661764166,-0.0024293255929559443,-0.0015268015332850372,-0.0008528005401845298,-0.006186193613748613,-0.007135078281497531,-0.00906617705445747,-0.00450234087104473,-0.004701440141354318,-0.005450667607482629,-0.0066602360462328924,-0.00686871635781783,-0.006572307263175859,-0.007949204156271962,-0.010570905387148154,1.0,100.0,100.0,100.0,100.0,100.0,100.0,100.0,100.0,100.0,100.0,100.0,100.0,100.0,100.0,100.0,100.0,0.0,4.0,4.0,4.0,0.009630257912745094,0.0034429077688218537,-0.008716526161415362,1.0,0.0,0.0,0.0,0.0,0.0,0.0,1.0,1.0,0.0,0.0,0.0,,0.0,,0.0,,-1.0,0.0,0.0,0.0,0.0,1.0,0.0,0.0,0.0,0.0,,0.0,,248.07364193799214,0.0,248.07364193799214,1.0,,,36.0,36.0,,,2.0,2.0,300.0,300.0,2.0,2.0,,,,,1.0,1.0,15.0,15.0
246.1355226116162,6000.0,28.168260900012683,49.0,4.0,0.0,564.0,32,0.0,68.26215454940635,68.26215454940635,0.0022904617678951023,-0.013688865367486352,-0.00723177369873403,-0.004865326878630042,0.0336302053426835,6.0,1.0,56.0,56.0,56.0,56.0,68.0,22.0,0.0,0.0,6.0,0.0,0.0,171.07241396234303,0.0,0.010471541076015,171.07241396234303,171.08288550341905,0.0,171.07241396234303,0.0,0.001958928848011965,171.07241396234303,171.07437289119105,0.0,171.07241396234303,0.0,0.3828138260599303,171.07241396234303,171.45522778840296,0.0,171.07241396234303,0.0,0.061531193586631616,171.07241396234303,171.13394515592967,0.0,-3.4905136920050004e-05,-6.529762826706549e-06,0.0013354926778626406,-0.00020510397862210538,1.0,1500.0,1500.0,1500.0,1500.0,,,0.0,-0.0032134613177038146,-0.0028988528661764166,-0.0024293255929559443,-0.0015268015332850372,-0.0008528005401845298,-0.006186193613748613,-0.007135078281497531,-0.00906617705445747,-0.00450234087104473,-0.004701440141354318,-0.005450667607482629,-0.0066602360462328924,-0.00686871635781783,-0.006572307263175859,-0.007949204156271962,-0.010570905387148154,1.0,100.0,100.0,100.0,100.0,100.0,100.0,100.0,100.0,100.0,100.0,100.0,100.0,100.0,100.0,100.0,100.0,0.0,4.0,4.0,4.0,0.009630257912745094,0.0034429077688218537,-0.008716526161415362,1.0,0.0,0.0,0.0,0.0,0.0,0.0,1.0,1.0,0.0,0.0,0.0,,0.0,,0.0,,-1.0,0.0,0.0,0.0,0.0,1.0,0.0,0.0,0.0,0.0,,0.0,,246.1355226116162,0.0,246.1355226116162,1.0,,,36.0,36.0,,,2.0,2.0,300.0,300.0,2.0,2.0,,,,,1.0,1.0,15.0,15.0
269.76898894540693,6000.0,28.690080100030173,49.0,4.0,0.0,567.0,33,0.0,64.57130618964479,64.57130618964479,0.0022904617678951023,-0.013688865367486352,-0.00723177369873403,-0.004865326878630042,0.0336302053426835,6.0,1.0,56.0,56.0,56.0,56.0,68.0,22.0,0.0,0.0,6.0,0.0,0.0,171.07241396234303,0.0,0.010471541076015,171.07241396234303,171.08288550341905,0.0,171.07241396234303,0.0,0.001958928848011965,171.07241396234303,171.07437289119105,0.0,171.07241396234303,0.0,0.3828138260599303,171.07241396234303,171.45522778840296,0.0,171.07241396234303,0.0,0.061531193586631616,171.07241396234303,171.13394515592967,0.0,-3.4905136920050004e-05,-6.529762826706549e-06,0.0013354926778626406,-0.00020510397862210538,1.0,1500.0,1500.0,1500.0,1500.0,,,0.0,-0.0032134613177038146,-0.0028988528661764166,-0.0024293255929559443,-0.0015268015332850372,-0.0008528005401845298,-0.006186193613748613,-0.007135078281497531,-0.00906617705445747,-0.00450234087104473,-0.004701440141354318,-0.005450667607482629,-0.0066602360462328924,-0.00686871635781783,-0.006572307263175859,-0.007949204156271962,-0.010570905387148154,1.0,100.0,100.0,100.0,100.0,100.0,100.0,100.0,100.0,100.0,100.0,100.0,100.0,100.0,100.0,100.0,100.0,0.0,4.0,4.0,4.0,0.009630257912745094,0.0034429077688218537,-0.008716526161415362,1.0,0.0,0.0,0.0,0.0,0.0,0.0,1.0,1.0,0.0,0.0,0.0,,0.0,,0.0,,-1.0,0.0,0.0,0.0,0.0,1.0,0.0,0.0,0.0,0.0,,0.0,,269.76898894540693,0.0,269.76898894540693,1.0,,,36.0,36.0,,,2.0,2.0,300.0,300.0,2.0,2.0,,,,,1.0,1.0,15.0,15.0
265.536286505116,6000.0,27.854874400014523,49.0,4.0,0.0,579.0,34,0.0,63.934120764659404,63.934120764659404,0.0022904617678951023,-0.013688865367486352,-0.00723177369873403,-0.004865326878630042,0.0336302053426835,6.0,1.0,56.0,56.0,56.0,56.0,68.0,22.0,0.0,0.0,6.0,0.0,0.0,171.07241396234303,0.0,0.010471541076015,171.07241396234303,171.08288550341905,0.0,171.07241396234303,0.0,0.001958928848011965,171.07241396234303,171.07437289119105,0.0,171.07241396234303,0.0,0.3828138260599303,171.07241396234303,171.45522778840296,0.0,171.07241396234303,0.0,0.061531193586631616,171.07241396234303,171.13394515592967,0.0,-3.4905136920050004e-05,-6.529762826706549e-06,0.0013354926778626406,-0.00020510397862210538,1.0,1500.0,1500.0,1500.0,1500.0,,,0.0,-0.0032134613177038146,-0.0028988528661764166,-0.0024293255929559443,-0.0015268015332850372,-0.0008528005401845298,-0.006186193613748613,-0.007135078281497531,-0.00906617705445747,-0.00450234087104473,-0.004701440141354318,-0.005450667607482629,-0.0066602360462328924,-0.00686871635781783,-0.006572307263175859,-0.007949204156271962,-0.010570905387148154,1.0,100.0,100.0,100.0,100.0,100.0,100.0,100.0,100.0,100.0,100.0,100.0,100.0,100.0,100.0,100.0,100.0,0.0,4.0,4.0,4.0,0.009630257912745094,0.0034429077688218537,-0.008716526161415362,1.0,0.0,0.0,0.0,0.0,0.0,0.0,1.0,1.0,0.0,0.0,0.0,,0.0,,0.0,,-1.0,0.0,0.0,0.0,0.0,1.0,0.0,0.0,0.0,0.0,,0.0,,265.536286505116,0.0,265.536286505116,1.0,,,36.0,36.0,,,2.0,2.0,300.0,300.0,2.0,2.0,,,,,1.0,1.0,15.0,15.0
268.2059520123421,6000.0,27.96755609998945,49.0,4.0,0.0,566.0,35,0.0,63.87043408988199,63.87043408988199,0.0022904617678951023,-0.013688865367486352,-0.00723177369873403,-0.004865326878630042,0.0336302053426835,6.0,1.0,56.0,56.0,56.0,56.0,68.0,22.0,0.0,0.0,6.0,0.0,0.0,171.07241396234303,0.0,0.010471541076015,171.07241396234303,171.08288550341905,0.0,171.07241396234303,0.0,0.001958928848011965,171.07241396234303,171.07437289119105,0.0,171.07241396234303,0.0,0.3828138260599303,171.07241396234303,171.45522778840296,0.0,171.07241396234303,0.0,0.061531193586631616,171.07241396234303,171.13394515592967,0.0,-3.4905136920050004e-05,-6.529762826706549e-06,0.0013354926778626406,-0.00020510397862210538,1.0,1500.0,1500.0,1500.0,1500.0,,,0.0,-0.0032134613177038146,-0.0028988528661764166,-0.0024293255929559443,-0.0015268015332850372,-0.0008528005401845298,-0.006186193613748613,-0.007135078281497531,-0.00906617705445747,-0.00450234087104473,-0.004701440141354318,-0.005450667607482629,-0.0066602360462328924,-0.00686871635781783,-0.006572307263175859,-0.007949204156271962,-0.010570905387148154,1.0,100.0,100.0,100.0,100.0,100.0,100.0,100.0,100.0,100.0,100.0,100.0,100.0,100.0,100.0,100.0,100.0,0.0,4.0,4.0,4.0,0.009630257912745094,0.0034429077688218537,-0.008716526161415362,1.0,0.0,0.0,0.0,0.0,0.0,0.0,1.0,1.0,0.0,0.0,0.0,,0.0,,0.0,,-1.0,0.0,0.0,0.0,0.0,1.0,0.0,0.0,0.0,0.0,,0.0,,268.2059520123421,0.0,268.2059520123421,1.0,,,36.0,36.0,,,2.0,2.0,300.0,300.0,2.0,2.0,,,,,1.0,1.0,15.0,15.0
265.498330296441,6000.0,27.874758700025268,49.0,4.0,0.0,580.0,36,0.0,63.876768811659346,63.876768811659346,0.0022904617678951023,-0.013688865367486352,-0.00723177369873403,-0.004865326878630042,0.0336302053426835,6.0,1.0,56.0,56.0,56.0,56.0,68.0,22.0,0.0,0.0,6.0,0.0,0.0,171.07241396234303,0.0,0.010471541076015,171.07241396234303,171.08288550341905,0.0,171.07241396234303,0.0,0.001958928848011965,171.07241396234303,171.07437289119105,0.0,171.07241396234303,0.0,0.3828138260599303,171.07241396234303,171.45522778840296,0.0,171.07241396234303,0.0,0.061531193586631616,171.07241396234303,171.13394515592967,0.0,-3.4905136920050004e-05,-6.529762826706549e-06,0.0013354926778626406,-0.00020510397862210538,1.0,1500.0,1500.0,1500.0,1500.0,,,0.0,-0.0032134613177038146,-0.0028988528661764166,-0.0024293255929559443,-0.0015268015332850372,-0.0008528005401845298,-0.006186193613748613,-0.007135078281497531,-0.00906617705445747,-0.00450234087104473,-0.004701440141354318,-0.005450667607482629,-0.0066602360462328924,-0.00686871635781783,-0.006572307263175859,-0.007949204156271962,-0.010570905387148154,1.0,100.0,100.0,100.0,100.0,100.0,100.0,100.0,100.0,100.0,100.0,100.0,100.0,100.0,100.0,100.0,100.0,0.0,4.0,4.0,4.0,0.009630257912745094,0.0034429077688218537,-0.008716526161415362,1.0,0.0,0.0,0.0,0.0,0.0,0.0,1.0,1.0,0.0,0.0,0.0,,0.0,,0.0,,-1.0,0.0,0.0,0.0,0.0,1.0,0.0,0.0,0.0,0.0,,0.0,,265.498330296441,0.0,265.498330296441,1.0,,,36.0,36.0,,,2.0,2.0,300.0,300.0,2.0,2.0,,,,,1.0,1.0,15.0,15.0
268.23263208187797,6000.0,27.626785800035577,49.0,4.0,0.0,566.0,37,0.0,63.85997054542249,63.85997054542249,0.0022904617678951023,-0.013688865367486352,-0.00723177369873403,-0.004865326878630042,0.0336302053426835,6.0,1.0,56.0,56.0,56.0,56.0,68.0,22.0,0.0,0.0,6.0,0.0,0.0,171.07241396234303,0.0,0.010471541076015,171.07241396234303,171.08288550341905,0.0,171.07241396234303,0.0,0.001958928848011965,171.07241396234303,171.07437289119105,0.0,171.07241396234303,0.0,0.3828138260599303,171.07241396234303,171.45522778840296,0.0,171.07241396234303,0.0,0.061531193586631616,171.07241396234303,171.13394515592967,0.0,-3.4905136920050004e-05,-6.529762826706549e-06,0.0013354926778626406,-0.00020510397862210538,1.0,1500.0,1500.0,1500.0,1500.0,,,0.0,-0.0032134613177038146,-0.0028988528661764166,-0.0024293255929559443,-0.0015268015332850372,-0.0008528005401845298,-0.006186193613748613,-0.007135078281497531,-0.00906617705445747,-0.00450234087104473,-0.004701440141354318,-0.005450667607482629,-0.0066602360462328924,-0.00686871635781783,-0.006572307263175859,-0.007949204156271962,-0.010570905387148154,1.0,100.0,100.0,100.0,100.0,100.0,100.0,100.0,100.0,100.0,100.0,100.0,100.0,100.0,100.0,100.0,100.0,0.0,4.0,4.0,4.0,0.009630257912745094,0.0034429077688218537,-0.008716526161415362,1.0,0.0,0.0,0.0,0.0,0.0,0.0,1.0,1.0,0.0,0.0,0.0,,0.0,,0.0,,-1.0,0.0,0.0,0.0,0.0,1.0,0.0,0.0,0.0,0.0,,0.0,,268.23263208187797,0.0,268.23263208187797,1.0,,,36.0,36.0,,,2.0,2.0,300.0,300.0,2.0,2.0,,,,,1.0,1.0,15.0,15.0
265.4998868779346,6000.0,28.027054200007115,49.0,4.0,0.0,580.0,38,0.0,63.87392025526499,63.87392025526499,0.0022904617678951023,-0.013688865367486352,-0.00723177369873403,-0.004865326878630042,0.0336302053426835,6.0,1.0,56.0,56.0,56.0,56.0,68.0,22.0,0.0,0.0,6.0,0.0,0.0,171.07241396234303,0.0,0.010471541076015,171.07241396234303,171.08288550341905,0.0,171.07241396234303,0.0,0.001958928848011965,171.07241396234303,171.07437289119105,0.0,171.07241396234303,0.0,0.3828138260599303,171.07241396234303,171.45522778840296,0.0,171.07241396234303,0.0,0.061531193586631616,171.07241396234303,171.13394515592967,0.0,-3.4905136920050004e-05,-6.529762826706549e-06,0.0013354926778626406,-0.00020510397862210538,1.0,1500.0,1500.0,1500.0,1500.0,,,0.0,-0.0032134613177038146,-0.0028988528661764166,-0.0024293255929559443,-0.0015268015332850372,-0.0008528005401845298,-0.006186193613748613,-0.007135078281497531,-0.00906617705445747,-0.00450234087104473,-0.004701440141354318,-0.005450667607482629,-0.0066602360462328924,-0.00686871635781783,-0.006572307263175859,-0.007949204156271962,-0.010570905387148154,1.0,100.0,100.0,100.0,100.0,100.0,100.0,100.0,100.0,100.0,100.0,100.0,100.0,100.0,100.0,100.0,100.0,0.0,4.0,4.0,4.0,0.009630257912745094,0.0034429077688218537,-0.008716526161415362,1.0,0.0,0.0,0.0,0.0,0.0,0.0,1.0,1.0,0.0,0.0,0.0,,0.0,,0.0,,-1.0,0.0,0.0,0.0,0.0,1.0,0.0,0.0,0.0,0.0,,0.0,,265.4998868779346,0.0,265.4998868779346,1.0,,,36.0,36.0,,,2.0,2.0,300.0,300.0,2.0,2.0,,,,,1.0,1.0,15.0,15.0
268.2338777688175,6000.0,27.90357429999858,49.0,4.0,0.0,566.0,39,0.0,63.85921916679547,63.85921916679547,0.0022904617678951023,-0.013688865367486352,-0.00723177369873403,-0.004865326878630042,0.0336302053426835,6.0,1.0,56.0,56.0,56.0,56.0,68.0,22.0,0.0,0.0,6.0,0.0,0.0,171.07241396234303,0.0,0.010471541076015,171.07241396234303,171.08288550341905,0.0,171.07241396234303,0.0,0.001958928848011965,171.07241396234303,171.07437289119105,0.0,171.07241396234303,0.0,0.3828138260599303,171.07241396234303,171.45522778840296,0.0,171.07241396234303,0.0,0.061531193586631616,171.07241396234303,171.13394515592967,0.0,-3.4905136920050004e-05,-6.529762826706549e-06,0.0013354926778626406,-0.00020510397862210538,1.0,1500.0,1500.0,1500.0,1500.0,,,0.0,-0.0032134613177038146,-0.0028988528661764166,-0.0024293255929559443,-0.0015268015332850372,-0.0008528005401845298,-0.006186193613748613,-0.007135078281497531,-0.00906617705445747,-0.00450234087104473,-0.004701440141354318,-0.005450667607482629,-0.0066602360462328924,-0.00686871635781783,-0.006572307263175859,-0.007949204156271962,-0.010570905387148154,1.0,100.0,100.0,100.0,100.0,100.0,100.0,100.0,100.0,100.0,100.0,100.0,100.0,100.0,100.0,100.0,100.0,0.0,4.0,4.0,4.0,0.009630257912745094,0.0034429077688218537,-0.008716526161415362,1.0,0.0,0.0,0.0,0.0,0.0,0.0,1.0,1.0,0.0,0.0,0.0,,0.0,,0.0,,-1.0,0.0,0.0,0.0,0.0,1.0,0.0,0.0,0.0,0.0,,0.0,,268.2338777688175,0.0,268.2338777688175,1.0,,,36.0,36.0,,,2.0,2.0,300.0,300.0,2.0,2.0,,,,,1.0,1.0,15.0,15.0
265.5000285293838,6000.0,65.4419682000298,75.0,9.0,0.0,580.0,40,0.0,63.87372497329791,63.87372497329791,0.0015033968255878662,-0.009414415566537956,-0.009423026608810763,-0.006718754750413049,0.029894502255538948,6.0,1.0,56.0,56.0,56.0,56.0,68.0,23.0,1.0,0.0,6.0,0.0,0.0,127.73288896435523,0.0,0.001903565120926487,127.73288896435523,127.73479252947615,0.0,127.73288896435523,0.0,0.0015711956748134526,127.73288896435523,127.73446016003004,0.0,127.73288896435523,0.0,0.002317529754293446,127.73288896435523,127.73520649410952,0.0,127.73288896435523,0.0,0.0020169801697988987,127.73288896435523,127.73490594452502,0.0,-6.345217069754957e-06,-5.237318916044842e-06,-7.725099180978153e-06,-6.723267232662996e-06,1.0,1500.0,1500.0,1500.0,1500.0,,,0.0,-0.00491826934030768,-0.005226794097861153,-0.006194771099853912,-0.007884844062341889,-0.009060382503560227,-0.010338068759672626,-0.01149525178144173,-0.013159247481501924,-0.004677340811923657,-0.004982154445276876,-0.005910805657874719,-0.00750758778485321,-0.008656433745458303,-0.009989048645034339,-0.010973639669312396,-0.012485466138034607,1.0,100.0,100.0,100.0,100.0,100.0,100.0,100.0,100.0,100.0,100.0,100.0,100.0,100.0,100.0,100.0,100.0,0.0,4.0,4.0,4.0,0.004528596607264357,0.006448637933001034,-0.012410840499642915,1.0,0.0,0.0,0.0,0.0,0.0,0.0,1.0,1.0,0.0,0.0,0.0,,0.0,,0.0,,-1.0,0.0,0.0,0.0,0.0,1.0,0.0,0.0,0.0,0.0,,0.0,,265.5000285293838,0.0,265.5000285293838,1.0,,,36.0,36.0,,,2.0,2.0,300.0,300.0,2.0,2.0,,,,,1.0,1.0,15.0,15.0
268.23396282234705,6000.0,27.99065450002672,49.0,4.0,0.0,566.0,41,0.0,63.85916750940082,63.85916750940082,0.0015033968255878662,-0.009414415566537956,-0.009423026608810763,-0.006718754750413049,0.029894502255538948,6.0,1.0,56.0,56.0,56.0,56.0,68.0,23.0,0.0,0.0,6.0,0.0,0.0,127.73288896435523,0.0,0.001903565120926487,127.73288896435523,127.73479252947615,0.0,127.73288896435523,0.0,0.0015711956748134526,127.73288896435523,127.73446016003004,0.0,127.73288896435523,0.0,0.002317529754293446,127.73288896435523,127.73520649410952,0.0,127.73288896435523,0.0,0.0020169801697988987,127.73288896435523,127.73490594452502,0.0,-6.345217069754957e-06,-5.237318916044842e-06,-7.725099180978153e-06,-6.723267232662996e-06,1.0,1500.0,1500.0,1500.0,1500.0,,,0.0,-0.00491826934030768,-0.005226794097861153,-0.006194771099853912,-0.007884844062341889,-0.009060382503560227,-0.010338068759672626,-0.01149525178144173,-0.013159247481501924,-0.004677340811923657,-0.004982154445276876,-0.005910805657874719,-0.00750758778485321,-0.008656433745458303,-0.009989048645034339,-0.010973639669312396,-0.012485466138034607,1.0,100.0,100.0,100.0,100.0,100.0,100.0,100.0,100.0,100.0,100.0,100.0,100.0,100.0,100.0,100.0,100.0,0.0,4.0,4.0,4.0,0.004528596607264357,0.006448637933001034,-0.012410840499642915,1.0,0.0,0.0,0.0,0.0,0.0,0.0,1.0,1.0,0.0,0.0,0.0,,0.0,,0.0,,-1.0,0.0,0.0,0.0,0.0,1.0,0.0,0.0,0.0,0.0,,0.0,,268.23396282234705,0.0,268.23396282234705,1.0,,,36.0,36.0,,,2.0,2.0,300.0,300.0,2.0,2.0,,,,,1.0,1.0,15.0,15.0
265.50003735694696,6000.0,28.074747300008312,49.0,4.0,0.0,580.0,42,0.0,63.873711487360914,63.873711487360914,0.0015033968255878662,-0.009414415566537956,-0.009423026608810763,-0.006718754750413049,0.029894502255538948,6.0,1.0,56.0,56.0,56.0,56.0,68.0,23.0,0.0,0.0,6.0,0.0,0.0,127.73288896435523,0.0,0.001903565120926487,127.73288896435523,127.73479252947615,0.0,127.73288896435523,0.0,0.0015711956748134526,127.73288896435523,127.73446016003004,0.0,127.73288896435523,0.0,0.002317529754293446,127.73288896435523,127.73520649410952,0.0,127.73288896435523,0.0,0.0020169801697988987,127.73288896435523,127.73490594452502,0.0,-6.345217069754957e-06,-5.237318916044842e-06,-7.725099180978153e-06,-6.723267232662996e-06,1.0,1500.0,1500.0,1500.0,1500.0,,,0.0,-0.00491826934030768,-0.005226794097861153,-0.006194771099853912,-0.007884844062341889,-0.009060382503560227,-0.010338068759672626,-0.01149525178144173,-0.013159247481501924,-0.004677340811923657,-0.004982154445276876,-0.005910805657874719,-0.00750758778485321,-0.008656433745458303,-0.009989048645034339,-0.010973639669312396,-0.012485466138034607,1.0,100.0,100.0,100.0,100.0,100.0,100.0,100.0,100.0,100.0,100.0,100.0,100.0,100.0,100.0,100.0,100.0,0.0,4.0,4.0,4.0,0.004528596607264357,0.006448637933001034,-0.012410840499642915,1.0,0.0,0.0,0.0,0.0,0.0,0.0,1.0,1.0,0.0,0.0,0.0,,0.0,,0.0,,-1.0,0.0,0.0,0.0,0.0,1.0,0.0,0.0,0.0,0.0,,0.0,,265.50003735694696,0.0,265.50003735694696,1.0,,,36.0,36.0,,,2.0,2.0,300.0,300.0,2.0,2.0,,,,,1.0,1.0,15.0,15.0
268.2339690905706,6000.0,27.957598900015,49.0,4.0,0.0,566.0,43,0.0,63.85916399105733,63.85916399105733,0.0015033968255878662,-0.009414415566537956,-0.009423026608810763,-0.006718754750413049,0.029894502255538948,6.0,1.0,56.0,56.0,56.0,56.0,68.0,23.0,0.0,0.0,6.0,0.0,0.0,127.73288896435523,0.0,0.001903565120926487,127.73288896435523,127.73479252947615,0.0,127.73288896435523,0.0,0.0015711956748134526,127.73288896435523,127.73446016003004,0.0,127.73288896435523,0.0,0.002317529754293446,127.73288896435523,127.73520649410952,0.0,127.73288896435523,0.0,0.0020169801697988987,127.73288896435523,127.73490594452502,0.0,-6.345217069754957e-06,-5.237318916044842e-06,-7.725099180978153e-06,-6.723267232662996e-06,1.0,1500.0,1500.0,1500.0,1500.0,,,0.0,-0.00491826934030768,-0.005226794097861153,-0.006194771099853912,-0.007884844062341889,-0.009060382503560227,-0.010338068759672626,-0.01149525178144173,-0.013159247481501924,-0.004677340811923657,-0.004982154445276876,-0.005910805657874719,-0.00750758778485321,-0.008656433745458303,-0.009989048645034339,-0.010973639669312396,-0.012485466138034607,1.0,100.0,100.0,100.0,100.0,100.0,100.0,100.0,100.0,100.0,100.0,100.0,100.0,100.0,100.0,100.0,100.0,0.0,4.0,4.0,4.0,0.004528596607264357,0.006448637933001034,-0.012410840499642915,1.0,0.0,0.0,0.0,0.0,0.0,0.0,1.0,1.0,0.0,0.0,0.0,,0.0,,0.0,,-1.0,0.0,0.0,0.0,0.0,1.0,0.0,0.0,0.0,0.0,,0.0,,268.2339690905706,0.0,268.2339690905706,1.0,,,36.0,36.0,,,2.0,2.0,300.0,300.0,2.0,2.0,,,,,1.0,1.0,15.0,15.0
265.50003779859776,6000.0,28.220493200002238,49.0,4.0,0.0,580.0,44,0.0,63.87371055776325,63.87371055776325,0.0015033968255878662,-0.009414415566537956,-0.009423026608810763,-0.006718754750413049,0.029894502255538948,6.0,1.0,56.0,56.0,56.0,56.0,68.0,23.0,0.0,0.0,6.0,0.0,0.0,127.73288896435523,0.0,0.001903565120926487,127.73288896435523,127.73479252947615,0.0,127.73288896435523,0.0,0.0015711956748134526,127.73288896435523,127.73446016003004,0.0,127.73288896435523,0.0,0.002317529754293446,127.73288896435523,127.73520649410952,0.0,127.73288896435523,0.0,0.0020169801697988987,127.73288896435523,127.73490594452502,0.0,-6.345217069754957e-06,-5.237318916044842e-06,-7.725099180978153e-06,-6.723267232662996e-06,1.0,1500.0,1500.0,1500.0,1500.0,,,0.0,-0.00491826934030768,-0.005226794097861153,-0.006194771099853912,-0.007884844062341889,-0.009060382503560227,-0.010338068759672626,-0.01149525178144173,-0.013159247481501924,-0.004677340811923657,-0.004982154445276876,-0.005910805657874719,-0.00750758778485321,-0.008656433745458303,-0.009989048645034339,-0.010973639669312396,-0.012485466138034607,1.0,100.0,100.0,100.0,100.0,100.0,100.0,100.0,100.0,100.0,100.0,100.0,100.0,100.0,100.0,100.0,100.0,0.0,4.0,4.0,4.0,0.004528596607264357,0.006448637933001034,-0.012410840499642915,1.0,0.0,0.0,0.0,0.0,0.0,0.0,1.0,1.0,0.0,0.0,0.0,,0.0,,0.0,,-1.0,0.0,0.0,0.0,0.0,1.0,0.0,0.0,0.0,0.0,,0.0,,265.50003779859776,0.0,265.50003779859776,1.0,,,36.0,36.0,,,2.0,2.0,300.0,300.0,2.0,2.0,,,,,1.0,1.0,15.0,15.0
268.2339695091039,6000.0,28.09939259995008,49.0,4.0,0.0,566.0,45,0.0,63.85916374932566,63.85916374932566,0.0015033968255878662,-0.009414415566537956,-0.009423026608810763,-0.006718754750413049,0.029894502255538948,6.0,1.0,56.0,56.0,56.0,56.0,68.0,23.0,0.0,0.0,6.0,0.0,0.0,127.73288896435523,0.0,0.001903565120926487,127.73288896435523,127.73479252947615,0.0,127.73288896435523,0.0,0.0015711956748134526,127.73288896435523,127.73446016003004,0.0,127.73288896435523,0.0,0.002317529754293446,127.73288896435523,127.73520649410952,0.0,127.73288896435523,0.0,0.0020169801697988987,127.73288896435523,127.73490594452502,0.0,-6.345217069754957e-06,-5.237318916044842e-06,-7.725099180978153e-06,-6.723267232662996e-06,1.0,1500.0,1500.0,1500.0,1500.0,,,0.0,-0.00491826934030768,-0.005226794097861153,-0.006194771099853912,-0.007884844062341889,-0.009060382503560227,-0.010338068759672626,-0.01149525178144173,-0.013159247481501924,-0.004677340811923657,-0.004982154445276876,-0.005910805657874719,-0.00750758778485321,-0.008656433745458303,-0.009989048645034339,-0.010973639669312396,-0.012485466138034607,1.0,100.0,100.0,100.0,100.0,100.0,100.0,100.0,100.0,100.0,100.0,100.0,100.0,100.0,100.0,100.0,100.0,0.0,4.0,4.0,4.0,0.004528596607264357,0.006448637933001034,-0.012410840499642915,1.0,0.0,0.0,0.0,0.0,0.0,0.0,1.0,1.0,0.0,0.0,0.0,,0.0,,0.0,,-1.0,0.0,0.0,0.0,0.0,1.0,0.0,0.0,0.0,0.0,,0.0,,268.2339695091039,0.0,268.2339695091039,1.0,,,36.0,36.0,,,2.0,2.0,300.0,300.0,2.0,2.0,,,,,1.0,1.0,15.0,15.0
265.5000378405414,6000.0,28.32097410003189,49.0,4.0,0.0,580.0,46,0.0,63.873710494333686,63.873710494333686,0.0015033968255878662,-0.009414415566537956,-0.009423026608810763,-0.006718754750413049,0.029894502255538948,6.0,1.0,56.0,56.0,56.0,56.0,68.0,23.0,0.0,0.0,6.0,0.0,0.0,127.73288896435523,0.0,0.001903565120926487,127.73288896435523,127.73479252947615,0.0,127.73288896435523,0.0,0.0015711956748134526,127.73288896435523,127.73446016003004,0.0,127.73288896435523,0.0,0.002317529754293446,127.73288896435523,127.73520649410952,0.0,127.73288896435523,0.0,0.0020169801697988987,127.73288896435523,127.73490594452502,0.0,-6.345217069754957e-06,-5.237318916044842e-06,-7.725099180978153e-06,-6.723267232662996e-06,1.0,1500.0,1500.0,1500.0,1500.0,,,0.0,-0.00491826934030768,-0.005226794097861153,-0.006194771099853912,-0.007884844062341889,-0.009060382503560227,-0.010338068759672626,-0.01149525178144173,-0.013159247481501924,-0.004677340811923657,-0.004982154445276876,-0.005910805657874719,-0.00750758778485321,-0.008656433745458303,-0.009989048645034339,-0.010973639669312396,-0.012485466138034607,1.0,100.0,100.0,100.0,100.0,100.0,100.0,100.0,100.0,100.0,100.0,100.0,100.0,100.0,100.0,100.0,100.0,0.0,4.0,4.0,4.0,0.004528596607264357,0.006448637933001034,-0.012410840499642915,1.0,0.0,0.0,0.0,0.0,0.0,0.0,1.0,1.0,0.0,0.0,0.0,,0.0,,0.0,,-1.0,0.0,0.0,0.0,0.0,1.0,0.0,0.0,0.0,0.0,,0.0,,265.5000378405414,0.0,265.5000378405414,1.0,,,36.0,36.0,,,2.0,2.0,300.0,300.0,2.0,2.0,,,,,1.0,1.0,15.0,15.0
268.2339695385316,6000.0,27.900767699989956,49.0,4.0,0.0,566.0,47,0.0,63.85916373266771,63.85916373266771,0.0015033968255878662,-0.009414415566537956,-0.009423026608810763,-0.006718754750413049,0.029894502255538948,6.0,1.0,56.0,56.0,56.0,56.0,68.0,23.0,0.0,0.0,6.0,0.0,0.0,127.73288896435523,0.0,0.001903565120926487,127.73288896435523,127.73479252947615,0.0,127.73288896435523,0.0,0.0015711956748134526,127.73288896435523,127.73446016003004,0.0,127.73288896435523,0.0,0.002317529754293446,127.73288896435523,127.73520649410952,0.0,127.73288896435523,0.0,0.0020169801697988987,127.73288896435523,127.73490594452502,0.0,-6.345217069754957e-06,-5.237318916044842e-06,-7.725099180978153e-06,-6.723267232662996e-06,1.0,1500.0,1500.0,1500.0,1500.0,,,0.0,-0.00491826934030768,-0.005226794097861153,-0.006194771099853912,-0.007884844062341889,-0.009060382503560227,-0.010338068759672626,-0.01149525178144173,-0.013159247481501924,-0.004677340811923657,-0.004982154445276876,-0.005910805657874719,-0.00750758778485321,-0.008656433745458303,-0.009989048645034339,-0.010973639669312396,-0.012485466138034607,1.0,100.0,100.0,100.0,100.0,100.0,100.0,100.0,100.0,100.0,100.0,100.0,100.0,100.0,100.0,100.0,100.0,0.0,4.0,4.0,4.0,0.004528596607264357,0.006448637933001034,-0.012410840499642915,1.0,0.0,0.0,0.0,0.0,0.0,0.0,1.0,1.0,0.0,0.0,0.0,,0.0,,0.0,,-1.0,0.0,0.0,0.0,0.0,1.0,0.0,0.0,0.0,0.0,,0.0,,268.2339695385316,0.0,268.2339695385316,1.0,,,36.0,36.0,,,2.0,2.0,300.0,300.0,2.0,2.0,,,,,1.0,1.0,15.0,15.0
265.50003784330204,6000.0,28.2676379000186,49.0,4.0,0.0,580.0,48,0.0,63.873710489986635,63.873710489986635,0.0015033968255878662,-0.009414415566537956,-0.009423026608810763,-0.006718754750413049,0.029894502255538948,6.0,1.0,56.0,56.0,56.0,56.0,68.0,23.0,0.0,0.0,6.0,0.0,0.0,127.73288896435523,0.0,0.001903565120926487,127.73288896435523,127.73479252947615,0.0,127.73288896435523,0.0,0.0015711956748134526,127.73288896435523,127.73446016003004,0.0,127.73288896435523,0.0,0.002317529754293446,127.73288896435523,127.73520649410952,0.0,127.73288896435523,0.0,0.0020169801697988987,127.73288896435523,127.73490594452502,0.0,-6.345217069754957e-06,-5.237318916044842e-06,-7.725099180978153e-06,-6.723267232662996e-06,1.0,1500.0,1500.0,1500.0,1500.0,,,0.0,-0.00491826934030768,-0.005226794097861153,-0.006194771099853912,-0.007884844062341889,-0.009060382503560227,-0.010338068759672626,-0.01149525178144173,-0.013159247481501924,-0.004677340811923657,-0.004982154445276876,-0.005910805657874719,-0.00750758778485321,-0.008656433745458303,-0.009989048645034339,-0.010973639669312396,-0.012485466138034607,1.0,100.0,100.0,100.0,100.0,100.0,100.0,100.0,100.0,100.0,100.0,100.0,100.0,100.0,100.0,100.0,100.0,0.0,4.0,4.0,4.0,0.004528596607264357,0.006448637933001034,-0.012410840499642915,1.0,0.0,0.0,0.0,0.0,0.0,0.0,1.0,1.0,0.0,0.0,0.0,,0.0,,0.0,,-1.0,0.0,0.0,0.0,0.0,1.0,0.0,0.0,0.0,0.0,,0.0,,265.50003784330204,0.0,265.50003784330204,1.0,,,36.0,36.0,,,2.0,2.0,300.0,300.0,2.0,2.0,,,,,1.0,1.0,15.0,15.0
268.2339695405675,6000.0,27.796903900045436,49.0,4.0,0.0,566.0,49,0.0,63.85916373152841,63.85916373152841,0.0015033968255878662,-0.009414415566537956,-0.009423026608810763,-0.006718754750413049,0.029894502255538948,6.0,1.0,56.0,56.0,56.0,56.0,68.0,23.0,0.0,0.0,6.0,0.0,0.0,127.73288896435523,0.0,0.001903565120926487,127.73288896435523,127.73479252947615,0.0,127.73288896435523,0.0,0.0015711956748134526,127.73288896435523,127.73446016003004,0.0,127.73288896435523,0.0,0.002317529754293446,127.73288896435523,127.73520649410952,0.0,127.73288896435523,0.0,0.0020169801697988987,127.73288896435523,127.73490594452502,0.0,-6.345217069754957e-06,-5.237318916044842e-06,-7.725099180978153e-06,-6.723267232662996e-06,1.0,1500.0,1500.0,1500.0,1500.0,,,0.0,-0.00491826934030768,-0.005226794097861153,-0.006194771099853912,-0.007884844062341889,-0.009060382503560227,-0.010338068759672626,-0.01149525178144173,-0.013159247481501924,-0.004677340811923657,-0.004982154445276876,-0.005910805657874719,-0.00750758778485321,-0.008656433745458303,-0.009989048645034339,-0.010973639669312396,-0.012485466138034607,1.0,100.0,100.0,100.0,100.0,100.0,100.0,100.0,100.0,100.0,100.0,100.0,100.0,100.0,100.0,100.0,100.0,0.0,4.0,4.0,4.0,0.004528596607264357,0.006448637933001034,-0.012410840499642915,1.0,0.0,0.0,0.0,0.0,0.0,0.0,1.0,1.0,0.0,0.0,0.0,,0.0,,0.0,,-1.0,0.0,0.0,0.0,0.0,1.0,0.0,0.0,0.0,0.0,,0.0,,268.2339695405675,0.0,268.2339695405675,1.0,,,36.0,36.0,,,2.0,2.0,300.0,300.0,2.0,2.0,,,,,1.0,1.0,15.0,15.0
265.50003784346404,6000.0,66.0602861000225,75.0,9.0,0.0,580.0,50,0.0,63.873710489687056,63.873710489687056,0.0015033954943843297,-0.009414416214027905,-0.009423027587730726,-0.006718763670107088,0.029894506653832826,6.0,1.0,56.0,56.0,56.0,56.0,68.0,24.0,1.0,0.0,6.0,0.0,0.0,127.73287422113155,0.0,0.001903563522063223,127.73287422113155,127.73477778465363,0.0,127.73287422113155,0.0,0.0015711935243700736,127.73287422113155,127.73444541465594,0.0,127.73287422113155,0.0,0.0023175297231148306,127.73287422113155,127.73519175085468,0.0,127.73287422113155,0.0,0.002016978569230332,127.73287422113155,127.73489119970078,0.0,-6.345211740258113e-06,-5.237311747947615e-06,-7.725099077096806e-06,-6.7232618974344405e-06,1.0,1500.0,1500.0,1500.0,1500.0,,,0.0,-0.004918269274291998,-0.005226794003789426,-0.006194770927248295,-0.007884843671732079,-0.009060382064359995,-0.010338068613914375,-0.011495251273173501,-0.013159246480864438,-0.004677340820778841,-0.004982154424794016,-0.005910805555907617,-0.007507587518154369,-0.008656433428052867,-0.009989048359295396,-0.01097363908385849,-0.01248546510727122,1.0,100.0,100.0,100.0,100.0,100.0,100.0,100.0,100.0,100.0,100.0,100.0,100.0,100.0,100.0,100.0,100.0,0.0,4.0,4.0,4.0,0.00452858820214825,0.006448634836241602,-0.012410842687885497,1.0,0.0,0.0,0.0,0.0,0.0,0.0,1.0,1.0,0.0,0.0,0.0,,0.0,,0.0,,-1.0,0.0,0.0,0.0,0.0,1.0,0.0,0.0,0.0,0.0,,0.0,,265.50003784346404,0.0,265.50003784346404,1.0,,,36.0,36.0,,,2.0,2.0,300.0,300.0,2.0,2.0,,,,,1.0,1.0,15.0,15.0
268.2339695407065,6000.0,27.899820099992212,49.0,4.0,0.0,566.0,51,0.0,63.859163731450124,63.859163731450124,0.0015033954943843297,-0.009414416214027905,-0.009423027587730726,-0.006718763670107088,0.029894506653832826,6.0,1.0,56.0,56.0,56.0,56.0,68.0,24.0,0.0,0.0,6.0,0.0,0.0,127.73287422113155,0.0,0.001903563522063223,127.73287422113155,127.73477778465363,0.0,127.73287422113155,0.0,0.0015711935243700736,127.73287422113155,127.73444541465594,0.0,127.73287422113155,0.0,0.0023175297231148306,127.73287422113155,127.73519175085468,0.0,127.73287422113155,0.0,0.002016978569230332,127.73287422113155,127.73489119970078,0.0,-6.345211740258113e-06,-5.237311747947615e-06,-7.725099077096806e-06,-6.7232618974344405e-06,1.0,1500.0,1500.0,1500.0,1500.0,,,0.0,-0.004918269274291998,-0.005226794003789426,-0.006194770927248295,-0.007884843671732079,-0.009060382064359995,-0.010338068613914375,-0.011495251273173501,-0.013159246480864438,-0.004677340820778841,-0.004982154424794016,-0.005910805555907617,-0.007507587518154369,-0.008656433428052867,-0.009989048359295396,-0.01097363908385849,-0.01248546510727122,1.0,100.0,100.0,100.0,100.0,100.0,100.0,100.0,100.0,100.0,100.0,100.0,100.0,100.0,100.0,100.0,100.0,0.0,4.0,4.0,4.0,0.00452858820214825,0.006448634836241602,-0.012410842687885497,1.0,0.0,0.0,0.0,0.0,0.0,0.0,1.0,1.0,0.0,0.0,0.0,,0.0,,0.0,,-1.0,0.0,0.0,0.0,0.0,1.0,0.0,0.0,0.0,0.0,,0.0,,268.2339695407065,0.0,268.2339695407065,1.0,,,36.0,36.0,,,2.0,2.0,300.0,300.0,2.0,2.0,,,,,1.0,1.0,15.0,15.0
265.5000378434758,6000.0,28.294040799955837,49.0,4.0,0.0,580.0,52,0.0,63.87371048966626,63.87371048966626,0.0015033954943843297,-0.009414416214027905,-0.009423027587730726,-0.006718763670107088,0.029894506653832826,6.0,1.0,56.0,56.0,56.0,56.0,68.0,24.0,0.0,0.0,6.0,0.0,0.0,127.73287422113155,0.0,0.001903563522063223,127.73287422113155,127.73477778465363,0.0,127.73287422113155,0.0,0.0015711935243700736,127.73287422113155,127.73444541465594,0.0,127.73287422113155,0.0,0.0023175297231148306,127.73287422113155,127.73519175085468,0.0,127.73287422113155,0.0,0.002016978569230332,127.73287422113155,127.73489119970078,0.0,-6.345211740258113e-06,-5.237311747947615e-06,-7.725099077096806e-06,-6.7232618974344405e-06,1.0,1500.0,1500.0,1500.0,1500.0,,,0.0,-0.004918269274291998,-0.005226794003789426,-0.006194770927248295,-0.007884843671732079,-0.009060382064359995,-0.010338068613914375,-0.011495251273173501,-0.013159246480864438,-0.004677340820778841,-0.004982154424794016,-0.005910805555907617,-0.007507587518154369,-0.008656433428052867,-0.009989048359295396,-0.01097363908385849,-0.01248546510727122,1.0,100.0,100.0,100.0,100.0,100.0,100.0,100.0,100.0,100.0,100.0,100.0,100.0,100.0,100.0,100.0,100.0,0.0,4.0,4.0,4.0,0.00452858820214825,0.006448634836241602,-0.012410842687885497,1.0,0.0,0.0,0.0,0.0,0.0,0.0,1.0,1.0,0.0,0.0,0.0,,0.0,,0.0,,-1.0,0.0,0.0,0.0,0.0,1.0,0.0,0.0,0.0,0.0,,0.0,,265.5000378434758,0.0,265.5000378434758,1.0,,,36.0,36.0,,,2.0,2.0,300.0,300.0,2.0,2.0,,,,,1.0,1.0,15.0,15.0
268.233969540716,6000.0,28.19260429998394,49.0,4.0,0.0,566.0,53,0.0,63.8591637314445,63.8591637314445,0.0015033954943843297,-0.009414416214027905,-0.009423027587730726,-0.006718763670107088,0.029894506653832826,6.0,1.0,56.0,56.0,56.0,56.0,68.0,24.0,0.0,0.0,6.0,0.0,0.0,127.73287422113155,0.0,0.001903563522063223,127.73287422113155,127.73477778465363,0.0,127.73287422113155,0.0,0.0015711935243700736,127.73287422113155,127.73444541465594,0.0,127.73287422113155,0.0,0.0023175297231148306,127.73287422113155,127.73519175085468,0.0,127.73287422113155,0.0,0.002016978569230332,127.73287422113155,127.73489119970078,0.0,-6.345211740258113e-06,-5.237311747947615e-06,-7.725099077096806e-06,-6.7232618974344405e-06,1.0,1500.0,1500.0,1500.0,1500.0,,,0.0,-0.004918269274291998,-0.005226794003789426,-0.006194770927248295,-0.007884843671732079,-0.009060382064359995,-0.010338068613914375,-0.011495251273173501,-0.013159246480864438,-0.004677340820778841,-0.004982154424794016,-0.005910805555907617,-0.007507587518154369,-0.008656433428052867,-0.009989048359295396,-0.01097363908385849,-0.01248546510727122,1.0,100.0,100.0,100.0,100.0,100.0,100.0,100.0,100.0,100.0,100.0,100.0,100.0,100.0,100.0,100.0,100.0,0.0,4.0,4.0,4.0,0.00452858820214825,0.006448634836241602,-0.012410842687885497,1.0,0.0,0.0,0.0,0.0,0.0,0.0,1.0,1.0,0.0,0.0,0.0,,0.0,,0.0,,-1.0,0.0,0.0,0.0,0.0,1.0,0.0,0.0,0.0,0.0,,0.0,,268.233969540716,0.0,268.233969540716,1.0,,,36.0,36.0,,,2.0,2.0,300.0,300.0,2.0,2.0,,,,,1.0,1.0,15.0,15.0
265.5000378434768,6000.0,27.707093700009864,49.0,4.0,0.0,580.0,54,0.0,63.87371048966456,63.87371048966456,0.0015033954943843297,-0.009414416214027905,-0.009423027587730726,-0.006718763670107088,0.029894506653832826,6.0,1.0,56.0,56.0,56.0,56.0,68.0,24.0,0.0,0.0,6.0,0.0,0.0,127.73287422113155,0.0,0.001903563522063223,127.73287422113155,127.73477778465363,0.0,127.73287422113155,0.0,0.0015711935243700736,127.73287422113155,127.73444541465594,0.0,127.73287422113155,0.0,0.0023175297231148306,127.73287422113155,127.73519175085468,0.0,127.73287422113155,0.0,0.002016978569230332,127.73287422113155,127.73489119970078,0.0,-6.345211740258113e-06,-5.237311747947615e-06,-7.725099077096806e-06,-6.7232618974344405e-06,1.0,1500.0,1500.0,1500.0,1500.0,,,0.0,-0.004918269274291998,-0.005226794003789426,-0.006194770927248295,-0.007884843671732079,-0.009060382064359995,-0.010338068613914375,-0.011495251273173501,-0.013159246480864438,-0.004677340820778841,-0.004982154424794016,-0.005910805555907617,-0.007507587518154369,-0.008656433428052867,-0.009989048359295396,-0.01097363908385849,-0.01248546510727122,1.0,100.0,100.0,100.0,100.0,100.0,100.0,100.0,100.0,100.0,100.0,100.0,100.0,100.0,100.0,100.0,100.0,0.0,4.0,4.0,4.0,0.00452858820214825,0.006448634836241602,-0.012410842687885497,1.0,0.0,0.0,0.0,0.0,0.0,0.0,1.0,1.0,0.0,0.0,0.0,,0.0,,0.0,,-1.0,0.0,0.0,0.0,0.0,1.0,0.0,0.0,0.0,0.0,,0.0,,265.5000378434768,0.0,265.5000378434768,1.0,,,36.0,36.0,,,2.0,2.0,300.0,300.0,2.0,2.0,,,,,1.0,1.0,15.0,15.0
268.2339695407166,6000.0,27.546679600025527,49.0,4.0,0.0,566.0,55,0.0,63.859163731443815,63.859163731443815,0.0015033954943843297,-0.009414416214027905,-0.009423027587730726,-0.006718763670107088,0.029894506653832826,6.0,1.0,56.0,56.0,56.0,56.0,68.0,24.0,0.0,0.0,6.0,0.0,0.0,127.73287422113155,0.0,0.001903563522063223,127.73287422113155,127.73477778465363,0.0,127.73287422113155,0.0,0.0015711935243700736,127.73287422113155,127.73444541465594,0.0,127.73287422113155,0.0,0.0023175297231148306,127.73287422113155,127.73519175085468,0.0,127.73287422113155,0.0,0.002016978569230332,127.73287422113155,127.73489119970078,0.0,-6.345211740258113e-06,-5.237311747947615e-06,-7.725099077096806e-06,-6.7232618974344405e-06,1.0,1500.0,1500.0,1500.0,1500.0,,,0.0,-0.004918269274291998,-0.005226794003789426,-0.006194770927248295,-0.007884843671732079,-0.009060382064359995,-0.010338068613914375,-0.011495251273173501,-0.013159246480864438,-0.004677340820778841,-0.004982154424794016,-0.005910805555907617,-0.007507587518154369,-0.008656433428052867,-0.009989048359295396,-0.01097363908385849,-0.01248546510727122,1.0,100.0,100.0,100.0,100.0,100.0,100.0,100.0,100.0,100.0,100.0,100.0,100.0,100.0,100.0,100.0,100.0,0.0,4.0,4.0,4.0,0.00452858820214825,0.006448634836241602,-0.012410842687885497,1.0,0.0,0.0,0.0,0.0,0.0,0.0,1.0,1.0,0.0,0.0,0.0,,0.0,,0.0,,-1.0,0.0,0.0,0.0,0.0,1.0,0.0,0.0,0.0,0.0,,0.0,,268.2339695407166,0.0,268.2339695407166,1.0,,,36.0,36.0,,,2.0,2.0,300.0,300.0,2.0,2.0,,,,,1.0,1.0,15.0,15.0
265.5000378434768,6000.0,28.47937869996531,49.0,4.0,0.0,580.0,56,0.0,63.873710489664155,63.873710489664155,0.0015033954943843297,-0.009414416214027905,-0.009423027587730726,-0.006718763670107088,0.029894506653832826,6.0,1.0,56.0,56.0,56.0,56.0,68.0,24.0,0.0,0.0,6.0,0.0,0.0,127.73287422113155,0.0,0.001903563522063223,127.73287422113155,127.73477778465363,0.0,127.73287422113155,0.0,0.0015711935243700736,127.73287422113155,127.73444541465594,0.0,127.73287422113155,0.0,0.0023175297231148306,127.73287422113155,127.73519175085468,0.0,127.73287422113155,0.0,0.002016978569230332,127.73287422113155,127.73489119970078,0.0,-6.345211740258113e-06,-5.237311747947615e-06,-7.725099077096806e-06,-6.7232618974344405e-06,1.0,1500.0,1500.0,1500.0,1500.0,,,0.0,-0.004918269274291998,-0.005226794003789426,-0.006194770927248295,-0.007884843671732079,-0.009060382064359995,-0.010338068613914375,-0.011495251273173501,-0.013159246480864438,-0.004677340820778841,-0.004982154424794016,-0.005910805555907617,-0.007507587518154369,-0.008656433428052867,-0.009989048359295396,-0.01097363908385849,-0.01248546510727122,1.0,100.0,100.0,100.0,100.0,100.0,100.0,100.0,100.0,100.0,100.0,100.0,100.0,100.0,100.0,100.0,100.0,0.0,4.0,4.0,4.0,0.00452858820214825,0.006448634836241602,-0.012410842687885497,1.0,0.0,0.0,0.0,0.0,0.0,0.0,1.0,1.0,0.0,0.0,0.0,,0.0,,0.0,,-1.0,0.0,0.0,0.0,0.0,1.0,0.0,0.0,0.0,0.0,,0.0,,265.5000378434768,0.0,265.5000378434768,1.0,,,36.0,36.0,,,2.0,2.0,300.0,300.0,2.0,2.0,,,,,1.0,1.0,15.0,15.0
268.2339695407166,6000.0,28.32049089996144,49.0,4.0,0.0,566.0,57,0.0,63.85916373144349,63.85916373144349,0.0015033954943843297,-0.009414416214027905,-0.009423027587730726,-0.006718763670107088,0.029894506653832826,6.0,1.0,56.0,56.0,56.0,56.0,68.0,24.0,0.0,0.0,6.0,0.0,0.0,127.73287422113155,0.0,0.001903563522063223,127.73287422113155,127.73477778465363,0.0,127.73287422113155,0.0,0.0015711935243700736,127.73287422113155,127.73444541465594,0.0,127.73287422113155,0.0,0.0023175297231148306,127.73287422113155,127.73519175085468,0.0,127.73287422113155,0.0,0.002016978569230332,127.73287422113155,127.73489119970078,0.0,-6.345211740258113e-06,-5.237311747947615e-06,-7.725099077096806e-06,-6.7232618974344405e-06,1.0,1500.0,1500.0,1500.0,1500.0,,,0.0,-0.004918269274291998,-0.005226794003789426,-0.006194770927248295,-0.007884843671732079,-0.009060382064359995,-0.010338068613914375,-0.011495251273173501,-0.013159246480864438,-0.004677340820778841,-0.004982154424794016,-0.005910805555907617,-0.007507587518154369,-0.008656433428052867,-0.009989048359295396,-0.01097363908385849,-0.01248546510727122,1.0,100.0,100.0,100.0,100.0,100.0,100.0,100.0,100.0,100.0,100.0,100.0,100.0,100.0,100.0,100.0,100.0,0.0,4.0,4.0,4.0,0.00452858820214825,0.006448634836241602,-0.012410842687885497,1.0,0.0,0.0,0.0,0.0,0.0,0.0,1.0,1.0,0.0,0.0,0.0,,0.0,,0.0,,-1.0,0.0,0.0,0.0,0.0,1.0,0.0,0.0,0.0,0.0,,0.0,,268.2339695407166,0.0,268.2339695407166,1.0,,,36.0,36.0,,,2.0,2.0,300.0,300.0,2.0,2.0,,,,,1.0,1.0,15.0,15.0
265.5000378434768,6000.0,28.394408699998166,49.0,4.0,0.0,580.0,58,0.0,63.873710489663836,63.873710489663836,0.0015033954943843297,-0.009414416214027905,-0.009423027587730726,-0.006718763670107088,0.029894506653832826,6.0,1.0,56.0,56.0,56.0,56.0,68.0,24.0,0.0,0.0,6.0,0.0,0.0,127.73287422113155,0.0,0.001903563522063223,127.73287422113155,127.73477778465363,0.0,127.73287422113155,0.0,0.0015711935243700736,127.73287422113155,127.73444541465594,0.0,127.73287422113155,0.0,0.0023175297231148306,127.73287422113155,127.73519175085468,0.0,127.73287422113155,0.0,0.002016978569230332,127.73287422113155,127.73489119970078,0.0,-6.345211740258113e-06,-5.237311747947615e-06,-7.725099077096806e-06,-6.7232618974344405e-06,1.0,1500.0,1500.0,1500.0,1500.0,,,0.0,-0.004918269274291998,-0.005226794003789426,-0.006194770927248295,-0.007884843671732079,-0.009060382064359995,-0.010338068613914375,-0.011495251273173501,-0.013159246480864438,-0.004677340820778841,-0.004982154424794016,-0.005910805555907617,-0.007507587518154369,-0.008656433428052867,-0.009989048359295396,-0.01097363908385849,-0.01248546510727122,1.0,100.0,100.0,100.0,100.0,100.0,100.0,100.0,100.0,100.0,100.0,100.0,100.0,100.0,100.0,100.0,100.0,0.0,4.0,4.0,4.0,0.00452858820214825,0.006448634836241602,-0.012410842687885497,1.0,0.0,0.0,0.0,0.0,0.0,0.0,1.0,1.0,0.0,0.0,0.0,,0.0,,0.0,,-1.0,0.0,0.0,0.0,0.0,1.0,0.0,0.0,0.0,0.0,,0.0,,265.5000378434768,0.0,265.5000378434768,1.0,,,36.0,36.0,,,2.0,2.0,300.0,300.0,2.0,2.0,,,,,1.0,1.0,15.0,15.0
268.23396954071666,6000.0,27.12776850000955,49.0,4.0,0.0,566.0,59,0.0,63.85916373144317,63.85916373144317,0.0015033954943843297,-0.009414416214027905,-0.009423027587730726,-0.006718763670107088,0.029894506653832826,6.0,1.0,56.0,56.0,56.0,56.0,68.0,24.0,0.0,0.0,6.0,0.0,0.0,127.73287422113155,0.0,0.001903563522063223,127.73287422113155,127.73477778465363,0.0,127.73287422113155,0.0,0.0015711935243700736,127.73287422113155,127.73444541465594,0.0,127.73287422113155,0.0,0.0023175297231148306,127.73287422113155,127.73519175085468,0.0,127.73287422113155,0.0,0.002016978569230332,127.73287422113155,127.73489119970078,0.0,-6.345211740258113e-06,-5.237311747947615e-06,-7.725099077096806e-06,-6.7232618974344405e-06,1.0,1500.0,1500.0,1500.0,1500.0,,,0.0,-0.004918269274291998,-0.005226794003789426,-0.006194770927248295,-0.007884843671732079,-0.009060382064359995,-0.010338068613914375,-0.011495251273173501,-0.013159246480864438,-0.004677340820778841,-0.004982154424794016,-0.005910805555907617,-0.007507587518154369,-0.008656433428052867,-0.009989048359295396,-0.01097363908385849,-0.01248546510727122,1.0,100.0,100.0,100.0,100.0,100.0,100.0,100.0,100.0,100.0,100.0,100.0,100.0,100.0,100.0,100.0,100.0,0.0,4.0,4.0,4.0,0.00452858820214825,0.006448634836241602,-0.012410842687885497,1.0,0.0,0.0,0.0,0.0,0.0,0.0,1.0,1.0,0.0,0.0,0.0,,0.0,,0.0,,-1.0,0.0,0.0,0.0,0.0,1.0,0.0,0.0,0.0,0.0,,0.0,,268.23396954071666,0.0,268.23396954071666,1.0,,,36.0,36.0,,,2.0,2.0,300.0,300.0,2.0,2.0,,,,,1.0,1.0,15.0,15.0
265.5000378434768,6000.0,61.53305069997441,75.0,9.0,0.0,580.0,60,0.0,63.87371048966352,63.87371048966352,0.0015033954943692491,-0.009414416214035437,-0.009423027587756521,-0.0067187636701248514,0.02989450665384822,6.0,1.0,56.0,56.0,56.0,56.0,68.0,25.0,1.0,0.0,6.0,0.0,0.0,127.73287422110604,0.0,0.0019035635221769098,127.73287422110604,127.73477778462822,0.0,127.73287422110604,0.0,0.001571193524341652,127.73287422110604,127.73444541463039,0.0,127.73287422110604,0.0,0.002317529723057987,127.73287422110604,127.7351917508291,0.0,127.73287422110604,0.0,0.0020169785693155973,127.73287422110604,127.73489119967536,0.0,-6.3452117405897e-06,-5.2373117478055065e-06,-7.725099076859957e-06,-6.723261897718657e-06,1.0,1500.0,1500.0,1500.0,1500.0,,,0.0,-0.0049182692742864905,-0.005226794003791025,-0.0061947709272466515,-0.007884843671725685,-0.009060382064361239,-0.010338068613908201,-0.011495251273167594,-0.01315924648086373,-0.004677340820776665,-0.004982154424794016,-0.005910805555907573,-0.007507587518154058,-0.008656433428051225,-0.009989048359304187,-0.010973639083856625,-0.012485465107269089,1.0,100.0,100.0,100.0,100.0,100.0,100.0,100.0,100.0,100.0,100.0,100.0,100.0,100.0,100.0,100.0,100.0,0.0,4.0,4.0,4.0,0.004528588202138247,0.006448634836246108,-0.012410842687886624,1.0,0.0,0.0,0.0,0.0,0.0,0.0,1.0,1.0,0.0,0.0,0.0,,0.0,,0.0,,-1.0,0.0,0.0,0.0,0.0,1.0,0.0,0.0,0.0,0.0,,0.0,,265.5000378434768,0.0,265.5000378434768,1.0,,,36.0,36.0,,,2.0,2.0,300.0,300.0,2.0,2.0,,,,,1.0,1.0,15.0,15.0
268.23396954071666,6000.0,26.351651299977675,49.0,4.0,0.0,566.0,61,0.0,63.85916373144285,63.85916373144285,0.0015033954943692491,-0.009414416214035437,-0.009423027587756521,-0.0067187636701248514,0.02989450665384822,6.0,1.0,56.0,56.0,56.0,56.0,68.0,25.0,0.0,0.0,6.0,0.0,0.0,127.73287422110604,0.0,0.0019035635221769098,127.73287422110604,127.73477778462822,0.0,127.73287422110604,0.0,0.001571193524341652,127.73287422110604,127.73444541463039,0.0,127.73287422110604,0.0,0.002317529723057987,127.73287422110604,127.7351917508291,0.0,127.73287422110604,0.0,0.0020169785693155973,127.73287422110604,127.73489119967536,0.0,-6.3452117405897e-06,-5.2373117478055065e-06,-7.725099076859957e-06,-6.723261897718657e-06,1.0,1500.0,1500.0,1500.0,1500.0,,,0.0,-0.0049182692742864905,-0.005226794003791025,-0.0061947709272466515,-0.007884843671725685,-0.009060382064361239,-0.010338068613908201,-0.011495251273167594,-0.01315924648086373,-0.004677340820776665,-0.004982154424794016,-0.005910805555907573,-0.007507587518154058,-0.008656433428051225,-0.009989048359304187,-0.010973639083856625,-0.012485465107269089,1.0,100.0,100.0,100.0,100.0,100.0,100.0,100.0,100.0,100.0,100.0,100.0,100.0,100.0,100.0,100.0,100.0,0.0,4.0,4.0,4.0,0.004528588202138247,0.006448634836246108,-0.012410842687886624,1.0,0.0,0.0,0.0,0.0,0.0,0.0,1.0,1.0,0.0,0.0,0.0,,0.0,,0.0,,-1.0,0.0,0.0,0.0,0.0,1.0,0.0,0.0,0.0,0.0,,0.0,,268.23396954071666,0.0,268.23396954071666,1.0,,,36.0,36.0,,,2.0,2.0,300.0,300.0,2.0,2.0,,,,,1.0,1.0,15.0,15.0
265.5000378434768,6000.0,26.524743999994826,49.0,4.0,0.0,580.0,62,0.0,63.8737104896632,63.8737104896632,0.0015033954943692491,-0.009414416214035437,-0.009423027587756521,-0.0067187636701248514,0.02989450665384822,6.0,1.0,56.0,56.0,56.0,56.0,68.0,25.0,0.0,0.0,6.0,0.0,0.0,127.73287422110604,0.0,0.0019035635221769098,127.73287422110604,127.73477778462822,0.0,127.73287422110604,0.0,0.001571193524341652,127.73287422110604,127.73444541463039,0.0,127.73287422110604,0.0,0.002317529723057987,127.73287422110604,127.7351917508291,0.0,127.73287422110604,0.0,0.0020169785693155973,127.73287422110604,127.73489119967536,0.0,-6.3452117405897e-06,-5.2373117478055065e-06,-7.725099076859957e-06,-6.723261897718657e-06,1.0,1500.0,1500.0,1500.0,1500.0,,,0.0,-0.0049182692742864905,-0.005226794003791025,-0.0061947709272466515,-0.007884843671725685,-0.009060382064361239,-0.010338068613908201,-0.011495251273167594,-0.01315924648086373,-0.004677340820776665,-0.004982154424794016,-0.005910805555907573,-0.007507587518154058,-0.008656433428051225,-0.009989048359304187,-0.010973639083856625,-0.012485465107269089,1.0,100.0,100.0,100.0,100.0,100.0,100.0,100.0,100.0,100.0,100.0,100.0,100.0,100.0,100.0,100.0,100.0,0.0,4.0,4.0,4.0,0.004528588202138247,0.006448634836246108,-0.012410842687886624,1.0,0.0,0.0,0.0,0.0,0.0,0.0,1.0,1.0,0.0,0.0,0.0,,0.0,,0.0,,-1.0,0.0,0.0,0.0,0.0,1.0,0.0,0.0,0.0,0.0,,0.0,,265.5000378434768,0.0,265.5000378434768,1.0,,,36.0,36.0,,,2.0,2.0,300.0,300.0,2.0,2.0,,,,,1.0,1.0,15.0,15.0
268.23396954071666,6000.0,26.952543599996716,49.0,4.0,0.0,566.0,63,0.0,63.85916373144252,63.85916373144252,0.0015033954943692491,-0.009414416214035437,-0.009423027587756521,-0.0067187636701248514,0.02989450665384822,6.0,1.0,56.0,56.0,56.0,56.0,68.0,25.0,0.0,0.0,6.0,0.0,0.0,127.73287422110604,0.0,0.0019035635221769098,127.73287422110604,127.73477778462822,0.0,127.73287422110604,0.0,0.001571193524341652,127.73287422110604,127.73444541463039,0.0,127.73287422110604,0.0,0.002317529723057987,127.73287422110604,127.7351917508291,0.0,127.73287422110604,0.0,0.0020169785693155973,127.73287422110604,127.73489119967536,0.0,-6.3452117405897e-06,-5.2373117478055065e-06,-7.725099076859957e-06,-6.723261897718657e-06,1.0,1500.0,1500.0,1500.0,1500.0,,,0.0,-0.0049182692742864905,-0.005226794003791025,-0.0061947709272466515,-0.007884843671725685,-0.009060382064361239,-0.010338068613908201,-0.011495251273167594,-0.01315924648086373,-0.004677340820776665,-0.004982154424794016,-0.005910805555907573,-0.007507587518154058,-0.008656433428051225,-0.009989048359304187,-0.010973639083856625,-0.012485465107269089,1.0,100.0,100.0,100.0,100.0,100.0,100.0,100.0,100.0,100.0,100.0,100.0,100.0,100.0,100.0,100.0,100.0,0.0,4.0,4.0,4.0,0.004528588202138247,0.006448634836246108,-0.012410842687886624,1.0,0.0,0.0,0.0,0.0,0.0,0.0,1.0,1.0,0.0,0.0,0.0,,0.0,,0.0,,-1.0,0.0,0.0,0.0,0.0,1.0,0.0,0.0,0.0,0.0,,0.0,,268.23396954071666,0.0,268.23396954071666,1.0,,,36.0,36.0,,,2.0,2.0,300.0,300.0,2.0,2.0,,,,,1.0,1.0,15.0,15.0
265.5000378434768,6000.0,26.280776600004174,49.0,4.0,0.0,580.0,64,0.0,63.87371048966288,63.87371048966288,0.0015033954943692491,-0.009414416214035437,-0.009423027587756521,-0.0067187636701248514,0.02989450665384822,6.0,1.0,56.0,56.0,56.0,56.0,68.0,25.0,0.0,0.0,6.0,0.0,0.0,127.73287422110604,0.0,0.0019035635221769098,127.73287422110604,127.73477778462822,0.0,127.73287422110604,0.0,0.001571193524341652,127.73287422110604,127.73444541463039,0.0,127.73287422110604,0.0,0.002317529723057987,127.73287422110604,127.7351917508291,0.0,127.73287422110604,0.0,0.0020169785693155973,127.73287422110604,127.73489119967536,0.0,-6.3452117405897e-06,-5.2373117478055065e-06,-7.725099076859957e-06,-6.723261897718657e-06,1.0,1500.0,1500.0,1500.0,1500.0,,,0.0,-0.0049182692742864905,-0.005226794003791025,-0.0061947709272466515,-0.007884843671725685,-0.009060382064361239,-0.010338068613908201,-0.011495251273167594,-0.01315924648086373,-0.004677340820776665,-0.004982154424794016,-0.005910805555907573,-0.007507587518154058,-0.008656433428051225,-0.009989048359304187,-0.010973639083856625,-0.012485465107269089,1.0,100.0,100.0,100.0,100.0,100.0,100.0,100.0,100.0,100.0,100.0,100.0,100.0,100.0,100.0,100.0,100.0,0.0,4.0,4.0,4.0,0.004528588202138247,0.006448634836246108,-0.012410842687886624,1.0,0.0,0.0,0.0,0.0,0.0,0.0,1.0,1.0,0.0,0.0,0.0,,0.0,,0.0,,-1.0,0.0,0.0,0.0,0.0,1.0,0.0,0.0,0.0,0.0,,0.0,,265.5000378434768,0.0,265.5000378434768,1.0,,,36.0,36.0,,,2.0,2.0,300.0,300.0,2.0,2.0,,,,,1.0,1.0,15.0,15.0
268.23396954071666,6000.0,26.021506599965505,49.0,4.0,0.0,566.0,65,0.0,63.85916373144221,63.85916373144221,0.0015033954943692491,-0.009414416214035437,-0.009423027587756521,-0.0067187636701248514,0.02989450665384822,6.0,1.0,56.0,56.0,56.0,56.0,68.0,25.0,0.0,0.0,6.0,0.0,0.0,127.73287422110604,0.0,0.0019035635221769098,127.73287422110604,127.73477778462822,0.0,127.73287422110604,0.0,0.001571193524341652,127.73287422110604,127.73444541463039,0.0,127.73287422110604,0.0,0.002317529723057987,127.73287422110604,127.7351917508291,0.0,127.73287422110604,0.0,0.0020169785693155973,127.73287422110604,127.73489119967536,0.0,-6.3452117405897e-06,-5.2373117478055065e-06,-7.725099076859957e-06,-6.723261897718657e-06,1.0,1500.0,1500.0,1500.0,1500.0,,,0.0,-0.0049182692742864905,-0.005226794003791025,-0.0061947709272466515,-0.007884843671725685,-0.009060382064361239,-0.010338068613908201,-0.011495251273167594,-0.01315924648086373,-0.004677340820776665,-0.004982154424794016,-0.005910805555907573,-0.007507587518154058,-0.008656433428051225,-0.009989048359304187,-0.010973639083856625,-0.012485465107269089,1.0,100.0,100.0,100.0,100.0,100.0,100.0,100.0,100.0,100.0,100.0,100.0,100.0,100.0,100.0,100.0,100.0,0.0,4.0,4.0,4.0,0.004528588202138247,0.006448634836246108,-0.012410842687886624,1.0,0.0,0.0,0.0,0.0,0.0,0.0,1.0,1.0,0.0,0.0,0.0,,0.0,,0.0,,-1.0,0.0,0.0,0.0,0.0,1.0,0.0,0.0,0.0,0.0,,0.0,,268.23396954071666,0.0,268.23396954071666,1.0,,,36.0,36.0,,,2.0,2.0,300.0,300.0,2.0,2.0,,,,,1.0,1.0,15.0,15.0
265.5000378434768,6000.0,25.92691349994857,49.0,4.0,0.0,580.0,66,0.0,63.873710489662564,63.873710489662564,0.0015033954943692491,-0.009414416214035437,-0.009423027587756521,-0.0067187636701248514,0.02989450665384822,6.0,1.0,56.0,56.0,56.0,56.0,68.0,25.0,0.0,0.0,6.0,0.0,0.0,127.73287422110604,0.0,0.0019035635221769098,127.73287422110604,127.73477778462822,0.0,127.73287422110604,0.0,0.001571193524341652,127.73287422110604,127.73444541463039,0.0,127.73287422110604,0.0,0.002317529723057987,127.73287422110604,127.7351917508291,0.0,127.73287422110604,0.0,0.0020169785693155973,127.73287422110604,127.73489119967536,0.0,-6.3452117405897e-06,-5.2373117478055065e-06,-7.725099076859957e-06,-6.723261897718657e-06,1.0,1500.0,1500.0,1500.0,1500.0,,,0.0,-0.0049182692742864905,-0.005226794003791025,-0.0061947709272466515,-0.007884843671725685,-0.009060382064361239,-0.010338068613908201,-0.011495251273167594,-0.01315924648086373,-0.004677340820776665,-0.004982154424794016,-0.005910805555907573,-0.007507587518154058,-0.008656433428051225,-0.009989048359304187,-0.010973639083856625,-0.012485465107269089,1.0,100.0,100.0,100.0,100.0,100.0,100.0,100.0,100.0,100.0,100.0,100.0,100.0,100.0,100.0,100.0,100.0,0.0,4.0,4.0,4.0,0.004528588202138247,0.006448634836246108,-0.012410842687886624,1.0,0.0,0.0,0.0,0.0,0.0,0.0,1.0,1.0,0.0,0.0,0.0,,0.0,,0.0,,-1.0,0.0,0.0,0.0,0.0,1.0,0.0,0.0,0.0,0.0,,0.0,,265.5000378434768,0.0,265.5000378434768,1.0,,,36.0,36.0,,,2.0,2.0,300.0,300.0,2.0,2.0,,,,,1.0,1.0,15.0,15.0
268.23396954071666,6000.0,26.02461849997053,49.0,4.0,0.0,566.0,67,0.0,63.85916373144188,63.85916373144188,0.0015033954943692491,-0.009414416214035437,-0.009423027587756521,-0.0067187636701248514,0.02989450665384822,6.0,1.0,56.0,56.0,56.0,56.0,68.0,25.0,0.0,0.0,6.0,0.0,0.0,127.73287422110604,0.0,0.0019035635221769098,127.73287422110604,127.73477778462822,0.0,127.73287422110604,0.0,0.001571193524341652,127.73287422110604,127.73444541463039,0.0,127.73287422110604,0.0,0.002317529723057987,127.73287422110604,127.7351917508291,0.0,127.73287422110604,0.0,0.0020169785693155973,127.73287422110604,127.73489119967536,0.0,-6.3452117405897e-06,-5.2373117478055065e-06,-7.725099076859957e-06,-6.723261897718657e-06,1.0,1500.0,1500.0,1500.0,1500.0,,,0.0,-0.0049182692742864905,-0.005226794003791025,-0.0061947709272466515,-0.007884843671725685,-0.009060382064361239,-0.010338068613908201,-0.011495251273167594,-0.01315924648086373,-0.004677340820776665,-0.004982154424794016,-0.005910805555907573,-0.007507587518154058,-0.008656433428051225,-0.009989048359304187,-0.010973639083856625,-0.012485465107269089,1.0,100.0,100.0,100.0,100.0,100.0,100.0,100.0,100.0,100.0,100.0,100.0,100.0,100.0,100.0,100.0,100.0,0.0,4.0,4.0,4.0,0.004528588202138247,0.006448634836246108,-0.012410842687886624,1.0,0.0,0.0,0.0,0.0,0.0,0.0,1.0,1.0,0.0,0.0,0.0,,0.0,,0.0,,-1.0,0.0,0.0,0.0,0.0,1.0,0.0,0.0,0.0,0.0,,0.0,,268.23396954071666,0.0,268.23396954071666,1.0,,,36.0,36.0,,,2.0,2.0,300.0,300.0,2.0,2.0,,,,,1.0,1.0,15.0,15.0
265.5000378434768,6000.0,25.985051100025885,49.0,4.0,0.0,580.0,68,0.0,63.87371048966224,63.87371048966224,0.0015033954943692491,-0.009414416214035437,-0.009423027587756521,-0.0067187636701248514,0.02989450665384822,6.0,1.0,56.0,56.0,56.0,56.0,68.0,25.0,0.0,0.0,6.0,0.0,0.0,127.73287422110604,0.0,0.0019035635221769098,127.73287422110604,127.73477778462822,0.0,127.73287422110604,0.0,0.001571193524341652,127.73287422110604,127.73444541463039,0.0,127.73287422110604,0.0,0.002317529723057987,127.73287422110604,127.7351917508291,0.0,127.73287422110604,0.0,0.0020169785693155973,127.73287422110604,127.73489119967536,0.0,-6.3452117405897e-06,-5.2373117478055065e-06,-7.725099076859957e-06,-6.723261897718657e-06,1.0,1500.0,1500.0,1500.0,1500.0,,,0.0,-0.0049182692742864905,-0.005226794003791025,-0.0061947709272466515,-0.007884843671725685,-0.009060382064361239,-0.010338068613908201,-0.011495251273167594,-0.01315924648086373,-0.004677340820776665,-0.004982154424794016,-0.005910805555907573,-0.007507587518154058,-0.008656433428051225,-0.009989048359304187,-0.010973639083856625,-0.012485465107269089,1.0,100.0,100.0,100.0,100.0,100.0,100.0,100.0,100.0,100.0,100.0,100.0,100.0,100.0,100.0,100.0,100.0,0.0,4.0,4.0,4.0,0.004528588202138247,0.006448634836246108,-0.012410842687886624,1.0,0.0,0.0,0.0,0.0,0.0,0.0,1.0,1.0,0.0,0.0,0.0,,0.0,,0.0,,-1.0,0.0,0.0,0.0,0.0,1.0,0.0,0.0,0.0,0.0,,0.0,,265.5000378434768,0.0,265.5000378434768,1.0,,,36.0,36.0,,,2.0,2.0,300.0,300.0,2.0,2.0,,,,,1.0,1.0,15.0,15.0
268.23396954071666,6000.0,25.838668100012,49.0,4.0,0.0,566.0,69,0.0,63.85916373144157,63.85916373144157,0.0015033954943692491,-0.009414416214035437,-0.009423027587756521,-0.0067187636701248514,0.02989450665384822,6.0,1.0,56.0,56.0,56.0,56.0,68.0,25.0,0.0,0.0,6.0,0.0,0.0,127.73287422110604,0.0,0.0019035635221769098,127.73287422110604,127.73477778462822,0.0,127.73287422110604,0.0,0.001571193524341652,127.73287422110604,127.73444541463039,0.0,127.73287422110604,0.0,0.002317529723057987,127.73287422110604,127.7351917508291,0.0,127.73287422110604,0.0,0.0020169785693155973,127.73287422110604,127.73489119967536,0.0,-6.3452117405897e-06,-5.2373117478055065e-06,-7.725099076859957e-06,-6.723261897718657e-06,1.0,1500.0,1500.0,1500.0,1500.0,,,0.0,-0.0049182692742864905,-0.005226794003791025,-0.0061947709272466515,-0.007884843671725685,-0.009060382064361239,-0.010338068613908201,-0.011495251273167594,-0.01315924648086373,-0.004677340820776665,-0.004982154424794016,-0.005910805555907573,-0.007507587518154058,-0.008656433428051225,-0.009989048359304187,-0.010973639083856625,-0.012485465107269089,1.0,100.0,100.0,100.0,100.0,100.0,100.0,100.0,100.0,100.0,100.0,100.0,100.0,100.0,100.0,100.0,100.0,0.0,4.0,4.0,4.0,0.004528588202138247,0.006448634836246108,-0.012410842687886624,1.0,0.0,0.0,0.0,0.0,0.0,0.0,1.0,1.0,0.0,0.0,0.0,,0.0,,0.0,,-1.0,0.0,0.0,0.0,0.0,1.0,0.0,0.0,0.0,0.0,,0.0,,268.23396954071666,0.0,268.23396954071666,1.0,,,36.0,36.0,,,2.0,2.0,300.0,300.0,2.0,2.0,,,,,1.0,1.0,15.0,15.0
265.5000378434768,6000.0,59.4558529999922,75.0,9.0,0.0,580.0,70,0.0,63.87371048966192,63.87371048966192,0.0015033954943680647,-0.009414416214034252,-0.009423027587757704,-0.0067187636701224835,0.029894506653849406,6.0,1.0,56.0,56.0,56.0,56.0,68.0,26.0,1.0,0.0,6.0,0.0,0.0,127.73287422110285,0.0,0.0019035635221769098,127.73287422110285,127.73477778462502,0.0,127.73287422110285,0.0,0.001571193524341652,127.73287422110285,127.73444541462719,0.0,127.73287422110285,0.0,0.002317529723057987,127.73287422110285,127.7351917508259,0.0,127.73287422110285,0.0,0.0020169785693155973,127.73287422110285,127.73489119967216,0.0,-6.3452117405897e-06,-5.2373117478055065e-06,-7.725099076859957e-06,-6.723261897718657e-06,1.0,1500.0,1500.0,1500.0,1500.0,,,0.0,-0.004918269274287911,-0.0052267940037903134,-0.006194770927245231,-0.007884843671726392,-0.00906038206436195,-0.010338068613908912,-0.011495251273166886,-0.013159246480864441,-0.004677340820777376,-0.004982154424794016,-0.005910805555908283,-0.007507587518154058,-0.008656433428051225,-0.009989048359303476,-0.010973639083856625,-0.012485465107269089,1.0,100.0,100.0,100.0,100.0,100.0,100.0,100.0,100.0,100.0,100.0,100.0,100.0,100.0,100.0,100.0,100.0,0.0,4.0,4.0,4.0,0.004528588202138247,0.006448634836245633,-0.012410842687886153,1.0,0.0,0.0,0.0,0.0,0.0,0.0,1.0,1.0,0.0,0.0,0.0,,0.0,,0.0,,-1.0,0.0,0.0,0.0,0.0,1.0,0.0,0.0,0.0,0.0,,0.0,,265.5000378434768,0.0,265.5000378434768,1.0,,,36.0,36.0,,,2.0,2.0,300.0,300.0,2.0,2.0,,,,,1.0,1.0,15.0,15.0
268.23396954071666,6000.0,25.83530979999341,49.0,4.0,0.0,566.0,71,0.0,63.85916373144125,63.85916373144125,0.0015033954943680647,-0.009414416214034252,-0.009423027587757704,-0.0067187636701224835,0.029894506653849406,6.0,1.0,56.0,56.0,56.0,56.0,68.0,26.0,0.0,0.0,6.0,0.0,0.0,127.73287422110285,0.0,0.0019035635221769098,127.73287422110285,127.73477778462502,0.0,127.73287422110285,0.0,0.001571193524341652,127.73287422110285,127.73444541462719,0.0,127.73287422110285,0.0,0.002317529723057987,127.73287422110285,127.7351917508259,0.0,127.73287422110285,0.0,0.0020169785693155973,127.73287422110285,127.73489119967216,0.0,-6.3452117405897e-06,-5.2373117478055065e-06,-7.725099076859957e-06,-6.723261897718657e-06,1.0,1500.0,1500.0,1500.0,1500.0,,,0.0,-0.004918269274287911,-0.0052267940037903134,-0.006194770927245231,-0.007884843671726392,-0.00906038206436195,-0.010338068613908912,-0.011495251273166886,-0.013159246480864441,-0.004677340820777376,-0.004982154424794016,-0.005910805555908283,-0.007507587518154058,-0.008656433428051225,-0.009989048359303476,-0.010973639083856625,-0.012485465107269089,1.0,100.0,100.0,100.0,100.0,100.0,100.0,100.0,100.0,100.0,100.0,100.0,100.0,100.0,100.0,100.0,100.0,0.0,4.0,4.0,4.0,0.004528588202138247,0.006448634836245633,-0.012410842687886153,1.0,0.0,0.0,0.0,0.0,0.0,0.0,1.0,1.0,0.0,0.0,0.0,,0.0,,0.0,,-1.0,0.0,0.0,0.0,0.0,1.0,0.0,0.0,0.0,0.0,,0.0,,268.23396954071666,0.0,268.23396954071666,1.0,,,36.0,36.0,,,2.0,2.0,300.0,300.0,2.0,2.0,,,,,1.0,1.0,15.0,15.0
265.5000378434768,6000.0,26.096851299982518,49.0,4.0,0.0,580.0,72,0.0,63.873710489661605,63.873710489661605,0.0015033954943680647,-0.009414416214034252,-0.009423027587757704,-0.0067187636701224835,0.029894506653849406,6.0,1.0,56.0,56.0,56.0,56.0,68.0,26.0,0.0,0.0,6.0,0.0,0.0,127.73287422110285,0.0,0.0019035635221769098,127.73287422110285,127.73477778462502,0.0,127.73287422110285,0.0,0.001571193524341652,127.73287422110285,127.73444541462719,0.0,127.73287422110285,0.0,0.002317529723057987,127.73287422110285,127.7351917508259,0.0,127.73287422110285,0.0,0.0020169785693155973,127.73287422110285,127.73489119967216,0.0,-6.3452117405897e-06,-5.2373117478055065e-06,-7.725099076859957e-06,-6.723261897718657e-06,1.0,1500.0,1500.0,1500.0,1500.0,,,0.0,-0.004918269274287911,-0.0052267940037903134,-0.006194770927245231,-0.007884843671726392,-0.00906038206436195,-0.010338068613908912,-0.011495251273166886,-0.013159246480864441,-0.004677340820777376,-0.004982154424794016,-0.005910805555908283,-0.007507587518154058,-0.008656433428051225,-0.009989048359303476,-0.010973639083856625,-0.012485465107269089,1.0,100.0,100.0,100.0,100.0,100.0,100.0,100.0,100.0,100.0,100.0,100.0,100.0,100.0,100.0,100.0,100.0,0.0,4.0,4.0,4.0,0.004528588202138247,0.006448634836245633,-0.012410842687886153,1.0,0.0,0.0,0.0,0.0,0.0,0.0,1.0,1.0,0.0,0.0,0.0,,0.0,,0.0,,-1.0,0.0,0.0,0.0,0.0,1.0,0.0,0.0,0.0,0.0,,0.0,,265.5000378434768,0.0,265.5000378434768,1.0,,,36.0,36.0,,,2.0,2.0,300.0,300.0,2.0,2.0,,,,,1.0,1.0,15.0,15.0
268.23396954071666,6000.0,25.698970299970824,49.0,4.0,0.0,566.0,73,0.0,63.85916373144093,63.85916373144093,0.0015033954943680647,-0.009414416214034252,-0.009423027587757704,-0.0067187636701224835,0.029894506653849406,6.0,1.0,56.0,56.0,56.0,56.0,68.0,26.0,0.0,0.0,6.0,0.0,0.0,127.73287422110285,0.0,0.0019035635221769098,127.73287422110285,127.73477778462502,0.0,127.73287422110285,0.0,0.001571193524341652,127.73287422110285,127.73444541462719,0.0,127.73287422110285,0.0,0.002317529723057987,127.73287422110285,127.7351917508259,0.0,127.73287422110285,0.0,0.0020169785693155973,127.73287422110285,127.73489119967216,0.0,-6.3452117405897e-06,-5.2373117478055065e-06,-7.725099076859957e-06,-6.723261897718657e-06,1.0,1500.0,1500.0,1500.0,1500.0,,,0.0,-0.004918269274287911,-0.0052267940037903134,-0.006194770927245231,-0.007884843671726392,-0.00906038206436195,-0.010338068613908912,-0.011495251273166886,-0.013159246480864441,-0.004677340820777376,-0.004982154424794016,-0.005910805555908283,-0.007507587518154058,-0.008656433428051225,-0.009989048359303476,-0.010973639083856625,-0.012485465107269089,1.0,100.0,100.0,100.0,100.0,100.0,100.0,100.0,100.0,100.0,100.0,100.0,100.0,100.0,100.0,100.0,100.0,0.0,4.0,4.0,4.0,0.004528588202138247,0.006448634836245633,-0.012410842687886153,1.0,0.0,0.0,0.0,0.0,0.0,0.0,1.0,1.0,0.0,0.0,0.0,,0.0,,0.0,,-1.0,0.0,0.0,0.0,0.0,1.0,0.0,0.0,0.0,0.0,,0.0,,268.23396954071666,0.0,268.23396954071666,1.0,,,36.0,36.0,,,2.0,2.0,300.0,300.0,2.0,2.0,,,,,1.0,1.0,15.0,15.0
265.5000378434768,6000.0,25.97064610000234,49.0,4.0,0.0,580.0,74,0.0,63.873710489661285,63.873710489661285,0.0015033954943680647,-0.009414416214034252,-0.009423027587757704,-0.0067187636701224835,0.029894506653849406,6.0,1.0,56.0,56.0,56.0,56.0,68.0,26.0,0.0,0.0,6.0,0.0,0.0,127.73287422110285,0.0,0.0019035635221769098,127.73287422110285,127.73477778462502,0.0,127.73287422110285,0.0,0.001571193524341652,127.73287422110285,127.73444541462719,0.0,127.73287422110285,0.0,0.002317529723057987,127.73287422110285,127.7351917508259,0.0,127.73287422110285,0.0,0.0020169785693155973,127.73287422110285,127.73489119967216,0.0,-6.3452117405897e-06,-5.2373117478055065e-06,-7.725099076859957e-06,-6.723261897718657e-06,1.0,1500.0,1500.0,1500.0,1500.0,,,0.0,-0.004918269274287911,-0.0052267940037903134,-0.006194770927245231,-0.007884843671726392,-0.00906038206436195,-0.010338068613908912,-0.011495251273166886,-0.013159246480864441,-0.004677340820777376,-0.004982154424794016,-0.005910805555908283,-0.007507587518154058,-0.008656433428051225,-0.009989048359303476,-0.010973639083856625,-0.012485465107269089,1.0,100.0,100.0,100.0,100.0,100.0,100.0,100.0,100.0,100.0,100.0,100.0,100.0,100.0,100.0,100.0,100.0,0.0,4.0,4.0,4.0,0.004528588202138247,0.006448634836245633,-0.012410842687886153,1.0,0.0,0.0,0.0,0.0,0.0,0.0,1.0,1.0,0.0,0.0,0.0,,0.0,,0.0,,-1.0,0.0,0.0,0.0,0.0,1.0,0.0,0.0,0.0,0.0,,0.0,,265.5000378434768,0.0,265.5000378434768,1.0,,,36.0,36.0,,,2.0,2.0,300.0,300.0,2.0,2.0,,,,,1.0,1.0,15.0,15.0
268.23396954071666,6000.0,25.872763699968345,49.0,4.0,0.0,566.0,75,0.0,63.8591637314406,63.8591637314406,0.0015033954943680647,-0.009414416214034252,-0.009423027587757704,-0.0067187636701224835,0.029894506653849406,6.0,1.0,56.0,56.0,56.0,56.0,68.0,26.0,0.0,0.0,6.0,0.0,0.0,127.73287422110285,0.0,0.0019035635221769098,127.73287422110285,127.73477778462502,0.0,127.73287422110285,0.0,0.001571193524341652,127.73287422110285,127.73444541462719,0.0,127.73287422110285,0.0,0.002317529723057987,127.73287422110285,127.7351917508259,0.0,127.73287422110285,0.0,0.0020169785693155973,127.73287422110285,127.73489119967216,0.0,-6.3452117405897e-06,-5.2373117478055065e-06,-7.725099076859957e-06,-6.723261897718657e-06,1.0,1500.0,1500.0,1500.0,1500.0,,,0.0,-0.004918269274287911,-0.0052267940037903134,-0.006194770927245231,-0.007884843671726392,-0.00906038206436195,-0.010338068613908912,-0.011495251273166886,-0.013159246480864441,-0.004677340820777376,-0.004982154424794016,-0.005910805555908283,-0.007507587518154058,-0.008656433428051225,-0.009989048359303476,-0.010973639083856625,-0.012485465107269089,1.0,100.0,100.0,100.0,100.0,100.0,100.0,100.0,100.0,100.0,100.0,100.0,100.0,100.0,100.0,100.0,100.0,0.0,4.0,4.0,4.0,0.004528588202138247,0.006448634836245633,-0.012410842687886153,1.0,0.0,0.0,0.0,0.0,0.0,0.0,1.0,1.0,0.0,0.0,0.0,,0.0,,0.0,,-1.0,0.0,0.0,0.0,0.0,1.0,0.0,0.0,0.0,0.0,,0.0,,268.23396954071666,0.0,268.23396954071666,1.0,,,36.0,36.0,,,2.0,2.0,300.0,300.0,2.0,2.0,,,,,1.0,1.0,15.0,15.0
265.5000378434768,6000.0,25.34817930002464,49.0,4.0,0.0,580.0,76,0.0,63.87371048966096,63.87371048966096,0.0015033954943680647,-0.009414416214034252,-0.009423027587757704,-0.0067187636701224835,0.029894506653849406,6.0,1.0,56.0,56.0,56.0,56.0,68.0,26.0,0.0,0.0,6.0,0.0,0.0,127.73287422110285,0.0,0.0019035635221769098,127.73287422110285,127.73477778462502,0.0,127.73287422110285,0.0,0.001571193524341652,127.73287422110285,127.73444541462719,0.0,127.73287422110285,0.0,0.002317529723057987,127.73287422110285,127.7351917508259,0.0,127.73287422110285,0.0,0.0020169785693155973,127.73287422110285,127.73489119967216,0.0,-6.3452117405897e-06,-5.2373117478055065e-06,-7.725099076859957e-06,-6.723261897718657e-06,1.0,1500.0,1500.0,1500.0,1500.0,,,0.0,-0.004918269274287911,-0.0052267940037903134,-0.006194770927245231,-0.007884843671726392,-0.00906038206436195,-0.010338068613908912,-0.011495251273166886,-0.013159246480864441,-0.004677340820777376,-0.004982154424794016,-0.005910805555908283,-0.007507587518154058,-0.008656433428051225,-0.009989048359303476,-0.010973639083856625,-0.012485465107269089,1.0,100.0,100.0,100.0,100.0,100.0,100.0,100.0,100.0,100.0,100.0,100.0,100.0,100.0,100.0,100.0,100.0,0.0,4.0,4.0,4.0,0.004528588202138247,0.006448634836245633,-0.012410842687886153,1.0,0.0,0.0,0.0,0.0,0.0,0.0,1.0,1.0,0.0,0.0,0.0,,0.0,,0.0,,-1.0,0.0,0.0,0.0,0.0,1.0,0.0,0.0,0.0,0.0,,0.0,,265.5000378434768,0.0,265.5000378434768,1.0,,,36.0,36.0,,,2.0,2.0,300.0,300.0,2.0,2.0,,,,,1.0,1.0,15.0,15.0
268.23396954071666,6000.0,26.023852700018324,49.0,4.0,0.0,566.0,77,0.0,63.85916373144029,63.85916373144029,0.0015033954943680647,-0.009414416214034252,-0.009423027587757704,-0.0067187636701224835,0.029894506653849406,6.0,1.0,56.0,56.0,56.0,56.0,68.0,26.0,0.0,0.0,6.0,0.0,0.0,127.73287422110285,0.0,0.0019035635221769098,127.73287422110285,127.73477778462502,0.0,127.73287422110285,0.0,0.001571193524341652,127.73287422110285,127.73444541462719,0.0,127.73287422110285,0.0,0.002317529723057987,127.73287422110285,127.7351917508259,0.0,127.73287422110285,0.0,0.0020169785693155973,127.73287422110285,127.73489119967216,0.0,-6.3452117405897e-06,-5.2373117478055065e-06,-7.725099076859957e-06,-6.723261897718657e-06,1.0,1500.0,1500.0,1500.0,1500.0,,,0.0,-0.004918269274287911,-0.0052267940037903134,-0.006194770927245231,-0.007884843671726392,-0.00906038206436195,-0.010338068613908912,-0.011495251273166886,-0.013159246480864441,-0.004677340820777376,-0.004982154424794016,-0.005910805555908283,-0.007507587518154058,-0.008656433428051225,-0.009989048359303476,-0.010973639083856625,-0.012485465107269089,1.0,100.0,100.0,100.0,100.0,100.0,100.0,100.0,100.0,100.0,100.0,100.0,100.0,100.0,100.0,100.0,100.0,0.0,4.0,4.0,4.0,0.004528588202138247,0.006448634836245633,-0.012410842687886153,1.0,0.0,0.0,0.0,0.0,0.0,0.0,1.0,1.0,0.0,0.0,0.0,,0.0,,0.0,,-1.0,0.0,0.0,0.0,0.0,1.0,0.0,0.0,0.0,0.0,,0.0,,268.23396954071666,0.0,268.23396954071666,1.0,,,36.0,36.0,,,2.0,2.0,300.0,300.0,2.0,2.0,,,,,1.0,1.0,15.0,15.0
265.5000378434768,6000.0,26.335379600001033,49.0,4.0,0.0,580.0,78,0.0,63.873710489660645,63.873710489660645,0.0015033954943680647,-0.009414416214034252,-0.009423027587757704,-0.0067187636701224835,0.029894506653849406,6.0,1.0,56.0,56.0,56.0,56.0,68.0,26.0,0.0,0.0,6.0,0.0,0.0,127.73287422110285,0.0,0.0019035635221769098,127.73287422110285,127.73477778462502,0.0,127.73287422110285,0.0,0.001571193524341652,127.73287422110285,127.73444541462719,0.0,127.73287422110285,0.0,0.002317529723057987,127.73287422110285,127.7351917508259,0.0,127.73287422110285,0.0,0.0020169785693155973,127.73287422110285,127.73489119967216,0.0,-6.3452117405897e-06,-5.2373117478055065e-06,-7.725099076859957e-06,-6.723261897718657e-06,1.0,1500.0,1500.0,1500.0,1500.0,,,0.0,-0.004918269274287911,-0.0052267940037903134,-0.006194770927245231,-0.007884843671726392,-0.00906038206436195,-0.010338068613908912,-0.011495251273166886,-0.013159246480864441,-0.004677340820777376,-0.004982154424794016,-0.005910805555908283,-0.007507587518154058,-0.008656433428051225,-0.009989048359303476,-0.010973639083856625,-0.012485465107269089,1.0,100.0,100.0,100.0,100.0,100.0,100.0,100.0,100.0,100.0,100.0,100.0,100.0,100.0,100.0,100.0,100.0,0.0,4.0,4.0,4.0,0.004528588202138247,0.006448634836245633,-0.012410842687886153,1.0,0.0,0.0,0.0,0.0,0.0,0.0,1.0,1.0,0.0,0.0,0.0,,0.0,,0.0,,-1.0,0.0,0.0,0.0,0.0,1.0,0.0,0.0,0.0,0.0,,0.0,,265.5000378434768,0.0,265.5000378434768,1.0,,,36.0,36.0,,,2.0,2.0,300.0,300.0,2.0,2.0,,,,,1.0,1.0,15.0,15.0
268.23396954071666,6000.0,26.07171930000186,49.0,4.0,0.0,566.0,79,0.0,63.85916373143996,63.85916373143996,0.0015033954943680647,-0.009414416214034252,-0.009423027587757704,-0.0067187636701224835,0.029894506653849406,6.0,1.0,56.0,56.0,56.0,56.0,68.0,26.0,0.0,0.0,6.0,0.0,0.0,127.73287422110285,0.0,0.0019035635221769098,127.73287422110285,127.73477778462502,0.0,127.73287422110285,0.0,0.001571193524341652,127.73287422110285,127.73444541462719,0.0,127.73287422110285,0.0,0.002317529723057987,127.73287422110285,127.7351917508259,0.0,127.73287422110285,0.0,0.0020169785693155973,127.73287422110285,127.73489119967216,0.0,-6.3452117405897e-06,-5.2373117478055065e-06,-7.725099076859957e-06,-6.723261897718657e-06,1.0,1500.0,1500.0,1500.0,1500.0,,,0.0,-0.004918269274287911,-0.0052267940037903134,-0.006194770927245231,-0.007884843671726392,-0.00906038206436195,-0.010338068613908912,-0.011495251273166886,-0.013159246480864441,-0.004677340820777376,-0.004982154424794016,-0.005910805555908283,-0.007507587518154058,-0.008656433428051225,-0.009989048359303476,-0.010973639083856625,-0.012485465107269089,1.0,100.0,100.0,100.0,100.0,100.0,100.0,100.0,100.0,100.0,100.0,100.0,100.0,100.0,100.0,100.0,100.0,0.0,4.0,4.0,4.0,0.004528588202138247,0.006448634836245633,-0.012410842687886153,1.0,0.0,0.0,0.0,0.0,0.0,0.0,1.0,1.0,0.0,0.0,0.0,,0.0,,0.0,,-1.0,0.0,0.0,0.0,0.0,1.0,0.0,0.0,0.0,0.0,,0.0,,268.23396954071666,0.0,268.23396954071666,1.0,,,36.0,36.0,,,2.0,2.0,300.0,300.0,2.0,2.0,,,,,1.0,1.0,15.0,15.0
