B_in,B_out,CV_boundary,MaxMin_boundary,OverflowRatio_boundary,boundary_balance_controllable,boundary_balance_degenerate,boundary_empty_ratio,boundary_in_empty_ratio,boundary_in_load_veh,boundary_in_saturation_ratio,boundary_out_empty_ratio,boundary_out_load_veh,boundary_out_saturation_ratio,boundary_out_sink_veh,boundary_saturation_ratio,capacity_drop_active,capacity_drop_lane_loss_FW_E_last,capacity_drop_lane_loss_FW_E_seg0,capacity_drop_lane_loss_FW_E_seg1,capacity_drop_lane_loss_FW_E_seg2,capacity_drop_lane_loss_FW_E_seg3,capacity_drop_lane_loss_FW_E_seg4,capacity_drop_lane_loss_FW_E_seg5,capacity_drop_lane_loss_FW_E_seg6,capacity_drop_lane_loss_FW_E_seg7,capacity_drop_lane_loss_FW_W_last,capacity_drop_lane_loss_FW_W_seg0,capacity_drop_lane_loss_FW_W_seg1,capacity_drop_lane_loss_FW_W_seg2,capacity_drop_lane_loss_FW_W_seg3,capacity_drop_lane_loss_FW_W_seg4,capacity_drop_lane_loss_FW_W_seg5,capacity_drop_lane_loss_FW_W_seg6,capacity_drop_lane_loss_FW_W_seg7,computation_time_sec,coupling_aggregate_urban_model,coupling_freeway_substeps,coupling_movement_urban_model,coupling_nested_order_active,coupling_offramp_arrivals_accepted_veh,coupling_offramp_arrivals_rejected_veh,coupling_offramp_storage_active,coupling_offramp_storage_ttt_moved_to_freeway,coupling_onramp_sync_active,coupling_onramp_two_reservoir_active,coupling_urban_substeps,cumulative_freeway_ttt,cumulative_total_ttt,cumulative_urban_ttt,density_exceedance_count,density_projection_count,distributed_response_rollout_freeway_ttt,distributed_response_rollout_ttt,distributed_response_rollout_urban_ttt,inbound_service_veh,incident_lane_closure_active,lambda_eff_FW_E_last,lambda_eff_FW_E_seg0,lambda_eff_FW_E_seg1,lambda_eff_FW_E_seg2,lambda_eff_FW_E_seg3,lambda_eff_FW_E_seg4,lambda_eff_FW_E_seg5,lambda_eff_FW_E_seg6,lambda_eff_FW_E_seg7,lambda_eff_FW_W_last,lambda_eff_FW_W_seg0,lambda_eff_FW_W_seg1,lambda_eff_FW_W_seg2,lambda_eff_FW_W_seg3,lambda_eff_FW_W_seg4,lambda_eff_FW_W_seg5,lambda_eff_FW_W_seg6,lambda_eff_FW_W_seg7,mainline_exit_flow_total,mainline_origin_queue_total_veh,mean_ramp_receiving_factor,mean_segment_flow,metering_over_release_flow,metering_shortfall_flow,metering_target_infeasible,movement_queue_model_active,movement_queue_projection_protected_veh,movement_queue_projection_veh,net_inflow,net_inflow_target,net_inflow_tracking_error,nuf_target_flow,offramp_blocked_flow_FW_E,offramp_blocked_flow_FW_W,offramp_blocked_flow_OR_D_E,offramp_blocked_flow_OR_D_W,offramp_blocked_flow_OR_F_E,offramp_blocked_flow_OR_F_W,offramp_blocked_flow_total,offramp_departures_OR_D_E_veh,offramp_departures_OR_D_W_veh,offramp_departures_OR_F_E_veh,offramp_departures_OR_F_W_veh,offramp_departures_veh,offramp_flow_FW_E,offramp_flow_FW_W,offramp_flow_OR_D_E,offramp_flow_OR_D_W,offramp_flow_OR_F_E,offramp_flow_OR_F_W,offramp_flow_total,offramp_occupancy_ratio_OR_D_E,offramp_occupancy_ratio_OR_D_W,offramp_occupancy_ratio_OR_F_E,offramp_occupancy_ratio_OR_F_W,offramp_storage_binding,offramp_storage_occupancy_veh,offramp_storage_ttt,onramp_approach_queue_veh,onramp_arrivals_veh,onramp_green_release_request_veh,onramp_green_release_shortfall_veh,onramp_green_releases_veh,onramp_two_reservoir_active,outbound_service_veh,queue_overflow_count,ramp_metering_release_actual_R_D_E_veh,ramp_metering_release_actual_R_D_W_veh,ramp_metering_release_actual_R_F_E_veh,ramp_metering_release_actual_R_F_W_veh,ramp_metering_release_request_R_D_E_veh,ramp_metering_release_request_R_D_W_veh,ramp_metering_release_request_R_F_E_veh,ramp_metering_release_request_R_F_W_veh,ramp_metering_release_request_veh,ramp_metering_release_shortfall_R_D_E_veh,ramp_metering_release_shortfall_R_D_W_veh,ramp_metering_release_shortfall_R_F_E_veh,ramp_metering_release_shortfall_R_F_W_veh,ramp_metering_release_shortfall_veh,ramp_metering_releases_veh,ramp_queue_overflow_count,ramp_queue_veh,speed_projection_count,step,step_freeway_ttt,step_total_ttt,step_urban_ttt,time_sec,total_metering_error,total_metering_flow,total_no_meter_flow,total_ramp_queue_end_veh,total_ramp_queue_start_veh,urban_accumulation_abs_error_veh,urban_accumulation_error_veh,urban_accumulation_initial_error_veh,urban_accumulation_initial_veh,urban_accumulation_mean_veh,urban_accumulation_target_disabled,urban_accumulation_target_veh,urban_accumulation_veh,urban_demand_arrivals_veh,urban_gate_inflow_veh,urban_link_occupancy_veh,urban_net_inflow_target_veh,urban_net_inflow_target_veh_h,urban_net_inflow_tracking_error_veh_h,urban_storage_active,urban_storage_occupancy,urban_substep_active,urban_total_departures_veh,urban_total_vehicles_veh,urban_uncontrolled_node_movement_queue_veh,urban_uncontrolled_node_storage_occupancy_veh,urban_uncontrolled_node_ttt,urban_uncontrolled_node_vehicles_veh,vsl_quantization_residual_km_h,vsl_repair_count,wu_faithful_follower_active,wu_faithful_lambda_P,wu_faithful_local_evals,wu_faithful_np_bias_ratio,wu_faithful_np_cand_lambda,wu_faithful_np_cand_lambda_applied,wu_faithful_np_feasible_max,wu_faithful_np_feasible_min,wu_faithful_np_original_target,wu_faithful_np_pd_exit,wu_faithful_np_pd_iters,wu_faithful_np_pd_lam_entry,wu_faithful_np_pd_residual,wu_faithful_np_predictor_current_interval,wu_faithful_np_predictor_legacy,wu_faithful_np_predictor_mode_code,wu_faithful_np_predictor_phase_substep,wu_faithful_np_predictor_storage_aware,wu_faithful_np_projected_target,wu_faithful_np_projection_residual,wu_faithful_np_sum_nin,wu_faithful_np_target,wu_faithful_np_target_error,wu_faithful_offset_evals,wu_faithful_offsets_off_zero,wu_faithful_offsets_searched_off_zero,wu_faithful_solve_time_sec,wu_faithful_sum_nin
0.11742961999699952,0.0006760411032990521,1.1736139884544934,8.076923076923078,0.0,1.0,0.0,0.42857142857142855,0.42857142857142855,23.333333333333336,0.0,0.0,10.033333333333335,0.0,96.60442285203594,0.0,1.0,0.0,0.0,0.0,0.0019925227836513873,0.0,0.004690393635372282,0.0,0.0,0.0,0.0,0.0,0.0,0.0019139077751566536,0.0,0.004614860881504905,0.0,0.0,0.0,8.899995009414852e-06,0.0,18.0,1.0,1.0,77.6093185943337,0.0,1.0,0.26372600115831013,1.0,1.0,36.0,8.855457648379863,18.223402870621193,9.367945222241328,0.0,0.0,,,,305.46757157826306,0.0,2.0,2.0,2.0,1.9980074772163485,2.0,1.9953096063646276,2.0,2.0,2.0,2.0,2.0,2.0,1.9980860922248433,2.0,1.995385139118495,2.0,2.0,2.0,5354.630946620661,0.0,1.0,1996.2960553231476,1682.6146723646723,0.0,0.0,1.0,0.0,0.0,3495.7202710390093,0.0,3495.7202710390093,0.0,0.0,0.0,0.0,0.0,0.0,0.0,0.0,16.28346764828367,16.027262464459355,21.50602359339769,21.234151205455706,75.05090491159642,782.0761673334961,770.1102045531784,335.7791238651291,330.17008674262183,446.29704346836695,439.94011781055656,1552.1863718866744,0.01689506488646123,0.016574010422032687,0.025690472036109142,0.02549810898120365,0.0,0.0,0.0,10.033333333333335,60.2,86.01709401709402,0.0,86.01709401709402,1.0,130.6815580263126,0.0,21.6892094017094,20.561431623931625,21.503935185185185,20.37615740740741,21.6892094017094,20.561431623931625,21.503935185185185,20.37615740740741,84.13073361823362,0.0,0.0,0.0,0.0,0.0,84.13073361823362,0.0,1.886360398860399,0.0,0,8.855457648379863,18.223402870621193,9.367945222241328,180.0,1682.6146723646723,1682.6146723646723,1682.6146723646725,1.886360398860399,0.0,0.0,0.0,0.0,173.05082160936922,133.55078552863472,1.0,0.0,173.01272137579988,113.75000000000001,213.88931623931626,146.82348526468883,0.0,0.0,3495.7202710390093,1.0,146.82348526468883,1.0,492.6501187206318,206.37938804246662,0.0,83.03611491475527,2.2626566564840545,83.03611491475527,,,,,,,,,,,,,,,,,,,,,,,,,,,,,,
0.19428571428571434,0.0006174549110405381,0.8003492102202654,5.416666666666668,0.0,0.0,1.0,0.5714285714285714,0.5714285714285714,14.583333333333336,0.0,0.0,14.644579104344729,0.0,130.44457435008692,0.0,1.0,0.0,0.0,0.0,0.001325476156750691,0.0,0.002599898629965421,0.0,0.0,0.0,0.0,0.0,0.0,0.0012013378559415891,0.0,0.0023359003809513526,0.0,0.0,0.0,1.6099991626106203e-05,0.0,18.0,1.0,1.0,40.93662695698256,0.0,1.0,0.2667049534994753,1.0,1.0,36.0,14.277372939100125,33.2923952109545,19.015022271854377,0.0,0.0,,,,150.27144497580673,0.0,2.0,2.0,2.0,1.9986745238432495,2.0,1.9974001013700347,2.0,2.0,2.0,2.0,2.0,2.0,1.9987986621440585,2.0,1.9976640996190487,2.0,2.0,2.0,3164.8308317631568,0.0,1.0,1185.6339368157708,1901.1803498706988,0.0,0.0,1.0,0.0,0.0,-1082.2497477038437,0.0,1082.2497477038437,0.0,0.0,0.0,0.0,0.0,0.0,0.0,0.0,5.817161775962681,5.53987898291863,8.41607140012311,7.998332816802305,27.771444975806727,419.69824947842403,399.0342896612269,173.6390972471417,165.36147610480506,246.05915223128235,233.67281355642186,818.7325391396511,0.01896772319880499,0.01805429020108549,0.026391200733939968,0.024981907977995016,0.0,13.298012832744405,0.018469462267700562,14.644579104344729,60.2,95.53374307472541,0.0,95.53374307472541,1.0,204.38393236099893,0.0,24.802880881173436,23.402880881173438,24.126627865594035,22.726627865594033,24.802880881173436,23.402880881173438,24.126627865594035,22.726627865594033,95.05901749353495,0.0,0.0,0.0,0.0,0.0,95.05901749353495,0.0,2.3610859800508655,0.0,1,5.421915290720262,15.068992340333313,9.647077049613051,360.0,1901.1803498706988,1901.1803498706988,1901.1803498706988,2.3610859800508655,1.8863603988603992,0.0,0.0,0.0,153.66892310213927,174.1459157976857,1.0,0.0,152.89460315578143,113.75000000000001,109.44529914529917,124.83891509146085,0.0,0.0,1082.2497477038437,1.0,124.83891509146085,1.0,508.6884559908057,182.12251559345953,0.0,59.17267696905668,3.773430478294403,59.17267696905668,,,,,,,,,,,,,,,,,,,,,,,,,,,,,,
0.11742961999699952,0.0007893489015655675,0.7541171053643192,8.076923076923078,0.0,1.0,0.0,0.42857142857142855,0.42857142857142855,23.333333333333336,0.0,0.0,13.15033978378585,0.0,135.03614833935237,0.0,1.0,0.0,0.0,0.0,0.0006517476064804696,0.0,0.0011223231813794416,0.0,0.0,0.0,0.0,0.0,0.0,0.0005905456199137232,0.0,0.001005006147017916,0.0,0.0,0.0,9.899988071992993e-06,0.0,18.0,1.0,1.0,40.03251682844896,0.0,1.0,0.1281137956436626,1.0,1.0,36.0,19.36009819617904,46.946240487680114,27.58614229150107,0.0,0.0,,,,158.55277522011738,0.0,2.0,2.0,2.0,1.9993482523935195,2.0,1.9988776768186207,2.0,2.0,2.0,2.0,2.0,2.0,1.9994094543800864,2.0,1.9989949938529823,2.0,2.0,2.0,2840.326131525433,0.0,1.0,1136.2715670096993,1902.661078600067,0.0,0.0,1.0,0.0,0.0,-845.6959376029322,0.0,845.6959376029322,0.0,0.0,0.0,0.0,0.0,0.0,0.0,0.0,11.550283422340385,11.000271859045995,15.90778026569394,15.094439673037073,53.5527752201174,410.5584001759401,390.0919363930386,173.48784430763138,165.22558206782367,237.0705558683088,224.86635432521493,800.6503365689787,0.009399735334384237,0.008945799567837876,0.012205397196430526,0.011527084011347138,0.0,0.0,0.0,13.15033978378585,60.2,94.71353728651859,0.0,94.71353728651859,1.0,200.837572100264,0.0,24.35413109106585,22.954131091065847,24.612395873935824,23.212395873935826,24.35413109106585,22.954131091065847,24.612395873935824,23.212395873935826,95.13305393000334,0.0,0.0,0.0,0.0,0.0,95.13305393000334,0.0,1.9415693365661084,0.0,2,5.082725257078916,13.65384527672561,8.571120019646694,540.0,1902.661078600067,1902.661078600067,1902.661078600067,1.9415693365661084,2.3610859800508655,0.0,0.0,0.0,143.66669723583627,151.15440688855813,1.0,0.0,143.3919320705852,113.75000000000001,98.47264957264959,113.42122945098953,0.0,0.0,845.6959376029322,1.0,113.42122945098953,1.0,473.90235669107,179.8756051877044,0.0,53.9381279618172,2.7791898925211482,53.9381279618172,,,,,,,,,,,,,,,,,,,,,,,,,,,,,,
0.19428571428571434,0.0005593129216984183,0.7937616529032665,5.416666666666668,0.0,0.0,1.0,0.5714285714285714,0.5714285714285714,14.583333333333336,0.0,0.0,15.32497530229135,0.0,118.99059430137402,0.0,1.0,0.0,0.0,0.0,0.0013066167519720784,0.0,0.0022292436172319918,0.0,0.0,0.0,0.0,0.0,0.0,0.0011839477421834567,0.0,0.0019944965441000364,0.0,0.0,0.0,1.0399991879239678e-05,0.0,18.0,1.0,1.0,40.022332019596945,0.0,1.0,0.2532400055674603,1.0,1.0,36.0,24.54129569510067,60.2649585767594,35.72366288165873,0.0,0.0,,,,149.14364781258865,0.0,2.0,2.0,2.0,1.9986933832480278,2.0,1.997770756382768,2.0,2.0,2.0,2.0,2.0,2.0,1.9988160522578164,2.0,1.9980055034559001,2.0,2.0,2.0,2790.734199607335,0.0,1.0,1128.6779877065273,1892.360612232409,0.0,0.0,1.0,0.0,0.0,-861.3400649648079,0.0,861.3400649648079,0.0,0.0,0.0,0.0,0.0,0.0,0.0,0.0,5.775489216278245,5.500456811196209,7.887297166059101,7.480404619055095,26.64364781258865,410.4488683739021,389.99777201803676,173.12855627084178,164.8844706816316,237.32031210306027,225.1133013364052,800.4466403919389,0.018822538285877974,0.017913813238649455,0.02437252958809072,0.023010228122709475,0.0,13.267123649196222,0.01842656062388364,15.32497530229135,60.2,95.10747863973744,0.0,95.10747863973744,1.0,192.21065106082904,0.0,24.582415308547304,23.182415308547302,24.12659999726292,22.726599997262923,24.582415308547304,23.182415308547302,24.12659999726292,22.726599997262923,94.61803061162045,0.0,0.0,0.0,0.0,0.0,94.61803061162045,0.0,2.431017364683091,0.0,3,5.181197498921628,13.31871808907929,8.137520590157662,720.0,1892.360612232409,1892.360612232409,1892.360612232409,2.431017364683091,1.9415693365661084,0.0,0.0,0.0,136.58931355998604,144.31288661667102,1.0,0.0,136.46287142355544,113.75000000000001,109.44529914529917,112.65003293045129,0.0,0.0,861.3400649648079,1.0,112.65003293045129,1.0,454.72187023121154,166.37118005918015,0.0,55.18235405954965,2.8166534349349694,55.18235405954965,,,,,,,,,,,,,,,,,,,,,,,,,,,,,,
0.11742961999699952,0.000803630303776115,0.7477540191003216,8.076923076923078,0.0,1.0,0.0,0.42857142857142855,0.42857142857142855,23.333333333333336,0.0,0.0,13.036059766231753,0.0,122.46849801740542,0.0,1.0,0.0,0.0,0.0,0.0006530114980839194,0.0,0.00110343913557551,0.0,0.0,0.0,0.0,0.0,0.0,0.0005917047984428257,0.0,0.0009867667800321038,0.0,0.0,0.0,1.0499992640689015e-05,0.0,18.0,1.0,1.0,39.741665477304494,0.0,1.0,0.1274503592154495,1.0,1.0,36.0,29.55525153305008,73.51556868008055,43.960317147030466,0.0,0.0,,,,158.13490550818716,0.0,2.0,2.0,2.0,1.999346988501916,2.0,1.9988965608644245,2.0,2.0,2.0,2.0,2.0,2.0,1.999408295201557,2.0,1.9990132332199682,2.0,2.0,2.0,2773.0587437069503,0.0,1.0,1121.9461865675903,1865.6902621556728,0.0,0.0,1.0,0.0,0.0,-576.030812898688,0.0,576.030812898688,0.0,0.0,0.0,0.0,0.0,0.0,0.0,0.0,11.550517701488175,11.00049026819162,15.698700089208227,14.885197449299124,53.134905508187146,407.6445548875215,387.18875465856837,173.38742149859368,165.1303971908998,234.2571333889278,222.05835746766857,794.8333095460898,0.009409029054800346,0.00895477025551017,0.01211958956650152,0.011439036794815229,0.0,0.0,0.0,13.036059766231753,60.2,92.76905311749069,0.0,92.76905311749069,1.0,186.93644615312155,0.0,23.884102122938618,22.48410212293862,24.158154430953207,22.75815443095321,23.884102122938618,22.48410212293862,24.158154430953207,22.75815443095321,93.28451310778365,0.0,0.0,0.0,0.0,0.0,93.28451310778365,0.0,1.915557374390127,0.0,4,5.0139558379494105,13.250610103321144,8.236654265371733,900.0,1865.6902621556728,1865.6902621556728,1865.6902621556733,1.915557374390127,2.431017364683091,0.0,0.0,0.0,142.18348840849657,144.9885079506618,1.0,0.0,141.8491413329051,113.75000000000001,98.47264957264959,112.32008510251347,0.0,0.0,576.030812898688,1.0,112.32008510251347,1.0,454.5754947094325,178.21853443247022,0.0,53.39407659191062,2.787200320378812,53.39407659191062,,,,,,,,,,,,,,,,,,,,,,,,,,,,,,
0.19428571428571434,0.0005586500820116136,0.7953696117390091,5.416666666666668,0.0,0.0,1.0,0.5714285714285714,0.5714285714285714,14.583333333333336,0.0,0.0,15.335229616806956,0.0,118.52366341221469,0.0,1.0,0.0,0.0,0.0,0.0013061448575251771,0.0,0.0022045808326579047,0.0,0.0,0.0,0.0,0.0,0.0,0.0011835204843241175,0.0,0.001971339838118455,0.0,0.0,0.0,1.0200004908256233e-05,0.0,18.0,1.0,1.0,39.93492273675053,0.0,1.0,0.2523075910715385,1.0,1.0,36.0,34.717095832021386,86.74447885502816,52.02738302300678,0.0,0.0,,,,149.05647544230825,0.0,2.0,2.0,2.0,1.9986938551424747,2.0,1.9977954191673422,2.0,2.0,2.0,2.0,2.0,2.0,1.998816479515676,2.0,1.9980286601618813,2.0,2.0,2.0,2768.7852781028255,0.0,1.0,1124.4177454737526,1885.593680147272,0.0,0.0,1.0,0.0,0.0,-847.744245841106,0.0,847.744245841106,0.0,0.0,0.0,0.0,0.0,0.0,0.0,0.0,5.77499938552328,5.499998703090391,7.844076849404184,7.437400504290393,26.556475442308248,409.5718601828814,389.1265945521291,173.11391589604983,164.87082306227472,236.45794428683152,224.2557714898544,798.6984547350105,0.01881896238777989,0.017910404940660943,0.02422796648977355,0.022866763272375804,0.0,13.253304647612197,0.01840736756612805,15.335229616806956,60.2,94.79268217422758,0.0,94.79268217422758,1.0,191.44368773436355,0.0,24.48577569152022,23.085775691520222,24.054066312161584,22.654066312161582,24.48577569152022,23.085775691520222,24.054066312161584,22.654066312161582,94.27968400736361,0.0,0.0,0.0,0.0,0.0,94.27968400736361,0.0,2.428555541254087,0.0,5,5.1618442989713085,13.228910174947623,8.067065875976315,1080.0,1885.593680147272,1885.593680147272,1885.593680147272,2.428555541254087,1.9155573743901269,0.0,0.0,0.0,135.6138181225582,142.97292940180853,1.0,0.0,135.490101338194,113.75000000000001,109.44529914529917,111.94525270756967,0.0,0.0,847.744245841106,1.0,111.94525270756967,1.0,452.0316990890246,165.40866428833425,0.0,54.800829823369554,2.7813687463290604,54.800829823369554,,,,,,,,,,,,,,,,,,,,,,,,,,,,,,
0.11742961999699952,0.0008059390400717015,0.7485426962782505,8.076923076923078,0.0,1.0,0.0,0.42857142857142855,0.42857142857142855,23.333333333333336,0.0,0.0,13.020024110817133,0.0,121.8342106214606,0.0,1.0,0.0,0.0,0.0,0.000653069123967799,0.0,0.0011017084130315385,0.0,0.0,0.0,0.0,0.0,0.0,0.0005917573360955849,0.0,0.000985122492425673,0.0,0.0,0.0,1.3299999409355223e-05,0.0,18.0,1.0,1.0,39.72639438995319,0.0,1.0,0.1273829825952724,1.0,1.0,36.0,39.72712596180838,99.96588219469751,60.23875623288913,0.0,0.0,,,,158.1052474451534,0.0,2.0,2.0,2.0,1.999346930876032,2.0,1.9988982915869684,2.0,2.0,2.0,2.0,2.0,2.0,1.9994082426639044,2.0,1.9990148775075742,2.0,2.0,2.0,2769.8362374912376,0.0,1.0,1121.1907581197866,1862.6598712296104,0.0,0.0,1.0,0.0,0.0,-561.4918931089237,0.0,561.4918931089237,0.0,0.0,0.0,0.0,0.0,0.0,0.0,0.0,11.55003531334799,11.000033414342965,15.684261875300905,14.87091684216152,53.10524744515338,407.49150566835937,387.0363821307048,173.38660433475016,165.12965338462718,234.10490133360918,221.90672874607762,794.5278877990642,0.00940945895667163,0.00895518189058956,0.012110651578637076,0.011430069488732647,0.0,0.0,0.0,13.020024110817133,60.2,92.63183189674491,0.0,92.63183189674491,1.0,186.1798421005996,0.0,23.846960093046633,22.446960093046634,24.119536687693625,22.719536687693623,23.846960093046633,22.446960093046634,24.119536687693625,22.719536687693623,93.13299356148052,0.0,0.0,0.0,0.0,0.0,93.13299356148052,0.0,1.927393876518483,0.0,6,5.010030129786999,13.221403339669356,8.211373209882357,1260.0,1862.6598712296104,1862.6598712296104,1862.6598712296104,1.927393876518483,2.428555541254087,0.0,0.0,0.0,141.98388525864343,144.50742614421293,1.0,0.0,141.64451177113065,113.75000000000001,98.47264957264959,112.17757798281801,0.0,0.0,561.4918931089237,1.0,112.17757798281801,1.0,453.3533806269278,177.9978692152811,0.0,53.33669328954423,2.7815001397080494,53.33669328954423,,,,,,,,,,,,,,,,,,,,,,,,,,,,,,
0.19428571428571434,0.0005589036838519745,0.7955520059001788,5.416666666666668,0.0,0.0,1.0,0.5714285714285714,0.5714285714285714,14.583333333333336,0.0,0.0,15.332005338899142,0.0,118.39350103495346,0.0,1.0,0.0,0.0,0.0,0.0013061303463948676,0.0,0.0022032382849895837,0.0,0.0,0.0,0.0,0.0,0.0,0.0011835075104712984,0.0,0.0019700789040985166,0.0,0.0,0.0,1.4999997802078724e-05,0.0,18.0,1.0,1.0,39.92878479361908,0.0,1.0,0.25225811123466574,1.0,1.0,36.0,44.88758707241774,113.18809056346768,68.30050349104994,0.0,0.0,,,,149.0515765029099,0.0,2.0,2.0,2.0,1.9986938696536052,2.0,1.9977967617150105,2.0,2.0,2.0,2.0,2.0,2.0,1.9988164924895289,2.0,1.9980299210959014,2.0,2.0,2.0,2767.446754479013,0.0,1.0,1124.132789059713,1885.0208606280512,0.0,0.0,1.0,0.0,0.0,-844.4416249289861,0.0,844.4416249289861,0.0,0.0,0.0,0.0,0.0,0.0,0.0,0.0,5.775001243158755,5.500001178619726,7.841620561094205,7.434953520037199,26.551576502909885,409.51034654391157,389.06534932846967,173.1136052451333,164.8705403398374,236.39674129877824,224.19480898863225,798.5756958723812,0.018818856369169724,0.01791030506495105,0.024220196215471855,0.02285904911103685,0.0,13.25183274679302,0.018405323259434753,15.332005338899142,60.2,94.75181996486917,0.0,94.75181996486917,1.0,191.27365774935922,0.0,24.47735183268476,23.077351832684762,24.048169683016518,22.648169683016516,24.47735183268476,23.077351832684762,24.048169683016518,22.648169683016516,94.25104303140256,0.0,0.0,0.0,0.0,0.0,94.25104303140256,0.0,2.4281708099851,0.0,7,5.160461110609355,13.222208368770168,8.061747258160812,1440.0,1885.0208606280512,1885.0208606280512,1885.0208606280512,2.4281708099851,1.927393876518483,0.0,0.0,0.0,135.562095795048,142.87274313347888,1.0,0.0,135.43878604613383,113.75000000000001,109.44529914529917,111.91324942005198,0.0,0.0,844.4416249289861,1.0,111.91324942005198,1.0,451.7463592272029,165.3541247183663,0.0,54.79058889668315,2.7796349782981586,54.79058889668315,,,,,,,,,,,,,,,,,,,,,,,,,,,,,,
0.11742961999699952,0.0008060936169300148,0.7486231860854051,8.076923076923078,0.0,1.0,0.0,0.42857142857142855,0.42857142857142855,23.333333333333336,0.0,0.0,13.018949701790959,0.0,121.80151931558412,0.0,1.0,0.0,0.0,0.0,0.0006530651982866114,0.0,0.00110158498191357,0.0,0.0,0.0,0.0,0.0,0.0,0.0005917537790700342,0.0,0.0009850071900312013,0.0,0.0,0.0,1.1200012522749603e-05,0.0,18.0,1.0,1.0,39.72538409525728,0.0,1.0,0.12737695866837098,1.0,1.0,36.0,49.897359847861395,126.40844290301638,76.51108305515498,0.0,0.0,,,,158.10263154636863,0.0,2.0,2.0,2.0,1.9993469348017134,2.0,1.9988984150180866,2.0,2.0,2.0,2.0,2.0,2.0,1.9994082462209297,2.0,1.9990149928099687,2.0,2.0,2.0,2769.556393609657,0.0,1.0,1121.135926468496,1862.5146481227846,0.0,0.0,1.0,0.0,0.0,-560.7856974035944,0.0,560.7856974035944,0.0,0.0,0.0,0.0,0.0,0.0,0.0,0.0,11.55000140837803,11.000001323143636,15.682981370173433,14.869647444673525,53.10263154636863,407.48135048657946,387.02633141856626,173.38643706046958,165.12949911693363,234.09491342610988,221.8968323016326,794.5076819051457,0.009409428178661326,0.00895515252750431,0.012109905307526576,0.01142933221679495,0.0,0.0,0.0,13.018949701790959,60.2,92.62495195844186,0.0,92.62495195844186,1.0,186.14191641654836,0.0,23.84515737512351,22.44515737512351,24.11770882794611,22.717708827946108,23.84515737512351,22.44515737512351,24.11770882794611,22.717708827946108,93.12573240613924,0.0,0.0,0.0,0.0,0.0,93.12573240613924,0.0,1.9273903622877213,0.0,8,5.009772775443658,13.220352339548699,8.210579564105041,1620.0,1862.5146481227846,1862.5146481227846,1862.5146481227848,1.9273903622877213,2.4281708099851,0.0,0.0,0.0,141.96732616888258,144.49973614936096,1.0,0.0,141.6280019555832,113.75000000000001,98.47264957264959,112.16714914479775,0.0,0.0,560.7856974035944,1.0,112.16714914479775,1.0,452.9464032762911,177.98028499070747,0.0,53.331477698113076,2.783955720342161,53.331477698113076,,,,,,,,,,,,,,,,,,,,,,,,,,,,,,
0.19428571428571434,0.0005596942663029236,0.7957811919030189,5.416666666666668,0.0,0.0,1.0,0.5714285714285714,0.5714285714285714,14.583333333333336,0.0,0.0,15.321191800966908,0.0,118.16459441905022,0.0,1.0,0.0,0.0,0.0,0.0013061299315748126,0.0,0.0022031500053016164,0.0,0.0,0.0,0.0,0.0,0.0,0.0011835071363360445,0.0,0.0019699956631464475,0.0,0.0,0.0,1.060000795405358e-05,0.0,18.0,1.0,1.0,39.928370042857104,0.0,1.0,0.252254884723444,1.0,1.0,36.0,55.05772719083464,139.63274688915433,84.5750196983197,0.0,0.0,,,,149.05122837362913,0.0,2.0,2.0,2.0,1.9986938700684251,2.0,1.9977968499946985,2.0,2.0,2.0,2.0,2.0,2.0,1.9988164928636638,2.0,1.9980300043368535,2.0,2.0,2.0,2767.3656795454244,0.0,1.0,1124.1141338967877,1884.9662354211675,0.0,0.0,1.0,0.0,0.0,-842.9034096079981,0.0,842.9034096079981,0.0,0.0,0.0,0.0,0.0,0.0,0.0,0.0,5.775000166808084,5.500000156640638,7.841447394952466,7.43478065522792,26.551228373629108,409.5061951202572,389.06120573688514,173.1135849050609,164.87052137809027,236.39261021519633,224.19068435879487,798.5674008571424,0.018818852657717513,0.017910301520921303,0.024219691888233905,0.02285854674116008,0.0,13.251746727777956,0.018405203788580494,15.321191800966908,60.2,94.74909269198915,0.0,94.74909269198915,1.0,191.19639885402904,0.0,24.476637073462122,23.07663707346212,24.04751881206707,22.647518812067073,24.476637073462122,23.07663707346212,24.04751881206707,22.647518812067073,94.24831177105838,0.0,0.0,0.0,0.0,0.0,94.24831177105838,0.0,2.428171283218482,0.0,9,5.1603673429732435,13.224303986137949,8.063936643164705,1800.0,1884.9662354211675,1884.9662354211675,1884.9662354211675,2.428171283218482,1.9273903622877215,0.0,0.0,0.0,135.56926289288558,142.9271956615329,1.0,0.0,135.6633011189954,113.75000000000001,109.44529914529917,112.14930591022937,0.0,0.0,842.9034096079981,1.0,112.14930591022937,1.0,451.97569131752164,165.5678262532956,0.0,54.78961620929516,2.7825246288124124,54.78961620929516,,,,,,,,,,,,,,,,,,,,,,,,,,,,,,
0.11742961999699952,0.000806096825484881,0.7470572674027477,8.076923076923078,0.0,1.0,0.0,0.42857142857142855,0.42857142857142855,23.333333333333336,0.0,0.0,13.018929961955894,0.0,121.95354329714677,0.0,1.0,0.0,0.0,0.0,0.0006530487022703177,0.0,0.0011015975586062697,0.0,0.0,0.0,0.0,0.0,0.0,0.0005917387537906062,0.0,0.0009850221848964151,0.0,0.0,0.0,1.0400006431154907e-05,0.0,18.0,1.0,1.0,39.72470425534502,0.0,1.0,0.12737533879347585,1.0,1.0,36.0,60.06742037183942,152.85648372787458,92.78906335603516,0.0,0.0,,,,158.10220212097568,0.0,2.0,2.0,2.0,1.9993469512977298,2.0,1.9988984024413936,2.0,2.0,2.0,2.0,2.0,2.0,1.9994082612462094,2.0,1.9990149778151034,2.0,2.0,2.0,2769.506412148463,0.0,1.0,1121.116119391023,1862.5018296090025,0.0,0.0,1.0,0.0,0.0,-560.7389597945994,0.0,560.7389597945994,0.0,0.0,0.0,0.0,0.0,0.0,0.0,0.0,11.550021286625885,11.000020363980056,15.682748482919614,14.86941198745011,53.10220212097566,407.47457133472767,387.0195137721725,173.38676792985174,165.1298119038238,234.08780340487596,221.8897018683487,794.4940851069001,0.009409291636148148,0.008955021736218156,0.012109753116027168,0.011429198645404329,0.0,0.0,0.0,13.018929961955894,60.2,92.6243104249286,0.0,92.6243104249286,1.0,186.13915011070566,0.0,23.84499120037147,22.44499120037147,24.117554539853586,22.717554539853587,23.84499120037147,22.44499120037147,24.117554539853586,22.717554539853587,93.12509148045011,0.0,0.0,0.0,0.0,0.0,93.12509148045011,0.0,1.927390227696968,0.0,10,5.009693181004777,13.223736838720239,8.214043657715463,1980.0,1862.5018296090025,1862.5018296090025,1862.5018296090025,1.927390227696968,2.428171283218482,0.0,0.0,0.0,142.02917769694213,144.5805456412778,1.0,0.0,141.68991135690555,113.75000000000001,98.47264957264959,112.14526388374131,0.0,0.0,560.7389597945994,1.0,112.14526388374131,1.0,452.9411041043702,178.0421746521948,0.0,53.33103934361776,2.7868315528053107,53.33103934361776,,,,,,,,,,,,,,,,,,,,,,,,,,,,,,
0.19428571428571434,0.0005596955691232197,0.7957747067562838,5.416666666666668,0.0,0.0,1.0,0.5714285714285714,0.5714285714285714,14.583333333333336,0.0,0.0,15.321175018767004,0.0,118.22644924687305,0.0,1.0,0.0,0.0,0.0,0.0013060983784637875,0.0,0.002203200286110923,0.0,0.0,0.0,0.0,0.0,0.0,0.001183478382911724,0.0,0.001970048730434949,0.0,0.0,0.0,1.0899995686486363e-05,0.0,18.0,1.0,1.0,39.92883447417559,0.0,1.0,0.252252681474391,1.0,1.0,36.0,65.2278173383629,166.08112862495153,100.85331128658865,0.0,0.0,,,,149.05120011171297,0.0,2.0,2.0,2.0,1.9986939016215364,2.0,1.997796799713889,2.0,2.0,2.0,2.0,2.0,2.0,1.9988165216170881,2.0,1.9980299512695652,2.0,2.0,2.0,2767.3533853144336,0.0,1.0,1124.1219878381457,1884.9634198047252,0.0,0.0,1.0,0.0,0.0,-844.1379849629152,0.0,844.1379849629152,0.0,0.0,0.0,0.0,0.0,0.0,0.0,0.0,5.774999706546765,5.499999717626238,7.841433618874104,7.434767068665851,26.55120011171296,409.5108094568269,389.06588002668445,173.11320847468994,164.87016636970245,236.39760098213694,224.19571365698204,798.5766894835114,0.018818589586273582,0.017910049427972613,0.024219546625045572,0.022858434724418435,0.0,13.251867876269912,0.018405372050374878,15.321175018767004,60.2,94.74895187602901,0.0,94.74895187602901,1.0,191.25809935985873,0.0,24.476600440829316,23.076600440829313,24.04748505428881,22.647485054288808,24.476600440829316,23.076600440829313,24.04748505428881,22.647485054288808,94.24817099023625,0.0,0.0,0.0,0.0,0.0,94.24817099023625,0.0,2.42817111348973,0.0,11,5.160396966523479,13.224644897076963,8.064247930553485,2160.0,1884.9634198047252,1884.9634198047252,1884.9634198047252,2.42817111348973,1.927390227696968,0.0,0.0,0.0,135.56942717233852,142.93680145506767,1.0,0.0,135.6634652889037,113.75000000000001,109.44529914529917,112.14879958784891,0.0,0.0,844.1379849629152,1.0,112.14879958784891,1.0,452.05244050300723,165.56797364100404,0.0,54.78949557221736,2.7825748541161883,54.78949557221736,,,,,,,,,,,,,,,,,,,,,,,,,,,,,,
0.11742961999699952,0.0008061139553754981,0.7470605566995855,8.076923076923078,0.0,1.0,0.0,0.42857142857142855,0.42857142857142855,23.333333333333336,0.0,0.0,13.018919552321261,0.0,121.95349118070841,0.0,1.0,0.0,0.0,0.0,0.0006530492582895237,0.0,0.0011016017444658915,0.0,0.0,0.0,0.0,0.0,0.0,0.0005917392554677134,0.0,0.0009850258485519792,0.0,0.0,0.0,1.0199990356341004e-05,0.0,18.0,1.0,1.0,39.72479069635655,0.0,1.0,0.12737564603085763,1.0,1.0,36.0,70.23753091060965,179.30491673645918,109.06738582584954,0.0,0.0,,,,158.10242132121545,0.0,2.0,2.0,2.0,1.9993469507417103,2.0,1.998898398255534,2.0,2.0,2.0,2.0,2.0,2.0,1.9994082607445323,2.0,1.999014974151448,2.0,2.0,2.0,2769.5348682894432,0.0,1.0,1121.1213636414957,1862.5008443069196,0.0,0.0,1.0,0.0,0.0,-560.7310746282133,0.0,560.7310746282133,0.0,0.0,0.0,0.0,0.0,0.0,0.0,0.0,11.549999999980763,11.000000000551616,15.682877322562913,14.869543998120161,53.10242132121545,407.4754410653494,387.0203728617815,173.3867866458137,165.12982907465437,234.0886544195358,221.8905437871271,794.4958139271308,0.009409295311459837,0.008955025221844484,0.012109783211336779,0.011429227070625563,0.0,0.0,0.0,13.018919552321261,60.2,92.62426139333108,0.0,92.62426139333108,1.0,186.1389750526261,0.0,23.84497896630434,22.444978966304337,24.117542141368656,22.717542141368654,23.84497896630434,22.444978966304337,24.117542141368656,22.717542141368654,93.12504221534599,0.0,0.0,0.0,0.0,0.0,93.12504221534599,0.0,1.9273902914748229,0.0,12,5.009713572246748,13.223788111507645,8.214074539260896,2340.0,1862.5008443069196,1862.5008443069196,1862.5008443069196,1.9273902914748229,2.42817111348973,0.0,0.0,0.0,142.0296585005067,144.58117995400988,1.0,0.0,141.69038950252417,113.75000000000001,98.47264957264959,112.14607302048051,0.0,0.0,560.7310746282133,1.0,112.14607302048051,1.0,452.946261282549,178.0426423881787,0.0,53.331088310296934,2.786886789056171,53.331088310296934,,,,,,,,,,,,,,,,,,,,,,,,,,,,,,
0.19428571428571434,0.0005596955187002206,0.7957746972730015,5.416666666666668,0.0,0.0,1.0,0.5714285714285714,0.5714285714285714,14.583333333333336,0.0,0.0,15.321174570818322,0.0,118.226939875145,0.0,1.0,0.0,0.0,0.0,0.0013060985164224073,0.0,0.002203203228050738,0.0,0.0,0.0,0.0,0.0,0.0,0.0011834785107308005,0.0,0.0019700514495129117,0.0,0.0,0.0,1.0599993402138352e-05,0.0,18.0,1.0,1.0,39.928840366788116,0.0,1.0,0.2522528017113348,1.0,1.0,36.0,75.3979296045684,192.52957383815362,117.1316442335852,0.0,0.0,,,,149.0512101926887,0.0,2.0,2.0,2.0,1.9986939014835778,2.0,1.9977967967719492,2.0,2.0,2.0,2.0,2.0,2.0,1.998816521489269,2.0,1.998029948550487,2.0,2.0,2.0,2767.3566179021786,0.0,1.0,1124.1224282639657,1884.9632489734463,0.0,0.0,1.0,0.0,0.0,-844.1473533911121,0.0,844.1473533911121,0.0,0.0,0.0,0.0,0.0,0.0,0.0,0.0,5.774999995752289,5.499999995921442,7.84143843366356,7.434771767351384,26.551210192688675,409.51086955564915,389.0659377801128,173.1132134762355,164.87017104179887,236.39765607941365,224.19576673831392,798.5768073357619,0.01881859063995814,0.0179100504594911,0.024219564802015533,0.02285845251304207,0.0,13.251867544751697,0.018405371589932912,15.321174570818322,60.2,94.74894345991991,0.0,94.74894345991991,1.0,191.25857786224432,0.0,24.476598740578687,23.076598740578685,24.047482483757477,22.647482483757475,24.476598740578687,23.076598740578685,24.047482483757477,22.647482483757475,94.24816244867232,0.0,0.0,0.0,0.0,0.0,94.24816244867232,0.0,2.4281713027224128,0.0,13,5.1603986939587525,13.22465710169442,8.064258407735668,2520.0,1884.9632489734463,1884.9632489734463,1884.9632489734463,2.4281713027224128,1.927390291474823,0.0,0.0,0.0,135.56942378107468,142.93701450790329,1.0,0.0,135.663461341649,113.75000000000001,109.44529914529917,112.14879588375871,0.0,0.0,844.1473533911121,1.0,112.14879588375871,1.0,452.0531204944836,165.56796924580067,0.0,54.78949335068242,2.782574231338744,54.78949335068242,,,,,,,,,,,,,,,,,,,,,,,,,,,,,,
0.11742961999699952,0.0008061139785931482,0.7470605679364472,8.076923076923078,0.0,1.0,0.0,0.42857142857142855,0.42857142857142855,23.333333333333336,0.0,0.0,13.018919529541726,0.0,121.95348743217427,0.0,1.0,0.0,0.0,0.0,0.0006530492588102183,0.0,0.001101601611384864,0.0,0.0,0.0,0.0,0.0,0.0,0.0005917392559003057,0.0,0.0009850257220606062,0.0,0.0,0.0,1.1799987987615168e-05,0.0,18.0,1.0,1.0,39.72479055906318,0.0,1.0,0.1273756404410633,1.0,1.0,36.0,80.4076430956733,205.7533620105545,125.34571891488122,0.0,0.0,,,,158.1024206618438,0.0,2.0,2.0,2.0,1.9993469507411896,2.0,1.998898398388615,2.0,2.0,2.0,2.0,2.0,2.0,1.9994082607440997,2.0,1.9990149742779393,2.0,2.0,2.0,2769.5348114784724,0.0,1.0,1121.1213464026002,1862.5008313010158,0.0,0.0,1.0,0.0,0.0,-560.7310039406225,0.0,560.7310039406225,0.0,0.0,0.0,0.0,0.0,0.0,0.0,0.0,11.549999999661054,10.99999999969473,15.682876997801081,14.869543664686944,53.10242066184381,407.4754396976624,387.02037148360137,173.3867864499834,165.12982888847145,234.088653247679,221.8905425951299,794.4958111812637,0.009409295329795203,0.008955025239061172,0.012109782353443342,0.01142922620668796,0.0,0.0,0.0,13.018919529541726,60.2,92.62426069371101,0.0,92.62426069371101,1.0,186.13897085887493,0.0,23.844978770491853,22.44497877049185,24.117542012033542,22.71754201203354,23.844978770491853,22.44497877049185,24.117542012033542,22.71754201203354,93.12504156505078,0.0,0.0,0.0,0.0,0.0,93.12504156505078,0.0,1.9273904313826362,0.0,14,5.009713491104885,13.223788172400901,8.214074681296015,2700.0,1862.5008313010158,1862.5008313010158,1862.5008313010158,1.9273904313826362,2.4281713027224128,0.0,0.0,0.0,142.02965810230953,144.58118669626114,1.0,0.0,141.69038891888317,113.75000000000001,98.47264957264959,112.14607367158521,0.0,0.0,560.7310039406225,1.0,112.14607367158521,1.0,452.9462524374529,178.04264178175828,0.0,53.33108843613229,2.7868876073204008,53.33108843613229,,,,,,,,,,,,,,,,,,,,,,,,,,,,,,
0.19428571428571434,0.0005596955132606274,0.795774694063925,5.416666666666668,0.0,0.0,1.0,0.5714285714285714,0.5714285714285714,14.583333333333336,0.0,0.0,15.321174634328848,0.0,118.22693807425458,0.0,1.0,0.0,0.0,0.0,0.0013060985179573154,0.0,0.0022032032263684786,0.0,0.0,0.0,0.0,0.0,0.0,0.00118347851210913,0.0,0.0019700514475595363,0.0,0.0,0.0,1.1399999493733048e-05,0.0,18.0,1.0,1.0,39.928840458022066,0.0,1.0,0.2522528014583262,1.0,1.0,36.0,85.56804183320307,218.9780191594635,133.40997732626045,0.0,0.0,,,,149.05121034499192,0.0,2.0,2.0,2.0,1.9986939014820426,2.0,1.9977967967736316,2.0,2.0,2.0,2.0,2.0,2.0,1.998816521487891,2.0,1.9980299485524402,2.0,2.0,2.0,2767.3566448819524,0.0,1.0,1124.1224396489765,1884.9632362848367,0.0,0.0,1.0,0.0,0.0,-844.1473360429322,0.0,844.1473360429322,0.0,0.0,0.0,0.0,0.0,0.0,0.0,0.0,5.775000000120244,5.500000000115321,7.841438505718001,7.434771839038328,26.551210344991894,409.5108704720999,389.0659386883414,173.11321354483255,164.8701711067003,236.3976569272673,224.1957675816411,798.5768091604413,0.01881859066221543,0.017910050480649642,0.024219564728904186,0.02285845243581277,0.0,13.251867550082132,0.018405371597336295,15.321174634328848,60.2,94.74894332456418,0.0,94.74894332456418,1.0,191.25857714713854,0.0,24.47659862664008,23.076598626640077,24.047482280480843,22.64748228048084,24.47659862664008,23.076598626640077,24.047482280480843,22.64748228048084,94.24816181424184,0.0,0.0,0.0,0.0,0.0,94.24816181424184,0.0,2.428171941704978,0.0,15,5.160398737529776,13.224657148908989,8.064258411379214,2880.0,1884.9632362848367,1884.9632362848367,1884.9632362848367,2.428171941704978,1.9273904313826362,0.0,0.0,0.0,135.56942583953162,142.9370146177625,1.0,0.0,135.66346276026746,113.75000000000001,109.44529914529917,112.1487968806276,0.0,0.0,844.1473360429322,1.0,112.1487968806276,1.0,452.0531199064168,165.56797072792966,0.0,54.78949318826713,2.7825742780455673,54.78949318826713,,,,,,,,,,,,,,,,,,,,,,,,,,,,,,
0.11742961999699952,0.0008061139804398931,0.7470605682934097,8.076923076923078,0.0,1.0,0.0,0.42857142857142855,0.42857142857142855,23.333333333333336,0.0,0.0,13.018919514250658,0.0,121.95348898159277,0.0,1.0,0.0,0.0,0.0,0.0006530492589872002,0.0,0.0011016016126541325,0.0,0.0,0.0,0.0,0.0,0.0,0.0005917392560623242,0.0,0.000985025723277349,0.0,0.0,0.0,1.610000617802143e-05,0.0,18.0,1.0,1.0,39.72479056218748,0.0,1.0,0.12737564050695158,1.0,1.0,36.0,90.57775532694721,232.20180733301703,141.62405200606983,0.0,0.0,,,,158.10242067639265,0.0,2.0,2.0,2.0,1.9993469507410129,2.0,1.9988983983873458,2.0,2.0,2.0,2.0,2.0,2.0,1.9994082607439378,2.0,1.9990149742767227,2.0,2.0,2.0,2769.5348148738185,0.0,1.0,1121.1213467628868,1862.5008429415045,0.0,0.0,1.0,0.0,0.0,-560.7310078656019,0.0,560.7310078656019,0.0,0.0,0.0,0.0,0.0,0.0,0.0,0.0,11.549999999952576,10.999999999954234,15.682877004909159,14.869543671576682,53.102420676392654,407.47543973008845,387.0203715136608,173.3867864563573,165.12982889442202,234.08865327373113,221.8905426192388,794.4958112437492,0.0094092953311763,0.008955025240390262,0.012109782361562668,0.011429226215013922,0.0,0.0,0.0,13.018919514250658,60.2,92.6242606366825,0.0,92.6242606366825,1.0,186.13897106967275,0.0,23.84497891361003,22.44497891361003,24.11754215992758,22.71754215992758,23.84497891361003,22.44497891361003,24.11754215992758,22.71754215992758,93.12504214707522,0.0,0.0,0.0,0.0,0.0,93.12504214707522,0.0,1.927390431312252,0.0,16,5.009713493744148,13.223788173553523,8.214074679809375,3060.0,1862.5008429415045,1862.5008429415045,1862.5008429415045,1.927390431312252,2.428171941704978,0.0,0.0,0.0,142.0296581228169,144.58118668851907,1.0,0.0,141.6903889384621,113.75000000000001,98.47264957264959,112.14607369863032,0.0,0.0,560.7310078656019,1.0,112.14607369863032,1.0,452.9462528436325,178.0426417860461,0.0,53.331088426407206,2.7868876054486713,53.331088426407206,,,,,,,,,,,,,,,,,,,,,,,,,,,,,,
0.19428571428571434,0.0005596955131423886,0.7957746941872738,5.416666666666668,0.0,0.0,1.0,0.5714285714285714,0.5714285714285714,14.583333333333336,0.0,0.0,15.321174633657478,0.0,118.22693806536711,0.0,1.0,0.0,0.0,0.0,0.001306098517967591,0.0,0.0022032032254554437,0.0,0.0,0.0,0.0,0.0,0.0,0.0011834785121184804,0.0,0.001970051446695659,0.0,0.0,0.0,1.0500007192604244e-05,0.0,18.0,1.0,1.0,39.928840455204835,0.0,1.0,0.2522528014250495,1.0,1.0,36.0,95.73815406402275,245.42646448200605,149.6883104179833,0.0,0.0,,,,149.05121033925008,0.0,2.0,2.0,2.0,1.9986939014820324,2.0,1.9977967967745447,2.0,2.0,2.0,2.0,2.0,2.0,1.9988165214878815,2.0,1.9980299485533044,2.0,2.0,2.0,2767.356644174875,0.0,1.0,1124.122439531972,1884.9632365031805,0.0,0.0,1.0,0.0,0.0,-844.1473362177949,0.0,844.1473362177949,0.0,0.0,0.0,0.0,0.0,0.0,0.0,0.0,5.774999999995899,5.499999999996149,7.841438502961681,7.4347718362963295,26.55121033925006,409.5108704438014,389.06593866029516,173.11321354363037,164.87017110556926,236.3976569001711,224.19576755472593,798.5768091040967,0.01881859066230064,0.017910050480730935,0.02421956472388429,0.022858452430795973,0.0,13.251867551854346,0.018405371599797705,15.321174633657478,60.2,94.748943335377,0.0,94.748943335377,1.0,191.2585771501398,0.0,24.476598629840634,23.076598629840632,24.047482282738883,22.647482282738885,24.476598629840634,23.076598629840632,24.047482282738883,22.647482282738885,94.24816182515903,0.0,0.0,0.0,0.0,0.0,94.24816182515903,0.0,2.4281719415302176,0.0,17,5.160398737075535,13.224657148988992,8.064258411913457,3240.0,1884.9632365031805,1884.9632365031805,1884.9632365031805,2.4281719415302176,1.927390431312252,0.0,0.0,0.0,135.56942583664858,142.93701461965532,1.0,0.0,135.66346275755953,113.75000000000001,109.44529914529917,112.14879689480605,0.0,0.0,844.1473362177949,1.0,112.14879689480605,1.0,452.05311992102065,165.56797072455032,0.0,54.78949320697518,2.782574277729578,54.78949320697518,,,,,,,,,,,,,,,,,,,,,,,,,,,,,,
0.11742961999699952,0.0008061139804552697,0.747060568336956,8.076923076923078,0.0,1.0,0.0,0.42857142857142855,0.42857142857142855,23.333333333333336,0.0,0.0,13.018919513814922,0.0,121.95348897637764,0.0,1.0,0.0,0.0,0.0,0.0006530492589839806,0.0,0.0011016016127188709,0.0,0.0,0.0,0.0,0.0,0.0,0.0005917392560593512,0.0,0.0009850257233391144,0.0,0.0,0.0,1.4500008546747267e-05,0.0,18.0,1.0,1.0,39.72479056272768,0.0,1.0,0.12737564051020278,1.0,1.0,36.0,100.7478675579019,258.6502526558377,157.90238509793576,0.0,0.0,,,,158.10242067864812,0.0,2.0,2.0,2.0,1.999346950741016,2.0,1.9988983983872812,2.0,2.0,2.0,2.0,2.0,2.0,1.9994082607439405,2.0,1.999014974276661,2.0,2.0,2.0,2769.5348149916726,0.0,1.0,1121.1213467878451,1862.5008430446558,0.0,0.0,1.0,0.0,0.0,-560.7310078132878,0.0,560.7310078132878,0.0,0.0,0.0,0.0,0.0,0.0,0.0,0.0,11.550000000001546,11.00000000000147,15.682877005989308,14.86954367265578,53.1024206786481,407.4754397355137,387.0203715190396,173.3867864563298,165.1298288943938,234.0886532791839,221.8905426246458,794.4958112545532,0.009409295331151786,0.008955025240366682,0.012109782361891773,0.011429226215345778,0.0,0.0,0.0,13.018919513814922,60.2,92.62426064201306,0.0,92.62426064201306,1.0,186.1389710693125,0.0,23.84497891503756,22.44497891503756,24.11754216107884,22.71754216107884,23.84497891503756,22.44497891503756,24.11754216107884,22.71754216107884,93.1250421522328,0.0,0.0,0.0,0.0,0.0,93.1250421522328,0.0,1.9273904313104784,0.0,18,5.009713493879145,13.223788173831599,8.214074679952454,3420.0,1862.5008430446558,1862.5008430446558,1862.5008430446558,1.9273904313104784,2.4281719415302176,0.0,0.0,0.0,142.02965812195737,144.5811866905956,1.0,0.0,141.69038893765838,113.75000000000001,98.47264957264959,112.14607370106384,0.0,0.0,560.7310078132878,1.0,112.14607370106384,1.0,452.94625283929463,178.04264178480662,0.0,53.3310884270833,2.7868876056521916,53.3310884270833,,,,,,,,,,,,,,,,,,,,,,,,,,,,,,
0.19428571428571434,0.0005596955131160208,0.7957746941774875,5.416666666666668,0.0,0.0,1.0,0.5714285714285714,0.5714285714285714,14.583333333333336,0.0,0.0,15.321174634023137,0.0,118.22693806484631,0.0,1.0,0.0,0.0,0.0,0.0013060985179686273,0.0,0.0022032032254464384,0.0,0.0,0.0,0.0,0.0,0.0,0.0011834785121193686,0.0,0.0019700514466865185,0.0,0.0,0.0,1.3199998647905886e-05,0.0,18.0,1.0,1.0,39.92884045509905,0.0,1.0,0.2522528014248632,1.0,1.0,36.0,105.90826629495602,271.87490980482005,165.96664350986404,0.0,0.0,,,,149.05121033926676,0.0,2.0,2.0,2.0,1.9986939014820315,2.0,1.9977967967745538,2.0,2.0,2.0,2.0,2.0,2.0,1.9988165214878808,2.0,1.9980299485533135,2.0,2.0,2.0,2767.35664418004,0.0,1.0,1124.1224395290428,1884.963236473894,0.0,0.0,1.0,0.0,0.0,-844.1473361779181,0.0,844.1473361779181,0.0,0.0,0.0,0.0,0.0,0.0,0.0,0.0,5.774999999999977,5.499999999999979,7.841438502966751,7.434771836300053,26.55121033926676,409.51087044275596,389.0659386592245,173.1132135436819,164.87017110561706,236.397656899074,224.19576755360742,798.5768091019804,0.018818590662308746,0.01791005048073846,0.024219564723843984,0.02285845243075209,0.0,13.25186755177608,0.018405371599689,15.321174634023137,60.2,94.74894333391711,0.0,94.74894333391711,1.0,191.25857714816266,0.0,24.476598629481366,23.076598629481364,24.04748228236599,22.64748228236599,24.476598629481366,23.076598629481364,24.04748228236599,22.64748228236599,94.24816182369472,0.0,0.0,0.0,0.0,0.0,94.24816182369472,0.0,2.428171941532887,0.0,19,5.160398737054125,13.224657148982391,8.064258411928266,3600.0,1884.963236473894,1884.963236473894,1884.963236473894,2.428171941532887,1.9273904313104784,0.0,0.0,0.0,135.5694258370444,142.937014620177,1.0,0.0,135.6634627579517,113.75000000000001,109.44529914529917,112.14879689455464,0.0,0.0,844.1473361779181,1.0,112.14879689455464,1.0,452.0531199182561,165.56797072530813,0.0,54.78949320655914,2.7825742777105313,54.78949320655914,,,,,,,,,,,,,,,,,,,,,,,,,,,,,,
0.11742961999699952,0.0008061139804488859,0.7470605683359899,8.076923076923078,0.0,1.0,0.0,0.42857142857142855,0.42857142857142855,23.333333333333336,0.0,0.0,13.018919513873902,0.0,121.95348897655838,0.0,1.0,0.0,0.0,0.0,0.0006530492589843013,0.0,0.0011016016127252239,0.0,0.0,0.0,0.0,0.0,0.0,0.0005917392560596966,0.0,0.0009850257233451959,0.0,0.0,0.0,2.010261099989293,0.0,18.0,1.0,1.0,39.724790562734064,0.0,1.0,0.1273756405104188,1.0,1.0,36.0,110.91797978883659,285.0986979786603,174.18071818982375,0.0,0.0,30.145649338472523,71.47072127760586,41.32507193913334,158.10242067856518,0.0,2.0,2.0,2.0,1.9993469507410155,2.0,1.9988983983872748,2.0,2.0,2.0,2.0,2.0,2.0,1.99940826074394,2.0,1.9990149742766548,2.0,2.0,2.0,2769.534814986805,0.0,1.0,1121.121346787706,1862.500843051146,0.0,0.0,1.0,0.0,0.0,-560.7310078255114,0.0,560.7310078255114,0.0,0.0,0.0,0.0,0.0,0.0,0.0,0.0,11.549999999999983,10.999999999999964,15.682877005949258,14.869543672615965,53.10242067856517,407.4754397355749,387.0203715191063,173.38678645631703,165.1298288943819,234.08865327925793,221.8905426247244,794.4958112546813,0.009409295331154378,0.008955025240369239,0.012109782361933585,0.011429226215387688,0.0,0.0,0.0,13.018919513873902,60.2,92.6242606423351,0.0,92.6242606423351,1.0,186.13897106984075,0.0,23.844978915121484,22.444978915121485,24.11754216115717,22.71754216115717,23.844978915121484,22.444978915121485,24.11754216115717,22.71754216115717,93.12504215255731,0.0,0.0,0.0,0.0,0.0,93.12504215255731,0.0,1.9273904313106875,0.0,20,5.009713493880571,13.223788173840266,8.214074679959696,3780.0,1862.500843051146,1862.500843051146,1862.5008430511464,1.9273904313106875,2.428171941532887,0.0,0.0,0.0,142.02965812207077,144.58118669070168,1.0,0.0,141.69038893777125,113.75000000000001,98.47264957264959,112.14607370109638,0.0,0.0,560.7310078255114,1.0,112.14607370109638,1.0,452.94625284005804,178.04264178497846,0.0,53.33108842724988,2.7868876056560983,53.33108842724988,10.0,160.0,1.0,0.0,360.0,1.0,0.0,0.0,0.0,0.0,0.0,-1.0,0.0,0.0,0.0,0.0,1.0,0.0,0.0,0.0,0.0,0.0,465.38477308044185,0.0,465.38477308044185,0.0,0.0,0.0,2.0096169999887934,465.38477308044185
0.18122203711522977,0.0007031866169198153,0.9314303695793303,13.3245462962963,0.0,1.0,0.0,0.0,0.0,36.73766025641025,0.0,0.0,37.546685532001455,0.0,148.57002935062636,0.0,1.0,0.0,0.0,0.0,0.004400862962544889,0.0,0.005884760557945746,0.0,0.0,0.0,0.0,0.0,0.0,0.00401633732580305,0.0,0.005269090479145626,0.0,0.0,0.0,2.6787871999986237,0.0,18.0,1.0,1.0,70.27635913482874,0.0,1.0,0.4100510883528616,1.0,1.0,36.0,120.33086957944664,306.74121728588136,186.41034770643475,0.0,0.0,46.04215047294541,105.83218870450347,59.79003823155806,302.4215484762633,0.0,2.0,2.0,2.0,1.995599137037455,2.0,1.9941152394420543,2.0,2.0,2.0,2.0,2.0,2.0,1.995983662674197,2.0,1.9947309095208543,2.0,2.0,2.0,3670.5258259164048,0.0,1.0,1913.6117935768557,3548.1714340361004,0.0,0.0,1.0,0.0,0.0,311.3172716521012,0.0,311.3172716521012,0.0,0.0,0.0,0.0,0.0,0.0,0.0,0.0,9.474027650145286,9.034376772031846,10.125452436968741,9.642018540194362,38.27587539934024,719.4595781105932,686.067604585982,339.5157972914284,323.87913801505454,379.9437808191647,362.1884665709275,1405.5271826965752,0.03215830095294387,0.030711982026125746,0.03769503812272898,0.035603951091664914,0.0,28.909038859865674,0.04015144286092455,37.546685532001455,146.88799999999998,180.5353159830152,0.0,180.5353159830152,1.0,286.85568489365824,0.0,46.47014587175528,43.493590316199715,45.21069553470278,42.234139979147244,46.47014587175528,43.493590316199715,45.21069553470278,42.234139979147244,177.40857170180502,0.0,0.0,0.0,0.0,0.0,177.40857170180502,0.0,5.0541347125209,0.0,21,9.412889790610055,21.642519307221058,12.229629516611,3960.0,3548.1714340361004,3548.1714340361004,3548.1714340361004,5.0541347125209,1.9273904313106875,0.0,0.0,0.0,236.2365190232997,196.50277964433133,1.0,0.0,237.3668260622658,277.55,236.9918952991453,202.80384771757699,0.0,0.0,311.3172716521012,1.0,202.80384771757699,1.0,714.9959933394292,311.6511718506775,0.0,96.166886617975,3.663379887606626,96.166886617975,10.0,160.0,1.0,0.0,379.0,1.0,0.0,0.0,0.0,0.0,0.0,-1.0,0.0,0.0,0.0,0.0,1.0,0.0,0.0,0.0,0.0,0.0,584.8412247055338,0.0,584.8412247055338,0.0,0.0,0.0,2.6781543000106467,584.8412247055338
0.10626825664202716,0.002644001778668248,0.8216337432205887,21.892735042735058,0.0,1.0,0.0,0.0,0.0,75.9212072649573,0.0,0.0,53.4507847909422,0.0,260.6899388172548,0.0,1.0,0.0,0.0,0.0,0.00898327653682708,0.0,0.007891228031882937,0.0,0.0,0.0,0.0,0.0,0.0,0.008233251173455327,0.0,0.007224565399161646,0.0,0.0,0.0,2.748081900004763,0.0,18.0,1.0,1.0,111.21520603324569,0.0,1.0,0.47197476278426753,1.0,1.0,36.0,136.09223448174123,343.3481148248478,207.2558803431066,0.0,0.0,58.94521175504681,137.1758528907414,78.23064113569458,482.9399995955243,0.0,2.0,2.0,2.0,1.991016723463173,2.0,1.992108771968117,2.0,2.0,2.0,2.0,2.0,2.0,1.9917667488265447,2.0,1.9927754346008382,2.0,2.0,2.0,6264.254456968381,0.0,1.0,3010.062110108606,5157.414470049897,0.0,0.0,1.0,0.0,0.0,804.554469098548,0.0,804.554469098548,0.0,0.0,0.0,0.0,0.0,0.0,0.0,0.0,30.94926704784516,29.594668041962912,38.274715060630356,36.55489645363292,135.37354660407135,1136.9362203953847,1087.3679002695294,522.5557646133863,499.8622955122998,614.3804557819982,587.5056047572295,2224.304120664914,0.039671778362376786,0.03776777964026918,0.03369169172699696,0.032079284497908984,0.0,3.079391872057755,0.004276933155635771,53.4507847909422,204.68,266.816588789974,0.0,266.816588789974,1.0,442.71227614059694,0.0,65.70561240126716,62.81227906793383,66.15613823886916,63.19669379442471,65.70561240126716,62.81227906793383,66.15613823886916,63.19669379442471,257.87072350249485,0.0,0.0,0.0,0.0,0.0,257.87072350249485,0.0,14.0,0.0,22,15.761364902294593,36.60689753896644,20.84553263667185,4140.0,5157.414470049897,5157.414470049897,5157.414470049897,14.0,5.0541347125209,0.0,0.0,0.0,378.43730426048023,327.0442369598475,1.0,0.0,381.57619879162235,386.75000000000006,320.7067948717949,310.64698060204194,0.0,0.0,804.554469098548,1.0,310.64698060204194,1.0,1146.2861210661076,510.9481908475219,0.0,143.1118561900271,6.361426354343366,143.1118561900271,10.0,160.0,1.0,0.0,380.0,1.0,0.0,0.0,0.0,0.0,0.0,-1.0,0.0,0.0,0.0,0.0,1.0,0.0,0.0,0.0,0.0,0.0,794.6713302732735,0.0,794.6713302732735,0.0,0.0,0.0,2.747702799999388,794.6713302732735
0.12355229374230314,0.005361911005267783,0.6906150072688024,18.56699074074074,0.0,1.0,0.0,0.0,0.0,59.872061965811994,0.0,0.0,91.49909717282273,0.0,342.83947208926435,0.0,1.0,0.0,0.0,0.0,0.02186197911168138,0.0,0.02156840745932774,0.0,0.0,0.0,0.0,0.0,0.0,0.01987333452878859,0.0,0.02026786270746493,0.0,0.0,0.0,2.6305271000019275,0.0,18.0,1.0,1.0,127.10945010943551,0.0,1.0,0.9838299934264294,1.0,1.0,36.0,156.72406333623653,390.86208243880577,234.13801910256925,3.0,0.0,67.13037169560326,157.24315233418292,90.11278063857968,486.9518682354011,0.0,2.0,2.0,2.0,1.9781380208883188,2.0,1.9784315925406721,2.0,2.0,2.0,2.0,2.0,2.0,1.9801266654712113,2.0,1.9797321372925352,2.0,2.0,2.0,7623.423757642173,0.0,0.9998839218477887,3444.9476830964672,5586.714175160891,0.0,0.0,1.0,0.0,0.0,-1183.8258696027442,0.0,1183.8258696027442,0.0,0.0,0.0,0.0,0.0,0.0,0.0,0.0,19.297956269474508,18.444332119086827,23.59788948125822,22.81254506643624,84.1527229362558,1295.3217031201095,1246.8672990686005,581.60547199498,555.2124543084726,713.7162311251296,691.6548447601278,2542.18900218871,0.0833881340065673,0.07923839841725261,0.0788472637354939,0.0762035879969807,0.0,45.879987229134954,0.06372220448490966,91.49909717282273,204.68,278.89529396560334,0.0,278.89529396560334,1.0,546.1431617155383,0.0,71.13243198929045,68.04072819066887,70.87460762237593,69.28794095570926,71.13243198929045,68.04072819066887,70.87460762237593,69.28794095570926,279.3357087580445,0.0,0.0,0.0,0.0,0.0,279.3357087580445,0.0,13.559585207558818,0.0,23,20.631828854495293,47.51396761395792,26.882138759462624,4320.0,5586.714175160891,5586.714175160891,5586.714175160891,13.559585207558818,14.0,0.0,0.0,0.0,414.82209891338124,419.13342088467584,1.0,0.0,413.4249885902787,386.75000000000006,363.0798290598291,339.9046911864725,0.0,0.0,1183.8258696027442,1.0,339.9046911864725,1.0,1379.833445747208,564.7961477289134,0.0,161.47000595122645,8.048213691238846,161.47000595122645,10.0,160.0,1.0,0.0,355.0,1.0,0.0,0.0,0.0,0.0,0.0,-1.0,0.0,0.0,0.0,0.0,1.0,0.0,0.0,0.0,0.0,0.0,892.5080940283735,0.0,892.5080940283735,0.0,0.0,0.0,2.6299571999988984,892.5080940283735
0.1139260817095028,0.0072281151857457315,0.7638785410233297,29.61068376068383,0.0,1.0,0.0,0.0,0.0,83.63915598290608,0.0,0.0,118.89476076397676,0.0,397.00999393368755,0.0,1.0,0.0,0.0,0.0,0.011335491669292696,0.0,0.007670016459495808,0.0,0.0,0.0,0.0,0.0,0.0,0.010254292637919597,0.0,0.0068952855373317756,0.0,0.0,0.0,2.684198100003414,0.0,18.0,1.0,1.0,128.70433803965858,0.0,1.0,0.5253886080027446,1.0,1.0,36.0,178.97264420625734,443.8780061025856,264.90536189632826,60.0,0.0,73.36300568118327,171.05641617002217,97.69341048883891,534.3197178504645,0.0,2.0,2.0,2.0,1.9886645083307073,2.0,1.9923299835405044,2.0,2.0,2.0,2.0,2.0,2.0,1.9897457073620803,2.0,1.9931047144626683,2.0,2.0,2.0,8067.105424303667,0.0,0.9926437340386407,3535.1699937269527,5632.541706676717,0.0,0.0,1.0,0.0,0.0,-980.547166506105,0.0,980.547166506105,0.0,0.0,0.0,0.0,0.0,0.0,0.0,0.0,38.95190254277766,37.19643777708982,48.539370129643444,46.649101418047586,171.3368118675585,1314.011092467702,1260.0756683254688,585.0223193407211,558.7591049459493,728.9887731269808,701.3165633795197,2574.086760793171,0.046547625888532784,0.043871560928021386,0.03334812199644327,0.031142459920664254,0.0,3.171937753121128,0.0044054691015571225,118.89476076397676,204.68,285.17861123738817,0.0,285.17861123738817,1.0,583.3470761757698,0.0,69.49437808247365,67.82608188109523,72.40666666666667,71.89995870360033,69.49437808247365,67.82608188109523,72.40666666666667,71.89995870360033,281.62708533383585,0.0,0.0,0.0,0.0,0.0,281.62708533383585,0.0,17.11111111111111,0.0,24,22.24858087002081,53.0159236637798,30.767342793758992,4500.0,5632.541706676717,5632.541706676717,5632.541706676718,17.11111111111111,13.559585207558818,0.0,0.0,0.0,445.4026906757861,453.232898191953,1.0,0.0,442.8404376785165,386.75000000000006,336.12324786324785,348.522173289885,0.0,0.0,980.547166506105,1.0,348.522173289885,1.0,1464.1902885501893,645.3743544253994,0.0,161.34745348510904,8.521352300489207,161.34745348510904,10.0,160.0,1.0,0.0,358.0,1.0,0.0,0.0,0.0,0.0,0.0,-1.0,0.0,0.0,0.0,0.0,1.0,0.0,0.0,0.0,0.0,0.0,866.086112280271,0.0,866.086112280271,0.0,0.0,0.0,2.6836108999996213,866.086112280271
0.10253159123765296,0.007915593874303462,0.6914608614036527,18.56699074074074,0.0,1.0,0.0,0.0,0.0,69.92334401709414,0.0,0.0,153.94811051759925,0.0,392.7344713592392,0.0,1.0,0.0,0.0,0.0,0.022758927310669308,0.0,0.01432591074620525,0.0,0.0,0.0,0.0,0.0,0.0,0.020245668072269463,0.0,0.014472864237270467,0.0,0.0,0.0,2.5687374000117416,0.0,18.0,1.0,1.0,130.14997999178854,0.0,1.0,0.8847544438466469,1.0,1.0,36.0,203.44559597685407,500.58827331815576,297.1426773413017,81.0,0.0,80.43640176904914,183.28990182611307,102.85350005706394,490.7256373632858,0.0,2.0,2.0,2.0,1.9772410726893308,2.0,1.9856740892537945,2.0,2.0,2.0,2.0,2.0,2.0,1.9797543319277306,2.0,1.9855271357627293,2.0,2.0,2.0,8216.926810288423,0.0,0.9750544805622405,3548.225094872584,5280.239958528838,0.0,0.0,1.0,0.0,0.0,-2205.0420049031236,0.0,2205.0420049031236,0.0,0.0,0.0,0.0,0.0,0.0,0.0,0.0,19.666510067145158,18.61405686374396,26.469027438267588,25.510231028317076,90.25982539747378,1324.3472597803159,1278.652340055455,591.7737527689242,558.3939995320344,732.5735070113917,720.2583405234204,2602.999599835771,0.08524219110789358,0.08007554782434655,0.05961834383125993,0.059967311929196326,0.0,43.15325460197726,0.05993507583607953,153.94811051759925,204.68,286.7402749059048,0.0,286.7402749059048,1.0,600.977737608442,0.0,60.0,71.78088681533076,60.0,72.2311111111111,60.0,71.78088681533076,60.0,72.2311111111111,264.0119979264419,0.0,0.0,0.0,0.0,0.0,264.0119979264419,0.0,39.83938809057408,0.0,25,24.472951770596726,56.710267215570184,32.23731544497346,4680.0,5280.239958528838,5280.239958528838,5874.684402973282,39.83938809057408,17.11111111111111,0.0,0.0,0.0,425.8889421275458,448.8702261452796,1.0,0.0,423.71797902303973,386.75000000000006,360.74649572649577,348.39826542725643,0.0,0.0,2205.0420049031236,1.0,348.39826542725643,1.0,1469.5447698923847,647.5894335577331,0.0,164.46026774814106,8.318441253390393,164.46026774814106,10.0,160.0,1.0,0.0,351.0,1.0,0.0,0.0,0.0,0.0,0.0,-1.0,0.0,0.0,0.0,0.0,1.0,0.0,0.0,0.0,0.0,0.0,854.1697888416596,0.0,854.1697888416596,0.0,0.0,0.0,2.5681920999923022,854.1697888416596
0.16285115072135675,0.009074460244175353,0.992941500917417,51.32863247863263,0.0,1.0,0.0,0.0,0.0,105.35710470085486,0.0,0.0,177.98656202265752,0.0,400.0928362013641,0.0,1.0,0.0,0.0,0.0,0.007721922364618081,0.0,0.005775952625433351,0.0,0.0,0.0,0.0,0.0,0.0,0.006817048171972385,0.0,0.007025338565769923,0.0,0.0,0.0,2.99826849999954,0.0,18.0,1.0,1.0,127.19261080595372,0.0,1.0,0.43188796674309393,1.0,1.0,36.0,229.6792689328923,561.524632694482,331.8453637615896,79.0,0.0,88.73749930868946,197.57749589110784,108.8399965824184,522.2169987852808,0.0,2.0,2.0,2.0,1.9922780776353821,2.0,1.9942240473745667,2.0,2.0,2.0,2.0,2.0,2.0,1.9931829518280277,2.0,1.99297466143423,2.0,2.0,2.0,7885.879965072443,0.0,0.9681399295957358,3425.0708635257365,4550.807234974655,0.0,0.0,1.0,0.0,0.0,-1280.0078602833273,0.0,1280.0078602833273,0.0,0.0,0.0,0.0,0.0,0.0,0.0,0.0,41.27860860199267,38.85336223911196,44.250017548697244,46.51877107923965,170.90075946904153,1269.906545061722,1273.9456710573515,594.5248994516678,560.2272107213038,675.3816456100541,713.7184603360479,2543.8522161190735,0.03478435453597031,0.0321663793444955,0.02731609407585336,0.03112952109527818,0.0,0.0,0.0,177.98656202265752,204.68,285.34005435159713,0.0,285.34005435159713,1.0,586.2173917994472,0.0,45.0,70.04036174873276,52.50000000000001,60.0,45.0,70.04036174873276,52.50000000000001,60.0,227.54036174873278,0.0,0.0,0.0,0.0,0.0,227.54036174873278,0.0,97.63908069343842,6.0,26,26.233672956038255,60.93635937632621,34.702686420287954,4860.0,4550.807234974655,4550.807234974655,5895.429457196878,97.63908069343842,39.83938809057408,0.0,0.0,0.0,450.24219623492894,457.68472663875554,1.0,0.0,441.14363575030393,386.75000000000006,329.12324786324785,336.2991414460424,0.0,0.0,1280.0078602833273,1.0,336.2991414460424,1.0,1456.858503220749,724.4873024738163,0.0,154.65494828916928,8.432821258175132,154.65494828916928,10.0,192.0,1.0,0.0,404.0,1.0,0.0,0.0,0.0,0.0,0.0,-1.0,0.0,0.0,0.0,0.0,1.0,0.0,0.0,0.0,0.0,0.0,861.5015709431001,0.0,861.5015709431001,0.0,0.0,0.0,2.9976857000001473,861.5015709431001
0.12032139304013423,0.009695873251890752,0.8797092603957531,35.20785612535622,0.0,1.0,0.0,0.0,0.0,86.97462606837617,0.0,0.0,203.379965171031,0.0,392.4935118347115,0.0,1.0,0.0,0.0,0.0,0.014746077662570313,0.0,0.013392404421084962,0.0,0.0,0.0,0.0,0.0,0.0,0.013587888148764783,0.0,0.01695936319210631,0.0,0.0,0.0,3.3543900000076974,0.0,18.0,1.0,1.0,129.71839095753074,0.0,1.0,0.7695258454288525,1.0,1.0,36.0,258.97565515375084,626.6196398900822,367.64398473633133,75.0,0.0,97.4746689092961,210.02507290719547,112.55040399789937,494.9125235364475,0.0,2.0,2.0,2.0,1.9852539223374295,2.0,1.986607595578915,2.0,2.0,2.0,2.0,2.0,2.0,1.9864121118512352,2.0,1.9830406368078937,2.0,2.0,2.0,7897.794045440013,0.0,0.9788375720096979,3463.3115030660465,4649.137839168695,0.0,0.0,1.0,0.0,0.0,-2420.6718277008076,0.0,2420.6718277008076,0.0,0.0,0.0,0.0,0.0,0.0,0.0,0.0,19.58850213897131,18.807935894664944,25.166022647200176,26.21758422313248,89.78004490396891,1289.618789825335,1304.7490293252797,587.5947250046497,566.1364221717687,702.0240648206852,738.612607153511,2594.3678191506147,0.0643456958954009,0.06156082398842536,0.05757820621725835,0.0639419810239359,0.0,39.26462490722178,0.05453420126003025,203.379965171031,204.68,300.01407669770845,0.0,300.01407669770845,1.0,615.946114921488,0.0,60.0,59.95689195843473,67.5,45.0,60.0,59.95689195843473,67.5,45.0,232.45689195843477,0.0,0.0,0.0,0.0,0.0,232.45689195843477,0.0,165.1962654327122,6.0,27,29.296386220858505,65.09500719560019,35.79862097474169,5040.0,4649.137839168695,4649.137839168695,5982.471172502028,165.1962654327122,97.63908069343842,0.0,0.0,0.0,424.77097067724486,448.95117735706185,1.0,0.0,422.83516760596274,386.75000000000006,360.74649572649577,348.7226028754744,0.0,0.0,2420.6718277008076,1.0,348.7226028754744,1.0,1484.3274992550478,713.1897588453699,0.0,162.0244020380708,8.16852086257545,162.0244020380708,10.0,208.0,1.0,0.0,462.0,1.0,0.0,0.0,0.0,0.0,0.0,-1.0,0.0,0.0,0.0,0.0,1.0,0.0,0.0,0.0,0.0,0.0,895.1958850656769,0.0,895.1958850656769,0.0,0.0,0.0,3.353816300004837,895.1958850656769
0.20887721078757182,0.011267278039827244,1.2020192467963158,68.37991452991456,0.0,1.0,0.0,0.0,0.0,122.40838675213679,0.0,0.0,227.22528703527723,0.0,397.14465518347987,0.0,1.0,0.0,0.0,0.0,0.007503718317021951,0.0,0.006380846335325257,0.0,0.0,0.0,0.0,0.0,0.0,0.006861253122277613,0.0,0.005355516248531367,0.0,0.0,0.0,3.364242399999057,0.0,18.0,1.0,1.0,123.71461580119387,0.0,1.0,0.41371863743317905,1.0,1.0,36.0,291.3374662932413,696.7378315665815,405.4003652733401,81.0,0.0,107.9199216959901,225.24362776027888,117.32370606428879,514.456752144036,0.0,2.0,2.0,2.0,1.9924962816829779,2.0,1.9936191536646746,2.0,2.0,2.0,2.0,2.0,2.0,1.9931387468777224,2.0,1.9946444837514687,2.0,2.0,2.0,7620.868901946784,0.0,0.9762244746316733,3347.1158935988533,4200.0,0.0,0.0,1.0,0.0,0.0,-1418.1439246764148,0.0,1418.1439246764148,0.0,0.0,0.0,0.0,0.0,0.0,0.0,0.0,39.358219978805316,37.723375365646035,43.20203582045121,42.85688166289428,163.14051282779684,1258.1472941946802,1216.1450218291984,591.6339107616827,564.9781769796825,666.5133834329974,651.1668448495158,2474.2923160238784,0.033597430635677696,0.031800102509329235,0.02912537070289299,0.02593448148832525,0.0,0.0,0.0,227.22528703527723,204.68,285.31552988860943,0.0,285.31552988860943,1.0,585.3639483778568,0.0,45.0,45.0,67.5,52.50000000000001,45.0,45.0,67.5,52.50000000000001,210.00000000000003,0.0,0.0,0.0,0.0,0.0,210.00000000000003,0.0,240.51179532132144,2.0,28,32.36181113949047,70.1181916764993,37.756380537008816,5220.0,4200.0,4200.0,6000.0,240.51179532132144,165.1962654327122,0.0,0.0,0.0,443.1354426207914,453.3027274922328,1.0,0.0,435.66641281366657,386.75000000000006,329.12324786324785,330.62970543650346,0.0,0.0,1418.1439246764148,1.0,330.62970543650346,1.0,1444.6109857309082,785.3000866010807,0.0,151.57074896478116,8.290586836125058,151.57074896478116,10.0,216.0,1.0,0.0,439.0,1.0,0.0,0.0,0.0,0.0,0.0,-1.0,0.0,0.0,0.0,0.0,1.0,0.0,0.0,0.0,0.0,0.0,960.0822713766099,0.0,960.0822713766099,0.0,0.0,0.0,3.363658899994334,960.0822713766099
0.16157645566691559,0.012330860681640632,1.1495898466412415,52.25913817663814,0.0,1.0,0.0,0.0,0.0,104.02590811965808,0.0,0.0,251.70294925960144,0.0,387.9560337339963,0.0,1.0,0.0,0.0,0.0,0.014987196211103856,0.0,0.010262947013598608,0.0,0.0,0.0,0.0,0.0,0.0,0.013499752605319573,0.0,0.011110186222303333,0.0,0.0,0.0,3.391857299997355,0.0,18.0,1.0,1.0,120.31310697175391,0.0,1.0,0.7075117611897972,1.0,1.0,36.0,327.6071135056526,771.8029846601734,444.1958711545208,79.0,0.0,117.30083396561297,240.0905834733092,122.78974950769626,489.49094138215884,0.0,2.0,2.0,2.0,1.9850128037888963,2.0,1.9897370529864016,2.0,2.0,2.0,2.0,2.0,2.0,1.9865002473946802,2.0,1.9888898137776967,2.0,2.0,2.0,7735.809975253688,0.0,0.9814968068781683,3299.98868139877,4200.0,0.0,0.0,1.0,0.0,0.0,-2481.30208536003,0.0,2481.30208536003,0.0,0.0,0.0,0.0,0.0,0.0,0.0,0.0,19.79990602803629,18.775916370492215,22.786045654466886,22.9965946966848,84.35846274968019,1216.1970026030115,1190.0651368320666,593.4450193695193,562.0513917888343,622.7519832334922,628.0137450432326,2406.262139435078,0.06488462380756749,0.061349970012246596,0.049300784212439025,0.05186020354323634,0.0,36.447770206925036,0.05062190306517366,251.70294925960144,204.68,299.852707530535,0.0,299.852707530535,1.0,613.5560456501603,0.0,30.0,45.0,75.0,60.0,30.0,45.0,75.0,60.0,210.00000000000003,0.0,0.0,0.0,0.0,0.0,210.00000000000003,0.0,330.3645028518563,2.0,29,36.269647212411314,75.06515309359196,38.79550588118064,5400.0,4200.0,4200.0,6000.0,330.3645028518563,240.51179532132144,0.0,0.0,0.0,419.00292436257314,442.90889123883494,1.0,0.0,417.55095070697445,386.75000000000006,360.74649572649577,348.613660952509,0.0,0.0,2481.30208536003,1.0,348.613660952509,1.0,1472.9246178960882,773.279808086234,0.0,162.00519681939764,8.071904687288427,162.00519681939764,10.0,230.0,1.0,0.0,465.0,1.0,0.0,0.0,0.0,0.0,0.0,-1.0,0.0,0.0,0.0,0.0,1.0,0.0,0.0,0.0,0.0,0.0,1042.5728621008961,0.0,1042.5728621008961,0.0,0.0,0.0,3.3912623999931384,1042.5728621008961
0.22326075670580653,0.012688191780530045,1.2810548192340543,73.76452991452989,0.0,1.0,0.0,0.0,0.0,127.79300213675211,0.0,0.0,278.810874440887,0.0,388.67014836865053,0.0,1.0,0.0,0.0,0.0,0.011414916179125403,0.0,0.005168281163118133,0.0,0.0,0.0,0.0,0.0,0.0,0.010442983104497107,0.0,0.004617880016194429,0.0,0.0,0.0,3.23735399999714,0.0,18.0,1.0,1.0,119.24250144476898,0.0,1.0,0.46662322845348486,1.0,1.0,36.0,367.040083114926,851.8981000081643,484.8580168932383,77.0,0.0,124.39693694593146,254.81189781016164,130.41496086423018,515.7704053111626,0.0,2.0,2.0,2.0,1.9885850838208745,2.0,1.994831718836882,2.0,2.0,2.0,2.0,2.0,2.0,1.9895570168955028,2.0,1.9953821199838058,2.0,2.0,2.0,7780.150831407788,0.0,0.9755494388908931,3303.755813742318,4500.0,0.0,0.0,1.0,0.0,0.0,-1339.003963471163,0.0,1339.003963471163,0.0,0.0,0.0,0.0,0.0,0.0,0.0,0.0,37.65068847571938,35.82529431577274,38.86877720422106,40.44273933254346,152.78749932825664,1197.0335333491623,1187.8164955462169,588.0906529522371,560.7108660498142,608.9428803969254,627.1056294964025,2384.850028895379,0.04618752998925188,0.04374726591158027,0.025210932572048643,0.02325873653154346,0.0,3.1895517680054297,0.0044299330111186525,278.810874440887,204.68,286.9813621017359,0.0,286.9813621017359,1.0,582.7206034847208,0.0,37.5,45.0,75.0,67.5,37.5,45.0,75.0,67.5,225.0,0.0,0.0,0.0,0.0,0.0,225.0,0.0,392.3458649535926,4.0,30,39.43296960927341,80.09511534799091,40.662145738717506,5580.0,4500.0,4500.0,6000.0,392.3458649535926,330.3645028518563,0.0,0.0,0.0,438.5605908804813,446.5681545716826,1.0,0.0,435.2419203664684,386.75000000000006,336.12324786324785,333.62495938812714,0.0,0.0,1339.003963471163,1.0,333.62495938812714,1.0,1433.779078687209,841.8457969441076,0.0,152.55640787233975,8.214236196624775,152.55640787233975,10.0,208.0,1.0,0.0,428.0,1.0,0.0,0.0,0.0,0.0,0.0,-1.0,0.0,0.0,0.0,0.0,1.0,0.0,0.0,0.0,0.0,0.0,1141.6731250079954,0.0,1141.6731250079954,0.0,0.0,0.0,3.2367201000015484,1141.6731250079954
0.18356970233093917,0.02075221325665927,1.2407766047072182,60.44175214860823,0.0,1.0,0.0,0.0,0.0,112.20852209162817,0.0,0.0,345.53916705963786,0.0,384.4237283787566,0.0,1.0,0.0,0.0,0.0,0.022651720113290814,0.0,0.009231676998669162,0.0,0.0,0.0,0.0,0.0,0.0,0.0204988194364928,0.0,0.010937462995217572,0.0,0.0,0.0,3.0959884000039892,0.0,18.0,1.0,1.0,120.4810245652597,0.0,1.0,0.8171297558156289,1.0,1.0,36.0,408.9860196540351,936.7029863355743,527.7169666815392,75.0,0.0,128.36411023555414,268.55535472099604,140.1912444854419,486.35810646218283,0.0,2.0,2.0,2.0,1.9773482798867095,2.0,1.9907683230013309,2.0,2.0,2.0,2.0,2.0,2.0,1.9795011805635072,2.0,1.9890625370047823,2.0,2.0,2.0,8019.547917273149,0.0,0.973584564472928,3381.4927277229344,4650.0,0.0,0.0,1.0,0.0,0.0,-1484.195111800509,0.0,1484.195111800509,0.0,0.0,0.0,0.0,0.0,0.0,0.0,0.0,19.57625167092233,18.669846167495574,22.586669064386278,23.190859514254647,84.02362641705882,1215.0331476971314,1194.5873436080624,588.6751714361139,559.9693444894796,626.3579762610176,634.6179991185827,2409.6204913051934,0.08502858721594746,0.08063497086946257,0.04625952109375422,0.051404096039593845,0.0,39.865781691288134,0.05536914123790019,345.53916705963786,204.68,304.79911897328515,52.558158234207255,252.24096073907793,1.0,560.5678620522083,0.0,37.5,52.50000000000001,67.5,75.0,37.5,52.50000000000001,67.5,75.0,232.50000000000003,0.0,0.0,0.0,0.0,0.0,232.50000000000003,0.0,412.0868256926712,5.0,31,41.945936539109056,84.80488632740996,42.858949788300905,5760.0,4650.0,4650.0,6000.0,412.0868256926712,392.3458649535925,0.0,0.0,0.0,424.3955198883593,443.6761534541252,1.0,0.0,422.8870450920709,386.75000000000006,363.0798290598291,351.22903375894896,0.0,0.0,1484.195111800509,1.0,351.22903375894896,1.0,1423.051952466453,880.634734243337,0.0,167.80004378694122,8.26190689491174,167.80004378694122,10.0,213.0,1.0,0.0,420.0,1.0,0.0,0.0,0.0,0.0,0.0,-1.0,0.0,0.0,0.0,0.0,1.0,0.0,0.0,0.0,0.0,0.0,1209.3821074884006,0.0,1209.3821074884006,0.0,0.0,0.0,3.095370600000024,1209.3821074884006
0.2024769467985021,0.03095868406134633,1.2328399959194951,66.41234339245744,0.0,1.0,0.0,0.0,0.0,120.82970450356858,0.0,0.0,407.2576771429953,0.0,396.2771320491349,0.0,1.0,0.0,0.0,0.0,0.017037522051829165,0.0,0.005350430193457896,0.0,0.0,0.0,0.0,0.0,0.0,0.015715013488421834,0.0,0.0053480109850667645,0.0,0.0,0.0,3.129639499995392,0.0,18.0,1.0,1.0,121.35335992264906,0.0,1.0,0.582042902443548,1.0,1.0,36.0,451.6341052691447,1026.1856182713523,574.5515130022075,76.0,0.0,131.718965308818,282.66028166292745,150.94131635410946,532.5591659634828,0.0,2.0,2.0,2.0,1.982962477948171,2.0,1.994649569806542,2.0,2.0,2.0,2.0,2.0,2.0,1.984284986511578,2.0,1.9946519890149332,2.0,2.0,2.0,8066.2504241254255,0.0,0.9834298182779053,3359.9444432589335,4500.0,0.0,0.0,1.0,0.0,0.0,-498.02684655005214,0.0,498.02684655005214,0.0,0.0,0.0,0.0,0.0,0.0,0.0,0.0,37.59091640467553,35.91863258071258,40.49976656388763,40.42103282614735,154.4303483754231,1226.3542206250868,1200.712977827895,587.5857597208288,563.5869276128038,638.768460904258,637.126050215091,2427.0671984529818,0.06333734987311113,0.06028001706245015,0.025862932847700443,0.026011378648626723,0.0,6.425873552433778,0.008924824378380247,407.2576771429953,204.68,298.75823009381315,44.02223920692531,254.73599088688786,1.0,557.4605082909853,0.0,45.0,37.5,67.5,75.0,45.0,37.5,67.5,75.0,225.0,0.0,0.0,0.0,0.0,0.0,225.0,0.0,441.82281657955934,2.0,32,42.648085615109636,89.48263193577782,46.83454632066819,5940.0,4500.0,4500.0,6000.0,441.82281657955934,412.0868256926712,0.0,0.0,0.0,451.9242808712487,455.0489325888739,1.0,0.0,447.3945780361768,386.75000000000006,349.734358974359,355.00894919795985,0.0,0.0,498.02684655005214,1.0,355.00894919795985,1.0,1441.1567560114265,975.4819596827407,0.0,163.68163511535462,8.585055060028012,163.68163511535462,10.0,212.0,1.0,0.0,419.0,1.0,0.0,0.0,0.0,0.0,0.0,-1.0,0.0,0.0,0.0,0.0,1.0,0.0,0.0,0.0,0.0,0.0,1233.8624518690956,0.0,1233.8624518690956,0.0,0.0,0.0,3.1290569999982836,1233.8624518690956
0.0972457049241793,0.032687161224869477,0.9843934347686105,53.780750381114196,0.0,1.0,0.0,0.0,0.0,126.25805425488137,0.0,0.0,466.48952264499627,0.0,383.4619513314761,0.0,1.0,0.0,0.0,0.0,0.032530656306074275,0.0,0.012381439147255004,0.0,0.0,0.0,0.0,0.0,0.0,0.02958669351669025,0.0,0.010330463338730778,0.0,0.0,0.0,3.152112700001453,0.0,18.0,1.0,1.0,121.73569271312874,0.0,1.0,0.9677993461860402,1.0,1.0,36.0,496.1327487929052,1120.3810898943864,624.2483411014812,76.0,0.0,136.39782103913058,296.9842897019156,160.586468662785,464.8283517916289,0.0,2.0,2.0,2.0,1.9674693436939255,2.0,1.987618560852745,2.0,2.0,2.0,2.0,2.0,2.0,1.9704133064833098,2.0,1.9896695366612691,2.0,2.0,2.0,7902.18818253888,0.0,0.9847461552724268,3359.7514634651584,4650.0,0.0,0.0,1.0,0.0,0.0,-1885.2133965262728,0.0,1885.2133965262728,0.0,0.0,0.0,0.0,0.0,0.0,0.0,0.0,19.5116096727517,18.700167363027752,23.35643636029848,21.938488146863747,83.50670154294168,1254.7861867186284,1179.927667543946,586.4774680818767,559.9610680107166,668.3087186367517,619.9665995332294,2434.7138542625744,0.10746024329233099,0.10191206339343738,0.054722585883964434,0.048906457886898416,0.0,44.46312395564167,0.0617543388272801,466.48952264499627,204.68,286.3311748550513,33.53871866561802,252.7924561894333,1.0,559.0890216179425,0.0,52.50000000000001,45.0,67.5,67.5,52.50000000000001,45.0,67.5,67.5,232.50000000000003,0.0,0.0,0.0,0.0,0.0,232.50000000000003,0.0,462.1152727689924,2.0,33,44.49864352376048,94.19547162303424,49.69682809927376,6120.0,4650.0,4650.0,6000.0,462.1152727689924,441.82281657955934,0.0,0.0,0.0,424.55901101367454,446.69146757266867,1.0,0.0,421.4166768048994,386.75000000000006,342.7581840179708,332.461873852463,0.0,0.0,1885.2133965262728,1.0,332.461873852463,1.0,1386.1821279137891,1014.164253704777,0.0,167.78916414501685,8.545191537725287,167.78916414501685,10.0,200.0,1.0,0.0,431.0,1.0,0.0,0.0,0.0,0.0,0.0,-1.0,0.0,0.0,0.0,0.0,1.0,0.0,0.0,0.0,0.0,0.0,1249.4129857859512,0.0,1249.4129857859512,0.0,0.0,0.0,3.1517835999984527,1249.4129857859512
0.09773713465941958,0.04318824919838393,0.9908355504437514,55.2974844725609,0.0,1.0,0.0,0.0,0.0,168.55711028365013,0.0,0.0,513.6797315224483,0.0,391.6893498286938,0.0,1.0,0.0,0.0,0.0,0.017938385059650078,0.0,0.004692160755933249,0.0,0.0,0.0,0.0,0.0,0.0,0.015654594159545548,0.0,0.005254585230921914,0.0,0.0,0.0,3.099538099995698,0.0,18.0,1.0,1.0,121.01347587236639,0.0,1.0,0.5909180331308461,1.0,1.0,36.0,541.0231292975222,1219.3132172487449,678.2900879512226,74.0,0.0,135.0547060590892,311.4190209517114,176.3643148926222,503.72205580840495,0.0,2.0,2.0,2.0,1.98206161494035,2.0,1.9953078392440666,2.0,2.0,2.0,2.0,2.0,2.0,1.9843454058404544,2.0,1.9947454147690782,2.0,2.0,2.0,8065.068505011303,0.0,0.9707608027018346,3372.3688931931542,4650.0,0.0,0.0,1.0,0.0,0.0,-761.1722088152383,0.0,761.1722088152383,0.0,0.0,0.0,0.0,0.0,0.0,0.0,0.0,39.33198670815946,37.36778868983788,42.45125231043684,40.12008412873953,159.27111183717372,1239.195275587943,1181.0742418593845,591.9439913335871,560.6352579683881,647.2512842543558,620.4389838909965,2420.2695174473274,0.06620696251281108,0.06082233671132794,0.024912842477847922,0.025614532904103645,0.0,6.462475392603174,0.00897566026750441,513.6797315224483,204.68,299.91274080584617,54.623834067502536,245.28890673834366,1.0,541.7806662491669,0.0,37.5,45.0,75.0,75.0,37.5,45.0,75.0,75.0,232.50000000000003,0.0,0.0,0.0,0.0,0.0,232.50000000000003,0.0,474.9041795073365,7.0,34,44.89038050461702,98.93212735435849,54.041746849741465,6300.0,4650.0,4650.0,6000.0,474.9041795073365,462.1152727689924,0.0,0.0,0.0,450.9607834504049,451.1928123492859,1.0,0.0,445.65026716881744,386.75000000000006,316.4359615384615,329.03911256480194,0.0,0.0,761.1722088152383,1.0,329.03911256480194,1.0,1382.3414135171042,1127.887108974916,0.0,155.31093946024626,8.507866234553301,155.31093946024626,10.0,208.0,1.0,0.0,418.0,1.0,0.0,0.0,0.0,0.0,0.0,-1.0,0.0,0.0,0.0,0.0,1.0,0.0,0.0,0.0,0.0,0.0,1299.316990461022,0.0,1299.316990461022,0.0,0.0,0.0,3.0989639000035822,1299.316990461022
0.0979523823202649,0.04891254250322774,1.0731544325292102,60.91766505524616,0.0,1.0,0.0,0.0,0.0,190.75928898090373,0.0,0.0,572.8856635908412,0.0,374.0460027219169,0.0,1.0,0.0,0.0,0.0,0.03300452659133172,0.0,0.010150226830862566,0.0,0.0,0.0,0.0,0.0,0.0,0.0294324062019984,0.0,0.01144512481816922,0.0,0.0,0.0,2.973590300010983,0.0,18.0,1.0,1.0,121.34364916990897,0.0,1.0,0.9598472580536715,1.0,1.0,36.0,586.4772449416488,1322.924799345681,736.4475544040322,78.0,0.0,136.71378164896572,326.8355821984588,190.12180054949306,448.5968257949107,0.0,2.0,2.0,2.0,1.9669954734086683,2.0,1.9898497731691376,2.0,2.0,2.0,2.0,2.0,2.0,1.9705675937980014,2.0,1.9885548751818307,2.0,2.0,2.0,7762.180510746756,0.0,0.9871638481215506,3330.0371957461666,4650.0,0.0,0.0,1.0,0.0,0.0,-1678.2264397154686,0.0,1678.2264397154686,0.0,0.0,0.0,0.0,0.0,0.0,0.0,0.0,19.76121335025242,18.627776952271233,22.317607009176623,23.34240718046413,84.0490044921644,1209.1142587645281,1217.7587246336511,590.6984172003589,559.9224391864537,618.4158415641692,657.8362854471975,2426.8729833981793,0.10823684431121511,0.10157787442583904,0.04855281486492672,0.05200931853650211,0.0,43.50309734478329,0.06042096853442124,572.8856635908412,204.68,310.66338470502916,75.38534199014339,235.27804271488577,1.0,532.5081477806842,0.0,37.5,52.50000000000001,67.5,75.0,37.5,52.50000000000001,67.5,75.0,232.50000000000003,0.0,0.0,0.0,0.0,0.0,232.50000000000003,0.0,477.6822222222225,1.0,35,45.45411564412651,103.61158209693605,58.15746645280954,6480.0,4650.0,4650.0,6000.0,477.6822222222225,474.9041795073365,0.0,0.0,0.0,432.0516481580224,449.6284634253732,1.0,0.0,430.3971154585362,386.75000000000006,326.3927564102564,321.69525269154207,0.0,0.0,1678.2264397154686,1.0,321.69525269154207,1.0,1322.3126598038257,1194.042068030281,0.0,162.22728738262728,8.131786637757042,162.22728738262728,10.0,204.0,1.0,0.0,415.0,1.0,0.0,0.0,0.0,0.0,0.0,-1.0,0.0,0.0,0.0,0.0,1.0,0.0,0.0,0.0,0.0,0.0,1301.8320649056702,0.0,1301.8320649056702,0.0,0.0,0.0,2.9730009000049904,1301.8320649056702
0.13070385472616702,0.05113507889975871,1.184441377294395,77.26840306353526,0.0,1.0,0.0,0.0,0.0,238.0428070448905,0.0,0.0,621.7703310291729,0.0,379.8260564326523,0.0,1.0,0.0,0.0,0.0,0.017123460448493357,0.0,0.005605204870846727,0.0,0.0,0.0,0.0,0.0,0.0,0.0155075576660288,0.0,0.0069046453754288105,0.0,0.0,0.0,2.98647560000245,0.0,18.0,1.0,1.0,122.66421435291112,0.0,1.0,0.6022869135683672,1.0,1.0,36.0,631.9919733644007,1431.8238780210095,799.8319046566089,68.0,0.0,138.19956601887822,342.59759959338754,204.39803357450933,498.59409322816634,0.0,2.0,2.0,2.0,1.9828765395515064,2.0,1.9943947951291534,2.0,2.0,2.0,2.0,2.0,2.0,1.984492442333971,2.0,1.9930953546245713,2.0,2.0,2.0,8114.332205465421,0.0,0.9727279375853599,3424.953736769661,4650.0,0.0,0.0,1.0,0.0,0.0,-528.886615151041,0.0,528.886615151041,0.0,0.0,0.0,0.0,0.0,0.0,0.0,0.0,39.19005218345247,37.3176337801852,40.59612245418867,42.02380287432706,159.1276112921534,1232.3693102338782,1220.914976824343,586.9621809002651,560.1225319077184,645.4071293336132,660.7924449166245,2453.2842870582213,0.06439269462900292,0.06055946931072679,0.02586374138737257,0.03037411353735142,0.0,6.428392755396644,0.008928323271384228,621.7703310291729,204.68,315.36634791780915,74.68190347336432,240.68444444444484,1.0,525.0384239857184,0.0,45.0,52.50000000000001,67.5,67.5,45.0,52.50000000000001,67.5,67.5,232.50000000000003,0.0,0.0,0.0,0.0,0.0,232.50000000000003,0.0,485.8666666666669,4.0,36,45.51472842275186,108.89907867532864,63.38435025257677,6660.0,4650.0,4650.0,6000.0,485.8666666666669,477.6822222222225,0.0,0.0,0.0,467.4832085133961,464.31926292237324,1.0,0.0,464.2760403712762,386.75000000000006,311.72068376068376,320.88706618661064,0.0,0.0,528.886615151041,1.0,320.88706618661064,1.0,1339.4173754334195,1324.0891784453397,0.0,148.93087274399215,8.067619418874951,148.93087274399215,10.0,200.0,1.0,0.0,410.0,1.0,0.0,0.0,0.0,0.0,0.0,-1.0,0.0,0.0,0.0,0.0,1.0,0.0,0.0,0.0,0.0,0.0,1350.8497916389276,0.0,1350.8497916389276,0.0,0.0,0.0,2.985899300008896,1350.8497916389276
0.1489872431007408,0.053012856267127595,1.3559075252197479,103.32044283302362,0.0,1.0,0.0,0.0,0.0,259.62755527840704,0.0,0.0,689.7768353181153,0.0,371.56348742565376,0.0,1.0,0.0,0.0,0.0,0.03275004516766453,0.0,0.011029368070724866,0.0,0.0,0.0,0.0,0.0,0.0,0.029832223893574563,0.0,0.011449642661658377,0.0,0.0,0.0,3.105181500010076,0.0,18.0,1.0,1.0,121.1759466665371,0.0,1.0,0.9726335701315107,1.0,1.0,36.0,677.8723205922073,1545.9269867123717,868.0546661201643,77.0,0.0,137.01527417086774,358.8246405630408,221.80936639217305,449.21886515537074,0.0,2.0,2.0,2.0,1.9672499548323354,2.0,1.988970631929275,2.0,2.0,2.0,2.0,2.0,2.0,1.9701677761064254,2.0,1.9885503573383414,2.0,2.0,2.0,7915.658688955913,0.0,0.9888819872799677,3353.045619210928,4500.0,0.0,0.0,1.0,0.0,0.0,-1438.6576524687225,0.0,1438.6576524687225,0.0,0.0,0.0,0.0,0.0,0.0,0.0,0.0,19.69307398693669,18.810829852237585,22.641306498033945,22.908403051679148,84.05361338888737,1219.9163086199628,1203.6026247107784,590.5618120745211,563.2083400776951,629.3544965454416,640.3942846330833,2423.518933330741,0.10777253567170203,0.10238819660670494,0.051767120633891495,0.05255192709027803,0.0,43.77093832075384,0.06079296988993589,689.7768353181153,204.68,331.16164506646356,104.91775617757497,226.2438888888886,1.0,521.1517477788069,0.0,37.5,45.0,75.0,67.5,37.5,45.0,75.0,67.5,225.0,0.0,0.0,0.0,0.0,0.0,225.0,0.0,487.1105555555557,1.0,37,45.880347227806666,114.10310869136205,68.22276146355539,6840.0,4500.0,4500.0,6000.0,487.1105555555557,485.8666666666669,0.0,0.0,0.0,454.10173536955034,469.85018339505456,1.0,0.0,452.3610249231653,386.75000000000006,326.44136752136757,320.58360176671215,0.0,0.0,1438.6576524687225,1.0,320.58360176671215,1.0,1307.2633093914058,1401.7654155196878,0.0,161.1892812070521,8.04890037268855,161.1892812070521,10.0,208.0,1.0,0.0,439.0,1.0,0.0,0.0,0.0,0.0,0.0,-1.0,0.0,0.0,0.0,0.0,1.0,0.0,0.0,0.0,0.0,0.0,1375.8747776272473,0.0,1375.8747776272473,0.0,0.0,0.0,3.1046156999946106,1375.8747776272473
0.1715362658513488,0.05740048146903082,1.4077805058206714,117.26488727746784,0.0,1.0,0.0,0.0,0.0,307.435414213035,0.0,0.0,745.4965315337317,0.0,378.00285710600406,0.0,1.0,0.0,0.0,0.0,0.01742688355099696,0.0,0.004695335774391111,0.0,0.0,0.0,0.0,0.0,0.0,0.01551211599105874,0.0,0.0052873777662843825,0.0,0.0,0.0,2.998790800003917,0.0,18.0,1.0,1.0,120.8907225196659,0.0,1.0,0.5835224469543706,1.0,1.0,36.0,723.4814687973026,1665.5624720921512,942.0810032948486,74.0,0.0,137.3585517198894,374.76248822303273,237.4039365031433,496.96352900712816,0.0,2.0,2.0,2.0,1.9825731164490028,2.0,1.995304664225609,2.0,2.0,2.0,2.0,2.0,2.0,1.9844878840089413,2.0,1.9947126222337157,2.0,2.0,2.0,8106.319033041208,0.0,0.9829669266161711,3377.21065439274,4650.0,0.0,0.0,1.0,0.0,0.0,-377.17673047750213,0.0,377.17673047750213,0.0,0.0,0.0,0.0,0.0,0.0,0.0,0.0,39.281898601753866,37.344941635702014,40.117078484711215,41.27746921958917,158.02138794175627,1214.336635619175,1203.4778147741429,589.0507295040463,559.1038970305812,625.2859061151287,644.373917743562,2417.814450393318,0.06500341729516163,0.0605496918738143,0.024032686621851054,0.025714342284475056,0.0,6.399954299822724,0.00888882541642045,745.4965315337317,204.68,320.11819314414964,87.14208203303852,232.97611111111115,1.0,515.8223655310032,0.0,37.5,52.50000000000001,67.5,75.0,37.5,52.50000000000001,67.5,75.0,232.50000000000003,0.0,0.0,0.0,0.0,0.0,232.50000000000003,0.0,487.586666666667,1.0,38,45.6091482050953,119.63548537977971,74.02633717468441,7020.0,4650.0,4650.0,6000.0,487.586666666667,487.1105555555557,0.0,0.0,0.0,490.7402999847,487.6633658627001,1.0,0.0,487.30588949756446,386.75000000000006,311.72068376068376,319.529021761993,0.0,0.0,377.17673047750213,1.0,319.529021761993,1.0,1328.4061935744203,1540.237835244331,0.0,148.21577421913645,8.062560017482033,148.21577421913645,10.0,200.0,1.0,0.0,408.0,1.0,0.0,0.0,0.0,0.0,0.0,-1.0,0.0,0.0,0.0,0.0,1.0,0.0,0.0,0.0,0.0,0.0,1377.2351921771656,0.0,1377.2351921771656,0.0,0.0,0.0,2.998258799998439,1377.2351921771656
0.1914133434581089,0.054283867227132576,1.577706366674865,145.91766505524538,0.0,1.0,0.0,0.0,0.0,328.0637034929181,0.0,0.0,799.5522921243787,0.0,371.5012937809939,0.0,1.0,0.0,0.0,0.0,0.03244667354838425,0.0,0.011266592466995733,0.0,0.0,0.0,0.0,0.0,0.0,0.029674035410613323,0.0,0.011458829777555092,0.0,0.0,0.0,3.234901699994225,0.0,18.0,1.0,1.0,122.10593341444536,0.0,1.0,0.9704646818285059,1.0,1.0,36.0,769.5325871610206,1790.2756596404652,1020.7430724794447,77.0,0.0,139.16073669202603,390.53088591712293,251.3701492250969,450.8786257243504,0.0,2.0,2.0,2.0,1.9675533264516158,2.0,1.988733407533004,2.0,2.0,2.0,2.0,2.0,2.0,1.9703259645893867,2.0,1.988541170222445,2.0,2.0,2.0,7775.487243723666,0.0,0.9906926242859136,3361.1770657402276,4800.0,0.0,0.0,1.0,0.0,0.0,-1685.9505874725764,0.0,1685.9505874725764,0.0,0.0,0.0,0.0,0.0,0.0,0.0,0.0,19.55407966210956,18.751521228595333,23.369835024658418,23.08147908887014,84.75691500423345,1240.3780509001547,1201.7406173887525,585.9787159874509,562.8210452751705,654.3993349127039,638.919572113582,2442.1186682889074,0.10722637664499962,0.10206698251075268,0.05177836529636543,0.052675317245723864,0.0,44.082170735639075,0.06122523713283205,799.5522921243787,204.68,321.8796468156023,81.05242459337971,240.8272222222226,1.0,535.1761550979792,0.0,52.50000000000001,45.0,67.5,75.0,52.50000000000001,45.0,67.5,75.0,240.0,0.0,0.0,0.0,0.0,0.0,240.0,0.0,488.41388888888935,1.0,39,46.05111836371807,124.71318754831407,78.662069184596,7200.0,4800.0,4800.0,6000.0,488.41388888888935,487.586666666667,0.0,0.0,0.0,478.2052237756938,493.24201836863244,1.0,0.0,476.48023862805434,386.75000000000006,326.44136752136757,320.90967608569315,0.0,0.0,1685.9505874725764,1.0,320.90967608569315,1.0,1320.7753407761647,1604.0962342453513,0.0,162.2373637652052,8.027216729296848,162.2373637652052,10.0,200.0,1.0,0.0,428.0,1.0,0.0,0.0,0.0,0.0,0.0,-1.0,0.0,0.0,0.0,0.0,1.0,0.0,0.0,0.0,0.0,0.0,1369.4411830576678,0.0,1369.4411830576678,0.0,0.0,0.0,3.234298100011074,1369.4411830576678
0.20506798977906016,0.05286747217253407,1.5928905851580248,159.76488727746738,0.0,1.0,0.0,0.0,0.0,376.6237054415654,0.0,0.0,861.0888426763279,0.0,377.64699803583653,0.0,1.0,0.0,0.0,0.0,0.017497550589705972,0.0,0.005133651891044705,0.0,0.0,0.0,0.0,0.0,0.0,0.01574682888979537,0.0,0.005043446407652887,0.0,0.0,0.0,3.159088200001861,0.0,18.0,1.0,1.0,121.50137105197258,0.0,1.0,0.5871252501892689,1.0,1.0,36.0,815.3580677868442,1920.4605533958268,1105.1024856089825,71.0,0.0,136.23602853009322,406.18671475638894,269.9506862262957,497.25155368912937,0.0,2.0,2.0,2.0,1.982502449410294,2.0,1.9948663481089552,2.0,2.0,2.0,2.0,2.0,2.0,1.9842531711102045,2.0,1.994956553592347,2.0,2.0,2.0,8073.88550711131,0.0,0.974587286920158,3380.157657555758,4350.0,0.0,0.0,1.0,0.0,0.0,-221.38196488930225,0.0,221.38196488930225,0.0,0.0,0.0,0.0,0.0,0.0,0.0,0.0,39.200696150552794,37.486911675136,42.64416139699222,39.7297864150958,159.06155563777682,1249.9817863701887,1180.0456346692636,589.4339088600285,562.4856328426545,660.5478775101601,617.5600018266091,2430.027421039452,0.06511514307880067,0.061056791660766906,0.02599263400162756,0.024148263995980773,0.0,6.4304216791417375,0.00893114122103019,861.0888426763279,204.68,322.4286934410149,96.53591566323738,225.8927777777775,1.0,508.32065193359455,0.0,45.0,37.5,75.0,60.0,45.0,37.5,75.0,60.0,217.5,0.0,0.0,0.0,0.0,0.0,217.5,0.0,496.80666666666684,2.0,40,45.82548062582361,130.18489375536146,84.35941312953784,7380.0,4350.0,4350.0,6000.0,496.80666666666684,488.4138888888893,0.0,0.0,0.0,515.9004911528369,512.9964031841756,1.0,0.0,513.335465951622,386.75000000000006,311.72068376068376,298.39684302374366,0.0,0.0,221.38196488930225,1.0,298.39684302374366,1.0,1297.550042584849,1751.0480140695154,24.162277133776875,127.54894483499129,8.184462349319164,151.71122196876817,10.0,200.0,1.0,0.0,413.0,1.0,0.0,0.0,0.0,0.0,0.0,-1.0,0.0,0.0,0.0,0.0,1.0,0.0,0.0,0.0,0.0,0.0,1339.3519256705172,0.0,1339.3519256705172,0.0,0.0,0.0,3.15850330000103,1339.3519256705172
0.22326513423587607,0.055406085232383884,1.7368558407640495,188.41766505524492,0.0,1.0,0.0,0.0,0.0,397.0365473236589,0.0,0.0,913.7689284446751,0.0,349.26175750924136,0.0,1.0,0.0,0.0,0.0,0.032928034761176526,0.0,0.01048618287992843,0.0,0.0,0.0,0.0,0.0,0.0,0.029509992649870642,0.0,0.010512894654958922,0.0,0.0,0.0,3.330887600008282,0.0,18.0,1.0,1.0,120.28153629562716,0.0,1.0,0.9580293042353045,1.0,1.0,36.0,861.4215848269171,2056.3722929574865,1194.9507081305694,80.0,0.0,131.4182179541777,408.44065814108836,277.02244018691067,450.28210848218794,0.0,2.0,2.0,2.0,1.9670719652388238,2.0,1.9895138171200715,2.0,2.0,2.0,2.0,2.0,2.0,1.9704900073501292,2.0,1.9894871053450411,2.0,2.0,2.0,7770.7920373355255,0.0,0.9918250132287127,3297.6028131848525,4650.0,0.0,0.0,1.0,0.0,0.0,-1111.5323706931995,0.0,1111.5323706931995,0.0,0.0,0.0,0.0,0.0,0.0,0.0,0.0,19.754356973610868,18.659637424581938,22.8582077675744,22.672748198514313,83.94495036428151,1220.2929432076376,1185.3377827049057,591.8219114366608,558.5735694678002,628.4710317709768,626.7642132371055,2405.6307259125438,0.10808865685038285,0.1017740340918231,0.04966132178714966,0.050197264708304615,0.0,43.03358895619305,0.05976887355026813,913.7689284446751,204.68,329.99234226924574,96.45678671369014,233.5355555555556,1.0,505.85872701684787,0.0,37.5,52.50000000000001,67.5,75.0,37.5,52.50000000000001,67.5,75.0,232.50000000000003,0.0,0.0,0.0,0.0,0.0,232.50000000000003,0.0,497.84222222222263,0.0,41,46.06351704007287,135.91173956165983,89.84822252158696,7560.0,4650.0,4650.0,6000.0,497.84222222222263,496.80666666666684,0.0,0.0,0.0,533.2567335208272,533.2557298709415,1.0,0.0,532.820175600672,386.75000000000006,326.44136752136757,281.5612329794002,0.0,0.0,1111.5323706931995,1.0,281.5612329794002,1.0,1234.333251020842,1843.625651369006,70.87068037956183,129.70927895160096,9.162026335553689,200.5799593311628,10.0,208.0,1.0,0.0,442.0,1.0,0.0,0.0,0.0,0.0,0.0,-1.0,0.0,0.0,0.0,0.0,1.0,0.0,0.0,0.0,0.0,0.0,1166.338434758648,0.0,1166.338434758648,0.0,0.0,0.0,3.3303071999980602,1166.338434758648
0.2396588015727545,0.06067015406662152,1.7720502753431822,199.58433172191206,0.0,1.0,0.0,0.0,0.0,431.37897221134756,0.0,0.0,893.2363210579811,0.0,334.64968649267905,0.0,1.0,0.0,0.0,0.0,0.009775243603157291,0.0,0.0060434461871568595,0.0,0.0,0.0,0.0,0.0,0.0,0.008715153972456972,0.0,0.006139234186840469,0.0,0.0,0.0,3.159316500008572,0.0,18.0,1.0,1.0,118.3221319367394,0.0,1.0,0.47503535586004797,1.0,1.0,36.0,906.6614044900023,2195.881721004257,1289.2203165142546,72.0,0.0,123.71616467474493,386.86968938663097,263.153524711886,456.37410648304297,0.0,2.0,2.0,2.0,1.9902247563968427,2.0,1.993956553812843,2.0,2.0,2.0,2.0,2.0,2.0,1.991284846027543,2.0,1.9938607658131593,2.0,2.0,2.0,8233.99343333823,0.0,0.9831914734255286,3357.9376586718336,5400.0,0.0,0.0,1.0,0.0,0.0,-981.691275930636,0.0,981.691275930636,0.0,0.0,0.0,0.0,0.0,0.0,0.0,0.0,38.75110514323058,36.70756276206355,40.9578547213397,42.15000874409688,158.5665313707307,1186.754558056792,1179.6880806779961,536.4757610039627,508.5670575681349,650.2787970528293,671.1210231098612,2366.442638734788,0.043863638554504716,0.04083646929877068,0.02737146105030464,0.028017760211194922,0.0,2.7756681457086856,0.003855094646817619,893.2363210579811,175.78400000000005,298.70168942994854,36.71191165217054,261.989777777778,1.0,505.45867027957473,0.0,52.50000000000001,67.5,75.0,75.0,52.50000000000001,67.5,75.0,75.0,270.0,0.0,0.0,0.0,0.0,0.0,270.0,0.0,489.8320000000004,0.0,42,45.23981966308525,139.5094280467705,94.26960838368524,7740.0,5400.0,5400.0,6000.0,489.8320000000004,497.8422222222226,0.0,0.0,0.0,588.6908564220913,580.3197914095073,1.0,0.0,588.8714251999553,332.15000000000003,273.37716666666665,263.200245432291,0.0,0.0,981.691275930636,1.0,263.200245432291,1.0,1208.7723254326847,1913.486718469284,116.584373811756,117.28018586902331,11.401951521683316,233.8645596807793,10.0,200.0,1.0,0.0,410.0,1.0,0.0,0.0,0.0,0.0,0.0,-1.0,0.0,0.0,0.0,0.0,1.0,0.0,0.0,0.0,0.0,0.0,919.1500037713965,0.0,919.1500037713965,0.0,0.0,0.0,3.158757400000468,919.1500037713965
0.31471335579486026,0.07946281193900001,2.09718760145725,211.91766505524583,0.0,1.0,0.0,0.2857142857142857,0.2857142857142857,391.6556194008332,0.0,0.0,769.0829589332012,0.0,291.497477788611,0.0,1.0,0.0,0.0,0.0,0.010667809182570018,0.0,0.009417515543768216,0.0,0.0,0.0,0.0,0.0,0.0,0.009685630560204883,0.0,0.01060109718770229,0.0,0.0,0.0,3.0328615000034915,0.0,18.0,1.0,1.0,93.51366543598883,0.0,1.0,0.6411521345042168,1.0,1.0,36.0,949.229925198577,2327.8338255098743,1378.6039003112974,79.0,0.0,112.54393873765459,344.6413396265362,232.09740088888162,280.0901812874842,0.0,2.0,2.0,2.0,1.9893321908174297,2.0,1.9905824844562316,2.0,2.0,2.0,2.0,2.0,2.0,1.9903143694397951,2.0,1.9893989028122978,2.0,2.0,2.0,7923.465421608745,0.0,0.9822763370355977,2787.132306676659,5850.0,0.0,0.0,1.0,0.0,0.0,-4737.859144460684,0.0,4737.859144460684,0.0,0.0,0.0,0.0,0.0,0.0,0.0,0.0,14.067213373235973,13.430049752419073,21.4884201866485,23.03114516466609,72.01682847696964,925.8561932469153,944.417115472861,344.20578042617143,329.5491556653924,581.650412820744,614.8679598074687,1870.2733087197764,0.055154075205483336,0.052357003769709025,0.04742877315624974,0.05075095734192485,0.0,26.466754876607588,0.0367593817730661,769.0829589332012,89.096,278.1045727441508,5.392658467351056,272.71191427679975,1.0,516.9831385105184,0.0,67.5,75.0,75.0,75.0,67.5,75.0,75.0,75.0,292.5,0.0,0.0,0.0,0.0,0.0,292.5,0.0,470.04391427679985,0.0,43,42.56852070857478,131.95210450561768,89.38358379704289,7920.0,5850.0,5850.0,6000.0,470.04391427679985,489.8320000000004,0.0,0.0,0.0,518.7581854616795,564.7565606597016,1.0,0.0,518.0015765468127,168.35000000000002,188.9282713675214,248.16815297754724,0.0,0.0,4737.859144460684,1.0,248.16815297754724,1.0,1122.683819299516,1678.7401548808468,79.21809228362534,150.57069706199476,12.15521030137839,229.7887893456201,10.0,184.0,1.0,0.0,407.0,1.0,0.0,0.0,0.0,0.0,0.0,-1.0,0.0,0.0,0.0,0.0,1.0,0.0,0.0,0.0,0.0,0.0,697.321867284139,0.0,697.321867284139,0.0,0.0,0.0,3.0322973000002094,697.321867284139
0.34036108082452826,0.12693486349580307,2.1132802489560514,215.08433172191263,0.0,1.0,0.0,0.2857142857142857,0.2857142857142857,392.0759185461324,0.0,0.0,610.5317510853057,0.0,244.03664848027265,0.0,1.0,0.0,0.0,0.0,0.0013382984379617996,0.0,0.003077230803870321,0.0,0.0,0.0,0.0,0.0,0.0,0.0012307663673721701,0.0,0.0031513180808416066,0.0,0.0,0.0,2.7048979999963194,0.0,18.0,1.0,1.0,68.01694970120167,0.0,1.0,0.2221134035986643,1.0,1.0,36.0,986.7319693113731,2442.996753202115,1456.2647838907421,42.0,0.0,97.17450668144728,297.0089781687157,199.83447148726844,207.94269764540374,0.0,2.0,2.0,2.0,1.998661701562038,2.0,1.9969227691961298,2.0,2.0,2.0,2.0,2.0,2.0,1.998769233632628,2.0,1.9968486819191584,2.0,2.0,2.0,7619.763068777804,0.0,0.999249548738477,2333.180480096759,6000.0,0.0,0.0,1.0,0.0,0.0,-5359.213092191724,0.0,5359.213092191724,0.0,0.0,0.0,0.0,0.0,0.0,0.0,0.0,15.0834659650974,14.437562711607875,32.28101885601343,32.81094925798435,94.61299679070305,682.8847456033644,677.454248420669,201.1201190665974,192.35371287187752,481.764626536767,485.1005355487915,1360.3389940240334,0.01502809452721893,0.014412854892822895,0.01883967100714486,0.019149164647718046,0.0,0.946491813708505,0.0013145719634840348,610.5317510853057,60.2,272.1966277727359,0.0,272.1966277727359,1.0,475.90335225498995,0.0,75.0,75.0,75.0,75.0,75.0,75.0,75.0,75.0,300.0,0.0,0.0,0.0,0.0,0.0,300.0,0.0,442.2405420495355,0.0,44,37.502044112796064,115.16292769224091,77.66088357944486,8100.0,6000.0,6000.0,6000.0,442.2405420495355,470.0439142767998,0.0,0.0,0.0,430.3655828049295,482.50093755444766,1.0,0.0,428.4622057871044,113.75000000000001,104.78311965811949,193.7996651732905,0.0,0.0,5359.213092191724,1.0,193.7996651732905,1.0,955.5481125856037,1431.0698754185426,20.249712840279635,109.20855859092771,9.160189279762273,129.45827143120735,10.0,168.0,1.0,0.0,347.0,1.0,0.0,0.0,0.0,0.0,0.0,-1.0,0.0,0.0,0.0,0.0,1.0,0.0,0.0,0.0,0.0,0.0,472.3904891942651,0.0,472.3904891942651,0.0,0.0,0.0,2.7043012999929488,472.3904891942651
0.3420970453459485,0.18337775863588535,2.1815949885493104,223.41766505524606,0.0,1.0,0.0,0.42857142857142855,0.42857142857142855,399.7874570076708,0.0,0.0,482.18519735956403,0.0,204.93816036088324,0.0,1.0,0.0,0.0,0.0,0.0020004885099331243,0.0,0.005197848925135245,0.0,0.0,0.0,0.0,0.0,0.0,0.0018163692978017368,0.0,0.005095517464559557,0.0,0.0,0.0,2.7173531000007642,0.0,18.0,1.0,1.0,61.33103684038522,0.0,1.0,0.3549716071012933,1.0,1.0,36.0,1019.2462513287339,2540.83060762449,1521.5843562957557,0.0,0.0,82.38515538918188,255.74030732027524,173.35515193109336,149.5816896189396,0.0,2.0,2.0,2.0,1.997999511490067,2.0,1.9948021510748646,2.0,2.0,2.0,2.0,2.0,2.0,1.9981836307021983,2.0,1.9949044825354403,2.0,2.0,2.0,7380.215432653792,0.0,1.0,2188.6245867047837,6000.0,0.0,0.0,1.0,0.0,0.0,-5223.2879013063775,0.0,5223.2879013063775,0.0,0.0,0.0,0.0,0.0,0.0,0.0,0.0,5.791242593583398,5.517821944879572,16.188321838190483,16.045841703824614,43.543228080478066,619.5655088795997,607.0552279281044,173.51649296907945,165.2998264468867,446.0490159105204,441.75540148121775,1226.6207368077041,0.024574513179496382,0.023414356226281765,0.034512520898681474,0.03416548142505091,0.0,18.821727264934033,0.026141287867963936,482.18519735956403,60.2,234.1870861185579,0.0,234.1870861185579,1.0,410.7460846842585,0.0,75.0,75.0,75.0,75.0,75.0,75.0,75.0,75.0,300.0,0.0,0.0,0.0,0.0,0.0,300.0,0.0,376.42762816809307,0.0,45,32.51428201736083,97.83385442237436,65.31957240501353,8280.0,6000.0,6000.0,6000.0,376.42762816809307,442.2405420495355,0.0,0.0,0.0,328.9658354697545,373.19973967313496,1.0,0.0,327.4652026523437,113.75000000000001,95.00299145299147,126.23834955455041,0.0,0.0,5223.2879013063775,1.0,126.23834955455041,1.0,736.7617810239602,1209.4378570195786,0.0,59.53400885964493,3.903502572706877,59.53400885964493,10.0,160.0,1.0,0.0,369.0,1.0,0.0,0.0,0.0,0.0,0.0,-1.0,0.0,0.0,0.0,0.0,1.0,0.0,0.0,0.0,0.0,0.0,425.131128705793,0.0,425.131128705793,0.0,0.0,0.0,2.7167842000053497,425.131128705793
0.3381932223643527,0.27997478984216617,2.267351095790699,215.52877616635723,0.0,1.0,0.0,0.2857142857142857,0.2857142857142857,401.40497837519206,0.0,0.0,349.0276967035494,0.0,162.3334523132376,0.0,1.0,0.0,0.0,0.0,0.0010064061829577137,0.0,0.0025171096809548286,0.0,0.0,0.0,0.0,0.0,0.0,0.0009132905305318579,0.0,0.0024539929807187257,0.0,0.0,0.0,2.6573399000044446,0.0,18.0,1.0,1.0,60.67461670453908,0.0,1.0,0.18643987953637997,1.0,1.0,36.0,1046.4044318800243,2624.84280367859,1578.4383717985659,0.0,0.0,68.92088527796062,223.83251448519837,154.91162920723775,190.66324820152448,0.0,2.0,2.0,2.0,1.9989935938170424,2.0,1.9974828903190454,2.0,2.0,2.0,2.0,2.0,2.0,1.999086709469468,2.0,1.9975460070192814,2.0,2.0,2.0,6709.3020371123985,0.0,1.0,2099.72390232312,5822.5686339492295,0.0,0.0,1.0,0.0,0.0,-3133.0725664836696,0.0,3133.0725664836696,0.0,0.0,0.0,0.0,0.0,0.0,0.0,0.0,11.554552835299553,11.00624237000438,28.15380753113288,27.816166832609024,78.53076956904584,613.2140552497307,600.2782788410511,173.28617874568727,165.05650230046456,439.92787650404335,435.2217765405866,1213.4923340907817,0.012926851356489095,0.012313110993067984,0.016976178590309796,0.016761150000955894,0.0,0.9398685810361584,0.0013053730292168868,349.0276967035494,60.2,219.6445786448931,0.0,219.6445786448931,1.0,347.316876525708,0.0,75.0,75.0,75.0,66.12843169746148,75.0,75.0,75.0,66.12843169746148,291.1284316974615,0.0,0.0,0.0,0.0,0.0,291.1284316974615,0.0,304.9437751155247,0.0,46,27.15818055129039,84.01219605410046,56.854015502810064,8460.0,5822.5686339492295,5822.5686339492295,5822.5686339492295,304.9437751155247,376.42762816809307,0.0,0.0,0.0,326.3580174597144,324.1695041569507,1.0,0.0,329.50792055175197,113.75000000000001,103.58589743589745,139.06447067255687,0.0,0.0,3133.0725664836696,1.0,139.06447067255687,1.0,657.642473214772,1079.9405956304934,0.0,60.83199267356443,3.0335037824892894,60.83199267356443,10.0,160.0,1.0,0.0,329.0,1.0,0.0,0.0,0.0,0.0,0.0,-1.0,0.0,0.0,0.0,0.0,1.0,0.0,0.0,0.0,0.0,0.0,414.3341363417633,0.0,414.3341363417633,0.0,0.0,0.0,2.656995299999835,414.3341363417633
0.3356828747606332,0.32980905063294974,2.240654614503202,204.0287761663572,0.0,1.0,0.0,0.42857142857142855,0.42857142857142855,379.67070621350683,0.0,0.0,274.25494350681277,0.0,137.2628530550777,0.0,1.0,0.0,0.0,0.0,0.0019905387206561936,0.0,0.005009288800730902,0.0,0.0,0.0,0.0,0.0,0.0,0.0018071603089398788,0.0,0.005037322258699375,0.0,0.0,0.0,2.6417510000028415,0.0,18.0,1.0,1.0,60.770221016491206,0.0,1.0,0.3521157288116401,1.0,1.0,36.0,1069.117124700555,2698.7370605223905,1629.6199358218357,0.0,0.0,58.52814523945706,198.7210303926076,140.19288515315054,178.57198375667423,0.0,2.0,2.0,2.0,1.998009461279344,2.0,1.994990711199269,2.0,2.0,2.0,2.0,2.0,2.0,1.9981928396910602,2.0,1.9949626777413008,2.0,2.0,2.0,5803.18473331296,0.0,1.0,1925.7476507284327,4958.600297293913,0.0,0.0,1.0,0.0,0.0,-2132.680116679954,0.0,2132.680116679954,0.0,0.0,0.0,0.0,0.0,0.0,0.0,0.0,5.775307072158064,5.503281603940174,15.847516348943488,15.961606569947511,43.08771159498924,612.0654549995136,603.3389653303107,173.2577929896528,165.1034305613981,438.8076620098607,438.23553476891254,1215.4044203298242,0.02451125508371864,0.02335301904050049,0.03386577244808874,0.03403247018079688,0.0,18.645024423925967,0.025895867255452735,274.25494350681277,60.2,176.47569217378646,0.0,176.47569217378646,1.0,285.20598959067195,0.0,75.0,75.0,75.0,22.930014864695657,75.0,75.0,75.0,22.930014864695657,247.9300148646957,0.0,0.0,0.0,0.0,0.0,247.9300148646957,0.0,233.48945242461573,0.0,47,22.712692820530666,73.89425684380042,51.18156402326976,8640.0,4958.600297293913,4958.600297293913,4958.600297293913,233.48945242461573,304.9437751155247,0.0,0.0,0.0,329.86019565145915,331.5687597577678,1.0,0.0,329.3141122762973,113.75000000000001,124.44880207621492,141.85233661746307,0.0,0.0,2132.680116679954,1.0,141.85233661746307,1.0,596.5265748727595,983.239761996617,0.0,61.75876626061603,3.0723226836371818,61.75876626061603,10.0,160.0,1.0,0.0,344.0,1.0,0.0,0.0,0.0,0.0,0.0,-1.0,0.0,0.0,0.0,0.0,1.0,0.0,0.0,0.0,0.0,0.0,460.64914852267054,0.0,460.64914852267054,0.0,0.0,0.0,2.6411342999927,460.64914852267054
0.3288003007255518,0.40236246210266013,2.2275887795823897,166.53852109868973,0.0,1.0,0.0,0.2857142857142857,0.2857142857142857,338.93130584669393,0.0,0.0,218.07108353930738,0.0,159.32123017887434,0.0,1.0,0.0,0.0,0.0,0.0010064530782478833,0.0,0.002610385938628427,0.0,0.0,0.0,0.0,0.0,0.0,0.0009127671334482335,0.0,0.0024140215781866723,0.0,0.0,0.0,2.585210699995514,0.0,18.0,1.0,1.0,60.73146692510339,0.0,1.0,0.18700714602890697,1.0,1.0,36.0,1088.1671366066946,2764.663122109688,1676.4959855029936,0.0,0.0,49.84821394903396,177.0050385395542,127.15682459052023,232.86673449371668,0.0,2.0,2.0,2.0,1.998993546921752,2.0,1.9973896140613716,2.0,2.0,2.0,2.0,2.0,2.0,1.9990872328665519,2.0,1.9975859784218133,2.0,2.0,2.0,5142.7449149270615,0.0,1.0,1805.8086540155884,4253.706866099211,0.0,0.0,1.0,0.0,0.0,-1405.5614526184245,0.0,1405.5614526184245,0.0,0.0,0.0,0.0,0.0,0.0,0.0,0.0,11.553201596834093,11.00219944118684,28.222055603719912,27.599877485163347,78.37733412690419,616.94220085443,597.6871376476379,173.30393993047917,165.00724917978465,443.6382609239507,432.67988846785323,1214.6293385020679,0.012926163648849638,0.012309828509271717,0.017332921603080018,0.016643473085046608,0.0,0.9396732056060628,0.001305101674452865,218.07108353930738,60.2,177.9842378972877,0.0,177.9842378972877,1.0,303.1448071246379,0.0,75.0,75.0,40.00685058396602,22.678492720994512,75.0,75.0,40.00685058396602,22.678492720994512,212.68534330496055,0.0,0.0,0.0,0.0,0.0,212.68534330496055,0.0,198.78834701694288,0.0,48,19.050011906139563,65.92606158729748,46.876049681157916,8820.0,4253.706866099211,4253.706866099211,4253.706866099211,198.78834701694288,233.48945242461573,0.0,0.0,0.0,338.23265691951076,343.2935301625705,1.0,0.0,341.25923866135736,113.75000000000001,145.9428191702313,166.04645436944494,0.0,0.0,1405.5614526184245,1.0,166.04645436944494,1.0,689.1533941185268,898.2616280473587,0.0,78.7489778849613,3.5226663581482986,78.7489778849613,10.0,160.0,1.0,0.0,327.0,1.0,0.0,0.0,0.0,0.0,0.0,-1.0,0.0,0.0,0.0,0.0,1.0,0.0,0.0,0.0,0.0,0.0,448.0962772705972,0.0,448.0962772705972,0.0,0.0,0.0,2.5845962000021245,448.0962772705972
0.3264226534580353,0.3983903930132684,2.1344079970503285,153.19129887646747,0.0,1.0,0.0,0.42857142857142855,0.42857142857142855,291.64250276353795,0.0,0.0,180.30236792652886,0.0,152.93975216627774,0.0,1.0,0.0,0.0,0.0,0.00164114721298995,0.0,0.005078888038488278,0.0,0.0,0.0,0.0,0.0,0.0,0.001488898812612222,0.0,0.004824697093512952,0.0,0.0,0.0,2.6994486000039615,0.0,18.0,1.0,1.0,60.49217532887851,0.0,1.0,0.33227759955166136,1.0,1.0,36.0,1104.947588372123,2823.5366662489787,1718.5890778768558,0.0,0.0,43.45721254590126,156.99666525574366,113.5394527098424,204.83253554960424,0.0,2.0,2.0,2.0,1.99835885278701,2.0,1.9949211119615116,2.0,2.0,2.0,2.0,2.0,2.0,1.9985111011873877,2.0,1.995175302906487,2.0,2.0,2.0,4697.420892953163,0.0,1.0,1737.243838954438,4136.21500095225,0.0,0.0,1.0,0.0,0.0,-1610.1644462835866,0.0,1610.1644462835866,0.0,0.0,0.0,0.0,0.0,0.0,0.0,0.0,6.256877031884116,5.958477356465025,15.949019780579738,15.629358297519717,43.793732466448596,613.3826780402741,596.460828537296,173.28624637990214,165.00182912478002,440.096431660372,431.45899941251605,1209.8435065775702,0.021390013122652804,0.020372665783483755,0.03417233797999954,0.03327638722558011,0.0,17.67371076352334,0.024546820504893527,180.30236792652886,60.2,160.83053765454636,0.0,160.83053765454636,1.0,285.3407578637836,0.0,75.0,75.0,32.96900983630844,23.841740211304085,75.0,75.0,32.96900983630844,23.841740211304085,206.81075004761254,0.0,0.0,0.0,0.0,0.0,206.81075004761254,0.0,152.80813462387673,0.0,49,16.78045176542835,58.873544139290516,42.09309237386216,9000.0,4136.21500095225,4136.21500095225,4136.21500095225,152.80813462387673,198.78834701694288,0.0,0.0,0.0,330.34971751065285,340.7065132340676,1.0,0.0,330.2902000029156,113.75000000000001,150.00333299768556,170.32266358221517,0.0,0.0,1610.1644462835866,1.0,170.32266358221517,1.0,672.5160339101826,802.2350706929824,0.0,68.50249911029442,3.7069387902189677,68.50249911029442,10.0,160.0,1.0,0.0,340.0,1.0,0.0,0.0,0.0,0.0,0.0,-1.0,0.0,0.0,0.0,0.0,1.0,0.0,0.0,0.0,0.0,0.0,475.33250844568005,0.0,475.33250844568005,0.0,0.0,0.0,2.6988080000010086,475.33250844568005
0.29845230349010504,0.4574711779482692,2.0651739340583197,115.14137482724121,0.0,1.0,0.0,0.2857142857142857,0.2857142857142857,246.35404122507617,0.0,0.0,151.46263986357306,0.0,177.32294001393953,0.0,1.0,0.0,0.0,0.0,0.00039274126101464094,0.0,0.002493254660123635,0.0,0.0,0.0,0.0,0.0,0.0,0.0003562069609408895,0.0,0.0024140424394560756,0.0,0.0,0.0,2.6208568000001833,0.0,18.0,1.0,1.0,59.01369072997763,0.0,1.0,0.1491578453713254,1.0,1.0,36.0,1119.3852119537837,2875.594634375445,1756.2094224216614,0.0,0.0,38.368595670615356,137.7802023913138,99.41160672069844,235.86495650409836,0.0,2.0,2.0,2.0,1.9996072587389853,2.0,1.9975067453398765,2.0,2.0,2.0,2.0,2.0,2.0,1.9996437930390591,2.0,1.997585957560544,2.0,2.0,2.0,4470.546443371879,0.0,1.0,1668.1641978273897,3749.7015997270273,0.0,0.0,1.0,0.0,0.0,-1418.907547788588,0.0,1418.907547788588,0.0,0.0,0.0,0.0,0.0,0.0,0.0,0.0,11.551523473582982,11.042997236094898,28.04838131668522,26.18359293927371,76.82649496563681,612.6992834992257,567.574531100327,173.26405687428095,165.7306001320005,439.4352266249446,401.8439309683265,1180.2738145995527,0.006684391317488501,0.006365529939985592,0.01692055008407217,0.016644279466094758,0.0,0.0,0.0,151.46263986357306,60.2,164.07021567662608,0.0,164.07021567662608,1.0,306.81033389352774,0.0,75.0,64.3484219122955,24.758606814805717,23.37805125925016,75.0,64.3484219122955,24.758606814805717,23.37805125925016,187.4850799863514,0.0,0.0,0.0,0.0,0.0,187.4850799863514,0.0,129.3932703141514,0.0,50,14.437623581660837,52.05796812646659,37.620344544805754,9180.0,3749.7015997270273,3749.7015997270273,3749.7015997270273,129.3932703141514,152.80813462387673,0.0,0.0,0.0,317.916727082583,330.5097551236329,1.0,0.0,313.8017288794044,113.75000000000001,152.51111111111112,181.41344508874067,0.0,0.0,1418.907547788588,1.0,181.41344508874067,1.0,733.3111551890786,711.6184099680536,0.0,84.45553090047673,3.9168254407288137,84.45553090047673,10.0,160.0,1.0,0.0,337.0,1.0,0.0,0.0,0.0,0.0,0.0,-1.0,0.0,0.0,0.0,0.0,1.0,0.0,0.0,0.0,0.0,0.0,464.45595942057616,0.0,464.45595942057616,0.0,0.0,0.0,2.620224900005269,464.45595942057616
0.31573367824907056,0.4394263983290774,1.9715129584767088,100.35796554313426,0.0,1.0,0.0,0.42857142857142855,0.42857142857142855,182.36045148148642,0.0,0.0,156.6098930761357,0.0,163.36526242219418,0.0,1.0,0.0,0.0,0.0,0.000785361483741704,0.0,0.004980368988814747,0.0,0.0,0.0,0.0,0.0,0.0,0.0007005887075949661,0.0,0.003820134039937368,0.0,0.0,0.0,2.5891656000021612,0.0,18.0,1.0,1.0,56.01370849823841,0.0,1.0,0.2719733131199872,1.0,1.0,36.0,1132.1013969902565,2921.3857708337846,1789.284373843528,0.0,0.0,34.033778068125265,119.88050409404752,85.84672602592227,217.9534704487235,0.0,2.0,2.0,2.0,1.9992146385162581,2.0,1.9950196310111852,2.0,2.0,2.0,2.0,2.0,2.0,1.9992994112924052,2.0,1.9961798659600625,2.0,2.0,2.0,4105.542777414623,0.0,1.0,1575.7923993491272,3396.9135879149608,0.0,0.0,1.0,0.0,0.0,-1063.5142458260225,0.0,1063.5142458260225,0.0,0.0,0.0,0.0,0.0,0.0,0.0,0.0,6.256404294267725,5.963304812327898,15.87071975616484,12.119451842373271,40.209880705133735,611.289620900677,508.9845490640912,173.25238387016515,165.3561175726386,438.03723703051196,343.62843149145255,1120.2741699647681,0.013367713387207743,0.01261186012634982,0.03382236430142201,0.029520894401081854,0.0,15.958094721954943,0.022164020447159642,156.6098930761357,60.2,134.7001051307538,0.0,134.7001051307538,1.0,271.1291827400246,0.0,75.0,44.822324020311804,25.72139990994034,24.301955465495897,75.0,44.822324020311804,25.72139990994034,24.301955465495897,169.84567939574805,0.0,0.0,0.0,0.0,0.0,169.84567939574805,0.0,94.24769604915737,0.0,51,12.71618503647281,45.79113645833948,33.07495142186667,9360.0,3396.9135879149608,3396.9135879149608,3396.9135879149608,94.24769604915737,129.3932703141514,0.0,0.0,0.0,289.52026899733664,305.7583797988826,1.0,0.0,288.74257856261687,113.75000000000001,164.6888888888889,180.0956394270501,0.0,0.0,1063.5142458260225,1.0,180.0956394270501,1.0,692.1925256902771,627.7129231202391,0.0,73.41646795276014,3.955671468240847,73.41646795276014,10.0,160.0,1.0,0.0,339.0,1.0,0.0,0.0,0.0,0.0,0.0,-1.0,0.0,0.0,0.0,0.0,1.0,0.0,0.0,0.0,0.0,0.0,469.1272889036954,0.0,469.1272889036954,0.0,0.0,0.0,2.5885836999950698,469.1272889036954
0.2557796883974495,0.5316364216070059,1.7898877589737328,60.96907665424551,0.0,1.0,0.0,0.2857142857142857,0.2857142857142857,137.07198994302502,0.0,0.0,133.39714782000428,0.0,179.81546957333867,0.0,1.0,0.0,0.0,0.0,0.000392679970766764,0.0,0.0024896170020390906,0.0,0.0,0.0,0.0,0.0,0.0,0.0003488326935552714,0.0,0.0018636963046545249,0.0,0.0,0.0,2.6476636000006692,0.0,18.0,1.0,1.0,54.490039562388056,0.0,1.0,0.14121218987752512,1.0,1.0,36.0,1143.316184042738,2961.3168686402923,1818.000684597554,0.0,0.0,29.935863248654577,102.39243152192509,72.4565682732705,229.38974660231287,0.0,2.0,2.0,2.0,1.9996073200292332,2.0,1.9975103829979608,2.0,2.0,2.0,2.0,2.0,2.0,1.999651167306445,2.0,1.9981363036953457,2.0,2.0,2.0,4085.7392884801698,0.0,1.0,1546.2670002091986,3530.1208017475674,0.0,0.0,1.0,0.0,0.0,-1554.2499132690618,0.0,1554.2499132690618,0.0,0.0,0.0,0.0,0.0,0.0,0.0,0.0,11.06856775045032,10.552000429580616,27.987350028456955,20.743366855363423,70.35128506385132,612.3792025380168,477.4215887097441,173.24712706616705,164.87567642335645,439.13207547184976,312.5459122863877,1089.800791247761,0.006683853048023537,0.006291818235714108,0.01690985288838985,0.014572086518133813,0.0,0.0,0.0,133.39714782000428,60.2,160.33311158576308,0.0,160.33311158576308,1.0,307.10224226576594,0.0,75.0,52.46651187947019,25.210041881731875,23.82948632617632,75.0,52.46651187947019,25.210041881731875,23.82948632617632,176.50604008737838,0.0,0.0,0.0,0.0,0.0,176.50604008737838,0.0,78.07476754754217,0.0,52,11.214787052481709,39.93109780650773,28.71631075402602,9540.0,3530.1208017475674,3530.1208017475674,3530.1208017475674,78.07476754754217,94.24769604915735,0.0,0.0,0.0,264.58805978794913,281.7339707683248,1.0,0.0,261.39648926195946,113.75000000000001,152.51111111111112,183.09079517888625,0.0,0.0,1554.2499132690618,1.0,183.09079517888625,1.0,732.7886858697119,531.8656270249887,0.0,85.57588225221056,4.028086871946142,85.57588225221056,10.0,160.0,1.0,0.0,345.0,1.0,0.0,0.0,0.0,0.0,0.0,-1.0,0.0,0.0,0.0,0.0,1.0,0.0,0.0,0.0,0.0,0.0,388.1065276472622,0.0,388.1065276472622,0.0,0.0,0.0,2.6473067000042647,388.1065276472622
0.33314423434430646,0.5037752795052423,1.6402264711023042,47.5246322098012,0.0,1.0,0.0,0.42857142857142855,0.42857142857142855,73.07840019943546,0.0,0.0,139.36083325183122,0.0,164.0052641909689,0.0,1.0,0.0,0.0,0.0,0.0007853716487905683,0.0,0.004979642492162737,0.0,0.0,0.0,0.0,0.0,0.0,0.0006976646177401112,0.0,0.003726376396034508,0.0,0.0,0.0,2.6094672000035644,0.0,18.0,1.0,1.0,55.832084995281875,0.0,1.0,0.27065473023112724,1.0,1.0,36.0,1153.418990021909,2995.475138469493,1842.0561484475836,0.0,0.0,25.88532034699323,85.32177857757482,59.43645823058159,217.72876509964988,0.0,2.0,2.0,2.0,1.9992146283512093,2.0,1.9950203575078373,2.0,2.0,2.0,2.0,2.0,2.0,1.9993023353822599,2.0,1.9962736236039653,2.0,2.0,2.0,4025.2185543476953,0.0,1.0,1565.177458441314,3410.0098368865533,0.0,0.0,1.0,0.0,0.0,-1094.9929673737306,0.0,1094.9929673737306,0.0,0.0,0.0,0.0,0.0,0.0,0.0,0.0,6.25639231326241,5.948402989631205,15.87174885598879,11.90863119717771,39.98517535606011,611.2716994991792,505.370000406458,173.25259965307865,165.13530242560327,438.01909984610063,340.2346979808547,1116.6416999056373,0.013367812070676666,0.012583585273045254,0.03382163756023883,0.02914048408931303,0.0,15.94750423995744,0.022149311444385332,139.36083325183122,60.2,135.04693148344384,0.0,135.04693148344384,1.0,272.4784134683364,0.0,75.0,44.71988152718171,26.100027380795208,24.68058293635076,75.0,44.71988152718171,26.100027380795208,24.68058293635076,170.50049184432768,0.0,0.0,0.0,0.0,0.0,170.50049184432768,0.0,42.62120718665827,0.0,53,10.102805979170745,34.15826982920033,24.055463850029582,9720.0,3410.0098368865533,3410.0098368865533,3410.0098368865533,42.62120718665827,78.07476754754217,0.0,0.0,0.0,234.7821508207537,251.92913683696725,1.0,0.0,234.30937325536883,113.75000000000001,164.6888888888889,180.51009294280658,0.0,0.0,1094.9929673737306,1.0,180.51009294280658,1.0,695.0049750040642,446.7486067066355,0.0,73.7290190465582,3.9865843163468204,73.7290190465582,10.0,160.0,1.0,0.0,339.0,1.0,0.0,0.0,0.0,0.0,0.0,-1.0,0.0,0.0,0.0,0.0,1.0,0.0,0.0,0.0,0.0,0.0,376.0203278831582,0.0,376.0203278831582,0.0,0.0,0.0,2.608847900002729,376.0203278831582
0.07024951145751138,0.5875101318079429,0.6653965425505431,8.135743320912352,0.0,1.0,0.0,0.2857142857142857,0.2857142857142857,31.46907665424569,0.0,0.0,116.74484158336975,0.0,179.89686114932348,0.0,1.0,0.0,0.0,0.0,0.00039268573068424524,0.0,0.00248991650567951,0.0,0.0,0.0,0.0,0.0,0.0,0.0003498663315476547,0.0,0.0018130032087881392,0.0,0.0,0.0,2.719606400001794,0.0,18.0,1.0,1.0,54.71060589631982,0.0,1.0,0.14076450054972434,1.0,1.0,36.0,1162.12967858827,3023.745925413779,1861.6162468255088,0.0,0.0,22.166148900785064,69.9310833212472,47.76493442046213,225.9786420681184,0.0,2.0,2.0,2.0,1.9996073142693156,2.0,1.9975100834943202,2.0,2.0,2.0,2.0,2.0,2.0,1.9996501336684522,2.0,1.9981869967912118,2.0,2.0,2.0,4096.249501979633,0.0,1.0,1550.3832316901098,3488.3422094970606,0.0,0.0,1.0,0.0,0.0,-1588.8853582995098,0.0,1588.8853582995098,0.0,0.0,0.0,0.0,0.0,0.0,0.0,0.0,11.068602853963853,10.548302474782012,27.988046530278982,21.014366663903733,70.61931852292858,612.4241208312255,481.7879970951708,173.24731899827043,165.05179485955696,439.17680183295516,316.7362022356138,1094.2121179263966,0.0066839045242856375,0.006301450304523872,0.016911150943598314,0.014400942155724584,0.0,0.0,0.0,116.74484158336975,60.2,158.67629835727288,0.0,158.67629835727288,1.0,305.42290998309386,0.0,75.0,50.51378193024978,25.141942050079397,23.76138649452384,75.0,50.51378193024978,25.141942050079397,23.76138649452384,174.41711047485302,0.0,0.0,0.0,0.0,0.0,174.41711047485302,0.0,26.88039506907807,0.0,54,8.710688566361002,28.2707869442862,19.5600983779252,9900.0,3488.3422094970606,3488.3422094970606,3488.3422094970606,26.88039506907807,42.62120718665827,0.0,0.0,0.0,207.98760497894264,225.01066700767376,1.0,0.0,204.53084748535204,113.75000000000001,148.8319731178394,173.14202494585965,0.0,0.0,1588.8853582995098,1.0,173.14202494585965,1.0,721.7793953123492,352.7447657229675,0.0,85.10564094340836,4.057035319593564,85.10564094340836,10.0,160.0,1.0,0.0,361.0,1.0,0.0,0.0,0.0,0.0,0.0,-1.0,0.0,0.0,0.0,0.0,1.0,0.0,0.0,0.0,0.0,0.0,255.70428183064962,0.0,255.70428183064962,0.0,0.0,0.0,2.719010199987679,255.70428183064962
0.19428571428571434,0.5217511418093981,0.7601749287078993,6.305640294081328,0.0,0.0,1.0,0.5714285714285714,0.5714285714285714,14.583333333333336,0.0,0.0,99.87400459541382,0.0,154.5795801862467,0.0,1.0,0.0,0.0,0.0,0.00042848519217023967,0.0,0.004979909843984492,0.0,0.0,0.0,0.0,0.0,0.0,0.00039720200133872317,0.0,0.0018336754632039482,0.0,0.0,0.0,2.6868407000001753,0.0,18.0,1.0,1.0,52.42626461219357,0.0,1.0,0.21820227406657103,1.0,1.0,36.0,1169.6070952802852,3046.617463323768,1877.010368043483,0.0,0.0,19.74688053295943,58.1120718029401,38.36519126998067,170.44537665540287,0.0,2.0,2.0,2.0,1.9995715148078297,2.0,1.9950200901560156,2.0,2.0,2.0,2.0,2.0,2.0,1.9996027979986613,2.0,1.998166324536796,2.0,2.0,2.0,3912.926034268703,0.0,1.0,1491.9050575029453,3127.8067646609393,0.0,0.0,1.0,0.0,0.0,-1806.9130406985319,0.0,1806.9130406985319,0.0,0.0,0.0,0.0,0.0,0.0,0.0,0.0,6.737741210282373,6.447725069553009,15.871787904111367,10.752379150543758,39.809633334490506,611.2746529829178,437.25063926095356,173.25247856866665,165.36397551532716,438.02217441425125,271.8866637456264,1048.5252922438715,0.008910902900835505,0.008580066741758381,0.03382266591021607,0.02037861986543036,0.0,12.785180304598228,0.01775719486749754,99.87400459541382,60.2,132.33444730110182,0.0,132.33444730110182,1.0,260.7910286903295,0.0,75.0,30.624855499535858,26.09246358897777,24.673019144533324,75.0,30.624855499535858,26.09246358897777,24.673019144533324,156.39033823304695,0.0,0.0,0.0,0.0,0.0,156.39033823304695,0.0,2.8245041371329274,0.0,55,7.477416692015111,22.871537909989307,15.394121217974197,10080.0,3127.8067646609393,3127.8067646609393,3127.8067646609393,2.8245041371329274,26.880395069078066,0.0,0.0,0.0,165.63957581849235,188.4005998852491,1.0,0.0,165.13303364136144,113.75000000000001,117.58104246621151,128.98367678499048,0.0,0.0,1806.9130406985319,1.0,128.98367678499048,1.0,584.8397265760524,279.59037157010863,0.0,64.15887950224473,3.663522123882751,64.15887950224473,10.0,160.0,1.0,0.0,355.0,1.0,0.0,0.0,0.0,0.0,0.0,-1.0,0.0,0.0,0.0,0.0,1.0,0.0,0.0,0.0,0.0,0.0,222.62609565177547,0.0,222.62609565177547,0.0,0.0,0.0,2.6862491000065347,222.62609565177547
0.11742961999699952,0.454492134458231,0.6985495910440249,8.076923076923078,0.0,1.0,0.0,0.42857142857142855,0.42857142857142855,23.333333333333336,0.0,0.0,60.17716728894388,0.0,143.55535441220854,0.0,1.0,0.0,0.0,0.0,0.00021385607917355653,0.0,0.002172663030990408,0.0,0.0,0.0,0.0,0.0,0.0,0.0001966184641549493,0.0,0.0005544690227846773,0.0,0.0,0.0,2.7638448999932734,0.0,18.0,1.0,1.0,48.10295183022116,0.0,1.0,0.10185591625386943,1.0,1.0,36.0,1175.8369231439308,3065.410737045887,1889.5738139019559,0.0,0.0,18.02403123193111,49.9248105370116,31.90077930508049,166.25714940615265,0.0,2.0,2.0,2.0,1.9997861439208267,2.0,1.9978273369690096,2.0,2.0,2.0,2.0,2.0,2.0,1.9998033815358451,2.0,1.9994455309772152,2.0,2.0,2.0,3623.2908288918134,0.0,1.0,1368.2535078094595,2589.1433597879814,0.0,0.0,1.0,0.0,0.0,-1576.1452599442223,0.0,1576.1452599442223,0.0,0.0,0.0,0.0,0.0,0.0,0.0,0.0,10.636696627410963,10.090428884659694,25.36662915121856,15.163394742863417,61.257149406152635,557.5706734334854,404.4883631709377,174.08720436154286,165.5612076006884,383.48346907194247,238.92715557024928,962.059036604423,0.004448792144987992,0.004272952551225229,0.015777373631424,0.007999784987286544,0.0,0.0,0.0,60.17716728894388,60.2,131.96531696387555,0.0,131.96531696387555,1.0,245.06441240336378,0.0,57.80422633652901,23.932238943492358,24.55062913246663,23.17007357691107,57.80422633652901,23.932238943492358,24.55062913246663,23.17007357691107,129.45716798939907,0.0,0.0,0.0,0.0,0.0,129.45716798939907,0.0,5.332653111609397,0.0,56,6.229827863645687,18.7932737221186,12.56344585847291,10260.0,2589.1433597879814,2589.1433597879814,2589.1433597879814,5.332653111609397,2.8245041371329274,0.0,0.0,0.0,157.16042860507628,164.30695070782883,1.0,0.0,155.76634897789893,113.75000000000001,98.47264957264959,122.3135081858315,0.0,0.0,1576.1452599442223,1.0,122.3135081858315,1.0,538.1816498627936,239.27684960017618,0.0,58.36266888432533,3.1290997772124842,58.36266888432533,10.0,160.0,1.0,0.0,373.0,1.0,0.0,0.0,0.0,0.0,0.0,-1.0,0.0,0.0,0.0,0.0,1.0,0.0,0.0,0.0,0.0,0.0,216.92031644848103,0.0,216.92031644848103,0.0,0.0,0.0,2.7632070000108797,216.92031644848103
0.19428571428571434,0.27436330306515366,0.7888226647646599,5.416666666666668,0.0,0.0,1.0,0.5714285714285714,0.5714285714285714,14.583333333333336,0.0,0.0,34.487922991785176,0.0,129.32500024239994,0.0,1.0,0.0,0.0,0.0,0.00042247604826702495,0.0,0.004020276141816017,0.0,0.0,0.0,0.0,0.0,0.0,0.0003914618958823625,0.0,0.0009937215892974595,0.0,0.0,0.0,2.642781799993827,0.0,18.0,1.0,1.0,46.56207504991557,0.0,1.0,0.19014705369150642,1.0,1.0,36.0,1181.8765591212293,3081.857997216719,1899.9814380954895,0.0,0.0,16.88643100299612,44.71535328024217,27.82892227724605,156.9466241251904,0.0,2.0,2.0,2.0,1.999577523951733,2.0,1.9959797238581838,2.0,2.0,2.0,2.0,2.0,2.0,1.9996085381041178,2.0,1.9990062784107028,2.0,2.0,2.0,3295.096684926337,0.0,1.0,1310.423660117102,2540.805385097226,0.0,0.0,1.0,0.0,0.0,-1436.7966992442857,0.0,1436.7966992442857,0.0,0.0,0.0,0.0,0.0,0.0,0.0,0.0,6.725103090123447,6.4273372792337184,13.214992436355994,8.079191319477218,34.446624125190375,546.682894242771,384.55860675554055,172.87745568283208,164.49973246633596,373.8054385599389,220.05887428920457,931.2415009983116,0.008840125302691288,0.008525443256486522,0.030266915202666198,0.015128902648425384,0.0,11.876277403866425,0.016494829727592256,34.487922991785176,60.2,124.1282120354501,0.0,124.1282120354501,1.0,228.7864590874047,0.0,54.791934150191125,24.44294794308638,24.61241580301412,23.19297135856967,54.791934150191125,24.44294794308638,24.61241580301412,23.19297135856967,127.0402692548613,0.0,0.0,0.0,0.0,0.0,127.0402692548613,0.0,2.420595892198202,0.0,57,6.039635977298634,16.4472601708322,10.407624193533568,10440.0,2540.805385097226,2540.805385097226,2540.805385097226,2.420595892198202,5.332653111609397,0.0,0.0,0.0,145.13023056073283,153.4246056630098,1.0,0.0,145.14900512239595,113.75000000000001,109.44529914529917,119.41122234046975,0.0,0.0,1436.7966992442857,1.0,119.41122234046975,1.0,506.01644540039325,194.22026144751447,0.0,57.96881186464054,2.8866642968428105,57.96881186464054,10.0,160.0,1.0,0.0,362.0,1.0,0.0,0.0,0.0,0.0,0.0,-1.0,0.0,0.0,0.0,0.0,1.0,0.0,0.0,0.0,0.0,0.0,243.33426806518605,0.0,243.33426806518605,0.0,0.0,0.0,2.6421553999971366,243.33426806518605
0.11742961999699952,0.0008090954683006024,0.6905162477991881,8.076923076923078,0.0,1.0,0.0,0.42857142857142855,0.42857142857142855,23.333333333333336,0.0,0.0,13.212629979854189,0.0,127.95264732664293,0.0,1.0,0.0,0.0,0.0,0.00021117857644530828,0.0,0.0020048755586579642,0.0,0.0,0.0,0.0,0.0,0.0,0.00019581951007421574,0.0,0.0004973286894183317,0.0,0.0,0.0,2.673361399996793,0.0,18.0,1.0,1.0,45.451611975947806,0.0,1.0,0.09780678195847378,1.0,1.0,36.0,1187.631126512216,3096.5422738607795,1908.9111473485634,0.0,0.0,15.820406534202474,41.66371692631651,25.843310392114034,162.96662181700555,0.0,2.0,2.0,2.0,1.9997888214235546,2.0,1.997995124441342,2.0,2.0,2.0,2.0,2.0,2.0,1.9998041804899256,2.0,1.9995026713105817,2.0,2.0,2.0,3315.521865334945,0.0,1.0,1282.6861727477988,2257.7191970276745,0.0,0.0,1.0,0.0,0.0,-961.8342120113193,0.0,961.8342120113193,0.0,0.0,0.0,0.0,0.0,0.0,0.0,0.0,10.631568253562442,10.072910570173264,22.896917295738877,14.365225697530967,57.966621817005546,514.7376390300684,394.2946004888874,174.73577919143088,165.50454137358273,340.0018598386376,228.79005911530462,909.0322395189559,0.004419414131538484,0.004263566980867902,0.015111650201035838,0.0075697522150770065,0.0,0.0,0.0,13.212629979854189,60.2,112.38159318827311,0.0,112.38159318827311,1.0,211.0583324175715,0.0,44.499685916928634,21.800631114407018,23.983099187801816,22.60254363224626,44.499685916928634,21.800631114407018,23.983099187801816,22.60254363224626,112.88595985138373,0.0,0.0,0.0,0.0,0.0,112.88595985138373,0.0,1.916229229087595,0.0,58,5.754567390986789,14.684276644060803,8.929709253074014,10620.0,2257.7191970276745,2257.7191970276745,2257.7191970276745,1.916229229087595,2.420595892198202,0.0,0.0,0.0,150.5338917575191,152.79540535955104,1.0,0.0,149.25667943641537,113.75000000000001,98.47264957264959,115.43765333762926,0.0,0.0,961.8342120113193,1.0,115.43765333762926,1.0,485.6155408128059,185.80264274960294,0.0,54.95206346401966,2.9271869591548105,54.95206346401966,10.0,160.0,1.0,0.0,377.0,1.0,0.0,0.0,0.0,0.0,0.0,-1.0,0.0,0.0,0.0,0.0,1.0,0.0,0.0,0.0,0.0,0.0,276.67076450243815,0.0,276.67076450243815,0.0,0.0,0.0,2.6727078999974765,276.67076450243815
0.19428571428571434,0.005508954796977383,0.8015780963299792,5.416666666666668,0.0,0.0,1.0,0.5714285714285714,0.5714285714285714,14.583333333333336,0.0,0.0,12.921045223636886,0.0,123.7309506456422,0.0,1.0,0.0,0.0,0.0,0.0004334185213577597,0.0,0.0011509488220308296,0.0,0.0,0.0,0.0,0.0,0.0,0.00039171554181128957,0.0,0.0009941077672428343,0.0,0.0,0.0,2.525276500004111,0.0,18.0,1.0,1.0,39.492110316975946,0.0,1.0,0.14682586245396687,1.0,1.0,36.0,1192.7233541469268,3110.1260903261286,1917.4027361792018,0.0,0.0,15.098399920165871,40.32852021105202,25.23012029088615,152.385550141233,0.0,2.0,2.0,2.0,1.9995665814786423,2.0,1.998849051177969,2.0,2.0,2.0,2.0,2.0,2.0,1.9996082844581886,2.0,1.9990058922327572,2.0,2.0,2.0,2864.4416414779716,0.0,1.0,1131.6371963428967,1941.1770295766623,0.0,0.0,1.0,0.0,0.0,-915.7846351868707,0.0,915.7846351868707,0.0,0.0,0.0,0.0,0.0,0.0,0.0,0.0,6.7634915839636776,6.426983457363654,8.655391572914553,8.03968352699112,29.885550141233004,406.09560460367214,383.7466017358465,172.94687593995636,164.49899333018845,233.14872866371581,219.24760840565807,789.8422063395187,0.008971149566753048,0.008527907566547553,0.016305673645035865,0.015137223372985821,0.0,9.279769525809243,0.012888568785846172,12.921045223636886,60.2,97.56418780328735,0.0,97.56418780328735,1.0,198.17478190057656,0.0,25.618430570511922,24.16009723717859,24.349884057793524,22.93043961334908,25.618430570511922,24.16009723717859,24.349884057793524,22.93043961334908,97.05885147883312,0.0,0.0,0.0,0.0,0.0,97.05885147883312,0.0,2.4215655535418312,0.0,59,5.092227634710697,13.58381646534917,8.491588830638472,10800.0,1941.1770295766623,1941.1770295766623,1941.1770295766623,2.4215655535418312,1.9162292290875949,0.0,0.0,0.0,140.7596694031967,148.3631351640703,1.0,0.0,140.83867588493376,113.75000000000001,109.44529914529917,116.4501033325335,0.0,0.0,915.7846351868707,1.0,116.4501033325335,1.0,467.97098244583805,168.34305444190392,0.0,55.94032880880138,2.81948150562565,55.94032880880138,10.0,160.0,1.0,0.0,350.0,1.0,0.0,0.0,0.0,0.0,0.0,-1.0,0.0,0.0,0.0,0.0,1.0,0.0,0.0,0.0,0.0,0.0,266.8942697576058,0.0,266.8942697576058,0.0,0.0,0.0,2.524652599997353,266.8942697576058
