N_P_star,N_UF_star,allocation_A_E_to_N,allocation_A_E_to_S,allocation_A_E_to_W,allocation_A_N_to_E,allocation_A_N_to_S,allocation_A_N_to_W,allocation_A_S_to_E,allocation_A_S_to_N,allocation_A_S_to_W,allocation_A_W_to_E,allocation_A_W_to_N,allocation_A_W_to_S,allocation_B_E_to_N,allocation_B_E_to_S,allocation_B_E_to_W,allocation_B_N_to_E,allocation_B_N_to_S,allocation_B_N_to_W,allocation_B_S_to_E,allocation_B_S_to_N,allocation_B_S_to_W,allocation_B_W_to_E,allocation_B_W_to_N,allocation_B_W_to_S,allocation_C_E_to_N,allocation_C_E_to_S,allocation_C_E_to_W,allocation_C_N_to_E,allocation_C_N_to_S,allocation_C_N_to_W,allocation_C_S_to_E,allocation_C_S_to_N,allocation_C_S_to_W,allocation_C_W_to_E,allocation_C_W_to_N,allocation_C_W_to_S,allocation_D_E_to_N,allocation_D_E_to_W,allocation_D_E_to_onE,allocation_D_E_to_onW,allocation_D_N_to_E,allocation_D_N_to_W,allocation_D_N_to_onE,allocation_D_N_to_onW,allocation_D_W_to_E,allocation_D_W_to_N,allocation_D_W_to_onE,allocation_D_W_to_onW,allocation_D_offE_to_E,allocation_D_offE_to_N,allocation_D_offE_to_W,allocation_D_offW_to_E,allocation_D_offW_to_N,allocation_D_offW_to_W,allocation_E_E_to_N,allocation_E_E_to_W,allocation_E_N_to_E,allocation_E_N_to_W,allocation_E_W_to_E,allocation_E_W_to_N,allocation_F_E_to_N,allocation_F_E_to_W,allocation_F_E_to_onE,allocation_F_E_to_onW,allocation_F_N_to_E,allocation_F_N_to_W,allocation_F_N_to_onE,allocation_F_N_to_onW,allocation_F_W_to_E,allocation_F_W_to_N,allocation_F_W_to_onE,allocation_F_W_to_onW,allocation_F_offE_to_E,allocation_F_offE_to_N,allocation_F_offE_to_W,allocation_F_offW_to_E,allocation_F_offW_to_N,allocation_F_offW_to_W,allocation_in_A_left,allocation_in_A_top,allocation_in_B_top,allocation_in_C_right,allocation_in_C_top,allocation_in_D_left,allocation_in_F_right,allocation_out_A_left,allocation_out_A_top,allocation_out_B_top,allocation_out_C_right,allocation_out_C_top,allocation_out_D_left,allocation_out_F_right,diag_agent_F_E0_capacity_drop_active,diag_agent_F_E0_capacity_drop_lane_loss_FW_E_last,diag_agent_F_E0_capacity_drop_lane_loss_FW_W_last,diag_agent_F_E0_density_excess,diag_agent_F_E0_lambda_eff_FW_E_last,diag_agent_F_E0_lambda_eff_FW_W_last,diag_agent_F_E0_lane_loss,diag_agent_F_E0_metering_error,diag_agent_F_E0_min_receiving_factor,diag_agent_F_E0_objective,diag_agent_F_E0_offramp_occupancy_ratio_OR_D_E,diag_agent_F_E0_offramp_occupancy_ratio_OR_D_W,diag_agent_F_E0_offramp_occupancy_ratio_OR_F_E,diag_agent_F_E0_offramp_occupancy_ratio_OR_F_W,diag_agent_F_E1_capacity_drop_active,diag_agent_F_E1_capacity_drop_lane_loss_FW_E_last,diag_agent_F_E1_capacity_drop_lane_loss_FW_W_last,diag_agent_F_E1_density_excess,diag_agent_F_E1_lambda_eff_FW_E_last,diag_agent_F_E1_lambda_eff_FW_W_last,diag_agent_F_E1_lane_loss,diag_agent_F_E1_metering_error,diag_agent_F_E1_min_receiving_factor,diag_agent_F_E1_objective,diag_agent_F_E1_offramp_occupancy_ratio_OR_D_E,diag_agent_F_E1_offramp_occupancy_ratio_OR_D_W,diag_agent_F_E1_offramp_occupancy_ratio_OR_F_E,diag_agent_F_E1_offramp_occupancy_ratio_OR_F_W,diag_agent_F_E2_capacity_drop_active,diag_agent_F_E2_capacity_drop_lane_loss_FW_E_last,diag_agent_F_E2_capacity_drop_lane_loss_FW_W_last,diag_agent_F_E2_density_excess,diag_agent_F_E2_lambda_eff_FW_E_last,diag_agent_F_E2_lambda_eff_FW_W_last,diag_agent_F_E2_lane_loss,diag_agent_F_E2_metering_error,diag_agent_F_E2_min_receiving_factor,diag_agent_F_E2_objective,diag_agent_F_E2_offramp_occupancy_ratio_OR_D_E,diag_agent_F_E2_offramp_occupancy_ratio_OR_D_W,diag_agent_F_E2_offramp_occupancy_ratio_OR_F_E,diag_agent_F_E2_offramp_occupancy_ratio_OR_F_W,diag_agent_F_W0_capacity_drop_active,diag_agent_F_W0_capacity_drop_lane_loss_FW_E_last,diag_agent_F_W0_capacity_drop_lane_loss_FW_W_last,diag_agent_F_W0_density_excess,diag_agent_F_W0_lambda_eff_FW_E_last,diag_agent_F_W0_lambda_eff_FW_W_last,diag_agent_F_W0_lane_loss,diag_agent_F_W0_metering_error,diag_agent_F_W0_min_receiving_factor,diag_agent_F_W0_objective,diag_agent_F_W0_offramp_occupancy_ratio_OR_D_E,diag_agent_F_W0_offramp_occupancy_ratio_OR_D_W,diag_agent_F_W0_offramp_occupancy_ratio_OR_F_E,diag_agent_F_W0_offramp_occupancy_ratio_OR_F_W,diag_agent_F_W1_capacity_drop_active,diag_agent_F_W1_capacity_drop_lane_loss_FW_E_last,diag_agent_F_W1_capacity_drop_lane_loss_FW_W_last,diag_agent_F_W1_density_excess,diag_agent_F_W1_lambda_eff_FW_E_last,diag_agent_F_W1_lambda_eff_FW_W_last,diag_agent_F_W1_lane_loss,diag_agent_F_W1_metering_error,diag_agent_F_W1_min_receiving_factor,diag_agent_F_W1_objective,diag_agent_F_W1_offramp_occupancy_ratio_OR_D_E,diag_agent_F_W1_offramp_occupancy_ratio_OR_D_W,diag_agent_F_W1_offramp_occupancy_ratio_OR_F_E,diag_agent_F_W1_offramp_occupancy_ratio_OR_F_W,diag_agent_F_W2_capacity_drop_active,diag_agent_F_W2_capacity_drop_lane_loss_FW_E_last,diag_agent_F_W2_capacity_drop_lane_loss_FW_W_last,diag_agent_F_W2_density_excess,diag_agent_F_W2_lambda_eff_FW_E_last,diag_agent_F_W2_lambda_eff_FW_W_last,diag_agent_F_W2_lane_loss,diag_agent_F_W2_metering_error,diag_agent_F_W2_min_receiving_factor,diag_agent_F_W2_objective,diag_agent_F_W2_offramp_occupancy_ratio_OR_D_E,diag_agent_F_W2_offramp_occupancy_ratio_OR_D_W,diag_agent_F_W2_offramp_occupancy_ratio_OR_F_E,diag_agent_F_W2_offramp_occupancy_ratio_OR_F_W,diag_agent_U_A_allocation_module_used,diag_agent_U_A_freeway_pressure_used,diag_agent_U_A_local_queue,diag_agent_U_A_objective,diag_agent_U_B_allocation_module_used,diag_agent_U_B_freeway_pressure_used,diag_agent_U_B_local_queue,diag_agent_U_B_objective,diag_agent_U_C_allocation_module_used,diag_agent_U_C_freeway_pressure_used,diag_agent_U_C_local_queue,diag_agent_U_C_objective,diag_agent_U_D_allocation_module_used,diag_agent_U_D_freeway_pressure_used,diag_agent_U_D_local_queue,diag_agent_U_D_objective,diag_agent_U_F_allocation_module_used,diag_agent_U_F_freeway_pressure_used,diag_agent_U_F_local_queue,diag_agent_U_F_objective,diag_distributed_agent_F_E0_active,diag_distributed_agent_F_E1_active,diag_distributed_agent_F_E2_active,diag_distributed_agent_F_W0_active,diag_distributed_agent_F_W1_active,diag_distributed_agent_F_W2_active,diag_distributed_agent_U_A_active,diag_distributed_agent_U_B_active,diag_distributed_agent_U_C_active,diag_distributed_agent_U_D_active,diag_distributed_agent_U_F_active,diag_distributed_coupling_residual,diag_distributed_freeway_agent_count,diag_distributed_iterations,diag_distributed_player_active,diag_distributed_urban_agent_count,diag_nash_converged,diag_nash_freeway_used_coupled_prediction,diag_nash_iterations,diag_nash_mutual_response_active,diag_nash_per_agent_active,diag_nash_urban_used_freeway_response,green_A_p1,green_A_p2,green_B_p1,green_B_p2,green_C_p1,green_C_p2,green_D_p1,green_D_p2,green_F_p1,green_F_p2,offset_A,offset_B,offset_C,offset_D,offset_F,ramp_metering_R_D_E,ramp_metering_R_D_W,ramp_metering_R_F_E,ramp_metering_R_F_W,step,time_sec,vsl_FW_E,vsl_FW_W
0.0,0.0,1399.7759999999998,700.0,1399.7759999999998,218.76719818871547,1356.9642634651275,1399.7759999999998,700.0,1399.7759999999998,1399.7759999999998,1201.892426693405,1399.7759999999998,1399.7759999999998,1399.7759999999998,700.0,700.0,839.3862002698552,689.018017165023,1303.5375361325534,700.0,1399.7759999999998,700.0,700.0,1399.7759999999998,700.0,1399.7759999999998,622.2552503768943,1399.7759999999998,962.714996108491,1399.7759999999998,1399.7759999999998,1399.7759999999998,1399.7759999999998,700.0,1399.7759999999998,1399.7759999999998,700.0,700.0,1399.7759999999998,1399.7759999999998,535.3222540519138,700.0,1399.7759999999998,273.1406731214374,291.29089100385283,1399.7759999999998,1399.7759999999998,1399.7759999999998,241.29438719558715,1399.7759999999998,1399.7759999999998,1399.7759999999998,1013.2932365522825,1157.5528994911,1399.7759999999998,700.0,700.0,700.0,700.0,700.0,700.0,576.2093607026543,844.0244276654237,1399.7759999999998,1399.7759999999998,1399.7759999999998,700.0,246.69741396453384,1288.1145316851853,1399.7759999999998,700.0,1172.2122793616213,1329.287808913121,854.7253399025758,1399.7759999999998,1326.8465734938707,35.8168232223969,1399.7759999999998,1314.6084400329846,4001.444426693405,2975.5074616538427,2831.9417535674315,3421.8072503768944,3762.266996108491,4440.622387195586,4219.785788368078,2799.5519999999997,2799.5519999999997,4199.3279999999995,2799.5519999999997,2799.5519999999997,2799.5519999999997,2799.5519999999997,0.0,0.0,0.0,0.0,2.0,2.0,0.0,0.0,1.0,18.0,0.0,0.0,0.0,0.0,0.0,0.0,0.0,0.0,2.0,2.0,0.0,0.0,1.0,18.0,0.0,0.0,0.0,0.0,0.0,0.0,0.0,0.0,2.0,2.0,0.0,0.0,1.0,18.0,0.0,0.0,0.0,0.0,0.0,0.0,0.0,0.0,2.0,2.0,0.0,0.0,1.0,18.0,0.0,0.0,0.0,0.0,0.0,0.0,0.0,0.0,2.0,2.0,0.0,0.0,1.0,18.0,0.0,0.0,0.0,0.0,0.0,0.0,0.0,0.0,2.0,2.0,0.0,0.0,1.0,18.0,0.0,0.0,0.0,0.0,1.0,1.0,40.0,646.3397596368011,1.0,1.0,20.0,626.3397596368011,1.0,1.0,40.0,646.3397596368011,1.0,1.0,20.0,626.3397596368011,1.0,1.0,20.0,626.3397596368011,1.0,1.0,1.0,1.0,1.0,1.0,1.0,1.0,1.0,1.0,1.0,0.0007601981537951048,6.0,5.0,1.0,5.0,True,0.0,5,1.0,1.0,1.0,56.0,56.0,91.98848000000001,20.011519999999997,56.0,56.0,48.72140306860665,63.27859693139335,44.50924792349018,67.49075207650982,0.0,15.0,105.0,105.0,15.0,497.3411308890272,402.3773591440412,495.4630663398673,735.1402666666668,0,180.0,100.0,100.0
0.0,0.0,1399.99992832,700.0,1399.99992832,1399.6220055034203,595.0467466082421,1399.99992832,700.0,1399.99992832,1399.99992832,498.432016976268,793.7025094802044,1399.99992832,1399.99992832,700.0,700.0,1399.8206035840863,1399.7724857654928,1399.9691320115624,700.0,1399.99992832,700.0,700.0,1399.99992832,700.0,564.8903155958088,1399.7511216801206,1096.6551540901596,791.1841272132117,139.4554175266984,1307.8206680883295,1399.99992832,1399.99992832,700.0,1399.99992832,1399.99992832,700.0,700.0,1399.99992832,965.7161242013083,649.0185106153807,700.0,1399.99992832,951.3881573453258,900.439336481467,1399.99992832,547.5928026914887,1399.99992832,1399.6292142039024,1399.99992832,1399.99992832,304.17925225061776,968.3451960648054,1399.922416927837,414.05110103581103,700.0,700.0,700.0,700.0,700.0,700.0,721.2223451678217,1399.822087816853,635.601632192533,647.7039653226461,1399.99992832,700.0,1378.1536876765747,751.428368831635,1399.99992832,700.0,1209.8264138895038,964.1758100904505,1399.8255121087686,801.0204709558161,1399.976590903518,824.7091465525334,1169.9985904640794,1052.9005523058706,2692.134454776472,3394.668680431663,4199.562221361141,3061.296591366089,2238.4602128282395,4747.221873535391,3404.350030499854,2799.99985664,2799.99985664,4199.9997849599995,2799.99985664,2799.99985664,2799.99985664,2799.99985664,1.0,0.0004295340474387288,0.0004396213757364986,0.0,1.9995704659525613,1.9995603786242635,0.0004295340474387288,0.0,1.0,11.257295557477939,0.024778960948809232,0.025068412189687094,0.024778960948809232,0.025068412189687094,1.0,0.0004295340474387288,0.0004396213757364986,0.0,1.9995704659525613,1.9995603786242635,0.0004295340474387288,0.0,1.0,17.167610785716867,0.024778960948809232,0.025068412189687094,0.024778960948809232,0.025068412189687094,1.0,0.0004295340474387288,0.0004396213757364986,0.0,1.9995704659525613,1.9995603786242635,0.0004295340474387288,0.0,1.0,17.290129778120825,0.024778960948809232,0.025068412189687094,0.024778960948809232,0.025068412189687094,1.0,0.0004295340474387288,0.0004396213757364986,0.0,1.9995704659525613,1.9995603786242635,0.0004396213757364986,0.0,1.0,10.84154609998626,0.024778960948809232,0.025068412189687094,0.024778960948809232,0.025068412189687094,1.0,0.0004295340474387288,0.0004396213757364986,0.0,1.9995704659525613,1.9995603786242635,0.0004396213757364986,0.0,1.0,17.582060367829754,0.024778960948809232,0.025068412189687094,0.024778960948809232,0.025068412189687094,1.0,0.0004295340474387288,0.0004396213757364986,0.0,1.9995704659525613,1.9995603786242635,0.0004396213757364986,0.0,1.0,17.660290901763535,0.024778960948809232,0.025068412189687094,0.024778960948809232,0.025068412189687094,1.0,1.0,25.504970545529257,129.50436172939823,1.0,1.0,32.48147697438089,136.48086815824985,1.0,1.0,12.44512215008523,116.44451333395419,1.0,1.0,50.77523170599048,154.77462288985944,1.0,1.0,56.17347844051256,160.17286962438152,1.0,1.0,1.0,1.0,1.0,1.0,1.0,1.0,1.0,1.0,1.0,0.0006406726095604586,6.0,5.0,1.0,5.0,True,0.0,5,1.0,1.0,1.0,25.188008217829005,86.81199178217099,20.0230363136,91.97696368640001,52.41493950334224,59.58506049665776,55.64754168014695,56.35245831985305,46.13502656178627,65.86497343821374,0.0,30.0,0.0,95.0431872,30.0,1499.6791491618844,1499.6487607549261,1499.6785481812287,1499.7552448853332,1,360.0,100.0,100.0
0.0,0.0,1399.9999999954125,700.0,1399.9999999954125,1271.956186218751,463.8556919484119,1275.892535065303,700.0,1399.9999999954125,1399.9999999954125,1399.9422996490864,1399.9611969606067,1135.0388865525763,1399.9999999954125,700.0,700.0,1399.9545675222955,643.0802385068754,592.7038814346433,700.0,1399.9999999954125,700.0,700.0,1399.9999999954125,700.0,1115.570147158557,1399.9999840717874,1399.9805859298617,271.8152726231889,1399.9193251467216,291.65259504616483,1399.9999999954125,1399.9999999954125,700.0,1399.9999999954125,1399.9999999954125,700.0,700.0,1399.9999999954125,1399.9722058319487,762.5516473539697,700.0,1399.9999999954125,892.322468858498,786.0428597927835,953.0126327128434,500.6418090114944,973.481848151334,1399.999976269709,618.9571599241059,1399.9999999954125,1399.929867472144,609.2685051224953,1399.9999950346833,1057.4774660263072,700.0,700.0,700.0,700.0,700.0,700.0,1399.9565582300906,1399.9999886136202,1399.9510785044602,1399.9518530537805,1399.9999999954125,700.0,608.1810031654617,382.4470578227014,1399.9999999954125,700.0,1399.9878288904888,1399.9721072518457,646.3128945882763,1028.6422540641681,0.08959850181782503,487.7959511548241,456.0082992855338,531.8590311850135,3934.94238316227,3011.7044132324663,2635.738687463814,3915.5507171602057,1963.3871928160754,3827.1362661453804,5599.8594784019515,2799.999999990825,2799.999999990825,4199.9999999862375,2799.999999990825,2799.999999990825,2799.999999990825,2799.999999990825,1.0,0.0007778303026888533,0.0006565789141013134,0.0,1.9992221696973111,1.9993434210858987,0.0007778303026888533,0.0,1.0,14.120336646651333,0.03335300157055829,0.03064067177158923,0.03335300157055829,0.03064067177158923,1.0,0.0007778303026888533,0.0006565789141013134,0.0,1.9992221696973111,1.9993434210858987,0.0007778303026888533,0.0,1.0,31.41637010132671,0.03335300157055829,0.03064067177158923,0.03335300157055829,0.03064067177158923,1.0,0.0007778303026888533,0.0006565789141013134,0.0,1.9992221696973111,1.9993434210858987,0.0007778303026888533,0.0,1.0,30.779410816751152,0.03335300157055829,0.03064067177158923,0.03335300157055829,0.03064067177158923,1.0,0.0007778303026888533,0.0006565789141013134,0.0,1.9992221696973111,1.9993434210858987,0.0006565789141013134,0.0,1.0,12.161529514401147,0.03335300157055829,0.03064067177158923,0.03335300157055829,0.03064067177158923,1.0,0.0007778303026888533,0.0006565789141013134,0.0,1.9992221696973111,1.9993434210858987,0.0006565789141013134,0.0,1.0,24.89779454662214,0.03335300157055829,0.03064067177158923,0.03335300157055829,0.03064067177158923,1.0,0.0007778303026888533,0.0006565789141013134,0.0,1.9992221696973111,1.9993434210858987,0.0006565789141013134,0.0,1.0,25.03163701509831,0.03335300157055829,0.03064067177158923,0.03335300157055829,0.03064067177158923,1.0,1.0,32.41850146110527,153.71041205506543,1.0,1.0,37.22745609233937,158.51936668629952,1.0,1.0,41.50168640724029,162.79359700120045,1.0,1.0,68.73309481181727,190.02500540577745,1.0,1.0,45.590949841192106,166.88286043515228,1.0,1.0,1.0,1.0,1.0,1.0,1.0,1.0,1.0,1.0,1.0,0.00031501349719293494,6.0,6.0,1.0,5.0,True,0.0,6,1.0,1.0,1.0,91.99572403252594,20.004275967474058,91.99539347432408,20.00460652567593,91.99746655612822,20.002533443871783,63.26493432156946,48.73506567843054,91.99706464169996,20.002935358300043,0.0,24.960322559999994,15.0,95.04000020398081,15.0,1499.9999794655464,1499.9999775206882,1499.9999794270834,1499.9999843356725,2,540.0,100.0,100.0
0.0,0.0,1399.9999999999984,700.0,1399.9999999999984,1399.95902597959,1399.7004338214233,1399.9602856112208,700.0,1399.9999999999984,1399.9999999999984,919.9917724208988,249.38290090876004,864.1149936095152,1399.9999999999984,700.0,700.0,1399.9999854616071,1399.757785676322,1399.741665242059,700.0,1399.9999999999984,700.0,700.0,1399.9999999999984,700.0,1396.476583265151,1254.178874963045,1387.3633716188408,1399.6389808872393,1399.9999741840468,1399.6453288304147,1399.9999999999984,1399.9999999999984,700.0,1399.9999999999984,1399.9999999999984,700.0,700.0,1399.9999999999984,238.44601479089584,976.9660578626343,700.0,1399.9999999999984,1025.167910385433,870.0206616236212,1269.421322906401,1399.7122053788835,1188.636027858239,662.394953001168,174.78894348508408,937.9844348958206,1399.999977557591,458.56979680518896,979.2787570227854,1399.8903927891283,700.0,700.0,700.0,700.0,700.0,700.0,1399.9999860986336,775.7955393632446,1091.3380564562526,1399.9999845929772,1399.9999999999984,700.0,1399.7466179210128,1399.6743830585033,1399.9999999999984,700.0,671.3589550698996,595.402839188806,1399.7588201262681,397.7943405641542,618.3374450587477,974.6613465052033,1399.6979226557712,515.0489625255834,2033.489666939174,4199.619745412234,4199.499436379988,4038.018829847037,4199.284283901701,4520.164509144692,4667.133566511108,2799.999999999997,2799.999999999997,4199.999999999995,2799.999999999997,2799.999999999997,2799.999999999997,2799.999999999997,1.0,0.0007641942753757736,0.0005994720246533802,0.0,1.9992358057246242,1.9994005279753466,0.0007641942753757736,0.0,1.0,14.271221370010524,0.03305903307081574,0.029276660441485566,0.03305903307081574,0.029276660441485566,1.0,0.0007641942753757736,0.0005994720246533802,0.0,1.9992358057246242,1.9994005279753466,0.0007641942753757736,0.0,1.0,29.14998286766189,0.03305903307081574,0.029276660441485566,0.03305903307081574,0.029276660441485566,1.0,0.0007641942753757736,0.0005994720246533802,0.0,1.9992358057246242,1.9994005279753466,0.0007641942753757736,0.0,1.0,29.566348592527767,0.03305903307081574,0.029276660441485566,0.03305903307081574,0.029276660441485566,1.0,0.0007641942753757736,0.0005994720246533802,0.0,1.9992358057246242,1.9994005279753466,0.0005994720246533802,0.0,1.0,12.172729216637542,0.03305903307081574,0.029276660441485566,0.03305903307081574,0.029276660441485566,1.0,0.0007641942753757736,0.0005994720246533802,0.0,1.9992358057246242,1.9994005279753466,0.0005994720246533802,0.0,1.0,22.621451068259567,0.03305903307081574,0.029276660441485566,0.03305903307081574,0.029276660441485566,1.0,0.0007641942753757736,0.0005994720246533802,0.0,1.9992358057246242,1.9994005279753466,0.0005994720246533802,0.0,1.0,21.8935861329379,0.03305903307081574,0.029276660441485566,0.03305903307081574,0.029276660441485566,1.0,1.0,48.41149493669962,511.50174874884704,1.0,1.0,34.937534885921465,498.0277886980689,1.0,1.0,38.99735160754594,502.0876054196933,1.0,1.0,92.08507235937587,555.1753261715232,1.0,1.0,127.94103921838918,591.0312930305366,1.0,1.0,1.0,1.0,1.0,1.0,1.0,1.0,1.0,1.0,1.0,0.0009169027169779819,6.0,5.0,1.0,5.0,True,0.0,5,1.0,1.0,1.0,20.023038631690408,91.9769613683096,26.41447327360393,85.58552672639607,20.02303918929796,91.97696081070205,60.762957392777366,51.23704260722263,57.613564290812704,54.386435709187296,0.0,18.568565355527042,30.0,95.04000000006528,30.0,1499.999999993429,1499.9999999928066,1499.7539888305967,1324.1694908476375,3,720.0,100.0,100.0
0.0,0.0,1400.0,700.0,1400.0,648.5168028161798,697.446718333925,1399.9999872913954,700.0,1400.0,1400.0,1399.8463973671746,1399.6318025282908,803.7910979616946,1400.0,700.0,700.0,1303.4106419612924,491.2905778730011,1210.6967422417836,700.0,1400.0,700.0,700.0,1400.0,700.0,1399.9988725066448,1399.953337239988,1399.995956278918,524.6635666770916,647.4001264245031,257.0149662914623,1400.0,1400.0,700.0,1400.0,1400.0,700.0,700.0,1400.0,1399.628302724733,877.1152317768284,700.0,1400.0,1194.244449486263,1284.0324902459972,330.593564139779,1399.999907905721,1399.9323635289145,697.0776248805612,0.05593246191522685,915.7567043724102,820.2380426415928,0.1467423349776603,0.313369202247291,221.78820364326532,700.0,700.0,700.0,700.0,700.0,700.0,1399.9999999955514,1399.8002545725963,505.2780265401128,0.4479999950697522,1400.0,700.0,1357.8257208703235,1186.2777541285311,1400.0,700.0,1399.7668348656223,1399.7425289085404,1399.9999228224403,841.081168616492,289.98662503255423,60.177798858655336,1399.9999033352497,1399.7168156680082,3603.2692978571604,2745.9635084415004,3005.397962076077,4199.948166025551,1429.0786593930573,3827.603460454976,3305.5262811033303,2800.0,2800.0,4200.0,2800.0,2800.0,2800.0,2800.0,1.0,0.000764949748019994,0.0007470305729786464,0.0,1.99923505025198,1.9992529694270214,0.000764949748019994,0.0,1.0,14.128579626600308,0.03307538778273494,0.03268527257131429,0.03307538778273494,0.03268527257131429,1.0,0.000764949748019994,0.0007470305729786464,0.0,1.99923505025198,1.9992529694270214,0.000764949748019994,0.0,1.0,29.078981991418967,0.03307538778273494,0.03268527257131429,0.03307538778273494,0.03268527257131429,1.0,0.000764949748019994,0.0007470305729786464,0.0,1.99923505025198,1.9992529694270214,0.000764949748019994,0.0,1.0,29.903274565044168,0.03307538778273494,0.03268527257131429,0.03307538778273494,0.03268527257131429,1.0,0.000764949748019994,0.0007470305729786464,0.0,1.99923505025198,1.9992529694270214,0.0007470305729786464,0.0,1.0,13.700530442849152,0.03307538778273494,0.03268527257131429,0.03307538778273494,0.03268527257131429,1.0,0.000764949748019994,0.0007470305729786464,0.0,1.99923505025198,1.9992529694270214,0.0007470305729786464,0.0,1.0,28.005321745677737,0.03307538778273494,0.03268527257131429,0.03307538778273494,0.03268527257131429,1.0,0.000764949748019994,0.0007470305729786464,0.0,1.99923505025198,1.9992529694270214,0.0007470305729786464,0.0,1.0,29.116217180760216,0.03307538778273494,0.03268527257131429,0.03307538778273494,0.03268527257131429,1.0,1.0,45.99676679056234,806.2099745083606,1.0,1.0,40.02052725092027,800.2337349687185,1.0,1.0,43.68658014074928,803.8997878585475,1.0,1.0,113.70946034299111,873.9226680607893,1.0,1.0,130.69262962688165,890.9058373446799,1.0,1.0,1.0,1.0,1.0,1.0,1.0,1.0,1.0,1.0,1.0,0.0006268208011401173,6.0,5.0,1.0,5.0,True,0.0,5,1.0,1.0,1.0,91.97696737236214,20.023032627637857,91.97901263144756,20.020987368552447,91.97696737254059,20.023032627459422,59.976186263579606,52.0238137364204,51.73011469183652,60.26988530816348,0.0,24.957954740913763,45.0,95.04000000000002,45.0,1499.9999999999977,1499.9999999999977,1499.9999212764258,1499.943734237071,4,900.0,100.0,100.0
0.0,0.0,1400.0,700.0,1400.0,1399.7595253769011,1399.7751829498668,1399.9999999959332,700.0,1400.0,1400.0,1219.858759344852,1395.047748598256,1399.8092131513476,1400.0,700.0,700.0,1399.9690914054274,1399.7092129849193,1399.9394229575173,700.0,1400.0,700.0,700.0,1400.0,700.0,1399.999999639202,188.90519851364246,1399.9999987060091,1399.7198923413366,1399.7591680404557,1112.0777386266502,1400.0,1400.0,700.0,1400.0,1400.0,700.0,700.0,1400.0,1328.4606062173084,1163.8914948484062,700.0,1400.0,1038.769577088993,874.9092728698832,1399.6577899405247,1399.9999999705296,19.889866970737177,1399.7750648399617,1399.5520178983877,1399.845042145399,1399.8144761736453,1399.5520469575472,0.000100278144719133,232.27993772425341,700.0,700.0,700.0,700.0,700.0,700.0,1061.6625320636456,1099.7848368802986,1399.7136889684928,1399.5521433599984,1400.0,700.0,917.730207004714,852.6644985617581,1400.0,700.0,1399.999925387157,1399.9999176092506,897.9935214436814,535.5235533754174,514.9837382853597,1290.8191455848782,1399.9999999690672,891.059675518753,4014.715721094456,4199.534708322701,4199.617727347864,2988.905196858854,3911.556799008443,4219.322721721754,4960.713201272436,2800.0,2800.0,4200.0,2800.0,2800.0,2800.0,2800.0,1.0,0.0007933961751582785,0.0008131516937925909,0.0,1.9992066038248417,1.9991868483062074,0.0007933961751582785,0.0,1.0,18.893080591906944,0.03368545234987082,0.0341027387508286,0.03368545234987082,0.0341027387508286,1.0,0.0007933961751582785,0.0008131516937925909,12.110788291983496,1.9992066038248417,1.9991868483062074,0.0007933961751582785,0.0,0.9173325031263925,166.71867121181845,0.03368545234987082,0.0341027387508286,0.03368545234987082,0.0341027387508286,1.0,0.0007933961751582785,0.0008131516937925909,9.60543055631328,1.9992066038248417,1.9991868483062074,0.0007933961751582785,0.0,1.0,139.15973611944608,0.03368545234987082,0.0341027387508286,0.03368545234987082,0.0341027387508286,1.0,0.0007933961751582785,0.0008131516937925909,0.0,1.9992066038248417,1.9991868483062074,0.0008131516937925909,0.0,1.0,15.757735469576513,0.03368545234987082,0.0341027387508286,0.03368545234987082,0.0341027387508286,1.0,0.0007933961751582785,0.0008131516937925909,2.3274056259372458,1.9992066038248417,1.9991868483062074,0.0008131516937925909,0.0,0.9841132721779028,59.1014618853097,0.03368545234987082,0.0341027387508286,0.03368545234987082,0.0341027387508286,1.0,0.0007933961751582785,0.0008131516937925909,2.702387324558245,1.9992066038248417,1.9991868483062074,0.0008131516937925909,0.0,1.0,63.226260570140695,0.03368545234987082,0.0341027387508286,0.03368545234987082,0.0341027387508286,1.0,1.0,40.063326296773546,1078.2742019031139,1.0,1.0,53.251319839014016,1091.4621954453544,1.0,1.0,37.786115893816884,1075.9969915001573,1.0,1.0,129.60274132883382,1167.8136169351742,1.0,1.0,108.74042938527694,1146.9513049916172,1.0,1.0,1.0,1.0,1.0,1.0,1.0,1.0,1.0,1.0,1.0,0.0006470909806020842,6.0,5.0,1.0,5.0,True,0.0,5,1.0,1.0,1.0,20.023032629559154,91.97696737044085,39.507883495284275,72.49211650471571,53.29444737185051,58.70555262814949,59.13182385152628,52.86817614847372,89.40520478083643,22.594795219163576,0.0,9.957954740913763,30.0,95.04,30.0,1500.0,1500.0,1499.9999999748084,1499.9999819949558,5,1080.0,80.0,80.0
0.0,0.0,1400.0,700.0,1400.0,438.95696035805065,955.1203227497617,831.9109006686642,700.0,1400.0,1400.0,1384.3232023407309,1399.9984152795514,0.44793894820843067,1400.0,700.0,700.0,1399.9999901092497,1062.4846828240322,1399.9999806153464,700.0,1400.0,700.0,700.0,1400.0,700.0,0.4479999998845442,1399.6124496635243,249.0814300804123,1319.591066619058,1222.1797926155652,1399.9078648763605,1400.0,1400.0,700.0,1400.0,1400.0,700.0,700.0,1400.0,1399.9771073939894,1399.9244452783514,700.0,1400.0,898.5275470481212,843.996469335771,1399.9998904927809,1399.9999999999905,1399.5583647574306,817.0785249315354,817.9826660477755,0.4479504134865272,70.7659050185698,548.3921401144908,217.55889624054964,1399.6263295800718,700.0,700.0,700.0,700.0,700.0,700.0,1399.8917320102603,1399.9039311478016,1230.0330863588304,700.7315761054936,1400.0,700.0,1240.1474558084838,1169.6568759977015,1400.0,700.0,1399.9999999761237,1399.9999999736349,1399.8393579268618,1399.72336753708,568.176442535387,981.4386766583067,1399.99999999999,621.3721924466876,2784.7695565684908,2225.988183776477,3862.4846535486286,1649.1418797438214,3941.678724110984,5016.636780181738,4730.560325622387,2800.0,2800.0,4200.0,2800.0,2800.0,2800.0,2800.0,1.0,0.00044567665040684545,0.0007606316245873934,0.0,1.9995543233495932,1.9992393683754126,0.00044567665040684545,0.0,1.0,31.8216815848589,0.02524057519555723,0.032981798854399474,0.02524057519555723,0.032981798854399474,1.0,0.00044567665040684545,0.0007606316245873934,29.56381674668014,1.9995543233495932,1.9992393683754126,0.00044567665040684545,0.0,0.7981992030943335,358.7019842134815,0.02524057519555723,0.032981798854399474,0.02524057519555723,0.032981798854399474,1.0,0.00044567665040684545,0.0007606316245873934,26.564017409146075,1.9995543233495932,1.9992393683754126,0.00044567665040684545,0.0,1.0,325.7041915006068,0.02524057519555723,0.032981798854399474,0.02524057519555723,0.032981798854399474,1.0,0.00044567665040684545,0.0007606316245873934,0.0,1.9995543233495932,1.9992393683754126,0.0007606316245873934,0.0,1.0,18.794058456695957,0.02524057519555723,0.032981798854399474,0.02524057519555723,0.032981798854399474,1.0,0.00044567665040684545,0.0007606316245873934,5.9835765987469145,1.9995543233495932,1.9992393683754126,0.0007606316245873934,0.0,0.9591564737286901,99.31934258621607,0.02524057519555723,0.032981798854399474,0.02524057519555723,0.032981798854399474,1.0,0.00044567665040684545,0.0007606316245873934,7.511600347297097,1.9995543233495932,1.9992393683754126,0.0007606316245873934,0.0,1.0,116.12760382026806,0.02524057519555723,0.032981798854399474,0.02524057519555723,0.032981798854399474,1.0,1.0,32.95066706966984,290.47021182543256,1.0,1.0,64.03690322980984,321.5564479855725,1.0,1.0,25.963609595518545,283.48315435128126,1.0,1.0,142.32714772990465,399.84669248566735,1.0,1.0,156.61451279395266,414.13405754971535,1.0,1.0,1.0,1.0,1.0,1.0,1.0,1.0,1.0,1.0,1.0,0.00030139357099056587,6.0,5.0,1.0,5.0,True,0.0,5,1.0,1.0,1.0,91.97696737044146,20.02303262955854,79.98006163015539,32.01993836984461,79.54454603035894,32.45545396964105,89.72822089732259,22.271779102677407,54.68617139718127,57.31382860281873,0.0,24.957954740913763,45.0,95.04,45.0,918.5377331838444,1500.0,1181.7502668161478,1499.9999999942384,6,1260.0,60.0,60.0
0.0,0.0,1400.0,700.0,1400.0,1399.6924662273145,1399.8576385032798,1399.8182114882138,700.0,1400.0,1400.0,973.6105406870005,729.0360200310492,953.6805702445954,1400.0,700.0,700.0,1399.999999996835,1399.8919950985037,961.4490771222329,700.0,1400.0,700.0,700.0,1400.0,700.0,584.2121580499479,237.35234156654167,615.0915441570177,1399.974269141318,1399.9430975336368,1399.9999705167604,1400.0,1400.0,700.0,1400.0,1400.0,700.0,700.0,1400.0,1324.4591782123948,1399.999975822489,700.0,1400.0,1399.8395288150552,1141.2640181310376,1399.9999999649576,998.5092456396303,963.8014503272753,1196.461165673192,1286.1505019478068,1399.5521433441322,681.8116240853311,1399.7274854848365,1399.621618846797,237.03644660427966,700.0,700.0,700.0,700.0,700.0,700.0,1399.9999653542432,1399.9999692579672,1180.714664213809,1399.7762341043535,1400.0,700.0,978.3446732728153,943.6785867734734,1400.0,700.0,1399.9999999999923,1399.9999999999914,423.19807923737,626.6258531423193,0.18181646161132362,1264.418065066429,1400.0,1005.5819128214846,2656.3271309626452,4199.368316218808,3761.3410722175713,1436.6560437735072,4199.917337191715,4558.771861605055,5380.490832930373,2800.0,2800.0,4200.0,2800.0,2800.0,2800.0,2800.0,1.0,0.00010899093272764837,0.0006170438626467156,57.2680152506031,1.9998910090672724,1.9993829561373533,0.00010899093272764837,0.0,1.0,663.448167756634,0.012479005585671506,0.029703016237592195,0.012479005585671506,0.029703016237592195,1.0,0.00010899093272764837,0.0006170438626467156,60.14736833086856,1.9998910090672724,1.9993829561373533,0.00010899093272764837,0.0,0.5894377588336617,695.1210516395541,0.012479005585671506,0.029703016237592195,0.012479005585671506,0.029703016237592195,1.0,0.00010899093272764837,0.0006170438626467156,50.48277236187732,1.9998910090672724,1.9993829561373533,0.00010899093272764837,0.0,1.0,588.8104959806506,0.012479005585671506,0.029703016237592195,0.012479005585671506,0.029703016237592195,1.0,0.00010899093272764837,0.0006170438626467156,0.0,1.9998910090672724,1.9993829561373533,0.0006170438626467156,0.0,1.0,28.952809213181197,0.012479005585671506,0.029703016237592195,0.012479005585671506,0.029703016237592195,1.0,0.00010899093272764837,0.0006170438626467156,22.7806149140743,1.9998910090672724,1.9993829561373533,0.0006170438626467156,0.0,0.84450092208823,284.0867640548173,0.012479005585671506,0.029703016237592195,0.012479005585671506,0.029703016237592195,1.0,0.00010899093272764837,0.0006170438626467156,17.358542840903453,1.9998910090672724,1.9993829561373533,0.0006170438626467156,0.0,1.0,224.443971249938,0.012479005585671506,0.029703016237592195,0.012479005585671506,0.029703016237592195,1.0,1.0,43.220318470502306,358.3395497233261,1.0,1.0,40.349090302285155,355.46832155510896,1.0,1.0,37.02550266144657,352.1447339142704,1.0,1.0,186.12609550764333,501.24532676046715,1.0,1.0,128.9244692993816,444.0437005522054,1.0,1.0,1.0,1.0,1.0,1.0,1.0,1.0,1.0,1.0,1.0,0.00043162060278728354,6.0,5.0,1.0,5.0,True,0.0,5,1.0,1.0,1.0,20.02303262955854,91.97696737044146,24.39353291365496,87.60646708634505,20.019054254729713,91.98094574527029,57.134159078681904,54.865840921318096,91.9880595748471,20.0119404251529,0.0,20.58566005158378,49.91842559999999,95.04,30.0,805.7007817472715,1500.0,694.4913104127286,1499.9999999999982,7,1440.0,50.0,50.0
0.0,0.0,1400.0,700.0,1400.0,728.2825717649318,0.44795444432104903,631.8113875813323,700.0,1400.0,1400.0,1399.8635553730198,1399.7852915264098,0.3051777824782702,1400.0,700.0,700.0,0.4479999999989867,388.56169328753174,1201.5053147970377,700.0,1400.0,700.0,700.0,1400.0,700.0,1399.738947890576,1399.6279527493011,1399.7488292941302,1399.999991766125,0.44798179121076326,872.4586089485083,1400.0,1400.0,700.0,1400.0,1400.0,700.0,700.0,1400.0,1399.975826937028,1399.9999999922632,700.0,1400.0,1104.8556653154842,957.216595263225,829.1386342275523,1399.8715229586046,285.5417208473979,1399.9348675730153,1390.2018080482053,1399.99985668587,924.8426375723776,0.44791279535514716,1399.9998789180308,710.420727672379,700.0,700.0,700.0,700.0,700.0,700.0,0.4479999889133573,1399.9999999901625,1399.9298286925482,1399.9999283949132,1400.0,700.0,1399.8650702954471,1375.0392866348748,1400.0,700.0,1357.8683541396708,1127.1997264776626,1399.687423385356,1399.7525202730055,5.8181267715623485e-05,0.7505187426813222,1400.0,0.3217862121028747,2799.954024681908,1360.541913790585,1590.5150080845683,4199.1157299340075,2272.906582505844,3914.4867456065704,4200.377757066538,2800.0,2800.0,4200.0,2800.0,2800.0,2800.0,2800.0,1.0,6.80391327056995e-05,0.00020264317786944375,103.1691027349328,1.9999319608672943,1.9997973568221306,6.80391327056995e-05,0.0,1.0,1168.3601300842608,0.009859422388346672,0.01701687665430486,0.009859422388346672,0.01701687665430486,1.0,6.80391327056995e-05,0.00020264317786944375,102.67009352490908,1.9999319608672943,1.9997973568221306,6.80391327056995e-05,0.0,0.29918024897672985,1162.871028774,0.009859422388346672,0.01701687665430486,0.009859422388346672,0.01701687665430486,1.0,6.80391327056995e-05,0.00020264317786944375,94.05137364096896,1.9999319608672943,1.9997973568221306,6.80391327056995e-05,0.0,1.0,1068.0651100506586,0.009859422388346672,0.01701687665430486,0.009859422388346672,0.01701687665430486,1.0,6.80391327056995e-05,0.00020264317786944375,36.595795168392684,1.9999319608672943,1.9997973568221306,0.00020264317786944375,0.0,1.0,436.0537468523195,0.009859422388346672,0.01701687665430486,0.009859422388346672,0.01701687665430486,1.0,6.80391327056995e-05,0.00020264317786944375,48.26598225100642,1.9999319608672943,1.9997973568221306,0.00020264317786944375,0.0,0.6705393703002974,564.4258047610706,0.009859422388346672,0.01701687665430486,0.009859422388346672,0.01701687665430486,1.0,6.80391327056995e-05,0.00020264317786944375,40.68820473341519,1.9999319608672943,1.9997973568221306,0.00020264317786944375,0.0,1.0,481.07025206756714,0.009859422388346672,0.01701687665430486,0.009859422388346672,0.01701687665430486,1.0,1.0,51.14077355968777,206.75370218098976,1.0,1.0,51.94759733711424,207.56052595841624,1.0,1.0,60.1132282892561,215.72615691055807,1.0,1.0,142.7517980368465,298.36472665814847,1.0,1.0,186.0391956435245,341.6521242648265,1.0,1.0,1.0,1.0,1.0,1.0,1.0,1.0,1.0,1.0,1.0,0.00027855028523707655,6.0,5.0,1.0,5.0,True,0.0,5,1.0,1.0,1.0,91.97696737044146,20.02303262955854,91.97836593053238,20.02163406946763,69.41481824120936,42.58518175879064,81.45778019148014,30.542219808519867,47.35550878144638,64.64449121855361,0.0,24.9586002112165,64.91842559999999,95.04,45.0,601.7427696983883,707.6022750908896,595.075336959332,792.8777249091104,8,1620.0,50.0,50.0
0.0,0.0,1400.0,700.0,1400.0,781.7965986681088,937.0258431876247,1102.2325729932159,700.0,1400.0,1400.0,0.4479563377193659,0.44793129328845066,1399.5520976568903,1400.0,700.0,700.0,565.7169206346664,1154.4551992021854,1399.936481700735,700.0,1400.0,700.0,700.0,1400.0,700.0,853.7684802706677,0.4478809448797758,0.4479196253741211,0.4479999973651595,1323.449515415818,39.16911922913829,1400.0,1400.0,700.0,1400.0,1400.0,700.0,700.0,1400.0,1399.9999922646198,1399.9999999999975,700.0,1400.0,0.35355381290095456,844.8925650445713,1399.8173243629526,947.8357687392242,387.1502891323755,1315.076154912349,0.44486457857542516,0.4479999541394779,1191.5745921981927,0.00014333209451364694,1399.9999999612537,721.363026999692,700.0,700.0,700.0,700.0,700.0,700.0,605.8927077740666,1399.9999999999968,1256.815361536461,1399.9999999770862,1400.0,700.0,1322.803889649284,1065.3245488166742,1400.0,700.0,984.0309676530198,1191.7202107367414,693.7908974067311,1399.9999208064874,1399.552000018618,0.0002401659976580228,0.44799999999999957,1399.5521029715878,1400.447985287898,2821.055014848949,3120.1086015375868,854.6642808409217,1363.0666346423218,4049.8795371469014,4662.708069287612,2800.0,2800.0,4200.0,2800.0,2800.0,2800.0,2800.0,1.0,0.00011341781758966718,5.1351608770788815e-05,132.5310339444576,1.9998865821824103,1.9999486483912292,0.00011341781758966718,0.0,1.0,1491.3413733890334,0.012729953323557197,0.008565326802585697,0.012729953323557197,0.008565326802585697,1.0,0.00011341781758966718,5.1351608770788815e-05,134.5864845881556,1.9998865821824103,1.9999486483912292,0.00011341781758966718,0.0,0.08132092431293106,1513.9513304697116,0.012729953323557197,0.008565326802585697,0.012729953323557197,0.008565326802585697,1.0,0.00011341781758966718,5.1351608770788815e-05,123.37440735859678,1.9998865821824103,1.9999486483912292,0.00011341781758966718,0.0,1.0,1390.6184809445645,0.012729953323557197,0.008565326802585697,0.012729953323557197,0.008565326802585697,1.0,0.00011341781758966718,5.1351608770788815e-05,86.23977607069646,1.9998865821824103,1.9999486483912292,5.1351608770788815e-05,0.0,1.0,982.1375367776611,0.012729953323557197,0.008565326802585697,0.012729953323557197,0.008565326802585697,1.0,0.00011341781758966718,5.1351608770788815e-05,84.87321745941588,1.9998865821824103,1.9999486483912292,5.1351608770788815e-05,0.0,0.4206606316763421,967.1053920535746,0.012729953323557197,0.008565326802585697,0.012729953323557197,0.008565326802585697,1.0,0.00011341781758966718,5.1351608770788815e-05,79.03052429615896,1.9998865821824103,1.9999486483912292,5.1351608770788815e-05,0.0,1.0,902.8357672577486,0.012729953323557197,0.008565326802585697,0.012729953323557197,0.008565326802585697,1.0,1.0,74.59845555495129,1090.2416583199913,1.0,1.0,92.61728906004284,1108.260491825083,1.0,1.0,51.94383139762592,1067.587034162666,1.0,1.0,163.0337360337059,1178.676938798746,1.0,1.0,159.10179030366953,1174.7449930687096,1.0,1.0,1.0,1.0,1.0,1.0,1.0,1.0,1.0,1.0,1.0,0.0009722770524384757,6.0,5.0,1.0,5.0,True,0.0,5,1.0,1.0,1.0,53.28537801290786,58.714621987092144,48.76225319411142,63.23774680588858,61.417676356633265,50.582323643366735,65.3508972527485,46.64910274725151,57.8164535947926,54.1835464052074,0.0,29.48312481840326,49.91842559999999,95.04,32.48994373110469,139.92129072323965,695.5216566255463,185.6412975394945,804.4784969744536,9,1800.0,50.0,50.0
0.0,0.0,1400.0,700.0,1400.0,0.2501749115737945,1399.85184826982,10.993456604174307,700.0,1400.0,1400.0,1033.770877758221,1399.5521433380138,1225.42353483404,1400.0,700.0,700.0,1399.733029414603,609.0535086930561,49.92916319239832,700.0,1400.0,700.0,700.0,1400.0,700.0,1399.8252059136867,698.921511863876,1058.2098921680788,1163.1204079234012,1306.0594505468914,0.012534118153324239,1400.0,1400.0,700.0,1400.0,1400.0,700.0,700.0,1400.0,1399.9999999975246,1400.0,700.0,1400.0,1399.55211313722,903.4511554592028,1345.3423881171364,1137.5346132611583,0.2111625980021138,1399.9728243695718,0.0001423566651441359,1399.5521433599852,1263.257897701349,1399.5520000458662,575.8142588966159,1399.7828361686397,700.0,700.0,700.0,700.0,700.0,700.0,1053.6707193521706,776.811451322909,1399.9541809156915,0.44799999999266704,1400.0,700.0,1299.3344001352862,1193.1212467110174,1400.0,700.0,1399.8668899096488,900.903549205109,1399.77401308717,0.4479999746580754,1399.9998566400059,1399.5520000768531,1399.55214336,345.6738117069191,3658.7465559302755,1411.0954797855682,2058.715701300058,3156.9566099456415,2469.1923925884457,3883.0609883458683,3230.884351590764,2800.0,2800.0,4200.0,2800.0,2800.0,2800.0,2800.0,1.0,0.000141598617133587,9.864429678030362e-05,145.69396137592102,1.9998584013828664,1.9999013557032197,0.000141598617133587,0.0,1.0,1636.1335751351312,0.01422408761618475,0.011871827419134699,0.01422408761618475,0.011871827419134699,1.0,0.000141598617133587,9.864429678030362e-05,148.12901591067714,1.9998584013828664,1.9999013557032197,0.000141598617133587,0.0,0.0,1662.9191750174487,0.01422408761618475,0.011871827419134699,0.01422408761618475,0.011871827419134699,1.0,0.000141598617133587,9.864429678030362e-05,138.0334840362728,1.9998584013828664,1.9999013557032197,0.000141598617133587,0.0,1.0,1551.8683243990006,0.01422408761618475,0.011871827419134699,0.01422408761618475,0.011871827419134699,1.0,0.000141598617133587,9.864429678030362e-05,122.74775539687391,1.9998584013828664,1.9999013557032197,9.864429678030362e-05,0.0,1.0,1383.7253093656132,0.01422408761618475,0.011871827419134699,0.01422408761618475,0.011871827419134699,1.0,0.000141598617133587,9.864429678030362e-05,125.36616218492557,1.9998584013828664,1.9999013557032197,9.864429678030362e-05,0.0,0.14425827860119064,1412.5277840341812,0.01422408761618475,0.011871827419134699,0.01422408761618475,0.011871827419134699,1.0,0.000141598617133587,9.864429678030362e-05,113.32363998889531,1.9998584013828664,1.9999013557032197,9.864429678030362e-05,0.0,1.0,1280.0600398778486,0.01422408761618475,0.011871827419134699,0.01422408761618475,0.011871827419134699,1.0,1.0,81.98990074504441,475.64763182889766,1.0,1.0,65.36931136211821,459.02704244597146,1.0,1.0,102.01002870650295,495.66775979035623,1.0,1.0,180.78726639680684,574.44499748066,1.0,1.0,155.18032877336924,548.8380598572226,1.0,1.0,1.0,1.0,1.0,1.0,1.0,1.0,1.0,1.0,1.0,0.0006435782450084477,6.0,5.0,1.0,5.0,True,0.0,5,1.0,1.0,1.0,54.01000360733198,57.98999639266802,82.28181438384345,29.718185616156553,48.310323657740575,63.689676342259425,56.30378195380067,55.696218046199334,69.26296997116266,42.73703002883733,0.0,14.483124818403262,55.62228178125335,95.04,17.489943731104688,0.04477481303143664,284.9148429425415,0.05940521521263817,292.41362091476356,10,1980.0,50.0,50.0
0.0,0.0,1400.0,700.0,1400.0,8.005597170361416e-05,1206.9386372951255,933.2176977354093,700.0,1400.0,1400.0,1399.8828066808826,1399.999856685868,0.3921355311468925,1400.0,700.0,700.0,447.1938100946621,737.7736057401717,1399.5679773322215,700.0,1400.0,700.0,700.0,1400.0,700.0,483.6623712313461,463.7089614955264,1098.7512314831647,1399.9241985305355,1399.969939024175,570.0750806111978,1400.0,1400.0,700.0,1400.0,1400.0,700.0,700.0,1400.0,1399.999999999999,1400.0,700.0,1400.0,1121.1486294183128,1127.3175637284894,1399.9825095641975,1399.9160110762434,6.757203136067634e-05,532.3813534127955,23.180724029725166,785.2606417373961,832.7687925363942,1399.9998566400145,0.1842605628469169,0.44793050757396413,700.0,700.0,700.0,700.0,700.0,700.0,0.3371746301926942,1399.8005796644234,1137.6024469062681,1039.8622143251819,1400.0,700.0,1399.9677870080432,1162.6137380385417,1400.0,700.0,1399.999957404771,1209.3762505192167,1399.9999276841877,989.8854310008612,0.44799995412480137,0.4478566400245924,0.44785668587519945,1143.6242356444857,2800.2747988978977,2140.1564150865065,2584.535393167055,2046.1225642100374,3369.969218165909,3332.2799416252683,3577.602415526066,2800.0,2800.0,4200.0,2800.0,2800.0,2800.0,2800.0,1.0,0.00015975486342778566,0.00013141447669107187,154.1670881402079,1.9998402451365722,1.999868585523309,0.00015975486342778566,0.0,1.0,1729.3379695422868,0.015108717161101855,0.013702927422414508,0.015108717161101855,0.013702927422414508,1.0,0.00015975486342778566,0.00013141447669107187,155.87743320704902,1.9998402451365722,1.999868585523309,0.00015975486342778566,0.0,0.0,1748.1517652775394,0.015108717161101855,0.013702927422414508,0.015108717161101855,0.013702927422414508,1.0,0.00015975486342778566,0.00013141447669107187,148.38604713710686,1.9998402451365722,1.999868585523309,0.00015975486342778566,0.0,1.0,1665.7465185081755,0.015108717161101855,0.013702927422414508,0.015108717161101855,0.013702927422414508,1.0,0.00015975486342778566,0.00013141447669107187,142.2274889403269,1.9998402451365722,1.999868585523309,0.00013141447669107187,0.0,1.0,1598.0023783435959,0.015108717161101855,0.013702927422414508,0.015108717161101855,0.013702927422414508,1.0,0.00015975486342778566,0.00013141447669107187,141.22126102539153,1.9998402451365722,1.999868585523309,0.00013141447669107187,0.0,0.036032347949545886,1586.933871279307,0.015108717161101855,0.013702927422414508,0.015108717161101855,0.013702927422414508,1.0,0.00015975486342778566,0.00013141447669107187,131.87148648485643,1.9998402451365722,1.999868585523309,0.00013141447669107187,0.0,1.0,1484.0863513334207,0.015108717161101855,0.013702927422414508,0.015108717161101855,0.013702927422414508,1.0,1.0,67.40619220581144,1314.2945736683423,1.0,1.0,67.61820150813759,1314.5065829706684,1.0,1.0,77.67971185983033,1324.5680933223612,1.0,1.0,175.38089522107902,1422.2692766836099,1.0,1.0,221.2920765615204,1468.1804580240512,1.0,1.0,1.0,1.0,1.0,1.0,1.0,1.0,1.0,1.0,1.0,0.00027375298825592365,6.0,5.0,1.0,5.0,True,0.0,5,1.0,1.0,1.0,47.85223997010352,64.14776002989647,58.243533280712676,53.75646671928732,73.9789498474678,38.0210501525322,79.82293115816182,32.177068841838185,49.83268410711335,62.16731589288665,0.0,14.5744010687812,40.62228178125335,95.04,32.48994373110469,1.4327940170059708e-05,73.22047193598068,1.9009668868044197e-05,71.04754356526178,11,2160.0,50.0,50.0
0.0,0.0,1400.0,700.0,1400.0,839.5641430526152,940.5694556943882,1165.9206080146494,700.0,1400.0,1400.0,1399.9999924996275,1399.9999999908277,1399.9104250966739,1400.0,700.0,700.0,447.1172225131015,1283.5961217501435,1365.858842395578,700.0,1400.0,700.0,700.0,1400.0,700.0,1108.3471283690196,644.1476999736288,1399.9807200788148,1399.999995148706,1399.9999980760974,1399.946884805159,1400.0,1400.0,700.0,1400.0,1400.0,700.0,700.0,1400.0,1400.0,593.2685133521632,700.0,1400.0,1190.6465879075329,577.8135239820926,1399.999998880612,1399.9999946247087,1399.9104000043244,681.9695932315939,1331.5543097711818,169.41893649291677,272.1310306001815,1399.9999999908248,339.2893622092488,344.74746053229205,700.0,700.0,700.0,700.0,700.0,700.0,1399.9104215791763,1349.3825758981527,1009.2524824192014,119.66299495827147,1400.0,700.0,1399.9999979383683,1399.9848072792342,1400.0,700.0,1399.9999999972738,68.96510323484554,1399.9999999953716,1399.973752667584,2.8671997063987252e-05,1371.7657978833654,1344.6990012722022,18.518506389994506,4199.910417587129,2946.054206761653,3096.572186658823,3152.4755484214634,4199.946878029962,4881.879986741239,3878.208474854802,2800.0,2800.0,4200.0,2800.0,2800.0,2800.0,2800.0,1.0,0.0001715057306903578,0.0001492138341907534,164.06218919144195,1.9998284942693096,1.9998507861658092,0.0001715057306903578,0.0,1.0,1838.1840811058614,0.01565465538839123,0.01460164619122241,0.01565465538839123,0.01460164619122241,1.0,0.0001715057306903578,0.0001492138341907534,161.59239446726528,1.9998284942693096,1.9998507861658092,0.0001715057306903578,0.0,0.0,1811.016339139918,0.01565465538839123,0.01460164619122241,0.01565465538839123,0.01460164619122241,1.0,0.0001715057306903578,0.0001492138341907534,156.4577804951112,1.9998284942693096,1.9998507861658092,0.0001715057306903578,0.0,1.0,1754.535585446223,0.01565465538839123,0.01460164619122241,0.01565465538839123,0.01460164619122241,1.0,0.0001715057306903578,0.0001492138341907534,149.64848509305918,1.9998284942693096,1.9998507861658092,0.0001492138341907534,0.0,1.0,1679.633336023651,0.01565465538839123,0.01460164619122241,0.01565465538839123,0.01460164619122241,1.0,0.0001715057306903578,0.0001492138341907534,150.37921281836708,1.9998284942693096,1.9998507861658092,0.0001492138341907534,0.0,0.0,1687.6713410020377,0.01565465538839123,0.01460164619122241,0.01565465538839123,0.01460164619122241,1.0,0.0001715057306903578,0.0001492138341907534,142.90286467834935,1.9998284942693096,1.9998507861658092,0.0001492138341907534,0.0,1.0,1605.4315114618428,0.01565465538839123,0.01460164619122241,0.01565465538839123,0.01460164619122241,1.0,1.0,57.73209436654888,159.52164155836635,1.0,1.0,74.640567651243,176.4301148430605,1.0,1.0,83.25468233866135,185.04422953047884,1.0,1.0,239.655525565781,341.4450727575985,1.0,1.0,297.57385324473944,399.36340043655696,1.0,1.0,1.0,1.0,1.0,1.0,1.0,1.0,1.0,1.0,1.0,0.0002777717650479624,6.0,6.0,1.0,5.0,True,0.0,6,1.0,1.0,1.0,73.89682163754809,38.10317836245191,68.11678151175923,43.88321848824078,22.01034284764225,89.98965715235775,75.58916921457308,36.41083078542693,63.802761641151164,48.19723835884884,0.0,119.5744010687812,25.62228178125335,95.04,36.74497011400943,9.1698817088382e-10,0.004686110203902758,1.216618807554827e-09,0.004547042788176748,12,2340.0,50.0,50.0
0.0,0.0,1400.0,700.0,1400.0,1287.912828610523,1308.1138911388775,1353.1841216029297,700.0,1400.0,1400.0,1399.9999984999254,561.7084981547026,279.9820850193347,1400.0,700.0,700.0,1209.4234445026202,256.71922435002864,273.17176847911554,700.0,1400.0,700.0,700.0,1400.0,700.0,1341.669425673804,128.82953999472574,748.0901084665732,1399.999999029741,279.99999961521945,1399.9893769610317,1400.0,1400.0,700.0,1400.0,1400.0,700.0,700.0,1400.0,1400.0,843.136228600306,700.0,1400.0,1310.1396013318677,1187.5729885467797,1399.9999997761224,365.39052395381066,1399.9820800008647,1256.3939186463188,1207.3519590981955,459.1915507587736,1174.4262061200363,1399.9999999981649,1187.8578724418498,367.72906583281565,700.0,700.0,700.0,700.0,700.0,700.0,838.0186463494671,1389.8765151796306,834.9820439023144,1143.9325989916542,1400.0,700.0,1297.6351490413917,1159.3069178421138,1400.0,700.0,1399.9999999994548,1133.7930206469691,279.99999999907425,1399.9947505335167,1120.0000057343993,1394.353159576673,1388.9398002544403,310.93615472224246,2241.6905816739627,3949.2108413523306,1739.3144373317646,2218.5890741351027,3079.9893756059923,4421.766522377117,4206.809804423066,2800.0,2800.0,4200.0,2800.0,2800.0,2800.0,2800.0,1.0,0.00018328164186565132,0.00016239916750127037,169.46469175584804,1.9998167183581343,1.9998376008324987,0.00018328164186565132,0.0,1.0,1897.6116093143282,0.016183309189494465,0.015233274461496886,0.016183309189494465,0.015233274461496886,1.0,0.00018328164186565132,0.00016239916750127037,171.03703884025592,1.9998167183581343,1.9998376008324987,0.00018328164186565132,0.0,0.0,1914.9074272428152,0.016183309189494465,0.015233274461496886,0.016183309189494465,0.015233274461496886,1.0,0.00018328164186565132,0.00016239916750127037,162.7556812257491,1.9998167183581343,1.9998376008324987,0.00018328164186565132,0.0,1.0,1823.8124934832401,0.016183309189494465,0.015233274461496886,0.016183309189494465,0.015233274461496886,1.0,0.00018328164186565132,0.00016239916750127037,155.29193675934474,1.9998167183581343,1.9998376008324987,0.00016239916750127037,0.0,1.0,1741.711304352792,0.016183309189494465,0.015233274461496886,0.016183309189494465,0.015233274461496886,1.0,0.00018328164186565132,0.00016239916750127037,159.48082167639743,1.9998167183581343,1.9998376008324987,0.00016239916750127037,0.0,0.0,1787.7890384403718,0.016183309189494465,0.015233274461496886,0.016183309189494465,0.015233274461496886,1.0,0.00018328164186565132,0.00016239916750127037,150.03588745081535,1.9998167183581343,1.9998376008324987,0.00016239916750127037,0.0,1.0,1683.894761958969,0.016183309189494465,0.015233274461496886,0.016183309189494465,0.015233274461496886,1.0,1.0,28.368309925281725,87.63106772789648,1.0,1.0,92.67097608307697,151.9337338856917,1.0,1.0,39.82123677618982,99.08399457880458,1.0,1.0,367.50474860540396,426.76750640801873,1.0,1.0,397.36335906432754,456.6261168669423,1.0,1.0,1.0,1.0,1.0,1.0,1.0,1.0,1.0,1.0,1.0,0.0,6.0,1.0,1.0,5.0,True,0.0,1,1.0,1.0,1.0,30.77936432750961,81.22063567249039,29.623356302351844,82.37664369764816,59.62446892030067,52.37553107969933,68.84866168394053,43.15133831605947,69.36237080012612,42.63762919987388,0.0,14.574401068781185,13.62228178125335,95.04,24.744970114009433,1.8339763417676397e-10,0.0009372220407805514,2.433237615109653e-10,0.0009094085576353495,13,2520.0,50.0,50.0
0.0,0.0,1400.0,700.0,1400.0,419.79865342958465,536.0931402403924,408.6229035287208,700.0,1400.0,1400.0,1399.999999699985,1232.3416996309404,1175.996417003867,1400.0,700.0,700.0,1062.767900658329,1171.3438448700058,1174.6343536958232,700.0,1400.0,700.0,700.0,1400.0,700.0,587.4120464643443,863.8856113165,1269.6180216933146,416.3292330437596,885.142186632418,1399.9978753922062,1400.0,1400.0,700.0,1400.0,1400.0,700.0,700.0,1400.0,1400.0,1288.6272457200612,700.0,1400.0,1381.2451084714194,1356.7317859144018,1399.9999999552244,1193.0781047907622,1399.9964160001728,1371.2787837292638,1361.470391819639,91.8383101517547,1354.8852412240071,279.9999999996329,458.49163852346635,1139.8903274983218,700.0,700.0,700.0,700.0,700.0,700.0,890.4412854982029,1397.9753030359261,1286.9964087804628,1348.7865197983308,1400.0,700.0,1333.9875576058394,1306.3219113659839,1400.0,700.0,1399.9999999998909,1346.7586041293937,55.99999999981484,1399.9989501067032,537.7470352284098,1398.8706319153346,1235.4117439518989,1182.1872309444484,3808.3381163347926,1364.5146971986978,3408.746099224158,2720.915679474159,2701.469295068384,5364.353304475423,4924.199517112923,2800.0,2800.0,4200.0,2800.0,2800.0,2800.0,2800.0,1.0,0.00019637229161006964,0.00017371608340344125,176.5261446907562,1.99980362770839,1.9998262839165966,0.00019637229161006964,0.0,1.0,1975.2875915983182,0.016751434945171558,0.01575523532353434,0.016751434945171558,0.01575523532353434,1.0,0.00019637229161006964,0.00017371608340344125,177.27192012829352,1.99980362770839,1.9998262839165966,0.00019637229161006964,0.0,0.0,1983.4911214112285,0.016751434945171558,0.01575523532353434,0.016751434945171558,0.01575523532353434,1.0,0.00019637229161006964,0.00017371608340344125,168.25784670200392,1.99980362770839,1.9998262839165966,0.00019637229161006964,0.0,1.0,1884.336313722043,0.016751434945171558,0.01575523532353434,0.016751434945171558,0.01575523532353434,1.0,0.00019637229161006964,0.00017371608340344125,164.56867545907045,1.99980362770839,1.9998262839165966,0.00017371608340344125,0.0,1.0,1843.7554300497748,0.016751434945171558,0.01575523532353434,0.016751434945171558,0.01575523532353434,1.0,0.00019637229161006964,0.00017371608340344125,163.15258103285575,1.99980362770839,1.9998262839165966,0.00017371608340344125,0.0,0.0,1828.1783913614133,0.016751434945171558,0.01575523532353434,0.016751434945171558,0.01575523532353434,1.0,0.00019637229161006964,0.00017371608340344125,156.52961422478333,1.99980362770839,1.9998262839165966,0.00017371608340344125,0.0,1.0,1755.3257564726166,0.016751434945171558,0.01575523532353434,0.016751434945171558,0.01575523532353434,1.0,1.0,38.37716219161235,249.54767811994867,1.0,1.0,115.92503480317649,327.09555073151284,1.0,1.0,77.35664816738934,288.52716409572565,1.0,1.0,500.51156580360237,711.6820817319388,1.0,1.0,525.8269429478189,736.9974588761552,1.0,1.0,1.0,1.0,1.0,1.0,1.0,1.0,1.0,1.0,1.0,0.0,6.0,1.0,1.0,5.0,True,0.0,1,1.0,1.0,1.0,79.75587286550193,32.24412713449807,46.782241114830754,65.21775888516925,67.33845660371031,44.66154339628969,65.23427434616923,46.76572565383077,67.48077200794059,44.519227992059406,0.0,26.574401068781185,25.62228178125335,95.04,36.74497011400943,3.667952683535279e-11,0.00018744440815611024,4.866475230219305e-11,0.00018188171152706985,14,2700.0,50.0,50.0
0.0,0.0,1400.0,700.0,1400.0,645.2908139695577,107.21862804807844,1201.724580705744,700.0,1400.0,1400.0,1399.999999939997,246.46833992618804,516.6706009608083,1400.0,700.0,700.0,212.55358013166574,1189.3929589759757,234.92687073916457,700.0,1400.0,700.0,700.0,1400.0,700.0,1237.4824092928689,172.77712226329996,819.0774690364149,1203.2658466087519,825.6582111260545,1399.9995750784412,1400.0,1400.0,700.0,1400.0,1400.0,700.0,700.0,1400.0,1400.0,1377.7254491440121,700.0,1400.0,1396.2490216942838,1391.3463571828802,1399.999999991045,238.6156209581524,1399.9992832000344,537.2180198584409,272.2940783639277,790.0462300519936,270.9770482448014,1175.9999999999266,1211.6983277046932,1347.9780654996644,700.0,700.0,700.0,700.0,700.0,700.0,1032.3261180587433,279.5950606071852,1377.3992817560925,1389.7573039596662,1400.0,700.0,1386.7975115211677,1381.2643822731966,1400.0,700.0,1399.9999999999782,1389.3517208258786,45.61101165915841,1210.619012065638,107.54940704568193,1399.774126383067,247.0823487903797,1356.4374461888897,2163.1389408269933,1954.2340227233803,1636.873409846806,2229.3370005925835,3428.9236328132474,3575.832924007673,4079.0777643816873,2800.0,2800.0,4200.0,2800.0,2800.0,2800.0,2800.0,1.0,0.00020706421047322898,0.00018276989759202777,182.72634009020905,1.9997929357895268,1.999817230102408,0.00020706421047322898,0.0,1.0,2043.4897409922996,0.017201556635574513,0.01616069461932561,0.017201556635574513,0.01616069461932561,1.0,0.00020706421047322898,0.00018276989759202777,182.06077365297793,1.9997929357895268,1.999817230102408,0.00020706421047322898,0.0,0.0,2036.1685101827572,0.017201556635574513,0.01616069461932561,0.017201556635574513,0.01616069461932561,1.0,0.00020706421047322898,0.00018276989759202777,174.12168282834162,1.9997929357895268,1.999817230102408,0.00020706421047322898,0.0,1.0,1948.8385111117577,0.017201556635574513,0.01616069461932561,0.017201556635574513,0.01616069461932561,1.0,0.00020706421047322898,0.00018276989759202777,169.6205430973493,1.9997929357895268,1.999817230102408,0.00018276989759202777,0.0,1.0,1899.3259740708424,0.017201556635574513,0.01616069461932561,0.017201556635574513,0.01616069461932561,1.0,0.00020706421047322898,0.00018276989759202777,169.66982089417033,1.9997929357895268,1.999817230102408,0.00018276989759202777,0.0,0.0,1899.8680298358736,0.017201556635574513,0.01616069461932561,0.017201556635574513,0.01616069461932561,1.0,0.00020706421047322898,0.00018276989759202777,162.28443158063706,1.9997929357895268,1.999817230102408,0.00018276989759202777,0.0,1.0,1818.6287473870077,0.017201556635574513,0.01616069461932561,0.017201556635574513,0.01616069461932561,1.0,1.0,46.35066548381461,1184.6956528862565,1.0,1.0,90.88157915849304,1229.226566560935,1.0,1.0,65.07626531793932,1203.4212527203813,1.0,1.0,613.440672882989,1751.785660285431,1.0,1.0,652.9535626405703,1791.2985500430123,1.0,1.0,1.0,1.0,1.0,1.0,1.0,1.0,1.0,1.0,1.0,0.0,6.0,1.0,1.0,5.0,True,0.0,1,1.0,1.0,1.0,31.95117457310038,80.04882542689963,29.973205426117893,82.0267945738821,50.12809702553328,61.87190297446672,55.97140237823723,56.02859762176278,53.12938011804184,58.87061988195816,0.0,20.66612301060448,24.400050651459438,95.04,46.736315815351546,7.335905367070556e-12,3.748888163122204e-05,9.732950460438608e-12,3.637634230541396e-05,15,2880.0,50.0,50.0
0.0,0.0,1400.0,700.0,1400.0,475.9507545953911,420.59149632486674,740.422308817355,700.0,1400.0,1400.0,1399.9999999879992,49.2936679852376,1223.3341201921617,1400.0,700.0,700.0,666.9418201291736,1357.878591795195,46.98537414783291,700.0,1400.0,700.0,700.0,1400.0,700.0,1367.4964818585736,497.35592755095445,1283.815493807283,613.4065979995171,976.9199652687349,1289.0302635814828,1400.0,1400.0,700.0,1400.0,1400.0,700.0,700.0,1400.0,1400.0,1395.5450898288022,700.0,1400.0,1399.2498043388566,1398.269271436576,1399.999999998209,812.3594192762478,1399.9998566400068,1227.4436039716882,1174.4588156727855,158.00924601039867,384.58029731839696,1304.7212660785253,1362.3396655409385,674.1285654671466,700.0,700.0,700.0,700.0,700.0,700.0,1141.874736261318,1175.919012121437,1322.2768371675459,1130.1564777067094,1400.0,700.0,1397.3595023042335,1396.2528764546391,1400.0,700.0,1399.9999999999955,1397.8703441651755,20.382721721899635,1362.1238024131276,542.7912996610091,847.7864298936267,49.416469758075934,1391.287489237778,2672.6277881653987,1636.9645597376127,2071.8057860722015,3148.6679032168117,2879.3568268497347,4839.802879886152,4770.227063257011,2800.0,2800.0,4200.0,2800.0,2800.0,2800.0,2800.0,1.0,0.00021708131861286617,0.00019299777936310214,186.70382102968412,1.9997829186813871,1.999807002220637,0.00021708131861286617,0.0,1.0,2087.242031326525,0.017612847051796856,0.016606840697443795,0.017612847051796856,0.016606840697443795,1.0,0.00021708131861286617,0.00019299777936310214,188.50340730279885,1.9997829186813871,1.999807002220637,0.00021708131861286617,0.0,0.0,2107.0374803307873,0.017612847051796856,0.016606840697443795,0.017612847051796856,0.016606840697443795,1.0,0.00021708131861286617,0.00019299777936310214,178.68875753597868,1.9997829186813871,1.999807002220637,0.00021708131861286617,0.0,1.0,1999.0763328957655,0.017612847051796856,0.016606840697443795,0.017612847051796856,0.016606840697443795,1.0,0.00021708131861286617,0.00019299777936310214,175.0029661005579,1.9997829186813871,1.999807002220637,0.00019299777936310214,0.0,1.0,1958.5326271061367,0.017612847051796856,0.016606840697443795,0.017612847051796856,0.016606840697443795,1.0,0.00021708131861286617,0.00019299777936310214,175.30078329123117,1.9997829186813871,1.999807002220637,0.00019299777936310214,0.0,0.0,1961.808616203543,0.017612847051796856,0.016606840697443795,0.017612847051796856,0.016606840697443795,1.0,0.00021708131861286617,0.00019299777936310214,166.5551400096476,1.9997829186813871,1.999807002220637,0.00019299777936310214,0.0,1.0,1865.6065401061237,0.017612847051796856,0.016606840697443795,0.017612847051796856,0.016606840697443795,1.0,1.0,44.200223844920714,745.1973890536921,1.0,1.0,119.7505368851351,820.7477020939065,1.0,1.0,95.35501326988907,796.3521784786603,1.0,1.0,746.9072091079025,1447.904374316674,1.0,1.0,806.2793199240625,1507.2764851328338,1.0,1.0,1.0,1.0,1.0,1.0,1.0,1.0,1.0,1.0,1.0,0.0,6.0,1.0,1.0,5.0,True,0.0,1,1.0,1.0,1.0,79.99023491462009,32.009765085379925,55.298019425070386,56.70198057492961,64.54204349026375,47.45795650973626,50.7962282848443,61.2037717151557,50.540609143247245,61.459390856752755,0.0,32.66612301060448,36.40005065145944,95.04,45.130477852628275,1.4671810734141108e-12,7.497776326244406e-06,1.946590092087721e-12,7.27526846108279e-06,16,3060.0,50.0,50.0
0.0,0.0,1400.0,700.0,1400.0,1215.1901509190782,84.11829926497333,1268.084461763471,700.0,1400.0,1400.0,1399.9999999975998,158.95064955789883,708.5840310371751,1400.0,700.0,700.0,677.8730488256278,1391.575718359039,430.8310428717584,700.0,1400.0,700.0,700.0,1400.0,700.0,1300.2532969704162,441.2816422899907,745.0803645358599,1242.6813195999034,1119.3363148399503,257.8060527162965,1400.0,1400.0,700.0,1400.0,1400.0,700.0,700.0,1400.0,1385.0194086412532,1384.1284266070136,700.0,1400.0,1399.8499608677712,1399.6538542873152,1399.9999999996417,1282.4718838552494,1399.9999713280013,1113.4417085545365,1354.891763134557,32.25308923459,76.91605946367937,260.94425321570503,272.46793310818765,134.8257130934293,700.0,700.0,700.0,700.0,700.0,700.0,501.8293072118225,1355.1838024242873,1377.4473686397937,1346.031295541342,1400.0,700.0,1399.4719004608467,1399.2505752909278,1400.0,700.0,1399.999999999999,1399.574068833035,4.0765443443799265,1392.4247604826255,163.51305081954695,1289.5572859787253,987.1789129162181,280.26109394447985,2267.534680592674,2567.3929119475224,2500.279810056425,2486.6153037962667,2619.8236871561503,5195.913563737429,4580.491773817246,2800.0,2800.0,4200.0,2800.0,2800.0,2800.0,2800.0,1.0,0.00022646054845276709,0.00020177447878899635,192.03599985447903,1.9997735394515472,1.999798225521211,0.00022646054845276709,0.0,1.0,2145.8959983992695,0.017989435132502507,0.016980352616864043,0.017989435132502507,0.016980352616864043,1.0,0.00022646054845276709,0.00020177447878899635,191.8445341131942,1.9997735394515472,1.999798225521211,0.00022646054845276709,0.0,0.0,2143.789875245136,0.017989435132502507,0.016980352616864043,0.017989435132502507,0.016980352616864043,1.0,0.00022646054845276709,0.00020177447878899635,183.290849448973,1.9997735394515472,1.999798225521211,0.00022646054845276709,0.0,1.0,2049.699343938703,0.017989435132502507,0.016980352616864043,0.017989435132502507,0.016980352616864043,1.0,0.00022646054845276709,0.00020177447878899635,179.50272657418324,1.9997735394515472,1.999798225521211,0.00020177447878899635,0.0,1.0,2008.0299923160158,0.017989435132502507,0.016980352616864043,0.017989435132502507,0.016980352616864043,1.0,0.00022646054845276709,0.00020177447878899635,179.75145407083227,1.9997735394515472,1.999798225521211,0.00020177447878899635,0.0,0.0,2010.765994779155,0.017989435132502507,0.016980352616864043,0.017989435132502507,0.016980352616864043,1.0,0.00022646054845276709,0.00020177447878899635,171.19105893660276,1.9997735394515472,1.999798225521211,0.00020177447878899635,0.0,1.0,1916.6016483026303,0.017989435132502507,0.016980352616864043,0.017989435132502507,0.016980352616864043,1.0,1.0,57.15561340062356,1134.9269374671717,1.0,1.0,112.00706631417218,1189.7783903807203,1.0,1.0,76.02843118559404,1153.7997552521422,1.0,1.0,852.4613020813423,1930.2326261478906,1.0,1.0,941.8497173116181,2019.6210413781664,1.0,1.0,1.0,1.0,1.0,1.0,1.0,1.0,1.0,1.0,1.0,0.0,6.0,1.0,1.0,5.0,True,0.0,1,1.0,1.0,1.0,54.61360253237482,57.38639746762519,48.31959017429245,63.68040982570756,52.02029309695841,59.97970690304159,47.63346438148362,64.36653561851638,51.19710015789624,60.80289984210376,0.0,27.856793862293316,46.719681280836994,95.04,41.50733596579367,2.934362146828221e-13,1.4995552652488808e-06,3.8931801841754414e-13,1.4550536922165577e-06,17,3240.0,50.0,50.0
0.0,0.0,1400.0,700.0,1400.0,1292.5155438779302,666.63412828641,1226.6369082560898,700.0,1400.0,1400.0,279.9999999995199,31.790129911579758,141.71680620743498,1400.0,700.0,700.0,365.5379507703475,278.31514367180773,889.865347928385,700.0,1400.0,700.0,700.0,1400.0,700.0,1380.0506593940831,88.25632845799812,1269.016072907172,1368.5362639199807,1343.86726296799,1171.5612105432592,1400.0,1400.0,700.0,1400.0,1400.0,700.0,700.0,1400.0,1397.0038817282507,1396.8256853214027,700.0,1400.0,1399.9699921735541,1399.930770857463,1399.9999999999281,1376.4943767710497,1399.9999942656002,1099.5059357948107,1046.4689289473395,1126.450617846918,42.484257036510314,1172.188850643141,306.5097311305427,1009.9031689829798,700.0,700.0,700.0,700.0,700.0,700.0,1127.8002724444154,1391.0367604848575,1395.4894737279587,1389.2062591082683,1400.0,700.0,1399.8943800921693,1399.8501150581856,1400.0,700.0,1399.9999999999998,1399.914813766607,1120.815308868876,1197.1130844572185,32.702610163909384,1377.911457195745,420.1880470575672,1176.052218788896,453.50693611853467,3185.78658042043,1533.71844237054,2737.323060759253,3883.96473743123,5276.000306831389,5303.5327657655,2800.0,2800.0,4200.0,2800.0,2800.0,2800.0,2800.0,1.0,0.00023564575709666968,0.0002104061741279306,195.78593363978143,1.9997643542429033,1.999789593825872,0.00023564575709666968,0.0,1.0,2187.1452700375958,0.01835075396477836,0.017339856789075014,0.01835075396477836,0.017339856789075014,1.0,0.00023564575709666968,0.0002104061741279306,195.44565902124666,1.9997643542429033,1.999789593825872,0.00023564575709666968,0.0,0.0,2183.402249233713,0.01835075396477836,0.017339856789075014,0.01835075396477836,0.017339856789075014,1.0,0.00023564575709666968,0.0002104061741279306,187.4801710493429,1.9997643542429033,1.999789593825872,0.00023564575709666968,0.0,1.0,2095.781881542772,0.01835075396477836,0.017339856789075014,0.01835075396477836,0.017339856789075014,1.0,0.00023564575709666968,0.0002104061741279306,183.94253399434572,1.9997643542429033,1.999789593825872,0.0002104061741279306,0.0,1.0,2056.867873937803,0.01835075396477836,0.017339856789075014,0.01835075396477836,0.017339856789075014,1.0,0.00023564575709666968,0.0002104061741279306,182.99895284526735,1.9997643542429033,1.999789593825872,0.0002104061741279306,0.0,0.0,2046.4884812979408,0.01835075396477836,0.017339856789075014,0.01835075396477836,0.017339856789075014,1.0,0.00023564575709666968,0.0002104061741279306,175.34722546046973,1.9997643542429033,1.999789593825872,0.0002104061741279306,0.0,1.0,1962.319480065167,0.01835075396477836,0.017339856789075014,0.01835075396477836,0.017339856789075014,1.0,1.0,71.5286229337918,157.75023238227743,1.0,1.0,119.08462509458579,205.3062345430714,1.0,1.0,88.52817016325028,174.7497796117359,1.0,1.0,977.6355398692183,1063.857149317704,1.0,1.0,1085.2338631759883,1171.455472624474,1.0,1.0,1.0,1.0,1.0,1.0,1.0,1.0,1.0,1.0,1.0,0.0,6.0,1.0,1.0,5.0,True,0.0,1,1.0,1.0,1.0,77.10231148071938,34.89768851928062,53.09362438921585,58.90637561078416,50.54002121699759,61.45997878300241,58.50061268715638,53.49938731284362,59.325607958984406,52.674392041015594,0.0,39.856793862293316,58.719681280836994,95.04,44.285199076613225,5.868724293656441e-14,2.999110530497761e-07,7.78636036835088e-14,2.9101073844331146e-07,18,3420.0,50.0,50.0
0.0,0.0,1400.0,700.0,1400.0,1378.503108775586,1253.326825657282,245.3273816512179,700.0,1400.0,1400.0,1175.999999999904,523.4616009602172,793.9344295504183,1400.0,700.0,700.0,771.5262562380254,1175.6630287343614,177.97306958567694,700.0,1400.0,700.0,700.0,1400.0,700.0,280.76515126858123,803.745575522897,1301.255230584225,1393.707252783996,1388.773452593598,1354.3122421086518,1400.0,1400.0,700.0,1400.0,1400.0,700.0,700.0,1400.0,1399.40077634565,1399.3651370642806,700.0,1400.0,1399.9939984347106,1399.9861541714924,1399.9999999999854,275.2988753542099,1399.99999885312,1339.901187158962,1329.2937857894678,1345.2901235693835,1128.496851407302,1354.4377701286282,803.631668025854,1321.9806337965958,700.0,700.0,700.0,700.0,700.0,700.0,225.56005448888303,1376.2099933657087,1399.0978947455917,1397.8412518216537,1400.0,700.0,1399.9788760184338,1399.970023011637,1400.0,700.0,1400.0,279.9829627533214,233.87352492555286,1359.4226168914436,6.540522032781875,1395.582291439149,129.97565054093792,1110.510113745739,2493.3960305105397,2877.157316084086,2125.1623545580637,2385.7659573757032,4136.792947486246,4415.200061366278,4398.709194421837,2800.0,2800.0,4200.0,2800.0,2800.0,2800.0,2800.0,1.0,0.0002440797557954344,0.00021840437380871158,198.526384728172,1.9997559202442046,1.9997815956261913,0.0002440797557954344,0.0,1.0,2217.290232009892,0.018676375544005096,0.017666455125849842,0.018676375544005096,0.017666455125849842,1.0,0.0002440797557954344,0.00021840437380871158,198.64152038273383,1.9997559202442046,1.9997815956261913,0.0002440797557954344,0.0,0.0,2218.556724210072,0.018676375544005096,0.017666455125849842,0.018676375544005096,0.017666455125849842,1.0,0.0002440797557954344,0.00021840437380871158,191.38717969303707,1.9997559202442046,1.9997815956261913,0.0002440797557954344,0.0,1.0,2138.7589766234078,0.018676375544005096,0.017666455125849842,0.018676375544005096,0.017666455125849842,1.0,0.0002440797557954344,0.00021840437380871158,186.3728968111078,1.9997559202442046,1.9997815956261913,0.00021840437380871158,0.0,1.0,2083.601864922186,0.018676375544005096,0.017666455125849842,0.018676375544005096,0.017666455125849842,1.0,0.0002440797557954344,0.00021840437380871158,186.77261922409244,1.9997559202442046,1.9997815956261913,0.00021840437380871158,0.0,0.0,2087.998811465017,0.018676375544005096,0.017666455125849842,0.018676375544005096,0.017666455125849842,1.0,0.0002440797557954344,0.00021840437380871158,179.2758475684568,1.9997559202442046,1.9997815956261913,0.00021840437380871158,0.0,1.0,2005.534323253025,0.018676375544005096,0.017666455125849842,0.018676375544005096,0.017666455125849842,1.0,1.0,112.61442301436925,443.13601315881743,1.0,1.0,135.97118721959444,466.4927773640426,1.0,1.0,91.90838239902172,422.4299725434699,1.0,1.0,1102.0060548221577,1432.5276449666057,1.0,1.0,1212.564494137038,1543.0860842814864,1.0,1.0,1.0,1.0,1.0,1.0,1.0,1.0,1.0,1.0,1.0,0.0,6.0,1.0,1.0,5.0,True,0.0,1,1.0,1.0,1.0,42.81956715880771,69.1804328411923,53.69282272234017,58.307177277659825,56.314802826099545,55.685197173900455,60.15115421189495,51.84884578810505,55.610432631822185,56.38956736817782,0.0,27.856793862293316,46.719681280836994,95.04,49.65876044976102,1.173744858731288e-14,5.998221060995521e-08,1.557272073670176e-14,5.820214768866228e-08,19,3600.0,50.0,50.0
0.0,0.0,1400.0,700.0,1400.0,1395.700621755117,1370.6653651314564,1169.0654763302437,700.0,1400.0,1400.0,235.19999999998075,778.429778458749,158.7868859100836,1400.0,700.0,700.0,1274.3052512476052,1119.3482016177848,1155.5946139171353,700.0,1400.0,700.0,700.0,1400.0,700.0,56.15303025371623,1280.7491151045792,260.251046116845,1398.741450556799,277.75469051871954,270.86244842173033,1400.0,1400.0,700.0,1400.0,1400.0,700.0,700.0,1400.0,1399.88015526913,1399.8730274128561,700.0,1400.0,1399.998799686942,1399.9972308342985,1399.999999999997,1175.059775070842,1399.9999997706238,1387.9802374317924,434.00752026334374,332.9633265810688,1008.392748149008,516.8158446848097,1280.7263336051708,264.3961267593191,700.0,700.0,700.0,700.0,700.0,700.0,667.8688127134849,1395.2419986731416,1399.8195789491183,1399.5682503643307,1400.0,700.0,1399.9957752036867,1399.9940046023273,1400.0,700.0,1400.0,1175.9965925506642,1166.7747049851105,1391.8845233782886,1121.3081044065564,1399.1164582878298,25.995130108187578,222.10202274914778,1172.4166643688134,3935.431463216817,3549.2480667825253,1597.1531914751406,1947.3585894972489,5363.040012273255,4862.498640700075,2800.0,2800.0,4200.0,2800.0,2800.0,2800.0,2800.0,1.0,0.0002517499431162751,0.00022581089749706962,201.48754692249162,1.9997482500568837,1.999774189102503,0.0002517499431162751,0.0,1.0,2249.863016147408,0.01896766144951035,0.01796360497158638,0.01896766144951035,0.01796360497158638,1.0,0.0002517499431162751,0.00022581089749706962,200.5683943696389,1.9997482500568837,1.999774189102503,0.0002517499431162751,0.0,0.0,2239.7523380660277,0.01896766144951035,0.01796360497158638,0.01896766144951035,0.01796360497158638,1.0,0.0002517499431162751,0.00022581089749706962,194.72580751569726,1.9997482500568837,1.999774189102503,0.0002517499431162751,0.0,1.0,2175.48388267267,0.01896766144951035,0.01796360497158638,0.01896766144951035,0.01796360497158638,1.0,0.0002517499431162751,0.00022581089749706962,189.5880818763946,1.9997482500568837,1.999774189102503,0.00022581089749706962,0.0,1.0,2118.9689006403405,0.01896766144951035,0.01796360497158638,0.01896766144951035,0.01796360497158638,1.0,0.0002517499431162751,0.00022581089749706962,188.6165853018174,1.9997482500568837,1.999774189102503,0.00022581089749706962,0.0,0.0,2108.2824383199913,0.01896766144951035,0.01796360497158638,0.01896766144951035,0.01796360497158638,1.0,0.0002517499431162751,0.00022581089749706962,182.69595148118722,1.9997482500568837,1.999774189102503,0.00022581089749706962,0.0,1.0,2043.1554662930594,0.01896766144951035,0.01796360497158638,0.01896766144951035,0.01796360497158638,1.0,1.0,74.48522386639321,302.1823585868409,1.0,1.0,144.9304860443186,372.6276207647663,1.0,1.0,73.81404702117281,301.5111817416205,1.0,1.0,1237.429136560764,1465.1262712812115,1.0,1.0,1373.5372288022045,1601.234363522652,1.0,1.0,1.0,1.0,1.0,1.0,1.0,1.0,1.0,1.0,1.0,0.0,6.0,1.0,1.0,5.0,True,0.0,1,1.0,1.0,1.0,73.70741331967544,38.29258668032456,52.789432926198174,59.210567073801826,55.5352935158412,56.46470648415881,60.11138585609862,51.88861414390137,59.013718279903124,52.98628172009688,0.0,39.856793862293316,58.719681280836994,95.04,46.217275350133136,2.3474897174625755e-15,1.1996442121991039e-08,3.114544147340351e-15,1.1640429537732454e-08,20,3780.0,50.0,50.0
0.0,0.0,1400.0,700.0,1400.0,279.14012435102336,274.13307302629124,995.723188014073,700.0,1400.0,1400.0,1013.0316073994236,1275.6859556917498,31.757377182016715,1400.0,700.0,700.0,254.86105024952099,1164.943146729845,1351.118922783427,700.0,1400.0,700.0,700.0,1400.0,700.0,693.0383799776575,1376.1498230209158,834.7299141000052,1399.7482901113597,1175.5509381037439,54.172489684346054,1400.0,1400.0,700.0,1400.0,1400.0,700.0,700.0,1400.0,1399.9760310538259,1399.9746054825712,700.0,1400.0,1399.9997599373883,1399.9994461668596,1399.9999999999993,235.01195501416836,1399.9999999541246,1397.5960474863584,1206.8015040526686,66.59266531621375,201.67854962980155,103.36316893696191,1376.1452667210342,1172.8792253518639,700.0,700.0,700.0,700.0,700.0,700.0,1147.765627979163,1399.0483997346282,1399.9639157898237,1399.913650072866,1400.0,700.0,1399.9991550407372,1399.9988009204653,1400.0,700.0,1400.0,1355.1993185101328,1353.3549409970221,1398.3769046756577,1344.2616208813113,1399.823291657566,5.199026021637515,44.42040454982955,2320.4749402731904,1548.9963853913875,2770.923119762793,2903.9181170985785,2629.4717178994497,4432.608002454651,5346.691593576481,2800.0,2800.0,4200.0,2800.0,2800.0,2800.0,2800.0,1.0,0.0002582989634891675,0.00023216066189246654,202.87737477127672,1.9997417010365108,1.9997678393381075,0.0002582989634891675,0.0,1.0,2265.1511224840438,0.01921287969579346,0.01821450340172781,0.01921287969579346,0.01821450340172781,1.0,0.0002582989634891675,0.00023216066189246654,203.02036026266532,1.9997417010365108,1.9997678393381075,0.0002582989634891675,0.0,0.0,2266.7239628893185,0.01921287969579346,0.01821450340172781,0.01921287969579346,0.01821450340172781,1.0,0.0002582989634891675,0.00023216066189246654,197.6149000992991,1.9997417010365108,1.9997678393381075,0.0002582989634891675,0.0,1.0,2207.26390109229,0.01921287969579346,0.01821450340172781,0.01921287969579346,0.01821450340172781,1.0,0.0002582989634891675,0.00023216066189246654,190.90347783216762,1.9997417010365108,1.9997678393381075,0.00023216066189246654,0.0,1.0,2133.4382561538437,0.01921287969579346,0.01821450340172781,0.01921287969579346,0.01821450340172781,1.0,0.0002582989634891675,0.00023216066189246654,191.30839731685987,1.9997417010365108,1.9997678393381075,0.00023216066189246654,0.0,0.0,2137.8923704854587,0.01921287969579346,0.01821450340172781,0.01921287969579346,0.01821450340172781,1.0,0.0002582989634891675,0.00023216066189246654,185.63462596584768,1.9997417010365108,1.9997678393381075,0.00023216066189246654,0.0,1.0,2075.4808856243244,0.01921287969579346,0.01821450340172781,0.01921287969579346,0.01821450340172781,1.0,1.0,79.19726426445163,301.83728839980523,1.0,1.0,122.13370637734774,344.7737305127013,1.0,1.0,107.24762836815731,329.88765250351094,1.0,1.0,1373.711280872312,1596.3513050076656,1.0,1.0,1511.5456253759505,1734.185649511304,1.0,1.0,1.0,1.0,1.0,1.0,1.0,1.0,1.0,1.0,1.0,0.0,6.0,1.0,1.0,5.0,True,0.0,1,1.0,1.0,1.0,51.59569650000583,60.40430349999417,47.98980074831971,64.01019925168029,57.080328722123575,54.91967127787642,59.97334648379446,52.026653516205535,59.728192125895895,52.2718078741041,0.0,27.856793862293316,46.719681280836994,95.04,45.365075912686095,4.69497943492515e-16,2.3992884243982073e-09,6.229088294680701e-16,2.3280859075464902e-09,21,3960.0,50.0,50.0
0.0,0.0,1400.0,700.0,1400.0,1175.8280248702047,54.826614605258236,199.14463760281456,700.0,1400.0,1400.0,202.60632147988468,1375.1371911383499,6.351475436403342,1400.0,700.0,700.0,50.972210049904184,1352.988629345969,270.22378455668536,700.0,1400.0,700.0,700.0,1400.0,700.0,1258.6076759955315,275.2299646041831,1286.945982820001,1399.949658022272,1355.1101876207488,10.834497936869209,1400.0,1400.0,700.0,1400.0,1400.0,700.0,700.0,1400.0,1399.995206210765,1399.9949210965142,700.0,1400.0,1399.9999519874775,1399.999889233372,1399.9999999999998,1167.0023910028337,1399.9999999908248,1399.5192094972717,1361.3603008105338,13.318533063242748,1160.3357099259604,314.34862039948837,1395.2290533442067,1354.5758450703727,700.0,700.0,700.0,700.0,700.0,700.0,1349.5531255958326,1399.8096799469256,1399.9927831579646,1399.982730014573,1400.0,700.0,1399.9998310081473,1399.999760184093,1400.0,700.0,1400.0,1391.0398637020264,1390.6709881994043,1142.7917294273614,268.8523241762622,279.96465833151314,1121.0398052043274,8.884080909965908,1584.094988054638,1429.7992770782776,1674.1846239525585,2820.7836234197157,2765.8943435798897,5366.52160049093,5549.338318715296,2800.0,2800.0,4200.0,2800.0,2800.0,2800.0,2800.0,1.0,0.0002639271390287856,0.000237634882422455,204.76028045073036,1.9997360728609712,1.9997623651175775,0.0002639271390287856,0.0,1.0,2285.863084958034,0.01942114826114339,0.018428068299151452,0.01942114826114339,0.018428068299151452,1.0,0.0002639271390287856,0.000237634882422455,204.08842659736965,1.9997360728609712,1.9997623651175775,0.0002639271390287856,0.0,0.0,2278.472692571066,0.01942114826114339,0.018428068299151452,0.01942114826114339,0.018428068299151452,1.0,0.0002639271390287856,0.000237634882422455,200.00297381844004,1.9997360728609712,1.9997623651175775,0.0002639271390287856,0.0,1.0,2233.5327120028405,0.01942114826114339,0.018428068299151452,0.01942114826114339,0.018428068299151452,1.0,0.0002639271390287856,0.000237634882422455,192.89748566280903,1.9997360728609712,1.9997623651175775,0.000237634882422455,0.0,1.0,2155.3723422908993,0.01942114826114339,0.018428068299151452,0.01942114826114339,0.018428068299151452,1.0,0.0002639271390287856,0.000237634882422455,192.36928074564838,1.9997360728609712,1.9997623651175775,0.000237634882422455,0.0,0.0,2149.562088202132,0.01942114826114339,0.018428068299151452,0.01942114826114339,0.018428068299151452,1.0,0.0002639271390287856,0.000237634882422455,188.10288731768247,1.9997360728609712,1.9997623651175775,0.000237634882422455,0.0,1.0,2102.631760494507,0.01942114826114339,0.018428068299151452,0.01942114826114339,0.018428068299151452,1.0,1.0,54.815381415175985,106.58068532853974,1.0,1.0,112.73307345061083,164.4983773639746,1.0,1.0,118.58343939794533,170.34874331130908,1.0,1.0,1506.7402876573806,1558.5055915707444,1.0,1.0,1661.2095300667104,1712.9748339800742,1.0,1.0,1.0,1.0,1.0,1.0,1.0,1.0,1.0,1.0,1.0,0.0,6.0,1.0,1.0,5.0,True,0.0,1,1.0,1.0,1.0,62.285835770225425,49.714164229774575,53.43408994504333,58.565910054956674,52.147660587255416,59.852339412744584,59.41768661700962,52.58231338299038,59.80729627125147,52.19270372874853,0.0,33.66992544730353,58.719681280836994,95.04,44.73037465671565,9.389958869850298e-17,4.798576848796414e-10,1.24581765893614e-16,4.6561718150929793e-10,22,4140.0,50.0,50.0
0.0,0.0,1400.0,700.0,1400.0,235.1656049740409,1040.04716009667,1159.828927520563,700.0,1400.0,1400.0,1160.5212642959768,402.6166354696479,414.6924847794427,1400.0,700.0,700.0,10.194442009980834,1279.5092985223982,506.19493481775686,700.0,1400.0,700.0,700.0,1400.0,700.0,284.13385825938605,1175.0459929208366,257.38919656400014,1236.209066608808,1391.0220375241497,440.6926453718502,1400.0,1400.0,700.0,1400.0,1400.0,700.0,700.0,1400.0,1399.999041242153,1399.9989842193027,700.0,1400.0,1399.9999903974954,1399.9999778466743,934.7776918968951,233.4004782005667,1399.9999999981649,1399.9038418994542,1392.2720601621068,1122.6637066126486,698.2642036380612,199.6509977701795,279.0458106688413,270.9151690140745,700.0,700.0,700.0,700.0,700.0,700.0,1389.9106251191665,1399.961935989385,1399.998556631593,1399.9965460029146,1400.0,700.0,1399.9999662016294,1399.9999520368185,1400.0,700.0,1400.0,1398.2079727404052,1398.1341976398808,1348.5583458854721,1173.7704648352524,55.99293166630262,224.20796104086543,1.7784704898519732,1977.8303845450675,2435.041692591274,1795.898675350136,1716.5690477442226,3067.923749504808,3968.0820119950813,5589.867663743059,2800.0,2800.0,4200.0,2800.0,2800.0,2800.0,2800.0,1.0,0.0002684799385825887,0.00024210287331372093,205.57700180169797,1.9997315200614174,1.9997578971266863,0.0002684799385825887,0.0,1.0,2294.8470198186774,0.01958800525145191,0.018600562431949897,0.01958800525145191,0.018600562431949897,1.0,0.0002684799385825887,0.00024210287331372093,205.418978482673,1.9997315200614174,1.9997578971266863,0.0002684799385825887,0.0,0.0,2293.108763309403,0.01958800525145191,0.018600562431949897,0.01958800525145191,0.018600562431949897,1.0,0.0002684799385825887,0.00024210287331372093,201.91126261406646,1.9997315200614174,1.9997578971266863,0.0002684799385825887,0.0,1.0,2254.523888754731,0.01958800525145191,0.018600562431949897,0.01958800525145191,0.018600562431949897,1.0,0.0002684799385825887,0.00024210287331372093,193.9226644679727,1.9997315200614174,1.9997578971266863,0.00024210287331372093,0.0,1.0,2166.6493091476996,0.01958800525145191,0.018600562431949897,0.01958800525145191,0.018600562431949897,1.0,0.0002684799385825887,0.00024210287331372093,193.59682821450582,1.9997315200614174,1.9997578971266863,0.00024210287331372093,0.0,0.0,2163.065110359564,0.01958800525145191,0.018600562431949897,0.01958800525145191,0.018600562431949897,1.0,0.0002684799385825887,0.00024210287331372093,190.066690767423,1.9997315200614174,1.9997578971266863,0.00024210287331372093,0.0,1.0,2124.233598441653,0.01958800525145191,0.018600562431949897,0.01958800525145191,0.018600562431949897,1.0,1.0,107.26429395554183,679.0810378752929,1.0,1.0,113.41079783890301,685.2275417586541,1.0,1.0,109.68199237671705,681.4987362964681,1.0,1.0,1623.549624977112,2195.366368896863,1.0,1.0,1785.7325453711533,2357.549289290904,1.0,1.0,1.0,1.0,1.0,1.0,1.0,1.0,1.0,1.0,1.0,0.0,6.0,1.0,1.0,5.0,True,0.0,1,1.0,1.0,1.0,47.23708210495512,64.76291789504488,52.20181253752469,59.79818746247532,73.55148404309642,38.44851595690358,52.90382955202879,59.09617044797121,59.73865254579005,52.261347454209954,0.0,21.669925447303527,46.719681280836994,95.04,38.28517386843023,1.8779917739700593e-17,9.597153697592825e-11,2.4916353178722793e-17,9.312343630185956e-11,23,4320.0,50.0,50.0
0.0,0.0,1400.0,700.0,1400.0,1167.033120994808,764.0528265771283,1008.2105163486032,700.0,1400.0,1400.0,1352.1042528591954,80.52332709392957,1202.9384969558885,1400.0,700.0,700.0,2.0388884019961666,1375.9018597044796,101.23898696355135,700.0,1400.0,700.0,700.0,1400.0,700.0,398.51190721164807,1355.0091985841673,797.2128248886054,1367.2418133217616,1398.2044075048298,88.13852907437001,1400.0,1400.0,700.0,1400.0,1400.0,700.0,700.0,1400.0,1399.9998082484306,1399.9997968438604,700.0,1400.0,1399.999998079499,1399.9999955693347,961.6781149695075,1166.6800956401132,1399.999999999633,1399.9807683798908,988.6082420271564,1224.3734877412478,1259.6528407276123,1159.9301995540359,1175.8091621337683,54.18303380281488,700.0,700.0,700.0,700.0,700.0,700.0,1397.9821250238333,1399.992387197877,1399.9997113263184,1399.999309200583,1400.0,700.0,1399.9999932403257,1399.9999904073636,1400.0,700.0,1400.0,1399.641594548081,1260.7083103158316,633.1566096431432,234.7540929670504,11.19858633326052,1164.841592208173,0.3556940979703946,2635.5660769090136,2939.2964639205393,1479.1797350700272,2550.7339306844206,2853.5847499009615,4928.338978989144,5597.973532748611,2800.0,2800.0,4200.0,2800.0,2800.0,2800.0,2800.0,1.0,0.0002720805587077546,0.00024564332305554437,206.35871382047654,1.9997279194412922,1.9997543566769445,0.0002720805587077546,0.0,1.0,2303.445852025242,0.01971896721397215,0.018736121123454078,0.01971896721397215,0.018736121123454078,1.0,0.0002720805587077546,0.00024564332305554437,205.99495483504046,1.9997279194412922,1.9997543566769445,0.0002720805587077546,0.0,0.0,2299.4445031854452,0.01971896721397215,0.018736121123454078,0.01971896721397215,0.018736121123454078,1.0,0.0002720805587077546,0.00024564332305554437,203.4135134930168,1.9997279194412922,1.9997543566769445,0.0002720805587077546,0.0,1.0,2271.048648423185,0.01971896721397215,0.018736121123454078,0.01971896721397215,0.018736121123454078,1.0,0.0002720805587077546,0.00024564332305554437,194.63082769685096,1.9997279194412922,1.9997543566769445,0.00024564332305554437,0.0,1.0,2174.4391046653604,0.01971896721397215,0.018736121123454078,0.01971896721397215,0.018736121123454078,1.0,0.0002720805587077546,0.00024564332305554437,194.3379045774774,1.9997279194412922,1.9997543566769445,0.00024564332305554437,0.0,0.0,2171.2169503522514,0.01971896721397215,0.018736121123454078,0.01971896721397215,0.018736121123454078,1.0,0.0002720805587077546,0.00024564332305554437,191.62563803949024,1.9997279194412922,1.9997543566769445,0.00024564332305554437,0.0,1.0,2141.3820184343926,0.01971896721397215,0.018736121123454078,0.01971896721397215,0.018736121123454078,1.0,1.0,89.22965762611885,106.52773060928365,1.0,1.0,130.746817048543,148.0448900317078,1.0,1.0,107.19037303229214,124.48844601545696,1.0,1.0,1758.004090395842,1775.3021633790067,1.0,1.0,1940.6768011610816,1957.9748741442463,1.0,1.0,1.0,1.0,1.0,1.0,1.0,1.0,1.0,1.0,1.0,0.0,6.0,1.0,1.0,5.0,True,0.0,1,1.0,1.0,1.0,70.92504420439954,41.07495579560046,60.25681948826093,51.74318051173907,39.399364872178964,72.60063512782104,56.865305230071385,55.134694769928615,59.747626191357696,52.252373808642304,0.0,33.66992544730353,58.719681280836994,95.04,42.23767841115202,3.755983547940118e-18,1.9194307395185646e-11,4.983270635744558e-18,1.8624687260371907e-11,24,4500.0,50.0,50.0
0.0,0.0,1400.0,700.0,1400.0,1353.4066241989615,916.0372481990552,201.6421032697206,700.0,1400.0,1400.0,270.420850571839,1136.104665418786,1360.5876993911777,1400.0,700.0,700.0,0.40777768039923323,275.1803719408959,1140.2477973927103,700.0,1400.0,700.0,700.0,1400.0,700.0,1199.7023814423296,271.0018397168334,159.44256497772105,892.1507307860124,958.2684456042305,871.8050844990707,1400.0,1400.0,700.0,1400.0,1400.0,700.0,700.0,1400.0,1399.9999616496862,1399.9999593687721,700.0,1400.0,1399.9999996158997,1399.9999991138668,1312.3356229939016,233.3360191280226,1399.9999999999266,1399.9961536759781,1317.7216484054313,244.87469754824951,1034.4742607111446,231.98603991080714,1355.1618324267536,10.836606760562974,700.0,700.0,700.0,700.0,700.0,700.0,1273.9414505610875,1399.9984774395753,1399.9999422652636,1399.9998618401164,1400.0,700.0,1399.999998648065,1399.9999980814728,1400.0,700.0,1400.0,1399.928318909616,252.14166206316625,372.6934609825058,46.95081859341007,1122.2397172666522,1352.9683184416347,1120.0711388195941,2767.1132153818025,2471.0859756677373,1415.8359470140053,1630.146786136884,2722.2242608893134,4345.667795797828,5473.939732106043,2800.0,2800.0,4200.0,2800.0,2800.0,2800.0,2800.0,1.0,0.0002747634897484197,0.00024830329100700155,206.78148370711654,1.9997252365102516,1.999751696708993,0.0002747634897484197,0.0,1.0,2308.0963207782816,0.019815989077750017,0.01883732656866878,0.019815989077750017,0.01883732656866878,1.0,0.0002747634897484197,0.00024830329100700155,206.23456024852956,1.9997252365102516,1.999751696708993,0.0002747634897484197,0.0,0.0,2302.0801627338255,0.019815989077750017,0.01883732656866878,0.019815989077750017,0.01883732656866878,1.0,0.0002747634897484197,0.00024830329100700155,204.49514996831,1.9997252365102516,1.999751696708993,0.0002747634897484197,0.0,1.0,2282.9466496514096,0.019815989077750017,0.01883732656866878,0.019815989077750017,0.01883732656866878,1.0,0.0002747634897484197,0.00024830329100700155,195.08515051120386,1.9997252365102516,1.999751696708993,0.00024830329100700155,0.0,1.0,2179.4366556232426,0.019815989077750017,0.01883732656866878,0.019815989077750017,0.01883732656866878,1.0,0.0002747634897484197,0.00024830329100700155,194.6381370751457,1.9997252365102516,1.999751696708993,0.00024830329100700155,0.0,0.0,2174.5195078266024,0.019815989077750017,0.01883732656866878,0.019815989077750017,0.01883732656866878,1.0,0.0002747634897484197,0.00024830329100700155,192.75863089008442,1.9997252365102516,1.999751696708993,0.00024830329100700155,0.0,1.0,2153.8449397909285,0.019815989077750017,0.01883732656866878,0.019815989077750017,0.01883732656866878,1.0,1.0,77.04000889182346,711.6734918445331,1.0,1.0,139.349012354711,773.9824953074207,1.0,1.0,115.77237545126471,750.4058584039743,1.0,1.0,1893.6203188829209,2528.2538018356304,1.0,1.0,2080.30864099962,2714.9421239523294,1.0,1.0,1.0,1.0,1.0,1.0,1.0,1.0,1.0,1.0,1.0,0.0,6.0,1.0,1.0,5.0,True,0.0,1,1.0,1.0,1.0,50.10237282709718,61.89762717290283,56.31987150445323,55.68012849554676,50.91987297443579,61.08012702556421,57.81196861483093,54.18803138516906,59.65143121795656,52.348568782043436,0.0,21.669925447303527,46.719681280836994,95.04,43.28053727136202,7.511967095880235e-19,3.8388614790371286e-12,9.966541271489113e-19,3.7249374520743806e-12,25,4680.0,50.0,50.0
0.0,0.0,1400.0,700.0,1400.0,1142.7465315969155,183.207449639811,1160.328420653944,700.0,1400.0,1400.0,54.084170114367794,1347.2209330837572,272.1175398782355,1400.0,700.0,700.0,1120.0815555360798,1175.0360743881793,228.049559478542,700.0,1400.0,700.0,700.0,1400.0,700.0,239.94047628846587,847.5750297441648,31.888512995544204,839.6583736726113,191.65368912084605,943.4808184979344,1400.0,1400.0,700.0,1400.0,1400.0,700.0,700.0,1400.0,1399.9999923299372,1399.9999918737544,700.0,1400.0,279.99999992317987,1399.9999998227734,1382.4671245987802,918.7156084694485,1399.9999999999852,1399.9992307351956,263.5443296810862,1168.9749395096499,1326.894852142229,1166.3972079821615,1391.0323664853506,902.2789854439123,700.0,700.0,700.0,700.0,700.0,700.0,1374.7882901122175,1399.999695487915,1399.9999884530525,1399.9999723680232,1400.0,700.0,1399.999999729613,1399.9999996162944,1400.0,700.0,1400.0,1399.9856637819232,1170.4283324126332,250.18224757729024,619.4363050775074,911.9366663997224,462.5241645772478,224.01422776391877,1673.4226430763604,2486.2824018906704,2523.167189402801,1119.4040190281748,1974.7928812913915,5101.181963803409,5574.787946421208,2800.0,2800.0,4200.0,2800.0,2800.0,2800.0,2800.0,1.0,0.00027661761203723323,0.0002501771975682576,206.5574339901548,1.9997233823879628,1.9997498228024317,0.00027661761203723323,0.0,1.0,2305.6317738917032,0.019882762818195707,0.01890829948263525,0.019882762818195707,0.01890829948263525,1.0,0.00027661761203723323,0.0002501771975682576,206.40702568330062,1.9997233823879628,1.9997498228024317,0.00027661761203723323,0.0,0.0,2303.977282516307,0.019882762818195707,0.01890829948263525,0.019882762818195707,0.01890829948263525,1.0,0.00027661761203723323,0.0002501771975682576,205.2395534640986,1.9997233823879628,1.9997498228024317,0.00027661761203723323,0.0,1.0,2291.135088105085,0.019882762818195707,0.01890829948263525,0.019882762818195707,0.01890829948263525,1.0,0.00027661761203723323,0.0002501771975682576,194.97863439442892,1.9997233823879628,1.9997498228024317,0.0002501771975682576,0.0,1.0,2178.2649783387183,0.019882762818195707,0.01890829948263525,0.019882762818195707,0.01890829948263525,1.0,0.00027661761203723323,0.0002501771975682576,194.79236441003462,1.9997233823879628,1.9997498228024317,0.0002501771975682576,0.0,0.0,2176.216008510381,0.019882762818195707,0.01890829948263525,0.019882762818195707,0.01890829948263525,1.0,0.00027661761203723323,0.0002501771975682576,193.55008955295955,1.9997233823879628,1.9997498228024317,0.0002501771975682576,0.0,1.0,2162.550985082555,0.019882762818195707,0.01890829948263525,0.019882762818195707,0.01890829948263525,1.0,1.0,72.30965871976838,340.1327416816548,1.0,1.0,155.1029108883185,422.9259938502049,1.0,1.0,118.56129890605051,386.38438186793695,1.0,1.0,2043.1623108655522,2310.9853938274387,1.0,1.0,2215.091518519973,2482.9146014818593,1.0,1.0,1.0,1.0,1.0,1.0,1.0,1.0,1.0,1.0,1.0,0.0,6.0,1.0,1.0,5.0,True,0.0,1,1.0,1.0,1.0,73.94981052035803,38.050189479641965,65.15840270941202,46.841597290587984,53.36804152289414,58.63195847710586,57.72818879088409,54.27181120911591,59.1110265713856,52.888973428614406,0.0,33.66992544730353,58.719681280836994,95.04,43.73716219439604,1.5023934191760466e-19,7.677722958074256e-13,1.9933082542978222e-19,7.449874904148759e-13,26,4860.0,50.0,50.0
0.0,0.0,1400.0,700.0,1400.0,1348.549306319383,1049.7762601137233,1352.0656841307887,700.0,1400.0,1400.0,10.816834022873556,1357.2326237272869,1114.3833162044234,1400.0,700.0,700.0,1261.61837591584,235.0072148776358,1165.6099118957084,700.0,1400.0,700.0,700.0,1400.0,700.0,47.98809525769317,638.7203834595197,1126.377702599109,167.93167473452223,1158.3307378241693,1308.6961636995868,1400.0,1400.0,700.0,1400.0,1400.0,700.0,700.0,1400.0,1399.9999984659873,1399.9999983747507,700.0,1400.0,1175.999999984636,1399.9999999645547,1396.4934249197559,183.74312169388966,1399.999999999997,1399.999846147039,1172.7088659362173,233.79498790192991,1363.834922684465,1027.9686558900223,278.2064732970701,924.079313862806,700.0,700.0,700.0,700.0,700.0,700.0,1394.9576580224434,1399.999939097583,1399.9999976906104,1399.9999944736046,1400.0,700.0,1399.9999999459226,1399.9999999232589,1400.0,700.0,1400.0,1399.9971327563846,234.0856664825266,50.03644951545804,123.88726101550145,1302.3873332799444,1212.5048329154495,44.802845552783744,2482.4327739545843,3750.391250563895,2662.235502689184,1813.0861813163217,2634.9585762582783,4380.236392760682,5594.957589284241,2800.0,2800.0,4200.0,2800.0,2800.0,2800.0,2800.0,1.0,0.0002778201758275589,0.0002513984709764383,205.85536747095674,1.9997221798241724,1.9997486015290236,0.0002778201758275589,0.0,1.0,2297.9090421805245,0.019925952106310756,0.018954411535129858,0.019925952106310756,0.018954411535129858,1.0,0.0002778201758275589,0.0002513984709764383,206.31149320517554,1.9997221798241724,1.9997486015290236,0.0002778201758275589,0.0,0.0,2302.9264252569305,0.019925952106310756,0.018954411535129858,0.019925952106310756,0.018954411535129858,1.0,0.0002778201758275589,0.0002513984709764383,205.70383072986678,1.9997221798241724,1.9997486015290236,0.0002778201758275589,0.0,1.0,2296.2421380285346,0.019925952106310756,0.018954411535129858,0.019925952106310756,0.018954411535129858,1.0,0.0002778201758275589,0.0002513984709764383,194.36866443194515,1.9997221798241724,1.9997486015290236,0.0002513984709764383,0.0,1.0,2171.5553087513968,0.019925952106310756,0.018954411535129858,0.019925952106310756,0.018954411535129858,1.0,0.0002778201758275589,0.0002513984709764383,194.73147534901304,1.9997221798241724,1.9997486015290236,0.0002513984709764383,0.0,0.0,2175.5462288391436,0.019925952106310756,0.018954411535129858,0.019925952106310756,0.018954411535129858,1.0,0.0002778201758275589,0.0002513984709764383,194.04895760965124,1.9997221798241724,1.9997486015290236,0.0002513984709764383,0.0,1.0,2168.0385337061634,0.019925952106310756,0.018954411535129858,0.019925952106310756,0.018954411535129858,1.0,1.0,112.47180121846488,480.40765777261794,1.0,1.0,126.20516228623767,494.14101884039076,1.0,1.0,165.39539069596015,533.3312472501132,1.0,1.0,2147.883023243631,2515.818879797784,1.0,1.0,2336.5322046804454,2704.4680612345983,1.0,1.0,1.0,1.0,1.0,1.0,1.0,1.0,1.0,1.0,1.0,0.0,6.0,1.0,1.0,5.0,True,0.0,1,1.0,1.0,1.0,52.476028130907125,59.52397186909288,56.959657350859274,55.040342649140726,46.067111485076076,65.93288851492392,57.72947922850232,54.27052077149769,58.87419450715413,53.12580549284588,0.0,21.669925447303527,53.97249910250566,95.04,43.97528471632769,3.004786838352092e-20,1.5355445916148508e-13,3.986616508595644e-20,1.4899749808297515e-13,27,5040.0,50.0,50.0
0.0,0.0,1400.0,700.0,1400.0,1389.7098612638765,209.95525202274462,1390.4131368261576,700.0,1400.0,1400.0,1122.1633668045747,1391.4465247454573,1342.8766632408847,1400.0,700.0,700.0,252.32367518316795,1167.0014429755272,1353.1219823791416,700.0,1400.0,700.0,700.0,1400.0,700.0,9.597619051538631,1018.1479685162687,1345.2755405198218,1153.5863349469043,847.9551072492654,1381.7392327399173,1400.0,1400.0,700.0,1400.0,1400.0,700.0,700.0,1400.0,1399.9999996931974,1399.99999967495,700.0,1400.0,1355.199999996927,1399.999999992911,736.1087246064959,1001.7269178065684,1399.9999999999993,1399.9999692294077,1354.5417731872435,1166.758997580386,592.7105895717762,981.1620198695038,55.64129465941401,1304.815862772561,700.0,700.0,700.0,700.0,700.0,700.0,278.9915316044886,1399.9999878195165,1399.999999538122,1399.9999988947209,1400.0,700.0,1399.9999999891845,1399.9999999846518,1400.0,700.0,1400.0,1399.9994265512769,1166.8171332965053,1130.0072899030915,24.777452203100285,465.0120611235536,242.50096658308985,1128.9605691105567,3856.4865547909167,2990.0782501127787,2772.447100537837,2373.021128087629,3383.280674936087,4537.835611642471,4478.991517856848,2800.0,2800.0,4200.0,2800.0,2800.0,2800.0,2800.0,1.0,0.00027836223611088506,0.00025199821571808556,204.76366219072256,1.9997216377638891,1.999748001784282,0.00027836223611088506,0.0,1.0,2285.9002840979483,0.01994538931532593,0.018977015345699517,0.01994538931532593,0.018977015345699517,1.0,0.00027836223611088506,0.00025199821571808556,205.8884931176089,1.9997216377638891,1.999748001784282,0.00027836223611088506,0.0,0.0,2298.273424293698,0.01994538931532593,0.018977015345699517,0.01994538931532593,0.018977015345699517,1.0,0.00027836223611088506,0.00025199821571808556,205.87950338393026,1.9997216377638891,1.999748001784282,0.00027836223611088506,0.0,1.0,2298.1745372232326,0.01994538931532593,0.018977015345699517,0.01994538931532593,0.018977015345699517,1.0,0.00027836223611088506,0.00025199821571808556,193.36427624599028,1.9997216377638891,1.999748001784282,0.00025199821571808556,0.0,1.0,2160.507038705893,0.01994538931532593,0.018977015345699517,0.01994538931532593,0.018977015345699517,1.0,0.00027836223611088506,0.00025199821571808556,194.3649128045864,1.9997216377638891,1.999748001784282,0.00025199821571808556,0.0,0.0,2171.5140408504503,0.01994538931532593,0.018977015345699517,0.01994538931532593,0.018977015345699517,1.0,0.00027836223611088506,0.00025199821571808556,194.2641518894499,1.9997216377638891,1.999748001784282,0.00025199821571808556,0.0,1.0,2170.4056707839486,0.01994538931532593,0.018977015345699517,0.01994538931532593,0.018977015345699517,1.0,1.0,120.49188469956545,523.7942550385444,1.0,1.0,124.46453468910093,527.7669050280798,1.0,1.0,158.48332294565975,561.7856932846387,1.0,1.0,2287.842572849214,2691.144943188193,1.0,1.0,2481.1947270450883,2884.4970973840673,1.0,1.0,1.0,1.0,1.0,1.0,1.0,1.0,1.0,1.0,1.0,0.0,6.0,1.0,1.0,5.0,True,0.0,1,1.0,1.0,1.0,56.10062184224336,55.89937815775664,58.658013977332175,53.34198602266783,36.15868644604828,75.84131355395171,57.33611513372362,54.66388486627639,58.76868667036372,53.231313329636286,0.0,22.64131879836232,65.97249910250565,95.04,43.687428462355776,6.009573676704183e-21,3.0710891832297006e-14,7.973233017191285e-21,2.9799499616595026e-14,28,5220.0,50.0,50.0
0.0,0.0,1400.0,700.0,1400.0,328.77578312887226,1161.991050404549,278.0826273652315,700.0,1400.0,1400.0,1344.4326733609148,278.2893049490914,268.57533264817687,1400.0,700.0,700.0,50.46473503663358,1353.4002885951054,1148.1963113750376,700.0,1400.0,700.0,700.0,1400.0,700.0,349.08666451982816,203.6295937032537,1389.0551081039644,1350.7172669893807,871.4894486588425,276.3478465479834,1400.0,1400.0,700.0,1400.0,1400.0,700.0,700.0,1400.0,1399.9999999386393,1399.99999993499,700.0,1400.0,1391.0399999993854,1399.999999998582,1267.2217449212992,1320.3453835613136,1399.9999999999998,1399.9999938458814,1390.9083546374486,233.35179951607714,118.5421179143552,853.542985646103,260.8600946403885,1380.963172554512,700.0,700.0,700.0,700.0,700.0,700.0,1175.7983063208976,1399.9999975639032,1399.9999999076244,1399.9999997789441,1400.0,700.0,1399.9999999978368,1399.9999999969302,1400.0,700.0,1400.0,1399.9998853102552,1353.363426659301,226.00145798061826,4.955490440620056,883.7362491883342,1168.500193316618,225.79211382211128,1891.297310958183,1768.8494608986525,2552.061335006777,1941.7713663270463,2498.554562196207,5387.567122328494,5375.79830357137,2800.0,2800.0,4200.0,2800.0,2800.0,2800.0,2800.0,1.0,0.00027819733848510886,0.0002519454330587312,203.34564762309813,1.999721802661515,1.9997480545669413,0.00027819733848510886,0.0,1.0,2270.3021238540796,0.019939478414880914,0.01897502709637422,0.019939478414880914,0.01897502709637422,1.0,0.00027819733848510886,0.0002519454330587312,205.12731096164563,1.999721802661515,1.9997480545669413,0.00027819733848510886,0.0,0.0,2289.9004205781016,0.019939478414880914,0.01897502709637422,0.019939478414880914,0.01897502709637422,1.0,0.00027819733848510886,0.0002519454330587312,205.74764028191422,1.999721802661515,1.9997480545669413,0.00027819733848510886,0.0,1.0,2296.7240431010564,0.019939478414880914,0.01897502709637422,0.019939478414880914,0.01897502709637422,1.0,0.00027819733848510886,0.0002519454330587312,192.03506449955802,1.999721802661515,1.9997480545669413,0.0002519454330587312,0.0,1.0,2145.885709495138,0.019939478414880914,0.01897502709637422,0.019939478414880914,0.01897502709637422,1.0,0.00027819733848510886,0.0002519454330587312,193.6727791748188,1.999721802661515,1.9997480545669413,0.0002519454330587312,0.0,0.0,2163.900570923007,0.019939478414880914,0.01897502709637422,0.019939478414880914,0.01897502709637422,1.0,0.00027819733848510886,0.0002519454330587312,194.18131670697719,1.999721802661515,1.9997480545669413,0.0002519454330587312,0.0,1.0,2169.494483776749,0.019939478414880914,0.01897502709637422,0.019939478414880914,0.01897502709637422,1.0,1.0,140.56315310720646,773.51777102999,1.0,1.0,145.6440060682814,778.5986239910649,1.0,1.0,162.23313965212446,795.1877575749079,1.0,1.0,2415.384987650063,3048.3396055728463,1.0,1.0,2613.5222589839627,3246.476876906746,1.0,1.0,1.0,1.0,1.0,1.0,1.0,1.0,1.0,1.0,1.0,0.0,6.0,1.0,1.0,5.0,True,0.0,1,1.0,1.0,1.0,51.810069195654435,60.189930804345565,40.46961736213348,71.53038263786652,44.62867476361807,67.37132523638192,57.316206412538676,54.683793587461324,58.51459334773676,53.48540665226324,0.0,34.64131879836232,56.323507173298474,95.04,43.92161306460109,1.2019147353408364e-21,6.1421783664594e-15,1.5946466034382567e-21,5.959899923319004e-15,29,5400.0,50.0,50.0
0.0,0.0,1400.0,700.0,1400.0,620.6689037003579,1284.5405944528236,55.61652547304628,700.0,1400.0,1400.0,268.8865346721829,1175.6578609898183,1173.7150665296354,1400.0,700.0,700.0,1130.0929470073268,270.680057719021,229.63926227500747,700.0,1400.0,700.0,700.0,1400.0,700.0,1189.8173329039655,1160.7259187406507,1164.7829113572652,1390.143453397876,1294.2978897317685,55.26956930959667,1400.0,1400.0,700.0,1400.0,1400.0,700.0,700.0,1400.0,1399.9999999877277,1399.9999999869979,700.0,1400.0,1398.207999999877,1399.9999999997162,1078.4853811067487,464.96524739904964,1400.0,1399.9999987691763,1398.1816709274897,825.5247265138402,1085.1610214792263,1290.7085971292206,266.75038523353186,1396.1926345109023,700.0,700.0,700.0,700.0,700.0,700.0,659.8509928528765,1399.9999995127805,1399.9999999815248,1399.9999999557888,1400.0,700.0,1399.9999999995673,1399.999999999386,1400.0,700.0,1400.0,1399.999977062051,1106.5890088719802,45.20029159612364,1120.991098088124,1296.747249837667,720.8958816492989,1165.1584227644223,2618.2594621916364,1960.8260236262279,1630.4122670013553,3515.326163001882,2739.7109124392414,4343.450627274975,4859.850992302971,2800.0,2800.0,4200.0,2800.0,2800.0,2800.0,2800.0,1.0,0.0002772981022904908,0.0002512155591625209,201.6441531287161,1.9997227018977095,1.9997487844408375,0.0002772981022904908,0.0,1.0,2251.585684415877,0.019907213669441384,0.01894751240391592,0.019907213669441384,0.01894751240391592,1.0,0.0002772981022904908,0.0002512155591625209,204.04214658028232,1.9997227018977095,1.9997487844408375,0.0002772981022904908,0.0,0.0,2277.9636123831056,0.019907213669441384,0.01894751240391592,0.019907213669441384,0.01894751240391592,1.0,0.0002772981022904908,0.0002512155591625209,205.29843643035838,1.9997227018977095,1.9997487844408375,0.0002772981022904908,0.0,1.0,2291.782800733942,0.019907213669441384,0.01894751240391592,0.019907213669441384,0.01894751240391592,1.0,0.0002772981022904908,0.0002512155591625209,190.42740850733503,1.9997227018977095,1.9997487844408375,0.0002512155591625209,0.0,1.0,2128.2014935806856,0.019907213669441384,0.01894751240391592,0.019907213669441384,0.01894751240391592,1.0,0.0002772981022904908,0.0002512155591625209,192.6656348294267,1.9997227018977095,1.9997487844408375,0.0002512155591625209,0.0,0.0,2152.821983123694,0.019907213669441384,0.01894751240391592,0.019907213669441384,0.01894751240391592,1.0,0.0002772981022904908,0.0002512155591625209,193.7910216403808,1.9997227018977095,1.9997487844408375,0.0002512155591625209,0.0,1.0,2165.201238044189,0.019907213669441384,0.01894751240391592,0.019907213669441384,0.01894751240391592,1.0,1.0,121.74991352459978,138.97883543077575,1.0,1.0,159.51596739143554,176.7448892976115,1.0,1.0,162.734181039149,179.96310294532498,1.0,1.0,2533.8796838824123,2551.108605788588,1.0,1.0,2738.0689359920125,2755.2978578981883,1.0,1.0,1.0,1.0,1.0,1.0,1.0,1.0,1.0,1.0,1.0,0.0,6.0,1.0,1.0,5.0,True,0.0,1,1.0,1.0,1.0,67.83119943077281,44.16880056922718,46.35661073911954,65.64338926088045,43.58062340682336,68.41937659317664,56.87406389922507,55.12593610077493,58.41871893822767,53.58128106177233,0.0,46.102762084621546,68.32350717329848,95.04,43.57534496095725,2.403829470681672e-22,1.2284356732918798e-15,3.1892932068765125e-22,1.1919799846638006e-15,30,5580.0,50.0,50.0
0.0,0.0,1400.0,700.0,1400.0,124.13378074007154,256.90811889056465,11.123305094609254,700.0,1400.0,1400.0,783.3592871944442,235.1315721979636,1351.9192682042042,1400.0,700.0,700.0,226.0185894014653,1174.1360115438042,1165.9278524550016,700.0,1400.0,700.0,700.0,1400.0,700.0,1357.963466580793,1352.1451837481302,867.5752403775609,1398.0286906795752,1287.7267581619444,96.35621532298478,1400.0,1400.0,700.0,1400.0,1400.0,700.0,700.0,1400.0,1399.9999999975455,1399.9999999973995,700.0,1400.0,1399.6415999999754,1399.9999999999432,1335.6970762213498,1212.99304947981,1400.0,1399.9999997538353,279.6363341854979,728.3812344263928,853.6981446951902,1378.141719425844,1173.3500770467062,1399.2385269021804,700.0,700.0,700.0,700.0,700.0,700.0,1251.9701985705753,279.99999990255606,1399.999999996305,1399.9999999911577,1400.0,700.0,1399.9999999999134,1399.9999999998772,1400.0,700.0,1400.0,1399.99999541241,1034.6608014018905,888.4368114176499,224.19821961762477,259.3494499675333,1264.1791763298597,1353.0316845528844,2370.410127596612,392.1652047252455,2566.082453400271,3577.683890706485,2782.1116641645044,5348.690125454995,4331.970198460594,2800.0,2800.0,4200.0,2800.0,2800.0,2800.0,2800.0,1.0,0.0002756675066659664,0.0002498097400758237,199.6901979205417,1.999724332493334,1.9997501902599242,0.0002756675066659664,0.0,1.0,2230.0921771259586,0.01984857405900892,0.018894403267508273,0.01984857405900892,0.018894403267508273,1.0,0.0002756675066659664,0.0002498097400758237,202.65597368095834,1.999724332493334,1.9997501902599242,0.0002756675066659664,0.0,0.0,2262.715710490542,0.01984857405900892,0.018894403267508273,0.01984857405900892,0.018894403267508273,1.0,0.0002756675066659664,0.0002498097400758237,204.53377746490906,1.999724332493334,1.9997501902599242,0.0002756675066659664,0.0,1.0,2283.3715521139998,0.01984857405900892,0.018894403267508273,0.01984857405900892,0.018894403267508273,1.0,0.0002756675066659664,0.0002498097400758237,188.57421664468018,1.999724332493334,1.9997501902599242,0.0002498097400758237,0.0,1.0,2107.816383091482,0.01984857405900892,0.018894403267508273,0.01984857405900892,0.018894403267508273,1.0,0.0002756675066659664,0.0002498097400758237,191.36530605940706,1.999724332493334,1.9997501902599242,0.0002498097400758237,0.0,0.0,2138.5183666534776,0.01984857405900892,0.018894403267508273,0.01984857405900892,0.018894403267508273,1.0,0.0002756675066659664,0.0002498097400758237,193.09450909063273,1.999724332493334,1.9997501902599242,0.0002498097400758237,0.0,1.0,2157.53959999696,0.01984857405900892,0.018894403267508273,0.01984857405900892,0.018894403267508273,1.0,1.0,114.74404727121852,285.1376346405012,1.0,1.0,177.85816243734862,348.2517498066313,1.0,1.0,124.05040883602442,294.4439962053071,1.0,1.0,2679.5135990857466,2849.907186455029,1.0,1.0,2863.7978480588704,3034.191435428153,1.0,1.0,1.0,1.0,1.0,1.0,1.0,1.0,1.0,1.0,1.0,0.0,6.0,1.0,1.0,5.0,True,0.0,1,1.0,1.0,1.0,48.62369775810713,63.37630224189288,50.79630082588233,61.20369917411767,66.60490374808529,45.3950962519147,56.9504461118984,55.049553888101606,58.31630916869453,53.683690831305476,0.0,34.102762084621546,56.32350717329848,95.04,43.75413694319583,4.8076589413633434e-23,2.4568713465837587e-16,6.378586413753023e-23,2.3839599693276007e-16,31,5760.0,50.0,50.0
0.0,0.0,1400.0,700.0,1400.0,24.826756148014304,1127.5364219228395,514.6706893913997,700.0,1400.0,1400.0,699.8744850061241,797.2172021733774,1390.3838536408407,1400.0,700.0,700.0,1165.203717880293,665.416623042216,1353.1855704910004,700.0,1400.0,700.0,700.0,1400.0,700.0,1391.5926933161586,688.7588967243078,173.51504807551214,712.354809943351,1377.5453516323887,19.271243064596952,1400.0,1400.0,700.0,1400.0,1400.0,700.0,700.0,1400.0,1399.999999999509,1399.9999999994798,700.0,1400.0,1399.928319999995,1399.9999999999886,1387.13941524427,1362.598609895962,1400.0,1399.999999950767,1175.9272668370995,1265.6762468852785,1290.739628939038,1395.6283438851688,1354.6700154093412,657.4071280295036,700.0,700.0,700.0,700.0,700.0,700.0,894.0448225531985,1175.9999999805111,1399.999999999261,1399.9999999982315,1400.0,700.0,1399.9999999999827,1399.9999999999754,1400.0,700.0,1400.0,1399.999999082482,1326.932160280378,1297.6873622835299,922.7914543670347,94.33121617388113,1372.8358352659718,270.60633691057683,2887.4755408203423,1667.0338674622535,3183.8059114135094,2253.8666381159787,2109.1714046403367,5549.738025090999,4870.044822531203,2800.0,2800.0,4200.0,2800.0,2800.0,2800.0,2800.0,1.0,0.00027333347880675873,0.00024775267421617286,197.50819241716798,1.9997266665211932,1.9997522473257838,0.00027333347880675873,0.0,1.0,2206.0901165888476,0.019764335292180135,0.01881642152541095,0.019764335292180135,0.01881642152541095,1.0,0.00027333347880675873,0.00024775267421617286,200.99350361093767,1.9997266665211932,1.9997522473257838,0.00027333347880675873,0.0,0.0,2244.4285397203143,0.019764335292180135,0.01881642152541095,0.019764335292180135,0.01881642152541095,1.0,0.00027333347880675873,0.00024775267421617286,203.46443603473801,1.9997266665211932,1.9997522473257838,0.00027333347880675873,0.0,1.0,2271.6087963821183,0.019764335292180135,0.01881642152541095,0.019764335292180135,0.01881642152541095,1.0,0.00027333347880675873,0.00024775267421617286,186.5007642779591,1.9997266665211932,1.9997522473257838,0.00024775267421617286,0.0,1.0,2085.00840705755,0.019764335292180135,0.01881642152541095,0.019764335292180135,0.01881642152541095,1.0,0.00027333347880675873,0.00024775267421617286,189.79633793899134,1.9997266665211932,1.9997522473257838,0.00024775267421617286,0.0,0.0,2121.2597173289046,0.019764335292180135,0.01881642152541095,0.019764335292180135,0.01881642152541095,1.0,0.00027333347880675873,0.00024775267421617286,192.1019417783722,1.9997266665211932,1.9997522473257838,0.00024775267421617286,0.0,1.0,2146.6213595620943,0.019764335292180135,0.01881642152541095,0.019764335292180135,0.01881642152541095,1.0,1.0,129.30373535519686,551.150394934851,1.0,1.0,167.7960181651422,589.6426777447963,1.0,1.0,130.37736037649194,552.2240199561461,1.0,1.0,2789.652515688358,3211.499175268012,1.0,1.0,3025.1728967986155,3447.0195563782695,1.0,1.0,1.0,1.0,1.0,1.0,1.0,1.0,1.0,1.0,1.0,0.0,6.0,1.0,1.0,5.0,True,0.0,1,1.0,1.0,1.0,54.035318641724274,57.96468135827573,52.02505933659941,59.97494066340059,51.261880098444436,60.738119901555564,56.85237589839407,55.147624101605935,57.98959455031901,54.01040544968099,0.0,29.233332335604203,57.570381175935154,95.04,43.98278134807347,9.615317882726685e-24,4.9137426931675166e-17,1.2757172827506043e-23,4.7679199386552e-17,32,5940.0,50.0,50.0
0.0,0.0,1400.0,700.0,1400.0,4.9653512296028595,1037.1362125485216,102.93413787827993,700.0,1400.0,1400.0,698.0298557905891,1279.4434404346755,278.07677072816807,1400.0,700.0,700.0,233.04074357605853,940.6841013595489,1390.6371140982,700.0,1400.0,700.0,700.0,1400.0,700.0,1398.3185386632317,1257.7517793448615,1154.7030096151025,342.3356279699397,1395.5090703264777,3.8542486129193896,1400.0,1400.0,700.0,1400.0,1400.0,700.0,700.0,1400.0,1399.9999999999018,1399.9999999998959,700.0,1400.0,1399.985663999999,1399.9999999999977,1397.4278830488538,317.8896645337657,1400.0,1399.9999999901534,1355.1854533674198,253.13524937705563,258.14792578780754,1043.686398178126,325.7696665988781,1251.4814256059008,700.0,700.0,700.0,700.0,700.0,700.0,1298.8089645106397,1355.1999999961022,1399.9999999998522,1399.9999999996462,1400.0,700.0,279.9999999999965,1399.999999999995,1400.0,700.0,1400.0,1399.9999998164963,1385.3864320560756,1379.537472456706,706.5495857495162,18.86624323477622,1394.5671670531942,1174.1212673821153,2255.5500669534326,1145.0357016564044,2564.3619590338076,3810.7733276231957,1741.6989469093369,4515.317547572773,5454.00896450624,2800.0,2800.0,4200.0,2800.0,2800.0,2800.0,2800.0,1.0,0.0002703402315282766,0.0002450850911595026,195.1190354583004,1.9997296597684717,1.9997549149088405,0.0002703402315282766,0.0,1.0,2179.8093900413046,0.019655776715695576,0.018714812346415262,0.019655776715695576,0.018714812346415262,1.0,0.0002703402315282766,0.0002450850911595026,199.0785509647542,1.9997296597684717,1.9997549149088405,0.0002703402315282766,0.0,0.0,2223.3640606122963,0.019655776715695576,0.018714812346415262,0.019655776715695576,0.018714812346415262,1.0,0.0002703402315282766,0.0002450850911595026,202.10659338802816,1.9997296597684717,1.9997549149088405,0.0002703402315282766,0.0,1.0,2256.6725272683098,0.019655776715695576,0.018714812346415262,0.019655776715695576,0.018714812346415262,1.0,0.0002703402315282766,0.0002450850911595026,184.2281760431296,1.9997296597684717,1.9997549149088405,0.0002450850911595026,0.0,1.0,2060.0099364744256,0.019655776715695576,0.018714812346415262,0.019655776715695576,0.018714812346415262,1.0,0.0002703402315282766,0.0002450850911595026,187.98264751888212,1.9997296597684717,1.9997549149088405,0.0002450850911595026,0.0,0.0,2101.3091227077034,0.019655776715695576,0.018714812346415262,0.019655776715695576,0.018714812346415262,1.0,0.0002703402315282766,0.0002450850911595026,190.82913726922303,1.9997296597684717,1.9997549149088405,0.0002450850911595026,0.0,1.0,2132.620509961453,0.019655776715695576,0.018714812346415262,0.019655776715695576,0.018714812346415262,1.0,1.0,126.10981682567315,213.7653344874942,1.0,1.0,139.71822626429437,227.37374392611542,1.0,1.0,150.48056611788886,238.1360837797099,1.0,1.0,2910.5671860015095,2998.222703663331,1.0,1.0,3155.405182841539,3243.0607005033603,1.0,1.0,1.0,1.0,1.0,1.0,1.0,1.0,1.0,1.0,1.0,0.0,6.0,1.0,1.0,5.0,True,0.0,1,1.0,1.0,1.0,52.154043249549176,59.845956750450824,45.11157499947656,66.88842500052344,55.51765266360664,56.48234733639335,57.03161161771408,54.96838838228593,57.95276836643056,54.04723163356943,0.0,32.455082856168474,47.53177911247357,95.04,44.198843251283215,1.9230635765453367e-24,9.827485386335032e-18,2.551434565501208e-24,9.535839877310397e-18,33,6120.0,50.0,50.0
0.0,0.0,1400.0,700.0,1400.0,712.3479978996652,1327.4272425097042,20.58682757565598,700.0,1400.0,1400.0,139.6059711581178,255.88868808693505,1175.6153541456335,1400.0,700.0,700.0,46.6081487152117,188.13682027190973,278.12742281963995,700.0,1400.0,700.0,700.0,1400.0,700.0,279.6637077326463,1371.5503558689722,230.94060192302044,580.5351437088516,1037.9330678688764,1120.770849722584,1400.0,1400.0,700.0,1400.0,1400.0,700.0,700.0,1400.0,1399.9999999999802,1399.999999999979,700.0,1400.0,1399.9971327999997,1399.9999999999995,413.36751812178466,335.04468912223217,1400.0,1399.9999999980305,271.0370906734839,1170.627049875411,270.1611581370036,208.73727963562516,1185.1539333197757,1370.29628512118,700.0,700.0,700.0,700.0,700.0,700.0,1379.7617929021278,1391.0399999992203,1399.9999999999704,1399.999999999929,1400.0,700.0,1175.9999999999993,1399.9999999999989,1400.0,700.0,1400.0,1399.9999999632992,1397.077286411215,1395.9074944913411,1261.3099171499032,1123.7732486469552,309.28159478097507,1354.824253476423,1571.1100133906864,2060.3620679850255,512.8723918067614,1882.1546655246389,2739.2390613003117,3548.4122072420478,5570.801792901248,2800.0,2800.0,4200.0,2800.0,2800.0,2800.0,2800.0,1.0,0.0002667409897891826,0.0002418567537165739,192.54194140551834,1.9997332590102108,1.9997581432462834,0.0002667409897891826,0.0,1.0,2151.4613554607017,0.019524442022332642,0.01859110217567791,0.019524442022332642,0.01859110217567791,1.0,0.0002667409897891826,0.0002418567537165739,196.93339785781694,1.9997332590102108,1.9997581432462834,0.0002667409897891826,0.0,0.0,2199.7673764359865,0.019524442022332642,0.01859110217567791,0.019524442022332642,0.01859110217567791,1.0,0.0002667409897891826,0.0002418567537165739,200.4791599873561,1.9997332590102108,1.9997581432462834,0.0002667409897891826,0.0,1.0,2238.770759860917,0.019524442022332642,0.01859110217567791,0.019524442022332642,0.01859110217567791,1.0,0.0002667409897891826,0.0002418567537165739,181.77548667187068,1.9997332590102108,1.9997581432462834,0.0002418567537165739,0.0,1.0,2033.0303533905776,0.019524442022332642,0.01859110217567791,0.019524442022332642,0.01859110217567791,1.0,0.0002667409897891826,0.0002418567537165739,185.9465787139562,1.9997332590102108,1.9997581432462834,0.0002418567537165739,0.0,0.0,2078.912365853518,0.019524442022332642,0.01859110217567791,0.019524442022332642,0.01859110217567791,1.0,0.0002667409897891826,0.0002418567537165739,189.29482516670654,1.9997332590102108,1.9997581432462834,0.0002418567537165739,0.0,1.0,2115.743076833772,0.019524442022332642,0.01859110217567791,0.019524442022332642,0.01859110217567791,1.0,1.0,129.2659012007418,729.1145375983859,1.0,1.0,147.98509254480086,747.833728942445,1.0,1.0,143.47413840487368,743.3227748025178,1.0,1.0,3039.080059256997,3638.928695654641,1.0,1.0,3290.8042437771314,3890.6528801747754,1.0,1.0,1.0,1.0,1.0,1.0,1.0,1.0,1.0,1.0,1.0,0.0,6.0,1.0,1.0,5.0,True,0.0,1,1.0,1.0,1.0,60.07072329297763,51.929276707022375,55.98294813854121,56.01705186145879,54.287705270143164,57.71229472985683,54.1981590582367,57.8018409417633,57.95542037947703,54.04457962052296,0.0,29.138298075655598,55.89809572814069,95.04,41.3627386787596,3.8461271530906725e-25,1.965497077267006e-18,5.102869131002415e-25,1.907167975462079e-18,34,6300.0,50.0,50.0
0.0,0.0,1400.0,700.0,1400.0,1262.469599579933,265.48544850194077,1124.1173655151313,700.0,1400.0,1400.0,970.4217385899433,51.177737617386995,235.12307082912665,1400.0,700.0,700.0,1129.3216297430424,1157.627364054382,55.62548456392798,700.0,1400.0,700.0,700.0,1400.0,700.0,55.93274154652924,274.31007117379437,46.188120384604076,116.10702874177029,1327.5866135737751,703.7892187381476,1400.0,1400.0,700.0,1400.0,1400.0,700.0,700.0,1400.0,1399.999999999996,1399.9999999999957,700.0,1400.0,1399.9994265599998,1399.9999999999998,986.4366962686503,773.4039008732958,1400.0,1399.999999999606,1174.2074181346968,1092.7716558864045,947.4367404490757,1161.747455927125,1357.030786663955,1394.0592570242359,700.0,700.0,700.0,700.0,700.0,700.0,1139.9547451938615,1398.207999999844,1399.999999999994,1399.9999999999857,1400.0,700.0,1355.1999999999998,1399.9999999999998,1400.0,700.0,1400.0,1399.9999999926597,1399.4154572822429,730.1852935900504,1372.2619834299805,289.5655979821753,927.2123153550174,1390.9648506952844,1256.722547036457,2652.072413597005,2342.5744783613522,376.4309331049277,2147.4828610536933,4559.840597141552,5338.162745193686,2800.0,2800.0,4200.0,2800.0,2800.0,2800.0,2800.0,1.0,0.0002625930854092129,0.00023812152757285432,189.79549965773754,1.9997374069145908,1.9997618784724271,0.0002625930854092129,0.0,1.0,2121.250496235113,0.019371984264268248,0.01844693420100588,0.019371984264268248,0.01844693420100588,1.0,0.0002625930854092129,0.00023812152757285432,194.57896792427064,1.9997374069145908,1.9997618784724271,0.0002625930854092129,0.0,0.0,2173.868647166977,0.019371984264268248,0.01844693420100588,0.019371984264268248,0.01844693420100588,1.0,0.0002625930854092129,0.00023812152757285432,198.6021009641861,1.9997374069145908,1.9997618784724271,0.0002625930854092129,0.0,1.0,2218.123110606047,0.019371984264268248,0.01844693420100588,0.019371984264268248,0.01844693420100588,1.0,0.0002625930854092129,0.00023812152757285432,179.1608432149941,1.9997374069145908,1.9997618784724271,0.00023812152757285432,0.0,1.0,2004.2692753649349,0.019371984264268248,0.01844693420100588,0.019371984264268248,0.01844693420100588,1.0,0.0002625930854092129,0.00023812152757285432,183.70896279470463,1.9997374069145908,1.9997618784724271,0.00023812152757285432,0.0,0.0,2054.298590741751,0.019371984264268248,0.01844693420100588,0.019371984264268248,0.01844693420100588,1.0,0.0002625930854092129,0.00023812152757285432,187.51885617075177,1.9997374069145908,1.9997618784724271,0.00023812152757285432,0.0,1.0,2096.2074178782696,0.019371984264268248,0.01844693420100588,0.019371984264268248,0.01844693420100588,1.0,1.0,122.11746681235563,359.3045397475253,1.0,1.0,174.78438339648858,411.97145633165826,1.0,1.0,162.18251213163242,399.3695850668021,1.0,1.0,3191.277701435917,3428.4647743710866,1.0,1.0,3409.637288733359,3646.8243616685286,1.0,1.0,1.0,1.0,1.0,1.0,1.0,1.0,1.0,1.0,1.0,0.0,6.0,1.0,1.0,5.0,True,0.0,1,1.0,1.0,1.0,40.524949134082625,71.47505086591738,58.995101059136395,53.004898940863605,57.41754105402863,54.58245894597136,56.170790397616884,55.829209602383116,57.9470635735507,54.0529364264493,0.0,17.138298075655598,43.89809572814069,95.04,43.34372682406621,7.692254306181343e-26,3.930994154534011e-19,1.0205738262004827e-25,3.814335950924157e-19,35,6480.0,50.0,50.0
0.0,0.0,1400.0,700.0,1400.0,1372.4939199159865,53.09708970038814,1344.8234731030261,700.0,1400.0,1400.0,601.8453985722394,358.86174543152566,47.02461416582532,1400.0,700.0,700.0,225.86432594860844,1174.2648485090679,1131.1250969127857,700.0,1400.0,700.0,700.0,1400.0,700.0,378.7533828697118,1174.8620142347588,1129.2376240769208,1143.221405748354,1385.517322714755,140.7578437476295,1400.0,1400.0,700.0,1400.0,1400.0,700.0,700.0,1400.0,1399.999999999999,1399.999999999999,700.0,1400.0,1399.9998853119998,1400.0,1317.28733925373,1274.680780174659,1400.0,1399.999999999921,1201.9917989710339,218.55433117728083,189.4873480898151,232.34949118542494,1391.4061573327908,1398.8118514048472,700.0,700.0,700.0,700.0,700.0,700.0,1347.9909490387722,1399.6415999999688,1399.9999999999986,1399.999999999997,1400.0,700.0,1391.04,1400.0,1400.0,700.0,1400.0,1399.9999999985318,1399.8830914564485,146.03705871801003,782.589560289971,1177.913119596435,185.44246307100343,1398.1929701390568,1007.7317581695904,2770.414482719401,2531.254271370462,2682.853021181392,2669.4965722107386,5391.96811942831,5547.632549038737,2800.0,2800.0,4200.0,2800.0,2800.0,2800.0,2800.0,1.0,0.00025795508975900994,0.00023393442433583544,186.8982694837322,1.999742044910241,1.9997660655756642,0.00025795508975900994,0.0,1.0,2089.3809643210543,0.01920008165225866,0.01828397574029772,0.01920008165225866,0.01828397574029772,1.0,0.00025795508975900994,0.00023393442433583544,192.03524969848337,1.999742044910241,1.9997660655756642,0.00025795508975900994,0.0,0.0,2145.887746683317,0.01920008165225866,0.01828397574029772,0.01920008165225866,0.01828397574029772,1.0,0.00025795508975900994,0.00023393442433583544,196.49555980385958,1.999742044910241,1.9997660655756642,0.00025795508975900994,0.0,1.0,2194.9511578424554,0.01920008165225866,0.01828397574029772,0.01920008165225866,0.01828397574029772,1.0,0.00025795508975900994,0.00023393442433583544,176.4021878816569,1.999742044910241,1.9997660655756642,0.00023393442433583544,0.0,1.0,1973.9240666982257,0.01920008165225866,0.01828397574029772,0.01920008165225866,0.01828397574029772,1.0,0.00025795508975900994,0.00023393442433583544,181.28951806594026,1.999742044910241,1.9997660655756642,0.00023393442433583544,0.0,0.0,2027.6846987253427,0.01920008165225866,0.01828397574029772,0.01920008165225866,0.01828397574029772,1.0,0.00025795508975900994,0.00023393442433583544,185.52123130042398,1.999742044910241,1.9997660655756642,0.00023393442433583544,0.0,1.0,2074.2335443046636,0.01920008165225866,0.01828397574029772,0.01920008165225866,0.01828397574029772,1.0,1.0,116.77169011183703,172.99258834296796,1.0,1.0,166.64783154141676,222.86872977254768,1.0,1.0,188.505158086206,244.7260563173369,1.0,1.0,3297.8906830118813,3354.111581243012,1.0,1.0,3530.8840153023034,3587.1049135334342,1.0,1.0,1.0,1.0,1.0,1.0,1.0,1.0,1.0,1.0,1.0,0.0,6.0,1.0,1.0,5.0,True,0.0,1,1.0,1.0,1.0,49.35317472925668,62.646825270743314,61.27671147151875,50.72328852848125,35.4904408689913,76.5095591310087,56.44075175837745,55.559248241622555,57.99663301294561,54.00336698705439,0.0,15.166153257879799,55.89809572814069,95.04,43.564118745431884,1.5384508612362682e-26,7.86198830906802e-20,2.0411476524009651e-26,7.628671901848312e-20,36,6660.0,50.0,50.0
0.0,0.0,1400.0,700.0,1400.0,348.5872255632395,72.09500986208366,1388.964694620605,700.0,1400.0,1400.0,120.36907971444786,71.77234908630511,1129.404922833165,1400.0,700.0,700.0,1059.6315730332005,813.2146821437351,1117.0157243800932,700.0,1400.0,700.0,700.0,1400.0,700.0,737.5256573397319,1354.9724028469518,1345.847524815384,1348.6442811496709,1397.1034645429509,517.6485491008389,1400.0,1400.0,700.0,1400.0,1400.0,700.0,700.0,1400.0,1399.9999999999998,1399.9999999999998,700.0,1400.0,1399.9999770624,1400.0,1364.670447871569,1374.9361560349316,1400.0,1399.999999999984,1360.3983597942067,1163.7108662354563,1157.897469617963,1166.469898237085,278.2812314665581,1399.7623702809694,700.0,700.0,700.0,700.0,700.0,700.0,390.8705592265285,1399.9283199999936,1399.9999999999995,1399.9999999999993,1400.0,700.0,1398.2079999999999,1400.0,1400.0,700.0,1400.0,1399.9999999997062,281.59301879009524,29.207411743601998,156.5797937737883,1355.582623919287,1157.0884926142007,279.6385940278113,1321.546351633918,1809.6469300459285,2989.8619795570294,3438.3455850020678,3263.3962947934606,5539.606603906484,4590.798879226521,2800.0,2800.0,4200.0,2800.0,2800.0,2800.0,2800.0,1.0,0.000252885345915832,0.00022935006407687197,183.86909286265245,1.9997471146540842,1.9997706499359231,0.000252885345915832,0.0,1.0,2056.060021489177,0.019010401232509484,0.01810387653245975,0.019010401232509484,0.01810387653245975,1.0,0.000252885345915832,0.00022935006407687197,189.32172578988548,1.9997471146540842,1.9997706499359231,0.000252885345915832,0.0,0.0,2116.0389836887402,0.019010401232509484,0.01810387653245975,0.019010401232509484,0.01810387653245975,1.0,0.000252885345915832,0.00022935006407687197,194.17950501222725,1.9997471146540842,1.9997706499359231,0.000252885345915832,0.0,1.0,2169.4745551345,0.019010401232509484,0.01810387653245975,0.019010401232509484,0.01810387653245975,1.0,0.000252885345915832,0.00022935006407687197,173.51762604416862,1.9997471146540842,1.9997706499359231,0.00022935006407687197,0.0,1.0,1942.1938864858548,0.019010401232509484,0.01810387653245975,0.019010401232509484,0.01810387653245975,1.0,0.000252885345915832,0.00022935006407687197,178.70729250331019,1.9997471146540842,1.9997706499359231,0.00022935006407687197,0.0,0.0,1999.280217536412,0.019010401232509484,0.01810387653245975,0.019010401232509484,0.01810387653245975,1.0,0.000252885345915832,0.00022935006407687197,183.32169101748184,1.9997471146540842,1.9997706499359231,0.00022935006407687197,0.0,1.0,2050.0386011923,0.019010401232509484,0.01810387653245975,0.019010401232509484,0.01810387653245975,1.0,1.0,128.41373742678817,209.5589812890575,1.0,1.0,151.009121989359,232.1543658516283,1.0,1.0,175.16871019767646,256.3139540599458,1.0,1.0,3400.1420743037556,3481.2873181660248,1.0,1.0,3656.405853024701,3737.5510968869703,1.0,1.0,1.0,1.0,1.0,1.0,1.0,1.0,1.0,1.0,1.0,0.0,6.0,1.0,1.0,5.0,True,0.0,1,1.0,1.0,1.0,33.88867742660797,78.11132257339203,46.03744292300688,65.96255707699312,41.930480044694605,70.0695199553054,56.45547606884259,55.54452393115741,58.129258786507464,53.870741213492536,0.0,13.237172503629452,43.89809572814069,95.04,43.44621728233515,3.0769017224725355e-27,1.5723976618136034e-20,4.082295304801929e-27,1.525734380369662e-20,37,6840.0,50.0,50.0
0.0,0.0,1400.0,700.0,1400.0,1189.717445112648,14.419001972416728,1033.7510600014123,700.0,1400.0,1400.0,1144.0738159428895,647.3721861879905,620.1222527245438,1400.0,700.0,700.0,1331.92631460664,162.642936428747,1343.4031448760186,700.0,1400.0,700.0,700.0,1400.0,700.0,342.39630065043434,1081.8942171859856,269.16950496307675,360.2040394414833,951.4465983804473,103.52970982016775,1400.0,1400.0,700.0,1400.0,1400.0,700.0,700.0,1400.0,1400.0,1400.0,700.0,1400.0,1399.9999954124798,1400.0,1392.9340895743137,464.2804706433169,1400.0,1399.9999999999968,1288.6150359287878,1007.6184105058069,1351.5794939235925,1353.293979647417,205.89210687846375,1399.9524740561938,700.0,700.0,700.0,700.0,700.0,700.0,574.3142447812907,1152.3103466978744,1399.9999999999998,1399.9999999999998,1400.0,700.0,1399.6416,1400.0,1400.0,700.0,1400.0,1399.999999999941,56.31860375801904,5.841482348720398,1151.3159587547577,1391.1165247838574,1316.4957852464083,1175.9277188055623,2411.5682548554237,2237.887507086477,2837.972395911406,1693.4600227994965,1415.1803476420982,4657.214560217627,4526.624591479165,2800.0,2800.0,4200.0,2800.0,2800.0,2800.0,2800.0,1.0,0.0002474413261892572,0.00022442200322991823,180.72723563881502,1.9997525586738107,1.99977557799677,0.0002474413261892572,0.0,1.0,2021.4995920269653,0.01880459043040356,0.01790825764588,0.01880459043040356,0.01790825764588,1.0,0.0002474413261892572,0.00022442200322991823,186.45771779484346,1.9997525586738107,1.99977557799677,0.0002474413261892572,0.0,0.0,2084.534895743278,0.01880459043040356,0.01790825764588,0.01880459043040356,0.01790825764588,1.0,0.0002474413261892572,0.00022442200322991823,191.67367227330286,1.9997525586738107,1.99977557799677,0.0002474413261892572,0.0,1.0,2141.9103950063313,0.01880459043040356,0.01790825764588,0.01880459043040356,0.01790825764588,1.0,0.0002474413261892572,0.00022442200322991823,170.52560286592566,1.9997525586738107,1.99977557799677,0.00022442200322991823,0.0,1.0,1909.2816315251823,0.01880459043040356,0.01790825764588,0.01880459043040356,0.01790825764588,1.0,0.0002474413261892572,0.00022442200322991823,175.98103435653067,1.9997525586738107,1.99977557799677,0.00022442200322991823,0.0,0.0,1969.2913779218375,0.01880459043040356,0.01790825764588,0.01880459043040356,0.01790825764588,1.0,0.0002474413261892572,0.00022442200322991823,180.93963112238396,1.9997525586738107,1.99977557799677,0.00022442200322991823,0.0,1.0,2023.8359423462234,0.01880459043040356,0.01790825764588,0.01880459043040356,0.01790825764588,1.0,1.0,151.0014435371765,512.783985966495,1.0,1.0,159.93165872900377,521.7142011583222,1.0,1.0,138.12338171118733,499.9059241405058,1.0,1.0,3509.9500211152817,3871.7325635446005,1.0,1.0,3784.960019644799,4146.742562074118,1.0,1.0,1.0,1.0,1.0,1.0,1.0,1.0,1.0,1.0,1.0,0.0,6.0,1.0,1.0,5.0,True,0.0,1,1.0,1.0,1.0,44.72315598867504,67.27684401132497,54.037670111556416,57.96232988844358,51.40031000946573,60.59968999053427,56.324492010771145,55.675507989228855,57.988254947706366,54.011745052293634,0.0,15.730673477124277,43.64682564845474,95.04,43.4562370630648,6.153803444945069e-28,3.144795323627206e-21,8.164590609603856e-28,3.0514687607393235e-21,38,7020.0,50.0,50.0
0.0,0.0,1400.0,700.0,1400.0,237.94348902252955,821.8056554502467,1326.7502120002823,700.0,1400.0,1400.0,783.7483200454599,1249.474437237598,1244.0244505449086,1400.0,700.0,700.0,1386.385262921328,1113.030712344072,1388.6806289752037,700.0,1400.0,700.0,700.0,1400.0,700.0,956.5077395402807,1336.378843437197,1173.8339009926153,1192.0408078882967,1310.2893196760895,487.40135037534304,1400.0,1400.0,700.0,1400.0,1400.0,700.0,700.0,1400.0,1400.0,1400.0,700.0,1400.0,1399.9999990824958,1400.0,549.3509960864874,92.85609412866336,1400.0,1399.9999999999993,1377.7230071857575,521.2042390764552,1390.3158987847185,270.65879592948335,1161.1784213756928,279.9904948112387,700.0,700.0,700.0,700.0,700.0,700.0,114.8628489562581,322.1923071852049,1400.0,1400.0,1400.0,700.0,1399.92832,1400.0,1400.0,700.0,1388.2678557921781,1388.2678557921663,11.263720751603804,526.524714276703,230.2631917509515,278.2233049567714,632.6407588431173,1355.1855437611125,3277.247207827967,2386.499356473059,3888.0966042406035,3466.7204839700926,2989.7314779397293,3442.20709021515,3237.055156141463,2800.0,2800.0,4200.0,2800.0,2800.0,2800.0,2800.0,1.0,0.00024167940383379438,0.00021920251254603507,177.4924237145165,1.9997583205961662,1.999780797487454,0.00024167940383379438,0.0,1.0,1985.9166608596813,0.01858428228368574,0.017698716002964094,0.01858428228368574,0.017698716002964094,1.0,0.00024167940383379438,0.00021920251254603507,183.46262693848757,1.9997583205961662,1.999780797487454,0.00024167940383379438,0.0,0.0,2051.5888963233633,0.01858428228368574,0.017698716002964094,0.01858428228368574,0.017698716002964094,1.0,0.00024167940383379438,0.00021920251254603507,188.99764549588025,1.9997583205961662,1.999780797487454,0.00024167940383379438,0.0,1.0,2112.4741004546827,0.01858428228368574,0.017698716002964094,0.01858428228368574,0.017698716002964094,1.0,0.00024167940383379438,0.00021920251254603507,167.44496318275137,1.9997583205961662,1.999780797487454,0.00021920251254603507,0.0,1.0,1875.394595010265,0.01858428228368574,0.017698716002964094,0.01858428228368574,0.017698716002964094,1.0,0.00024167940383379438,0.00021920251254603507,173.12945976548184,1.9997583205961662,1.999780797487454,0.00021920251254603507,0.0,0.0,1937.9240574203004,0.01858428228368574,0.017698716002964094,0.01858428228368574,0.017698716002964094,1.0,0.00024167940383379438,0.00021920251254603507,178.39417868939907,1.9997583205961662,1.999780797487454,0.00021920251254603507,0.0,1.0,1995.8359655833897,0.01858428228368574,0.017698716002964094,0.01858428228368574,0.017698716002964094,1.0,1.0,141.94529258216946,595.5690563664588,1.0,1.0,161.12168841547773,614.7454521997671,1.0,1.0,163.25016000644104,616.8739237907304,1.0,1.0,3612.448012060395,4066.071775844684,1.0,1.0,3906.107543005614,4359.731306789903,1.0,1.0,1.0,1.0,1.0,1.0,1.0,1.0,1.0,1.0,1.0,0.0,6.0,1.0,1.0,5.0,True,0.0,1,1.0,1.0,1.0,50.98913177566766,61.01086822433235,47.754625472686456,64.24537452731353,44.14741684145813,67.85258315854188,56.30747248701621,55.69252751298379,49.22465574388549,62.775344256114515,0.0,27.730673477124277,55.64682564845474,95.04,52.20281674313076,1.2307606889890135e-28,6.289590647254411e-22,1.6329181219207707e-28,6.102937521478646e-22,39,7200.0,50.0,50.0
