N_P_star,N_UF_star,allocation_A_E_to_N,allocation_A_E_to_S,allocation_A_E_to_W,allocation_A_N_to_E,allocation_A_N_to_S,allocation_A_N_to_W,allocation_A_S_to_E,allocation_A_S_to_N,allocation_A_S_to_W,allocation_A_W_to_E,allocation_A_W_to_N,allocation_A_W_to_S,allocation_B_E_to_N,allocation_B_E_to_S,allocation_B_E_to_W,allocation_B_N_to_E,allocation_B_N_to_S,allocation_B_N_to_W,allocation_B_S_to_E,allocation_B_S_to_N,allocation_B_S_to_W,allocation_B_W_to_E,allocation_B_W_to_N,allocation_B_W_to_S,allocation_C_E_to_N,allocation_C_E_to_S,allocation_C_E_to_W,allocation_C_N_to_E,allocation_C_N_to_S,allocation_C_N_to_W,allocation_C_S_to_E,allocation_C_S_to_N,allocation_C_S_to_W,allocation_C_W_to_E,allocation_C_W_to_N,allocation_C_W_to_S,allocation_D_E_to_N,allocation_D_E_to_W,allocation_D_E_to_onE,allocation_D_E_to_onW,allocation_D_N_to_E,allocation_D_N_to_W,allocation_D_N_to_onE,allocation_D_N_to_onW,allocation_D_W_to_E,allocation_D_W_to_N,allocation_D_W_to_onE,allocation_D_W_to_onW,allocation_D_offE_to_E,allocation_D_offE_to_N,allocation_D_offE_to_W,allocation_D_offW_to_E,allocation_D_offW_to_N,allocation_D_offW_to_W,allocation_E_E_to_N,allocation_E_E_to_W,allocation_E_N_to_E,allocation_E_N_to_W,allocation_E_W_to_E,allocation_E_W_to_N,allocation_F_E_to_N,allocation_F_E_to_W,allocation_F_E_to_onE,allocation_F_E_to_onW,allocation_F_N_to_E,allocation_F_N_to_W,allocation_F_N_to_onE,allocation_F_N_to_onW,allocation_F_W_to_E,allocation_F_W_to_N,allocation_F_W_to_onE,allocation_F_W_to_onW,allocation_F_offE_to_E,allocation_F_offE_to_N,allocation_F_offE_to_W,allocation_F_offW_to_E,allocation_F_offW_to_N,allocation_F_offW_to_W,allocation_in_A_left,allocation_in_A_top,allocation_in_B_top,allocation_in_C_right,allocation_in_C_top,allocation_in_D_left,allocation_in_F_right,allocation_out_A_left,allocation_out_A_top,allocation_out_B_top,allocation_out_C_right,allocation_out_C_top,allocation_out_D_left,allocation_out_F_right,diag_N_P_crit,diag_N_P_max,diag_N_P_min,diag_N_UF_max,diag_N_UF_min,diag_calib_fingerprint_mismatch_count,diag_distributed_response_rollout_freeway_ttt,diag_distributed_response_rollout_ttt,diag_distributed_response_rollout_urban_ttt,diag_leader_base_accumulation,diag_leader_beta_hat,diag_leader_boundary_in_queue_penalty,diag_leader_boundary_in_queue_veh,diag_leader_boundary_leg_excluded_veh,diag_leader_candidate_best_N_P_star,diag_leader_candidate_best_N_UF_star,diag_leader_candidate_best_index,diag_leader_candidate_best_intent_N_P_star,diag_leader_candidate_best_intent_N_UF_star,diag_leader_candidate_best_objective,diag_leader_candidate_best_projected_N_P_star,diag_leader_candidate_best_realized_N_P_star,diag_leader_candidate_best_realized_N_UF_star,diag_leader_candidate_best_stage_coarse,diag_leader_candidate_best_stage_fallback,diag_leader_candidate_best_stage_refined,diag_leader_candidate_coarse_count,diag_leader_candidate_coarse_evaluated_count,diag_leader_candidate_coarse_global,diag_leader_candidate_coarse_local,diag_leader_candidate_count,diag_leader_candidate_follower_early_terminated_candidates,diag_leader_candidate_follower_early_terminated_candidates_total,diag_leader_candidate_full_evaluated_count,diag_leader_candidate_global_refresh,diag_leader_candidate_incumbent_active,diag_leader_candidate_incumbent_any_active,diag_leader_candidate_incumbent_objective,diag_leader_candidate_intent_N_P_star,diag_leader_candidate_intent_N_UF_star,diag_leader_candidate_objective_gap,diag_leader_candidate_objective_spread,diag_leader_candidate_parallel_backend_process,diag_leader_candidate_parallel_backend_serial,diag_leader_candidate_parallel_backend_thread,diag_leader_candidate_parallel_workers,diag_leader_candidate_prefilter_active,diag_leader_candidate_prefilter_scope_global,diag_leader_candidate_prefilter_scope_local,diag_leader_candidate_prefilter_selected_count,diag_leader_candidate_prefilter_top_k,diag_leader_candidate_process_pool_reuse_enabled,diag_leader_candidate_process_pool_reused_existing,diag_leader_candidate_projected_N_P_star,diag_leader_candidate_proxy_best_index,diag_leader_candidate_proxy_best_objective,diag_leader_candidate_proxy_evaluated_count,diag_leader_candidate_proxy_objective_gap,diag_leader_candidate_proxy_objective_spread,diag_leader_candidate_proxy_second_index,diag_leader_candidate_proxy_second_objective,diag_leader_candidate_raw_N_P_star,diag_leader_candidate_raw_N_UF_star,diag_leader_candidate_realized_N_P_star,diag_leader_candidate_realized_N_UF_star,diag_leader_candidate_refined_count,diag_leader_candidate_refined_evaluated_count,diag_leader_candidate_refined_prefilter_active,diag_leader_candidate_refined_prefilter_scope_global,diag_leader_candidate_refined_prefilter_scope_local,diag_leader_candidate_refined_prefilter_selected_count,diag_leader_candidate_refined_prefilter_top_k,diag_leader_candidate_refined_proxy_best_index,diag_leader_candidate_refined_proxy_best_objective,diag_leader_candidate_refined_proxy_evaluated_count,diag_leader_candidate_refined_proxy_objective_gap,diag_leader_candidate_refined_proxy_objective_spread,diag_leader_candidate_refined_proxy_second_index,diag_leader_candidate_refined_proxy_second_objective,diag_leader_candidate_refinement_active,diag_leader_candidate_second_N_P_star,diag_leader_candidate_second_N_UF_star,diag_leader_candidate_second_index,diag_leader_candidate_second_intent_N_P_star,diag_leader_candidate_second_intent_N_UF_star,diag_leader_candidate_second_objective,diag_leader_candidate_second_projected_N_P_star,diag_leader_candidate_second_realized_N_P_star,diag_leader_candidate_second_realized_N_UF_star,diag_leader_candidate_second_stage_coarse,diag_leader_candidate_second_stage_fallback,diag_leader_candidate_second_stage_refined,diag_leader_candidate_solver_N_P_star,diag_leader_candidate_solver_N_UF_star,diag_leader_candidate_wu_metered_serial_override,diag_leader_density_effective_lane_weight_count,diag_leader_density_excess,diag_leader_density_penalty,diag_leader_fallback_best_completed_proxy_veh,diag_leader_fallback_best_objective,diag_leader_fallback_best_stage_no_control,diag_leader_fallback_best_stage_pfo,diag_leader_fallback_best_terminal_proxy_veh,diag_leader_fallback_candidate_count,diag_leader_fallback_enabled,diag_leader_fallback_evaluated_count,diag_leader_fallback_guard_active,diag_leader_fallback_guard_beta_applied,diag_leader_fallback_guard_beta_hat,diag_leader_fallback_guard_completed_severe,diag_leader_fallback_guard_completed_worse,diag_leader_fallback_guard_fallback_completed_proxy_veh,diag_leader_fallback_guard_fallback_objective,diag_leader_fallback_guard_fallback_rollout_ttt,diag_leader_fallback_guard_fallback_terminal_proxy_veh,diag_leader_fallback_guard_insufficient_gain,diag_leader_fallback_guard_leader_completed_proxy_veh,diag_leader_fallback_guard_leader_objective,diag_leader_fallback_guard_leader_rollout_ttt,diag_leader_fallback_guard_leader_rollout_ttt_beta,diag_leader_fallback_guard_leader_terminal_proxy_veh,diag_leader_fallback_guard_metric_ttt,diag_leader_fallback_guard_objective_gain,diag_leader_fallback_guard_objective_worse,diag_leader_fallback_guard_rejected_leader,diag_leader_fallback_guard_required_gain,diag_leader_fallback_guard_selected,diag_leader_fallback_guard_selected_no_control,diag_leader_fallback_guard_selected_pfo,diag_leader_fallback_guard_terminal_severe,diag_leader_fallback_guard_terminal_worse,diag_leader_fallback_guard_ttt_worse,diag_leader_fallback_incumbent_objective,diag_leader_fallback_incumbent_seed_active,diag_leader_fallback_pfo_completed_proxy_veh,diag_leader_fallback_pfo_objective,diag_leader_fallback_pfo_terminal_proxy_veh,diag_leader_follower_response_objective_used,diag_leader_follower_ttt_base,diag_leader_forecast_boundary_first_veh_h,diag_leader_forecast_boundary_future_mean_veh_h,diag_leader_forecast_boundary_peak_veh_h,diag_leader_forecast_mainline_first_veh_h,diag_leader_forecast_mainline_future_mean_veh_h,diag_leader_forecast_mainline_peak_veh_h,diag_leader_forecast_ramp_first_veh_h,diag_leader_forecast_ramp_future_mean_veh_h,diag_leader_forecast_ramp_peak_veh_h,diag_leader_forecast_steps,diag_leader_forecast_total_first_veh_h,diag_leader_forecast_total_future_mean_veh_h,diag_leader_forecast_total_peak_veh_h,diag_leader_intent_N_P_star,diag_leader_intent_N_UF_star,diag_leader_lambda_np_committed,diag_leader_lambda_uf_committed,diag_leader_mfd_boundary_queue_capacity_veh,diag_leader_mfd_link_excess_veh,diag_leader_mfd_movement_excess_veh,diag_leader_mfd_penalty_mode_all_urban_halfcap,diag_leader_mfd_penalty_mode_protected_exceed,diag_leader_mfd_storage_excess_veh,diag_leader_mfd_storage_penalty,diag_leader_mfd_storage_threshold_ratio,diag_leader_nonconvergence_control_residual_component,diag_leader_nonconvergence_obj_residual_component,diag_leader_nonconvergence_penalty,diag_leader_np_bound_lower,diag_leader_np_bound_upper,diag_leader_np_capacity_lower,diag_leader_np_capacity_max_net_flow_veh_h,diag_leader_np_capacity_min_net_flow_veh_h,diag_leader_np_capacity_upper,diag_leader_np_feasible_horizon_h,diag_leader_np_feasible_predictor_mode_code,diag_leader_np_feasible_sigma_max_veh,diag_leader_np_feasible_sigma_min_veh,diag_leader_np_follower_feasible_max,diag_leader_np_follower_feasible_min,diag_leader_np_follower_feasible_projection_active,diag_leader_np_follower_feasible_projection_cap_mode,diag_leader_np_follower_feasible_projection_failed,diag_leader_np_movement_lower,diag_leader_np_movement_lower_active,diag_leader_np_movement_max_net_flow_veh_h,diag_leader_np_movement_min_net_flow_veh_h,diag_leader_np_movement_upper,diag_leader_np_movement_upper_active,diag_leader_np_projected_N_P_star,diag_leader_np_projection_applied,diag_leader_np_projection_residual,diag_leader_np_raw_N_P_star,diag_leader_nuf_arrival_target,diag_leader_nuf_bound_lower,diag_leader_nuf_bound_upper,diag_leader_nuf_heuristic_target,diag_leader_nuf_omega_FW_E,diag_leader_nuf_omega_FW_W,diag_leader_nuf_queue_drain_target,diag_leader_objective,diag_leader_objective_base,diag_leader_output_closure_applied,diag_leader_pfo_incumbent_N_P_clipped,diag_leader_pfo_incumbent_N_P_star,diag_leader_pfo_incumbent_N_UF_clipped,diag_leader_pfo_incumbent_N_UF_star,diag_leader_pfo_incumbent_active,diag_leader_pfo_incumbent_candidate,diag_leader_pfo_incumbent_enabled,diag_leader_pfo_incumbent_local_center_used,diag_leader_pfo_incumbent_objective,diag_leader_pfo_incumbent_raw_N_P_star,diag_leader_pfo_incumbent_raw_N_UF_star,diag_leader_pfo_incumbent_selected,diag_leader_pfo_incumbent_tie_break_selected,diag_leader_pred_horizon_ttt,diag_leader_pred_interval_ttt,diag_leader_projected_N_P_star,diag_leader_ramp_queue_penalty,diag_leader_ramp_queue_veh,diag_leader_realized_N_P_star,diag_leader_realized_N_UF_star,diag_leader_realized_interval_ttt,diag_leader_recalib_needed,diag_leader_regret_active,diag_leader_regret_forced_commit,diag_leader_regret_gap,diag_leader_regret_incumbent_pred_interval_ttt,diag_leader_regret_window_len,diag_leader_response_N_P_star_projection_residual,diag_leader_response_N_P_star_realization_residual,diag_leader_response_N_UF_star_realization_residual,diag_leader_response_closure_applied,diag_leader_response_closure_changed_N_P,diag_leader_response_closure_use_rollout_objective,diag_leader_response_net_inflow_source_allocation_projected,diag_leader_response_net_inflow_source_distributed_projected,diag_leader_response_net_inflow_source_leader_realized,diag_leader_response_net_inflow_source_none,diag_leader_response_net_inflow_source_projected_only,diag_leader_response_net_inflow_source_wu_projected,diag_leader_response_net_inflow_source_wu_sum_nin,diag_leader_response_proxy_state_count,diag_leader_rollout_objective_base_used,diag_leader_rollout_prediction_used,diag_leader_search_demand_stress,diag_leader_search_density_stress,diag_leader_search_incident_stress,diag_leader_search_mode_continuous,diag_leader_search_mode_grid,diag_leader_search_ramp_queue_stress,diag_leader_search_stress_index,diag_leader_search_urban_storage_stress,diag_leader_selected_N_P_star,diag_leader_selected_N_UF_star,diag_leader_selected_intent_N_P_star,diag_leader_selected_intent_N_UF_star,diag_leader_selected_objective,diag_leader_selected_projected_N_P_star,diag_leader_selected_realized_N_P_star,diag_leader_selected_realized_N_UF_star,diag_leader_selected_stage_coarse,diag_leader_selected_stage_fallback,diag_leader_selected_stage_fallback_no_control,diag_leader_selected_stage_fallback_pfo,diag_leader_selected_stage_refined,diag_leader_smoothness_penalty,diag_leader_solver_N_P_star,diag_leader_solver_N_UF_star,diag_leader_state_accumulation_base,diag_leader_target_penalty,diag_leader_total_objective,diag_nash_converged,diag_nash_iterations,diag_nash_residual_control,diag_nash_residual_objective,diag_urban_net_inflow_original_target_veh,diag_urban_net_inflow_target_veh,diag_urban_net_inflow_target_veh_h,diag_wu_b2_price_A,diag_wu_b2_price_B,diag_wu_b2_price_C,diag_wu_b2_price_D,diag_wu_b2_price_F,diag_wu_b2_price_delta_sec,diag_wu_b2_price_enabled,diag_wu_b2_price_ref_A,diag_wu_b2_price_ref_B,diag_wu_b2_price_ref_C,diag_wu_b2_price_ref_D,diag_wu_b2_price_ref_F,diag_wu_b2_price_refresh_count,diag_wu_b2_price_refreshed,diag_wu_b2_price_trust_sec,diag_wu_b3_cliff_both_FW_E,diag_wu_b3_cliff_both_FW_W,diag_wu_b3_meter_fd3_R_D_E_base,diag_wu_b3_meter_fd3_R_D_E_cliffup,diag_wu_b3_meter_fd3_R_D_E_curv,diag_wu_b3_meter_fd3_R_D_E_hi,diag_wu_b3_meter_fd3_R_D_E_lo,diag_wu_b3_meter_fd3_R_D_E_nonlin,diag_wu_b3_meter_fd3_R_D_W_base,diag_wu_b3_meter_fd3_R_D_W_cliffup,diag_wu_b3_meter_fd3_R_D_W_curv,diag_wu_b3_meter_fd3_R_D_W_hi,diag_wu_b3_meter_fd3_R_D_W_lo,diag_wu_b3_meter_fd3_R_D_W_nonlin,diag_wu_b3_meter_fd3_R_F_E_base,diag_wu_b3_meter_fd3_R_F_E_cliffup,diag_wu_b3_meter_fd3_R_F_E_curv,diag_wu_b3_meter_fd3_R_F_E_hi,diag_wu_b3_meter_fd3_R_F_E_lo,diag_wu_b3_meter_fd3_R_F_E_nonlin,diag_wu_b3_meter_fd3_R_F_W_base,diag_wu_b3_meter_fd3_R_F_W_cliffup,diag_wu_b3_meter_fd3_R_F_W_curv,diag_wu_b3_meter_fd3_R_F_W_hi,diag_wu_b3_meter_fd3_R_F_W_lo,diag_wu_b3_meter_fd3_R_F_W_nonlin,diag_wu_b3_meter_price_R_D_E,diag_wu_b3_meter_price_R_D_W,diag_wu_b3_meter_price_R_F_E,diag_wu_b3_meter_price_R_F_W,diag_wu_b3_meter_price_enabled,diag_wu_b3_meter_price_ref_R_D_E,diag_wu_b3_meter_price_ref_R_D_W,diag_wu_b3_meter_price_ref_R_F_E,diag_wu_b3_meter_price_ref_R_F_W,diag_wu_b3_release_ratio_FW_E,diag_wu_b3_release_ratio_FW_W,diag_wu_b3_release_refresh,diag_wu_b3_vsl_price_FW_E__seg0,diag_wu_b3_vsl_price_FW_E__seg1,diag_wu_b3_vsl_price_FW_E__seg2,diag_wu_b3_vsl_price_FW_E__seg3,diag_wu_b3_vsl_price_FW_E__seg4,diag_wu_b3_vsl_price_FW_E__seg5,diag_wu_b3_vsl_price_FW_E__seg6,diag_wu_b3_vsl_price_FW_E__seg7,diag_wu_b3_vsl_price_FW_W__seg0,diag_wu_b3_vsl_price_FW_W__seg1,diag_wu_b3_vsl_price_FW_W__seg2,diag_wu_b3_vsl_price_FW_W__seg3,diag_wu_b3_vsl_price_FW_W__seg4,diag_wu_b3_vsl_price_FW_W__seg5,diag_wu_b3_vsl_price_FW_W__seg6,diag_wu_b3_vsl_price_FW_W__seg7,diag_wu_b3_vsl_price_enabled,diag_wu_b3_vsl_price_ref_FW_E__seg0,diag_wu_b3_vsl_price_ref_FW_E__seg1,diag_wu_b3_vsl_price_ref_FW_E__seg2,diag_wu_b3_vsl_price_ref_FW_E__seg3,diag_wu_b3_vsl_price_ref_FW_E__seg4,diag_wu_b3_vsl_price_ref_FW_E__seg5,diag_wu_b3_vsl_price_ref_FW_E__seg6,diag_wu_b3_vsl_price_ref_FW_E__seg7,diag_wu_b3_vsl_price_ref_FW_W__seg0,diag_wu_b3_vsl_price_ref_FW_W__seg1,diag_wu_b3_vsl_price_ref_FW_W__seg2,diag_wu_b3_vsl_price_ref_FW_W__seg3,diag_wu_b3_vsl_price_ref_FW_W__seg4,diag_wu_b3_vsl_price_ref_FW_W__seg5,diag_wu_b3_vsl_price_ref_FW_W__seg6,diag_wu_b3_vsl_price_ref_FW_W__seg7,diag_wu_b3cert_R_D_E,diag_wu_b3cert_R_D_W,diag_wu_b3cert_R_F_E,diag_wu_b3cert_R_F_W,diag_wu_b4_barrier_enabled,diag_wu_faithful_follower_active,diag_wu_faithful_lambda_P,diag_wu_faithful_lambda_next,diag_wu_faithful_local_evals,diag_wu_faithful_np_bias_ratio,diag_wu_faithful_np_cand_lambda,diag_wu_faithful_np_cand_lambda_applied,diag_wu_faithful_np_feasible_max,diag_wu_faithful_np_feasible_max_veh,diag_wu_faithful_np_feasible_min,diag_wu_faithful_np_feasible_min_veh,diag_wu_faithful_np_original_target,diag_wu_faithful_np_original_target_veh,diag_wu_faithful_np_pd_iters,diag_wu_faithful_np_pd_residual,diag_wu_faithful_np_predictor_current_interval,diag_wu_faithful_np_predictor_legacy,diag_wu_faithful_np_predictor_mode_code,diag_wu_faithful_np_predictor_phase_substep,diag_wu_faithful_np_predictor_storage_aware,diag_wu_faithful_np_projected_target,diag_wu_faithful_np_projected_target_veh,diag_wu_faithful_np_projection_residual,diag_wu_faithful_np_realized_sum_nin_veh,diag_wu_faithful_np_sum_nin,diag_wu_faithful_np_target,diag_wu_faithful_np_target_error,diag_wu_faithful_offset_evals,diag_wu_faithful_offset_ttt_off,diag_wu_faithful_offset_ttt_on,diag_wu_faithful_offsets_off_zero,diag_wu_faithful_offsets_searched_off_zero,diag_wu_faithful_solve_time_sec,diag_wu_faithful_sum_nin,diag_wu_price_rollout_count,diag_wu_seg13_active,diag_wu_seg13_budget_FW_E,diag_wu_seg13_budget_FW_W,diag_wu_seg13_evals_FW_E,diag_wu_seg13_evals_FW_W,diag_wu_seg13_floor_alpha_FW_E,diag_wu_seg13_floor_alpha_FW_W,diag_wu_seg13_floor_cong_FW_E,diag_wu_seg13_floor_cong_FW_W,diag_wu_seg13_postsplit_FW_E,diag_wu_seg13_postsplit_FW_W,diag_wu_seg13_presplit_FW_E,diag_wu_seg13_presplit_FW_W,diag_wu_seg13_traj_used_FW_E,diag_wu_seg13_traj_used_FW_W,green_A_p1,green_A_p2,green_B_p1,green_B_p2,green_C_p1,green_C_p2,green_D_p1,green_D_p2,green_F_p1,green_F_p2,offset_A,offset_B,offset_C,offset_D,offset_F,ramp_metering_R_D_E,ramp_metering_R_D_W,ramp_metering_R_F_E,ramp_metering_R_F_W,step,time_sec,vsl_FW_E,vsl_FW_E_seg0,vsl_FW_E_seg1,vsl_FW_E_seg2,vsl_FW_E_seg3,vsl_FW_E_seg4,vsl_FW_E_seg5,vsl_FW_E_seg6,vsl_FW_E_seg7,vsl_FW_W,vsl_FW_W_seg0,vsl_FW_W_seg1,vsl_FW_W_seg2,vsl_FW_W_seg3,vsl_FW_W_seg4,vsl_FW_W_seg5,vsl_FW_W_seg6,vsl_FW_W_seg7
0.0,0.0,0.0,0.0,0.0,0.0,0.0,0.0,0.0,0.0,0.0,0.0,0.0,0.0,0.0,0.0,0.0,0.0,0.0,0.0,0.0,0.0,0.0,0.0,0.0,0.0,0.0,0.0,0.0,0.0,0.0,0.0,0.0,0.0,0.0,0.0,0.0,0.0,0.0,0.0,0.0,0.0,0.0,0.0,0.0,0.0,0.0,0.0,0.0,0.0,0.0,0.0,0.0,0.0,0.0,0.0,0.0,0.0,0.0,0.0,0.0,0.0,0.0,0.0,0.0,0.0,0.0,0.0,0.0,0.0,0.0,0.0,0.0,0.0,0.0,0.0,0.0,0.0,0.0,0.0,0.0,0.0,0.0,0.0,0.0,0.0,0.0,0.0,0.0,0.0,0.0,0.0,0.0,0.0,,,,,,,,,,,,,,,,,,,,,,,,,,,,,,,,,,,,,,,,,,,,,,,,,,,,,,,,,,,,,,,,,,,,,,,,,,,,,,,,,,,,,,,,,,,,,,,,,,,,,,,,,,,,,,,,,,,,,,,,,,,,,,,,,,,,,,,,,,,,,,,,,,,,,,,,,,,,,,,,,,,,,,,,,,,,,,,,,,,,,,,,,,,,,,,,,,,,,,,,,,,,,,,,,,,,,,,,,,,,,,,,,,,,,,,,,,,,,,,,,,,,,,,,,,,,,,,,,,,,,,,,,,,,,,,,,,,,,,,,,,,,,,,,,,,,,,,,,,,,,,,,,,,,,,,,,,,,,,,,,,,,,,,,,,,,,,,,,,,,,,,,,,,,,,,,,,,,,,,,,,,,,,,,,,,,,,,,,,,,,,,,,,,,,,,,,,,,,,,,,,,,,,,,,,,,,,,,,,,,,56.0,56.0,56.0,56.0,56.0,56.0,56.0,56.0,56.0,56.0,0.0,0.0,0.0,0.0,0.0,1500.0,1500.0,1500.0,1500.0,0,180.0,100.0,100.0,100.0,100.0,100.0,100.0,100.0,100.0,100.0,100.0,100.0,100.0,100.0,100.0,100.0,100.0,100.0,100.0
0.0,0.0,0.0,0.0,0.0,0.0,0.0,0.0,0.0,0.0,0.0,0.0,0.0,0.0,0.0,0.0,0.0,0.0,0.0,0.0,0.0,0.0,0.0,0.0,0.0,0.0,0.0,0.0,0.0,0.0,0.0,0.0,0.0,0.0,0.0,0.0,0.0,0.0,0.0,0.0,0.0,0.0,0.0,0.0,0.0,0.0,0.0,0.0,0.0,0.0,0.0,0.0,0.0,0.0,0.0,0.0,0.0,0.0,0.0,0.0,0.0,0.0,0.0,0.0,0.0,0.0,0.0,0.0,0.0,0.0,0.0,0.0,0.0,0.0,0.0,0.0,0.0,0.0,0.0,0.0,0.0,0.0,0.0,0.0,0.0,0.0,0.0,0.0,0.0,0.0,0.0,0.0,0.0,0.0,,,,,,,,,,,,,,,,,,,,,,,,,,,,,,,,,,,,,,,,,,,,,,,,,,,,,,,,,,,,,,,,,,,,,,,,,,,,,,,,,,,,,,,,,,,,,,,,,,,,,,,,,,,,,,,,,,,,,,,,,,,,,,,,,,,,,,,,,,,,,,,,,,,,,,,,,,,,,,,,,,,,,,,,,,,,,,,,,,,,,,,,,,,,,,,,,,,,,,,,,,,,,,,,,,,,,,,,,,,,,,,,,,,,,,,,,,,,,,,,,,,,,,,,,,,,,,,,,,,,,,,,,,,,,,,,,,,,,,,,,,,,,,,,,,,,,,,,,,,,,,,,,,,,,,,,,,,,,,,,,,,,,,,,,,,,,,,,,,,,,,,,,,,,,,,,,,,,,,,,,,,,,,,,,,,,,,,,,,,,,,,,,,,,,,,,,,,,,,,,,,,,,,,,,,,,,,,,,,,,,56.0,56.0,56.0,56.0,56.0,56.0,56.0,56.0,56.0,56.0,0.0,0.0,0.0,0.0,0.0,1500.0,1500.0,1500.0,1500.0,1,360.0,100.0,100.0,100.0,100.0,100.0,100.0,100.0,100.0,100.0,100.0,100.0,100.0,100.0,100.0,100.0,100.0,100.0,100.0
0.0,0.0,0.0,0.0,0.0,0.0,0.0,0.0,0.0,0.0,0.0,0.0,0.0,0.0,0.0,0.0,0.0,0.0,0.0,0.0,0.0,0.0,0.0,0.0,0.0,0.0,0.0,0.0,0.0,0.0,0.0,0.0,0.0,0.0,0.0,0.0,0.0,0.0,0.0,0.0,0.0,0.0,0.0,0.0,0.0,0.0,0.0,0.0,0.0,0.0,0.0,0.0,0.0,0.0,0.0,0.0,0.0,0.0,0.0,0.0,0.0,0.0,0.0,0.0,0.0,0.0,0.0,0.0,0.0,0.0,0.0,0.0,0.0,0.0,0.0,0.0,0.0,0.0,0.0,0.0,0.0,0.0,0.0,0.0,0.0,0.0,0.0,0.0,0.0,0.0,0.0,0.0,0.0,0.0,,,,,,,,,,,,,,,,,,,,,,,,,,,,,,,,,,,,,,,,,,,,,,,,,,,,,,,,,,,,,,,,,,,,,,,,,,,,,,,,,,,,,,,,,,,,,,,,,,,,,,,,,,,,,,,,,,,,,,,,,,,,,,,,,,,,,,,,,,,,,,,,,,,,,,,,,,,,,,,,,,,,,,,,,,,,,,,,,,,,,,,,,,,,,,,,,,,,,,,,,,,,,,,,,,,,,,,,,,,,,,,,,,,,,,,,,,,,,,,,,,,,,,,,,,,,,,,,,,,,,,,,,,,,,,,,,,,,,,,,,,,,,,,,,,,,,,,,,,,,,,,,,,,,,,,,,,,,,,,,,,,,,,,,,,,,,,,,,,,,,,,,,,,,,,,,,,,,,,,,,,,,,,,,,,,,,,,,,,,,,,,,,,,,,,,,,,,,,,,,,,,,,,,,,,,,,,,,,,,,,56.0,56.0,56.0,56.0,56.0,56.0,56.0,56.0,56.0,56.0,0.0,0.0,0.0,0.0,0.0,1500.0,1500.0,1500.0,1500.0,2,540.0,100.0,100.0,100.0,100.0,100.0,100.0,100.0,100.0,100.0,100.0,100.0,100.0,100.0,100.0,100.0,100.0,100.0,100.0
0.0,0.0,0.0,0.0,0.0,0.0,0.0,0.0,0.0,0.0,0.0,0.0,0.0,0.0,0.0,0.0,0.0,0.0,0.0,0.0,0.0,0.0,0.0,0.0,0.0,0.0,0.0,0.0,0.0,0.0,0.0,0.0,0.0,0.0,0.0,0.0,0.0,0.0,0.0,0.0,0.0,0.0,0.0,0.0,0.0,0.0,0.0,0.0,0.0,0.0,0.0,0.0,0.0,0.0,0.0,0.0,0.0,0.0,0.0,0.0,0.0,0.0,0.0,0.0,0.0,0.0,0.0,0.0,0.0,0.0,0.0,0.0,0.0,0.0,0.0,0.0,0.0,0.0,0.0,0.0,0.0,0.0,0.0,0.0,0.0,0.0,0.0,0.0,0.0,0.0,0.0,0.0,0.0,0.0,,,,,,,,,,,,,,,,,,,,,,,,,,,,,,,,,,,,,,,,,,,,,,,,,,,,,,,,,,,,,,,,,,,,,,,,,,,,,,,,,,,,,,,,,,,,,,,,,,,,,,,,,,,,,,,,,,,,,,,,,,,,,,,,,,,,,,,,,,,,,,,,,,,,,,,,,,,,,,,,,,,,,,,,,,,,,,,,,,,,,,,,,,,,,,,,,,,,,,,,,,,,,,,,,,,,,,,,,,,,,,,,,,,,,,,,,,,,,,,,,,,,,,,,,,,,,,,,,,,,,,,,,,,,,,,,,,,,,,,,,,,,,,,,,,,,,,,,,,,,,,,,,,,,,,,,,,,,,,,,,,,,,,,,,,,,,,,,,,,,,,,,,,,,,,,,,,,,,,,,,,,,,,,,,,,,,,,,,,,,,,,,,,,,,,,,,,,,,,,,,,,,,,,,,,,,,,,,,,,,,56.0,56.0,56.0,56.0,56.0,56.0,56.0,56.0,56.0,56.0,0.0,0.0,0.0,0.0,0.0,1500.0,1500.0,1500.0,1500.0,3,720.0,100.0,100.0,100.0,100.0,100.0,100.0,100.0,100.0,100.0,100.0,100.0,100.0,100.0,100.0,100.0,100.0,100.0,100.0
0.0,0.0,0.0,0.0,0.0,0.0,0.0,0.0,0.0,0.0,0.0,0.0,0.0,0.0,0.0,0.0,0.0,0.0,0.0,0.0,0.0,0.0,0.0,0.0,0.0,0.0,0.0,0.0,0.0,0.0,0.0,0.0,0.0,0.0,0.0,0.0,0.0,0.0,0.0,0.0,0.0,0.0,0.0,0.0,0.0,0.0,0.0,0.0,0.0,0.0,0.0,0.0,0.0,0.0,0.0,0.0,0.0,0.0,0.0,0.0,0.0,0.0,0.0,0.0,0.0,0.0,0.0,0.0,0.0,0.0,0.0,0.0,0.0,0.0,0.0,0.0,0.0,0.0,0.0,0.0,0.0,0.0,0.0,0.0,0.0,0.0,0.0,0.0,0.0,0.0,0.0,0.0,0.0,0.0,,,,,,,,,,,,,,,,,,,,,,,,,,,,,,,,,,,,,,,,,,,,,,,,,,,,,,,,,,,,,,,,,,,,,,,,,,,,,,,,,,,,,,,,,,,,,,,,,,,,,,,,,,,,,,,,,,,,,,,,,,,,,,,,,,,,,,,,,,,,,,,,,,,,,,,,,,,,,,,,,,,,,,,,,,,,,,,,,,,,,,,,,,,,,,,,,,,,,,,,,,,,,,,,,,,,,,,,,,,,,,,,,,,,,,,,,,,,,,,,,,,,,,,,,,,,,,,,,,,,,,,,,,,,,,,,,,,,,,,,,,,,,,,,,,,,,,,,,,,,,,,,,,,,,,,,,,,,,,,,,,,,,,,,,,,,,,,,,,,,,,,,,,,,,,,,,,,,,,,,,,,,,,,,,,,,,,,,,,,,,,,,,,,,,,,,,,,,,,,,,,,,,,,,,,,,,,,,,,,,,56.0,56.0,56.0,56.0,56.0,56.0,56.0,56.0,56.0,56.0,0.0,0.0,0.0,0.0,0.0,1500.0,1500.0,1500.0,1500.0,4,900.0,100.0,100.0,100.0,100.0,100.0,100.0,100.0,100.0,100.0,100.0,100.0,100.0,100.0,100.0,100.0,100.0,100.0,100.0
0.0,0.0,0.0,0.0,0.0,0.0,0.0,0.0,0.0,0.0,0.0,0.0,0.0,0.0,0.0,0.0,0.0,0.0,0.0,0.0,0.0,0.0,0.0,0.0,0.0,0.0,0.0,0.0,0.0,0.0,0.0,0.0,0.0,0.0,0.0,0.0,0.0,0.0,0.0,0.0,0.0,0.0,0.0,0.0,0.0,0.0,0.0,0.0,0.0,0.0,0.0,0.0,0.0,0.0,0.0,0.0,0.0,0.0,0.0,0.0,0.0,0.0,0.0,0.0,0.0,0.0,0.0,0.0,0.0,0.0,0.0,0.0,0.0,0.0,0.0,0.0,0.0,0.0,0.0,0.0,0.0,0.0,0.0,0.0,0.0,0.0,0.0,0.0,0.0,0.0,0.0,0.0,0.0,0.0,,,,,,,,,,,,,,,,,,,,,,,,,,,,,,,,,,,,,,,,,,,,,,,,,,,,,,,,,,,,,,,,,,,,,,,,,,,,,,,,,,,,,,,,,,,,,,,,,,,,,,,,,,,,,,,,,,,,,,,,,,,,,,,,,,,,,,,,,,,,,,,,,,,,,,,,,,,,,,,,,,,,,,,,,,,,,,,,,,,,,,,,,,,,,,,,,,,,,,,,,,,,,,,,,,,,,,,,,,,,,,,,,,,,,,,,,,,,,,,,,,,,,,,,,,,,,,,,,,,,,,,,,,,,,,,,,,,,,,,,,,,,,,,,,,,,,,,,,,,,,,,,,,,,,,,,,,,,,,,,,,,,,,,,,,,,,,,,,,,,,,,,,,,,,,,,,,,,,,,,,,,,,,,,,,,,,,,,,,,,,,,,,,,,,,,,,,,,,,,,,,,,,,,,,,,,,,,,,,,,,56.0,56.0,56.0,56.0,56.0,56.0,56.0,56.0,56.0,56.0,0.0,0.0,0.0,0.0,0.0,1500.0,1500.0,1500.0,1500.0,5,1080.0,100.0,100.0,100.0,100.0,100.0,100.0,100.0,100.0,100.0,100.0,100.0,100.0,100.0,100.0,100.0,100.0,100.0,100.0
0.0,0.0,0.0,0.0,0.0,0.0,0.0,0.0,0.0,0.0,0.0,0.0,0.0,0.0,0.0,0.0,0.0,0.0,0.0,0.0,0.0,0.0,0.0,0.0,0.0,0.0,0.0,0.0,0.0,0.0,0.0,0.0,0.0,0.0,0.0,0.0,0.0,0.0,0.0,0.0,0.0,0.0,0.0,0.0,0.0,0.0,0.0,0.0,0.0,0.0,0.0,0.0,0.0,0.0,0.0,0.0,0.0,0.0,0.0,0.0,0.0,0.0,0.0,0.0,0.0,0.0,0.0,0.0,0.0,0.0,0.0,0.0,0.0,0.0,0.0,0.0,0.0,0.0,0.0,0.0,0.0,0.0,0.0,0.0,0.0,0.0,0.0,0.0,0.0,0.0,0.0,0.0,0.0,0.0,,,,,,,,,,,,,,,,,,,,,,,,,,,,,,,,,,,,,,,,,,,,,,,,,,,,,,,,,,,,,,,,,,,,,,,,,,,,,,,,,,,,,,,,,,,,,,,,,,,,,,,,,,,,,,,,,,,,,,,,,,,,,,,,,,,,,,,,,,,,,,,,,,,,,,,,,,,,,,,,,,,,,,,,,,,,,,,,,,,,,,,,,,,,,,,,,,,,,,,,,,,,,,,,,,,,,,,,,,,,,,,,,,,,,,,,,,,,,,,,,,,,,,,,,,,,,,,,,,,,,,,,,,,,,,,,,,,,,,,,,,,,,,,,,,,,,,,,,,,,,,,,,,,,,,,,,,,,,,,,,,,,,,,,,,,,,,,,,,,,,,,,,,,,,,,,,,,,,,,,,,,,,,,,,,,,,,,,,,,,,,,,,,,,,,,,,,,,,,,,,,,,,,,,,,,,,,,,,,,,,56.0,56.0,56.0,56.0,56.0,56.0,56.0,56.0,56.0,56.0,0.0,0.0,0.0,0.0,0.0,1500.0,1500.0,1500.0,1500.0,6,1260.0,100.0,100.0,100.0,100.0,100.0,100.0,100.0,100.0,100.0,100.0,100.0,100.0,100.0,100.0,100.0,100.0,100.0,100.0
0.0,0.0,0.0,0.0,0.0,0.0,0.0,0.0,0.0,0.0,0.0,0.0,0.0,0.0,0.0,0.0,0.0,0.0,0.0,0.0,0.0,0.0,0.0,0.0,0.0,0.0,0.0,0.0,0.0,0.0,0.0,0.0,0.0,0.0,0.0,0.0,0.0,0.0,0.0,0.0,0.0,0.0,0.0,0.0,0.0,0.0,0.0,0.0,0.0,0.0,0.0,0.0,0.0,0.0,0.0,0.0,0.0,0.0,0.0,0.0,0.0,0.0,0.0,0.0,0.0,0.0,0.0,0.0,0.0,0.0,0.0,0.0,0.0,0.0,0.0,0.0,0.0,0.0,0.0,0.0,0.0,0.0,0.0,0.0,0.0,0.0,0.0,0.0,0.0,0.0,0.0,0.0,0.0,0.0,,,,,,,,,,,,,,,,,,,,,,,,,,,,,,,,,,,,,,,,,,,,,,,,,,,,,,,,,,,,,,,,,,,,,,,,,,,,,,,,,,,,,,,,,,,,,,,,,,,,,,,,,,,,,,,,,,,,,,,,,,,,,,,,,,,,,,,,,,,,,,,,,,,,,,,,,,,,,,,,,,,,,,,,,,,,,,,,,,,,,,,,,,,,,,,,,,,,,,,,,,,,,,,,,,,,,,,,,,,,,,,,,,,,,,,,,,,,,,,,,,,,,,,,,,,,,,,,,,,,,,,,,,,,,,,,,,,,,,,,,,,,,,,,,,,,,,,,,,,,,,,,,,,,,,,,,,,,,,,,,,,,,,,,,,,,,,,,,,,,,,,,,,,,,,,,,,,,,,,,,,,,,,,,,,,,,,,,,,,,,,,,,,,,,,,,,,,,,,,,,,,,,,,,,,,,,,,,,,,,,56.0,56.0,56.0,56.0,56.0,56.0,56.0,56.0,56.0,56.0,0.0,0.0,0.0,0.0,0.0,1500.0,1500.0,1500.0,1500.0,7,1440.0,100.0,100.0,100.0,100.0,100.0,100.0,100.0,100.0,100.0,100.0,100.0,100.0,100.0,100.0,100.0,100.0,100.0,100.0
0.0,0.0,0.0,0.0,0.0,0.0,0.0,0.0,0.0,0.0,0.0,0.0,0.0,0.0,0.0,0.0,0.0,0.0,0.0,0.0,0.0,0.0,0.0,0.0,0.0,0.0,0.0,0.0,0.0,0.0,0.0,0.0,0.0,0.0,0.0,0.0,0.0,0.0,0.0,0.0,0.0,0.0,0.0,0.0,0.0,0.0,0.0,0.0,0.0,0.0,0.0,0.0,0.0,0.0,0.0,0.0,0.0,0.0,0.0,0.0,0.0,0.0,0.0,0.0,0.0,0.0,0.0,0.0,0.0,0.0,0.0,0.0,0.0,0.0,0.0,0.0,0.0,0.0,0.0,0.0,0.0,0.0,0.0,0.0,0.0,0.0,0.0,0.0,0.0,0.0,0.0,0.0,0.0,0.0,,,,,,,,,,,,,,,,,,,,,,,,,,,,,,,,,,,,,,,,,,,,,,,,,,,,,,,,,,,,,,,,,,,,,,,,,,,,,,,,,,,,,,,,,,,,,,,,,,,,,,,,,,,,,,,,,,,,,,,,,,,,,,,,,,,,,,,,,,,,,,,,,,,,,,,,,,,,,,,,,,,,,,,,,,,,,,,,,,,,,,,,,,,,,,,,,,,,,,,,,,,,,,,,,,,,,,,,,,,,,,,,,,,,,,,,,,,,,,,,,,,,,,,,,,,,,,,,,,,,,,,,,,,,,,,,,,,,,,,,,,,,,,,,,,,,,,,,,,,,,,,,,,,,,,,,,,,,,,,,,,,,,,,,,,,,,,,,,,,,,,,,,,,,,,,,,,,,,,,,,,,,,,,,,,,,,,,,,,,,,,,,,,,,,,,,,,,,,,,,,,,,,,,,,,,,,,,,,,,,,56.0,56.0,56.0,56.0,56.0,56.0,56.0,56.0,56.0,56.0,0.0,0.0,0.0,0.0,0.0,1500.0,1500.0,1500.0,1500.0,8,1620.0,100.0,100.0,100.0,100.0,100.0,100.0,100.0,100.0,100.0,100.0,100.0,100.0,100.0,100.0,100.0,100.0,100.0,100.0
0.0,0.0,0.0,0.0,0.0,0.0,0.0,0.0,0.0,0.0,0.0,0.0,0.0,0.0,0.0,0.0,0.0,0.0,0.0,0.0,0.0,0.0,0.0,0.0,0.0,0.0,0.0,0.0,0.0,0.0,0.0,0.0,0.0,0.0,0.0,0.0,0.0,0.0,0.0,0.0,0.0,0.0,0.0,0.0,0.0,0.0,0.0,0.0,0.0,0.0,0.0,0.0,0.0,0.0,0.0,0.0,0.0,0.0,0.0,0.0,0.0,0.0,0.0,0.0,0.0,0.0,0.0,0.0,0.0,0.0,0.0,0.0,0.0,0.0,0.0,0.0,0.0,0.0,0.0,0.0,0.0,0.0,0.0,0.0,0.0,0.0,0.0,0.0,0.0,0.0,0.0,0.0,0.0,0.0,,,,,,,,,,,,,,,,,,,,,,,,,,,,,,,,,,,,,,,,,,,,,,,,,,,,,,,,,,,,,,,,,,,,,,,,,,,,,,,,,,,,,,,,,,,,,,,,,,,,,,,,,,,,,,,,,,,,,,,,,,,,,,,,,,,,,,,,,,,,,,,,,,,,,,,,,,,,,,,,,,,,,,,,,,,,,,,,,,,,,,,,,,,,,,,,,,,,,,,,,,,,,,,,,,,,,,,,,,,,,,,,,,,,,,,,,,,,,,,,,,,,,,,,,,,,,,,,,,,,,,,,,,,,,,,,,,,,,,,,,,,,,,,,,,,,,,,,,,,,,,,,,,,,,,,,,,,,,,,,,,,,,,,,,,,,,,,,,,,,,,,,,,,,,,,,,,,,,,,,,,,,,,,,,,,,,,,,,,,,,,,,,,,,,,,,,,,,,,,,,,,,,,,,,,,,,,,,,,,,,56.0,56.0,56.0,56.0,56.0,56.0,56.0,56.0,56.0,56.0,0.0,0.0,0.0,0.0,0.0,1500.0,1500.0,1500.0,1500.0,9,1800.0,100.0,100.0,100.0,100.0,100.0,100.0,100.0,100.0,100.0,100.0,100.0,100.0,100.0,100.0,100.0,100.0,100.0,100.0
0.0,0.0,0.0,0.0,0.0,0.0,0.0,0.0,0.0,0.0,0.0,0.0,0.0,0.0,0.0,0.0,0.0,0.0,0.0,0.0,0.0,0.0,0.0,0.0,0.0,0.0,0.0,0.0,0.0,0.0,0.0,0.0,0.0,0.0,0.0,0.0,0.0,0.0,0.0,0.0,0.0,0.0,0.0,0.0,0.0,0.0,0.0,0.0,0.0,0.0,0.0,0.0,0.0,0.0,0.0,0.0,0.0,0.0,0.0,0.0,0.0,0.0,0.0,0.0,0.0,0.0,0.0,0.0,0.0,0.0,0.0,0.0,0.0,0.0,0.0,0.0,0.0,0.0,0.0,0.0,0.0,0.0,0.0,0.0,0.0,0.0,0.0,0.0,0.0,0.0,0.0,0.0,0.0,0.0,,,,,,,,,,,,,,,,,,,,,,,,,,,,,,,,,,,,,,,,,,,,,,,,,,,,,,,,,,,,,,,,,,,,,,,,,,,,,,,,,,,,,,,,,,,,,,,,,,,,,,,,,,,,,,,,,,,,,,,,,,,,,,,,,,,,,,,,,,,,,,,,,,,,,,,,,,,,,,,,,,,,,,,,,,,,,,,,,,,,,,,,,,,,,,,,,,,,,,,,,,,,,,,,,,,,,,,,,,,,,,,,,,,,,,,,,,,,,,,,,,,,,,,,,,,,,,,,,,,,,,,,,,,,,,,,,,,,,,,,,,,,,,,,,,,,,,,,,,,,,,,,,,,,,,,,,,,,,,,,,,,,,,,,,,,,,,,,,,,,,,,,,,,,,,,,,,,,,,,,,,,,,,,,,,,,,,,,,,,,,,,,,,,,,,,,,,,,,,,,,,,,,,,,,,,,,,,,,,,,,56.0,56.0,56.0,56.0,56.0,56.0,56.0,56.0,56.0,56.0,0.0,0.0,0.0,0.0,0.0,1500.0,1500.0,1500.0,1500.0,10,1980.0,100.0,100.0,100.0,100.0,100.0,100.0,100.0,100.0,100.0,100.0,100.0,100.0,100.0,100.0,100.0,100.0,100.0,100.0
0.0,0.0,0.0,0.0,0.0,0.0,0.0,0.0,0.0,0.0,0.0,0.0,0.0,0.0,0.0,0.0,0.0,0.0,0.0,0.0,0.0,0.0,0.0,0.0,0.0,0.0,0.0,0.0,0.0,0.0,0.0,0.0,0.0,0.0,0.0,0.0,0.0,0.0,0.0,0.0,0.0,0.0,0.0,0.0,0.0,0.0,0.0,0.0,0.0,0.0,0.0,0.0,0.0,0.0,0.0,0.0,0.0,0.0,0.0,0.0,0.0,0.0,0.0,0.0,0.0,0.0,0.0,0.0,0.0,0.0,0.0,0.0,0.0,0.0,0.0,0.0,0.0,0.0,0.0,0.0,0.0,0.0,0.0,0.0,0.0,0.0,0.0,0.0,0.0,0.0,0.0,0.0,0.0,0.0,,,,,,,,,,,,,,,,,,,,,,,,,,,,,,,,,,,,,,,,,,,,,,,,,,,,,,,,,,,,,,,,,,,,,,,,,,,,,,,,,,,,,,,,,,,,,,,,,,,,,,,,,,,,,,,,,,,,,,,,,,,,,,,,,,,,,,,,,,,,,,,,,,,,,,,,,,,,,,,,,,,,,,,,,,,,,,,,,,,,,,,,,,,,,,,,,,,,,,,,,,,,,,,,,,,,,,,,,,,,,,,,,,,,,,,,,,,,,,,,,,,,,,,,,,,,,,,,,,,,,,,,,,,,,,,,,,,,,,,,,,,,,,,,,,,,,,,,,,,,,,,,,,,,,,,,,,,,,,,,,,,,,,,,,,,,,,,,,,,,,,,,,,,,,,,,,,,,,,,,,,,,,,,,,,,,,,,,,,,,,,,,,,,,,,,,,,,,,,,,,,,,,,,,,,,,,,,,,,,,,56.0,56.0,56.0,56.0,56.0,56.0,56.0,56.0,56.0,56.0,0.0,0.0,0.0,0.0,0.0,1500.0,1500.0,1500.0,1500.0,11,2160.0,100.0,100.0,100.0,100.0,100.0,100.0,100.0,100.0,100.0,100.0,100.0,100.0,100.0,100.0,100.0,100.0,100.0,100.0
0.0,0.0,0.0,0.0,0.0,0.0,0.0,0.0,0.0,0.0,0.0,0.0,0.0,0.0,0.0,0.0,0.0,0.0,0.0,0.0,0.0,0.0,0.0,0.0,0.0,0.0,0.0,0.0,0.0,0.0,0.0,0.0,0.0,0.0,0.0,0.0,0.0,0.0,0.0,0.0,0.0,0.0,0.0,0.0,0.0,0.0,0.0,0.0,0.0,0.0,0.0,0.0,0.0,0.0,0.0,0.0,0.0,0.0,0.0,0.0,0.0,0.0,0.0,0.0,0.0,0.0,0.0,0.0,0.0,0.0,0.0,0.0,0.0,0.0,0.0,0.0,0.0,0.0,0.0,0.0,0.0,0.0,0.0,0.0,0.0,0.0,0.0,0.0,0.0,0.0,0.0,0.0,0.0,0.0,,,,,,,,,,,,,,,,,,,,,,,,,,,,,,,,,,,,,,,,,,,,,,,,,,,,,,,,,,,,,,,,,,,,,,,,,,,,,,,,,,,,,,,,,,,,,,,,,,,,,,,,,,,,,,,,,,,,,,,,,,,,,,,,,,,,,,,,,,,,,,,,,,,,,,,,,,,,,,,,,,,,,,,,,,,,,,,,,,,,,,,,,,,,,,,,,,,,,,,,,,,,,,,,,,,,,,,,,,,,,,,,,,,,,,,,,,,,,,,,,,,,,,,,,,,,,,,,,,,,,,,,,,,,,,,,,,,,,,,,,,,,,,,,,,,,,,,,,,,,,,,,,,,,,,,,,,,,,,,,,,,,,,,,,,,,,,,,,,,,,,,,,,,,,,,,,,,,,,,,,,,,,,,,,,,,,,,,,,,,,,,,,,,,,,,,,,,,,,,,,,,,,,,,,,,,,,,,,,,,,56.0,56.0,56.0,56.0,56.0,56.0,56.0,56.0,56.0,56.0,0.0,0.0,0.0,0.0,0.0,1500.0,1500.0,1500.0,1500.0,12,2340.0,100.0,100.0,100.0,100.0,100.0,100.0,100.0,100.0,100.0,100.0,100.0,100.0,100.0,100.0,100.0,100.0,100.0,100.0
0.0,0.0,0.0,0.0,0.0,0.0,0.0,0.0,0.0,0.0,0.0,0.0,0.0,0.0,0.0,0.0,0.0,0.0,0.0,0.0,0.0,0.0,0.0,0.0,0.0,0.0,0.0,0.0,0.0,0.0,0.0,0.0,0.0,0.0,0.0,0.0,0.0,0.0,0.0,0.0,0.0,0.0,0.0,0.0,0.0,0.0,0.0,0.0,0.0,0.0,0.0,0.0,0.0,0.0,0.0,0.0,0.0,0.0,0.0,0.0,0.0,0.0,0.0,0.0,0.0,0.0,0.0,0.0,0.0,0.0,0.0,0.0,0.0,0.0,0.0,0.0,0.0,0.0,0.0,0.0,0.0,0.0,0.0,0.0,0.0,0.0,0.0,0.0,0.0,0.0,0.0,0.0,0.0,0.0,,,,,,,,,,,,,,,,,,,,,,,,,,,,,,,,,,,,,,,,,,,,,,,,,,,,,,,,,,,,,,,,,,,,,,,,,,,,,,,,,,,,,,,,,,,,,,,,,,,,,,,,,,,,,,,,,,,,,,,,,,,,,,,,,,,,,,,,,,,,,,,,,,,,,,,,,,,,,,,,,,,,,,,,,,,,,,,,,,,,,,,,,,,,,,,,,,,,,,,,,,,,,,,,,,,,,,,,,,,,,,,,,,,,,,,,,,,,,,,,,,,,,,,,,,,,,,,,,,,,,,,,,,,,,,,,,,,,,,,,,,,,,,,,,,,,,,,,,,,,,,,,,,,,,,,,,,,,,,,,,,,,,,,,,,,,,,,,,,,,,,,,,,,,,,,,,,,,,,,,,,,,,,,,,,,,,,,,,,,,,,,,,,,,,,,,,,,,,,,,,,,,,,,,,,,,,,,,,,,,,56.0,56.0,56.0,56.0,56.0,56.0,56.0,56.0,56.0,56.0,0.0,0.0,0.0,0.0,0.0,1500.0,1500.0,1500.0,1500.0,13,2520.0,100.0,100.0,100.0,100.0,100.0,100.0,100.0,100.0,100.0,100.0,100.0,100.0,100.0,100.0,100.0,100.0,100.0,100.0
0.0,0.0,0.0,0.0,0.0,0.0,0.0,0.0,0.0,0.0,0.0,0.0,0.0,0.0,0.0,0.0,0.0,0.0,0.0,0.0,0.0,0.0,0.0,0.0,0.0,0.0,0.0,0.0,0.0,0.0,0.0,0.0,0.0,0.0,0.0,0.0,0.0,0.0,0.0,0.0,0.0,0.0,0.0,0.0,0.0,0.0,0.0,0.0,0.0,0.0,0.0,0.0,0.0,0.0,0.0,0.0,0.0,0.0,0.0,0.0,0.0,0.0,0.0,0.0,0.0,0.0,0.0,0.0,0.0,0.0,0.0,0.0,0.0,0.0,0.0,0.0,0.0,0.0,0.0,0.0,0.0,0.0,0.0,0.0,0.0,0.0,0.0,0.0,0.0,0.0,0.0,0.0,0.0,0.0,,,,,,,,,,,,,,,,,,,,,,,,,,,,,,,,,,,,,,,,,,,,,,,,,,,,,,,,,,,,,,,,,,,,,,,,,,,,,,,,,,,,,,,,,,,,,,,,,,,,,,,,,,,,,,,,,,,,,,,,,,,,,,,,,,,,,,,,,,,,,,,,,,,,,,,,,,,,,,,,,,,,,,,,,,,,,,,,,,,,,,,,,,,,,,,,,,,,,,,,,,,,,,,,,,,,,,,,,,,,,,,,,,,,,,,,,,,,,,,,,,,,,,,,,,,,,,,,,,,,,,,,,,,,,,,,,,,,,,,,,,,,,,,,,,,,,,,,,,,,,,,,,,,,,,,,,,,,,,,,,,,,,,,,,,,,,,,,,,,,,,,,,,,,,,,,,,,,,,,,,,,,,,,,,,,,,,,,,,,,,,,,,,,,,,,,,,,,,,,,,,,,,,,,,,,,,,,,,,,,,56.0,56.0,56.0,56.0,56.0,56.0,56.0,56.0,56.0,56.0,0.0,0.0,0.0,0.0,0.0,1500.0,1500.0,1500.0,1500.0,14,2700.0,100.0,100.0,100.0,100.0,100.0,100.0,100.0,100.0,100.0,100.0,100.0,100.0,100.0,100.0,100.0,100.0,100.0,100.0
0.0,0.0,0.0,0.0,0.0,0.0,0.0,0.0,0.0,0.0,0.0,0.0,0.0,0.0,0.0,0.0,0.0,0.0,0.0,0.0,0.0,0.0,0.0,0.0,0.0,0.0,0.0,0.0,0.0,0.0,0.0,0.0,0.0,0.0,0.0,0.0,0.0,0.0,0.0,0.0,0.0,0.0,0.0,0.0,0.0,0.0,0.0,0.0,0.0,0.0,0.0,0.0,0.0,0.0,0.0,0.0,0.0,0.0,0.0,0.0,0.0,0.0,0.0,0.0,0.0,0.0,0.0,0.0,0.0,0.0,0.0,0.0,0.0,0.0,0.0,0.0,0.0,0.0,0.0,0.0,0.0,0.0,0.0,0.0,0.0,0.0,0.0,0.0,0.0,0.0,0.0,0.0,0.0,0.0,,,,,,,,,,,,,,,,,,,,,,,,,,,,,,,,,,,,,,,,,,,,,,,,,,,,,,,,,,,,,,,,,,,,,,,,,,,,,,,,,,,,,,,,,,,,,,,,,,,,,,,,,,,,,,,,,,,,,,,,,,,,,,,,,,,,,,,,,,,,,,,,,,,,,,,,,,,,,,,,,,,,,,,,,,,,,,,,,,,,,,,,,,,,,,,,,,,,,,,,,,,,,,,,,,,,,,,,,,,,,,,,,,,,,,,,,,,,,,,,,,,,,,,,,,,,,,,,,,,,,,,,,,,,,,,,,,,,,,,,,,,,,,,,,,,,,,,,,,,,,,,,,,,,,,,,,,,,,,,,,,,,,,,,,,,,,,,,,,,,,,,,,,,,,,,,,,,,,,,,,,,,,,,,,,,,,,,,,,,,,,,,,,,,,,,,,,,,,,,,,,,,,,,,,,,,,,,,,,,,,56.0,56.0,56.0,56.0,56.0,56.0,56.0,56.0,56.0,56.0,0.0,0.0,0.0,0.0,0.0,1500.0,1500.0,1500.0,1500.0,15,2880.0,100.0,100.0,100.0,100.0,100.0,100.0,100.0,100.0,100.0,100.0,100.0,100.0,100.0,100.0,100.0,100.0,100.0,100.0
0.0,0.0,0.0,0.0,0.0,0.0,0.0,0.0,0.0,0.0,0.0,0.0,0.0,0.0,0.0,0.0,0.0,0.0,0.0,0.0,0.0,0.0,0.0,0.0,0.0,0.0,0.0,0.0,0.0,0.0,0.0,0.0,0.0,0.0,0.0,0.0,0.0,0.0,0.0,0.0,0.0,0.0,0.0,0.0,0.0,0.0,0.0,0.0,0.0,0.0,0.0,0.0,0.0,0.0,0.0,0.0,0.0,0.0,0.0,0.0,0.0,0.0,0.0,0.0,0.0,0.0,0.0,0.0,0.0,0.0,0.0,0.0,0.0,0.0,0.0,0.0,0.0,0.0,0.0,0.0,0.0,0.0,0.0,0.0,0.0,0.0,0.0,0.0,0.0,0.0,0.0,0.0,0.0,0.0,,,,,,,,,,,,,,,,,,,,,,,,,,,,,,,,,,,,,,,,,,,,,,,,,,,,,,,,,,,,,,,,,,,,,,,,,,,,,,,,,,,,,,,,,,,,,,,,,,,,,,,,,,,,,,,,,,,,,,,,,,,,,,,,,,,,,,,,,,,,,,,,,,,,,,,,,,,,,,,,,,,,,,,,,,,,,,,,,,,,,,,,,,,,,,,,,,,,,,,,,,,,,,,,,,,,,,,,,,,,,,,,,,,,,,,,,,,,,,,,,,,,,,,,,,,,,,,,,,,,,,,,,,,,,,,,,,,,,,,,,,,,,,,,,,,,,,,,,,,,,,,,,,,,,,,,,,,,,,,,,,,,,,,,,,,,,,,,,,,,,,,,,,,,,,,,,,,,,,,,,,,,,,,,,,,,,,,,,,,,,,,,,,,,,,,,,,,,,,,,,,,,,,,,,,,,,,,,,,,,,56.0,56.0,56.0,56.0,56.0,56.0,56.0,56.0,56.0,56.0,0.0,0.0,0.0,0.0,0.0,1500.0,1500.0,1500.0,1500.0,16,3060.0,100.0,100.0,100.0,100.0,100.0,100.0,100.0,100.0,100.0,100.0,100.0,100.0,100.0,100.0,100.0,100.0,100.0,100.0
0.0,0.0,0.0,0.0,0.0,0.0,0.0,0.0,0.0,0.0,0.0,0.0,0.0,0.0,0.0,0.0,0.0,0.0,0.0,0.0,0.0,0.0,0.0,0.0,0.0,0.0,0.0,0.0,0.0,0.0,0.0,0.0,0.0,0.0,0.0,0.0,0.0,0.0,0.0,0.0,0.0,0.0,0.0,0.0,0.0,0.0,0.0,0.0,0.0,0.0,0.0,0.0,0.0,0.0,0.0,0.0,0.0,0.0,0.0,0.0,0.0,0.0,0.0,0.0,0.0,0.0,0.0,0.0,0.0,0.0,0.0,0.0,0.0,0.0,0.0,0.0,0.0,0.0,0.0,0.0,0.0,0.0,0.0,0.0,0.0,0.0,0.0,0.0,0.0,0.0,0.0,0.0,0.0,0.0,,,,,,,,,,,,,,,,,,,,,,,,,,,,,,,,,,,,,,,,,,,,,,,,,,,,,,,,,,,,,,,,,,,,,,,,,,,,,,,,,,,,,,,,,,,,,,,,,,,,,,,,,,,,,,,,,,,,,,,,,,,,,,,,,,,,,,,,,,,,,,,,,,,,,,,,,,,,,,,,,,,,,,,,,,,,,,,,,,,,,,,,,,,,,,,,,,,,,,,,,,,,,,,,,,,,,,,,,,,,,,,,,,,,,,,,,,,,,,,,,,,,,,,,,,,,,,,,,,,,,,,,,,,,,,,,,,,,,,,,,,,,,,,,,,,,,,,,,,,,,,,,,,,,,,,,,,,,,,,,,,,,,,,,,,,,,,,,,,,,,,,,,,,,,,,,,,,,,,,,,,,,,,,,,,,,,,,,,,,,,,,,,,,,,,,,,,,,,,,,,,,,,,,,,,,,,,,,,,,,,56.0,56.0,56.0,56.0,56.0,56.0,56.0,56.0,56.0,56.0,0.0,0.0,0.0,0.0,0.0,1500.0,1500.0,1500.0,1500.0,17,3240.0,100.0,100.0,100.0,100.0,100.0,100.0,100.0,100.0,100.0,100.0,100.0,100.0,100.0,100.0,100.0,100.0,100.0,100.0
0.0,0.0,0.0,0.0,0.0,0.0,0.0,0.0,0.0,0.0,0.0,0.0,0.0,0.0,0.0,0.0,0.0,0.0,0.0,0.0,0.0,0.0,0.0,0.0,0.0,0.0,0.0,0.0,0.0,0.0,0.0,0.0,0.0,0.0,0.0,0.0,0.0,0.0,0.0,0.0,0.0,0.0,0.0,0.0,0.0,0.0,0.0,0.0,0.0,0.0,0.0,0.0,0.0,0.0,0.0,0.0,0.0,0.0,0.0,0.0,0.0,0.0,0.0,0.0,0.0,0.0,0.0,0.0,0.0,0.0,0.0,0.0,0.0,0.0,0.0,0.0,0.0,0.0,0.0,0.0,0.0,0.0,0.0,0.0,0.0,0.0,0.0,0.0,0.0,0.0,0.0,0.0,0.0,0.0,,,,,,,,,,,,,,,,,,,,,,,,,,,,,,,,,,,,,,,,,,,,,,,,,,,,,,,,,,,,,,,,,,,,,,,,,,,,,,,,,,,,,,,,,,,,,,,,,,,,,,,,,,,,,,,,,,,,,,,,,,,,,,,,,,,,,,,,,,,,,,,,,,,,,,,,,,,,,,,,,,,,,,,,,,,,,,,,,,,,,,,,,,,,,,,,,,,,,,,,,,,,,,,,,,,,,,,,,,,,,,,,,,,,,,,,,,,,,,,,,,,,,,,,,,,,,,,,,,,,,,,,,,,,,,,,,,,,,,,,,,,,,,,,,,,,,,,,,,,,,,,,,,,,,,,,,,,,,,,,,,,,,,,,,,,,,,,,,,,,,,,,,,,,,,,,,,,,,,,,,,,,,,,,,,,,,,,,,,,,,,,,,,,,,,,,,,,,,,,,,,,,,,,,,,,,,,,,,,,,,56.0,56.0,56.0,56.0,56.0,56.0,56.0,56.0,56.0,56.0,0.0,0.0,0.0,0.0,0.0,1500.0,1500.0,1500.0,1500.0,18,3420.0,100.0,100.0,100.0,100.0,100.0,100.0,100.0,100.0,100.0,100.0,100.0,100.0,100.0,100.0,100.0,100.0,100.0,100.0
0.0,0.0,0.0,0.0,0.0,0.0,0.0,0.0,0.0,0.0,0.0,0.0,0.0,0.0,0.0,0.0,0.0,0.0,0.0,0.0,0.0,0.0,0.0,0.0,0.0,0.0,0.0,0.0,0.0,0.0,0.0,0.0,0.0,0.0,0.0,0.0,0.0,0.0,0.0,0.0,0.0,0.0,0.0,0.0,0.0,0.0,0.0,0.0,0.0,0.0,0.0,0.0,0.0,0.0,0.0,0.0,0.0,0.0,0.0,0.0,0.0,0.0,0.0,0.0,0.0,0.0,0.0,0.0,0.0,0.0,0.0,0.0,0.0,0.0,0.0,0.0,0.0,0.0,0.0,0.0,0.0,0.0,0.0,0.0,0.0,0.0,0.0,0.0,0.0,0.0,0.0,0.0,0.0,0.0,,,,,,,,,,,,,,,,,,,,,,,,,,,,,,,,,,,,,,,,,,,,,,,,,,,,,,,,,,,,,,,,,,,,,,,,,,,,,,,,,,,,,,,,,,,,,,,,,,,,,,,,,,,,,,,,,,,,,,,,,,,,,,,,,,,,,,,,,,,,,,,,,,,,,,,,,,,,,,,,,,,,,,,,,,,,,,,,,,,,,,,,,,,,,,,,,,,,,,,,,,,,,,,,,,,,,,,,,,,,,,,,,,,,,,,,,,,,,,,,,,,,,,,,,,,,,,,,,,,,,,,,,,,,,,,,,,,,,,,,,,,,,,,,,,,,,,,,,,,,,,,,,,,,,,,,,,,,,,,,,,,,,,,,,,,,,,,,,,,,,,,,,,,,,,,,,,,,,,,,,,,,,,,,,,,,,,,,,,,,,,,,,,,,,,,,,,,,,,,,,,,,,,,,,,,,,,,,,,,,,56.0,56.0,56.0,56.0,56.0,56.0,56.0,56.0,56.0,56.0,0.0,0.0,0.0,0.0,0.0,1500.0,1500.0,1500.0,1500.0,19,3600.0,100.0,100.0,100.0,100.0,100.0,100.0,100.0,100.0,100.0,100.0,100.0,100.0,100.0,100.0,100.0,100.0,100.0,100.0
464.38587163913223,5474.999999999999,0.0,0.0,0.0,0.0,0.0,0.0,0.0,0.0,0.0,0.0,0.0,0.0,0.0,0.0,0.0,0.0,0.0,0.0,0.0,0.0,0.0,0.0,0.0,0.0,0.0,0.0,0.0,0.0,0.0,0.0,0.0,0.0,0.0,0.0,0.0,0.0,0.0,0.0,0.0,0.0,0.0,0.0,0.0,0.0,0.0,0.0,0.0,0.0,0.0,0.0,0.0,0.0,0.0,0.0,0.0,0.0,0.0,0.0,0.0,0.0,0.0,0.0,0.0,0.0,0.0,0.0,0.0,0.0,0.0,0.0,0.0,0.0,0.0,0.0,0.0,0.0,0.0,0.0,0.0,0.0,0.0,0.0,0.0,0.0,0.0,0.0,0.0,0.0,0.0,0.0,0.0,0.0,1142.058,2597.2420289855077,-1512.5827005878223,6000.0,1200.0,3.0,30.15223577357596,71.39911937470154,41.246883601125575,4462.099473290393,,0.0,340.60069444444446,577.347490104857,464.38587163913223,5474.999999999999,65.0,-1512.5827005878223,5475.0,261.1974854099193,464.38587163913223,464.38587163913223,5474.999999999999,0.0,0.0,1.0,50.0,6.0,1.0,0.0,75.0,0.0,0.0,11.0,1.0,1.0,1.0,261.2207986535515,-1512.5827005878223,5475.0,0.02331324363223075,inf,0.0,1.0,0.0,1.0,1.0,1.0,0.0,6.0,4.0,0.0,0.0,464.38587163913223,19.0,231.96317635723878,50.0,0.4526664394356317,78.90457096376136,4.0,232.4158427966744,-1512.5827005878223,5475.0,464.38587163913223,5474.999999999999,25.0,5.0,1.0,0.0,1.0,5.0,4.0,15.0,231.80558427577853,25.0,0.15759208146025117,79.06216304522161,0.0,231.96317635723878,1.0,464.38587163913223,5400.0,19.0,0.0,5400.0,261.2207986535515,464.38587163913223,464.38587163913223,5400.0,1.0,0.0,0.0,-1512.5827005878223,5475.0,1.0,13.0,57.108738045955064,2.8554369022977535,0.0,263.37725351275327,0.0,1.0,0.0,1.0,1.0,1.0,1.0,0.0,0.0,0.0,0.0,0.0,263.37725351275327,71.32834378634986,0.0,1.0,0.0,261.1974854099193,71.39911937470154,71.39911937470154,0.0,1.0,2.1797681028339753,0.0,0.0,13.168862675637664,0.0,0.0,0.0,0.0,0.0,0.0,263.37725351275327,1.0,0.0,263.37725351275327,0.0,1.0,258.34204850762154,4130.0,12059.599999999999,14042.0,1691.25,4938.45,5750.25,1204.0,3515.68,4093.6,3.0,7025.25,20513.729999999996,23885.85,-1512.5827005878223,5475.0,1.0,0.0,220.0,0.0,0.0,1.0,0.0,0.0,0.0,0.5,0.0,0.0,0.0,-1512.5827005878223,2597.2420289855077,-3315.000000000001,37566.666666666664,-22100.000000000004,5635.000000000001,0.15000000000000002,0.0,545.6053354815929,387.2338716391322,545.6053354815929,387.2338716391322,1.0,1.0,0.0,-441.8397504419735,1.0,5284.222222222222,-2945.598336279823,792.6333333333333,1.0,-1512.5827005878223,0.0,0.0,-1512.5827005878223,4093.6,1200.0,6000.0,5255.51355769988,0.4971150790086566,0.5028849209913433,4142.0436778382,261.1974854099193,258.34204850762154,1.0,,464.38587163913223,,6000.0,1.0,,1.0,1.0,263.37725351275327,,,0.0,0.0,71.39911937470154,23.799706458233846,464.38587163913223,0.0,197.34672219946754,464.38587163913223,5474.999999999999,,1.0,0.0,0.0,0.0,23.776114595449954,0.0,-1976.9685722269546,-1976.9685722269546,9.094947017729282e-13,1.0,1.0,1.0,0.0,0.0,0.0,0.0,0.0,0.0,1.0,6.0,0.0,1.0,0.37267080745341613,0.0,0.0,0.0,1.0,0.00336414429431942,0.37267080745341613,0.0,464.38587163913223,5474.999999999999,-1512.5827005878223,5475.0,261.1974854099193,464.38587163913223,464.38587163913223,5474.999999999999,0.0,0.0,0.0,0.0,1.0,0.0,-1512.5827005878223,5475.0,4462.099473290393,0.0,261.1974854099193,1.0,1.0,0.0,0.0,-1512.5827005878223,464.38587163913223,3095.905810927548,-0.0016565866734260522,-0.02731320867648231,-0.015933770545375182,-0.013913706348477847,-0.06748542839980372,6.0,1.0,56.0,56.0,56.0,56.0,56.0,1.0,1.0,6.0,0.0,0.0,227.54961278212983,0.0,0.9649740880654463,227.54961278212983,228.51458687019527,0.0,227.54961278212983,0.0,1.1962220611102339,227.54961278212983,228.74583484324006,0.0,227.54961278212983,0.0,1.727989524275472,227.54961278212983,229.27760230640533,0.0,227.54961278212983,0.0,1.8207733205174463,227.54961278212983,229.3703861026473,0.0,-0.0032165802935514875,-0.003987406870367446,-0.005759965080918334,-0.006069244401724916,1.0,1500.0,1500.0,1500.0,1500.0,1.0,1.0,0.0,0.052441726657230084,0.05310108279049093,0.053747205953247695,0.05403784913975543,0.054471269984028764,0.05420192017223098,0.053687156443569514,0.052229049345627665,0.054951794560988976,0.05555799348629965,0.056138065899435485,0.05644935796005131,0.05684102620040114,0.05665695731883939,0.05615011801294312,0.054729234483908665,1.0,100.0,100.0,100.0,100.0,100.0,100.0,100.0,100.0,100.0,100.0,100.0,100.0,100.0,100.0,100.0,100.0,0.0,0.0,0.0,0.0,0.0,1.0,0.0,0.0,282.0,1.0,0.0,0.0,545.6053354815929,464.38587163913223,387.2338716391322,464.38587163913223,-1512.5827005878223,-1512.5827005878223,0.0,0.0,0.0,1.0,0.0,0.0,0.0,426.8267375997474,464.38587163913223,-1939.4094381875698,464.38587163913223,464.38587163913223,-1512.5827005878223,37.559134039384844,160.0,71.39911937470154,72.52040667459634,0.0,2.0,2.06578730000183,464.38587163913223,51.0,1.0,2721.7050575723947,2753.2949424276044,48.0,48.0,,,,,2721.7050575723947,2753.2949424276044,3000.0,3000.0,,,56.0,56.0,56.0,56.0,56.0,56.0,56.0,56.0,56.0,56.0,0.0,0.0,0.0,0.0,0.0,1360.8525287861974,1376.6474712138022,1360.8525287861974,1376.6474712138022,20,3780.0,100.0,100.0,100.0,100.0,100.0,100.0,100.0,100.0,100.0,100.0,100.0,100.0,100.0,100.0,100.0,100.0,100.0,100.0
602.4347537793701,5982.715412690777,0.0,0.0,0.0,0.0,0.0,0.0,0.0,0.0,0.0,0.0,0.0,0.0,0.0,0.0,0.0,0.0,0.0,0.0,0.0,0.0,0.0,0.0,0.0,0.0,0.0,0.0,0.0,0.0,0.0,0.0,0.0,0.0,0.0,0.0,0.0,0.0,0.0,0.0,0.0,0.0,0.0,0.0,0.0,0.0,0.0,0.0,0.0,0.0,0.0,0.0,0.0,0.0,0.0,0.0,0.0,0.0,0.0,0.0,0.0,0.0,0.0,0.0,0.0,0.0,0.0,0.0,0.0,0.0,0.0,0.0,0.0,0.0,0.0,0.0,0.0,0.0,0.0,0.0,0.0,0.0,0.0,0.0,0.0,0.0,0.0,0.0,0.0,0.0,0.0,0.0,0.0,0.0,1142.058,602.4347537793701,-1602.3590508600778,6000.0,1200.0,3.0,45.9339062173884,105.58803231332365,59.65412609593526,5249.972864402884,,0.0,405.39131944444443,690.7976836481712,602.4347537793701,5982.715412690777,0.0,602.4347537793701,6000.0,316.48928800885955,602.4347537793701,602.4347537793701,5982.715412690777,1.0,0.0,0.0,49.0,5.0,0.0,1.0,49.0,0.0,0.0,5.0,0.0,1.0,1.0,318.9923361511857,602.4347537793701,6000.0,2.503048142326179,7.1399732074011695,0.0,1.0,0.0,1.0,1.0,0.0,1.0,5.0,4.0,0.0,0.0,602.4347537793701,13.0,280.5897434617455,49.0,0.0,110.06634516360134,30.0,280.5897434617455,602.4347537793701,6000.0,602.4347537793701,5982.715412690777,0.0,0.0,,,,,,,,,,,,,0.0,602.4347537793701,6000.0,1000000.0,602.4347537793701,6000.0,318.9923361511857,602.4347537793701,602.4347537793701,6000.0,0.0,1.0,0.0,602.4347537793701,6000.0,1.0,14.0,207.70681132029102,10.385340566014552,0.0,318.9923361511857,0.0,1.0,0.0,1.0,1.0,1.0,1.0,0.0,0.0,0.0,0.0,0.0,318.9923361511857,105.58198893644399,0.0,1.0,0.0,316.48928800885955,105.58803231332365,105.58803231332365,0.0,1.0,2.503048142326179,0.0,0.0,15.949616807559288,0.0,0.0,0.0,0.0,0.0,0.0,318.9923361511857,1.0,0.0,318.9923361511857,0.0,1.0,306.10394744284497,10077.199999999999,14042.0,14042.0,4126.65,5750.25,5750.25,2937.7599999999998,4093.6,4093.6,3.0,17141.609999999997,23885.85,23885.85,602.4347537793701,6000.0,1.0,0.0,220.0,0.0,0.0,1.0,0.0,0.0,0.0,0.5,0.0,0.0,0.0,-1602.3590508600778,2773.992028985507,-3315.000000000001,37566.666666666664,-22100.000000000004,5635.000000000001,0.15000000000000002,0.0,740.5587537793701,442.84318248309967,740.5587537793701,442.84318248309967,1.0,1.0,0.0,-584.9485860244797,1.0,7162.555555555557,-3899.6572401631975,1074.3833333333337,1.0,602.4347537793701,0.0,0.0,602.4347537793701,4093.6,1200.0,6000.0,5087.22705118602,0.4971192354484629,0.502880764551537,4132.202361667798,316.48928800885955,306.10394744284497,1.0,,602.4347537793701,,6000.0,1.0,,1.0,1.0,318.9923361511857,,,0.0,0.0,105.58803231332365,35.196010771107886,602.4347537793701,0.0,92.77979374346866,602.4347537793701,5982.715412690777,13.108769872457424,1.0,0.0,0.0,0.0,35.193996312147995,1.0,0.0,0.0,17.284587309222843,1.0,0.0,1.0,0.0,0.0,0.0,0.0,0.0,0.0,1.0,6.0,0.0,1.0,0.37267080745341613,0.0,0.0,0.0,1.0,0.0026807195602637822,0.37267080745341613,0.0,602.4347537793701,5982.715412690777,602.4347537793701,6000.0,316.48928800885955,602.4347537793701,602.4347537793701,5982.715412690777,1.0,0.0,0.0,0.0,0.0,0.0,602.4347537793701,6000.0,5249.972864402884,0.0,316.48928800885955,1.0,1.0,3.773682826575377e-05,0.0,602.4347537793701,602.4347537793701,4016.231691862467,0.007549826762112207,-0.058414578619000304,-0.01539956552980019,0.034009891737881735,0.022310118592736607,6.0,1.0,56.0,56.0,56.0,56.0,56.0,2.0,1.0,6.0,0.0,0.0,275.1394961222954,0.0,2.8399689623028053,274.76319529328,278.35576591361354,0.0,275.1394961222954,0.0,2.5733746951000285,274.7908879420561,278.0614789976347,0.0,275.1394961222954,0.0,4.045741323117113,274.2773900731721,280.0473434945358,0.0,275.1394961222954,0.0,3.681456968495354,274.5471494826541,279.413299730432,0.0,-0.008180784032306286,-0.007725455343223755,-0.013138988152238634,-0.011494321911173515,1.0,1360.8525287861974,1376.6474712138022,1360.8525287861974,1376.6474712138022,1.0,1.0,0.0,0.09986087786778378,0.09951717254576273,0.09924529413336423,0.09921502621821254,0.09927315921851339,0.09981728222510747,0.09926815514217431,0.09992243713881806,0.10014751661909678,0.09931833994683377,0.09844651073953302,0.09981810792046417,0.09998395271985405,0.09975904479694915,0.09986195333290677,0.09996448554580599,1.0,100.0,100.0,100.0,100.0,100.0,100.0,100.0,100.0,100.0,100.0,100.0,100.0,100.0,100.0,100.0,100.0,0.0,0.0,0.0,0.0,0.0,1.0,0.0,0.0,294.0,0.05,0.0,1.0,740.5587537793701,602.4347537793701,442.84318248309967,602.4347537793701,602.4347537793701,602.4347537793701,0.0,0.0,0.0,1.0,0.0,0.0,0.0,602.4347537793701,602.4347537793701,0.0,602.4347537793701,602.4347537793701,602.4347537793701,0.0,160.0,105.58803231332365,107.25524670531736,0.0,2.0,2.1297534000041196,602.4347537793701,51.0,1.0,2982.7154126907776,3000.0,48.0,48.0,,0.0,,0.20834026683926266,2982.7154126907776,3000.0,3000.0,3000.0,,,56.0,56.0,56.0,56.0,56.0,56.0,56.0,56.0,56.0,56.0,0.0,0.0,0.0,0.0,0.0,1491.3577063453888,1500.0,1491.3577063453888,1500.0,21,3960.0,100.0,100.0,100.0,100.0,100.0,100.0,100.0,100.0,100.0,100.0,100.0,100.0,100.0,100.0,100.0,100.0,100.0,100.0
800.991717874731,5250.0,0.0,0.0,0.0,0.0,0.0,0.0,0.0,0.0,0.0,0.0,0.0,0.0,0.0,0.0,0.0,0.0,0.0,0.0,0.0,0.0,0.0,0.0,0.0,0.0,0.0,0.0,0.0,0.0,0.0,0.0,0.0,0.0,0.0,0.0,0.0,0.0,0.0,0.0,0.0,0.0,0.0,0.0,0.0,0.0,0.0,0.0,0.0,0.0,0.0,0.0,0.0,0.0,0.0,0.0,0.0,0.0,0.0,0.0,0.0,0.0,0.0,0.0,0.0,0.0,0.0,0.0,0.0,0.0,0.0,0.0,0.0,0.0,0.0,0.0,0.0,0.0,0.0,0.0,0.0,0.0,0.0,0.0,0.0,0.0,0.0,0.0,0.0,0.0,0.0,0.0,0.0,0.0,1142.058,809.9539497006283,-1657.6405102092908,6000.0,1200.0,3.0,61.66212792821336,138.7404811422798,77.07835321406645,6085.599511187347,,0.0,428.82708333333335,743.8158497886386,800.991717874731,5250.0,43.0,-673.0705162742154,5250.0,361.3805817889758,800.991717874731,800.991717874731,5250.0,1.0,0.0,0.0,49.0,5.0,0.0,1.0,49.0,0.0,0.0,5.0,0.0,1.0,1.0,367.81784413545296,-673.0705162742154,5250.0,1.8295319864286625,24.227754955967328,0.0,1.0,0.0,1.0,1.0,0.0,1.0,5.0,4.0,0.0,0.0,800.991717874731,11.0,325.68672317854544,49.0,0.0,122.86083715675119,27.0,325.68672317854544,-673.0705162742154,5250.0,800.991717874731,5250.0,0.0,0.0,,,,,,,,,,,,,0.0,800.991717874731,5400.0,12.0,-1657.6405102092908,5400.0,363.21011377540447,800.991717874731,800.991717874731,5400.0,1.0,0.0,0.0,-673.0705162742154,5250.0,1.0,15.0,129.79011829112855,6.489505914556428,0.0,373.35159251054785,0.0,1.0,0.0,1.0,1.0,1.0,1.0,0.0,0.0,0.0,0.0,0.0,373.35159251054785,140.66100512179167,0.0,1.0,0.0,361.3805817889758,138.7404811422798,138.7404811422798,0.0,1.0,11.971010721572043,0.0,0.0,18.66757962552739,0.0,0.0,0.0,0.0,0.0,0.0,373.35159251054785,1.0,0.0,373.35159251054785,0.0,1.0,354.89107587441936,14042.0,14042.0,14042.0,5750.25,5750.25,5750.25,4093.6,4093.6,4093.6,3.0,23885.85,23885.85,23885.85,-673.0705162742154,5250.0,1.0,0.0,220.0,0.0,0.0,1.0,0.0,0.0,0.0,0.5,0.0,0.0,0.0,-1657.6405102092908,2850.8916968599037,-3315.000000000001,37566.666666666664,-22100.000000000004,5635.000000000001,0.15000000000000002,0.0,1001.0677613633088,598.3253072600846,1001.0677613633088,598.3253072600846,1.0,1.0,0.0,-673.0705162742154,1.0,7979.773148148148,-4487.136775161435,1196.9659722222223,1.0,-673.0705162742154,0.0,0.0,-673.0705162742154,4093.6,1200.0,6000.0,5700.0,0.48861728179841946,0.5113827182015807,4194.39458941231,361.3805817889758,354.89107587441936,1.0,,809.9539497006283,,6000.0,1.0,,1.0,1.0,373.35159251054785,,,0.0,0.0,138.7404811422798,46.2468270474266,800.991717874731,0.0,599.3351665885879,800.991717874731,5250.0,20.05998934629982,1.0,0.0,0.0,0.0,46.88700170726389,2.0,-1474.0622341489463,-1474.0622341489463,0.0,1.0,1.0,1.0,0.0,0.0,0.0,0.0,0.0,0.0,1.0,6.0,0.0,1.0,0.37267080745341613,0.0,0.0,0.0,1.0,0.006999624264743748,0.37267080745341613,0.0,800.991717874731,5250.0,-673.0705162742154,5250.0,361.3805817889758,800.991717874731,800.991717874731,5250.0,1.0,0.0,0.0,0.0,0.0,0.0,-673.0705162742154,5250.0,6085.599511187347,0.0,361.3805817889758,1.0,1.0,0.0002689358728172285,0.0,-673.0705162742154,800.991717874731,5339.944785831539,0.02204293334097566,-0.060393167324168176,-0.032732794619602844,0.039138387168800595,0.12898951305188833,6.0,1.0,56.0,56.0,56.0,56.0,56.0,3.0,1.0,6.0,0.0,0.0,315.72404909796194,0.0,1.6485155247698913,315.74854576935974,317.3480679513341,1.0,315.72404909796194,0.0,0.7487660740815727,315.72404909796194,316.4728151720435,0.0,315.72404909796194,0.0,2.8038311342077122,315.7963950741653,318.45553425596637,1.0,315.72404909796194,0.0,2.0052943486398362,315.72404909796194,317.7293434466018,0.0,-0.00518244652420938,-0.0024958869136052424,-0.008391185877396552,-0.006684314495466121,1.0,1491.3577063453888,1500.0,1491.3577063453888,1500.0,1.0,1.0,0.0,0.09890452039058778,0.032307840405008295,0.030224167049238193,0.09924361453197007,0.1,0.1,0.0982671636389398,0.1,0.12661870689290639,0.13447950650735763,0.1358295762103115,0.12539575895383875,0.11299639960035002,0.1,0.1,0.1,1.0,100.0,100.0,100.0,100.0,100.0,100.0,100.0,100.0,100.0,100.0,100.0,100.0,100.0,100.0,100.0,100.0,0.0,0.0,0.0,0.0,0.0,1.0,0.0,0.0,292.0,0.17798870907989464,0.0,1.0,1001.0677613633088,800.991717874731,598.3253072600846,800.991717874731,-673.0705162742154,-673.0705162742154,0.0,0.0,0.0,1.0,0.0,0.0,0.0,699.0109207858907,800.991717874731,-1372.081437060106,800.991717874731,800.991717874731,-673.0705162742154,101.98079708884029,168.0,138.7404811422798,141.2312525443598,0.0,2.0,2.0308757000020705,800.991717874731,51.0,1.0,2565.240729441702,2684.7592705582983,48.0,48.0,,,,,2565.240729441702,2684.7592705582983,3000.0,3000.0,,,56.0,56.0,56.0,56.0,56.0,56.0,56.0,56.0,56.0,56.0,0.0,0.0,0.0,0.0,0.0,1282.620364720851,1342.3796352791492,1282.620364720851,1342.3796352791492,22,4140.0,90.0,100.0,100.0,100.0,100.0,90.0,90.0,100.0,90.0,80.0,80.0,80.0,80.0,80.0,80.0,90.0,90.0,90.0
914.5382182960911,6000.0,0.0,0.0,0.0,0.0,0.0,0.0,0.0,0.0,0.0,0.0,0.0,0.0,0.0,0.0,0.0,0.0,0.0,0.0,0.0,0.0,0.0,0.0,0.0,0.0,0.0,0.0,0.0,0.0,0.0,0.0,0.0,0.0,0.0,0.0,0.0,0.0,0.0,0.0,0.0,0.0,0.0,0.0,0.0,0.0,0.0,0.0,0.0,0.0,0.0,0.0,0.0,0.0,0.0,0.0,0.0,0.0,0.0,0.0,0.0,0.0,0.0,0.0,0.0,0.0,0.0,0.0,0.0,0.0,0.0,0.0,0.0,0.0,0.0,0.0,0.0,0.0,0.0,0.0,0.0,0.0,0.0,0.0,0.0,0.0,0.0,0.0,0.0,0.0,0.0,0.0,0.0,0.0,1142.058,914.5382182960911,-1676.1435758512794,6000.0,1200.0,3.0,70.12955905806884,158.163439624533,88.03388056646418,6717.074877203986,0.9580536433641993,0.0,341.66041666666666,660.0249176489154,914.5382182960911,5000.0,10.0,-1676.1435758512794,5000.0,396.72854815658434,914.5382182960911,914.5382182960911,5000.0,1.0,0.0,0.0,49.0,5.0,0.0,1.0,49.0,,0.0,5.0,0.0,,1.0,,,,9.246617773867342,38.76677999813069,0.0,1.0,0.0,,1.0,0.0,1.0,5.0,4.0,0.0,0.0,,11.0,359.1231005969725,49.0,0.0,123.96958145697516,27.0,359.1231005969725,,,,,0.0,0.0,,,,,,,,,,,,,0.0,914.5382182960911,5250.0,27.0,-1106.6511699218881,5250.0,405.9751659304517,914.5382182960911,914.5382182960911,5250.0,1.0,0.0,0.0,,,,28.0,627.4898545285248,31.37449272642624,0.0,435.495328154715,0.0,1.0,0.0,1.0,1.0,1.0,1.0,0.0,0.0,0.0,0.0,0.0,435.495328154715,158.163439624533,0.0,0.0,0.0,396.72854815658434,160.30240721887978,160.30240721887978,0.0,1.0,38.76677999813069,0.0,1.0,21.774766407735754,1.0,0.0,1.0,0.0,0.0,1.0,435.495328154715,1.0,0.0,435.495328154715,0.0,1.0,404.1208354282888,14042.0,14042.0,14042.0,5750.25,5750.25,5750.25,4093.6,4093.6,4093.6,3.0,23885.85,23885.85,23885.85,914.5382182960911,6000.0,0.0,0.0,220.0,0.0,0.0,1.0,0.0,0.0,0.0,0.5,0.011859937176355327,0.0,5.929968588177664,-1676.1435758512794,2879.795671583851,-3315.000000000001,37566.666666666664,-22100.000000000004,5635.000000000001,,,,,,,,,,-702.5655020995637,1.0,8286.937499999998,-4683.77001399709,1243.0406249999999,1.0,,,,,4093.6,1200.0,6000.0,5700.0,0.5002516357315095,0.49974836426849045,4596.4101277005075,435.495328154715,404.1208354282888,1.0,0.0,914.5382182960911,0.0,6000.0,1.0,1.0,1.0,1.0,435.495328154715,914.5382182960911,6000.0,1.0,0.0,158.163439624533,52.721146541511,914.5382182960911,0.0,113.84516921090014,914.5382182960911,6000.0,35.235427231170966,1.0,0.0,0.0,-48.03863742641984,52.721146541511,3.0,,,,,,,,,,,,,,6.0,0.0,1.0,0.37267080745341613,0.0,0.25,0.0,1.0,0.03491736997920189,0.37267080745341613,0.0,914.5382182960911,6000.0,-1676.1435758512794,5000.0,435.495328154715,914.5382182960911,914.5382182960911,5000.0,0.0,1.0,0.0,1.0,0.0,0.0,,,6717.074877203986,0.0,435.495328154715,0.0,5.0,0.011859937176355327,0.0,914.5382182960911,914.5382182960911,6096.921455307273,0.03131681278956341,-0.15972531251536595,-0.021163386392136774,-0.02579960525602612,-0.0155163570183217,6.0,1.0,56.0,56.0,56.0,56.0,56.0,4.0,1.0,6.0,0.0,0.0,351.0281856228266,0.0,4.44322464030563,347.95283019165925,358.54676569429955,0.0,351.0281856228266,0.0,6.0270593228855205,352.36113734032597,355.72229322821266,1.0,351.0281856228266,0.0,7.382073820477558,349.1002424102744,360.33820265585626,0.0,351.0281856228266,0.0,9.169646108110669,354.46921811462056,356.75679923914333,1.0,-0.018794051892529532,-0.006369304207784406,-0.019366808270446574,-0.0029326999011226955,1.0,1282.620364720851,1342.3796352791492,1282.620364720851,1342.3796352791492,,,0.0,0.09999999999999964,0.09999999999999964,0.09999999999999964,0.09999999999999964,0.0,0.0,0.10200821145298242,-0.009486506176025955,-0.020032654859745768,-0.02667826149010182,0.007311477282994437,-0.006569593093086114,0.005234864243358039,0.0,0.005145067328484743,0.0,1.0,100.0,100.0,100.0,100.0,90.0,90.0,100.0,90.0,80.0,80.0,80.0,80.0,80.0,90.0,90.0,90.0,0.0,0.0,0.0,0.0,0.0,1.0,0.0,,937.0,0.17798870907989464,0.0,0.0,0.0,,0.0,,0.0,,0.0,0.0,0.0,1.0,0.0,0.0,0.0,0.0,,0.0,,914.5382182960911,0.0,914.5382182960911,152.0,158.163439624533,160.86174440123085,0.0,3.0,4.961965099995723,914.5382182960911,51.0,1.0,,,57.0,73.0,,,,,,,,,1.0,1.0,56.0,56.0,62.0,50.0,56.0,56.0,50.0,62.0,50.0,62.0,0.0,0.0,0.0,0.0,0.0,1500.0,1500.0,1500.0,1500.0,23,4320.0,70.0,100.0,100.0,100.0,100.0,90.0,90.0,70.0,90.0,80.0,80.0,80.0,80.0,80.0,80.0,90.0,90.0,90.0
940.5942610278441,6000.0,0.0,0.0,0.0,0.0,0.0,0.0,0.0,0.0,0.0,0.0,0.0,0.0,0.0,0.0,0.0,0.0,0.0,0.0,0.0,0.0,0.0,0.0,0.0,0.0,0.0,0.0,0.0,0.0,0.0,0.0,0.0,0.0,0.0,0.0,0.0,0.0,0.0,0.0,0.0,0.0,0.0,0.0,0.0,0.0,0.0,0.0,0.0,0.0,0.0,0.0,0.0,0.0,0.0,0.0,0.0,0.0,0.0,0.0,0.0,0.0,0.0,0.0,0.0,0.0,0.0,0.0,0.0,0.0,0.0,0.0,0.0,0.0,0.0,0.0,0.0,0.0,0.0,0.0,0.0,0.0,0.0,0.0,0.0,0.0,0.0,0.0,0.0,0.0,0.0,0.0,0.0,0.0,1142.058,940.5942610278441,-1697.797762714834,6000.0,1200.0,3.0,71.80868956601162,169.69028658069965,97.88159701468804,7033.506052106364,0.9590015457883886,0.0,318.3115843168843,636.0610734033587,940.5942610278441,4500.0,0.0,940.5942610278441,6000.0,428.73896762448055,940.5942610278441,940.5942610278441,4500.0,1.0,0.0,0.0,49.0,5.0,0.0,1.0,49.0,,0.0,5.0,0.0,,1.0,,,,4.096522915876335,44.89184463262342,0.0,1.0,0.0,,1.0,0.0,1.0,5.0,4.0,0.0,0.0,,9.0,384.56467235856815,49.0,0.0,110.26396120305287,26.0,384.56467235856815,,,,,0.0,0.0,,,,,,,,,,,,,0.0,940.5942610278441,6000.0,1000000.0,940.5942610278441,6000.0,432.8354905403569,940.5942610278441,940.5942610278441,6000.0,0.0,1.0,0.0,,,,29.0,506.66445898655206,25.333222949327606,0.0,432.8354905403569,0.0,1.0,0.0,1.0,1.0,1.0,1.0,0.0,0.0,0.0,0.0,0.0,432.8354905403569,169.69028658069965,0.0,1.0,0.0,428.73896762448055,171.8202918520302,171.8202918520302,0.0,1.0,4.096522915876335,0.0,1.0,21.641774527017844,1.0,0.0,1.0,0.0,0.0,1.0,432.8354905403569,1.0,0.0,432.8354905403569,0.0,1.0,407.5022675910293,14042.0,14042.0,14042.0,5750.25,5750.25,5750.25,4093.6,4093.6,4093.6,3.0,23885.85,23885.85,23885.85,940.5942610278441,6000.0,0.0,0.0,220.0,0.0,0.0,1.0,0.0,0.0,0.0,0.5,0.007100350299213617,0.0,3.550175149606808,-1697.797762714834,2859.6949987060043,-3315.000000000001,37566.666666666664,-22100.000000000004,5635.000000000001,,,,,,,,,,-737.0835623474082,1.0,8073.32638888889,-4913.890415649387,1210.9989583333336,1.0,,,,,4093.6,1200.0,6000.0,2918.7257441624133,0.47350880984220317,0.5264911901577968,4431.292959260361,432.8354905403569,407.5022675910293,1.0,0.0,940.5942610278441,0.0,6000.0,1.0,1.0,1.0,1.0,432.8354905403569,940.5942610278441,6000.0,1.0,0.0,169.69028658069965,56.563428860233216,940.5942610278441,0.0,93.77884285881524,940.5942610278441,6000.0,46.36401823494157,1.0,0.0,0.0,-46.62292420460285,56.563428860233216,3.0,,,,,,,,,,,,,,6.0,0.0,1.0,0.37267080745341613,0.059303689937519,0.25,0.0,1.0,0.023450899948636195,0.37267080745341613,0.0,940.5942610278441,6000.0,940.5942610278441,6000.0,432.8354905403569,940.5942610278441,940.5942610278441,4500.0,0.0,1.0,0.0,1.0,0.0,0.0,,,7033.506052106364,0.0,432.8354905403569,0.0,5.0,0.007100350299213617,0.0,940.5942610278441,940.5942610278441,6270.628406852294,0.04744412804454441,-0.010394092308132999,0.0017153365008851047,1.277696259239267,1.651913836287833,6.0,1.0,56.0,62.0,56.0,50.0,50.0,5.0,1.0,6.0,0.0,0.0,383.4823315459949,0.0,0.3664613766987941,383.4823315459949,383.84879292269375,0.0,383.4823315459949,0.0,14.369000787753862,383.4823315459949,369.113330758241,0.0,383.4823315459949,0.0,1.737853272979578,383.4823315459949,381.74447827301526,0.0,383.4823315459949,0.0,14.548631571858209,383.4823315459949,368.9336999741367,0.0,-0.0013968551492663768,0.047896669292513065,0.005759124493022086,0.0484954385728607,1.0,1500.0,1500.0,1500.0,1500.0,,,0.0,0.1,0.1,0.1,0.1,0.0,0.0,-0.03524111371206438,-0.07358123593915877,0.06716343578620396,0.0951846235984446,0.06544089292378832,0.10777935744339082,-0.05043982580959625,-0.0020381564631890116,0.007378144867195147,0.0,1.0,100.0,100.0,100.0,100.0,90.0,90.0,70.0,90.0,80.0,80.0,80.0,80.0,80.0,90.0,90.0,90.0,0.0,0.0,0.0,0.0,0.0,1.0,0.0,,990.0,0.284643885466359,0.0,0.0,0.0,,0.0,,0.0,,0.0,0.0,0.0,1.0,0.0,0.0,0.0,0.0,,0.0,,940.5942610278441,0.0,940.5942610278441,160.0,169.69028658069965,173.47249418031342,0.0,2.0,5.288343799998984,940.5942610278441,51.0,1.0,,,70.0,73.0,,,,,,,,,1.0,1.0,56.0,56.0,62.0,50.0,56.0,56.0,44.0,68.0,44.0,68.0,0.0,0.0,0.0,0.0,0.0,1500.0,1500.0,1500.0,1500.0,24,4500.0,70.0,90.0,90.0,90.0,80.0,90.0,90.0,70.0,90.0,70.0,80.0,80.0,80.0,70.0,80.0,90.0,90.0,90.0
957.8252692398223,6000.0,0.0,0.0,0.0,0.0,0.0,0.0,0.0,0.0,0.0,0.0,0.0,0.0,0.0,0.0,0.0,0.0,0.0,0.0,0.0,0.0,0.0,0.0,0.0,0.0,0.0,0.0,0.0,0.0,0.0,0.0,0.0,0.0,0.0,0.0,0.0,0.0,0.0,0.0,0.0,0.0,0.0,0.0,0.0,0.0,0.0,0.0,0.0,0.0,0.0,0.0,0.0,0.0,0.0,0.0,0.0,0.0,0.0,0.0,0.0,0.0,0.0,0.0,0.0,0.0,0.0,0.0,0.0,0.0,0.0,0.0,0.0,0.0,0.0,0.0,0.0,0.0,0.0,0.0,0.0,0.0,0.0,0.0,0.0,0.0,0.0,0.0,0.0,0.0,0.0,0.0,0.0,0.0,1142.058,957.8252692398223,-1729.713616020735,6000.0,1200.0,3.0,74.18440560929075,180.73415246202512,106.54974685273439,7326.572903804168,0.9597281340456963,0.0,414.0784432612654,716.9606250229974,957.8252692398223,6000.0,1000000.0,957.8252692398223,6000.0,430.5593882646766,957.8252692398223,957.8252692398223,6000.0,0.0,1.0,0.0,49.0,5.0,0.0,1.0,49.0,,0.0,5.0,0.0,,1.0,,,,17.399594069558077,43.906753648171275,0.0,1.0,0.0,,1.0,0.0,1.0,5.0,4.0,0.0,0.0,,11.0,398.31595148412504,49.0,0.0,114.6587729382689,28.0,398.31595148412504,,,,,0.0,0.0,,,,,,,,,,,,,0.0,957.8252692398223,4943.952775784221,0.0,957.8252692398223,6000.0,447.9589823342347,957.8252692398223,957.8252692398223,4943.952775784221,1.0,0.0,0.0,,,,30.0,237.6871019776509,11.884355098882546,0.0,430.5593882646766,0.0,1.0,0.0,1.0,1.0,1.0,1.0,0.0,0.0,0.0,0.0,0.0,430.5593882646766,180.73415246202512,0.0,1.0,0.0,447.9589823342347,182.5218859580088,182.5218859580088,0.0,1.0,0.0,1.0,1.0,21.527969413233834,1.0,0.0,1.0,0.0,0.0,1.0,430.5593882646766,1.0,0.0,430.5593882646766,0.0,1.0,418.09840521031373,14042.0,14042.0,14042.0,5750.25,5750.25,5750.25,4093.6,4093.6,4093.6,3.0,23885.85,23885.85,23885.85,957.8252692398223,6000.0,0.0,0.0,220.0,0.0,11.532559109605941,1.0,0.0,11.532559109605941,0.5766279554802971,0.5,0.002180229290250748,0.0,1.090114645125374,-1729.713616020735,2860.6072399068325,-3315.000000000001,37566.666666666664,-22100.000000000004,5635.000000000001,,,,,,,,,,-787.9593285082997,1.0,8083.020833333332,-5253.062190055331,1212.453125,1.0,,,,,4093.6,1200.0,6000.0,3070.0244924625185,0.49899212929737,0.5010078707026301,4562.072222222222,430.5593882646766,418.09840521031373,1.0,0.0,957.8252692398223,0.0,6000.0,1.0,1.0,1.0,1.0,430.5593882646766,957.8252692398223,6000.0,1.0,0.0,180.73415246202512,60.24471748734171,957.8252692398223,0.0,87.61166666666665,957.8252692398223,6000.0,51.95692643481455,1.0,0.0,0.0,-38.232362918981835,60.24471748734171,3.0,,,,,,,,,,,,,,6.0,0.0,1.0,0.37267080745341613,0.1251907556147489,0.25,0.0,1.0,0.03253279320987654,0.37267080745341613,0.0,957.8252692398223,6000.0,957.8252692398223,6000.0,430.5593882646766,957.8252692398223,957.8252692398223,6000.0,0.0,1.0,0.0,1.0,0.0,0.0,,,7326.572903804168,0.0,430.5593882646766,0.0,5.0,0.002180229290250748,0.0,957.8252692398223,957.8252692398223,6385.501794932148,0.05554543899425124,-0.0661960632793056,0.007238094683871228,1.110115899574155,1.7519987659017613,6.0,1.0,56.0,62.0,56.0,44.0,44.0,6.0,1.0,6.0,0.0,0.0,395.6026411376466,0.0,0.3662018535859488,395.6026411376466,395.96884299123246,0.0,395.6026411376466,0.0,9.74244033265336,395.6026411376466,385.8602008049932,0.0,395.6026411376466,0.0,0.18055253571708363,395.6026411376466,395.42208860192943,0.0,395.6026411376466,0.0,10.23230703388117,395.6026411376466,385.3703341037654,0.0,-0.001913150204804784,0.032816426154173704,-0.001517187529547949,0.03507333447850257,1.0,1500.0,1500.0,1500.0,1500.0,,,0.0,-0.0069255099463749305,-0.004206855550432209,6.311049983551698e-05,0.013154921074113446,0.00025253735846888505,0.0,-0.05512724891354601,-0.08791175410242466,0.15653851008979913,0.09546882705080861,0.1354682404475561,0.2519673715988027,0.009408921848451967,0.0,0.051097640403548895,0.0,1.0,90.0,90.0,90.0,80.0,90.0,90.0,70.0,90.0,80.0,80.0,80.0,70.0,80.0,90.0,90.0,90.0,0.0,0.0,0.0,0.0,0.0,1.0,0.0,,857.0,0.2397362055766648,0.0,0.0,0.0,,0.0,,0.0,,0.0,0.0,0.0,1.0,0.0,0.0,0.0,0.0,,0.0,,957.8252692398223,0.0,957.8252692398223,104.0,180.73415246202512,184.02198056363852,0.0,3.0,4.603340500005288,957.8252692398223,51.0,1.0,,,70.0,59.0,,,,,,,,,1.0,1.0,56.0,56.0,62.0,50.0,56.0,56.0,38.0,74.0,38.0,74.0,0.0,0.0,0.0,0.0,0.0,1500.0,1500.0,1500.0,1500.0,25,4680.0,70.0,90.0,90.0,90.0,80.0,90.0,90.0,70.0,90.0,50.0,50.0,80.0,50.0,50.0,80.0,90.0,90.0,90.0
847.4603616717644,6000.0,0.0,0.0,0.0,0.0,0.0,0.0,0.0,0.0,0.0,0.0,0.0,0.0,0.0,0.0,0.0,0.0,0.0,0.0,0.0,0.0,0.0,0.0,0.0,0.0,0.0,0.0,0.0,0.0,0.0,0.0,0.0,0.0,0.0,0.0,0.0,0.0,0.0,0.0,0.0,0.0,0.0,0.0,0.0,0.0,0.0,0.0,0.0,0.0,0.0,0.0,0.0,0.0,0.0,0.0,0.0,0.0,0.0,0.0,0.0,0.0,0.0,0.0,0.0,0.0,0.0,0.0,0.0,0.0,0.0,0.0,0.0,0.0,0.0,0.0,0.0,0.0,0.0,0.0,0.0,0.0,0.0,0.0,0.0,0.0,0.0,0.0,0.0,0.0,0.0,0.0,0.0,0.0,1142.058,847.4603616717644,-1635.224925411192,4231.427777777778,1200.0,3.0,73.69480659288779,188.70212704503297,115.00732045214517,8149.292696153429,0.9624964000273333,0.0,423.7459145778552,720.2111355465341,847.4603616717644,4231.427777777778,0.0,847.4603616717644,4231.427777777778,483.4793600276496,847.4603616717644,847.4603616717644,4231.427777777778,1.0,0.0,0.0,49.0,4.0,0.0,1.0,49.0,,0.0,4.0,0.0,,1.0,,,,2.7940678899823297,89.56636444810692,0.0,1.0,0.0,,1.0,0.0,1.0,4.0,4.0,0.0,0.0,,0.0,442.01320402532906,49.0,0.0,100.7105545568088,13.0,442.01320402532906,,,,,0.0,0.0,,,,,,,,,,,,,0.0,847.4603616717644,4231.427777777778,13.0,-1635.224925411192,4231.427777777778,486.2734279176319,847.4603616717644,847.4603616717644,4231.427777777778,1.0,0.0,0.0,,,,30.0,967.9308188250886,48.396540941254436,0.0,573.0457244757565,0.0,1.0,0.0,1.0,1.0,1.0,1.0,0.0,0.0,0.0,0.0,0.0,573.0457244757565,188.70212704503297,0.0,0.0,0.0,483.4793600276496,191.3744593587831,191.3744593587831,0.0,1.0,89.56636444810692,0.0,1.0,28.652286223787826,1.0,0.0,1.0,0.0,0.0,1.0,573.0457244757565,1.0,0.0,573.0457244757565,0.0,1.0,524.1392595574989,14042.0,14042.0,14042.0,5750.25,5750.25,5750.25,4093.6,4093.6,4093.6,3.0,23885.85,23885.85,23885.85,847.4603616717644,4231.427777777778,0.0,0.0,220.0,0.0,10.198479540062408,1.0,0.0,10.198479540062408,0.5099239770031204,0.5,0.007926163862937237,0.0,3.9630819314686185,-1635.224925411192,3005.3719499626477,-3049.714166666667,37566.666666666664,-20331.42777777778,5635.000000000001,,,,,,,,,,-669.9874308135209,1.0,8072.881944444445,-4466.582872090138,1210.932291666667,1.0,,,,,4093.6,1200.0,4231.427777777778,1988.3674337618547,0.5971673952213759,0.4028326047786242,4231.427777777778,573.0457244757565,524.1392595574989,1.0,0.0,847.4603616717644,1.0,4231.427777777778,1.0,1.0,1.0,1.0,573.0457244757565,847.4603616717644,6000.0,1.0,0.0,188.70212704503297,62.90070901501099,847.4603616717644,0.0,141.03761372566896,847.4603616717644,6000.0,55.66215046260242,1.0,0.0,0.0,-32.499127045636016,62.90070901501099,3.0,,,,,,,,,,,,,,6.0,0.0,1.0,0.37267080745341613,0.4056085432227696,0.25,0.0,1.0,0.009571373456790126,0.4056085432227696,0.0,847.4603616717644,4231.427777777778,847.4603616717644,4231.427777777778,573.0457244757565,847.4603616717644,847.4603616717644,4231.427777777778,0.0,1.0,0.0,1.0,0.0,0.0,,,8149.292696153429,0.0,573.0457244757565,0.0,5.0,0.007926163862937237,0.0,847.4603616717644,847.4603616717644,5649.735744478428,0.1314381564200421,-0.013138402304965963,0.06314213252455744,-0.30928677070394733,-0.2827994150955405,6.0,1.0,56.0,62.0,56.0,38.0,38.0,7.0,1.0,6.0,0.0,0.0,410.14848773427923,0.0,1.2617070244946262,410.14848773427923,411.4101947587739,0.0,410.14848773427923,0.0,1.6074939655386515,410.14848773427923,411.7559816998179,0.0,410.14848773427923,0.0,1.8840441792692673,410.14848773427923,412.0325319135485,0.0,410.14848773427923,0.0,2.0536985182932312,410.14848773427923,412.20218625257246,0.0,-0.0042056900816489435,-0.005358313218462172,-0.0062801472642308905,-0.006845661727644104,1.0,1500.0,1500.0,1500.0,1500.0,,,0.0,-0.008768854642738688,-0.008206262359393791,0.0002949566033855433,0.01024226271471207,0.00025625007064427057,0.00037628893261434373,-0.04711700617825727,-0.1234542213274896,-0.15458847453186914,-0.021327953051324754,-0.14596590080521246,-0.10834009690495244,0.006981237308369259,0.0,0.0,0.0,1.0,90.0,90.0,90.0,80.0,90.0,90.0,70.0,90.0,50.0,80.0,50.0,50.0,80.0,90.0,90.0,90.0,0.0,0.0,0.0,0.0,0.0,1.0,0.0,,952.0,0.21685557015372603,0.0,0.0,0.0,,0.0,,0.0,,0.0,0.0,0.0,1.0,0.0,0.0,0.0,0.0,,0.0,,847.4603616717644,0.0,847.4603616717644,160.0,188.70212704503297,192.69907337025353,0.0,2.0,5.038196499997866,847.4603616717644,51.0,1.0,,,69.0,59.0,,,,,,,,,1.0,1.0,51.0,61.0,62.0,50.0,56.0,56.0,44.0,68.0,44.0,68.0,0.0,0.0,0.0,0.0,0.0,1500.0,1500.0,1500.0,1500.0,26,4860.0,70.0,90.0,90.0,90.0,80.0,90.0,90.0,70.0,100.0,80.0,100.0,80.0,100.0,100.0,80.0,90.0,90.0,90.0
897.445425528375,6000.0,0.0,0.0,0.0,0.0,0.0,0.0,0.0,0.0,0.0,0.0,0.0,0.0,0.0,0.0,0.0,0.0,0.0,0.0,0.0,0.0,0.0,0.0,0.0,0.0,0.0,0.0,0.0,0.0,0.0,0.0,0.0,0.0,0.0,0.0,0.0,0.0,0.0,0.0,0.0,0.0,0.0,0.0,0.0,0.0,0.0,0.0,0.0,0.0,0.0,0.0,0.0,0.0,0.0,0.0,0.0,0.0,0.0,0.0,0.0,0.0,0.0,0.0,0.0,0.0,0.0,0.0,0.0,0.0,0.0,0.0,0.0,0.0,0.0,0.0,0.0,0.0,0.0,0.0,0.0,0.0,0.0,0.0,0.0,0.0,0.0,0.0,0.0,0.0,0.0,0.0,0.0,0.0,1142.058,897.445425528375,-1751.1679762361605,6000.0,1200.0,3.0,73.17185538966017,196.9757025260093,123.80384713634913,7692.607381691197,0.9656926721879571,0.0,720.7396082657474,1013.3657168871783,897.445425528375,6000.0,1000000.0,897.445425528375,6000.0,474.7117066886703,897.445425528375,897.445425528375,6000.0,0.0,1.0,0.0,49.0,5.0,0.0,1.0,49.0,,0.0,5.0,0.0,,1.0,,,,30.196451157250408,54.717181288390805,0.0,1.0,0.0,,1.0,0.0,1.0,5.0,4.0,0.0,0.0,,13.0,440.0487154986235,49.0,0.0,114.53179324334081,30.0,440.0487154986235,,,,,0.0,0.0,,,,,,,,,,,,,0.0,897.445425528375,4688.3968981377575,0.0,897.445425528375,6000.0,504.9081578459207,897.445425528375,897.445425528375,4688.3968981377575,1.0,0.0,0.0,,,,30.0,323.3674713535883,16.168373567679417,0.0,474.7117066886703,0.0,1.0,0.0,1.0,1.0,1.0,1.0,0.0,0.0,0.0,0.0,0.0,474.7117066886703,196.9757025260093,0.0,1.0,0.0,504.9081578459207,200.20080943309324,200.20080943309324,0.0,1.0,0.0,1.0,1.0,23.735585334433516,1.0,0.0,1.0,0.0,0.0,1.0,474.7117066886703,1.0,0.0,474.7117066886703,0.0,1.0,455.7153987689039,14042.0,14042.0,14042.0,5750.25,5750.25,5750.25,4093.6,4093.6,4093.6,3.0,23885.85,23885.85,23885.85,897.445425528375,6000.0,0.0,0.0,220.0,0.0,56.558687041739134,1.0,0.0,56.558687041739134,2.827934352086957,0.5,0.009510823584811092,0.0,4.755411792405546,-1751.1679762361605,2857.6884165804004,-3315.000000000001,37566.666666666664,-22100.000000000004,5635.000000000001,,,,,,,,,,-822.1588532081362,1.0,8052.002314814814,-5481.059021387574,1207.8003472222222,1.0,,,,,4093.6,1200.0,6000.0,1805.3861656698095,0.5670777184262161,0.43292228157378393,4562.072222222222,474.7117066886703,455.7153987689039,1.0,0.0,897.445425528375,0.0,6000.0,1.0,1.0,1.0,1.0,474.7117066886703,897.445425528375,6000.0,1.0,0.0,196.9757025260093,65.65856750866976,897.445425528375,0.0,87.85472222222221,897.445425528375,6000.0,58.419094750743696,1.0,0.0,0.0,-31.641569250683858,65.65856750866976,3.0,,,,,,,,,,,,,,6.0,0.0,1.0,0.37267080745341613,0.1285618394959096,0.25,0.0,1.0,0.03253279320987654,0.37267080745341613,0.0,897.445425528375,6000.0,897.445425528375,6000.0,474.7117066886703,897.445425528375,897.445425528375,6000.0,0.0,1.0,0.0,1.0,0.0,0.0,,,7692.607381691197,0.0,474.7117066886703,0.0,5.0,0.009510823584811092,0.0,897.445425528375,897.445425528375,5982.9695035224995,-0.04634505331975991,0.04961457591392481,0.016597999864440476,0.3692387242989489,0.6907769744560707,6.0,1.0,51.0,62.0,56.0,44.0,44.0,8.0,1.0,6.0,0.0,0.0,464.40376919267385,0.0,0.3879183462341871,464.40376919267385,464.79168753890804,0.0,464.40376919267385,0.0,7.474792173807259,464.40376919267385,456.9289770188666,0.0,464.40376919267385,0.0,0.30954349280932547,464.40376919267385,464.7133126854831,0.0,464.40376919267385,0.0,30.048957584385562,464.40376919267385,434.35481160828834,0.0,-0.0015172251822014242,0.025500393321301804,-0.0024641836674134036,0.09858241350073156,1.0,1500.0,1500.0,1500.0,1500.0,,,0.0,-0.0026566050243758354,-0.0019037465304556633,0.00020878923950498062,0.0023842128615306993,-0.00046461653447238405,0.0,-0.058431303031683514,0.1,0.1,0.3078906956584063,0.1,0.1,0.3668710375576747,0.02798563736338906,0.14581002407386484,0.0,1.0,90.0,90.0,90.0,80.0,90.0,90.0,70.0,100.0,100.0,80.0,100.0,100.0,80.0,90.0,90.0,90.0,0.0,0.0,0.0,0.0,0.0,1.0,0.0,,920.0,0.1667988991076082,0.0,0.0,0.0,,0.0,,0.0,,0.0,0.0,0.0,1.0,0.0,0.0,0.0,0.0,,0.0,,897.445425528375,0.0,897.445425528375,136.0,196.9757025260093,200.45737009812365,0.0,3.0,4.830182300007436,897.445425528375,51.0,1.0,,,70.0,66.0,,,,,,,,,1.0,1.0,51.0,61.0,62.0,50.0,56.0,56.0,38.0,74.0,38.0,74.0,0.0,0.0,0.0,0.0,0.0,1500.0,1500.0,1500.0,1500.0,27,5040.0,70.0,90.0,90.0,90.0,80.0,90.0,90.0,70.0,90.0,50.0,90.0,50.0,90.0,80.0,50.0,90.0,50.0,90.0
846.8800493083189,5585.2168938783025,0.0,0.0,0.0,0.0,0.0,0.0,0.0,0.0,0.0,0.0,0.0,0.0,0.0,0.0,0.0,0.0,0.0,0.0,0.0,0.0,0.0,0.0,0.0,0.0,0.0,0.0,0.0,0.0,0.0,0.0,0.0,0.0,0.0,0.0,0.0,0.0,0.0,0.0,0.0,0.0,0.0,0.0,0.0,0.0,0.0,0.0,0.0,0.0,0.0,0.0,0.0,0.0,0.0,0.0,0.0,0.0,0.0,0.0,0.0,0.0,0.0,0.0,0.0,0.0,0.0,0.0,0.0,0.0,0.0,0.0,0.0,0.0,0.0,0.0,0.0,0.0,0.0,0.0,0.0,0.0,0.0,0.0,0.0,0.0,0.0,0.0,0.0,0.0,0.0,0.0,0.0,0.0,1142.058,846.8800493083189,-1746.8404126369264,6000.0,1200.0,3.0,72.7911146705654,204.90445360601683,132.11333893545142,7967.965915898389,0.966390810217332,0.0,792.0243702793723,1081.3540614292947,846.8800493083189,5585.2168938783025,32.0,-1169.8435447834847,5700.0,501.5132379514745,846.8800493083189,846.8800493083189,5585.2168938783025,1.0,0.0,0.0,49.0,5.0,0.0,1.0,49.0,0.0,0.0,5.0,0.0,1.0,1.0,533.9647723514843,-1169.8435447834847,5700.0,13.847533688031149,170.19565652961614,0.0,1.0,0.0,1.0,1.0,0.0,1.0,5.0,4.0,0.0,0.0,846.8800493083189,15.0,465.9011394276732,49.0,0.0,123.11913239756092,32.0,465.9011394276732,-1169.8435447834847,5700.0,846.8800493083189,5585.2168938783025,0.0,0.0,,,,,,,,,,,,,0.0,846.8800493083189,5607.894235052674,16.0,-1746.8404126369264,5750.0,515.3607716395056,846.8800493083189,846.8800493083189,5607.894235052674,1.0,0.0,0.0,-1169.8435447834847,5700.0,1.0,30.0,440.6966116458153,22.034830582290766,0.0,671.7088944810906,0.0,1.0,0.0,1.0,1.0,1.0,1.0,0.0,0.0,0.0,0.0,0.0,671.7088944810906,205.32126304109596,0.0,0.0,0.0,501.5132379514745,204.90445360601683,204.90445360601683,0.0,1.0,170.19565652961614,0.0,0.0,33.58544472405453,0.0,0.0,0.0,0.0,0.0,0.0,671.7088944810906,1.0,0.0,671.7088944810906,0.0,1.0,477.36602335885425,14042.0,14042.0,14042.0,5750.25,5750.25,5750.25,4093.6,4093.6,4093.6,3.0,23885.85,23885.85,23885.85,-1169.8435447834847,5700.0,1.0,0.0,220.0,0.0,42.24768020658907,1.0,0.0,42.24768020658907,2.1123840103294533,0.5,0.0,0.0,0.0,-1746.8404126369264,2869.1345301906076,-3315.000000000001,37566.666666666664,-22100.000000000004,5635.000000000001,0.15000000000000002,0.0,997.9089702269397,423.9819415496669,997.9089702269397,423.9819415496669,1.0,1.0,0.0,-807.3607210254467,1.0,8080.752314814816,-5382.40480683631,1212.1128472222226,1.0,-1169.8435447834847,0.0,0.0,-1169.8435447834847,4093.6,1200.0,6000.0,2850.0,0.5464531765125785,0.4535468234874215,4236.288888888889,501.5132379514745,477.36602335885425,1.0,,846.8800493083189,,6000.0,1.0,,1.0,1.0,671.7088944810906,,,0.0,0.0,204.90445360601683,68.30148453533894,846.8800493083189,0.0,143.31146362808568,846.8800493083189,5585.2168938783025,61.08328835853545,1.0,0.0,0.0,-32.51985984024316,68.44042101369865,3.0,-2016.7235940918035,-2016.7235940918035,114.78310612169753,1.0,1.0,1.0,0.0,0.0,0.0,0.0,0.0,0.0,1.0,6.0,0.0,1.0,0.37267080745341613,0.3746470632712613,0.25,0.0,1.0,0.009908950617283951,0.3746470632712613,0.0,846.8800493083189,5585.2168938783025,-1169.8435447834847,5700.0,501.5132379514745,846.8800493083189,846.8800493083189,5585.2168938783025,1.0,0.0,0.0,0.0,0.0,0.0,-1169.8435447834847,5700.0,7967.965915898389,0.0,501.5132379514745,1.0,1.0,0.000443502823760389,0.0,-1169.8435447834847,846.8800493083189,5645.866995388792,0.0011367711364463906,-0.013484879064787209,0.04111301285964627,-0.2624226434784716,-0.13652721301323645,6.0,1.0,51.0,62.0,56.0,38.0,38.0,9.0,1.0,6.0,0.0,0.0,444.50174879858116,0.0,1.6555701693088167,444.50174879858116,446.15731896789,0.0,444.50174879858116,0.0,0.5655150774927051,444.50174879858116,445.06726387607387,0.0,444.50174879858116,0.0,2.6487730175492743,444.50174879858116,447.1505218161304,0.0,444.50174879858116,0.0,1.0129648574236398,444.50174879858116,445.51471365600474,0.0,-0.0055185672310293895,-0.001885050258309017,-0.008829243391830725,-0.0033765495247452767,1.0,1500.0,1500.0,1500.0,1500.0,1.0,1.0,0.0,-0.0074684593325375906,-0.0022942710770173843,-0.0037038741991885617,-0.0031141602318307095,-0.0003526269213487865,0.0002674141828062915,-0.040522610495149186,-0.13052664272091832,-0.002053881534947166,-0.10234594561748481,0.0007358533423794001,0.004489255757808763,0.024015459086120926,-0.013807242696869792,0.12761584978277937,0.008070022675751787,1.0,90.0,90.0,90.0,80.0,90.0,90.0,70.0,90.0,90.0,50.0,90.0,80.0,50.0,90.0,50.0,90.0,0.0,0.0,0.0,0.0,0.0,1.0,0.0,0.0,304.0,0.1368579688172546,0.0,1.0,997.9089702269397,846.8800493083189,423.9819415496669,846.8800493083189,-1169.8435447834847,-1169.8435447834847,0.0,0.0,0.0,1.0,0.0,0.0,0.0,567.4636987189851,846.8800493083189,-1737.3072435024699,846.8800493083189,846.8800493083189,-1169.8435447834847,279.4163505893338,144.0,204.90445360601683,208.90591670923382,0.0,2.0,2.0840200999955414,846.8800493083189,51.0,1.0,3000.0,2585.2168938783025,70.0,66.0,0.65,,2.492472491707356,,3000.0,2585.2168938783025,3000.0,3000.0,,,51.0,61.0,62.0,50.0,56.0,56.0,44.0,68.0,44.0,68.0,0.0,0.0,0.0,0.0,0.0,1500.0,1292.6084469391512,1500.0,1292.6084469391512,28,5220.0,70.0,90.0,90.0,90.0,80.0,90.0,90.0,70.0,100.0,50.0,90.0,70.0,90.0,80.0,50.0,90.0,50.0,90.0
864.048617641577,6000.0,0.0,0.0,0.0,0.0,0.0,0.0,0.0,0.0,0.0,0.0,0.0,0.0,0.0,0.0,0.0,0.0,0.0,0.0,0.0,0.0,0.0,0.0,0.0,0.0,0.0,0.0,0.0,0.0,0.0,0.0,0.0,0.0,0.0,0.0,0.0,0.0,0.0,0.0,0.0,0.0,0.0,0.0,0.0,0.0,0.0,0.0,0.0,0.0,0.0,0.0,0.0,0.0,0.0,0.0,0.0,0.0,0.0,0.0,0.0,0.0,0.0,0.0,0.0,0.0,0.0,0.0,0.0,0.0,0.0,0.0,0.0,0.0,0.0,0.0,0.0,0.0,0.0,0.0,0.0,0.0,0.0,0.0,0.0,0.0,0.0,0.0,0.0,0.0,0.0,0.0,0.0,0.0,1142.058,864.048617641577,-1751.8105959191607,6000.0,1200.0,3.0,76.93891921548219,214.81106020669114,137.87214099120894,9444.474111111707,0.9671442969839341,0.0,822.7029329314892,1122.5078190774286,864.048617641577,4834.013796616182,0.0,864.048617641577,6000.0,551.6771967483118,864.048617641577,864.048617641577,4834.013796616182,1.0,0.0,0.0,49.0,5.0,0.0,1.0,49.0,,0.0,5.0,0.0,,1.0,,,,25.373525753928902,316.6760319080521,0.0,1.0,0.0,,1.0,0.0,1.0,5.0,4.0,0.0,0.0,,10.0,485.2705562016506,49.0,0.0,123.11514527723398,27.0,485.2705562016506,,,,,0.0,0.0,,,,,,,,,,,,,0.0,864.048617641577,3927.523863052531,27.0,-1175.5603230704837,4800.0,577.0507225022407,864.048617641577,864.048617641577,3927.523863052531,1.0,0.0,0.0,,,,30.0,1506.6262609694325,75.33131304847163,0.0,868.3532286563639,0.0,1.0,0.0,1.0,1.0,1.0,1.0,0.0,0.0,0.0,0.0,0.0,868.3532286563639,214.81106020669114,0.0,0.0,0.0,551.6771967483118,216.49429562453713,216.49429562453713,0.0,1.0,316.6760319080521,0.0,1.0,43.41766143281819,1.0,0.0,1.0,0.0,0.0,1.0,868.3532286563639,1.0,0.0,868.3532286563639,0.0,1.0,792.0185134041271,14042.0,14042.0,14042.0,5750.25,5750.25,5750.25,4093.6,4093.6,4093.6,3.0,23885.85,23885.85,23885.85,864.048617641577,6000.0,0.0,0.0,220.0,0.0,20.06804407530136,1.0,0.0,20.06804407530136,1.003402203765068,0.5,0.010124768147259456,0.0,5.062384073629728,-1751.8105959191607,2858.1915868702554,-3315.000000000001,37566.666666666664,-22100.000000000004,5635.000000000001,,,,,,,,,,-823.1832271582658,1.0,8057.3495370370365,-5487.888181055105,1208.6024305555557,1.0,,,,,4093.6,1200.0,6000.0,2850.0,0.480668966102697,0.519331033897303,4619.859195758783,868.3532286563639,792.0185134041271,1.0,0.0,864.048617641577,0.0,6000.0,1.0,1.0,1.0,1.0,868.3532286563639,864.048617641577,6000.0,1.0,0.0,214.81106020669114,71.60368673556371,864.048617641577,0.0,305.93434629738294,864.048617641577,6000.0,63.568541113294714,1.0,0.0,0.0,-33.628743068543486,71.60368673556371,3.0,,,,,,,,,,,,,,6.0,0.0,1.0,0.37267080745341613,0.07538770038549214,0.25,0.0,1.0,0.03654577748324888,0.37267080745341613,0.0,864.048617641577,6000.0,864.048617641577,6000.0,868.3532286563639,864.048617641577,864.048617641577,4834.013796616182,0.0,1.0,0.0,1.0,0.0,0.0,,,9444.474111111707,0.0,868.3532286563639,0.0,5.0,0.010124768147259456,0.0,864.048617641577,864.048617641577,5760.324117610513,-0.02756400584547995,0.05351358871723555,0.03131515058024341,0.05092426490736232,-0.6222202011305079,6.0,1.0,51.0,62.0,56.0,44.0,44.0,10.0,1.0,6.0,0.0,1.0,461.6809772546088,0.0,0.4630231411836121,461.6809772546088,462.1440003957924,0.0,461.6809772546088,1.0,24.271067561327072,482.07253899600454,465.56048307454023,1.0,461.6809772546088,0.0,0.915120900034708,461.6809772546088,462.5960981546436,0.0,461.6809772546088,1.0,28.05294772831553,485.28819900890784,466.1267032286254,1.0,-0.0017340851069788717,0.03186730397724109,-0.003699720631068028,0.0361515535280085,1.0,1500.0,1292.6084469391512,1500.0,1292.6084469391512,,,0.0,-0.006850294221427333,-0.007456921712756425,-0.002843376886731619,-0.010221079855305603,-9.112614080777348e-05,0.0,-0.035777350186066315,0.1,0.03888937530083574,0.28069957771187076,0.02725412243923806,0.044556069017180636,1.396254829650892,0.0,1.5169842313883999,1.2822835424941558e-05,1.0,90.0,90.0,90.0,80.0,90.0,90.0,70.0,100.0,90.0,70.0,90.0,80.0,50.0,90.0,50.0,90.0,0.0,0.0,0.0,0.0,0.0,1.0,0.0,,922.0,0.1368579688172546,0.0,0.0,0.0,,0.0,,0.0,,0.0,0.0,0.0,1.0,0.0,0.0,0.0,0.0,,0.0,,864.048617641577,0.0,864.048617641577,136.0,214.81106020669114,217.99361194730085,0.0,3.0,5.000858699990204,864.048617641577,51.0,1.0,,,70.0,66.0,,,,,,,,,1.0,1.0,51.0,61.0,62.0,50.0,56.0,56.0,50.0,62.0,50.0,62.0,0.0,0.0,0.0,0.0,0.0,1500.0,1500.0,1500.0,1500.0,29,5400.0,70.0,90.0,90.0,90.0,80.0,90.0,90.0,70.0,90.0,50.0,90.0,50.0,90.0,80.0,50.0,90.0,50.0,90.0
1143.7240096926712,3528.8891985932637,0.0,0.0,0.0,0.0,0.0,0.0,0.0,0.0,0.0,0.0,0.0,0.0,0.0,0.0,0.0,0.0,0.0,0.0,0.0,0.0,0.0,0.0,0.0,0.0,0.0,0.0,0.0,0.0,0.0,0.0,0.0,0.0,0.0,0.0,0.0,0.0,0.0,0.0,0.0,0.0,0.0,0.0,0.0,0.0,0.0,0.0,0.0,0.0,0.0,0.0,0.0,0.0,0.0,0.0,0.0,0.0,0.0,0.0,0.0,0.0,0.0,0.0,0.0,0.0,0.0,0.0,0.0,0.0,0.0,0.0,0.0,0.0,0.0,0.0,0.0,0.0,0.0,0.0,0.0,0.0,0.0,0.0,0.0,0.0,0.0,0.0,0.0,0.0,0.0,0.0,0.0,0.0,1142.058,3227.5095146846625,-1757.3117272522525,4296.01423046773,1200.0,3.0,85.20217798339388,229.97152344249102,144.76934545909714,9735.561328118274,0.9680768401070473,0.0,946.8342445653482,1241.4768789195412,1143.7240096926712,3528.8891985932637,1.0,-1757.3117272522525,4296.01423046773,610.8496346370779,1143.7240096926712,1143.7240096926712,3528.8891985932637,1.0,0.0,0.0,50.0,6.0,1.0,0.0,75.0,0.0,0.0,11.0,1.0,1.0,1.0,613.1114437471655,-1757.3117272522525,4296.01423046773,0.0,673.6640796267806,0.0,1.0,0.0,1.0,1.0,1.0,0.0,6.0,4.0,0.0,0.0,1143.7240096926712,23.0,514.4216430236195,50.0,0.0,111.21608994036592,35.0,514.4216430236195,-1757.3117272522525,4296.01423046773,1143.7240096926712,3528.8891985932637,25.0,5.0,1.0,0.0,1.0,5.0,4.0,12.0,514.4216430236195,25.0,0.0,111.21608994036592,24.0,514.4216430236195,1.0,1143.7240096926712,3528.8891985932637,5.0,1143.7240096926712,4296.01423046773,610.8496346370779,1143.7240096926712,1143.7240096926712,3528.8891985932637,1.0,0.0,0.0,-1757.3117272522525,4296.01423046773,1.0,23.0,138.79339650184073,6.939669825092037,0.0,1284.5137142638584,0.0,1.0,0.0,1.0,1.0,1.0,1.0,0.0,0.0,0.0,0.0,0.0,1284.5137142638584,229.26062541824427,0.0,0.0,0.0,610.8496346370779,229.97152344249102,229.97152344249102,0.0,1.0,673.6640796267806,0.0,0.0,64.22568571319293,0.0,0.0,0.0,0.0,0.0,0.0,1284.5137142638584,1.0,0.0,1284.5137142638584,0.0,1.0,602.8727982261996,14042.0,14042.0,14042.0,5750.25,5750.25,5750.25,4093.6,4093.6,4093.6,3.0,23885.85,23885.85,23885.85,-1757.3117272522525,4296.01423046773,1.0,0.0,220.0,0.0,20.743331715724906,1.0,0.0,20.743331715724906,1.0371665857862453,0.5,0.0,0.0,0.0,-1757.3117272522525,3227.5095146846625,-3059.4021345701603,37566.666666666664,-20396.014230467732,5635.000000000001,0.15000000000000002,0.0,1262.2490307588275,713.018933813657,1262.2490307588275,713.018933813657,1.0,1.0,0.0,-674.7791838831336,1.0,8173.126184486526,-4498.527892554223,1225.9689276729791,1.0,-1757.3117272522525,0.0,0.0,-1757.3117272522525,4093.6,1200.0,4296.01423046773,3313.3370088445376,0.4898094634297831,0.510190536570217,4296.01423046773,610.8496346370779,602.8727982261996,1.0,,1143.7240096926712,,4296.01423046773,1.0,,1.0,1.0,1284.5137142638584,,,0.0,0.0,229.97152344249102,76.65717448083034,1143.7240096926712,0.0,2266.4309190674276,1143.7240096926712,3528.8891985932637,66.77053955465873,1.0,0.0,0.0,-34.850573757236475,76.42020847274809,3.0,-2901.035736944924,-2901.035736944924,767.1250318744665,1.0,1.0,1.0,0.0,0.0,0.0,0.0,0.0,0.0,1.0,6.0,0.0,1.0,0.37267080745341613,0.45396381975491495,0.25,0.0,1.0,0.014056543782481274,0.45396381975491495,0.0,1143.7240096926712,3528.8891985932637,-1757.3117272522525,4296.01423046773,610.8496346370779,1143.7240096926712,1143.7240096926712,3528.8891985932637,1.0,0.0,0.0,0.0,0.0,0.0,-1757.3117272522525,4296.01423046773,9735.561328118274,0.0,610.8496346370779,1.0,1.0,0.00012408748948015182,0.0,-1757.3117272522525,1143.7240096926712,7624.826731284474,0.011083804511732336,-0.017825869351095827,0.027947514806060766,0.22693084201562583,0.5929129909765477,6.0,1.0,51.0,62.0,56.0,50.0,50.0,11.0,1.0,6.0,0.0,0.0,554.5290309124291,0.0,1.2998513016414108,554.5290309124291,555.8288822140704,0.0,554.5290309124291,0.0,8.226956428466337,554.5290309124291,546.3020744839628,0.0,554.5290309124291,0.0,0.13172319888735728,554.5290309124291,554.6607541113166,0.0,554.5290309124291,0.0,29.72851681544853,554.5290309124291,524.8005140969805,0.0,-0.004332837672137657,0.027423188094887793,-0.000441009306915016,0.09909505605149548,1.0,1500.0,1500.0,1500.0,1500.0,1.0,0.65,0.0,0.002703994416518185,0.005756887977048208,0.0005188683755772416,0.0029846131840741918,3.2009770748686606e-05,0.0,-0.07386985655588915,-0.08988028122004045,0.02843799885001488,0.03191246762896044,0.0004657901662564967,0.024100568216847407,0.022181800942142615,0.0009276876187684025,-0.025608948900524106,4.1918436383525656e-05,1.0,90.0,90.0,90.0,80.0,90.0,90.0,70.0,90.0,90.0,50.0,90.0,80.0,50.0,90.0,50.0,90.0,0.0,0.0,0.0,0.0,0.0,1.0,0.0,0.0,295.0,0.11591935337301935,0.0,1.0,1262.2490307588275,1143.7240096926712,713.018933813657,1143.7240096926712,-1757.3117272522525,-1757.3117272522525,0.0,0.0,0.0,1.0,0.0,0.0,0.0,850.3264580499497,1143.7240096926712,-2607.638185302202,1143.7240096926712,1143.7240096926712,-1757.3117272522525,293.3975516427215,136.0,229.97152344249102,233.71269984352975,0.0,2.0,2.2502886000002036,1143.7240096926712,51.0,1.0,2104.2284251121114,2191.785805355619,70.0,66.0,,0.65,,1.8518535609735314,2104.2284251121114,1424.6607734811523,3000.0,750.0,,,51.0,61.0,62.0,50.0,56.0,56.0,50.0,62.0,56.0,56.0,0.0,0.0,0.0,0.0,0.0,1052.1142125560557,712.3303867405762,1052.1142125560557,712.3303867405762,30,5580.0,70.0,90.0,90.0,90.0,80.0,90.0,90.0,70.0,90.0,50.0,90.0,50.0,90.0,80.0,50.0,90.0,50.0,90.0
893.4610841400122,6000.0,0.0,0.0,0.0,0.0,0.0,0.0,0.0,0.0,0.0,0.0,0.0,0.0,0.0,0.0,0.0,0.0,0.0,0.0,0.0,0.0,0.0,0.0,0.0,0.0,0.0,0.0,0.0,0.0,0.0,0.0,0.0,0.0,0.0,0.0,0.0,0.0,0.0,0.0,0.0,0.0,0.0,0.0,0.0,0.0,0.0,0.0,0.0,0.0,0.0,0.0,0.0,0.0,0.0,0.0,0.0,0.0,0.0,0.0,0.0,0.0,0.0,0.0,0.0,0.0,0.0,0.0,0.0,0.0,0.0,0.0,0.0,0.0,0.0,0.0,0.0,0.0,0.0,0.0,0.0,0.0,0.0,0.0,0.0,0.0,0.0,0.0,0.0,0.0,0.0,0.0,0.0,0.0,1142.058,893.4610841400122,-1767.79815031801,6000.0,1200.0,3.0,82.67233297504512,234.51287866343537,151.84054568839025,9591.169300231228,0.9703610186573648,0.0,1010.3401036588825,1333.0584262407774,893.4610841400122,5250.0,11.0,-1767.79815031801,5250.0,572.3579616826623,893.4610841400122,893.4610841400122,5250.0,1.0,0.0,0.0,49.0,4.0,0.0,1.0,49.0,,0.0,4.0,0.0,,1.0,,,,0.7659034920787917,244.9615250977272,0.0,1.0,0.0,,1.0,0.0,1.0,4.0,4.0,0.0,0.0,,11.0,525.229867429358,49.0,0.0,148.2980433668963,27.0,525.229867429358,,,,,0.0,0.0,,,,,,,,,,,,,0.0,893.4610841400122,5250.0,27.0,-1185.7802302474274,5250.0,573.1238651747411,893.4610841400122,893.4610841400122,5250.0,1.0,0.0,0.0,,,,16.0,1130.878307821452,56.5439153910726,0.0,817.3194867803895,0.0,1.0,0.0,1.0,1.0,1.0,1.0,0.0,0.0,0.0,0.0,0.0,817.3194867803895,234.51287866343537,0.0,0.0,0.0,572.3579616826623,236.60167106418896,236.60167106418896,0.0,1.0,244.9615250977272,0.0,1.0,40.86597433901948,1.0,0.0,1.0,0.0,0.0,1.0,817.3194867803895,1.0,0.0,817.3194867803895,0.0,1.0,760.5607972857827,14042.0,14042.0,14042.0,5750.25,5750.25,5750.25,4093.6,4093.6,4093.6,3.0,23885.85,23885.85,23885.85,893.4610841400122,6000.0,0.0,0.0,220.0,0.0,4.295482070686958,1.0,0.0,4.295482070686958,0.21477410353434792,0.5,0.022271806985319893,0.0,11.135903492659947,-1767.79815031801,2888.3452102466504,-3315.000000000001,37566.666666666664,-22100.000000000004,5635.000000000001,,,,,,,,,,-848.6683386257379,1.0,8377.793983479249,-5657.788924171585,1256.6690975218876,1.0,,,,,4093.6,1200.0,6000.0,4275.0,0.536333261814514,0.46366673818548604,6000.0,817.3194867803895,760.5607972857827,1.0,0.0,893.4610841400122,0.0,6000.0,1.0,1.0,1.0,1.0,817.3194867803895,893.4610841400122,6000.0,1.0,0.0,234.51287866343537,78.17095955447846,893.4610841400122,0.0,658.3204331453867,893.4610841400122,6000.0,70.36436709177723,1.0,0.0,0.0,-37.40730008448082,78.17095955447846,3.0,,,,,,,,,,,,,,6.0,0.0,1.0,0.37267080745341613,0.0,0.25,0.0,1.0,0.1612444498607154,0.37267080745341613,0.0,893.4610841400122,6000.0,-1767.79815031801,5250.0,817.3194867803895,893.4610841400122,893.4610841400122,5250.0,0.0,1.0,0.0,1.0,0.0,0.0,,,9591.169300231228,0.0,817.3194867803895,0.0,5.0,0.022271806985319893,0.0,893.4610841400122,893.4610841400122,5956.407227600081,0.006052230480136034,0.055241456482195105,0.07123735631475887,-0.3245405510612235,-0.11429440628718919,6.0,1.0,51.0,62.0,56.0,50.0,56.0,12.0,1.0,6.0,0.0,0.0,569.4577549004201,0.0,0.31780818314223325,560.6603426682809,578.5729753157016,0.0,569.4577549004201,0.0,1.2404770749697036,560.7953853302705,579.3606015455395,0.0,569.4577549004201,0.0,0.3444407922340815,558.2993343172337,580.2717346913724,0.0,569.4577549004201,0.0,0.992266868057186,559.0462264431367,580.8615502257609,0.0,-0.026991969969232532,-0.02446375065772042,-0.03294575603314822,-0.029070408460245868,1.0,1052.1142125560557,712.3303867405762,1052.1142125560557,712.3303867405762,,,0.0,-0.004333389399002029,-0.009167072353887208,0.0011707577345195126,-0.016547997384881087,0.0,-0.0015742999520522716,0.0032639751250293607,0.008548223986787208,-0.008678817297234432,-0.1395638382976827,-0.005192523540585015,-0.02610552334066654,-0.1581782542354972,7.833546596458524e-05,-0.1644721766844576,8.10807051152549e-06,1.0,90.0,90.0,90.0,80.0,90.0,90.0,70.0,90.0,90.0,50.0,90.0,80.0,50.0,90.0,50.0,90.0,0.0,1.0,0.0,1.0,0.0,1.0,0.0,,933.0,0.11591935337301935,0.0,0.0,0.0,,0.0,,0.0,,0.0,0.0,0.0,1.0,0.0,0.0,0.0,0.0,,0.0,,893.4610841400122,0.0,893.4610841400122,136.0,234.51287866343537,236.98129033373647,0.0,3.0,5.220574499995564,893.4610841400122,51.0,1.0,,,70.0,66.0,,,,,,,,,1.0,1.0,51.0,61.0,56.0,56.0,56.0,56.0,56.0,56.0,62.0,50.0,0.0,0.0,0.0,0.0,0.0,1500.0,1500.0,1500.0,1500.0,31,5760.0,70.0,90.0,90.0,90.0,80.0,90.0,90.0,70.0,90.0,80.0,90.0,100.0,90.0,80.0,100.0,90.0,100.0,90.0
1088.5868271906795,6000.0,0.0,0.0,0.0,0.0,0.0,0.0,0.0,0.0,0.0,0.0,0.0,0.0,0.0,0.0,0.0,0.0,0.0,0.0,0.0,0.0,0.0,0.0,0.0,0.0,0.0,0.0,0.0,0.0,0.0,0.0,0.0,0.0,0.0,0.0,0.0,0.0,0.0,0.0,0.0,0.0,0.0,0.0,0.0,0.0,0.0,0.0,0.0,0.0,0.0,0.0,0.0,0.0,0.0,0.0,0.0,0.0,0.0,0.0,0.0,0.0,0.0,0.0,0.0,0.0,0.0,0.0,0.0,0.0,0.0,0.0,0.0,0.0,0.0,0.0,0.0,0.0,0.0,0.0,0.0,0.0,0.0,0.0,0.0,0.0,0.0,0.0,0.0,0.0,0.0,0.0,0.0,0.0,1142.058,1088.5868271906795,-1746.947512964527,6000.0,1200.0,3.0,86.84654442027727,245.96378475423177,159.1172403339545,10634.756880741172,0.9727368041289197,0.0,1057.8347260145542,1427.8533270699563,1088.5868271906795,4167.651731945727,9.0,-1746.947512964527,5000.0,622.3549923001328,1088.5868271906795,1088.5868271906795,4167.651731945727,1.0,0.0,0.0,49.0,5.0,0.0,1.0,49.0,,0.0,5.0,0.0,,1.0,,,,27.68912967872984,622.4578031987344,0.0,1.0,0.0,,1.0,0.0,1.0,5.0,4.0,0.0,0.0,,9.0,534.5116370126244,49.0,0.0,141.07536981172882,25.0,534.5116370126244,,,,,0.0,0.0,,,,,,,,,,,,,0.0,1088.5868271906795,3804.947568806668,0.0,1088.5868271906795,6000.0,650.0441219788627,1088.5868271906795,1088.5868271906795,3804.947568806668,1.0,0.0,0.0,,,,15.0,1780.8970765003855,89.04485382501929,0.0,1244.8127954988672,0.0,1.0,0.0,1.0,1.0,1.0,1.0,0.0,0.0,0.0,0.0,0.0,1244.8127954988672,245.96378475423177,0.0,0.0,0.0,622.3549923001328,249.52883154551944,249.52883154551944,0.0,1.0,622.4578031987344,0.0,1.0,62.24063977494336,1.0,0.0,1.0,0.0,0.0,1.0,1244.8127954988672,1.0,0.0,1244.8127954988672,0.0,1.0,1155.7679416738479,14042.0,14042.0,14042.0,5750.25,5750.25,5750.25,4093.6,4093.6,4093.6,3.0,23885.85,23885.85,23885.85,1088.5868271906795,6000.0,0.0,0.0,220.0,0.0,0.0,1.0,0.0,0.0,0.0,0.5,0.010468042542694256,0.0,5.234021271347128,-1746.947512964527,2895.3736424719737,-3315.000000000001,37566.666666666664,-22100.000000000004,5635.000000000001,,,,,,,,,,-815.4311840325626,1.0,8452.485573464537,-5436.207893550416,1267.8728360196808,1.0,,,,,4093.6,1200.0,6000.0,5630.976907706651,0.5243724182547006,0.4756275817452995,6000.0,1244.8127954988672,1155.7679416738479,1.0,0.0,1088.5868271906795,0.0,6000.0,1.0,1.0,1.0,1.0,1244.8127954988672,1088.5868271906795,6000.0,1.0,0.0,245.96378475423177,81.9879282514106,1088.5868271906795,0.0,880.946653585494,1088.5868271906795,6000.0,73.86109753443917,1.0,0.0,0.0,-37.818336058194205,81.9879282514106,3.0,,,,,,,,,,,,,,6.0,0.0,1.0,0.37267080745341613,0.24845769679966945,0.25,0.0,1.0,0.14808429369068954,0.37267080745341613,0.0,1088.5868271906795,6000.0,-1746.947512964527,5000.0,1244.8127954988672,1088.5868271906795,1088.5868271906795,4167.651731945727,0.0,1.0,0.0,1.0,0.0,0.0,,,10634.756880741172,0.0,1244.8127954988672,0.0,5.0,0.010468042542694256,0.0,1088.5868271906795,1088.5868271906795,7257.245514604529,-0.014195668431497518,-0.07446592029426868,-0.03593807970529728,0.006963513670355553,-0.054400311238330445,6.0,1.0,51.0,56.0,56.0,56.0,62.0,13.0,1.0,6.0,0.0,0.0,572.5037034960569,0.0,2.492030651166715,572.5037034960569,570.0116728448902,0.0,572.5037034960569,0.0,15.564934951698433,572.5037034960569,556.9387685443584,0.0,572.5037034960569,0.0,2.621612739288139,572.5037034960569,569.8820907567687,0.0,572.5037034960569,0.0,35.149351850861876,572.5037034960569,537.3543516451952,0.0,0.006531727413671575,0.04000886440971023,0.0028968785537455462,0.09714424465218197,1.0,1500.0,1500.0,1500.0,1500.0,,,0.0,-0.06675155345135231,-0.0008260925752107795,0.0015210555820623028,-0.04570575031576815,0.00133436162415137,0.0,0.008705663310298206,-0.28212849410518076,-0.3093444010675636,0.1,-0.4155164248289236,-0.0021740781149766518,0.1,0.00249136738186273,0.1,0.0,1.0,90.0,90.0,90.0,80.0,90.0,90.0,70.0,90.0,90.0,100.0,90.0,80.0,100.0,90.0,100.0,90.0,0.0,0.0,0.0,0.0,0.0,1.0,0.0,,941.0,0.1088601640707918,0.0,0.0,0.0,,0.0,,0.0,,0.0,0.0,0.0,1.0,0.0,0.0,0.0,0.0,,0.0,,1088.5868271906795,0.0,1088.5868271906795,136.0,245.96378475423177,247.96416733915385,0.0,3.0,5.076146199993673,1088.5868271906795,51.0,1.0,,,69.0,69.0,,,,,,,,,1.0,1.0,51.0,61.0,56.0,56.0,56.0,56.0,62.0,50.0,68.0,44.0,0.0,0.0,0.0,0.0,0.0,1500.0,1500.0,1500.0,1500.0,32,5940.0,70.0,90.0,90.0,90.0,80.0,90.0,90.0,70.0,100.0,70.0,100.0,90.0,100.0,80.0,70.0,90.0,80.0,90.0
859.2503139877456,3563.7795505362924,0.0,0.0,0.0,0.0,0.0,0.0,0.0,0.0,0.0,0.0,0.0,0.0,0.0,0.0,0.0,0.0,0.0,0.0,0.0,0.0,0.0,0.0,0.0,0.0,0.0,0.0,0.0,0.0,0.0,0.0,0.0,0.0,0.0,0.0,0.0,0.0,0.0,0.0,0.0,0.0,0.0,0.0,0.0,0.0,0.0,0.0,0.0,0.0,0.0,0.0,0.0,0.0,0.0,0.0,0.0,0.0,0.0,0.0,0.0,0.0,0.0,0.0,0.0,0.0,0.0,0.0,0.0,0.0,0.0,0.0,0.0,0.0,0.0,0.0,0.0,0.0,0.0,0.0,0.0,0.0,0.0,0.0,0.0,0.0,0.0,0.0,0.0,0.0,0.0,0.0,0.0,0.0,1142.058,859.2503139877456,-1794.1262358234462,6000.0,1200.0,3.0,98.00270724246144,260.8541050593758,162.85139781691433,10591.598216188655,0.9707978462758352,0.0,1219.4887345066904,1539.9162750577025,859.2503139877456,3563.7795505362924,23.0,-1204.7183723875296,4500.0,681.8872082144111,859.2503139877456,859.2503139877456,3563.7795505362924,1.0,0.0,0.0,49.0,5.0,0.0,1.0,49.0,0.0,0.0,5.0,0.0,1.0,1.0,681.9832971303205,-1204.7183723875296,4500.0,0.0,1010.9233518241923,0.0,1.0,0.0,1.0,1.0,0.0,1.0,5.0,4.0,0.0,0.0,859.2503139877456,7.0,567.4940488183419,49.0,0.0,138.59013315509458,23.0,567.4940488183419,-1204.7183723875296,4500.0,859.2503139877456,3563.7795505362924,0.0,0.0,,,,,,,,,,,,,0.0,859.2503139877456,3563.7795505362924,39.0,-890.6368709660867,4500.0,681.8872082144111,859.2503139877456,859.2503139877456,3563.7795505362924,1.0,0.0,0.0,-1204.7183723875296,4500.0,1.0,14.0,63.50258997609938,3.175129498804969,0.0,1692.8105600386034,0.0,1.0,0.0,1.0,1.0,1.0,1.0,0.0,0.0,0.0,0.0,0.0,1692.8105600386034,261.3921233223024,0.0,0.0,0.0,681.8872082144111,260.8541050593758,260.8541050593758,0.0,1.0,1010.9233518241923,0.0,0.0,84.64052800193018,0.0,0.0,0.0,0.0,0.0,0.0,1692.8105600386034,1.0,0.0,1692.8105600386034,0.0,1.0,677.5374861396115,14042.0,14042.0,14042.0,5750.25,5750.25,5750.25,4093.6,4093.6,4093.6,3.0,23885.85,23885.85,23885.85,-1204.7183723875296,4500.0,1.0,0.0,220.0,0.0,23.491851519893956,1.0,0.0,23.491851519893956,1.1745925759946978,0.5,0.0,0.0,0.0,-1794.1262358234462,2921.136671663887,-3315.000000000001,37566.666666666664,-22100.000000000004,5635.000000000001,0.15000000000000002,0.0,976.9906780221659,481.1170400702845,976.9906780221659,481.1170400702845,1.0,1.0,0.0,-890.6368709660867,1.0,8726.270900190475,-5937.57913977391,1308.9406350285715,1.0,-1204.7183723875296,0.0,0.0,-1204.7183723875296,4093.6,1200.0,6000.0,1502.81474061657,0.5944256821991792,0.40557431780082076,6000.0,681.8872082144111,677.5374861396115,1.0,,859.2503139877456,,6000.0,1.0,,1.0,1.0,1692.8105600386034,,,0.0,0.0,260.8541050593758,86.95136835312526,859.2503139877456,0.0,2936.5355473542413,859.2503139877456,3563.7795505362924,77.24677467106814,1.0,0.0,0.0,-38.76476660921634,87.1307077741008,3.0,-2063.968686375275,-2063.968686375275,936.2204494637076,1.0,1.0,1.0,0.0,0.0,0.0,0.0,0.0,0.0,1.0,6.0,0.0,1.0,0.37267080745341613,0.1399422210582053,0.25,0.0,1.0,0.13352025048081279,0.37267080745341613,0.0,859.2503139877456,3563.7795505362924,-1204.7183723875296,4500.0,681.8872082144111,859.2503139877456,859.2503139877456,3563.7795505362924,1.0,0.0,0.0,0.0,0.0,0.0,-1204.7183723875296,4500.0,10591.598216188655,0.0,681.8872082144111,1.0,1.0,0.00047115177727240795,0.0,-1204.7183723875296,859.2503139877456,5728.335426584969,-0.06532307497387824,-0.029217325970570845,-0.005509420797315347,0.34669158327867233,0.21977896762402338,6.0,1.0,51.0,56.0,56.0,62.0,68.0,14.0,1.0,6.0,0.0,0.0,640.627105684399,0.0,14.529943555830641,640.627105684399,626.0971621285682,0.0,640.627105684399,0.0,5.334682033806303,640.627105684399,635.2924236505926,0.0,640.627105684399,0.0,15.580678430718535,640.627105684399,625.0464272536806,0.0,640.627105684399,0.0,7.888173577772932,640.627105684399,632.738932106626,0.0,0.042472222871546235,0.004283907914158978,0.04345140953103936,0.004297306006665166,1.0,1500.0,1500.0,1500.0,1500.0,0.65,0.9999999999999999,0.0,-0.00020610306692532272,-0.1212670551283086,0.004221481269209448,0.021934681974398986,0.0031922516568556603,0.0,0.04037408530466315,0.1,0.1,0.002816918545733668,0.1,-4.587848454420398e-05,-0.016525842415116183,0.0,-0.09876474821234779,0.0,1.0,90.0,90.0,90.0,80.0,90.0,90.0,70.0,100.0,100.0,90.0,100.0,80.0,70.0,90.0,80.0,90.0,0.0,0.0,0.0,0.0,0.0,1.0,0.0,0.0,292.0,0.08337538981447681,0.0,1.0,976.9906780221659,859.2503139877456,481.1170400702845,859.2503139877456,-1204.7183723875296,-1204.7183723875296,0.0,0.0,0.0,1.0,0.0,0.0,0.0,605.0854495582548,859.2503139877456,-1809.8038219457844,859.2503139877456,859.2503139877456,-1204.7183723875296,254.16486442949076,128.0,260.8541050593758,263.28763255478634,0.0,3.0,2.1194398000079673,859.2503139877456,51.0,1.0,2674.9155698963064,1825.0844301036934,69.0,69.0,0.65,,2.1108569851339447,,1738.6951204325992,1825.0844301036932,750.0,3000.0,,,52.0,60.0,56.0,56.0,56.0,56.0,56.0,56.0,62.0,50.0,0.0,0.0,0.0,0.0,0.0,869.3475602162996,912.5422150518466,869.3475602162996,912.5422150518466,33,6120.0,70.0,90.0,100.0,90.0,80.0,90.0,90.0,70.0,100.0,70.0,90.0,90.0,90.0,80.0,70.0,90.0,90.0,90.0
1073.0690398332674,4800.0,0.0,0.0,0.0,0.0,0.0,0.0,0.0,0.0,0.0,0.0,0.0,0.0,0.0,0.0,0.0,0.0,0.0,0.0,0.0,0.0,0.0,0.0,0.0,0.0,0.0,0.0,0.0,0.0,0.0,0.0,0.0,0.0,0.0,0.0,0.0,0.0,0.0,0.0,0.0,0.0,0.0,0.0,0.0,0.0,0.0,0.0,0.0,0.0,0.0,0.0,0.0,0.0,0.0,0.0,0.0,0.0,0.0,0.0,0.0,0.0,0.0,0.0,0.0,0.0,0.0,0.0,0.0,0.0,0.0,0.0,0.0,0.0,0.0,0.0,0.0,0.0,0.0,0.0,0.0,0.0,0.0,0.0,0.0,0.0,0.0,0.0,0.0,0.0,0.0,0.0,0.0,0.0,1142.058,1073.0690398332674,-1760.4714459961097,6000.0,1200.0,3.0,103.43831672506158,272.4643960847245,169.0260793596629,10527.87559775513,0.9743798086553741,0.0,1298.0720151711816,1626.6204608939943,1073.0690398332674,4800.0,23.0,-1175.8030076343657,4800.0,682.6816703919868,1073.0690398332674,1073.0690398332674,4800.0,1.0,0.0,0.0,49.0,5.0,0.0,1.0,49.0,0.0,0.0,5.0,0.0,1.0,1.0,992.6136757963994,-1175.8030076343657,4800.0,0.0,1442.5329430996244,0.0,1.0,0.0,1.0,1.0,0.0,1.0,5.0,4.0,0.0,0.0,1073.0690398332674,8.0,599.070807343125,49.0,0.0,141.82675966798934,23.0,599.070807343125,-1175.8030076343657,4800.0,1073.0690398332674,4800.0,0.0,0.0,,,,,,,,,,,,,0.0,1073.0690398332674,4800.0,38.0,-836.9891366868675,4800.0,682.6816703919868,1073.0690398332674,1073.0690398332674,4800.0,1.0,0.0,0.0,-1175.8030076343657,4800.0,1.0,13.0,185.5438520869386,9.277192604346931,0.0,2125.214613491611,0.0,1.0,0.0,1.0,1.0,1.0,1.0,0.0,0.0,0.0,0.0,0.0,2125.214613491611,274.4766795048005,0.0,0.0,0.0,682.6816703919868,272.4643960847245,272.4643960847245,0.0,1.0,1442.5329430996244,0.0,0.0,106.26073067458056,0.0,0.0,0.0,0.0,0.0,0.0,2125.214613491611,1.0,0.0,2125.214613491611,0.0,1.0,672.6727156462712,14042.0,14042.0,14042.0,5750.25,5750.25,5750.25,4093.6,4093.6,4093.6,3.0,23885.85,23885.85,23885.85,-1175.8030076343657,4800.0,1.0,0.0,220.0,0.0,14.635242827372977,1.0,0.0,14.635242827372977,0.7317621413686489,0.5,0.0,0.0,0.0,-1760.4714459961097,2916.876060897842,-3315.000000000001,37566.666666666664,-22100.000000000004,5635.000000000001,0.15000000000000002,0.0,1136.47648168172,729.6093770269173,1136.47648168172,729.6093770269173,1.0,1.0,0.0,-836.9891366868675,1.0,8680.9931224127,-5579.927577912449,1302.1489683619052,1.0,-1175.8030076343657,0.0,0.0,-1175.8030076343657,4093.6,1200.0,6000.0,5700.0,0.5765306401462558,0.42346935985374423,6000.0,682.6816703919868,672.6727156462712,1.0,,1073.0690398332674,,6000.0,1.0,,1.0,1.0,2125.214613491611,,,0.0,0.0,272.4643960847245,90.82146536157484,1073.0690398332674,0.0,2401.620192939407,1073.0690398332674,4800.0,80.75680686935091,1.0,0.0,0.0,-40.15387606313067,91.49222650160016,3.0,-2248.872047467633,-2248.872047467633,0.0,1.0,1.0,1.0,0.0,0.0,0.0,0.0,0.0,0.0,1.0,6.0,0.0,1.0,0.37267080745341613,0.08167231311781387,0.25,0.0,1.0,0.30321637632916887,0.37267080745341613,0.0,1073.0690398332674,4800.0,-1175.8030076343657,4800.0,682.6816703919868,1073.0690398332674,1073.0690398332674,4800.0,1.0,0.0,0.0,0.0,0.0,0.0,-1175.8030076343657,4800.0,10527.87559775513,0.0,682.6816703919868,1.0,1.0,0.00035398416825730826,0.0,-1175.8030076343657,1073.0690398332674,7153.793598888448,0.011716599798547259,-0.040294130296722276,0.0034629409621012765,-0.33278186108164104,-0.10807118496039199,6.0,1.0,52.0,56.0,56.0,56.0,62.0,15.0,1.0,6.0,0.0,0.0,625.5305368965816,0.0,1.5634817377306263,616.7577751097213,635.8667804211726,0.0,625.5305368965816,0.0,1.5059948608425202,617.1378264643113,635.4292421896943,0.0,625.5305368965816,0.0,1.6885467182476077,615.0278558821294,637.7217646292812,0.0,625.5305368965816,0.0,2.684851255069816,616.6904336180739,637.055491430159,0.0,-0.026793652455253655,-0.02607276050506659,-0.032322147148332675,-0.03000704370484794,1.0,869.3475602162996,912.5422150518466,869.3475602162996,912.5422150518466,1.0,1.0,0.0,-0.014884364458072242,0.1,-0.014726909635176356,-0.023285051157070316,0.005619707555267439,-0.010246547022899932,-0.04109497897250663,0.11955015494022161,-0.009218444503733991,-0.010579559679697682,-0.009859404257285577,-0.02596306461722406,-0.05370152105066524,0.0,0.0,0.0,1.0,90.0,100.0,90.0,80.0,90.0,90.0,70.0,100.0,90.0,90.0,90.0,80.0,70.0,90.0,90.0,90.0,0.0,0.0,0.0,0.0,0.0,1.0,0.0,0.0,288.0,0.07336277287013376,0.0,1.0,1136.47648168172,1073.0690398332674,729.6093770269173,1073.0690398332674,-1175.8030076343657,-1175.8030076343657,0.0,0.0,0.0,1.0,0.0,0.0,0.0,831.326153190618,1073.0690398332674,-2007.1291608249837,1073.0690398332674,1073.0690398332674,-1175.8030076343657,241.7428866426494,128.0,272.4643960847245,274.6152649876964,0.0,3.0,2.003098699991824,1073.0690398332674,51.0,1.0,2767.3470727020276,2032.6529272979724,68.0,70.0,,,,,2767.3470727020276,2032.6529272979724,3000.0,3000.0,,,52.0,60.0,56.0,56.0,56.0,56.0,62.0,50.0,62.0,50.0,0.0,0.0,0.0,0.0,0.0,1383.6735363510138,1016.3264636489862,1383.6735363510138,1016.3264636489862,34,6300.0,70.0,90.0,90.0,90.0,80.0,90.0,90.0,70.0,80.0,70.0,90.0,90.0,90.0,80.0,70.0,90.0,90.0,90.0
1165.5890637721413,6000.0,0.0,0.0,0.0,0.0,0.0,0.0,0.0,0.0,0.0,0.0,0.0,0.0,0.0,0.0,0.0,0.0,0.0,0.0,0.0,0.0,0.0,0.0,0.0,0.0,0.0,0.0,0.0,0.0,0.0,0.0,0.0,0.0,0.0,0.0,0.0,0.0,0.0,0.0,0.0,0.0,0.0,0.0,0.0,0.0,0.0,0.0,0.0,0.0,0.0,0.0,0.0,0.0,0.0,0.0,0.0,0.0,0.0,0.0,0.0,0.0,0.0,0.0,0.0,0.0,0.0,0.0,0.0,0.0,0.0,0.0,0.0,0.0,0.0,0.0,0.0,0.0,0.0,0.0,0.0,0.0,0.0,0.0,0.0,0.0,0.0,0.0,0.0,0.0,0.0,0.0,0.0,0.0,1142.058,1165.5890637721413,-1802.0446082430208,6000.0,1200.0,3.0,109.44281265720117,282.69785324500475,173.2550405878036,12146.075278135204,0.9775483324233663,0.0,1474.4326904240936,1783.7402499933075,1165.5890637721413,4367.685692175229,25.0,-1209.0969660200838,4800.0,746.7979486901194,1165.5890637721413,1165.5890637721413,4367.685692175229,1.0,0.0,0.0,49.0,5.0,0.0,1.0,49.0,,0.0,5.0,0.0,,1.0,,,,0.0,847.8316719091787,0.0,1.0,0.0,,1.0,0.0,1.0,5.0,4.0,0.0,0.0,,9.0,621.4005170137436,49.0,0.0,154.72433006952997,25.0,621.4005170137436,,,,,0.0,0.0,,,,,,,,,,,,,0.0,1165.5890637721413,4367.685692175229,41.0,-903.2592270012502,4800.0,746.7979486901194,1165.5890637721413,1165.5890637721413,4367.685692175229,1.0,0.0,0.0,,,,12.0,1916.6252518092574,95.83126259046287,0.0,1594.629620599298,0.0,1.0,0.0,1.0,1.0,1.0,1.0,0.0,0.0,0.0,0.0,0.0,1594.629620599298,282.69785324500475,0.0,0.0,0.0,746.7979486901194,291.62373443201295,291.62373443201295,0.0,1.0,847.8316719091787,0.0,1.0,79.73148102996491,1.0,0.0,1.0,0.0,0.0,1.0,1594.629620599298,1.0,0.0,1594.629620599298,0.0,1.0,1496.1957538944632,14042.0,14042.0,14042.0,5750.25,5750.25,5750.25,4093.6,4093.6,4093.6,3.0,23885.85,23885.85,23885.85,1165.5890637721413,6000.0,0.0,0.0,220.0,0.0,52.05208228743676,1.0,0.0,52.05208228743676,2.602604114371838,0.5,0.004956212101719826,0.0,2.478106050859913,-1802.0446082430208,2941.5365295404754,-3315.000000000001,37566.666666666664,-22100.000000000004,5635.000000000001,,,,,,,,,,-903.2592270012502,1.0,8943.061469043989,-6021.728180008334,1341.4592203565985,1.0,,,,,4093.6,1200.0,6000.0,4221.850676742176,0.4806904807968273,0.5193095192031727,6000.0,1594.629620599298,1496.1957538944632,1.0,0.0,1165.5890637721413,0.0,6000.0,1.0,1.0,1.0,1.0,1594.629620599298,1165.5890637721413,6000.0,1.0,0.0,282.69785324500475,94.23261774833492,1165.5890637721413,0.0,1841.7743002667853,1165.5890637721413,6000.0,85.55527447485625,1.0,0.0,0.0,-43.11309276454739,94.23261774833492,3.0,,,,,,,,,,,,,,6.0,0.0,1.0,0.37267080745341613,0.0,0.0,0.0,1.0,0.3719856664526253,0.37267080745341613,0.0,1165.5890637721413,6000.0,-1209.0969660200838,4800.0,1594.629620599298,1165.5890637721413,1165.5890637721413,4367.685692175229,0.0,1.0,0.0,1.0,0.0,0.0,,,12146.075278135204,0.0,1594.629620599298,0.0,5.0,0.004956212101719826,0.0,1165.5890637721413,1165.5890637721413,7770.593758480941,-0.054970618660493534,-0.010094601215010714,-0.04814896758156732,0.1140651589759312,0.0034053382174394353,6.0,1.0,52.0,56.0,56.0,62.0,62.0,16.0,1.0,6.0,0.0,0.0,621.1445450340341,0.0,8.498557563815666,626.8056317414338,623.9820158904499,1.0,621.1445450340341,0.0,2.1144793292573922,613.4153275752722,630.9882418220534,0.0,621.1445450340341,1.0,16.92782880510913,633.5717216056931,625.6451972674841,1.0,621.1445450340341,0.0,3.3577503446363153,613.1996769712996,632.4471634414049,0.0,0.008026165592555866,-0.024846499685828978,0.021168828087473043,-0.027488776820285683,1.0,1383.6735363510138,1016.3264636489862,1383.6735363510138,1016.3264636489862,,,0.0,0.002295284942537634,-0.016371813973602656,-0.01688303789284724,0.0036565341943653354,-0.008363852577144826,0.12274537247852635,0.3440906878388638,-0.31812072346409154,-0.009498293871912011,-0.01103102248312986,-0.010359696021606624,-0.023565205771407704,-0.059788867252080984,0.0,0.0,0.0,1.0,90.0,90.0,90.0,80.0,90.0,90.0,70.0,80.0,90.0,90.0,90.0,80.0,70.0,90.0,90.0,90.0,0.0,1.0,0.0,0.0,0.0,1.0,0.0,,900.0,0.07336277287013376,0.0,0.0,0.0,,0.0,,0.0,,0.0,0.0,0.0,1.0,0.0,0.0,0.0,0.0,,0.0,,1165.5890637721413,0.0,1165.5890637721413,120.0,282.69785324500475,283.83406229475554,0.0,2.0,4.867344400001457,1165.5890637721413,51.0,1.0,,,62.0,70.0,,,,,,,,,1.0,1.0,52.0,60.0,56.0,56.0,56.0,56.0,56.0,56.0,56.0,56.0,0.0,0.0,0.0,0.0,0.0,1500.0,1500.0,1500.0,1500.0,35,6480.0,50.0,90.0,90.0,90.0,80.0,90.0,50.0,50.0,100.0,70.0,90.0,90.0,90.0,80.0,70.0,90.0,90.0,90.0
1277.623123020198,6000.0,0.0,0.0,0.0,0.0,0.0,0.0,0.0,0.0,0.0,0.0,0.0,0.0,0.0,0.0,0.0,0.0,0.0,0.0,0.0,0.0,0.0,0.0,0.0,0.0,0.0,0.0,0.0,0.0,0.0,0.0,0.0,0.0,0.0,0.0,0.0,0.0,0.0,0.0,0.0,0.0,0.0,0.0,0.0,0.0,0.0,0.0,0.0,0.0,0.0,0.0,0.0,0.0,0.0,0.0,0.0,0.0,0.0,0.0,0.0,0.0,0.0,0.0,0.0,0.0,0.0,0.0,0.0,0.0,0.0,0.0,0.0,0.0,0.0,0.0,0.0,0.0,0.0,0.0,0.0,0.0,0.0,0.0,0.0,0.0,0.0,0.0,0.0,0.0,0.0,0.0,0.0,0.0,1142.058,1277.623123020198,-1778.3801580487675,6000.0,1200.0,3.0,117.98696127197296,297.9793210310894,179.99235975911643,13745.685237684813,0.9785840558692025,0.0,1608.7267804837265,1909.923225547172,1277.623123020198,3712.371927469748,0.0,1277.623123020198,6000.0,771.2534307655071,1277.623123020198,1277.623123020198,3712.371927469748,1.0,0.0,0.0,49.0,5.0,0.0,1.0,49.0,,0.0,5.0,0.0,,1.0,,,,28.141647940549092,1599.7403619148774,0.0,1.0,0.0,,1.0,0.0,1.0,5.0,4.0,0.0,0.0,,7.0,649.2750228805739,49.0,0.0,197.089995866756,23.0,649.2750228805739,,,,,0.0,0.0,,,,,,,,,,,,,0.0,1277.623123020198,3087.5,8.0,-1778.3801580487675,4750.0,799.3950787060562,1277.623123020198,1277.623123020198,3087.5,1.0,0.0,0.0,,,,12.0,2814.7148909758835,140.73574454879417,0.0,2370.9937926803846,0.0,1.0,0.0,1.0,1.0,1.0,1.0,0.0,0.0,0.0,0.0,0.0,2370.9937926803846,297.9793210310894,0.0,0.0,0.0,771.2534307655071,300.2547238055155,300.2547238055155,0.0,1.0,1599.7403619148774,0.0,1.0,118.54968963401923,1.0,0.0,1.0,0.0,0.0,1.0,2370.9937926803846,1.0,0.0,2370.9937926803846,0.0,1.0,2226.238597619049,14042.0,14042.0,14042.0,5750.25,5750.25,5750.25,4093.6,4093.6,4093.6,3.0,23885.85,23885.85,23885.85,1277.623123020198,6000.0,0.0,0.0,220.0,0.0,80.38901025082724,1.0,0.0,80.38901025082724,4.019450512541362,0.5,0.005695228892322416,0.0,2.847614446161208,-1778.3801580487675,2956.5410752496973,-3315.000000000001,37566.666666666664,-22100.000000000004,5635.000000000001,,,,,,,,,,-847.2839133702636,1.0,8890.408143325798,-5648.559422468423,1333.5612214988698,1.0,,,,,4093.6,1200.0,6000.0,3093.03938004045,0.548109762187244,0.45189023781275584,6000.0,2370.9937926803846,2226.238597619049,1.0,0.0,1277.623123020198,0.0,6000.0,1.0,1.0,1.0,1.0,2370.9937926803846,1277.623123020198,6000.0,1.0,0.0,297.9793210310894,99.32644034369646,1277.623123020198,0.0,2264.2796790881393,1277.623123020198,6000.0,90.03627762513814,1.0,0.0,0.0,-43.79274825709416,99.32644034369646,3.0,,,,,,,,,,,,,,6.0,0.0,1.0,0.37267080745341613,0.14364285435890922,0.0,0.0,1.0,0.3773109271861744,0.3773109271861744,0.0,1277.623123020198,6000.0,1277.623123020198,6000.0,2370.9937926803846,1277.623123020198,1277.623123020198,3712.371927469748,0.0,1.0,0.0,1.0,0.0,0.0,,,13745.685237684813,0.0,2370.9937926803846,0.0,5.0,0.005695228892322416,0.0,1277.623123020198,1277.623123020198,8517.487486801318,0.007373557277432645,-0.08042686560790005,0.01854880174321612,-0.2280387380601579,-0.0525350523740844,6.0,1.0,52.0,56.0,56.0,56.0,56.0,17.0,1.0,6.0,0.0,0.0,737.5308635794784,0.0,30.448436278994905,737.5308635794784,707.0824273004836,0.0,737.5308635794784,0.0,9.287305658935566,737.5308635794784,728.2435579205427,0.0,737.5308635794784,0.0,46.10527305940286,737.5308635794784,691.4255905200755,0.0,737.5308635794784,0.0,24.262608932713647,737.5308635794784,713.2682546467647,0.0,0.08294199453357529,0.012923996497187742,0.13262580658677833,0.05180378811390246,1.0,1500.0,1500.0,1500.0,1500.0,,,0.0,0.07111801323187733,0.08436807801534307,0.03335383526819839,0.05133289875922529,0.08249770205998601,-0.11780129249305703,-0.008601548942171161,0.1,-0.16127855696866222,-0.06895036575872737,-0.265708925869361,0.029621673711094587,-0.19869398559620421,0.0,0.0,0.0,1.0,90.0,90.0,90.0,80.0,90.0,50.0,50.0,100.0,90.0,90.0,90.0,80.0,70.0,90.0,90.0,90.0,0.0,0.0,0.0,0.0,0.0,1.0,0.0,,906.0,0.06635394100909363,0.0,0.0,0.0,,0.0,,0.0,,0.0,0.0,0.0,1.0,0.0,0.0,0.0,0.0,,0.0,,1277.623123020198,0.0,1277.623123020198,128.0,297.9793210310894,300.1768356896482,0.0,3.0,5.020838999989792,1277.623123020198,51.0,1.0,,,64.0,66.0,,,,,,,,,1.0,1.0,52.0,60.0,56.0,56.0,56.0,56.0,62.0,50.0,56.0,56.0,0.0,0.0,0.0,0.0,0.0,1500.0,1500.0,1500.0,1500.0,36,6660.0,50.0,90.0,90.0,90.0,80.0,90.0,100.0,50.0,80.0,80.0,100.0,90.0,100.0,80.0,100.0,90.0,90.0,90.0
1292.2818767079225,3761.1110567971145,0.0,0.0,0.0,0.0,0.0,0.0,0.0,0.0,0.0,0.0,0.0,0.0,0.0,0.0,0.0,0.0,0.0,0.0,0.0,0.0,0.0,0.0,0.0,0.0,0.0,0.0,0.0,0.0,0.0,0.0,0.0,0.0,0.0,0.0,0.0,0.0,0.0,0.0,0.0,0.0,0.0,0.0,0.0,0.0,0.0,0.0,0.0,0.0,0.0,0.0,0.0,0.0,0.0,0.0,0.0,0.0,0.0,0.0,0.0,0.0,0.0,0.0,0.0,0.0,0.0,0.0,0.0,0.0,0.0,0.0,0.0,0.0,0.0,0.0,0.0,0.0,0.0,0.0,0.0,0.0,0.0,0.0,0.0,0.0,0.0,0.0,0.0,0.0,0.0,0.0,0.0,0.0,1142.058,1292.2818767079225,-1804.647817257595,6000.0,1200.0,3.0,128.21924570555777,313.7955510165529,185.57630531099514,11858.981281840433,0.9806275199239636,0.0,1964.1807773592561,2275.7935668994887,1292.2818767079225,3761.1110567971145,21.0,-1208.546640020664,4093.6,805.6430104501308,1292.2818767079225,1292.2818767079225,3761.1110567971145,1.0,0.0,0.0,49.0,5.0,0.0,1.0,49.0,0.0,0.0,5.0,0.0,1.0,1.0,809.3578890094975,-1208.546640020664,4093.6,0.0,1936.47285993312,0.0,1.0,0.0,1.0,1.0,0.0,1.0,5.0,4.0,0.0,0.0,1292.2818767079225,5.0,681.57516702653,49.0,0.0,341.48576616513094,21.0,681.57516702653,-1208.546640020664,4093.6,1292.2818767079225,3761.1110567971145,0.0,0.0,,,,,,,,,,,,,0.0,1292.2818767079225,3761.1110567971145,37.0,-907.4088968165618,4093.6,805.6430104501308,1292.2818767079225,1292.2818767079225,3761.1110567971145,1.0,0.0,0.0,-1208.546640020664,4093.6,1.0,12.0,80.44735042085867,4.022367521042933,0.0,2742.1158703832507,0.0,1.0,0.0,1.0,1.0,1.0,1.0,0.0,0.0,0.0,0.0,0.0,2742.1158703832507,328.0606936877192,0.0,0.0,0.0,805.6430104501308,313.7955510165529,313.7955510165529,0.0,1.0,1936.47285993312,0.0,0.0,137.10579351916255,0.0,0.0,0.0,0.0,0.0,0.0,2742.1158703832507,1.0,0.0,2742.1158703832507,0.0,1.0,780.4258839047925,14042.0,14042.0,14042.0,5750.25,5750.25,5750.25,4093.6,4093.6,4093.6,3.0,23885.85,23885.85,23885.85,-1208.546640020664,4093.6,1.0,0.0,220.0,0.0,423.89518048590605,1.0,0.0,423.89518048590605,21.194759024295305,0.5,0.0,0.0,0.0,-1804.647817257595,2964.1616006378536,-3315.000000000001,37566.666666666664,-22100.000000000004,5635.000000000001,0.15000000000000002,0.0,1305.9381267079225,868.3986627089794,1305.9381267079225,868.3986627089794,1.0,1.0,0.0,-907.4088968165618,1.0,9183.499518329658,-6049.392645443744,1377.5249277494488,1.0,-1208.546640020664,0.0,0.0,-1208.546640020664,4093.6,1200.0,6000.0,4275.0,0.5392536992385395,0.46074630076146045,6000.0,805.6430104501308,780.4258839047925,1.0,,1292.2818767079225,,6000.0,1.0,,1.0,1.0,2742.1158703832507,,,0.0,0.0,313.7955510165529,104.59851700551764,1292.2818767079225,0.0,3116.740488373173,1292.2818767079225,3761.1110567971145,93.82161769855475,1.0,0.0,0.0,-44.143243254445565,109.35356456257307,3.0,-2500.8285167285867,-2500.8285167285867,332.48894320288537,1.0,1.0,1.0,0.0,0.0,0.0,0.0,0.0,0.0,1.0,6.0,0.0,1.0,0.37267080745341613,0.26762005042776993,0.0,0.0,1.0,0.358425896321977,0.37267080745341613,0.0,1292.2818767079225,3761.1110567971145,-1208.546640020664,4093.6,805.6430104501308,1292.2818767079225,1292.2818767079225,3761.1110567971145,1.0,0.0,0.0,0.0,0.0,0.0,-1208.546640020664,4093.6,11858.981281840433,0.0,805.6430104501308,1.0,1.0,0.0003020860212752275,0.0,-1208.546640020664,1292.2818767079225,8615.21251138615,-0.012402934138077436,-0.033906584270341544,-0.026306246793131358,0.03481970775293716,0.06426731437763777,6.0,1.0,52.0,56.0,56.0,62.0,56.0,18.0,1.0,6.0,0.0,0.0,832.8418490610943,0.0,8.696115960612133,832.8418490610943,824.1457331004823,0.0,832.8418490610943,0.0,0.7332458241091899,832.8418490610943,833.5750948852035,0.0,832.8418490610943,0.0,15.561137327473716,832.8418490610943,817.2807117336206,0.0,832.8418490610943,0.0,6.603483784668697,832.8418490610943,826.2383652764257,0.0,-0.0011765884022359764,-0.01457205047820319,0.015667200376804066,-0.0031394802739891266,1.0,1500.0,1500.0,1500.0,1500.0,0.8493813777746623,1.0000000000000002,0.0,0.02071361872806534,0.02769437904475041,0.01314005506522946,0.24770542084878072,0.048523214121860295,0.1,0.059084913567703234,0.0,0.1,-0.09173947251256039,0.1,0.049760730589613895,0.1,0.0,0.0,0.0,1.0,90.0,90.0,90.0,80.0,90.0,100.0,50.0,80.0,100.0,90.0,100.0,80.0,100.0,90.0,90.0,90.0,0.0,0.0,0.0,0.0,0.0,1.0,0.0,0.0,262.0,0.06880686525295596,0.0,1.0,1305.9381267079225,1292.2818767079225,868.3986627089794,1292.2818767079225,-1208.546640020664,-1208.546640020664,0.0,0.0,0.0,1.0,0.0,0.0,0.0,977.7835287087152,1292.2818767079225,-2186.3301687293792,1292.2818767079225,1292.2818767079225,-1208.546640020664,314.49834799920734,112.0,313.7955510165529,315.08272445543076,0.0,2.0,1.9687753000034718,1292.2818767079225,51.0,1.0,2207.4889432028854,1886.1110567971145,64.0,66.0,0.65,,1.524457634596016,,1875.0,1886.1110567971148,1875.0,3000.0,,,52.0,60.0,56.0,56.0,56.0,56.0,56.0,56.0,56.0,56.0,0.0,0.0,0.0,0.0,0.0,1500.0,943.0555283985574,375.0,943.0555283985574,37,6840.0,50.0,90.0,90.0,90.0,60.0,90.0,80.0,50.0,80.0,80.0,90.0,90.0,90.0,80.0,80.0,90.0,90.0,90.0
1272.4803703148175,3948.393897520058,0.0,0.0,0.0,0.0,0.0,0.0,0.0,0.0,0.0,0.0,0.0,0.0,0.0,0.0,0.0,0.0,0.0,0.0,0.0,0.0,0.0,0.0,0.0,0.0,0.0,0.0,0.0,0.0,0.0,0.0,0.0,0.0,0.0,0.0,0.0,0.0,0.0,0.0,0.0,0.0,0.0,0.0,0.0,0.0,0.0,0.0,0.0,0.0,0.0,0.0,0.0,0.0,0.0,0.0,0.0,0.0,0.0,0.0,0.0,0.0,0.0,0.0,0.0,0.0,0.0,0.0,0.0,0.0,0.0,0.0,0.0,0.0,0.0,0.0,0.0,0.0,0.0,0.0,0.0,0.0,0.0,0.0,0.0,0.0,0.0,0.0,0.0,0.0,0.0,0.0,0.0,0.0,1142.058,1272.4803703148175,-2131.3710570869725,6000.0,1200.0,3.0,132.98674299774814,329.10085930686193,196.1141163091138,11824.254234675516,0.9839267113579346,0.0,2026.3875200158814,2335.223003518639,1272.4803703148175,3948.393897520058,5.0,-2131.3710570869725,4093.6,799.0911894205723,1272.4803703148175,1272.4803703148175,3948.393897520058,1.0,0.0,0.0,49.0,5.0,0.0,1.0,49.0,0.0,0.0,5.0,0.0,1.0,1.0,2267.990020330204,-2131.3710570869725,4093.6,1.5875337622572943,1468.8988309096317,0.0,1.0,0.0,1.0,1.0,0.0,1.0,5.0,4.0,0.0,0.0,1272.4803703148175,5.0,710.6903160142427,49.0,0.0,252.1216321292044,20.0,710.6903160142427,-2131.3710570869725,4093.6,1272.4803703148175,3948.393897520058,0.0,0.0,,,,,,,,,,,,,0.0,1272.4803703148175,3948.393897520058,20.0,-1427.4496749511009,4093.6,800.6787231828296,1272.4803703148175,1272.4803703148175,3948.393897520058,1.0,0.0,0.0,-2131.3710570869725,4093.6,1.0,18.0,7.188941558282998,0.3594470779141499,0.0,2267.990020330204,0.0,1.0,0.0,1.0,1.0,1.0,1.0,0.0,0.0,0.0,0.0,0.0,2267.990020330204,337.75767441557366,0.0,0.0,0.0,799.0911894205723,329.10085930686193,329.10085930686193,0.0,1.0,1468.8988309096317,0.0,0.0,113.39950101651021,0.0,0.0,0.0,0.0,0.0,0.0,2267.990020330204,1.0,0.0,2267.990020330204,0.0,1.0,773.8881699353531,14042.0,14042.0,14042.0,5750.25,5750.25,5750.25,4093.6,4093.6,4093.6,3.0,23885.85,23885.85,23885.85,-2131.3710570869725,4093.6,1.0,0.0,220.0,0.0,496.87144814609957,1.0,0.0,496.87144814609957,24.84357240730498,0.5,0.0,0.0,0.0,-2131.3710570869725,3500.0,-3315.000000000001,37566.666666666664,-22100.000000000004,5635.000000000001,0.15000000000000002,0.0,1304.351898092595,913.3567971196237,1304.351898092595,913.3567971196237,1.0,1.0,0.0,-850.0515711323958,1.0,9177.855914061685,-5667.010474215971,1376.678387109253,0.0,-2131.3710570869725,0.0,0.0,-2131.3710570869725,4093.6,1200.0,6000.0,5700.0,0.5064964572796703,0.4935035427203296,6000.0,799.0911894205723,773.8881699353531,1.0,,1272.4803703148175,,6000.0,1.0,,1.0,1.0,2267.990020330204,,,0.0,0.0,329.10085930686193,109.70028643562064,1272.4803703148175,0.0,3364.0608156309536,1272.4803703148175,3948.393897520058,98.02677107092433,1.0,0.0,0.0,-51.319218525447695,112.58589147185789,3.0,-3403.85142740179,-3403.85142740179,145.20610247994182,1.0,1.0,1.0,0.0,0.0,0.0,0.0,0.0,0.0,1.0,6.0,0.0,1.0,0.37267080745341613,0.09354261752379833,0.0,0.0,1.0,0.5198159405481818,0.5198159405481818,0.0,1272.4803703148175,3948.393897520058,-2131.3710570869725,4093.6,799.0911894205723,1272.4803703148175,1272.4803703148175,3948.393897520058,1.0,0.0,0.0,0.0,0.0,0.0,-2131.3710570869725,4093.6,11824.254234675516,0.0,799.0911894205723,1.0,4.0,0.0006860638448490412,0.0,-2131.3710570869725,1272.4803703148175,8483.202468765448,0.010782052224712993,-0.04493623106309985,-0.027742818447327622,-0.2710668042310971,0.2375432855179156,6.0,1.0,52.0,56.0,56.0,56.0,56.0,19.0,1.0,6.0,0.0,0.0,710.9260300964495,0.0,8.52163141878873,710.9260300964495,719.4476615152382,0.0,710.9260300964495,0.0,7.945449492466878,709.4581044100631,720.3394052753027,0.0,710.9260300964495,0.0,0.04642186017713357,699.9025432737699,721.903095058952,0.0,710.9260300964495,1.0,61.58980160641386,763.3857568096913,720.0561049896214,1.0,-0.023322740730230104,-0.0213225038260309,-0.030410636536784254,0.05627917859210511,1.0,1500.0,943.0555283985574,375.0,943.0555283985574,1.0,0.9281231245160131,0.0,-0.010785088499174832,-0.011414140702178343,-0.0028374804643068073,-0.07987220103133374,-3.577874530265035e-05,-0.0008890000329849108,-0.18558103988130484,-0.008228913219438638,-0.013968066718409488,-0.016243617866739155,-0.01587732752775679,-0.041140606351780205,-0.031164491146795825,-0.00040450059219097054,-0.00040233500377553357,-0.0003206043203704212,1.0,90.0,90.0,90.0,60.0,90.0,80.0,50.0,80.0,90.0,90.0,90.0,80.0,80.0,90.0,90.0,90.0,1.0,0.0,0.0,0.0,0.0,1.0,0.0,0.0,773.0,0.06316480567706917,0.0,1.0,1304.351898092595,1272.4803703148175,913.3567971196237,1272.4803703148175,-2131.3710570869725,-2131.3710570869725,0.0,0.0,0.0,1.0,0.0,0.0,0.0,1011.1055723628665,1272.4803703148175,-3142.476629449839,1272.4803703148175,1272.4803703148175,-2131.3710570869725,261.374797951951,120.0,329.10085930686193,331.34708490971474,0.0,3.0,4.372869999991963,1272.4803703148175,51.0,1.0,2073.393897520058,2020.2061024799411,74.0,70.0,,0.65,,1.7071658827480323,2073.393897520058,1875.0,3000.0,1875.0,1.0,1.0,52.0,60.0,56.0,56.0,56.0,56.0,62.0,50.0,50.0,62.0,0.0,0.0,0.0,0.0,0.0,1036.696948760029,1500.0,1036.696948760029,375.0,38,7020.0,70.0,90.0,90.0,90.0,70.0,90.0,80.0,100.0,80.0,80.0,90.0,90.0,90.0,80.0,80.0,90.0,90.0,90.0
1382.2401885423224,4750.0,0.0,0.0,0.0,0.0,0.0,0.0,0.0,0.0,0.0,0.0,0.0,0.0,0.0,0.0,0.0,0.0,0.0,0.0,0.0,0.0,0.0,0.0,0.0,0.0,0.0,0.0,0.0,0.0,0.0,0.0,0.0,0.0,0.0,0.0,0.0,0.0,0.0,0.0,0.0,0.0,0.0,0.0,0.0,0.0,0.0,0.0,0.0,0.0,0.0,0.0,0.0,0.0,0.0,0.0,0.0,0.0,0.0,0.0,0.0,0.0,0.0,0.0,0.0,0.0,0.0,0.0,0.0,0.0,0.0,0.0,0.0,0.0,0.0,0.0,0.0,0.0,0.0,0.0,0.0,0.0,0.0,0.0,0.0,0.0,0.0,0.0,0.0,0.0,0.0,0.0,0.0,0.0,1142.058,1382.2401885423224,-2469.4927922768734,6000.0,1200.0,3.0,143.8735095221091,343.5762440486272,199.7027345265181,11305.234216090605,0.9851007321636289,0.0,1961.055877801462,2222.4109327474293,1382.2401885423224,4750.0,7.0,-2469.4927922768734,4750.0,774.112911571855,1382.2401885423224,1382.2401885423224,4750.0,1.0,0.0,0.0,49.0,5.0,0.0,1.0,49.0,0.0,0.0,5.0,0.0,1.0,1.0,1849.6837358465048,-2469.4927922768734,4750.0,0.0,1075.5708242746498,0.0,1.0,0.0,1.0,1.0,0.0,1.0,5.0,4.0,0.0,0.0,1382.2401885423224,7.0,699.8405662464348,49.0,0.0,159.22034667004755,23.0,699.8405662464348,-2469.4927922768734,4750.0,1382.2401885423224,4750.0,0.0,0.0,,,,,,,,,,,,,0.0,1382.2401885423224,4750.0,23.0,-1723.3061932422643,4750.0,774.112911571855,1382.2401885423224,1382.2401885423224,4750.0,1.0,0.0,0.0,-2469.4927922768734,4750.0,1.0,18.0,79.97976962186078,3.9989884810930394,0.0,1849.6837358465048,0.0,1.0,0.0,1.0,1.0,1.0,1.0,0.0,0.0,0.0,0.0,0.0,1849.6837358465048,343.4641433120913,0.0,0.0,0.0,774.112911571855,343.5762440486272,343.5762440486272,0.0,1.0,1075.5708242746498,0.0,0.0,92.48418679232525,0.0,0.0,0.0,0.0,0.0,0.0,1849.6837358465048,1.0,0.0,1849.6837358465048,0.0,1.0,744.9848722501524,14042.0,14042.0,14042.0,5750.25,5750.25,5750.25,4093.6,4093.6,4093.6,3.0,23885.85,23885.85,23885.85,-2469.4927922768734,4750.0,1.0,0.0,220.0,0.0,502.58101681218824,1.0,0.0,502.58101681218824,25.129050840609413,0.5,0.0,0.0,0.0,-2469.4927922768734,3500.0,-3315.000000000001,37566.666666666664,-22100.000000000004,5635.000000000001,0.15000000000000002,0.0,1414.1230347161068,984.5349339078866,1414.1230347161068,984.5349339078866,1.0,1.0,0.0,-900.0583451466946,1.0,9423.15858888279,-6000.38896764463,1413.4737883324187,0.0,-2469.4927922768734,0.0,0.0,-2469.4927922768734,4093.6,1200.0,6000.0,5525.356356064265,0.5499838271326111,0.45001617286738893,6000.0,774.112911571855,744.9848722501524,1.0,,1382.2401885423224,,6000.0,1.0,,1.0,1.0,1849.6837358465048,,,0.0,0.0,343.5762440486272,114.52541468287573,1382.2401885423224,0.0,3463.9131071573347,1382.2401885423224,4750.0,103.09059423809661,1.0,0.0,0.0,-58.45350300836452,114.48804777069711,3.0,-3851.7329808191957,-3851.7329808191957,0.0,1.0,1.0,1.0,0.0,0.0,0.0,0.0,0.0,0.0,1.0,6.0,0.0,1.0,0.37267080745341613,0.0,0.0,0.0,1.0,0.6498850371710172,0.6498850371710172,0.0,1382.2401885423224,4750.0,-2469.4927922768734,4750.0,774.112911571855,1382.2401885423224,1382.2401885423224,4750.0,1.0,0.0,0.0,0.0,0.0,0.0,-2469.4927922768734,4750.0,11305.234216090605,0.0,774.112911571855,1.0,3.0,0.0006010551016653846,0.0,-2469.4927922768734,1382.2401885423224,9214.934590282148,-0.012286741525737055,-0.04519925930100018,0.015465016759085515,-0.0026741021291135925,0.0776789298309346,6.0,1.0,52.0,56.0,56.0,62.0,50.0,20.0,1.0,6.0,0.0,0.0,700.584337049007,0.0,2.084730848200252,693.4179386034822,709.835466342732,0.0,700.584337049007,0.0,9.015660388309925,700.584337049007,709.5999974373169,0.0,700.584337049007,0.0,3.0257296582178697,693.2715374769348,710.9228662792971,0.0,700.584337049007,0.0,0.8270008315519135,690.8840548925659,711.111620037,0.0,-0.023337272051692323,-0.025191704915495498,-0.02518156758362875,-0.02894523793737906,1.0,1036.696948760029,1500.0,1036.696948760029,375.0,1.0,1.0,0.0,-0.009167267498291665,-0.010828751698851136,-0.010663604726430265,-0.04777341988716373,-0.004210872645171548,-0.01206712550749387,0.09999999999999928,-0.010238942331265833,-0.010181638245911985,-0.01288146731590132,-0.013022226103510094,-0.015678180740220427,-0.016834592010501123,-0.004841473550635555,-0.004558417860306463,-0.0036912212148820346,1.0,90.0,90.0,90.0,70.0,90.0,80.0,100.0,80.0,90.0,90.0,90.0,80.0,80.0,90.0,90.0,90.0,0.0,1.0,0.0,0.0,0.0,1.0,0.0,0.0,604.0,0.06892725389521218,0.0,1.0,1414.1230347161068,1382.2401885423224,984.5349339078866,1382.2401885423224,-2469.4927922768734,-2469.4927922768734,0.0,0.0,0.0,1.0,0.0,0.0,0.0,1091.9319591099415,1382.2401885423224,-3561.424751386815,1382.2401885423224,1382.2401885423224,-2469.4927922768734,290.3082294323808,112.0,343.5762440486272,345.9116863516348,0.0,3.0,3.650154200004181,1382.2401885423224,51.0,1.0,2612.4231788799025,2137.5768211200975,74.0,70.0,,,,,2612.4231788799025,2137.5768211200975,3000.0,3000.0,1.0,1.0,52.0,60.0,56.0,56.0,56.0,56.0,56.0,56.0,44.0,68.0,0.0,0.0,0.0,0.0,0.0,1306.2115894399512,1068.7884105600488,1306.2115894399512,1068.7884105600488,39,7200.0,70.0,90.0,90.0,90.0,70.0,90.0,80.0,100.0,80.0,80.0,90.0,90.0,90.0,80.0,80.0,90.0,90.0,90.0
1396.8654131748217,6000.0,0.0,0.0,0.0,0.0,0.0,0.0,0.0,0.0,0.0,0.0,0.0,0.0,0.0,0.0,0.0,0.0,0.0,0.0,0.0,0.0,0.0,0.0,0.0,0.0,0.0,0.0,0.0,0.0,0.0,0.0,0.0,0.0,0.0,0.0,0.0,0.0,0.0,0.0,0.0,0.0,0.0,0.0,0.0,0.0,0.0,0.0,0.0,0.0,0.0,0.0,0.0,0.0,0.0,0.0,0.0,0.0,0.0,0.0,0.0,0.0,0.0,0.0,0.0,0.0,0.0,0.0,0.0,0.0,0.0,0.0,0.0,0.0,0.0,0.0,0.0,0.0,0.0,0.0,0.0,0.0,0.0,0.0,0.0,0.0,0.0,0.0,0.0,0.0,0.0,0.0,0.0,0.0,1142.058,3500.0,-2628.570599304595,6000.0,1200.0,3.0,150.86593684691317,355.26632425374453,204.40038740683138,12557.189207131794,0.9853039143998661,0.0,1854.8989930683285,2096.2513041815027,1396.8654131748217,3960.080644540466,29.0,2478.571566782567,4800.0,780.4406737520266,1396.8654131748217,1396.8654131748217,3960.080644540466,1.0,0.0,0.0,50.0,6.0,1.0,0.0,75.0,,0.0,12.0,1.0,,1.0,,,,0.0,896.7511596737492,0.0,1.0,0.0,,1.0,1.0,0.0,6.0,4.0,0.0,0.0,,18.0,678.5631613067812,50.0,0.0,162.9526538150194,29.0,678.5631613067812,,,,,25.0,6.0,1.0,0.0,1.0,6.0,4.0,13.0,678.5631613067812,25.0,2.7147421614633913,162.9526538150194,12.0,681.2779034682446,1.0,1396.8654131748217,3960.080644540466,30.0,-1862.4992743915204,4800.0,780.4406737520266,1396.8654131748217,1396.8654131748217,3960.080644540466,1.0,0.0,0.0,,,,18.0,1939.79438156829,96.98971907841451,0.0,1677.1918334257757,0.0,1.0,0.0,1.0,1.0,1.0,1.0,0.0,0.0,0.0,0.0,0.0,1677.1918334257757,355.26632425374453,0.0,0.0,0.0,780.4406737520266,359.82431231257186,359.82431231257186,0.0,1.0,896.7511596737492,0.0,1.0,83.8595916712888,1.0,0.0,1.0,0.0,0.0,1.0,1677.1918334257757,1.0,0.0,1677.1918334257757,0.0,1.0,1556.3554799804429,14042.0,13050.8,14042.0,5750.25,5344.35,5750.25,4093.6,3804.6400000000003,4093.6,3.0,23885.85,22199.79,23885.85,1396.8654131748217,6000.0,0.0,0.0,220.0,0.0,476.9326873383662,1.0,0.0,476.9326873383662,23.84663436691831,0.5,0.0056105686178245144,0.0,2.8052843089122574,-2628.570599304595,3500.0,-3315.000000000001,37566.666666666664,-22100.000000000004,5635.000000000001,,,,,,,,,,-831.6609005516547,1.0,9140.780683527382,-5544.406003677697,1371.1171025291076,0.0,,,,,4093.6,1200.0,6000.0,3529.1808133971767,0.46437601940273376,0.5356239805972662,6000.0,1677.1918334257757,1556.3554799804429,1.0,0.0,1396.8654131748217,0.0,6000.0,1.0,1.0,1.0,1.0,1677.1918334257757,1396.8654131748217,6000.0,1.0,0.0,355.26632425374453,118.42210808458151,1396.8654131748217,0.0,2999.6234977820286,1396.8654131748217,6000.0,108.32165015595868,1.0,0.0,0.0,-60.631238720661315,118.42210808458151,3.0,,,,,,,,,,,,,,6.0,0.0,1.0,0.37267080745341613,0.014099786135200354,0.0,0.0,1.0,0.7235861180424813,0.7235861180424813,0.0,1396.8654131748217,6000.0,2478.571566782567,4800.0,1677.1918334257757,1396.8654131748217,1396.8654131748217,3960.080644540466,0.0,1.0,0.0,1.0,0.0,0.0,,,12557.189207131794,0.0,1677.1918334257757,0.0,5.0,0.0056105686178245144,0.0,1396.8654131748217,1396.8654131748217,9312.436087832144,0.05538356679761769,-0.10126576196314752,0.008177680821023733,-0.36368818085518306,-0.10188213457812978,6.0,1.0,52.0,56.0,56.0,56.0,44.0,21.0,1.0,6.0,1.0,0.0,655.2102084158365,1.0,27.134861520451295,677.2507646471121,660.3045137050123,1.0,655.2102084158365,0.0,2.8719150219260428,647.8188989012851,665.4734329523138,0.0,655.2102084158365,1.0,37.350784249675826,686.6157459444805,661.1554551368683,1.0,655.2102084158365,0.0,1.8155199917389382,646.2253931494733,666.0105436739385,0.0,0.031115949970219697,-0.02618974114266154,0.04515635861370837,-0.031217442064873566,1.0,1306.2115894399512,1068.7884105600488,1306.2115894399512,1068.7884105600488,,,0.0,-0.03284092098239668,0.012093658749045489,0.013968092139243283,-0.029729452529110034,-0.0029335308399538462,0.00010784709775890633,0.1,-0.0012098853739757943,-0.008236613039369445,-0.010597712194936547,-0.01343847006577761,-0.02538340508397568,-0.025491680023217354,-0.005846001238325016,-0.005829242896237474,-0.0048060830000622445,1.0,90.0,90.0,90.0,70.0,90.0,80.0,100.0,80.0,90.0,90.0,90.0,80.0,80.0,90.0,90.0,90.0,0.0,0.0,0.0,0.0,0.0,1.0,0.0,,942.0,0.06892725389521218,0.0,0.0,0.0,,0.0,,0.0,,0.0,0.0,0.0,1.0,0.0,0.0,0.0,0.0,,0.0,,1396.8654131748217,0.0,1396.8654131748217,112.0,355.26632425374453,357.611067121678,0.0,3.0,4.988702299990109,1396.8654131748217,51.0,1.0,,,76.0,70.0,,,,,,,,,1.0,1.0,52.0,60.0,56.0,56.0,56.0,56.0,62.0,50.0,44.0,68.0,0.0,0.0,0.0,0.0,0.0,1500.0,1500.0,1500.0,1500.0,40,7380.0,70.0,90.0,90.0,90.0,70.0,90.0,80.0,70.0,80.0,80.0,90.0,90.0,90.0,80.0,80.0,90.0,90.0,90.0
1224.7380450125165,3879.0804474256784,0.0,0.0,0.0,0.0,0.0,0.0,0.0,0.0,0.0,0.0,0.0,0.0,0.0,0.0,0.0,0.0,0.0,0.0,0.0,0.0,0.0,0.0,0.0,0.0,0.0,0.0,0.0,0.0,0.0,0.0,0.0,0.0,0.0,0.0,0.0,0.0,0.0,0.0,0.0,0.0,0.0,0.0,0.0,0.0,0.0,0.0,0.0,0.0,0.0,0.0,0.0,0.0,0.0,0.0,0.0,0.0,0.0,0.0,0.0,0.0,0.0,0.0,0.0,0.0,0.0,0.0,0.0,0.0,0.0,0.0,0.0,0.0,0.0,0.0,0.0,0.0,0.0,0.0,0.0,0.0,0.0,0.0,0.0,0.0,0.0,0.0,0.0,0.0,0.0,0.0,0.0,0.0,1142.058,1224.7380450125165,-2598.2191232392506,6000.0,1200.0,3.0,141.6310983200914,353.5011477987898,211.87004947869843,10129.129583897477,0.9855024124193532,0.0,2075.4851356062313,2282.0702302683508,1224.7380450125165,3879.0804474256784,0.0,1224.7380450125165,6000.0,731.4357917283257,1224.7380450125165,1224.7380450125165,3879.0804474256784,1.0,0.0,0.0,49.0,5.0,0.0,1.0,49.0,0.0,0.0,5.0,0.0,1.0,1.0,752.9644960505794,1224.7380450125165,6000.0,21.528704322253702,1103.0964408753587,0.0,1.0,0.0,1.0,1.0,0.0,1.0,5.0,4.0,0.0,0.0,1224.7380450125165,8.0,632.6317774036896,49.0,0.0,249.37420921873684,24.0,632.6317774036896,1224.7380450125165,6000.0,1224.7380450125165,3879.0804474256784,0.0,0.0,,,,,,,,,,,,,0.0,1224.7380450125165,3451.7356420594574,9.0,-2598.2191232392506,4800.0,752.9644960505794,1224.7380450125165,1224.7380450125165,3451.7356420594574,1.0,0.0,0.0,1224.7380450125165,6000.0,1.0,18.0,20.53550774435179,1.0267753872175895,0.0,1834.5322326036844,0.0,1.0,0.0,1.0,1.0,1.0,1.0,0.0,0.0,0.0,0.0,0.0,1834.5322326036844,363.85274406560296,0.0,0.0,0.0,731.4357917283257,353.5011477987898,353.5011477987898,0.0,1.0,1103.0964408753587,0.0,0.0,91.72661163018422,0.0,0.0,0.0,0.0,0.0,0.0,1834.5322326036844,1.0,0.0,1834.5322326036844,0.0,1.0,691.7339618647477,14042.0,9086.0,14042.0,5750.25,3720.7500000000005,5750.25,4093.6,2648.8,4093.6,3.0,23885.85,15455.550000000003,23885.85,1224.7380450125165,6000.0,1.0,0.0,220.0,0.0,773.5010895272079,1.0,0.0,773.5010895272079,38.6750544763604,0.5,0.0,0.0,0.0,-2598.2191232392506,3500.0,-3315.000000000001,37566.666666666664,-22100.000000000004,5635.000000000001,0.15000000000000002,0.0,1226.2901283458496,977.1426898517207,1226.2901283458496,977.1426898517207,1.0,1.0,0.0,-821.2293026028177,1.0,8004.880829363516,-5474.862017352118,1200.7321244045274,0.0,1224.7380450125165,0.0,0.0,1224.7380450125165,4093.6,1200.0,6000.0,2764.761737206803,0.5053639878395697,0.49463601216043035,6000.0,731.4357917283257,691.7339618647477,1.0,,1224.7380450125165,,6000.0,1.0,,1.0,1.0,1834.5322326036844,,,0.0,0.0,353.5011477987898,117.83371593292993,1224.7380450125165,0.0,3470.4649130617627,1224.7380450125165,3879.0804474256784,113.178749857275,1.0,0.0,0.0,-55.454657808519926,121.28424802186765,3.0,0.0,0.0,2120.9195525743216,1.0,0.0,1.0,0.0,0.0,0.0,0.0,0.0,0.0,1.0,6.0,0.0,1.0,0.37267080745341613,0.19405501514094992,0.0,0.0,1.0,0.7125714575486536,0.7125714575486536,0.0,1224.7380450125165,3879.0804474256784,1224.7380450125165,6000.0,731.4357917283257,1224.7380450125165,1224.7380450125165,3879.0804474256784,1.0,0.0,0.0,0.0,0.0,0.0,1224.7380450125165,6000.0,10129.129583897477,0.0,731.4357917283257,1.0,1.0,3.753167069287936e-05,0.0,1224.7380450125165,1224.7380450125165,8164.920300083442,0.02343376087713963,-0.05230347534036783,0.009416772589891783,-0.06922882038295815,-0.31066717198403876,6.0,1.0,52.0,56.0,56.0,62.0,44.0,22.0,1.0,6.0,0.0,0.0,732.0867055918644,0.0,8.83214911709706,732.0867055918644,723.2545564747675,0.0,732.0867055918644,0.0,0.6337298043874853,732.0867055918644,731.452975787477,0.0,732.0867055918644,0.0,23.10429615362068,732.0867055918644,708.9824094382437,0.0,732.0867055918644,0.0,28.787160416562756,732.0867055918644,703.2995451753015,0.0,0.011507368822209402,-0.005977035792073668,0.033083033762269363,0.058494596950810045,1.0,1500.0,1500.0,1500.0,1500.0,0.65,0.65,0.0,0.009483067795797238,0.012398762580291135,-0.010036993660622785,0.06673121732529737,0.005018161437163117,-0.018687188235927014,0.10517468292341547,0.0,0.01479765985397492,0.006502981344497984,0.0034103614192353866,0.0020862462154305206,-0.020314860553413184,0.0,0.0,0.0,1.0,90.0,90.0,90.0,70.0,90.0,80.0,70.0,80.0,90.0,90.0,90.0,80.0,80.0,90.0,90.0,90.0,0.0,0.0,0.0,0.0,0.0,1.0,0.0,0.0,269.0,0.06717368762758036,0.0,1.0,1226.2901283458496,1224.7380450125165,977.1426898517207,1224.7380450125165,1224.7380450125165,1224.7380450125165,0.0,0.0,0.0,1.0,0.0,0.0,0.0,1224.7380450125165,1224.7380450125165,0.0,1224.7380450125165,1224.7380450125165,1224.7380450125165,0.0,104.0,353.5011477987898,355.69673176118533,0.0,3.0,1.9751571999950102,1224.7380450125165,51.0,1.0,3000.0,2967.816072962582,76.0,70.0,0.65,0.65,1.4902269140314923,1.1367261707167962,1950.0,1929.0804474256784,750.0,1875.0,,,52.0,60.0,56.0,56.0,56.0,56.0,62.0,50.0,50.0,62.0,0.0,0.0,0.0,0.0,0.0,975.0,1500.0,975.0,429.0804474256783,41,7560.0,50.0,90.0,90.0,90.0,70.0,90.0,80.0,50.0,80.0,80.0,90.0,90.0,90.0,80.0,80.0,90.0,90.0,90.0
1052.0193331836151,6000.0,0.0,0.0,0.0,0.0,0.0,0.0,0.0,0.0,0.0,0.0,0.0,0.0,0.0,0.0,0.0,0.0,0.0,0.0,0.0,0.0,0.0,0.0,0.0,0.0,0.0,0.0,0.0,0.0,0.0,0.0,0.0,0.0,0.0,0.0,0.0,0.0,0.0,0.0,0.0,0.0,0.0,0.0,0.0,0.0,0.0,0.0,0.0,0.0,0.0,0.0,0.0,0.0,0.0,0.0,0.0,0.0,0.0,0.0,0.0,0.0,0.0,0.0,0.0,0.0,0.0,0.0,0.0,0.0,0.0,0.0,0.0,0.0,0.0,0.0,0.0,0.0,0.0,0.0,0.0,0.0,0.0,0.0,0.0,0.0,0.0,0.0,0.0,0.0,0.0,0.0,0.0,0.0,1142.058,1052.0193331836151,-2758.30317995683,6000.0,1200.0,3.0,135.4525623517457,325.10603404394067,189.65347169219496,7918.423589566965,0.9860779451649352,0.0,1522.7595683320883,1726.2134821509733,1052.0193331836151,6000.0,1000000.0,1052.0193331836151,6000.0,546.0819147830413,1052.0193331836151,1052.0193331836151,6000.0,0.0,1.0,0.0,49.0,4.0,0.0,1.0,49.0,,0.0,4.0,0.0,,1.0,,,,9.026048086402511,9.158302760855463,0.0,1.0,0.0,,1.0,0.0,1.0,4.0,4.0,0.0,0.0,,0.0,539.6609664758149,49.0,0.0,212.52914396617757,15.0,539.6609664758149,,,,,0.0,0.0,,,,,,,,,,,,,0.0,1052.0193331836151,5742.335380549749,15.0,-2758.30317995683,6000.0,555.1079628694438,1052.0193331836151,1052.0193331836151,5742.335380549749,1.0,0.0,0.0,,,,18.0,64.6770406958817,3.233852034794085,0.0,546.0819147830413,0.0,1.0,0.0,1.0,1.0,1.0,1.0,0.0,0.0,0.0,0.0,0.0,546.0819147830413,325.10603404394067,0.0,1.0,0.0,555.1079628694438,325.335950799098,325.335950799098,0.0,1.0,0.0,1.0,1.0,27.304095739152064,1.0,0.0,1.0,0.0,0.0,0.0,546.0819147830413,1.0,0.0,546.0819147830413,0.0,1.0,526.8431057943293,12059.6,5121.2,12059.6,4938.450000000001,2097.15,4938.450000000001,3515.6800000000003,1492.96,3515.6800000000003,3.0,20513.730000000003,8711.310000000001,20513.730000000003,1052.0193331836151,6000.0,0.0,0.0,220.0,0.0,320.09913907835886,1.0,0.0,320.09913907835886,16.004956953917944,0.5,0.011463885884971424,0.0,5.731942942485712,-2758.30317995683,3500.0,-3315.000000000001,37566.666666666664,-22100.000000000004,5635.000000000001,,,,,,,,,,-727.6389380927753,1.0,6356.056665701992,-4850.926253951835,953.4084998552989,0.0,,,,,3515.6800000000003,1200.0,6000.0,5700.0,0.5429441032417084,0.4570558967582915,6000.0,546.0819147830413,526.8431057943293,1.0,0.0,1052.0193331836151,0.0,6000.0,1.0,1.0,1.0,1.0,546.0819147830413,1052.0193331836151,6000.0,1.0,1.0,325.10603404394067,108.36867801464689,1052.0193331836151,0.0,2102.6387400857193,1052.0193331836151,6000.0,118.08351424193896,1.0,0.0,0.0,-50.02993000968826,108.36867801464689,3.0,,,,,,,,,,,,,,6.0,0.0,1.0,0.1788819875776396,0.042528124508868004,0.0,0.0,1.0,0.7848399173044629,0.7848399173044629,0.0,1052.0193331836151,6000.0,1052.0193331836151,6000.0,546.0819147830413,1052.0193331836151,1052.0193331836151,6000.0,0.0,1.0,0.0,1.0,0.0,0.0,,,7918.423589566965,0.0,546.0819147830413,0.0,5.0,0.011463885884971424,0.0,1052.0193331836151,1052.0193331836151,7013.4622212241,0.015685165846507882,-0.048429806745817386,0.004576445289368773,-0.10517530756454718,-0.0977172263393129,6.0,1.0,52.0,56.0,56.0,62.0,50.0,23.0,1.0,6.0,0.0,0.0,593.3058223174548,0.0,0.054507828273472114,583.3529978404798,603.2041389661565,0.0,593.3058223174548,0.0,9.991641125469869,593.3058223174548,603.2974634429246,0.0,593.3058223174548,0.0,0.49281960142661774,580.8557096326498,605.2631154008333,0.0,593.3058223174548,0.0,0.5273983427562143,580.6635258042776,605.4207204878759,0.0,-0.027570225505794216,-0.02759365266369026,-0.034873821616483745,-0.03505090467328758,1.0,975.0,1500.0,975.0,429.0804474256783,,,0.0,-0.006758838089979946,-0.008825802789153415,-0.0140349841172025,-0.018600080805536122,-0.02079421401567885,-0.013652577424534226,-0.1111971894463494,-0.030308215666202898,-0.005895976461237495,-0.007590563340914968,-0.014344868881864415,-0.02382719910857816,-0.023333199162095752,-0.015182542151647029,-0.01404161358917122,-0.011339026940150631,1.0,90.0,90.0,90.0,70.0,90.0,80.0,50.0,80.0,90.0,90.0,90.0,80.0,80.0,90.0,90.0,90.0,0.0,1.0,0.0,1.0,0.0,1.0,0.0,,948.0,0.06717368762758036,0.0,0.0,0.0,,0.0,,0.0,,0.0,0.0,0.0,1.0,0.0,0.0,0.0,0.0,,0.0,,1052.0193331836151,0.0,1052.0193331836151,120.0,325.10603404394067,327.0790488320705,0.0,3.0,5.1863988999975845,1052.0193331836151,51.0,1.0,,,74.0,70.0,,,,,,,,,1.0,1.0,52.0,60.0,56.0,56.0,56.0,56.0,62.0,50.0,50.0,62.0,0.0,0.0,0.0,0.0,0.0,1500.0,1500.0,1500.0,1500.0,42,7740.0,70.0,90.0,90.0,90.0,70.0,90.0,80.0,100.0,80.0,80.0,90.0,90.0,90.0,80.0,80.0,90.0,90.0,90.0
776.5828537940771,6000.0,0.0,0.0,0.0,0.0,0.0,0.0,0.0,0.0,0.0,0.0,0.0,0.0,0.0,0.0,0.0,0.0,0.0,0.0,0.0,0.0,0.0,0.0,0.0,0.0,0.0,0.0,0.0,0.0,0.0,0.0,0.0,0.0,0.0,0.0,0.0,0.0,0.0,0.0,0.0,0.0,0.0,0.0,0.0,0.0,0.0,0.0,0.0,0.0,0.0,0.0,0.0,0.0,0.0,0.0,0.0,0.0,0.0,0.0,0.0,0.0,0.0,0.0,0.0,0.0,0.0,0.0,0.0,0.0,0.0,0.0,0.0,0.0,0.0,0.0,0.0,0.0,0.0,0.0,0.0,0.0,0.0,0.0,0.0,0.0,0.0,0.0,0.0,0.0,0.0,0.0,0.0,0.0,1142.058,776.5828537940771,-2707.175815121179,6000.0,1200.0,3.0,118.12859984057414,280.09165649270517,161.963056652131,6576.239368694432,0.9867197529897184,0.0,1161.3840272112768,1321.6082281867455,776.5828537940771,6000.0,1000000.0,776.5828537940771,6000.0,449.7507646430908,776.5828537940771,776.5828537940771,6000.0,0.0,1.0,0.0,49.0,4.0,0.0,1.0,49.0,,0.0,4.0,0.0,,1.0,,,,1.333564941221482,1.799544475443838,0.0,1.0,0.0,,1.0,0.0,1.0,4.0,4.0,0.0,0.0,,0.0,447.70603362799375,49.0,0.0,223.81061760817113,16.0,447.70603362799375,,,,,0.0,0.0,,,,,,,,,,,,,0.0,776.582853794077,5933.651562377424,16.0,-2707.175815121179,6000.0,451.0843295843123,776.582853794077,776.582853794077,5933.651562377424,1.0,0.0,0.0,,,,12.0,34.7277867571328,1.73638933785664,0.0,449.7507646430908,0.0,1.0,0.0,1.0,1.0,1.0,1.0,0.0,0.0,0.0,0.0,0.0,449.7507646430908,280.09165649270517,0.0,1.0,0.0,451.0843295843123,280.37840352294825,280.37840352294825,0.0,1.0,0.0,1.0,1.0,22.48753823215454,1.0,0.0,1.0,0.0,0.0,0.0,449.7507646430908,1.0,0.0,449.7507646430908,0.0,1.0,439.4543781468608,6112.4,4130.0,6112.4,2503.05,1691.25,2503.05,1781.92,1204.0,1781.92,3.0,10397.37,7025.25,10397.37,776.5828537940771,6000.0,0.0,0.0,220.0,0.0,171.1999431674683,1.0,0.0,171.1999431674683,8.559997158373415,0.5,0.028664619212378048,0.0,14.332309606189025,-2707.175815121179,3500.0,-3315.000000000001,37566.666666666664,-22100.000000000004,5635.000000000001,,,,,,,,,,-692.1289784941188,1.0,5050.699213489417,-4614.193189960791,757.6048820234126,0.0,,,,,1781.92,1200.0,6000.0,4275.0,0.511058072937096,0.48894192706290396,6000.0,449.7507646430908,439.4543781468608,1.0,0.0,776.5828537940771,0.0,6000.0,1.0,1.0,1.0,1.0,449.7507646430908,776.5828537940771,6000.0,1.0,1.0,280.09165649270517,93.36388549756839,776.5828537940771,0.0,1629.460149890643,776.5828537940771,6000.0,120.19808644115801,1.0,0.0,0.0,-31.4221869928337,93.36388549756839,3.0,,,,,,,,,,,,,,6.0,0.0,1.0,0.0,0.08294933254391346,0.0,0.0,1.0,0.768259979276507,0.768259979276507,0.0,776.5828537940771,6000.0,776.5828537940771,6000.0,449.7507646430908,776.5828537940771,776.5828537940771,6000.0,0.0,1.0,0.0,1.0,0.0,0.0,,,6576.239368694432,0.0,449.7507646430908,0.0,5.0,0.028664619212378048,0.0,776.5828537940771,776.5828537940771,5177.219025293846,0.00901545203040562,-0.048547129568116076,0.04346236564171946,-0.007821330889260738,-0.37978114750655695,6.0,1.0,52.0,56.0,56.0,62.0,50.0,24.0,1.0,6.0,0.0,0.0,433.43290433829634,0.0,8.667445864845376,433.43290433829634,442.1003502031417,0.0,433.43290433829634,0.0,7.839830098209177,433.43290433829634,441.2727344365055,0.0,433.43290433829634,0.0,9.49491796650716,433.43290433829634,442.9278223048035,0.0,433.43290433829634,0.0,10.308956214599448,433.43290433829634,443.74186055289584,0.0,-0.02794410640139503,-0.023559704405528188,-0.03326822890363137,-0.03364574722999142,1.0,1500.0,1500.0,1500.0,1500.0,,,0.0,-0.00901571825723586,-0.017763197802679542,-0.02499111959477034,-0.04523992671329822,-0.01687359934282213,-0.014443071448799928,0.1,-0.018838060354272556,-0.009603522804303564,-0.011998008387625702,-0.025002790364937508,-0.03587420743197711,-0.04274143527358376,-0.007468274789317775,-0.006554968504290316,-0.0033013666557621946,1.0,90.0,90.0,90.0,70.0,90.0,80.0,100.0,80.0,90.0,90.0,90.0,80.0,80.0,90.0,90.0,90.0,0.0,0.0,0.0,0.0,0.0,1.0,0.0,,888.0,0.06202158133930625,0.0,0.0,0.0,,0.0,,0.0,,0.0,0.0,0.0,1.0,0.0,0.0,0.0,0.0,,0.0,,776.5828537940771,0.0,776.5828537940771,80.0,280.09165649270517,281.24925587046044,0.0,3.0,5.039140799999586,776.5828537940771,51.0,1.0,,,76.0,70.0,,,,,,,,,1.0,1.0,52.0,60.0,56.0,56.0,56.0,56.0,56.0,56.0,56.0,56.0,0.0,0.0,0.0,0.0,0.0,1500.0,1500.0,1500.0,1500.0,43,7920.0,70.0,90.0,90.0,90.0,70.0,90.0,80.0,70.0,80.0,80.0,90.0,90.0,90.0,80.0,80.0,90.0,90.0,90.0
521.779786936493,6000.0,0.0,0.0,0.0,0.0,0.0,0.0,0.0,0.0,0.0,0.0,0.0,0.0,0.0,0.0,0.0,0.0,0.0,0.0,0.0,0.0,0.0,0.0,0.0,0.0,0.0,0.0,0.0,0.0,0.0,0.0,0.0,0.0,0.0,0.0,0.0,0.0,0.0,0.0,0.0,0.0,0.0,0.0,0.0,0.0,0.0,0.0,0.0,0.0,0.0,0.0,0.0,0.0,0.0,0.0,0.0,0.0,0.0,0.0,0.0,0.0,0.0,0.0,0.0,0.0,0.0,0.0,0.0,0.0,0.0,0.0,0.0,0.0,0.0,0.0,0.0,0.0,0.0,0.0,0.0,0.0,0.0,0.0,0.0,0.0,0.0,0.0,0.0,0.0,0.0,0.0,0.0,0.0,1142.058,521.779786936493,-2520.8824793851686,6000.0,1200.0,3.0,98.66838242930082,231.00603971340428,132.33765728410347,5327.049631102124,0.9872409882054155,0.0,815.2678581469542,959.4398562671391,521.779786936493,6000.0,1000000.0,521.779786936493,6000.0,355.48668312452696,521.779786936493,521.779786936493,6000.0,0.0,1.0,0.0,49.0,4.0,0.0,1.0,49.0,,0.0,4.0,0.0,,1.0,,,,4.812652548702545,4.812652548702545,0.0,1.0,0.0,,1.0,0.0,1.0,4.0,4.0,0.0,0.0,,0.0,358.99558467787296,49.0,0.0,201.68981209917393,15.0,358.99558467787296,,,,,0.0,0.0,,,,,,,,,,,,,0.0,521.779786936493,5854.19942316079,0.0,521.779786936493,6000.0,360.2993356732295,521.779786936493,521.779786936493,5854.19942316079,1.0,0.0,0.0,,,,12.0,0.8031659538703408,0.040158297693517045,0.0,355.48668312452696,0.0,1.0,0.0,1.0,1.0,1.0,1.0,0.0,0.0,0.0,0.0,0.0,355.48668312452696,231.00603971340428,0.0,1.0,0.0,360.2993356732295,231.7816702832708,231.7816702832708,0.0,1.0,0.0,1.0,1.0,17.77433415622635,1.0,0.0,1.0,0.0,0.0,0.0,355.48668312452696,1.0,0.0,355.48668312452696,0.0,1.0,352.3670484080212,4130.0,4130.0,4130.0,1691.25,1691.25,1691.25,1204.0,1204.0,1204.0,3.0,7025.25,7025.25,7025.25,521.779786936493,6000.0,0.0,0.0,220.0,0.0,61.58952837624496,1.0,0.0,61.58952837624496,3.079476418812248,0.5,0.030074598931970935,0.0,15.037299465985468,-2520.8824793851686,3500.0,-3315.000000000001,37566.666666666664,-22100.000000000004,5635.000000000001,,,,,,,,,,-557.4922877088117,1.0,4265.7562706855515,-3716.615251392077,639.8634406028328,0.0,,,,,1204.0,1200.0,6000.0,5700.0,0.47569990386013156,0.5243000961398685,6000.0,355.48668312452696,352.3670484080212,1.0,0.0,521.779786936493,0.0,6000.0,1.0,1.0,1.0,1.0,355.48668312452696,521.779786936493,6000.0,1.0,1.0,231.00603971340428,77.00201323780142,521.779786936493,0.0,1288.5265820657564,521.779786936493,6000.0,111.4462507896172,1.0,0.0,0.0,-5.590641214777065,77.00201323780142,3.0,,,,,,,,,,,,,,6.0,0.0,1.0,0.0,0.0,0.0,0.0,1.0,0.7120162104805113,0.7120162104805113,0.0,521.779786936493,6000.0,521.779786936493,6000.0,355.48668312452696,521.779786936493,521.779786936493,6000.0,0.0,1.0,0.0,1.0,0.0,0.0,,,5327.049631102124,0.0,355.48668312452696,0.0,5.0,0.030074598931970935,0.0,521.779786936493,521.779786936493,3478.531912909953,0.011457063609690751,-0.03714812768812178,0.08029651505635134,-0.14908733452778566,-0.46777952521252075,6.0,1.0,52.0,56.0,56.0,56.0,56.0,25.0,1.0,6.0,0.0,0.0,351.53676583123547,0.0,7.970106915322162,351.53676583123547,359.50687274655763,0.0,351.53676583123547,0.0,5.397239605226218,351.53676583123547,356.9340054364617,0.0,351.53676583123547,0.0,10.792543272609123,351.53676583123547,362.3293091038446,0.0,351.53676583123547,0.0,10.87713297691812,351.53676583123547,362.4138988081536,0.0,-0.021488996776375897,-0.012344717367646892,-0.031425675792911556,-0.030602441663577618,1.0,1500.0,1500.0,1500.0,1500.0,,,0.0,-0.007677926268137369,-0.010565746988132929,-0.01695706757235023,-0.029432342294762034,-0.017187948071641302,-0.022472259643341277,-0.04281530718428286,-0.02173170016031172,-0.006810447405811714,-0.008907240025543573,-0.013432760778791674,-0.0224904851659943,-0.03335203171092864,-0.006812210319230872,-0.007499829336481412,-0.006505874036909276,1.0,90.0,90.0,90.0,70.0,90.0,80.0,70.0,80.0,90.0,90.0,90.0,80.0,80.0,90.0,90.0,90.0,0.0,0.0,0.0,0.0,0.0,1.0,0.0,,939.0,0.05841510693751437,0.0,0.0,0.0,,0.0,,0.0,,0.0,0.0,0.0,1.0,0.0,0.0,0.0,0.0,,0.0,,521.779786936493,0.0,521.779786936493,112.0,231.00603971340428,231.1894245002597,0.0,2.0,4.957276899993303,521.779786936493,51.0,1.0,,,76.0,70.0,,,,,,,,,1.0,1.0,52.0,60.0,56.0,56.0,56.0,56.0,62.0,50.0,62.0,50.0,0.0,0.0,0.0,0.0,0.0,1500.0,1500.0,1500.0,1500.0,44,8100.0,70.0,90.0,90.0,90.0,70.0,90.0,80.0,70.0,80.0,80.0,90.0,90.0,90.0,80.0,80.0,90.0,90.0,90.0
439.7469797216343,6000.0,0.0,0.0,0.0,0.0,0.0,0.0,0.0,0.0,0.0,0.0,0.0,0.0,0.0,0.0,0.0,0.0,0.0,0.0,0.0,0.0,0.0,0.0,0.0,0.0,0.0,0.0,0.0,0.0,0.0,0.0,0.0,0.0,0.0,0.0,0.0,0.0,0.0,0.0,0.0,0.0,0.0,0.0,0.0,0.0,0.0,0.0,0.0,0.0,0.0,0.0,0.0,0.0,0.0,0.0,0.0,0.0,0.0,0.0,0.0,0.0,0.0,0.0,0.0,0.0,0.0,0.0,0.0,0.0,0.0,0.0,0.0,0.0,0.0,0.0,0.0,0.0,0.0,0.0,0.0,0.0,0.0,0.0,0.0,0.0,0.0,0.0,0.0,0.0,0.0,0.0,0.0,0.0,1142.058,439.7469797216343,-2298.7576352069623,6000.0,1200.0,3.0,80.36857609935458,186.98837119468416,106.61979509532958,4268.10143209801,0.9897017515935616,0.0,551.7937967775465,685.3924444334887,439.7469797216343,6000.0,1000000.0,439.7469797216343,6000.0,279.15806328277193,439.7469797216343,439.7469797216343,6000.0,0.0,1.0,0.0,49.0,4.0,0.0,1.0,49.0,,0.0,4.0,0.0,,1.0,,,,2.5713180747111437,2.5713180747111437,0.0,1.0,0.0,,1.0,0.0,1.0,4.0,4.0,0.0,0.0,,0.0,279.7344206256074,49.0,0.0,169.18840197124848,15.0,279.7344206256074,,,,,0.0,0.0,,,,,,,,,,,,,0.0,439.7469797216343,5909.619805963712,0.0,439.7469797216343,6000.0,281.7293813574831,439.7469797216343,439.7469797216343,5909.619805963712,1.0,0.0,0.0,,,,12.0,0.0,0.0,0.0,279.15806328277193,0.0,1.0,0.0,1.0,1.0,1.0,1.0,0.0,0.0,0.0,0.0,0.0,279.15806328277193,186.98837119468416,0.0,1.0,0.0,281.7293813574831,187.567023262381,187.567023262381,0.0,1.0,0.0,1.0,1.0,13.957903164138598,1.0,0.0,1.0,0.0,0.0,0.0,279.15806328277193,1.0,0.0,279.15806328277193,0.0,1.0,279.15806328277193,4130.0,4130.0,4130.0,1691.25,1691.25,1691.25,1204.0,1204.0,1204.0,3.0,7025.25,7025.25,7025.25,439.7469797216343,6000.0,0.0,0.0,220.0,0.0,0.0,1.0,0.0,0.0,0.0,0.5,0.02038950561960542,0.0,10.194752809802711,-2298.7576352069623,3500.0,-3315.000000000001,37566.666666666664,-22100.000000000004,5635.000000000001,,,,,,,,,,-497.02690267958377,1.0,4044.6289558707367,-3313.512684530558,606.6943433806106,0.0,,,,,1204.0,1200.0,6000.0,5700.0,0.48493663432728523,0.5150633656727147,6000.0,279.15806328277193,279.15806328277193,1.0,0.0,439.7469797216343,0.0,6000.0,1.0,1.0,1.0,1.0,279.15806328277193,439.7469797216343,6000.0,1.0,1.0,186.98837119468416,62.32945706489472,439.7469797216343,0.0,955.987406240555,439.7469797216343,6000.0,93.31371021951152,1.0,1.0,1.0,18.35001302526831,62.32945706489472,3.0,,,,,,,,,,,,,,6.0,0.0,1.0,0.0,0.0,0.0,0.0,1.0,0.6393711615773147,0.6393711615773147,0.0,439.7469797216343,6000.0,439.7469797216343,6000.0,279.15806328277193,439.7469797216343,439.7469797216343,6000.0,0.0,1.0,0.0,1.0,0.0,0.0,,,4268.10143209801,0.0,279.15806328277193,0.0,5.0,0.02038950561960542,0.0,439.7469797216343,439.7469797216343,2931.646531477562,-0.001593684335118084,-0.02935232770590459,0.02388633952939223,-0.02256198328204532,-0.29171269230129526,6.0,1.0,52.0,56.0,56.0,62.0,62.0,26.0,1.0,6.0,0.0,0.0,277.59188625841045,0.0,6.539854433534174,277.59188625841045,284.1317406919446,0.0,277.59188625841045,0.0,2.777401896343008,277.59188625841045,280.3692881547535,0.0,277.59188625841045,0.0,11.097454374926428,277.59188625841045,288.6893406333369,0.0,277.59188625841045,0.0,11.38077398375765,277.59188625841045,288.9726602421681,0.0,-0.015198485471602604,-0.0026149154780303503,-0.029982920872910317,-0.030682301460668623,1.0,1500.0,1500.0,1500.0,1500.0,,,0.0,-0.00708242046588623,-0.009212103269823049,-0.013931698865771482,-0.024532321828045767,-0.01726358682532911,-0.02360578752295446,-0.03942313870579532,-0.022169928563546652,-0.006350804896574757,-0.007776278338683085,-0.010182551467399392,-0.01612669007056837,-0.024069596648487488,-0.010586454700563764,-0.010938920315770418,-0.009160411395626865,1.0,90.0,90.0,90.0,70.0,90.0,80.0,70.0,80.0,90.0,90.0,90.0,80.0,80.0,90.0,90.0,90.0,1.0,1.0,1.0,1.0,0.0,1.0,0.0,,929.0,0.05589057485626006,0.0,0.0,0.0,,0.0,,0.0,,0.0,0.0,0.0,1.0,0.0,0.0,0.0,0.0,,0.0,,439.7469797216343,0.0,439.7469797216343,104.0,186.98837119468416,186.94418071783426,0.0,2.0,5.233459199997014,439.7469797216343,51.0,1.0,,,76.0,70.0,,,,,,,,,1.0,1.0,52.0,60.0,56.0,56.0,50.0,62.0,62.0,50.0,68.0,44.0,0.0,0.0,0.0,0.0,0.0,1500.0,1500.0,1500.0,1500.0,45,8280.0,70.0,90.0,90.0,90.0,70.0,90.0,80.0,70.0,80.0,80.0,90.0,90.0,90.0,80.0,80.0,90.0,90.0,90.0
356.3541150376866,6000.0,0.0,0.0,0.0,0.0,0.0,0.0,0.0,0.0,0.0,0.0,0.0,0.0,0.0,0.0,0.0,0.0,0.0,0.0,0.0,0.0,0.0,0.0,0.0,0.0,0.0,0.0,0.0,0.0,0.0,0.0,0.0,0.0,0.0,0.0,0.0,0.0,0.0,0.0,0.0,0.0,0.0,0.0,0.0,0.0,0.0,0.0,0.0,0.0,0.0,0.0,0.0,0.0,0.0,0.0,0.0,0.0,0.0,0.0,0.0,0.0,0.0,0.0,0.0,0.0,0.0,0.0,0.0,0.0,0.0,0.0,0.0,0.0,0.0,0.0,0.0,0.0,0.0,0.0,0.0,0.0,0.0,0.0,0.0,0.0,0.0,0.0,0.0,0.0,0.0,0.0,0.0,0.0,1142.058,356.3541150376866,-1813.5017409251154,6000.0,1200.0,3.0,64.62963310417459,149.35000968651968,84.7203765823451,3377.8400267655047,0.9924719196642399,0.0,359.5762250949788,498.08833886514316,356.3541150376866,6000.0,1000000.0,356.3541150376866,6000.0,218.6706709594646,356.3541150376866,356.3541150376866,6000.0,0.0,1.0,0.0,49.0,4.0,0.0,1.0,49.0,,0.0,4.0,0.0,,1.0,,,,1.3333195062180607,1.3333195062180607,0.0,1.0,0.0,,1.0,0.0,1.0,4.0,4.0,0.0,0.0,,0.0,217.574630060958,49.0,0.0,149.88184623490406,15.0,217.574630060958,,,,,0.0,0.0,,,,,,,,,,,,,0.0,356.3541150376866,5942.111538673005,0.0,356.3541150376866,6000.0,220.00399046568265,356.3541150376866,356.3541150376866,5942.111538673005,1.0,0.0,0.0,,,,12.0,0.0,0.0,0.0,218.6706709594646,0.0,1.0,0.0,1.0,1.0,1.0,1.0,0.0,0.0,0.0,0.0,0.0,218.6706709594646,149.35000968651968,0.0,1.0,0.0,220.00399046568265,149.72726488842147,149.72726488842147,0.0,1.0,0.0,1.0,1.0,10.93353354797323,1.0,0.0,1.0,0.0,0.0,0.0,218.6706709594646,1.0,0.0,218.6706709594646,0.0,1.0,218.6706709594646,4130.0,4130.0,4130.0,1691.25,1691.25,1691.25,1204.0,1204.0,1204.0,3.0,7025.25,7025.25,7025.25,356.3541150376866,6000.0,0.0,0.0,220.0,0.0,0.0,1.0,0.0,0.0,0.0,0.5,0.007303931375192457,0.0,3.651965687596228,-1813.5017409251154,2959.95630112446,-3315.000000000001,37566.666666666664,-22100.000000000004,5635.000000000001,,,,,,,,,,-460.4042636734419,1.0,3662.006033439339,-3069.3617578229455,549.3009050159009,1.0,,,,,1204.0,1200.0,6000.0,5700.0,0.4903519231121676,0.5096480768878324,6000.0,218.6706709594646,218.6706709594646,1.0,0.0,356.3541150376866,0.0,6000.0,1.0,1.0,1.0,1.0,218.6706709594646,356.3541150376866,6000.0,1.0,1.0,149.35000968651968,49.783336562173226,356.3541150376866,0.0,693.903172457752,356.3541150376866,6000.0,76.32674684684109,1.0,1.0,1.0,25.12181647567877,49.783336562173226,3.0,,,,,,,,,,,,,,6.0,0.0,1.0,0.0,0.0,0.0,0.0,1.0,0.47400669034590137,0.47400669034590137,0.0,356.3541150376866,6000.0,356.3541150376866,6000.0,218.6706709594646,356.3541150376866,356.3541150376866,6000.0,0.0,1.0,0.0,1.0,0.0,0.0,,,3377.8400267655047,0.0,218.6706709594646,0.0,5.0,0.007303931375192457,0.0,356.3541150376866,356.3541150376866,2375.6941002512435,-0.00882192133310424,-0.02851765054028817,-0.09996895402429444,0.04535841439725437,-0.10260440373568613,6.0,1.0,52.0,56.0,50.0,62.0,68.0,27.0,1.0,6.0,0.0,0.0,216.54999258423862,0.0,3.494819786183541,216.54999258423862,220.04481237042216,0.0,216.54999258423862,0.0,0.9621145146463164,216.54999258423862,217.51210709888494,0.0,216.54999258423862,0.0,11.148609403578405,216.54999258423862,227.69860198781703,0.0,216.54999258423862,0.0,11.399060426245342,216.54999258423862,227.949053010484,0.0,-0.0062798579755081125,0.0004460295337832083,-0.0295453722790852,-0.030180400310840006,1.0,1500.0,1500.0,1500.0,1500.0,,,0.0,-0.0068161326518032085,-0.008701812831645306,-0.012464750083672094,-0.021407540898113635,-0.017396127707271704,-0.02496076319079403,-0.03525005378361126,-0.022769699733138894,-0.006138733038981848,-0.007379510478122421,-0.009119967770486603,-0.013780462501910052,-0.02039520254343863,-0.012137417683000251,-0.011967978182466156,-0.009789393371231548,1.0,90.0,90.0,90.0,70.0,90.0,80.0,70.0,80.0,90.0,90.0,90.0,80.0,80.0,90.0,90.0,90.0,1.0,1.0,1.0,1.0,0.0,1.0,0.0,,975.0,0.05412340239938204,0.0,0.0,0.0,,0.0,,0.0,,0.0,0.0,0.0,1.0,0.0,0.0,0.0,0.0,,0.0,,356.3541150376866,0.0,356.3541150376866,136.0,149.35000968651968,149.98284559958952,0.0,2.0,5.515071899993927,356.3541150376866,51.0,1.0,,,76.0,70.0,,,,,,,,,1.0,1.0,52.0,60.0,56.0,56.0,50.0,62.0,62.0,50.0,74.0,38.0,0.0,0.0,0.0,0.0,0.0,1500.0,1500.0,1500.0,1500.0,46,8460.0,70.0,90.0,90.0,90.0,70.0,90.0,80.0,70.0,80.0,80.0,90.0,90.0,90.0,80.0,80.0,90.0,90.0,90.0
379.19154275788105,6000.0,0.0,0.0,0.0,0.0,0.0,0.0,0.0,0.0,0.0,0.0,0.0,0.0,0.0,0.0,0.0,0.0,0.0,0.0,0.0,0.0,0.0,0.0,0.0,0.0,0.0,0.0,0.0,0.0,0.0,0.0,0.0,0.0,0.0,0.0,0.0,0.0,0.0,0.0,0.0,0.0,0.0,0.0,0.0,0.0,0.0,0.0,0.0,0.0,0.0,0.0,0.0,0.0,0.0,0.0,0.0,0.0,0.0,0.0,0.0,0.0,0.0,0.0,0.0,0.0,0.0,0.0,0.0,0.0,0.0,0.0,0.0,0.0,0.0,0.0,0.0,0.0,0.0,0.0,0.0,0.0,0.0,0.0,0.0,0.0,0.0,0.0,0.0,0.0,0.0,0.0,0.0,0.0,1142.058,379.19154275788105,-1467.0256010527135,6000.0,1200.0,3.0,51.768866065327444,116.51212735411148,64.74326128878404,2689.8162375097268,0.9945719711634653,0.0,217.48365341241146,354.23058121831076,379.19154275788105,6000.0,1000000.0,379.19154275788105,6000.0,170.90812618511578,379.19154275788105,379.19154275788105,6000.0,0.0,1.0,0.0,49.0,4.0,0.0,1.0,49.0,,0.0,4.0,0.0,,1.0,,,,0.681119879136844,0.681119879136844,0.0,1.0,0.0,,1.0,0.0,1.0,4.0,4.0,0.0,0.0,,0.0,169.573102009312,49.0,0.0,126.1236846093826,15.0,169.573102009312,,,,,0.0,0.0,,,,,,,,,,,,,0.0,379.19154275788105,5952.018873807193,0.0,379.19154275788105,6000.0,171.58924606425262,379.19154275788105,379.19154275788105,5952.018873807193,1.0,0.0,0.0,,,,12.0,0.0,0.0,0.0,170.90812618511578,0.0,1.0,0.0,1.0,1.0,1.0,1.0,0.0,0.0,0.0,0.0,0.0,170.90812618511578,116.51212735411148,0.0,1.0,0.0,171.58924606425262,116.75380384826653,116.75380384826653,0.0,1.0,0.0,1.0,1.0,8.545406309255789,1.0,0.0,1.0,0.0,0.0,0.0,170.90812618511578,1.0,0.0,170.90812618511578,0.0,1.0,170.90812618511578,4130.0,4130.0,4130.0,1691.25,1691.25,1691.25,1204.0,1204.0,1204.0,3.0,7025.25,7025.25,7025.25,379.19154275788105,6000.0,0.0,0.0,220.0,0.0,0.0,1.0,0.0,0.0,0.0,0.5,0.042632928423644634,0.0,21.316464211822318,-1467.0256010527135,2410.318184127433,-3315.000000000001,37566.666666666664,-22100.000000000004,5635.000000000001,,,,,,,,,,-371.60476141075145,1.0,3325.5245519578566,-2477.365076071676,498.8286827936786,1.0,,,,,1204.0,1200.0,6000.0,5700.0,0.4920031456345321,0.5079968543654678,6000.0,170.90812618511578,170.90812618511578,1.0,0.0,379.19154275788105,0.0,6000.0,1.0,1.0,1.0,1.0,170.90812618511578,379.19154275788105,6000.0,1.0,1.0,116.51212735411148,38.83737578470383,379.19154275788105,0.0,427.92487879565,379.19154275788105,6000.0,62.05217352219461,1.0,1.0,1.0,23.6663430371909,38.83737578470383,3.0,,,,,,,,,,,,,,6.0,0.0,1.0,0.0,0.0,0.0,0.0,1.0,0.37216233324036707,0.37216233324036707,0.0,379.19154275788105,6000.0,379.19154275788105,6000.0,170.90812618511578,379.19154275788105,379.19154275788105,6000.0,0.0,1.0,0.0,1.0,0.0,0.0,,,2689.8162375097268,0.0,170.90812618511578,0.0,5.0,0.042632928423644634,0.0,379.19154275788105,379.19154275788105,2527.9436183858734,-0.0013122725783966116,-0.025532056430001504,-0.05289848377900756,0.010474519099796317,0.0032444031499648434,6.0,1.0,52.0,56.0,50.0,62.0,74.0,28.0,1.0,6.0,0.0,0.0,168.89305483951534,0.0,1.2514106961594393,168.89305483951534,170.14446553567478,0.0,168.89305483951534,0.0,0.081843823490658,168.89305483951534,168.974898663006,0.0,168.89305483951534,0.0,10.316272930551008,168.89305483951534,179.20932777006638,0.0,168.89305483951534,0.0,9.319872307269407,168.89305483951534,178.21292714678472,0.0,-0.0004301088132509772,-0.00015998919347552486,-0.02660753236464923,-0.022632350728680233,1.0,1500.0,1500.0,1500.0,1500.0,,,0.0,-0.006554101849415695,-0.007930278934553316,-0.010113498795800169,-0.016699119859006826,-0.016575397760473544,-0.024528245386102827,-0.028376199019686688,-0.021514917724847215,-0.006304561103004858,-0.0076479044379864185,-0.009897138726721443,-0.015131232895936363,-0.020274684506136786,-0.010707824923018628,-0.010433510158359917,-0.008447776677781425,1.0,90.0,90.0,90.0,70.0,90.0,80.0,70.0,80.0,90.0,90.0,90.0,80.0,80.0,90.0,90.0,90.0,1.0,1.0,1.0,1.0,0.0,1.0,0.0,,949.0,0.052886381679567426,0.0,0.0,0.0,,0.0,,0.0,,0.0,0.0,0.0,1.0,0.0,0.0,0.0,0.0,,0.0,,379.19154275788105,0.0,379.19154275788105,112.0,116.51212735411148,116.5054872258631,0.0,1.0,5.0362851999962,379.19154275788105,51.0,1.0,,,76.0,70.0,,,,,,,,,1.0,1.0,52.0,60.0,56.0,56.0,50.0,62.0,62.0,50.0,74.0,38.0,0.0,0.0,0.0,0.0,0.0,1500.0,1500.0,1500.0,1500.0,47,8640.0,70.0,90.0,90.0,90.0,70.0,90.0,80.0,70.0,80.0,80.0,90.0,90.0,90.0,80.0,80.0,90.0,90.0,90.0
256.41526567838764,6000.0,0.0,0.0,0.0,0.0,0.0,0.0,0.0,0.0,0.0,0.0,0.0,0.0,0.0,0.0,0.0,0.0,0.0,0.0,0.0,0.0,0.0,0.0,0.0,0.0,0.0,0.0,0.0,0.0,0.0,0.0,0.0,0.0,0.0,0.0,0.0,0.0,0.0,0.0,0.0,0.0,0.0,0.0,0.0,0.0,0.0,0.0,0.0,0.0,0.0,0.0,0.0,0.0,0.0,0.0,0.0,0.0,0.0,0.0,0.0,0.0,0.0,0.0,0.0,0.0,0.0,0.0,0.0,0.0,0.0,0.0,0.0,0.0,0.0,0.0,0.0,0.0,0.0,0.0,0.0,0.0,0.0,0.0,0.0,0.0,0.0,0.0,0.0,0.0,0.0,0.0,0.0,0.0,1142.058,256.41526567838764,-1054.878835304087,6000.0,1200.0,3.0,41.26042834388464,88.98606480649858,47.725636462613934,2194.7900336909934,0.9967061300109121,0.0,129.0682661270117,255.72371729683033,256.41526567838764,6000.0,1000000.0,256.41526567838764,6000.0,135.46042704086227,256.41526567838764,256.41526567838764,6000.0,0.0,1.0,0.0,49.0,4.0,0.0,1.0,49.0,,0.0,4.0,0.0,,1.0,,,,2.486537161101296,2.486537161101296,0.0,1.0,0.0,,1.0,0.0,1.0,4.0,4.0,0.0,0.0,,0.0,136.1689338093117,49.0,0.0,100.87175512621033,13.0,136.1689338093117,,,,,0.0,0.0,,,,,,,,,,,,,0.0,256.41526567838764,5733.753204959448,0.0,256.41526567838764,6000.0,137.94696420196357,256.41526567838764,256.41526567838764,5733.753204959448,1.0,0.0,0.0,,,,12.0,0.0,0.0,0.0,135.46042704086227,0.0,1.0,0.0,1.0,1.0,1.0,1.0,0.0,0.0,0.0,0.0,0.0,135.46042704086227,88.98606480649858,0.0,1.0,0.0,137.94696420196357,90.13410878124621,90.13410878124621,0.0,1.0,0.0,1.0,1.0,6.773021352043114,1.0,0.0,1.0,0.0,0.0,1.0,135.46042704086227,1.0,0.0,135.46042704086227,0.0,1.0,135.46042704086227,4130.0,4130.0,4130.0,1691.25,1691.25,1691.25,1204.0,1204.0,1204.0,3.0,7025.25,7025.25,7025.25,256.41526567838764,6000.0,0.0,0.0,220.0,0.0,0.0,1.0,0.0,0.0,0.0,0.5,0.010152130143434154,0.0,5.0760650717170765,-1054.878835304087,1672.2427230791977,-3315.000000000001,37566.666666666664,-22100.000000000004,5635.000000000001,,,,,,,,,,-354.1535964318141,1.0,2957.561588994892,-2361.0239762120937,443.6342383492339,1.0,,,,,1204.0,1200.0,6000.0,5377.691364363041,0.45562553415990803,0.5443744658400919,4611.959098317459,135.46042704086227,135.46042704086227,1.0,0.0,256.41526567838764,0.0,6000.0,1.0,1.0,1.0,1.0,135.46042704086227,256.41526567838764,6000.0,1.0,0.0,88.98606480649858,29.66202160216619,256.41526567838764,0.0,259.912029818248,256.41526567838764,6000.0,49.58978698848105,1.0,1.0,1.0,21.92352100456776,29.66202160216619,3.0,,,,,,,,,,,,,,6.0,0.0,1.0,0.0,0.0,0.0,0.0,1.0,0.2366638262720458,0.2366638262720458,0.0,256.41526567838764,6000.0,256.41526567838764,6000.0,135.46042704086227,256.41526567838764,256.41526567838764,6000.0,0.0,1.0,0.0,1.0,0.0,0.0,,,2194.7900336909934,0.0,135.46042704086227,0.0,5.0,0.010152130143434154,0.0,256.41526567838764,256.41526567838764,1709.435104522584,-0.0013122725783966116,-0.025532056430001504,-0.05289848377900756,0.010474519099796317,0.0032444031499648434,6.0,1.0,52.0,56.0,50.0,62.0,74.0,28.0,0.0,6.0,0.0,0.0,168.89305483951534,0.0,1.2514106961594393,168.89305483951534,170.14446553567478,0.0,168.89305483951534,0.0,0.081843823490658,168.89305483951534,168.974898663006,0.0,168.89305483951534,0.0,10.316272930551008,168.89305483951534,179.20932777006638,0.0,168.89305483951534,0.0,9.319872307269407,168.89305483951534,178.21292714678472,0.0,-0.0004301088132509772,-0.00015998919347552486,-0.02660753236464923,-0.022632350728680233,1.0,1500.0,1500.0,1500.0,1500.0,,,0.0,-0.006554101849415695,-0.007930278934553316,-0.010113498795800169,-0.016699119859006826,-0.016575397760473544,-0.024528245386102827,-0.028376199019686688,-0.021514917724847215,-0.006304561103004858,-0.0076479044379864185,-0.009897138726721443,-0.015131232895936363,-0.020274684506136786,-0.010707824923018628,-0.010433510158359917,-0.008447776677781425,1.0,90.0,90.0,90.0,70.0,90.0,80.0,70.0,80.0,90.0,90.0,90.0,80.0,80.0,90.0,90.0,90.0,1.0,1.0,1.0,1.0,0.0,1.0,0.0,,1016.0,0.052020467175697194,0.0,0.0,0.0,,0.0,,0.0,,0.0,0.0,0.0,1.0,0.0,0.0,0.0,0.0,,0.0,,256.41526567838764,0.0,256.41526567838764,160.0,88.98606480649858,89.77393272324653,0.0,2.0,5.295341599994572,256.41526567838764,51.0,1.0,,,76.0,70.0,,,,,,,,,1.0,1.0,52.0,60.0,56.0,56.0,51.0,61.0,62.0,50.0,74.0,38.0,0.0,0.0,0.0,0.0,0.0,1500.0,1500.0,1500.0,1500.0,48,8820.0,70.0,90.0,90.0,90.0,70.0,90.0,80.0,70.0,80.0,80.0,90.0,90.0,90.0,80.0,80.0,90.0,90.0,90.0
246.5534637434441,6000.0,0.0,0.0,0.0,0.0,0.0,0.0,0.0,0.0,0.0,0.0,0.0,0.0,0.0,0.0,0.0,0.0,0.0,0.0,0.0,0.0,0.0,0.0,0.0,0.0,0.0,0.0,0.0,0.0,0.0,0.0,0.0,0.0,0.0,0.0,0.0,0.0,0.0,0.0,0.0,0.0,0.0,0.0,0.0,0.0,0.0,0.0,0.0,0.0,0.0,0.0,0.0,0.0,0.0,0.0,0.0,0.0,0.0,0.0,0.0,0.0,0.0,0.0,0.0,0.0,0.0,0.0,0.0,0.0,0.0,0.0,0.0,0.0,0.0,0.0,0.0,0.0,0.0,0.0,0.0,0.0,0.0,0.0,0.0,0.0,0.0,0.0,0.0,0.0,0.0,0.0,0.0,0.0,1142.058,246.5534637434441,-855.629163445926,6000.0,1200.0,3.0,31.982454003620642,67.09373361805609,35.111279614435446,1846.1969743398733,0.9983374215962378,0.0,92.41666666666667,218.39363984914945,246.5534637434441,6000.0,1000000.0,246.5534637434441,6000.0,111.42952912651934,246.5534637434441,246.5534637434441,6000.0,0.0,1.0,0.0,49.0,4.0,0.0,1.0,49.0,,0.0,4.0,0.0,,1.0,,,,0.9875618172013674,0.9875618172013674,0.0,1.0,0.0,,1.0,0.0,1.0,4.0,4.0,0.0,0.0,,0.0,110.41537760109608,49.0,0.0,81.08682564874849,13.0,110.41537760109608,,,,,0.0,0.0,,,,,,,,,,,,,0.0,246.5534637434441,5785.655321962584,0.0,246.5534637434441,6000.0,112.41709094372071,246.5534637434441,246.5534637434441,5785.655321962584,1.0,0.0,0.0,,,,12.0,0.0,0.0,0.0,111.42952912651934,0.0,1.0,0.0,1.0,1.0,1.0,1.0,0.0,0.0,0.0,0.0,0.0,111.42952912651934,67.09373361805609,0.0,1.0,0.0,112.41709094372071,67.9661800031537,67.9661800031537,0.0,1.0,0.0,1.0,1.0,5.571476456325968,1.0,0.0,1.0,0.0,0.0,0.0,111.42952912651934,1.0,0.0,111.42952912651934,0.0,1.0,111.42952912651934,4130.0,4130.0,4130.0,1691.25,1691.25,1691.25,1204.0,1204.0,1204.0,3.0,7025.25,7025.25,7025.25,246.5534637434441,6000.0,0.0,0.0,220.0,0.0,0.0,1.0,0.0,0.0,0.0,0.5,0.03808791247376276,0.0,19.043956236881378,-855.629163445926,1380.0486506191685,-3315.000000000001,37566.666666666664,-22100.000000000004,5635.000000000001,,,,,,,,,,-285.30093805956875,1.0,2622.168070476375,-1902.006253730458,393.3252105714563,1.0,,,,,1204.0,1200.0,6000.0,4590.849469531557,0.464275886993764,0.535724113006236,3914.7400034323996,111.42952912651934,111.42952912651934,1.0,0.0,246.5534637434441,0.0,6000.0,1.0,1.0,1.0,1.0,111.42952912651934,246.5534637434441,6000.0,1.0,1.0,67.09373361805609,22.364577872685363,246.5534637434441,0.0,126.33367336161288,246.5534637434441,6000.0,38.434276731417235,1.0,1.0,1.0,19.96522989814531,22.364577872685363,3.0,,,,,,,,,,,,,,6.0,0.0,1.0,0.0,0.0,0.0,0.0,1.0,0.18824583357169442,0.18824583357169442,0.0,246.5534637434441,6000.0,246.5534637434441,6000.0,111.42952912651934,246.5534637434441,246.5534637434441,6000.0,0.0,1.0,0.0,1.0,0.0,0.0,,,1846.1969743398733,0.0,111.42952912651934,0.0,5.0,0.03808791247376276,0.0,246.5534637434441,246.5534637434441,1643.689758289627,-0.0013122725783966116,-0.025532056430001504,-0.05289848377900756,0.010474519099796317,0.0032444031499648434,6.0,1.0,52.0,56.0,50.0,62.0,74.0,28.0,0.0,6.0,0.0,0.0,168.89305483951534,0.0,1.2514106961594393,168.89305483951534,170.14446553567478,0.0,168.89305483951534,0.0,0.081843823490658,168.89305483951534,168.974898663006,0.0,168.89305483951534,0.0,10.316272930551008,168.89305483951534,179.20932777006638,0.0,168.89305483951534,0.0,9.319872307269407,168.89305483951534,178.21292714678472,0.0,-0.0004301088132509772,-0.00015998919347552486,-0.02660753236464923,-0.022632350728680233,1.0,1500.0,1500.0,1500.0,1500.0,,,0.0,-0.006554101849415695,-0.007930278934553316,-0.010113498795800169,-0.016699119859006826,-0.016575397760473544,-0.024528245386102827,-0.028376199019686688,-0.021514917724847215,-0.006304561103004858,-0.0076479044379864185,-0.009897138726721443,-0.015131232895936363,-0.020274684506136786,-0.010707824923018628,-0.010433510158359917,-0.008447776677781425,1.0,90.0,90.0,90.0,70.0,90.0,80.0,70.0,80.0,90.0,90.0,90.0,80.0,80.0,90.0,90.0,90.0,1.0,1.0,1.0,1.0,0.0,1.0,0.0,,1026.0,0.05141432702298803,0.0,0.0,0.0,,0.0,,0.0,,0.0,0.0,0.0,1.0,0.0,0.0,0.0,0.0,,0.0,,246.5534637434441,0.0,246.5534637434441,144.0,67.09373361805609,66.85195214956934,0.0,3.0,5.333391899999697,246.5534637434441,51.0,1.0,,,76.0,70.0,,,,,,,,,1.0,1.0,52.0,60.0,56.0,56.0,51.0,61.0,62.0,50.0,74.0,38.0,0.0,0.0,0.0,0.0,0.0,1500.0,1500.0,1500.0,1500.0,49,9000.0,70.0,90.0,90.0,90.0,70.0,90.0,80.0,70.0,80.0,80.0,90.0,90.0,90.0,80.0,80.0,90.0,90.0,90.0
204.8844121305279,6000.0,0.0,0.0,0.0,0.0,0.0,0.0,0.0,0.0,0.0,0.0,0.0,0.0,0.0,0.0,0.0,0.0,0.0,0.0,0.0,0.0,0.0,0.0,0.0,0.0,0.0,0.0,0.0,0.0,0.0,0.0,0.0,0.0,0.0,0.0,0.0,0.0,0.0,0.0,0.0,0.0,0.0,0.0,0.0,0.0,0.0,0.0,0.0,0.0,0.0,0.0,0.0,0.0,0.0,0.0,0.0,0.0,0.0,0.0,0.0,0.0,0.0,0.0,0.0,0.0,0.0,0.0,0.0,0.0,0.0,0.0,0.0,0.0,0.0,0.0,0.0,0.0,0.0,0.0,0.0,0.0,0.0,0.0,0.0,0.0,0.0,0.0,0.0,0.0,0.0,0.0,0.0,0.0,1142.058,996.4334621292378,-643.9178356599707,6000.0,1200.0,3.0,23.986168315948976,52.28397220248968,28.2978038865407,1629.0833139339804,1.000075865897089,0.0,92.41666666666667,211.31684170893328,204.8844121305279,6000.0,1000000.0,204.8844121305279,6000.0,96.42535341466504,204.8844121305279,204.8844121305279,6000.0,0.0,1.0,0.0,50.0,5.0,1.0,0.0,75.0,,0.0,9.0,1.0,,1.0,,,,0.11901717314590599,inf,0.0,1.0,0.0,,1.0,1.0,0.0,5.0,4.0,0.0,0.0,,1.0,94.58496465129181,50.0,0.0,62.091512540354444,3.0,94.58496465129181,,,,,25.0,4.0,1.0,0.0,1.0,4.0,4.0,1.0,94.58496465129181,25.0,0.0,62.091512540354444,14.0,94.58496465129181,1.0,204.8844121305279,5925.029886588127,1.0,-643.9178356599707,6000.0,96.54437058781095,204.8844121305279,204.8844121305279,5925.029886588127,1.0,0.0,0.0,,,,12.0,0.0,0.0,0.0,96.42535341466504,0.0,1.0,0.0,1.0,1.0,1.0,1.0,0.0,0.0,0.0,0.0,0.0,96.42535341466504,52.28397220248968,0.0,1.0,0.0,96.54437058781095,52.40149549888602,52.40149549888602,0.0,1.0,0.0,1.0,1.0,4.821267670733253,1.0,0.0,1.0,0.0,0.0,0.0,96.42535341466504,1.0,0.0,96.42535341466504,0.0,1.0,96.42535341466504,4130.0,4130.0,4130.0,1691.25,1691.25,1691.25,1204.0,1204.0,1204.0,3.0,7025.25,7025.25,7025.25,204.8844121305279,6000.0,0.0,0.0,220.0,0.0,0.0,1.0,0.0,0.0,0.0,0.5,0.02933913816624716,0.0,14.66956908312358,-643.9178356599707,996.4334621292378,-3315.000000000001,37566.666666666664,-22100.000000000004,5635.000000000001,,,,,,,,,,-275.49314914248527,1.0,2377.546296296296,-1836.620994283235,356.63194444444446,1.0,,,,,1204.0,1200.0,6000.0,5011.826999780382,0.4875049810980212,0.5124950189019789,2949.4527152505143,96.42535341466504,96.42535341466504,1.0,0.0,204.8844121305279,0.0,6000.0,1.0,1.0,1.0,1.0,96.42535341466504,204.8844121305279,6000.0,1.0,1.0,52.28397220248968,17.427990734163227,204.8844121305279,0.0,41.437890246717636,204.8844121305279,6000.0,29.307102306391727,1.0,1.0,1.0,17.380793240779084,17.427990734163227,3.0,,,,,,,,,,,,,,6.0,0.0,1.0,0.0,0.0,0.0,0.0,1.0,0.12121199411461905,0.12121199411461905,0.0,204.8844121305279,6000.0,204.8844121305279,6000.0,96.42535341466504,204.8844121305279,204.8844121305279,6000.0,0.0,1.0,0.0,1.0,0.0,0.0,,,1629.0833139339804,0.0,96.42535341466504,0.0,5.0,0.02933913816624716,0.0,204.8844121305279,204.8844121305279,1365.8960808701856,-0.004341642396297159,-0.015085490847567568,-0.06458931575744216,0.026906909194498303,0.07276527173350766,6.0,1.0,52.0,56.0,51.0,62.0,74.0,29.0,1.0,6.0,0.0,0.0,94.4659611435567,0.0,0.014353369762972079,94.4659611435567,94.48031451331966,0.0,94.4659611435567,0.0,0.011786539913202887,94.4659611435567,94.4777476834699,0.0,94.4659611435567,0.0,1.3616697910756272,94.4659611435567,95.82763093463231,0.0,94.4659611435567,0.0,0.862563208643536,94.4659611435567,95.32852435220022,0.0,-4.7844565876526225e-05,-3.9288466377342955e-05,-0.0004334406934571912,-0.0006910933937942093,1.0,1500.0,1500.0,1500.0,1500.0,,,0.0,-0.006497870429341468,-0.00781623888884626,-0.009816416812604345,-0.014997376213393032,-0.011947667248049056,-0.015673933821336396,-0.017189946965467495,-0.01260820673380101,-0.006171301602061341,-0.007340924035529462,-0.009023714245125356,-0.01279516379589163,-0.014065506980560992,-0.010418904611348532,-0.009400339663606871,-0.007205073521595384,1.0,90.0,90.0,90.0,70.0,90.0,80.0,70.0,80.0,90.0,90.0,90.0,80.0,80.0,90.0,90.0,90.0,1.0,1.0,1.0,1.0,0.0,1.0,0.0,,984.0,0.05099002891609162,0.0,0.0,0.0,,0.0,,0.0,,0.0,0.0,0.0,1.0,0.0,0.0,0.0,0.0,,0.0,,204.8844121305279,0.0,204.8844121305279,136.0,52.28397220248968,52.73982961162953,0.0,2.0,5.211998400001903,204.8844121305279,51.0,1.0,,,76.0,70.0,,,,,,,,,1.0,1.0,52.0,60.0,56.0,56.0,51.0,61.0,62.0,50.0,74.0,38.0,0.0,0.0,0.0,0.0,0.0,1500.0,1500.0,1500.0,1500.0,50,9180.0,70.0,90.0,90.0,90.0,70.0,90.0,80.0,70.0,80.0,80.0,90.0,90.0,90.0,80.0,80.0,90.0,90.0,90.0
249.3914881124324,6000.0,0.0,0.0,0.0,0.0,0.0,0.0,0.0,0.0,0.0,0.0,0.0,0.0,0.0,0.0,0.0,0.0,0.0,0.0,0.0,0.0,0.0,0.0,0.0,0.0,0.0,0.0,0.0,0.0,0.0,0.0,0.0,0.0,0.0,0.0,0.0,0.0,0.0,0.0,0.0,0.0,0.0,0.0,0.0,0.0,0.0,0.0,0.0,0.0,0.0,0.0,0.0,0.0,0.0,0.0,0.0,0.0,0.0,0.0,0.0,0.0,0.0,0.0,0.0,0.0,0.0,0.0,0.0,0.0,0.0,0.0,0.0,0.0,0.0,0.0,0.0,0.0,0.0,0.0,0.0,0.0,0.0,0.0,0.0,0.0,0.0,0.0,0.0,0.0,0.0,0.0,0.0,0.0,1142.058,249.3914881124324,-352.4770576299983,6000.0,1200.0,3.0,18.896338422064893,44.27224250018799,25.3759040781231,1549.0320913653475,1.0020345619168505,0.0,71.14583333333333,140.1031195595267,249.3914881124324,6000.0,1000000.0,249.3914881124324,6000.0,88.21743248419004,249.3914881124324,249.3914881124324,6000.0,0.0,1.0,0.0,49.0,4.0,0.0,1.0,49.0,,0.0,4.0,0.0,,1.0,,,,0.011398320121685401,0.011398320121685401,0.0,1.0,0.0,,1.0,0.0,1.0,4.0,4.0,0.0,0.0,,0.0,86.66999748495662,49.0,0.0,38.195378893444115,13.0,86.66999748495662,,,,,0.0,0.0,,,,,,,,,,,,,0.0,249.3914881124324,5935.782897347477,0.0,249.3914881124324,6000.0,88.22883080431173,249.3914881124324,249.3914881124324,5935.782897347477,1.0,0.0,0.0,,,,12.0,0.0,0.0,0.0,88.21743248419004,0.0,1.0,0.0,1.0,1.0,1.0,1.0,0.0,0.0,0.0,0.0,0.0,88.21743248419004,44.27224250018799,0.0,1.0,0.0,88.22883080431173,44.28243105239293,44.28243105239293,0.0,1.0,0.0,1.0,1.0,4.410871624209502,1.0,0.0,1.0,0.0,0.0,0.0,88.21743248419004,1.0,0.0,88.21743248419004,0.0,1.0,88.21743248419004,4130.0,4130.0,4130.0,1691.25,1691.25,1691.25,1204.0,1204.0,1204.0,3.0,7025.25,7025.25,7025.25,249.3914881124324,6000.0,0.0,0.0,220.0,0.0,0.0,1.0,0.0,0.0,0.0,0.5,0.015401610506626182,0.0,7.70080525331309,-352.4770576299983,579.4778331613667,-3315.000000000001,37566.666666666664,-22100.000000000004,5635.000000000001,,,,,,,,,,-221.91435852634882,1.0,2377.8240740740744,-1479.4290568423253,356.6736111111112,1.0,,,,,1204.0,1200.0,6000.0,4565.867951365724,0.4892971495579129,0.510702850442087,1811.8405466318761,88.21743248419004,88.21743248419004,1.0,0.0,249.3914881124324,0.0,6000.0,1.0,1.0,1.0,1.0,88.21743248419004,249.3914881124324,6000.0,1.0,1.0,44.27224250018799,14.757414166729331,249.3914881124324,0.0,13.313674779061953,249.3914881124324,6000.0,22.122920031078223,1.0,1.0,1.0,13.464249838970929,14.757414166729331,3.0,,,,,,,,,,,,,,6.0,0.0,1.0,0.0,0.0,0.0,0.0,1.0,0.042211149071658065,0.042211149071658065,0.0,249.3914881124324,6000.0,249.3914881124324,6000.0,88.21743248419004,249.3914881124324,249.3914881124324,6000.0,0.0,1.0,0.0,1.0,0.0,0.0,,,1549.0320913653475,0.0,88.21743248419004,0.0,5.0,0.015401610506626182,0.0,249.3914881124324,249.3914881124324,1662.609920749549,-0.004341642396297159,-0.015085490847567568,-0.06458931575744216,0.026906909194498303,0.07276527173350766,6.0,1.0,52.0,56.0,51.0,62.0,74.0,29.0,0.0,6.0,0.0,0.0,94.4659611435567,0.0,0.014353369762972079,94.4659611435567,94.48031451331966,0.0,94.4659611435567,0.0,0.011786539913202887,94.4659611435567,94.4777476834699,0.0,94.4659611435567,0.0,1.3616697910756272,94.4659611435567,95.82763093463231,0.0,94.4659611435567,0.0,0.862563208643536,94.4659611435567,95.32852435220022,0.0,-4.7844565876526225e-05,-3.9288466377342955e-05,-0.0004334406934571912,-0.0006910933937942093,1.0,1500.0,1500.0,1500.0,1500.0,,,0.0,-0.006497870429341468,-0.00781623888884626,-0.009816416812604345,-0.014997376213393032,-0.011947667248049056,-0.015673933821336396,-0.017189946965467495,-0.01260820673380101,-0.006171301602061341,-0.007340924035529462,-0.009023714245125356,-0.01279516379589163,-0.014065506980560992,-0.010418904611348532,-0.009400339663606871,-0.007205073521595384,1.0,90.0,90.0,90.0,70.0,90.0,80.0,70.0,80.0,90.0,90.0,90.0,80.0,80.0,90.0,90.0,90.0,1.0,1.0,1.0,1.0,0.0,1.0,0.0,,1018.0,0.05069302024126413,0.0,0.0,0.0,,0.0,,0.0,,0.0,0.0,0.0,1.0,0.0,0.0,0.0,0.0,,0.0,,249.3914881124324,0.0,249.3914881124324,128.0,44.51193094473517,44.27224250018799,2.0,2.0,4.344610200001625,249.3914881124324,51.0,1.0,,,76.0,70.0,,,,,,,,,1.0,1.0,52.0,60.0,56.0,56.0,51.0,61.0,62.0,50.0,74.0,38.0,45.0,0.0,45.0,0.0,0.0,1500.0,1500.0,1500.0,1500.0,51,9360.0,70.0,90.0,90.0,90.0,70.0,90.0,80.0,70.0,80.0,80.0,90.0,90.0,90.0,80.0,80.0,90.0,90.0,90.0
268.48392640599604,6000.0,0.0,0.0,0.0,0.0,0.0,0.0,0.0,0.0,0.0,0.0,0.0,0.0,0.0,0.0,0.0,0.0,0.0,0.0,0.0,0.0,0.0,0.0,0.0,0.0,0.0,0.0,0.0,0.0,0.0,0.0,0.0,0.0,0.0,0.0,0.0,0.0,0.0,0.0,0.0,0.0,0.0,0.0,0.0,0.0,0.0,0.0,0.0,0.0,0.0,0.0,0.0,0.0,0.0,0.0,0.0,0.0,0.0,0.0,0.0,0.0,0.0,0.0,0.0,0.0,0.0,0.0,0.0,0.0,0.0,0.0,0.0,0.0,0.0,0.0,0.0,0.0,0.0,0.0,0.0,0.0,0.0,0.0,0.0,0.0,0.0,0.0,0.0,0.0,0.0,0.0,0.0,0.0,1142.058,268.48392640599604,-211.05451146501525,6000.0,1200.0,3.0,17.157544319882902,42.329348234421936,25.171803914539034,1520.0996750033564,1.004159942233029,0.0,92.41666666666667,212.88411619897096,268.48392640599604,6000.0,1000000.0,268.48392640599604,6000.0,86.43666858686971,268.48392640599604,268.48392640599604,6000.0,0.0,1.0,0.0,49.0,4.0,0.0,1.0,49.0,,0.0,4.0,0.0,,1.0,,,,0.002428616281250129,0.002428616281250129,0.0,1.0,0.0,,1.0,0.0,1.0,4.0,4.0,0.0,0.0,,0.0,84.19800364480722,49.0,0.0,25.863971817116322,13.0,84.19800364480722,,,,,0.0,0.0,,,,,,,,,,,,,0.0,268.48392640599604,5919.312602423617,0.0,268.48392640599604,6000.0,86.43909720315096,268.48392640599604,268.48392640599604,5919.312602423617,1.0,0.0,0.0,,,,12.0,0.0,0.0,0.0,86.43666858686971,0.0,1.0,0.0,1.0,1.0,1.0,1.0,0.0,0.0,0.0,0.0,0.0,86.43666858686971,42.329348234421936,0.0,1.0,0.0,86.43909720315096,42.33047115228507,42.33047115228507,0.0,1.0,0.0,1.0,1.0,4.321833429343486,1.0,0.0,1.0,0.0,0.0,0.0,86.43666858686971,1.0,0.0,86.43666858686971,0.0,1.0,86.43666858686971,4130.0,4130.0,4130.0,1691.25,1691.25,1691.25,1204.0,1204.0,1204.0,3.0,7025.25,7025.25,7025.25,268.48392640599604,6000.0,0.0,0.0,220.0,0.0,0.0,1.0,0.0,0.0,0.0,0.5,0.023013463907568973,0.0,11.506731953784486,-211.05451146501525,366.90404775469085,-3315.000000000001,37566.666666666664,-22100.000000000004,5635.000000000001,,,,,,,,,,-200.7673683647929,1.0,2329.6296296296296,-1338.4491224319524,349.4444444444445,1.0,,,,,1204.0,1200.0,6000.0,4399.963229038655,0.48655210040393626,0.5134478995960637,1251.5670504311104,86.43666858686971,86.43666858686971,1.0,0.0,268.48392640599604,0.0,6000.0,1.0,1.0,1.0,1.0,86.43666858686971,268.48392640599604,6000.0,1.0,1.0,42.329348234421936,14.109782744807312,268.48392640599604,0.0,12.968084417125432,268.48392640599604,6000.0,16.51321613971842,1.0,1.0,1.0,7.938257426252655,14.109782744807312,3.0,,,,,,,,,,,,,,6.0,0.0,1.0,0.0,0.0,0.0,0.0,1.0,0.0033032673910493365,0.0033032673910493365,0.0,268.48392640599604,6000.0,268.48392640599604,6000.0,86.43666858686971,268.48392640599604,268.48392640599604,6000.0,0.0,1.0,0.0,1.0,0.0,0.0,,,1520.0996750033564,0.0,86.43666858686971,0.0,5.0,0.023013463907568973,0.0,268.48392640599604,268.48392640599604,1789.89284270664,-0.004341642396297159,-0.015085490847567568,-0.06458931575744216,0.026906909194498303,0.07276527173350766,6.0,1.0,52.0,56.0,51.0,62.0,74.0,29.0,0.0,6.0,0.0,0.0,94.4659611435567,0.0,0.014353369762972079,94.4659611435567,94.48031451331966,0.0,94.4659611435567,0.0,0.011786539913202887,94.4659611435567,94.4777476834699,0.0,94.4659611435567,0.0,1.3616697910756272,94.4659611435567,95.82763093463231,0.0,94.4659611435567,0.0,0.862563208643536,94.4659611435567,95.32852435220022,0.0,-4.7844565876526225e-05,-3.9288466377342955e-05,-0.0004334406934571912,-0.0006910933937942093,1.0,1500.0,1500.0,1500.0,1500.0,,,0.0,-0.006497870429341468,-0.00781623888884626,-0.009816416812604345,-0.014997376213393032,-0.011947667248049056,-0.015673933821336396,-0.017189946965467495,-0.01260820673380101,-0.006171301602061341,-0.007340924035529462,-0.009023714245125356,-0.01279516379589163,-0.014065506980560992,-0.010418904611348532,-0.009400339663606871,-0.007205073521595384,1.0,90.0,90.0,90.0,70.0,90.0,80.0,70.0,80.0,90.0,90.0,90.0,80.0,80.0,90.0,90.0,90.0,1.0,1.0,1.0,1.0,0.0,1.0,0.0,,1052.0,0.05048511416888489,0.0,0.0,0.0,,0.0,,0.0,,0.0,0.0,0.0,1.0,0.0,0.0,0.0,0.0,,0.0,,268.48392640599604,0.0,268.48392640599604,168.0,42.329348234421936,42.13341836258313,0.0,3.0,4.359149500000058,268.48392640599604,51.0,1.0,,,76.0,70.0,,,,,,,,,1.0,1.0,52.0,60.0,56.0,56.0,51.0,61.0,62.0,50.0,74.0,38.0,0.0,0.0,0.0,0.0,0.0,1500.0,1500.0,1500.0,1500.0,52,9540.0,70.0,90.0,90.0,90.0,70.0,90.0,80.0,70.0,80.0,80.0,90.0,90.0,90.0,80.0,80.0,90.0,90.0,90.0
262.10259870245886,6000.0,0.0,0.0,0.0,0.0,0.0,0.0,0.0,0.0,0.0,0.0,0.0,0.0,0.0,0.0,0.0,0.0,0.0,0.0,0.0,0.0,0.0,0.0,0.0,0.0,0.0,0.0,0.0,0.0,0.0,0.0,0.0,0.0,0.0,0.0,0.0,0.0,0.0,0.0,0.0,0.0,0.0,0.0,0.0,0.0,0.0,0.0,0.0,0.0,0.0,0.0,0.0,0.0,0.0,0.0,0.0,0.0,0.0,0.0,0.0,0.0,0.0,0.0,0.0,0.0,0.0,0.0,0.0,0.0,0.0,0.0,0.0,0.0,0.0,0.0,0.0,0.0,0.0,0.0,0.0,0.0,0.0,0.0,0.0,0.0,0.0,0.0,0.0,0.0,0.0,0.0,0.0,0.0,1142.058,262.10259870245886,-217.1107481602063,6000.0,1200.0,3.0,17.116705577591606,41.95155290887401,24.834847331282404,1538.7859800630974,1.0050526114955447,0.0,71.14583333333333,139.28624030133776,262.10259870245886,6000.0,1000000.0,262.10259870245886,6000.0,85.88805041086675,262.10259870245886,262.10259870245886,6000.0,0.0,1.0,0.0,49.0,4.0,0.0,1.0,49.0,,0.0,4.0,0.0,,1.0,,,,0.0014838452720766782,0.0014838452720766782,0.0,1.0,0.0,,1.0,0.0,1.0,4.0,4.0,0.0,0.0,,0.0,84.33253523397507,49.0,0.0,26.661056907635484,13.0,84.33253523397507,,,,,0.0,0.0,,,,,,,,,,,,,0.0,262.10259870245886,5954.810322550785,0.0,262.10259870245886,6000.0,85.88953425613883,262.10259870245886,262.10259870245886,5954.810322550785,1.0,0.0,0.0,,,,12.0,0.0,0.0,0.0,85.88805041086675,0.0,1.0,0.0,1.0,1.0,1.0,1.0,0.0,0.0,0.0,0.0,0.0,85.88805041086675,41.95155290887401,0.0,1.0,0.0,85.88953425613883,41.95218962701256,41.95218962701256,0.0,1.0,0.0,1.0,1.0,4.294402520543338,1.0,0.0,1.0,0.0,0.0,0.0,85.88805041086675,1.0,0.0,85.88805041086675,0.0,1.0,85.88805041086675,4130.0,4130.0,4130.0,1691.25,1691.25,1691.25,1204.0,1204.0,1204.0,3.0,7025.25,7025.25,7025.25,262.10259870245886,6000.0,0.0,0.0,220.0,0.0,0.0,1.0,0.0,0.0,0.0,0.5,0.004881563938170584,0.0,2.440781969085292,-217.1107481602063,370.92135049199874,-3315.000000000001,37566.666666666664,-22100.000000000004,5635.000000000001,,,,,,,,,,-208.7260104634792,1.0,2377.8240740740744,-1391.5067364231945,356.6736111111112,1.0,,,,,1204.0,1200.0,6000.0,3187.2401041666662,0.49246838709179747,0.5075316129082026,1242.8697916666667,85.88805041086675,85.88805041086675,1.0,0.0,262.10259870245886,0.0,6000.0,1.0,1.0,1.0,1.0,85.88805041086675,262.10259870245886,6000.0,1.0,1.0,41.95155290887401,13.983850969624669,262.10259870245886,0.0,13.290154530688593,262.10259870245886,6000.0,14.098695810305623,1.0,1.0,1.0,1.8101255708324047,13.983850969624669,3.0,,,,,,,,,,,,,,6.0,0.0,1.0,0.0,0.0,0.0,0.0,1.0,0.0026992910879629632,0.0026992910879629632,0.0,262.10259870245886,6000.0,262.10259870245886,6000.0,85.88805041086675,262.10259870245886,262.10259870245886,6000.0,0.0,1.0,0.0,1.0,0.0,0.0,,,1538.7859800630974,0.0,85.88805041086675,0.0,5.0,0.004881563938170584,0.0,262.10259870245886,262.10259870245886,1747.3506580163921,-0.004341642396297159,-0.015085490847567568,-0.06458931575744216,0.026906909194498303,0.07276527173350766,6.0,1.0,52.0,56.0,51.0,62.0,74.0,29.0,0.0,6.0,0.0,0.0,94.4659611435567,0.0,0.014353369762972079,94.4659611435567,94.48031451331966,0.0,94.4659611435567,0.0,0.011786539913202887,94.4659611435567,94.4777476834699,0.0,94.4659611435567,0.0,1.3616697910756272,94.4659611435567,95.82763093463231,0.0,94.4659611435567,0.0,0.862563208643536,94.4659611435567,95.32852435220022,0.0,-4.7844565876526225e-05,-3.9288466377342955e-05,-0.0004334406934571912,-0.0006910933937942093,1.0,1500.0,1500.0,1500.0,1500.0,,,0.0,-0.006497870429341468,-0.00781623888884626,-0.009816416812604345,-0.014997376213393032,-0.011947667248049056,-0.015673933821336396,-0.017189946965467495,-0.01260820673380101,-0.006171301602061341,-0.007340924035529462,-0.009023714245125356,-0.01279516379589163,-0.014065506980560992,-0.010418904611348532,-0.009400339663606871,-0.007205073521595384,1.0,90.0,90.0,90.0,70.0,90.0,80.0,70.0,80.0,90.0,90.0,90.0,80.0,80.0,90.0,90.0,90.0,1.0,1.0,1.0,1.0,0.0,1.0,0.0,,1005.0,0.05033957991821942,0.0,0.0,0.0,,0.0,,0.0,,0.0,0.0,0.0,1.0,0.0,0.0,0.0,0.0,,0.0,,262.10259870245886,0.0,262.10259870245886,128.0,42.19233186992724,41.95155290887401,2.0,2.0,3.791413900005864,262.10259870245886,51.0,1.0,,,76.0,70.0,,,,,,,,,1.0,1.0,52.0,60.0,56.0,56.0,51.0,61.0,62.0,50.0,74.0,38.0,45.0,0.0,45.0,0.0,0.0,1500.0,1500.0,1500.0,1500.0,53,9720.0,70.0,90.0,90.0,90.0,70.0,90.0,80.0,70.0,80.0,80.0,90.0,90.0,90.0,80.0,80.0,90.0,90.0,90.0
268.4052136191448,6000.0,0.0,0.0,0.0,0.0,0.0,0.0,0.0,0.0,0.0,0.0,0.0,0.0,0.0,0.0,0.0,0.0,0.0,0.0,0.0,0.0,0.0,0.0,0.0,0.0,0.0,0.0,0.0,0.0,0.0,0.0,0.0,0.0,0.0,0.0,0.0,0.0,0.0,0.0,0.0,0.0,0.0,0.0,0.0,0.0,0.0,0.0,0.0,0.0,0.0,0.0,0.0,0.0,0.0,0.0,0.0,0.0,0.0,0.0,0.0,0.0,0.0,0.0,0.0,0.0,0.0,0.0,0.0,0.0,0.0,0.0,0.0,0.0,0.0,0.0,0.0,0.0,0.0,0.0,0.0,0.0,0.0,0.0,0.0,0.0,0.0,0.0,0.0,0.0,0.0,0.0,0.0,0.0,1142.058,268.4052136191448,-210.02949621806843,6000.0,1200.0,3.0,17.054470854729,42.13516406746591,25.080693212736904,1518.756221946467,1.0049577294074212,0.0,92.41666666666667,212.70127422269925,268.4052136191448,6000.0,1000000.0,268.4052136191448,6000.0,86.24007981391141,268.4052136191448,268.4052136191448,6000.0,0.0,1.0,0.0,49.0,4.0,0.0,1.0,49.0,,0.0,4.0,0.0,,1.0,,,,0.001304349528126636,0.001304349528126636,0.0,1.0,0.0,,1.0,0.0,1.0,4.0,4.0,0.0,0.0,,0.0,84.00009732597698,49.0,0.0,25.6268813055636,13.0,84.00009732597698,,,,,0.0,0.0,,,,,,,,,,,,,0.0,268.4052136191448,5956.637484810428,0.0,268.4052136191448,6000.0,86.24138416343953,268.4052136191448,268.4052136191448,5956.637484810428,1.0,0.0,0.0,,,,12.0,0.0,0.0,0.0,86.24007981391141,0.0,1.0,0.0,1.0,1.0,1.0,1.0,0.0,0.0,0.0,0.0,0.0,86.24007981391141,42.13516406746591,0.0,1.0,0.0,86.24138416343953,42.135767534465,42.135767534465,0.0,1.0,0.0,1.0,1.0,4.312003990695571,1.0,0.0,1.0,0.0,0.0,0.0,86.24007981391141,1.0,0.0,86.24007981391141,0.0,1.0,86.24007981391141,4130.0,4130.0,4130.0,1691.25,1691.25,1691.25,1204.0,1204.0,1204.0,3.0,7025.25,7025.25,7025.25,268.4052136191448,6000.0,0.0,0.0,220.0,0.0,0.0,1.0,0.0,0.0,0.0,0.5,0.005652567668181278,0.0,2.8262838340906393,-210.02949621806843,366.73131808526824,-3315.000000000001,37566.666666666664,-22100.000000000004,5635.000000000001,,,,,,,,,,-199.8410954363044,1.0,2329.6296296296296,-1332.2739695753626,349.4444444444445,1.0,,,,,1204.0,1200.0,6000.0,4391.916212343519,0.4927729141350713,0.5072270858649287,1251.096464659465,86.24007981391141,86.24007981391141,1.0,0.0,268.4052136191448,0.0,6000.0,1.0,1.0,1.0,1.0,86.24007981391141,268.4052136191448,6000.0,1.0,1.0,42.13516406746591,14.045054689155302,268.4052136191448,0.0,12.96732133705023,268.4052136191448,6000.0,13.863017777482273,1.0,0.0,0.0,-2.661222941771136,14.045054689155302,3.0,,,,,,,,,,,,,,6.0,0.0,1.0,0.0,0.0,0.0,0.0,1.0,0.003270587823573962,0.003270587823573962,0.0,268.4052136191448,6000.0,268.4052136191448,6000.0,86.24007981391141,268.4052136191448,268.4052136191448,6000.0,0.0,1.0,0.0,1.0,0.0,0.0,,,1518.756221946467,0.0,86.24007981391141,0.0,5.0,0.005652567668181278,0.0,268.4052136191448,268.4052136191448,1789.3680907942983,-0.004341642396297159,-0.015085490847567568,-0.06458931575744216,0.026906909194498303,0.07276527173350766,6.0,1.0,52.0,56.0,51.0,62.0,74.0,29.0,0.0,6.0,0.0,0.0,94.4659611435567,0.0,0.014353369762972079,94.4659611435567,94.48031451331966,0.0,94.4659611435567,0.0,0.011786539913202887,94.4659611435567,94.4777476834699,0.0,94.4659611435567,0.0,1.3616697910756272,94.4659611435567,95.82763093463231,0.0,94.4659611435567,0.0,0.862563208643536,94.4659611435567,95.32852435220022,0.0,-4.7844565876526225e-05,-3.9288466377342955e-05,-0.0004334406934571912,-0.0006910933937942093,1.0,1500.0,1500.0,1500.0,1500.0,,,0.0,-0.006497870429341468,-0.00781623888884626,-0.009816416812604345,-0.014997376213393032,-0.011947667248049056,-0.015673933821336396,-0.017189946965467495,-0.01260820673380101,-0.006171301602061341,-0.007340924035529462,-0.009023714245125356,-0.01279516379589163,-0.014065506980560992,-0.010418904611348532,-0.009400339663606871,-0.007205073521595384,1.0,90.0,90.0,90.0,70.0,90.0,80.0,70.0,80.0,90.0,90.0,90.0,80.0,80.0,90.0,90.0,90.0,1.0,1.0,1.0,1.0,0.0,1.0,0.0,,1052.0,0.05023770594275359,0.0,0.0,0.0,,0.0,,0.0,,0.0,0.0,0.0,1.0,0.0,0.0,0.0,0.0,,0.0,,268.4052136191448,0.0,268.4052136191448,168.0,42.13516406746591,41.93914687388893,0.0,3.0,3.9484047000005376,268.4052136191448,51.0,1.0,,,76.0,70.0,,,,,,,,,1.0,1.0,52.0,60.0,56.0,56.0,51.0,61.0,62.0,50.0,74.0,38.0,0.0,0.0,0.0,0.0,0.0,1500.0,1500.0,1500.0,1500.0,54,9900.0,70.0,90.0,90.0,90.0,70.0,90.0,80.0,70.0,80.0,80.0,90.0,90.0,90.0,80.0,80.0,90.0,90.0,90.0
262.02062295717866,6000.0,0.0,0.0,0.0,0.0,0.0,0.0,0.0,0.0,0.0,0.0,0.0,0.0,0.0,0.0,0.0,0.0,0.0,0.0,0.0,0.0,0.0,0.0,0.0,0.0,0.0,0.0,0.0,0.0,0.0,0.0,0.0,0.0,0.0,0.0,0.0,0.0,0.0,0.0,0.0,0.0,0.0,0.0,0.0,0.0,0.0,0.0,0.0,0.0,0.0,0.0,0.0,0.0,0.0,0.0,0.0,0.0,0.0,0.0,0.0,0.0,0.0,0.0,0.0,0.0,0.0,0.0,0.0,0.0,0.0,0.0,0.0,0.0,0.0,0.0,0.0,0.0,0.0,0.0,0.0,0.0,0.0,0.0,0.0,0.0,0.0,0.0,0.0,0.0,0.0,0.0,0.0,0.0,1142.058,262.02062295717866,-217.01831935367352,6000.0,1200.0,3.0,17.10927466645076,41.91380018784612,24.804525521395366,1538.5025055165652,1.001442985284957,0.0,71.14583333333333,139.24054403408817,262.02062295717866,6000.0,1000000.0,262.02062295717866,6000.0,85.84961824598095,262.02062295717866,262.02062295717866,6000.0,0.0,1.0,0.0,49.0,4.0,0.0,1.0,49.0,,0.0,4.0,0.0,,1.0,,,,0.0014507103491894213,0.0014507103491894213,0.0,1.0,0.0,,1.0,0.0,1.0,4.0,4.0,0.0,0.0,,0.0,84.2947882282144,49.0,0.0,26.632569882192584,13.0,84.2947882282144,,,,,0.0,0.0,,,,,,,,,,,,,0.0,262.02062295717866,5955.82076592261,0.0,262.02062295717866,6000.0,85.85106895633014,262.02062295717866,262.02062295717866,5955.82076592261,1.0,0.0,0.0,,,,12.0,0.0,0.0,0.0,85.84961824598095,0.0,1.0,0.0,1.0,1.0,1.0,1.0,0.0,0.0,0.0,0.0,0.0,85.84961824598095,41.91380018784612,0.0,1.0,0.0,85.85106895633014,41.91442273562192,41.91442273562192,0.0,1.0,0.0,1.0,1.0,4.292480912299047,1.0,0.0,1.0,0.0,0.0,0.0,85.84961824598095,1.0,0.0,85.84961824598095,0.0,1.0,85.84961824598095,4130.0,4130.0,4130.0,1691.25,1691.25,1691.25,1204.0,1204.0,1204.0,3.0,7025.25,7025.25,7025.25,262.02062295717866,6000.0,0.0,0.0,220.0,0.0,0.0,1.0,0.0,0.0,0.0,0.5,0.0048992161739321305,0.0,2.449608086966065,-217.01831935367352,370.92135049199874,-3315.000000000001,37566.666666666664,-22100.000000000004,5635.000000000001,,,,,,,,,,-208.6333314894177,1.0,2377.8240740740744,-1390.8888765961178,356.6736111111112,1.0,,,,,1204.0,1200.0,6000.0,3187.2401041666662,0.492636794320435,0.5073632056795649,1242.8697916666667,85.84961824598095,85.84961824598095,1.0,0.0,262.02062295717866,0.0,6000.0,1.0,1.0,1.0,1.0,85.84961824598095,262.02062295717866,6000.0,1.0,1.0,41.91380018784612,13.971266729282041,262.02062295717866,0.0,13.290160073491947,262.02062295717866,6000.0,13.833607961599379,1.0,0.0,0.0,-4.557235694558742,13.971266729282041,3.0,,,,,,,,,,,,,,6.0,0.0,1.0,0.0,0.0,0.0,0.0,1.0,0.0026992910879629632,0.0026992910879629632,0.0,262.02062295717866,6000.0,262.02062295717866,6000.0,85.84961824598095,262.02062295717866,262.02062295717866,6000.0,0.0,1.0,0.0,1.0,0.0,0.0,,,1538.5025055165652,0.0,85.84961824598095,0.0,5.0,0.0048992161739321305,0.0,262.02062295717866,262.02062295717866,1746.8041530478574,-0.004341642396297159,-0.015085490847567568,-0.06458931575744216,0.026906909194498303,0.07276527173350766,6.0,1.0,52.0,56.0,51.0,62.0,74.0,29.0,0.0,6.0,0.0,0.0,94.4659611435567,0.0,0.014353369762972079,94.4659611435567,94.48031451331966,0.0,94.4659611435567,0.0,0.011786539913202887,94.4659611435567,94.4777476834699,0.0,94.4659611435567,0.0,1.3616697910756272,94.4659611435567,95.82763093463231,0.0,94.4659611435567,0.0,0.862563208643536,94.4659611435567,95.32852435220022,0.0,-4.7844565876526225e-05,-3.9288466377342955e-05,-0.0004334406934571912,-0.0006910933937942093,1.0,1500.0,1500.0,1500.0,1500.0,,,0.0,-0.006497870429341468,-0.00781623888884626,-0.009816416812604345,-0.014997376213393032,-0.011947667248049056,-0.015673933821336396,-0.017189946965467495,-0.01260820673380101,-0.006171301602061341,-0.007340924035529462,-0.009023714245125356,-0.01279516379589163,-0.014065506980560992,-0.010418904611348532,-0.009400339663606871,-0.007205073521595384,1.0,90.0,90.0,90.0,70.0,90.0,80.0,70.0,80.0,90.0,90.0,90.0,80.0,80.0,90.0,90.0,90.0,1.0,1.0,1.0,1.0,0.0,1.0,0.0,,1005.0,0.05016639415992751,0.0,0.0,0.0,,0.0,,0.0,,0.0,0.0,0.0,1.0,0.0,0.0,0.0,0.0,,0.0,,262.02062295717866,0.0,262.02062295717866,128.0,42.155251654692265,41.91380018784612,2.0,2.0,3.9473786000016844,262.02062295717866,51.0,1.0,,,76.0,70.0,,,,,,,,,1.0,1.0,52.0,60.0,56.0,56.0,51.0,61.0,62.0,50.0,74.0,38.0,45.0,0.0,45.0,0.0,0.0,1500.0,1500.0,1500.0,1500.0,55,10080.0,70.0,90.0,90.0,90.0,70.0,90.0,80.0,70.0,80.0,80.0,90.0,90.0,90.0,80.0,80.0,90.0,90.0,90.0
268.39224917285657,6000.0,0.0,0.0,0.0,0.0,0.0,0.0,0.0,0.0,0.0,0.0,0.0,0.0,0.0,0.0,0.0,0.0,0.0,0.0,0.0,0.0,0.0,0.0,0.0,0.0,0.0,0.0,0.0,0.0,0.0,0.0,0.0,0.0,0.0,0.0,0.0,0.0,0.0,0.0,0.0,0.0,0.0,0.0,0.0,0.0,0.0,0.0,0.0,0.0,0.0,0.0,0.0,0.0,0.0,0.0,0.0,0.0,0.0,0.0,0.0,0.0,0.0,0.0,0.0,0.0,0.0,0.0,0.0,0.0,0.0,0.0,0.0,0.0,0.0,0.0,0.0,0.0,0.0,0.0,0.0,0.0,0.0,0.0,0.0,0.0,0.0,0.0,0.0,0.0,0.0,0.0,0.0,0.0,1142.058,268.39224917285657,-209.98775580824812,6000.0,1200.0,3.0,17.052757441634128,42.12613655782435,25.073379116190225,1518.6744266010187,0.9991182224171381,0.0,92.41666666666667,212.68539687077612,268.39224917285657,6000.0,1000000.0,268.39224917285657,6000.0,86.23088191873562,268.39224917285657,268.39224917285657,6000.0,0.0,1.0,0.0,49.0,4.0,0.0,1.0,49.0,,0.0,4.0,0.0,,1.0,,,,0.001303020286826495,0.001303020286826495,0.0,1.0,0.0,,1.0,0.0,1.0,4.0,4.0,0.0,0.0,,0.0,83.99117532531808,49.0,0.0,25.617427979371996,13.0,83.99117532531808,,,,,0.0,0.0,,,,,,,,,,,,,0.0,268.39224917285657,5956.681409474775,0.0,268.39224917285657,6000.0,86.23218493902245,268.39224917285657,268.39224917285657,5956.681409474775,1.0,0.0,0.0,,,,12.0,0.0,0.0,0.0,86.23088191873562,0.0,1.0,0.0,1.0,1.0,1.0,1.0,0.0,0.0,0.0,0.0,0.0,86.23088191873562,42.12613655782435,0.0,1.0,0.0,86.23218493902245,42.12673940725857,42.12673940725857,0.0,1.0,0.0,1.0,1.0,4.311544095936781,1.0,0.0,1.0,0.0,0.0,0.0,86.23088191873562,1.0,0.0,86.23088191873562,0.0,1.0,86.23088191873562,4130.0,4130.0,4130.0,1691.25,1691.25,1691.25,1204.0,1204.0,1204.0,3.0,7025.25,7025.25,7025.25,268.39224917285657,6000.0,0.0,0.0,220.0,0.0,0.0,1.0,0.0,0.0,0.0,0.5,0.005678619896396988,0.0,2.839309948198494,-209.98775580824812,366.7313524765676,-3315.000000000001,37566.666666666664,-22100.000000000004,5635.000000000001,,,,,,,,,,-199.79919772680105,1.0,2329.6296296296296,-1331.9946515120068,349.4444444444445,1.0,,,,,1204.0,1200.0,6000.0,4391.917814542849,0.4927802349124625,0.5072197650875374,1251.0965583553323,86.23088191873562,86.23088191873562,1.0,0.0,268.39224917285657,0.0,6000.0,1.0,1.0,1.0,1.0,86.23088191873562,268.39224917285657,6000.0,1.0,1.0,42.12613655782435,14.042045519274785,268.39224917285657,0.0,12.967290344727894,268.39224917285657,6000.0,13.827825581071501,1.0,0.0,0.0,-4.675738306715061,14.042045519274785,3.0,,,,,,,,,,,,,,6.0,0.0,1.0,0.0,0.0,0.0,0.0,1.0,0.003270594330231408,0.003270594330231408,0.0,268.39224917285657,6000.0,268.39224917285657,6000.0,86.23088191873562,268.39224917285657,268.39224917285657,6000.0,0.0,1.0,0.0,1.0,0.0,0.0,,,1518.6744266010187,0.0,86.23088191873562,0.0,5.0,0.005678619896396988,0.0,268.39224917285657,268.39224917285657,1789.281661152377,-0.004341642396297159,-0.015085490847567568,-0.06458931575744216,0.026906909194498303,0.07276527173350766,6.0,1.0,52.0,56.0,51.0,62.0,74.0,29.0,0.0,6.0,0.0,0.0,94.4659611435567,0.0,0.014353369762972079,94.4659611435567,94.48031451331966,0.0,94.4659611435567,0.0,0.011786539913202887,94.4659611435567,94.4777476834699,0.0,94.4659611435567,0.0,1.3616697910756272,94.4659611435567,95.82763093463231,0.0,94.4659611435567,0.0,0.862563208643536,94.4659611435567,95.32852435220022,0.0,-4.7844565876526225e-05,-3.9288466377342955e-05,-0.0004334406934571912,-0.0006910933937942093,1.0,1500.0,1500.0,1500.0,1500.0,,,0.0,-0.006497870429341468,-0.00781623888884626,-0.009816416812604345,-0.014997376213393032,-0.011947667248049056,-0.015673933821336396,-0.017189946965467495,-0.01260820673380101,-0.006171301602061341,-0.007340924035529462,-0.009023714245125356,-0.01279516379589163,-0.014065506980560992,-0.010418904611348532,-0.009400339663606871,-0.007205073521595384,1.0,90.0,90.0,90.0,70.0,90.0,80.0,70.0,80.0,90.0,90.0,90.0,80.0,80.0,90.0,90.0,90.0,1.0,1.0,1.0,1.0,0.0,1.0,0.0,,1052.0,0.05011647591194925,0.0,0.0,0.0,,0.0,,0.0,,0.0,0.0,0.0,1.0,0.0,0.0,0.0,0.0,,0.0,,268.39224917285657,0.0,268.39224917285657,168.0,42.12613655782435,41.93076830277768,0.0,3.0,3.9370056000043405,268.39224917285657,51.0,1.0,,,76.0,70.0,,,,,,,,,1.0,1.0,52.0,60.0,56.0,56.0,51.0,61.0,62.0,50.0,74.0,38.0,0.0,0.0,0.0,0.0,0.0,1500.0,1500.0,1500.0,1500.0,56,10260.0,70.0,90.0,90.0,90.0,70.0,90.0,80.0,70.0,80.0,80.0,90.0,90.0,90.0,80.0,80.0,90.0,90.0,90.0
262.0206550852905,6000.0,0.0,0.0,0.0,0.0,0.0,0.0,0.0,0.0,0.0,0.0,0.0,0.0,0.0,0.0,0.0,0.0,0.0,0.0,0.0,0.0,0.0,0.0,0.0,0.0,0.0,0.0,0.0,0.0,0.0,0.0,0.0,0.0,0.0,0.0,0.0,0.0,0.0,0.0,0.0,0.0,0.0,0.0,0.0,0.0,0.0,0.0,0.0,0.0,0.0,0.0,0.0,0.0,0.0,0.0,0.0,0.0,0.0,0.0,0.0,0.0,0.0,0.0,0.0,0.0,0.0,0.0,0.0,0.0,0.0,0.0,0.0,0.0,0.0,0.0,0.0,0.0,0.0,0.0,0.0,0.0,0.0,0.0,0.0,0.0,0.0,0.0,0.0,0.0,0.0,0.0,0.0,0.0,1142.058,262.0206550852905,-217.00525648784776,6000.0,1200.0,3.0,17.108725775824702,41.91112862322259,24.802402847397886,1538.4799066938199,0.9962203071918383,0.0,71.14583333333333,139.23678112769994,262.0206550852905,6000.0,1000000.0,262.0206550852905,6000.0,85.84689575633287,262.0206550852905,262.0206550852905,6000.0,0.0,1.0,0.0,49.0,4.0,0.0,1.0,49.0,,0.0,4.0,0.0,,1.0,,,,0.0014502652869055055,0.0014502652869055055,0.0,1.0,0.0,,1.0,0.0,1.0,4.0,4.0,0.0,0.0,,0.0,84.29215700200169,49.0,0.0,26.629867663065042,13.0,84.29215700200169,,,,,0.0,0.0,,,,,,,,,,,,,0.0,262.0206550852905,5955.834224380208,0.0,262.0206550852905,6000.0,85.84834602161978,262.0206550852905,262.0206550852905,5955.834224380208,1.0,0.0,0.0,,,,12.0,0.0,0.0,0.0,85.84689575633287,0.0,1.0,0.0,1.0,1.0,1.0,1.0,0.0,0.0,0.0,0.0,0.0,85.84689575633287,41.91112862322259,0.0,1.0,0.0,85.84834602161978,41.91175097841915,41.91175097841915,0.0,1.0,0.0,1.0,1.0,4.292344787816644,1.0,0.0,1.0,0.0,0.0,0.0,85.84689575633287,1.0,0.0,85.84689575633287,0.0,1.0,85.84689575633287,4130.0,4130.0,4130.0,1691.25,1691.25,1691.25,1204.0,1204.0,1204.0,3.0,7025.25,7025.25,7025.25,262.0206550852905,6000.0,0.0,0.0,220.0,0.0,0.0,1.0,0.0,0.0,0.0,0.5,0.004897822397261229,0.0,2.4489111986306145,-217.00525648784776,370.9213504919987,-3315.000000000001,37566.666666666664,-22100.000000000004,5635.000000000001,,,,,,,,,,-208.62023326767874,1.0,2377.8240740740744,-1390.801555117858,356.6736111111112,1.0,,,,,1204.0,1200.0,6000.0,3187.2401041666662,0.49263903739670134,0.5073609626032985,1242.8697916666667,85.84689575633287,85.84689575633287,1.0,0.0,262.0206550852905,0.0,6000.0,1.0,1.0,1.0,1.0,85.84689575633287,262.0206550852905,6000.0,1.0,1.0,41.91112862322259,13.970376207740863,262.0206550852905,0.0,13.290160959494724,262.0206550852905,6000.0,13.826056014312053,1.0,0.0,0.0,-4.776714074500411,13.970376207740863,3.0,,,,,,,,,,,,,,6.0,0.0,1.0,0.0,0.0,0.0,0.0,1.0,0.002699291087962963,0.002699291087962963,0.0,262.0206550852905,6000.0,262.0206550852905,6000.0,85.84689575633287,262.0206550852905,262.0206550852905,6000.0,0.0,1.0,0.0,1.0,0.0,0.0,,,1538.4799066938199,0.0,85.84689575633287,0.0,5.0,0.004897822397261229,0.0,262.0206550852905,262.0206550852905,1746.8043672352699,-0.004341642396297159,-0.015085490847567568,-0.06458931575744216,0.026906909194498303,0.07276527173350766,6.0,1.0,52.0,56.0,51.0,62.0,74.0,29.0,0.0,6.0,0.0,0.0,94.4659611435567,0.0,0.014353369762972079,94.4659611435567,94.48031451331966,0.0,94.4659611435567,0.0,0.011786539913202887,94.4659611435567,94.4777476834699,0.0,94.4659611435567,0.0,1.3616697910756272,94.4659611435567,95.82763093463231,0.0,94.4659611435567,0.0,0.862563208643536,94.4659611435567,95.32852435220022,0.0,-4.7844565876526225e-05,-3.9288466377342955e-05,-0.0004334406934571912,-0.0006910933937942093,1.0,1500.0,1500.0,1500.0,1500.0,,,0.0,-0.006497870429341468,-0.00781623888884626,-0.009816416812604345,-0.014997376213393032,-0.011947667248049056,-0.015673933821336396,-0.017189946965467495,-0.01260820673380101,-0.006171301602061341,-0.007340924035529462,-0.009023714245125356,-0.01279516379589163,-0.014065506980560992,-0.010418904611348532,-0.009400339663606871,-0.007205073521595384,1.0,90.0,90.0,90.0,70.0,90.0,80.0,70.0,80.0,90.0,90.0,90.0,80.0,80.0,90.0,90.0,90.0,1.0,1.0,1.0,1.0,0.0,1.0,0.0,,1005.0,0.05008153313836448,0.0,0.0,0.0,,0.0,,0.0,,0.0,0.0,0.0,1.0,0.0,0.0,0.0,0.0,,0.0,,262.0206550852905,0.0,262.0206550852905,128.0,42.152667567212504,41.91112862322259,2.0,2.0,3.9519951999973273,262.0206550852905,51.0,1.0,,,76.0,70.0,,,,,,,,,1.0,1.0,52.0,60.0,56.0,56.0,51.0,61.0,62.0,50.0,74.0,38.0,45.0,0.0,45.0,0.0,0.0,1500.0,1500.0,1500.0,1500.0,57,10440.0,70.0,90.0,90.0,90.0,70.0,90.0,80.0,70.0,80.0,80.0,90.0,90.0,90.0,80.0,80.0,90.0,90.0,90.0
268.39421116609367,6000.0,0.0,0.0,0.0,0.0,0.0,0.0,0.0,0.0,0.0,0.0,0.0,0.0,0.0,0.0,0.0,0.0,0.0,0.0,0.0,0.0,0.0,0.0,0.0,0.0,0.0,0.0,0.0,0.0,0.0,0.0,0.0,0.0,0.0,0.0,0.0,0.0,0.0,0.0,0.0,0.0,0.0,0.0,0.0,0.0,0.0,0.0,0.0,0.0,0.0,0.0,0.0,0.0,0.0,0.0,0.0,0.0,0.0,0.0,0.0,0.0,0.0,0.0,0.0,0.0,0.0,0.0,0.0,0.0,0.0,0.0,0.0,0.0,0.0,0.0,0.0,0.0,0.0,0.0,0.0,0.0,0.0,0.0,0.0,0.0,0.0,0.0,0.0,0.0,0.0,0.0,0.0,0.0,1142.058,268.39421116609367,-209.98417069728114,6000.0,1200.0,3.0,17.05261670284838,42.12542584398078,25.072809141132396,1518.668559709197,0.9949036919643717,0.0,92.41666666666667,212.68427802727106,268.39421116609367,6000.0,1000000.0,268.39421116609367,6000.0,86.23015821077485,268.39421116609367,268.39421116609367,6000.0,0.0,1.0,0.0,49.0,4.0,0.0,1.0,49.0,,0.0,4.0,0.0,,1.0,,,,0.0013029287032395587,0.0013029287032395587,0.0,1.0,0.0,,1.0,0.0,1.0,4.0,4.0,0.0,0.0,,0.0,83.99045998218496,49.0,0.0,25.616636802746598,13.0,83.99045998218496,,,,,0.0,0.0,,,,,,,,,,,,,0.0,268.39421116609367,5956.684430971308,0.0,268.39421116609367,6000.0,86.23146113947809,268.39421116609367,268.39421116609367,5956.684430971308,1.0,0.0,0.0,,,,12.0,0.0,0.0,0.0,86.23015821077485,0.0,1.0,0.0,1.0,1.0,1.0,1.0,0.0,0.0,0.0,0.0,0.0,86.23015821077485,42.12542584398078,0.0,1.0,0.0,86.23146113947809,42.12602865078996,42.12602865078996,0.0,1.0,0.0,1.0,1.0,4.311507910538743,1.0,0.0,1.0,0.0,0.0,0.0,86.23015821077485,1.0,0.0,86.23015821077485,0.0,1.0,86.23015821077485,4130.0,4130.0,4130.0,1691.25,1691.25,1691.25,1204.0,1204.0,1204.0,3.0,7025.25,7025.25,7025.25,268.39421116609367,6000.0,0.0,0.0,220.0,0.0,0.0,1.0,0.0,0.0,0.0,0.5,0.005676763593982558,0.0,2.8383817969912792,-209.98417069728114,366.7313587491853,-3315.000000000001,37566.666666666664,-22100.000000000004,5635.000000000001,,,,,,,,,,-199.79559714282482,1.0,2329.6296296296296,-1331.970647618832,349.4444444444445,1.0,,,,,1204.0,1200.0,6000.0,4391.91810676745,0.492780738495218,0.507219261504782,1251.0965754444903,86.23015821077485,86.23015821077485,1.0,0.0,268.39421116609367,0.0,6000.0,1.0,1.0,1.0,1.0,86.23015821077485,268.39421116609367,6000.0,1.0,1.0,42.12542584398078,14.04180861466026,268.39421116609367,0.0,12.96728319997872,268.39421116609367,6000.0,13.825575565488283,1.0,0.0,0.0,-4.702600141055619,14.04180861466026,3.0,,,,,,,,,,,,,,6.0,0.0,1.0,0.0,0.0,0.0,0.0,1.0,0.003270595516978489,0.003270595516978489,0.0,268.39421116609367,6000.0,268.39421116609367,6000.0,86.23015821077485,268.39421116609367,268.39421116609367,6000.0,0.0,1.0,0.0,1.0,0.0,0.0,,,1518.668559709197,0.0,86.23015821077485,0.0,5.0,0.005676763593982558,0.0,268.39421116609367,268.39421116609367,1789.294741107291,-0.004341642396297159,-0.015085490847567568,-0.06458931575744216,0.026906909194498303,0.07276527173350766,6.0,1.0,52.0,56.0,51.0,62.0,74.0,29.0,0.0,6.0,0.0,0.0,94.4659611435567,0.0,0.014353369762972079,94.4659611435567,94.48031451331966,0.0,94.4659611435567,0.0,0.011786539913202887,94.4659611435567,94.4777476834699,0.0,94.4659611435567,0.0,1.3616697910756272,94.4659611435567,95.82763093463231,0.0,94.4659611435567,0.0,0.862563208643536,94.4659611435567,95.32852435220022,0.0,-4.7844565876526225e-05,-3.9288466377342955e-05,-0.0004334406934571912,-0.0006910933937942093,1.0,1500.0,1500.0,1500.0,1500.0,,,0.0,-0.006497870429341468,-0.00781623888884626,-0.009816416812604345,-0.014997376213393032,-0.011947667248049056,-0.015673933821336396,-0.017189946965467495,-0.01260820673380101,-0.006171301602061341,-0.007340924035529462,-0.009023714245125356,-0.01279516379589163,-0.014065506980560992,-0.010418904611348532,-0.009400339663606871,-0.007205073521595384,1.0,90.0,90.0,90.0,70.0,90.0,80.0,70.0,80.0,90.0,90.0,90.0,80.0,80.0,90.0,90.0,90.0,1.0,1.0,1.0,1.0,0.0,1.0,0.0,,1052.0,0.05005707319685513,0.0,0.0,0.0,,0.0,,0.0,,0.0,0.0,0.0,1.0,0.0,0.0,0.0,0.0,,0.0,,268.39421116609367,0.0,268.39421116609367,168.0,42.12542584398078,41.930098740714115,0.0,3.0,3.558984999996028,268.39421116609367,51.0,1.0,,,76.0,70.0,,,,,,,,,1.0,1.0,52.0,60.0,56.0,56.0,51.0,61.0,62.0,50.0,74.0,38.0,0.0,0.0,0.0,0.0,0.0,1500.0,1500.0,1500.0,1500.0,58,10620.0,70.0,90.0,90.0,90.0,70.0,90.0,80.0,70.0,80.0,80.0,90.0,90.0,90.0,80.0,80.0,90.0,90.0,90.0
262.02087918803346,6000.0,0.0,0.0,0.0,0.0,0.0,0.0,0.0,0.0,0.0,0.0,0.0,0.0,0.0,0.0,0.0,0.0,0.0,0.0,0.0,0.0,0.0,0.0,0.0,0.0,0.0,0.0,0.0,0.0,0.0,0.0,0.0,0.0,0.0,0.0,0.0,0.0,0.0,0.0,0.0,0.0,0.0,0.0,0.0,0.0,0.0,0.0,0.0,0.0,0.0,0.0,0.0,0.0,0.0,0.0,0.0,0.0,0.0,0.0,0.0,0.0,0.0,0.0,0.0,0.0,0.0,0.0,0.0,0.0,0.0,0.0,0.0,0.0,0.0,0.0,0.0,0.0,0.0,0.0,0.0,0.0,0.0,0.0,0.0,0.0,0.0,0.0,0.0,0.0,0.0,0.0,0.0,0.0,1142.058,262.02087918803346,-217.0043721736592,6000.0,1200.0,3.0,17.10869020733194,41.910939452285916,24.80224924495398,1538.4782546661634,0.9928414621663406,0.0,71.14583333333333,139.2365601280341,262.02087918803346,6000.0,1000000.0,262.02087918803346,6000.0,85.84670293152753,262.02087918803346,262.02087918803346,6000.0,0.0,1.0,0.0,49.0,4.0,0.0,1.0,49.0,,0.0,4.0,0.0,,1.0,,,,0.0014502377954244139,0.0014502377954244139,0.0,1.0,0.0,,1.0,0.0,1.0,4.0,4.0,0.0,0.0,,0.0,84.291967146919,49.0,0.0,26.629671635613974,13.0,84.291967146919,,,,,0.0,0.0,,,,,,,,,,,,,0.0,262.02087918803346,5955.8350537775605,0.0,262.02087918803346,6000.0,85.84815316932296,262.02087918803346,262.02087918803346,5955.8350537775605,1.0,0.0,0.0,,,,12.0,0.0,0.0,0.0,85.84670293152753,0.0,1.0,0.0,1.0,1.0,1.0,1.0,0.0,0.0,0.0,0.0,0.0,85.84670293152753,41.910939452285916,0.0,1.0,0.0,85.84815316932296,41.91156179555057,41.91156179555057,0.0,1.0,0.0,1.0,1.0,4.292335146576376,1.0,0.0,1.0,0.0,0.0,0.0,85.84670293152753,1.0,0.0,85.84670293152753,0.0,1.0,85.84670293152753,4130.0,4130.0,4130.0,1691.25,1691.25,1691.25,1204.0,1204.0,1204.0,3.0,7025.25,7025.25,7025.25,262.02087918803346,6000.0,0.0,0.0,220.0,0.0,0.0,1.0,0.0,0.0,0.0,0.5,0.0048977682927195485,0.0,2.448884146359774,-217.0043721736592,370.92135049199874,-3315.000000000001,37566.666666666664,-22100.000000000004,5635.000000000001,,,,,,,,,,-208.61934656000804,1.0,2377.8240740740744,-1390.7956437333867,356.6736111111112,1.0,,,,,1204.0,1200.0,6000.0,3187.2401041666662,0.4926391756295934,0.5073608243704066,1242.8697916666667,85.84670293152753,85.84670293152753,1.0,0.0,262.02087918803346,0.0,6000.0,1.0,1.0,1.0,1.0,85.84670293152753,262.02087918803346,6000.0,1.0,1.0,41.910939452285916,13.970313150761973,262.02087918803346,0.0,13.290160993322552,262.02087918803346,6000.0,13.825448339347048,1.0,0.0,0.0,-4.782573456696113,13.970313150761973,3.0,,,,,,,,,,,,,,6.0,0.0,1.0,0.0,0.0,0.0,0.0,1.0,0.0026992910879629632,0.0026992910879629632,0.0,262.02087918803346,6000.0,262.02087918803346,6000.0,85.84670293152753,262.02087918803346,262.02087918803346,6000.0,0.0,1.0,0.0,1.0,0.0,0.0,,,1538.4782546661634,0.0,85.84670293152753,0.0,5.0,0.0048977682927195485,0.0,262.02087918803346,262.02087918803346,1746.8058612535563,-0.004341642396297159,-0.015085490847567568,-0.06458931575744216,0.026906909194498303,0.07276527173350766,6.0,1.0,52.0,56.0,51.0,62.0,74.0,29.0,0.0,6.0,0.0,0.0,94.4659611435567,0.0,0.014353369762972079,94.4659611435567,94.48031451331966,0.0,94.4659611435567,0.0,0.011786539913202887,94.4659611435567,94.4777476834699,0.0,94.4659611435567,0.0,1.3616697910756272,94.4659611435567,95.82763093463231,0.0,94.4659611435567,0.0,0.862563208643536,94.4659611435567,95.32852435220022,0.0,-4.7844565876526225e-05,-3.9288466377342955e-05,-0.0004334406934571912,-0.0006910933937942093,1.0,1500.0,1500.0,1500.0,1500.0,,,0.0,-0.006497870429341468,-0.00781623888884626,-0.009816416812604345,-0.014997376213393032,-0.011947667248049056,-0.015673933821336396,-0.017189946965467495,-0.01260820673380101,-0.006171301602061341,-0.007340924035529462,-0.009023714245125356,-0.01279516379589163,-0.014065506980560992,-0.010418904611348532,-0.009400339663606871,-0.007205073521595384,1.0,90.0,90.0,90.0,70.0,90.0,80.0,70.0,80.0,90.0,90.0,90.0,80.0,80.0,90.0,90.0,90.0,1.0,1.0,1.0,1.0,0.0,1.0,0.0,,1005.0,0.050039951237798586,0.0,0.0,0.0,,0.0,,0.0,,0.0,0.0,0.0,1.0,0.0,0.0,0.0,0.0,,0.0,,262.02087918803346,0.0,262.02087918803346,128.0,42.15248113636292,41.910939452285916,2.0,2.0,3.430627400011872,262.02087918803346,51.0,1.0,,,76.0,70.0,,,,,,,,,1.0,1.0,52.0,60.0,56.0,56.0,51.0,61.0,62.0,50.0,74.0,38.0,45.0,0.0,45.0,0.0,0.0,1500.0,1500.0,1500.0,1500.0,59,10800.0,70.0,90.0,90.0,90.0,70.0,90.0,80.0,70.0,80.0,80.0,90.0,90.0,90.0,80.0,80.0,90.0,90.0,90.0
