N_P_star,N_UF_star,computation_time_sec,leader_candidate_count,leader_full_evaluated_count,leader_serial_override,solver_evaluations,step,wu_b2_price_A,wu_b2_price_B,wu_b2_price_C,wu_b2_price_D,wu_b2_price_F,wu_b2_price_delta_sec,wu_b2_price_enabled,wu_b2_price_ref_A,wu_b2_price_ref_B,wu_b2_price_ref_C,wu_b2_price_ref_D,wu_b2_price_ref_F,wu_b2_price_refresh_count,wu_b2_price_refreshed,wu_b2_price_skipped,wu_b2_price_trust_sec,wu_b3_cliff_both_FW_E,wu_b3_cliff_both_FW_W,wu_b3_meter_fd3_R_D_E_base,wu_b3_meter_fd3_R_D_E_cliffup,wu_b3_meter_fd3_R_D_E_curv,wu_b3_meter_fd3_R_D_E_hi,wu_b3_meter_fd3_R_D_E_lo,wu_b3_meter_fd3_R_D_E_nonlin,wu_b3_meter_fd3_R_D_W_base,wu_b3_meter_fd3_R_D_W_cliffup,wu_b3_meter_fd3_R_D_W_curv,wu_b3_meter_fd3_R_D_W_hi,wu_b3_meter_fd3_R_D_W_lo,wu_b3_meter_fd3_R_D_W_nonlin,wu_b3_meter_fd3_R_F_E_base,wu_b3_meter_fd3_R_F_E_cliffup,wu_b3_meter_fd3_R_F_E_curv,wu_b3_meter_fd3_R_F_E_hi,wu_b3_meter_fd3_R_F_E_lo,wu_b3_meter_fd3_R_F_E_nonlin,wu_b3_meter_fd3_R_F_W_base,wu_b3_meter_fd3_R_F_W_cliffup,wu_b3_meter_fd3_R_F_W_curv,wu_b3_meter_fd3_R_F_W_hi,wu_b3_meter_fd3_R_F_W_lo,wu_b3_meter_fd3_R_F_W_nonlin,wu_b3_meter_price_R_D_E,wu_b3_meter_price_R_D_W,wu_b3_meter_price_R_F_E,wu_b3_meter_price_R_F_W,wu_b3_meter_price_enabled,wu_b3_meter_price_ref_R_D_E,wu_b3_meter_price_ref_R_D_W,wu_b3_meter_price_ref_R_F_E,wu_b3_meter_price_ref_R_F_W,wu_b3_release_ratio_FW_E,wu_b3_release_ratio_FW_W,wu_b3_release_refresh,wu_b3_vsl_price_FW_E__seg0,wu_b3_vsl_price_FW_E__seg1,wu_b3_vsl_price_FW_E__seg2,wu_b3_vsl_price_FW_E__seg3,wu_b3_vsl_price_FW_E__seg4,wu_b3_vsl_price_FW_E__seg5,wu_b3_vsl_price_FW_E__seg6,wu_b3_vsl_price_FW_E__seg7,wu_b3_vsl_price_FW_W__seg0,wu_b3_vsl_price_FW_W__seg1,wu_b3_vsl_price_FW_W__seg2,wu_b3_vsl_price_FW_W__seg3,wu_b3_vsl_price_FW_W__seg4,wu_b3_vsl_price_FW_W__seg5,wu_b3_vsl_price_FW_W__seg6,wu_b3_vsl_price_FW_W__seg7,wu_b3_vsl_price_enabled,wu_b3_vsl_price_ref_FW_E__seg0,wu_b3_vsl_price_ref_FW_E__seg1,wu_b3_vsl_price_ref_FW_E__seg2,wu_b3_vsl_price_ref_FW_E__seg3,wu_b3_vsl_price_ref_FW_E__seg4,wu_b3_vsl_price_ref_FW_E__seg5,wu_b3_vsl_price_ref_FW_E__seg6,wu_b3_vsl_price_ref_FW_E__seg7,wu_b3_vsl_price_ref_FW_W__seg0,wu_b3_vsl_price_ref_FW_W__seg1,wu_b3_vsl_price_ref_FW_W__seg2,wu_b3_vsl_price_ref_FW_W__seg3,wu_b3_vsl_price_ref_FW_W__seg4,wu_b3_vsl_price_ref_FW_W__seg5,wu_b3_vsl_price_ref_FW_W__seg6,wu_b3_vsl_price_ref_FW_W__seg7,wu_b4_barrier_enabled,wu_f3_offset_inner_iters_A,wu_f3_offset_inner_iters_B,wu_f3_offset_inner_iters_C,wu_f3_offset_price_A,wu_f3_offset_price_B,wu_f3_offset_price_C,wu_f3_offset_price_enabled,wu_f3_offset_ref_A,wu_f3_offset_ref_B,wu_f3_offset_ref_C,wu_f3_offset_walk_from_A,wu_f3_offset_walk_from_B,wu_f3_offset_walk_from_C,wu_faithful_active,wu_faithful_np_bias_ratio,wu_faithful_np_cand_lambda,wu_faithful_np_cand_lambda_applied,wu_faithful_np_feasible_max,wu_faithful_np_feasible_max_veh,wu_faithful_np_feasible_min,wu_faithful_np_feasible_min_veh,wu_faithful_np_original_target,wu_faithful_np_original_target_veh,wu_faithful_np_pd_exit,wu_faithful_np_pd_iters,wu_faithful_np_pd_lam_entry,wu_faithful_np_pd_residual,wu_faithful_np_predictor_current_interval,wu_faithful_np_predictor_legacy,wu_faithful_np_predictor_mode_code,wu_faithful_np_predictor_phase_substep,wu_faithful_np_predictor_storage_aware,wu_faithful_np_projected_target,wu_faithful_np_projected_target_veh,wu_faithful_np_projection_residual,wu_faithful_np_realized_sum_nin_veh,wu_faithful_np_sum_nin,wu_faithful_np_target,wu_faithful_np_target_error,wu_seg13_active,wu_seg13_budget_FW_E,wu_seg13_budget_FW_W,wu_seg13_evals_FW_E,wu_seg13_evals_FW_W,wu_seg13_floor_alpha_FW_E,wu_seg13_floor_alpha_FW_W,wu_seg13_floor_cong_FW_E,wu_seg13_floor_cong_FW_W,wu_seg13_meter_box_edge_FW_E,wu_seg13_meter_box_edge_FW_W,wu_seg13_meter_box_r_FW_E,wu_seg13_meter_box_r_FW_W,wu_seg13_meter_box_total_FW_E,wu_seg13_meter_box_total_FW_W,wu_seg13_postsplit_FW_E,wu_seg13_postsplit_FW_W,wu_seg13_presplit_FW_E,wu_seg13_presplit_FW_W,wu_seg13_traj_used_FW_E,wu_seg13_traj_used_FW_W,wu_seg13_vsl_box_r_FW_E,wu_seg13_vsl_box_r_FW_W
0.0,0.0,0.0006597000174224377,0.0,0.0,0.0,0.0,0,,,,,,,,,,,,,,,,,,,,,,,,,,,,,,,,,,,,,,,,,,,,,,,,,,,,,,,,,,,,,,,,,,,,,,,,,,,,,,,,,,,,,,,,,,,,,,,,,,,,,,0.0,,,,,,,,,,,,,,,,,,,,,,,,,,,,,,,,,,,,,,,,,,,,,,,,
0.0,0.0,2.989999484270811e-05,0.0,0.0,0.0,0.0,1,,,,,,,,,,,,,,,,,,,,,,,,,,,,,,,,,,,,,,,,,,,,,,,,,,,,,,,,,,,,,,,,,,,,,,,,,,,,,,,,,,,,,,,,,,,,,,,,,,,,,,0.0,,,,,,,,,,,,,,,,,,,,,,,,,,,,,,,,,,,,,,,,,,,,,,,,
0.0,0.0,5.030003376305103e-05,0.0,0.0,0.0,0.0,2,,,,,,,,,,,,,,,,,,,,,,,,,,,,,,,,,,,,,,,,,,,,,,,,,,,,,,,,,,,,,,,,,,,,,,,,,,,,,,,,,,,,,,,,,,,,,,,,,,,,,,0.0,,,,,,,,,,,,,,,,,,,,,,,,,,,,,,,,,,,,,,,,,,,,,,,,
0.0,0.0,2.6399968191981316e-05,0.0,0.0,0.0,0.0,3,,,,,,,,,,,,,,,,,,,,,,,,,,,,,,,,,,,,,,,,,,,,,,,,,,,,,,,,,,,,,,,,,,,,,,,,,,,,,,,,,,,,,,,,,,,,,,,,,,,,,,0.0,,,,,,,,,,,,,,,,,,,,,,,,,,,,,,,,,,,,,,,,,,,,,,,,
0.0,0.0,4.010001430287957e-05,0.0,0.0,0.0,0.0,4,,,,,,,,,,,,,,,,,,,,,,,,,,,,,,,,,,,,,,,,,,,,,,,,,,,,,,,,,,,,,,,,,,,,,,,,,,,,,,,,,,,,,,,,,,,,,,,,,,,,,,0.0,,,,,,,,,,,,,,,,,,,,,,,,,,,,,,,,,,,,,,,,,,,,,,,,
459.6955537746088,5400.0,39.18551759998081,49.0,5.0,1.0,215.0,5,-0.00024973469708374375,-0.021415478209464083,-0.009755688812712843,0.0077616543053966956,-0.028878045084592813,6.0,1.0,56.0,56.0,56.0,56.0,56.0,1.0,1.0,0.0,6.0,0.0,0.0,322.7490734684422,0.0,0.5578641546434255,322.7490734684422,323.3069376230857,0.0,322.7490734684422,0.0,0.4323234502279547,322.7490734684422,323.1813969186701,0.0,322.7490734684422,0.0,0.7086889476877332,322.7490734684422,323.4577624161299,0.0,322.7490734684422,0.0,0.6363881330161121,322.7490734684422,323.38546160145836,0.0,-0.0018595471821449413,-0.0014410781674263262,-0.002362296492292444,-0.002121293776720563,1.0,1500.0,1500.0,1500.0,1500.0,1.0,1.0,0.0,0.05379923130898554,0.054213921523806795,0.05461408149450513,0.054845817503771245,0.05506651117584758,0.054767552789872644,0.05424068266632159,0.05298096376393167,0.05320253864345341,0.0535829951704625,0.053940211198867785,0.05419512062596814,0.054380558489900116,0.05416890683784885,0.053636971549946025,0.052415474285314276,1.0,115.0,115.0,115.0,115.0,115.0,115.0,115.0,115.0,115.0,115.0,115.0,115.0,115.0,115.0,115.0,115.0,0.0,4.0,4.0,4.0,-0.021028124958519974,-0.004478108387013293,-0.023077747489738815,1.0,0.0,0.0,0.0,0.0,0.0,0.0,1.0,1.0,10.0,1.0,518.3555537746088,459.6955537746088,385.07352792989144,459.6955537746088,-1502.7004046019936,-1502.7004046019936,2.0,2.0,0.0,41.30151938353805,0.0,1.0,0.0,0.0,0.0,418.39403439107076,459.6955537746088,-1921.0944389930644,459.6955537746088,459.6955537746088,-1502.7004046019936,41.30151938353805,1.0,2684.9313209395323,2715.0686790604673,24.0,24.0,,,,,2.0,2.0,300.0,300.0,2.0,2.0,2684.9313209395323,2715.0686790604673,3000.0,3000.0,1.0,1.0,15.0,15.0
582.1370097978195,6000.0,41.159164600016084,49.0,5.0,0.0,518.0,6,0.000607063794312598,-0.0424715551723854,-0.013278726155827519,0.04509366925013574,0.009194483431918124,6.0,1.0,56.0,56.0,56.0,56.0,56.0,2.0,1.0,0.0,6.0,0.0,0.0,390.7420950886278,0.0,0.04321293000020887,390.7336244032321,390.7937787040238,0.0,390.7420950886278,0.0,0.030029498444946512,390.737037908723,390.7771817669776,0.0,390.7420950886278,0.0,0.049110095109426766,390.7306932508286,390.80260702153646,0.0,390.7420950886278,0.0,0.035254780271543495,390.73528275317534,390.78416220435184,0.0,-0.00013147494208509626,-9.072762440367152e-05,-0.00015717677230891124,-0.00011047060945838878,1.0,1342.4656604697661,1357.5343395302336,1342.4656604697661,1357.5343395302336,,,0.0,0.09839789101395979,0.09804991547204019,0.09720892914075688,0.09901401658868955,0.09869406356858529,0.09941242354786493,0.09898334583873147,0.09839659954252404,0.09843447218171004,0.09809013053128535,0.09727691319590033,0.09998127708110723,0.09963262545083768,0.09933757805206848,0.09900524510370765,0.09855887502385609,1.0,115.0,115.0,115.0,115.0,115.0,115.0,115.0,115.0,115.0,115.0,115.0,115.0,115.0,115.0,115.0,115.0,0.0,4.0,4.0,4.0,-0.02231966614993078,-0.012119189451861693,-0.022713934061376145,1.0,0.0,0.0,0.0,0.0,0.0,0.0,1.0,1.0,0.0,0.0,0.0,,0.0,,0.0,,-1.0,0.0,0.0,0.0,0.0,1.0,0.0,0.0,0.0,0.0,,0.0,,582.1370097978195,0.0,582.1370097978195,1.0,,,32.0,28.0,,,,,2.0,2.0,300.0,300.0,2.0,2.0,,,,,1.0,1.0,15.0,15.0
727.351833156659,6000.0,40.840957000036724,49.0,5.0,0.0,488.0,7,0.017865859784799598,-0.08360709289385719,-0.006920606529420614,-0.06767042480844873,-0.12237121776799746,6.0,1.0,56.0,56.0,56.0,56.0,56.0,3.0,1.0,0.0,6.0,0.0,0.0,452.63168854053833,0.0,0.6604232209053862,452.63168854053833,453.2921117614437,0.0,452.63168854053833,0.0,0.27555554344553457,452.63168854053833,452.90724408398387,0.0,452.63168854053833,0.0,1.0446033363450624,452.63168854053833,453.67629187688334,0.0,452.63168854053833,0.0,0.637232109267984,452.63168854053833,453.2689206498063,0.0,-0.0022014107363512872,-0.0009185184781517818,-0.0033971786793889672,-0.00212410703089328,1.0,1500.0,1500.0,1500.0,1500.0,,,0.0,0.09576224326989369,0.09509871592211461,0.0946690511167489,0.09977241209971766,0.09975539240348574,0.09993806194352857,0.09991746913765419,0.0998127332686053,0.09583366528770688,0.09526152663461077,0.09483529143245058,0.09969907822220209,0.09956159944384382,0.09994185261346082,0.09992615134475996,0.09971798181355496,1.0,115.0,115.0,115.0,115.0,115.0,115.0,115.0,115.0,115.0,115.0,115.0,115.0,115.0,115.0,115.0,115.0,0.0,4.0,4.0,4.0,-0.013626602397737551,-0.03604576127298394,-0.008081479232722162,1.0,0.0,0.0,0.0,0.0,0.0,0.0,1.0,1.0,0.0,0.0,0.0,,0.0,,0.0,,-1.0,0.0,0.0,0.0,0.0,1.0,0.0,0.0,0.0,0.0,,0.0,,727.351833156659,0.0,727.351833156659,1.0,,,24.0,24.0,,,,,2.0,2.0,300.0,300.0,2.0,2.0,,,,,1.0,1.0,15.0,15.0
829.5175229865837,5916.19039978183,41.27314820000902,49.0,5.0,1.0,601.0,8,0.015111542894944985,-0.09018060190945354,-0.07537172498177962,0.07440835315301582,0.25662253795416406,6.0,1.0,56.0,56.0,56.0,56.0,62.0,4.0,1.0,0.0,6.0,0.0,0.0,500.5815694295152,0.0,0.6026147041051217,500.5815694295152,501.1841841336203,0.0,500.5815694295152,0.0,0.5898766338449377,500.5815694295152,501.1714460633601,0.0,500.5815694295152,0.0,1.1786282214166022,500.5815694295152,501.7601976509318,0.0,500.5815694295152,0.0,1.4200574006146098,500.5815694295152,502.0016268301298,0.0,-0.0018255212859984717,-0.0019662554461497925,-0.0015516520617282008,-0.0035704302860316995,1.0,1500.0,1500.0,1500.0,1500.0,1.0,1.0,0.0,0.09999566057321516,0.09987651691750407,0.09980897653498459,0.1,0.1,0.1,0.1,0.1,0.09988003823045055,0.0996521307570152,0.09962283641953817,0.1,0.1,0.1,0.1,0.1,1.0,115.0,115.0,115.0,115.0,115.0,115.0,115.0,115.0,115.0,115.0,115.0,115.0,115.0,115.0,115.0,115.0,0.0,4.0,4.0,4.0,-0.0033801552304795653,-0.025806773888177904,-0.03092834649037073,1.0,0.0,0.0,0.0,0.0,0.0,0.0,1.0,1.0,0.0,1.0,1033.0005109756983,829.5175229865837,614.2791583830572,829.5175229865837,830.9793285421393,830.9793285421393,1.0,3.0,10.0,-1.4618055555556566,0.0,1.0,0.0,0.0,0.0,830.9793285421393,829.5175229865837,0.0,829.5175229865837,829.5175229865837,830.9793285421393,-1.4618055555556566,1.0,2916.1903997818304,3000.0,24.0,24.0,,0.0,,0.6961708909818565,2.0,2.0,300.0,300.0,2.0,2.0,2916.1903997818304,3000.0,3000.0,3000.0,1.0,1.0,15.0,15.0
889.8843253263449,5616.1903999999995,51.25769959995523,49.0,5.0,1.0,529.0,9,0.030798181600429096,-0.19233123296061178,-0.20856628832180438,0.00977196903044697,0.11836722666175051,6.0,1.0,56.0,56.0,52.0,56.0,56.0,5.0,1.0,0.0,6.0,0.0,0.0,532.4926476124787,0.0,0.29848454223315457,532.5677651890388,532.1190454936853,0.0,532.4926476124787,0.0,0.22152524962075404,532.4926476124787,532.7141728620994,0.0,532.4926476124787,0.0,0.1396658232763457,532.8215659915702,532.0240634101108,0.0,532.4926476124787,0.0,0.37250692572956723,532.4926476124787,532.8651545382083,0.0,0.001948765600181466,-0.0007384174987358468,0.0033153034771751487,-8.897949562135439e-05,1.0,1458.0951998909152,1500.0,1458.0951998909152,1500.0,0.9136193399394091,1.0,0.0,0.1,0.1,0.1,0.0,0.0,0.1,0.0,0.0,0.1,0.1,0.1,0.0016235539162305912,0.0,0.0,0.0,0.0,1.0,115.0,115.0,115.0,100.0,100.0,115.0,100.0,100.0,115.0,115.0,115.0,100.0,100.0,100.0,100.0,100.0,0.0,4.0,4.0,4.0,0.0010515004972988518,-0.0577199075073641,-0.002022296884269671,1.0,0.0,0.0,0.0,0.0,0.0,0.0,1.0,1.0,0.0,1.0,1027.3240566455934,889.8843253263449,662.600116994628,889.8843253263449,886.3843253263449,886.3843253263449,1.0,1.0,0.0,3.5,0.0,1.0,0.0,0.0,0.0,886.3843253263449,889.8843253263449,0.0,889.8843253263449,889.8843253263449,886.3843253263449,3.5,1.0,2863.5453362595244,3000.0,35.0,33.0,0.5705978638115989,0.4887408022119666,0.963352860220738,0.9255726779439846,0.0,2.0,300.0,300.0,2.0,2.0,2616.1904,3000.0,2616.1904,3000.0,1.0,1.0,15.0,15.0
908.4619256367693,4908.957679015831,72.10847520001698,75.0,11.0,1.0,175.0,10,0.04406106538760831,-0.01792588985458235,-0.029693593831505088,0.27008807326876844,0.33206404827397984,6.0,1.0,56.0,62.0,56.0,50.0,50.0,6.0,1.0,0.0,6.0,0.0,0.0,554.4086989850003,0.0,0.4051396885881786,554.3563825215724,554.8661551370164,0.0,554.4086989850003,0.0,0.010249099258771821,554.4086989850003,554.3984498857417,0.0,554.4086989850003,0.0,1.380215473828457,555.5285299995903,554.6690834442387,1.0,554.4086989850003,0.0,0.0027554211292226682,554.4086989850003,554.4059435638711,0.0,0.00027401773804001115,3.4163664195527115e-05,0.0033914845408398835,9.184737097408894e-06,1.0,1308.0952,1500.0,1308.0952,1500.0,1.0,0.9610893661185116,0.0,0.1,0.1,0.1,0.00021562781126149844,0.0,0.1,0.0,0.0,0.1,0.1,0.1,0.0039082091511602355,0.0030513132780880525,0.0,0.0,0.0,1.0,115.0,115.0,115.0,100.0,100.0,115.0,100.0,100.0,115.0,115.0,115.0,100.0,100.0,100.0,100.0,100.0,0.0,4.0,4.0,4.0,0.0604219579711915,-0.035702687008988,0.059053574351779985,1.0,0.0,0.0,0.0,0.0,0.0,0.0,1.0,1.0,0.0,1.0,1057.3599567357805,908.4619256367693,658.1477636576064,908.4619256367693,908.4619256367693,908.4619256367693,1.0,1.0,0.0,0.0,0.0,1.0,0.0,0.0,0.0,908.4619256367693,908.4619256367693,0.0,908.4619256367693,908.4619256367693,908.4619256367693,0.0,1.0,2508.9576790158308,2497.166324597599,40.0,33.0,,0.65,,1.0968093983307179,1.0,2.0,300.0,300.0,2.0,2.0,2508.9576790158308,2400.0,2808.0951999999997,2400.0,,,15.0,15.0
908.2808556109155,5775.971824840228,53.424055900017265,49.0,5.0,1.0,591.0,11,0.04687961847302532,0.03551446687214569,-0.010639825991386721,0.1492636626530781,0.031197640603796522,6.0,1.0,56.0,62.0,56.0,50.0,50.0,7.0,1.0,0.0,6.0,0.0,0.0,576.7591143959139,0.0,0.6704025526832993,576.4912382037821,577.697393140729,0.0,576.7591143959139,0.0,0.40058024107088386,575.5251342612718,578.3936747716269,0.0,576.7591143959139,0.0,0.9182451122683233,576.8515995556768,577.5848743484195,1.0,576.7591143959139,0.0,0.6079507084855322,575.7831027319,578.3430767684134,0.0,0.0002913357203684448,-0.0009577564302812648,-0.00291019225943676,0.00014906851808163448,1.0,1340.2097331044,1200.0,1168.747945911431,1200.0,0.9999999999999999,1.0,0.0,0.1,0.1,0.1,0.0,0.0,0.1,0.0,0.0,0.1,0.1,0.1,0.00017982947231072184,7.114073391480957e-05,0.0,0.0,0.0,1.0,115.0,115.0,115.0,100.0,100.0,115.0,100.0,100.0,115.0,115.0,115.0,100.0,100.0,100.0,100.0,100.0,0.0,4.0,4.0,4.0,0.05839289914344416,-0.0712103353948094,0.05233605381937261,1.0,0.0,0.0,0.0,0.0,0.0,0.0,1.0,1.0,0.0,1.0,1021.7685545717325,908.2808556109155,630.282103726207,908.2808556109155,908.2808556109155,908.2808556109155,1.0,1.0,0.0,0.0,0.0,1.0,0.0,0.0,0.0,908.2808556109155,908.2808556109155,0.0,908.2808556109155,908.2808556109155,908.2808556109155,0.0,1.0,2775.9718248402282,3000.0,40.0,45.0,,0.44961143861561975,,0.9075129716687476,2.0,2.0,300.0,300.0,2.0,2.0,2775.971824840228,3000.0,2968.747946,3000.0,1.0,1.0,15.0,15.0
895.7296388471497,4828.250029139848,52.492160800029524,49.0,5.0,1.0,852.0,12,0.03766515555980362,-0.01625426063252415,-0.036407990552750756,0.3128641844235057,0.2765742690804708,6.0,1.0,56.0,62.0,56.0,50.0,50.0,8.0,1.0,0.0,6.0,0.0,0.0,596.1126133110627,0.0,0.34326275388957583,596.6875209906036,595.8809683854113,0.0,596.1126133110627,0.0,0.26579984410886937,596.1126133110627,595.8468134669538,0.0,596.1126133110627,0.0,1.3540682760967684,598.3249419907286,595.2543529074935,0.0,596.1126133110627,0.0,0.6116832044110652,596.1126133110627,595.5009301066516,0.0,-0.002964283320198388,0.0008480718498099785,-0.003238211435062417,0.0017581372243789298,1.0,1402.5972608657232,1500.0,1373.3745639745048,1500.0,1.0,0.9332166918222192,0.0,0.1,0.1,0.1,-1.6302221663266892e-06,0.0,0.0,0.0,0.0,0.1,0.1,0.1,0.0030914664481162648,0.002086485483622802,0.0,0.0,0.0,1.0,115.0,115.0,115.0,100.0,100.0,100.0,100.0,100.0,115.0,115.0,115.0,100.0,100.0,100.0,100.0,100.0,0.0,4.0,4.0,4.0,0.062180134719202695,-0.02947005840046584,0.05977874065717255,1.0,0.0,0.0,0.0,0.0,0.0,0.0,1.0,1.0,10.0,1.0,1051.4716506780046,895.7296388471497,625.1951154478836,895.7296388471497,-1734.5661989331647,-1734.5661989331647,2.0,2.0,0.0,163.96538959173574,0.0,1.0,0.0,0.0,0.0,731.7642492554139,895.7296388471497,-2466.330448188579,895.7296388471497,895.7296388471497,-1734.5661989331647,163.96538959173574,1.0,2428.250029139848,2571.749970860152,39.0,33.0,,0.65,,1.1332536153191415,2.0,2.0,300.0,300.0,2.0,2.0,2428.250029139848,2400.0,3000.0,2400.0,1.0,1.0,15.0,15.0
931.3263434388423,6000.0,43.748269799980335,49.0,5.0,0.0,632.0,13,0.03511520601836966,0.039386072403738065,-0.32083149630913343,0.07506630211126171,0.12747269531448335,6.0,1.0,56.0,62.0,50.0,56.0,56.0,9.0,1.0,0.0,6.0,0.0,0.0,616.5915329655096,0.0,0.4998608393837003,616.2922721498495,617.3906546205533,0.0,616.5915329655096,0.0,0.40048597669328956,615.6469970775413,617.9365548301712,0.0,616.5915329655096,0.0,0.8686880471977929,616.8341803908595,617.2175735873575,1.0,616.5915329655096,0.0,0.687284538259064,615.9781858272324,617.8921646420458,0.0,-0.00011393296166993267,0.0002482034189031524,-0.0018136216762478117,0.0008776897689577608,1.0,1214.125014569924,1200.0,1214.125014569924,1200.0,,,0.0,0.1,0.1,0.1,0.0,0.0,0.0,0.0,0.0,0.1,0.1,0.1,0.00025818343293693147,3.504516676287039e-05,0.0,0.0,0.0,1.0,115.0,115.0,115.0,100.0,100.0,100.0,100.0,100.0,115.0,115.0,115.0,100.0,100.0,100.0,100.0,100.0,0.0,4.0,4.0,4.0,0.006741786970900687,-0.05827315273106102,0.020763834493362884,1.0,0.0,0.0,0.0,0.0,0.0,0.0,1.0,1.0,0.0,0.0,0.0,,0.0,,0.0,,-1.0,0.0,0.0,0.0,0.0,1.0,0.0,0.0,0.0,0.0,,0.0,,931.3263434388423,0.0,931.3263434388423,1.0,,,45.0,45.0,,,,,2.0,2.0,300.0,300.0,2.0,2.0,,,,,1.0,1.0,15.0,15.0
917.5748299979496,4914.828610059362,42.550259999989066,49.0,5.0,1.0,168.0,14,0.026896963876918943,-0.22617224086535495,-0.029450676008662725,0.364237536503234,0.21423058704790127,6.0,1.0,56.0,56.0,56.0,56.0,56.0,10.0,1.0,0.0,6.0,0.0,0.0,643.0123065218949,0.0,2.43706168325366,643.0123065218949,640.5752448386412,0.0,643.0123065218949,0.0,1.467350317665705,643.0123065218949,641.544956204229,0.0,643.0123065218949,0.0,3.9531494632699378,643.0123065218949,639.059157058625,0.0,643.0123065218949,0.0,2.4391249183242962,643.0123065218949,640.5731816035707,0.0,-0.0004050536671855783,0.0015694654350124656,-0.00988113762672595,0.0015701879082566945,1.0,1500.0,1500.0,1500.0,1500.0,1.0737431638581147,1.0,0.0,0.1,0.1,0.1,0.0,0.0,0.0,0.0,0.0,0.1,0.1,0.1,-0.0003180855580186659,0.0,0.0,0.0,0.0,1.0,115.0,115.0,115.0,100.0,100.0,100.0,100.0,100.0,115.0,115.0,115.0,100.0,100.0,100.0,100.0,100.0,0.0,4.0,4.0,4.0,0.00032979510326086245,-0.0016587413907983798,-0.0035672221139057964,1.0,0.0,0.0,0.0,0.0,0.0,0.0,1.0,1.0,10.0,1.0,1055.623988375922,917.5748299979496,628.45545305527,917.5748299979496,-809.1689508956202,-809.1689508956202,2.0,1.0,10.0,182.3272431125165,0.0,1.0,0.0,0.0,0.0,735.2475868854331,917.5748299979496,-1544.4165377810532,917.5748299979496,917.5748299979496,-809.1689508956202,182.3272431125165,1.0,2235.1713899406377,2514.8286100593623,33.0,33.0,,,,,2.0,2.0,300.0,300.0,2.0,2.0,2400.0,2514.8286100593623,3000.0,3000.0,,,15.0,15.0
972.3658833405922,6000.0,43.80400639999425,49.0,5.0,0.0,654.0,15,0.0020713629396290623,0.07032446965843579,-0.3759762789299257,0.466089736296337,0.3119865703246788,6.0,1.0,56.0,62.0,50.0,62.0,62.0,11.0,1.0,0.0,6.0,0.0,0.0,657.2167182162636,0.0,0.3500578951720854,657.243074621611,657.5404197060885,1.0,657.2167182162636,0.0,0.4824011134419379,657.0289453866899,657.8868921592795,0.0,657.2167182162636,0.0,0.6921048590018017,658.0211146727607,657.1044266187683,0.0,657.2167182162636,0.0,0.7216251903955708,657.5266737416051,657.6283878813178,1.0,-0.0013312207347279308,0.0006520080206715107,-0.005344210792163023,-0.0007292219646771483,1.0,1200.0,1257.4143050296811,1200.0,1257.4143050296811,,,0.0,0.1,0.1,0.1,0.0,0.0,0.0,0.0,0.0,0.1,0.1,0.1,0.0,0.0,0.0,0.0,0.0,1.0,115.0,115.0,115.0,100.0,100.0,100.0,100.0,100.0,115.0,115.0,115.0,100.0,100.0,100.0,100.0,100.0,0.0,4.0,4.0,4.0,-0.01655566221272033,-0.05100237983715338,0.005840867405407953,1.0,0.0,0.0,0.0,0.0,0.0,0.0,1.0,1.0,0.0,0.0,0.0,,0.0,,0.0,,-1.0,0.0,0.0,0.0,0.0,1.0,0.0,0.0,0.0,0.0,,0.0,,972.3658833405922,0.0,972.3658833405922,1.0,,,45.0,45.0,,,,,2.0,2.0,300.0,300.0,2.0,2.0,,,,,1.0,1.0,15.0,15.0
966.3982037953733,4800.0,42.61093189998064,49.0,5.0,1.0,536.0,16,0.028574464750127627,-0.22138552026368458,-0.016090954646298027,0.31116650397247064,0.06482117260635789,6.0,1.0,56.0,56.0,56.0,56.0,56.0,12.0,1.0,0.0,6.0,0.0,0.0,684.7359850608948,0.0,2.239438313865321,684.7359850608948,682.4965467470295,0.0,684.7359850608948,0.0,1.9527866221492332,684.7359850608948,682.7831984387456,0.0,684.7359850608948,0.0,4.200685688214435,684.7359850608948,680.5352993726804,0.0,684.7359850608948,0.0,3.1758173430948773,684.7359850608948,681.5601677178,0.0,-0.0021890311688749853,-0.001477315504420081,-0.007649391443920996,-0.00990955002717925,1.0,1500.0,1500.0,1500.0,1500.0,1.1346197870223789,1.006393124884108,0.0,0.1,0.1,0.1,0.0,0.0,0.0,0.0,0.0,0.1,0.1,0.1,0.0,0.0,0.0,0.0,0.0,1.0,115.0,115.0,115.0,100.0,100.0,100.0,100.0,100.0,115.0,115.0,115.0,100.0,100.0,100.0,100.0,100.0,0.0,4.0,4.0,4.0,-0.003861311575637745,-0.0034762930633367587,-0.0059126531354539505,1.0,0.0,0.0,0.0,0.0,0.0,0.0,1.0,1.0,10.0,1.0,1071.2118637208973,966.3982037953733,665.504053481583,966.3982037953733,-1750.019760236587,-1750.019760236587,2.0,1.0,10.0,199.46719775396173,0.0,1.0,0.0,0.0,0.0,766.9310060414116,966.3982037953733,-2516.950766277999,966.3982037953733,966.3982037953733,-1750.019760236587,199.46719775396173,1.0,2115.2460299484123,2384.7539700515877,33.0,33.0,,,,,2.0,2.0,300.0,300.0,2.0,2.0,2400.0,2400.0,3000.0,3000.0,1.0,1.0,15.0,15.0
1022.631292469322,6000.0,43.926929600012954,49.0,5.0,0.0,653.0,17,-0.0010925739170258852,0.06977020482391771,-0.38408504255627335,0.4731406135320425,0.2667697122892321,6.0,1.0,56.0,62.0,50.0,62.0,62.0,13.0,1.0,0.0,6.0,0.0,0.0,696.0466185039547,0.0,0.08679134700514624,696.0553912842267,695.9510543766777,0.0,696.0466185039547,0.0,0.4361721552090785,695.5696440059146,696.9597651572041,0.0,696.0466185039547,0.0,0.047356249934182415,696.8315793876707,695.2143013703047,0.0,696.0466185039547,0.0,0.7815561531326694,696.1594578149691,696.7153353460731,1.0,-0.00935384736865815,0.0013295505202756295,-0.016342393961065096,0.0002586851360876944,1.0,1200.0,1200.0,1200.0,1200.0,,,0.0,0.1,0.1,0.1,0.0,0.0,0.0,0.0,0.0,0.1,0.1,0.1,0.0004953854332278239,6.257488155725355e-06,0.0,0.0,0.0,1.0,115.0,115.0,115.0,100.0,100.0,100.0,100.0,100.0,115.0,115.0,115.0,100.0,100.0,100.0,100.0,100.0,0.0,4.0,4.0,4.0,-0.018015904813163175,-0.049782882645283286,0.011833629035543651,1.0,0.0,0.0,0.0,0.0,0.0,0.0,1.0,1.0,0.0,0.0,0.0,,0.0,,0.0,,-1.0,0.0,0.0,0.0,0.0,1.0,0.0,0.0,0.0,0.0,,0.0,,1022.631292469322,0.0,1022.631292469322,1.0,,,45.0,45.0,,,,,2.0,2.0,300.0,300.0,2.0,2.0,,,,,1.0,1.0,15.0,15.0
1017.8489977633376,4827.721994645233,42.26403289998416,49.0,5.0,1.0,536.0,18,0.02752708625221752,-0.19245840515030324,-0.007344814681159366,0.2536426660631316,-0.13239953494547288,6.0,1.0,56.0,56.0,56.0,56.0,56.0,14.0,1.0,0.0,6.0,0.0,0.0,728.0545927700332,0.0,1.742798370912169,728.0545927700332,726.311794399121,0.0,728.0545927700332,0.0,1.8985311965857363,728.0545927700332,726.1560615734476,0.0,728.0545927700332,0.0,3.636524510574418,728.0545927700332,724.4180682594588,0.0,728.0545927700332,0.0,3.1373979183285883,728.0545927700332,724.9171948517047,0.0,-0.006263710547740544,-0.0028294468338543773,-0.008494391870823865,-0.012824841505856287,1.0,1500.0,1500.0,1500.0,1500.0,1.1581457670246944,1.0,0.0,0.1,0.1,0.1,0.0,0.0,0.0,0.0,0.0,0.1,0.1,0.1,0.0,0.0,0.0,0.0,0.0,1.0,115.0,115.0,115.0,100.0,100.0,100.0,100.0,100.0,115.0,115.0,115.0,100.0,100.0,100.0,100.0,100.0,0.0,4.0,4.0,4.0,-0.004776621084098532,-0.004862928140142441,-0.0010441067638408928,1.0,0.0,0.0,0.0,0.0,0.0,0.0,1.0,1.0,10.0,1.0,1088.1313365019744,1017.8489977633376,707.1285116522265,1017.8489977633376,-1758.2946855876573,-1758.2946855876573,2.0,1.0,10.0,215.46977989867412,0.0,1.0,0.0,0.0,0.0,802.3792178646635,1017.8489977633376,-2560.6739034523207,1017.8489977633376,1017.8489977633376,-1758.2946855876573,215.46977989867412,1.0,2072.2780053547667,2427.7219946452333,33.0,33.0,,,,,2.0,2.0,300.0,300.0,2.0,2.0,2400.0,2427.7219946452333,3000.0,3000.0,1.0,1.0,15.0,15.0
1073.5544713586437,6000.0,44.05618349998258,49.0,5.0,0.0,652.0,19,-0.0003484477889926785,0.07901799174974886,-0.37808070437362923,0.46271025965778134,0.14173309371457954,6.0,1.0,56.0,62.0,50.0,62.0,62.0,15.0,1.0,0.0,6.0,1.0,0.0,736.8233741429797,1.0,1.727559765146907,739.0488675281722,736.325440522934,0.0,736.8233741429797,0.0,0.43009617449479265,736.5654287263204,737.5114157341336,0.0,736.8233741429797,1.0,3.0030954301582824,741.238813003184,735.4110307129336,0.0,736.8233741429797,0.0,0.7223574723079764,737.2016985871644,737.1674071711029,1.0,0.0006167990310136182,0.0014006795724802047,-0.0028331224466282383,-3.0778405014702585e-05,1.0,1200.0,1213.8609973226166,1200.0,1213.8609973226166,,,0.0,0.1,0.1,0.1,0.0,0.0,0.0,0.0,0.0,0.1,0.1,0.1,0.0004962453795734234,0.0,0.0,0.0,0.0,1.0,115.0,115.0,115.0,100.0,100.0,100.0,100.0,100.0,115.0,115.0,115.0,100.0,100.0,100.0,100.0,100.0,0.0,4.0,4.0,4.0,-0.018383152733761007,-0.04577505575672323,0.007087936558629691,1.0,0.0,0.0,0.0,0.0,0.0,0.0,1.0,1.0,0.0,0.0,0.0,,0.0,,0.0,,-1.0,0.0,0.0,0.0,0.0,1.0,0.0,0.0,0.0,0.0,,0.0,,1073.5544713586437,0.0,1073.5544713586437,1.0,,,45.0,45.0,,,,,2.0,2.0,300.0,300.0,2.0,2.0,,,,,1.0,1.0,15.0,15.0
1066.4478472199428,4800.0,58.67137310001999,75.0,12.0,1.0,720.0,20,0.02635876222660327,-0.12482149473505344,0.012944174709220935,0.1903096527887751,-0.23768115234963125,6.0,1.0,56.0,56.0,56.0,56.0,56.0,16.0,1.0,0.0,6.0,0.0,0.0,779.2997581605355,0.0,0.8428696208577549,779.2997581605355,778.4568885396777,0.0,779.2997581605355,0.0,1.9516773542613919,779.2997581605355,777.3480808062742,0.0,779.2997581605355,0.0,2.0665274078924085,779.2997581605355,777.2332307526432,0.0,779.2997581605355,0.0,3.2933516535240415,779.2997581605355,776.0064065070115,0.0,-0.010654094253302635,-0.0029246802661227634,-0.012960428610224615,-0.013291615572367493,1.0,1500.0,1500.0,1500.0,1500.0,1.3190227655354068,1.0553759584189526,0.0,0.1,0.1,0.1,0.0,0.0,0.0,0.0,0.0,0.1,0.1,0.1,0.0,0.0,0.0,0.0,0.0,1.0,115.0,115.0,115.0,100.0,100.0,100.0,100.0,100.0,115.0,115.0,115.0,100.0,100.0,100.0,100.0,100.0,0.0,4.0,0.0,4.0,-0.011413561971178248,-0.008750785348165039,0.01118252058005004,1.0,0.0,0.0,0.0,0.0,0.0,0.0,1.0,1.0,0.0,1.0,1117.7011228441274,1066.4478472199428,744.8558333310536,1066.4478472199428,1117.7011228441274,1117.7011228441274,2.0,2.0,10.0,-51.25327562418465,0.0,1.0,0.0,0.0,0.0,1117.7011228441274,1066.4478472199428,0.0,1066.4478472199428,1066.4478472199428,1117.7011228441274,-51.25327562418465,1.0,1819.5288684238985,2274.0711315761014,33.0,33.0,,,,,2.0,2.0,300.0,300.0,2.0,2.0,2400.0,2400.0,3000.0,3000.0,1.0,1.0,15.0,15.0
1060.7755417081903,4215.971849131681,53.81593719997909,49.0,5.0,1.0,980.0,21,0.03612027097480982,-0.06998924224103809,-0.2671541284639126,-0.06533300574600709,0.017682381693888416,6.0,1.0,56.0,56.0,50.0,50.0,62.0,17.0,1.0,0.0,6.0,0.0,0.0,794.8719029638513,0.0,0.03458583489077682,795.4454731311309,794.3329186314623,0.0,794.8719029638513,0.0,0.39062368932377467,794.5613206358645,795.573108981162,0.0,794.8719029638513,0.0,0.07483023787722232,797.1071408504536,792.5618348393717,0.0,794.8719029638513,0.0,0.7172214751974479,795.2775246247679,795.183502778132,1.0,-0.012355811088794605,0.0015363020243344867,-0.013724383103052323,0.00015471990192988727,1.0,1200.0,1200.0,1200.0,1200.0,1.0729433689273409,1.0,0.0,0.1,0.1,-0.000242187776910896,0.0,0.0,0.0,0.0,0.0,0.1,0.1,0.1,0.000649534211003555,2.206333360632584e-06,0.0,0.0,0.0,1.0,115.0,115.0,100.0,100.0,100.0,100.0,100.0,100.0,115.0,115.0,115.0,100.0,100.0,100.0,100.0,100.0,0.0,4.0,4.0,4.0,0.03577867493618867,-0.040155522537733065,-0.025336734597032326,1.0,0.0,0.0,0.0,0.0,0.0,0.0,1.0,1.0,10.0,1.0,1133.2929028193012,1060.7755417081903,738.2321389304124,1060.7755417081903,-1940.115095448135,-1940.115095448135,2.0,2.0,0.0,223.77821180555577,0.0,1.0,0.0,0.0,0.0,836.9973299026345,1060.7755417081903,-2777.1124253507696,1060.7755417081903,1060.7755417081903,-1940.115095448135,223.77821180555577,1.0,1677.6281508683194,2415.9718491316808,46.0,45.0,,,,,2.0,2.0,300.0,300.0,2.0,2.0,1800.0,2415.9718491316808,3000.0,3000.0,1.0,1.0,15.0,15.0
1177.618307636035,5400.0,43.321792100032326,49.0,5.0,0.0,645.0,22,0.024685036919782594,-0.1251078170885007,-0.605652346334835,-0.0580595917948313,0.4254471242567833,6.0,1.0,56.0,56.0,44.0,56.0,68.0,18.0,1.0,0.0,6.0,1.0,0.0,820.7407162263478,1.0,3.2313974043179314,825.0854399778304,819.627389879183,0.0,820.7407162263478,0.0,3.377457054531078,820.0454903979057,824.813399109321,0.0,820.7407162263478,1.0,4.982918593379054,826.615526003027,819.8488250430478,0.0,820.7407162263478,0.0,4.332082406583368,820.5236070707806,825.2899077884983,0.0,-0.0038330715497534844,-0.0038965586866149806,-0.005765538465187677,-0.004468965486815719,1.0,900.0,1207.9859245658404,900.0,1207.9859245658404,,,0.0,0.1,0.1,-0.0019977265792746834,-0.0002069413327831171,-9.62980318490736e-05,0.0,-8.546214758098359e-09,0.0,0.1,0.1,0.1,0.0005152486207649076,0.0,0.0,0.0,0.0,1.0,115.0,115.0,100.0,100.0,100.0,100.0,100.0,100.0,115.0,115.0,115.0,100.0,100.0,100.0,100.0,100.0,0.0,4.0,4.0,4.0,0.025137733187218382,-0.03556394360386661,-0.06440926118112908,1.0,0.0,0.0,0.0,0.0,0.0,0.0,1.0,1.0,0.0,0.0,0.0,,0.0,,0.0,,-1.0,0.0,0.0,0.0,0.0,1.0,0.0,0.0,0.0,0.0,,0.0,,1177.618307636035,0.0,1177.618307636035,1.0,,,46.0,45.0,,,,,2.0,2.0,300.0,300.0,2.0,2.0,,,,,1.0,1.0,15.0,15.0
1163.6862801752482,4395.674865057112,43.06104100000812,49.0,5.0,1.0,581.0,23,0.040024043593081204,-0.06056504191476771,-0.2882313926259262,-0.009823355446041987,0.037838034833167,6.0,1.0,56.0,56.0,50.0,56.0,62.0,19.0,1.0,0.0,6.0,0.0,0.0,842.9950928726649,0.0,0.645198108307568,844.3142539423358,842.3211299113017,0.0,842.9950928726649,0.0,1.2158059337864415,842.9950928726649,841.7792869388786,0.0,842.9950928726649,1.0,3.187642263408179,847.4854480639624,841.6923799447757,0.0,842.9950928726649,0.0,2.010741223238483,842.9950928726649,840.9843516494266,0.0,-0.011717141288509533,-0.007146894431691777,-0.009347931237736992,-0.013677951168267055,1.0,1200.0,1500.0,1200.0,1500.0,1.2016621912607326,1.0,0.0,0.1,-0.001454948571837633,0.0,0.0,0.0,0.0,0.0,0.0,0.1,0.1,0.1,0.0,0.0,0.0,0.0,0.0,1.0,115.0,100.0,100.0,100.0,100.0,100.0,100.0,100.0,115.0,115.0,115.0,100.0,100.0,100.0,100.0,100.0,0.0,4.0,4.0,4.0,-0.0018785229586837093,-0.03943183505324584,0.0064367178671556205,1.0,0.0,0.0,0.0,0.0,0.0,0.0,1.0,1.0,10.0,1.0,1261.620889387952,1163.6862801752482,856.2580421657296,1163.6862801752482,-2273.61677740767,-2273.61677740767,2.0,1.0,10.0,206.08752620396285,0.0,1.0,0.0,0.0,0.0,957.5987539712853,1163.6862801752482,-3231.2155313789553,1163.6862801752482,1163.6862801752482,-2273.61677740767,206.08752620396285,1.0,1497.9251349428885,2595.674865057111,47.0,33.0,,,,,2.0,2.0,300.0,300.0,2.0,2.0,1800.0,2595.674865057111,3000.0,3000.0,1.0,1.0,15.0,15.0
1279.9715670206992,4877.240958406032,43.91603279998526,49.0,5.0,1.0,769.0,24,0.0003741694658158483,-0.10167011607450471,-0.5543808538341443,0.1637915356256823,0.4392278226075337,6.0,1.0,56.0,56.0,44.0,62.0,68.0,20.0,1.0,0.0,6.0,0.0,0.0,842.2090287425241,1.0,3.5026480870837986,846.9016710356779,841.0190345364541,0.0,842.2090287425241,0.0,2.2796698521322014,842.1902748330901,844.5074525040902,0.0,842.2090287425241,0.0,3.0771705429190206,843.5889668131164,843.9062612148508,1.0,842.2090287425241,0.0,2.824665798454589,842.6759610893882,844.5667621941145,1.0,-0.005554736593719956,-0.005280861479191117,-0.011843324882145817,-0.008185857847386029,1.0,900.0,1297.8374325285556,900.0,1297.8374325285556,1.0,1.0,0.0,0.09990148881789765,-0.005368178465482742,-0.0015853829498709616,-0.0002508990236151476,-0.00013447528754113592,-2.8403181374869747e-06,-2.716875599162449e-07,-1.7205763924721396e-09,0.09986926399038794,0.0998809263289786,0.09991939315632409,-8.366103398316227e-05,-4.065814498517284e-05,0.0,0.0,0.0,1.0,115.0,100.0,100.0,100.0,100.0,100.0,100.0,100.0,115.0,115.0,115.0,100.0,100.0,100.0,100.0,100.0,0.0,4.0,4.0,4.0,-0.0022220077813110903,-0.03630043025697206,-0.03256481657568789,1.0,0.0,0.0,0.0,0.0,0.0,0.0,1.0,1.0,0.0,1.0,1351.8862275938818,1279.9715670206992,956.4489975762547,1279.9715670206992,1279.9715670206992,1279.9715670206992,1.0,2.0,10.0,0.0,0.0,1.0,0.0,0.0,0.0,1279.9715670206992,1279.9715670206992,0.0,1279.9715670206992,1279.9715670206992,1279.9715670206992,0.0,1.0,1877.2409584060322,3000.0,47.0,45.0,,0.65,,1.0730925056453555,2.0,2.0,300.0,300.0,2.0,2.0,1877.2409584060322,3000.0,2400.0,3000.0,1.0,1.0,15.0,15.0
1342.906434702677,4921.712605425824,52.643126100010704,49.0,5.0,1.0,592.0,25,0.05363703741065318,-0.09869708393624381,-0.2811979250525834,-0.154110527957517,0.10283925348755218,6.0,1.0,56.0,56.0,50.0,56.0,62.0,21.0,1.0,0.0,6.0,0.0,0.0,811.4282075042421,0.0,0.05023005149951132,812.136008288861,810.6701766681236,0.0,811.4282075042421,0.0,1.7076186449337456,811.4282075042421,809.7205888593085,0.0,811.4282075042421,0.0,0.6467608299815311,811.4384266879438,812.064749150522,1.0,811.4282075042421,0.0,3.5644868081037657,811.4282075042421,807.8637206961382,0.0,-0.010578843760367981,-0.0035038178934901987,-0.014930245476267763,-0.012622356570693802,1.0,938.6204792030161,1500.0,938.6204792030161,1500.0,1.0,1.0,0.0,0.09958189333507335,-0.007280305138661448,-0.003808349446253345,-0.0005187310250050814,-0.00034962179205422217,-2.9091086895505212e-05,-3.594772562109938e-05,-4.76688271646708e-05,0.09968538103885294,0.09986538734973466,0.1,0.0,0.0,0.0,0.0,0.0,1.0,115.0,100.0,100.0,100.0,100.0,100.0,100.0,100.0,115.0,115.0,115.0,100.0,100.0,100.0,100.0,100.0,0.0,4.0,4.0,4.0,0.03382141317881874,-0.06290460943170223,0.029731385626879832,1.0,0.0,0.0,0.0,0.0,0.0,0.0,1.0,1.0,0.0,1.0,1397.4654624804548,1342.906434702677,990.352368740983,1342.906434702677,1342.906434702677,1342.906434702677,1.0,1.0,0.0,0.0,0.0,1.0,0.0,0.0,0.0,1342.906434702677,1342.906434702677,0.0,1342.906434702677,1342.906434702677,1342.906434702677,0.0,1.0,1921.7126054258242,3000.0,47.0,33.0,,0.65,,1.259545481380594,2.0,2.0,300.0,300.0,2.0,2.0,1921.7126054258242,3000.0,2477.240958,3000.0,1.0,1.0,15.0,15.0
1243.7427737079945,4093.6,53.0559386999812,49.0,5.0,1.0,1136.0,26,0.04238740612704835,-0.10476638766004454,-0.159521722700647,-0.07348552534395066,-0.28093935240134255,6.0,1.0,56.0,56.0,56.0,56.0,56.0,22.0,1.0,0.0,6.0,0.0,0.0,763.645006052624,0.0,0.18421477979927658,763.5104062685825,763.9638206164649,0.0,763.645006052624,0.0,3.936951884258633,763.645006052624,759.7080541683653,0.0,763.645006052624,0.0,1.5360581768286465,764.1380883906669,764.6879818914099,1.0,763.645006052624,0.0,7.585664416428244,763.645006052624,756.0593416361958,0.0,-0.012627289585642932,0.0035680081962509297,-0.017398389174101043,0.006261568796499736,1.0,960.8563027129121,1500.0,960.8563027129121,1500.0,1.0,1.0,0.0,0.09854670243712463,-0.011739564908592825,-0.0066573883121662895,-0.0025428920789757115,-0.0025937403149271176,-0.0015353314482808855,-0.001805200733122092,-0.001995065106166294,0.09948622568920201,0.09979558509846811,0.1,0.0,0.0,0.0,0.0,0.0,1.0,115.0,100.0,100.0,100.0,100.0,100.0,100.0,100.0,115.0,115.0,115.0,100.0,100.0,100.0,100.0,100.0,0.0,4.0,4.0,4.0,0.03542839805570721,-0.0225150591631149,0.03413214271387647,1.0,0.0,0.0,0.0,0.0,0.0,0.0,1.0,1.0,10.0,1.0,1313.506416079634,1243.7427737079945,981.331315374661,1243.7427737079945,-1862.1981599929632,-1862.1981599929632,2.0,2.0,0.0,179.36768315709037,0.0,1.0,0.0,0.0,0.0,1064.3750905509041,1243.7427737079945,-2926.5732505438673,1243.7427737079945,1243.7427737079945,-1862.1981599929632,179.36768315709037,1.0,1586.3989180166836,2507.2010819833163,47.0,33.0,,,,,2.0,2.0,300.0,300.0,2.0,2.0,1586.3989180166836,2507.2010819833163,2521.712606,2700.0,1.0,1.0,15.0,15.0
1068.2510673625284,5186.398918,43.96233090001624,49.0,5.0,0.0,649.0,27,0.062436840479671796,-0.07273769902032774,-0.20739808212074914,-0.2276069483383279,-0.10219433209860779,6.0,1.0,56.0,56.0,50.0,56.0,62.0,23.0,1.0,0.0,6.0,0.0,0.0,699.9406464829985,0.0,1.8409400332468522,695.8745388046525,702.1658141280977,0.0,699.9406464829985,0.0,1.6500640573767669,699.7130345423641,698.5181943662562,1.0,699.9406464829985,0.0,2.4314904431557807,694.8352550016244,702.6145475212168,0.0,699.9406464829985,0.0,1.2397372960895154,700.5520007210697,698.0895549488379,0.0,-0.006476167504334356,-0.008241983730123567,-0.010893044333366717,-0.018589021149269698,1.0,793.1994590083418,1307.2010819833163,793.1994590083418,1200.0,,,0.0,0.0956852040852482,-0.00504821713576007,-0.004216307775477901,-0.006524241479472437,-0.007816688723117693,-0.008876999278356834,-0.00959578688843763,-0.010198944203880699,0.09799256970247826,0.09780101967659222,-0.06697882197562564,-0.0030777929031330586,-0.0033430520659749165,-0.0015524972795901704,-0.0021617606377049015,-0.002530312485492914,1.0,115.0,100.0,100.0,100.0,100.0,100.0,100.0,100.0,115.0,115.0,100.0,100.0,100.0,100.0,100.0,100.0,0.0,4.0,4.0,4.0,0.04811205353545096,-0.05688984009990305,0.030811636996514718,1.0,0.0,0.0,0.0,0.0,0.0,0.0,1.0,1.0,0.0,0.0,0.0,,0.0,,0.0,,-1.0,0.0,0.0,0.0,0.0,1.0,0.0,0.0,0.0,0.0,,0.0,,1068.2510673625284,0.0,1068.2510673625284,1.0,,,47.0,46.0,,,,,2.0,2.0,300.0,300.0,2.0,2.0,,,,,1.0,1.0,15.0,15.0
806.1964533617218,5186.398918,42.776009399967734,49.0,5.0,1.0,504.0,28,0.030147280200664223,-0.05733291190748446,-0.03985821716131296,0.06557682637988964,-0.11671428402936948,6.0,1.0,56.0,56.0,56.0,56.0,62.0,24.0,1.0,0.0,6.0,0.0,0.0,608.2140628789501,0.0,4.074748201663851,602.205285660162,610.1480918960746,0.0,608.2140628789501,0.0,6.22837288609071,608.2140628789501,601.9856899928594,0.0,608.2140628789501,0.0,3.3543800766524328,602.4410301838786,610.6327154973692,0.0,608.2140628789501,0.0,7.486595002312015,608.2140628789501,600.7274678766381,0.0,-0.008132663289571625,0.013116777582357408,-0.01053850358291065,0.010181193919853298,1.0,1093.199459,1500.0,1093.199459,1500.0,0.9704973881788554,0.823244321628144,0.0,0.09786214855485582,-0.0013965061477719592,-0.0024044537826675583,-0.004372306070383304,-0.004431524425651645,-0.0070237750491841675,-0.008070611445685216,-0.009211286936356798,0.09524354657661291,0.09464627446736103,-0.01755554407637021,-0.0009393611081122799,-0.0005035035740093008,-1.0768257186555275e-05,-6.231329700767674e-06,-4.8111754040292e-06,1.0,115.0,100.0,100.0,100.0,100.0,100.0,100.0,100.0,115.0,115.0,100.0,100.0,100.0,100.0,100.0,100.0,0.0,4.0,4.0,4.0,0.030162360743744662,-0.0153061187691281,0.022279044940239245,1.0,0.0,0.0,0.0,0.0,0.0,0.0,1.0,1.0,0.0,1.0,875.7214735132468,806.1964533617218,699.3110366950552,806.1964533617218,823.5887221927105,823.5887221927105,2.0,4.0,10.0,-17.39226883098877,0.0,1.0,0.0,0.0,0.0,823.5887221927105,806.1964533617218,0.0,806.1964533617218,806.1964533617218,823.5887221927105,-17.39226883098877,1.0,2871.1039843483713,2915.2949336516285,47.0,34.0,0.65,0.65,1.3735669257275804,1.76323592986284,2.0,2.0,300.0,300.0,2.0,2.0,2786.398918,2400.0,2786.398918,2400.0,1.0,1.0,15.0,15.0
657.1672720487472,6000.0,41.149961600021925,49.0,4.0,0.0,615.0,29,0.022720601277409158,-0.045189760361690826,-0.021918573371246364,0.0008931146719023762,0.09605763548260646,6.0,1.0,56.0,56.0,51.0,56.0,68.0,25.0,1.0,0.0,6.0,0.0,0.0,505.25133780913524,0.0,1.0171526388903658,504.7739702104174,506.7458580467434,0.0,505.25133780913524,0.0,0.4612044019510222,504.3929102410186,506.57096977920287,0.0,505.25133780913524,0.0,0.8248061115854171,504.96677659113413,506.36070513872176,0.0,505.25133780913524,0.0,0.2754869740487038,504.0751197991609,506.70304279315826,0.0,-0.0010316763209795659,-3.289506743226877e-05,-0.0020823515213115084,-0.0038470523665954087,1.0,1393.199459,1200.0,1393.199459,1200.0,,,0.0,0.09617293062929519,-0.006294967786617179,-0.009459308736661143,-0.006825304819459177,-0.006082708882159693,-0.00225630114120392,-0.004853179758206494,-0.006150992596123928,0.0959716466299497,0.0953020943075181,-0.009233988688473716,-0.008297374825989934,-0.006460335290397978,-0.005789730324652709,-0.007684740688601367,-0.009097612633885886,1.0,115.0,100.0,100.0,100.0,100.0,100.0,100.0,100.0,115.0,115.0,100.0,100.0,100.0,100.0,100.0,100.0,0.0,4.0,4.0,4.0,0.015663605820279432,0.001137248544444613,-0.003601478154817498,1.0,0.0,30.0,0.0,0.0,0.0,0.0,1.0,1.0,0.0,0.0,0.0,,0.0,,0.0,,-1.0,0.0,0.0,0.0,0.0,1.0,0.0,0.0,0.0,0.0,,0.0,,657.1672720487472,0.0,657.1672720487472,1.0,,,41.0,46.0,,,,,2.0,2.0,300.0,300.0,2.0,2.0,,,,,1.0,1.0,15.0,15.0
481.1504203890316,6000.0,56.46519160002936,75.0,9.0,0.0,549.0,30,0.004811658284843238,-0.03847462239717547,-0.010629870942898318,0.030686713540816868,-0.02254947759685777,6.0,1.0,56.0,56.0,56.0,56.0,62.0,26.0,1.0,0.0,6.0,0.0,0.0,408.9331374408528,0.0,1.8254219318263267,408.9331374408528,410.7585593726791,0.0,408.9331374408528,0.0,0.014360295986193705,408.9331374408528,408.94749773683907,0.0,408.9331374408528,0.0,1.4826921136774445,408.9331374408528,410.4158295545302,0.0,408.9331374408528,0.0,0.4932460269006924,408.9331374408528,409.42638346775357,0.0,-0.0018332104155407572,-0.0019983845562806597,-0.0023623172480354525,-0.0027578679636399528,1.0,1500.0,1500.0,1500.0,1500.0,,,0.0,0.09545043254470897,-0.006978969848269402,-0.011057710450403135,-0.010075353016467403,-0.009495747169917478,0.0,-0.004067555513005772,-0.005953291417259265,0.09510522052874748,0.09399829736350612,-0.010553666914643855,-0.009371400997425639,-0.004820143631825857,-0.0070216720190551035,-0.007799185240826034,-0.008299084695679682,1.0,115.0,100.0,100.0,100.0,100.0,100.0,100.0,100.0,115.0,115.0,100.0,100.0,100.0,100.0,100.0,100.0,0.0,4.0,4.0,4.0,0.007737309926740217,-0.007315511427291732,0.015227855914088609,1.0,0.0,0.0,0.0,0.0,0.0,0.0,1.0,1.0,0.0,0.0,0.0,,0.0,,0.0,,-1.0,0.0,0.0,0.0,0.0,1.0,0.0,0.0,0.0,0.0,,0.0,,481.1504203890316,0.0,481.1504203890316,1.0,,,35.0,34.0,,,,,2.0,2.0,300.0,300.0,2.0,2.0,,,,,1.0,1.0,15.0,15.0
397.5417411297764,6000.0,24.897088000026997,49.0,4.0,0.0,525.0,31,0.004811658284843238,-0.03847462239717547,-0.010629870942898318,0.030686713540816868,-0.02254947759685777,6.0,1.0,56.0,56.0,56.0,56.0,62.0,26.0,0.0,0.0,6.0,0.0,0.0,408.9331374408528,0.0,1.8254219318263267,408.9331374408528,410.7585593726791,0.0,408.9331374408528,0.0,0.014360295986193705,408.9331374408528,408.94749773683907,0.0,408.9331374408528,0.0,1.4826921136774445,408.9331374408528,410.4158295545302,0.0,408.9331374408528,0.0,0.4932460269006924,408.9331374408528,409.42638346775357,0.0,-0.0018332104155407572,-0.0019983845562806597,-0.0023623172480354525,-0.0027578679636399528,1.0,1500.0,1500.0,1500.0,1500.0,,,0.0,0.09545043254470897,-0.006978969848269402,-0.011057710450403135,-0.010075353016467403,-0.009495747169917478,0.0,-0.004067555513005772,-0.005953291417259265,0.09510522052874748,0.09399829736350612,-0.010553666914643855,-0.009371400997425639,-0.004820143631825857,-0.0070216720190551035,-0.007799185240826034,-0.008299084695679682,1.0,115.0,100.0,100.0,100.0,100.0,100.0,100.0,100.0,115.0,115.0,100.0,100.0,100.0,100.0,100.0,100.0,0.0,4.0,4.0,4.0,0.007737309926740217,-0.007315511427291732,0.015227855914088609,1.0,0.0,0.0,0.0,0.0,0.0,0.0,1.0,1.0,0.0,0.0,0.0,,0.0,,0.0,,-1.0,0.0,0.0,0.0,0.0,1.0,0.0,0.0,0.0,0.0,,0.0,,397.5417411297764,0.0,397.5417411297764,1.0,,,35.0,34.0,,,,,2.0,2.0,300.0,300.0,2.0,2.0,,,,,1.0,1.0,15.0,15.0
343.67928330562785,6000.0,22.102632599999197,49.0,4.0,0.0,553.0,32,0.004811658284843238,-0.03847462239717547,-0.010629870942898318,0.030686713540816868,-0.02254947759685777,6.0,1.0,56.0,56.0,56.0,56.0,62.0,26.0,0.0,0.0,6.0,0.0,0.0,408.9331374408528,0.0,1.8254219318263267,408.9331374408528,410.7585593726791,0.0,408.9331374408528,0.0,0.014360295986193705,408.9331374408528,408.94749773683907,0.0,408.9331374408528,0.0,1.4826921136774445,408.9331374408528,410.4158295545302,0.0,408.9331374408528,0.0,0.4932460269006924,408.9331374408528,409.42638346775357,0.0,-0.0018332104155407572,-0.0019983845562806597,-0.0023623172480354525,-0.0027578679636399528,1.0,1500.0,1500.0,1500.0,1500.0,,,0.0,0.09545043254470897,-0.006978969848269402,-0.011057710450403135,-0.010075353016467403,-0.009495747169917478,0.0,-0.004067555513005772,-0.005953291417259265,0.09510522052874748,0.09399829736350612,-0.010553666914643855,-0.009371400997425639,-0.004820143631825857,-0.0070216720190551035,-0.007799185240826034,-0.008299084695679682,1.0,115.0,100.0,100.0,100.0,100.0,100.0,100.0,100.0,115.0,115.0,100.0,100.0,100.0,100.0,100.0,100.0,0.0,4.0,4.0,4.0,0.007737309926740217,-0.007315511427291732,0.015227855914088609,1.0,0.0,0.0,0.0,0.0,0.0,0.0,1.0,1.0,0.0,0.0,0.0,,0.0,,0.0,,-1.0,0.0,0.0,0.0,0.0,1.0,0.0,0.0,0.0,0.0,,0.0,,343.67928330562785,0.0,343.67928330562785,1.0,,,35.0,34.0,,,,,2.0,2.0,300.0,300.0,2.0,2.0,,,,,1.0,1.0,15.0,15.0
322.45690434207154,6000.0,22.138854800025,49.0,4.0,0.0,531.0,33,0.004811658284843238,-0.03847462239717547,-0.010629870942898318,0.030686713540816868,-0.02254947759685777,6.0,1.0,56.0,56.0,56.0,56.0,62.0,26.0,0.0,0.0,6.0,0.0,0.0,408.9331374408528,0.0,1.8254219318263267,408.9331374408528,410.7585593726791,0.0,408.9331374408528,0.0,0.014360295986193705,408.9331374408528,408.94749773683907,0.0,408.9331374408528,0.0,1.4826921136774445,408.9331374408528,410.4158295545302,0.0,408.9331374408528,0.0,0.4932460269006924,408.9331374408528,409.42638346775357,0.0,-0.0018332104155407572,-0.0019983845562806597,-0.0023623172480354525,-0.0027578679636399528,1.0,1500.0,1500.0,1500.0,1500.0,,,0.0,0.09545043254470897,-0.006978969848269402,-0.011057710450403135,-0.010075353016467403,-0.009495747169917478,0.0,-0.004067555513005772,-0.005953291417259265,0.09510522052874748,0.09399829736350612,-0.010553666914643855,-0.009371400997425639,-0.004820143631825857,-0.0070216720190551035,-0.007799185240826034,-0.008299084695679682,1.0,115.0,100.0,100.0,100.0,100.0,100.0,100.0,100.0,115.0,115.0,100.0,100.0,100.0,100.0,100.0,100.0,0.0,4.0,4.0,4.0,0.007737309926740217,-0.007315511427291732,0.015227855914088609,1.0,0.0,0.0,0.0,0.0,0.0,0.0,1.0,1.0,0.0,0.0,0.0,,0.0,,0.0,,-1.0,0.0,0.0,0.0,0.0,1.0,0.0,0.0,0.0,0.0,,0.0,,322.45690434207154,0.0,322.45690434207154,1.0,,,35.0,34.0,,,,,2.0,2.0,300.0,300.0,2.0,2.0,,,,,1.0,1.0,15.0,15.0
279.6447103549015,6000.0,21.597230400016997,49.0,4.0,0.0,544.0,34,0.004811658284843238,-0.03847462239717547,-0.010629870942898318,0.030686713540816868,-0.02254947759685777,6.0,1.0,56.0,56.0,56.0,56.0,62.0,26.0,0.0,0.0,6.0,0.0,0.0,408.9331374408528,0.0,1.8254219318263267,408.9331374408528,410.7585593726791,0.0,408.9331374408528,0.0,0.014360295986193705,408.9331374408528,408.94749773683907,0.0,408.9331374408528,0.0,1.4826921136774445,408.9331374408528,410.4158295545302,0.0,408.9331374408528,0.0,0.4932460269006924,408.9331374408528,409.42638346775357,0.0,-0.0018332104155407572,-0.0019983845562806597,-0.0023623172480354525,-0.0027578679636399528,1.0,1500.0,1500.0,1500.0,1500.0,,,0.0,0.09545043254470897,-0.006978969848269402,-0.011057710450403135,-0.010075353016467403,-0.009495747169917478,0.0,-0.004067555513005772,-0.005953291417259265,0.09510522052874748,0.09399829736350612,-0.010553666914643855,-0.009371400997425639,-0.004820143631825857,-0.0070216720190551035,-0.007799185240826034,-0.008299084695679682,1.0,115.0,100.0,100.0,100.0,100.0,100.0,100.0,100.0,115.0,115.0,100.0,100.0,100.0,100.0,100.0,100.0,0.0,4.0,4.0,4.0,0.007737309926740217,-0.007315511427291732,0.015227855914088609,1.0,0.0,0.0,0.0,0.0,0.0,0.0,1.0,1.0,0.0,0.0,0.0,,0.0,,0.0,,-1.0,0.0,0.0,0.0,0.0,1.0,0.0,0.0,0.0,0.0,,0.0,,279.6447103549015,0.0,279.6447103549015,1.0,,,35.0,34.0,,,,,2.0,2.0,300.0,300.0,2.0,2.0,,,,,1.0,1.0,15.0,15.0
303.082039468727,6000.0,21.24729789997218,49.0,4.0,0.0,531.0,35,0.004811658284843238,-0.03847462239717547,-0.010629870942898318,0.030686713540816868,-0.02254947759685777,6.0,1.0,56.0,56.0,56.0,56.0,62.0,26.0,0.0,0.0,6.0,0.0,0.0,408.9331374408528,0.0,1.8254219318263267,408.9331374408528,410.7585593726791,0.0,408.9331374408528,0.0,0.014360295986193705,408.9331374408528,408.94749773683907,0.0,408.9331374408528,0.0,1.4826921136774445,408.9331374408528,410.4158295545302,0.0,408.9331374408528,0.0,0.4932460269006924,408.9331374408528,409.42638346775357,0.0,-0.0018332104155407572,-0.0019983845562806597,-0.0023623172480354525,-0.0027578679636399528,1.0,1500.0,1500.0,1500.0,1500.0,,,0.0,0.09545043254470897,-0.006978969848269402,-0.011057710450403135,-0.010075353016467403,-0.009495747169917478,0.0,-0.004067555513005772,-0.005953291417259265,0.09510522052874748,0.09399829736350612,-0.010553666914643855,-0.009371400997425639,-0.004820143631825857,-0.0070216720190551035,-0.007799185240826034,-0.008299084695679682,1.0,115.0,100.0,100.0,100.0,100.0,100.0,100.0,100.0,115.0,115.0,100.0,100.0,100.0,100.0,100.0,100.0,0.0,4.0,4.0,4.0,0.007737309926740217,-0.007315511427291732,0.015227855914088609,1.0,0.0,0.0,0.0,0.0,0.0,0.0,1.0,1.0,0.0,0.0,0.0,,0.0,,0.0,,-1.0,0.0,0.0,0.0,0.0,1.0,0.0,0.0,0.0,0.0,,0.0,,303.082039468727,0.0,303.082039468727,1.0,,,35.0,34.0,,,,,2.0,2.0,300.0,300.0,2.0,2.0,,,,,1.0,1.0,15.0,15.0
295.20622742847536,6000.0,21.783318699977826,49.0,4.0,0.0,549.0,36,0.004811658284843238,-0.03847462239717547,-0.010629870942898318,0.030686713540816868,-0.02254947759685777,6.0,1.0,56.0,56.0,56.0,56.0,62.0,26.0,0.0,0.0,6.0,0.0,0.0,408.9331374408528,0.0,1.8254219318263267,408.9331374408528,410.7585593726791,0.0,408.9331374408528,0.0,0.014360295986193705,408.9331374408528,408.94749773683907,0.0,408.9331374408528,0.0,1.4826921136774445,408.9331374408528,410.4158295545302,0.0,408.9331374408528,0.0,0.4932460269006924,408.9331374408528,409.42638346775357,0.0,-0.0018332104155407572,-0.0019983845562806597,-0.0023623172480354525,-0.0027578679636399528,1.0,1500.0,1500.0,1500.0,1500.0,,,0.0,0.09545043254470897,-0.006978969848269402,-0.011057710450403135,-0.010075353016467403,-0.009495747169917478,0.0,-0.004067555513005772,-0.005953291417259265,0.09510522052874748,0.09399829736350612,-0.010553666914643855,-0.009371400997425639,-0.004820143631825857,-0.0070216720190551035,-0.007799185240826034,-0.008299084695679682,1.0,115.0,100.0,100.0,100.0,100.0,100.0,100.0,100.0,115.0,115.0,100.0,100.0,100.0,100.0,100.0,100.0,0.0,4.0,4.0,4.0,0.007737309926740217,-0.007315511427291732,0.015227855914088609,1.0,0.0,0.0,0.0,0.0,0.0,0.0,1.0,1.0,0.0,0.0,0.0,,0.0,,0.0,,-1.0,0.0,0.0,0.0,0.0,1.0,0.0,0.0,0.0,0.0,,0.0,,295.20622742847536,0.0,295.20622742847536,1.0,,,35.0,34.0,,,,,2.0,2.0,300.0,300.0,2.0,2.0,,,,,1.0,1.0,15.0,15.0
274.9212350422124,6000.0,21.664293900015764,49.0,4.0,0.0,536.0,37,0.004811658284843238,-0.03847462239717547,-0.010629870942898318,0.030686713540816868,-0.02254947759685777,6.0,1.0,56.0,56.0,56.0,56.0,62.0,26.0,0.0,0.0,6.0,0.0,0.0,408.9331374408528,0.0,1.8254219318263267,408.9331374408528,410.7585593726791,0.0,408.9331374408528,0.0,0.014360295986193705,408.9331374408528,408.94749773683907,0.0,408.9331374408528,0.0,1.4826921136774445,408.9331374408528,410.4158295545302,0.0,408.9331374408528,0.0,0.4932460269006924,408.9331374408528,409.42638346775357,0.0,-0.0018332104155407572,-0.0019983845562806597,-0.0023623172480354525,-0.0027578679636399528,1.0,1500.0,1500.0,1500.0,1500.0,,,0.0,0.09545043254470897,-0.006978969848269402,-0.011057710450403135,-0.010075353016467403,-0.009495747169917478,0.0,-0.004067555513005772,-0.005953291417259265,0.09510522052874748,0.09399829736350612,-0.010553666914643855,-0.009371400997425639,-0.004820143631825857,-0.0070216720190551035,-0.007799185240826034,-0.008299084695679682,1.0,115.0,100.0,100.0,100.0,100.0,100.0,100.0,100.0,115.0,115.0,100.0,100.0,100.0,100.0,100.0,100.0,0.0,4.0,4.0,4.0,0.007737309926740217,-0.007315511427291732,0.015227855914088609,1.0,0.0,0.0,0.0,0.0,0.0,0.0,1.0,1.0,0.0,0.0,0.0,,0.0,,0.0,,-1.0,0.0,0.0,0.0,0.0,1.0,0.0,0.0,0.0,0.0,,0.0,,274.9212350422124,0.0,274.9212350422124,1.0,,,35.0,34.0,,,,,2.0,2.0,300.0,300.0,2.0,2.0,,,,,1.0,1.0,15.0,15.0
264.8167781734506,6000.0,21.257648099970538,49.0,4.0,0.0,550.0,38,0.004811658284843238,-0.03847462239717547,-0.010629870942898318,0.030686713540816868,-0.02254947759685777,6.0,1.0,56.0,56.0,56.0,56.0,62.0,26.0,0.0,0.0,6.0,0.0,0.0,408.9331374408528,0.0,1.8254219318263267,408.9331374408528,410.7585593726791,0.0,408.9331374408528,0.0,0.014360295986193705,408.9331374408528,408.94749773683907,0.0,408.9331374408528,0.0,1.4826921136774445,408.9331374408528,410.4158295545302,0.0,408.9331374408528,0.0,0.4932460269006924,408.9331374408528,409.42638346775357,0.0,-0.0018332104155407572,-0.0019983845562806597,-0.0023623172480354525,-0.0027578679636399528,1.0,1500.0,1500.0,1500.0,1500.0,,,0.0,0.09545043254470897,-0.006978969848269402,-0.011057710450403135,-0.010075353016467403,-0.009495747169917478,0.0,-0.004067555513005772,-0.005953291417259265,0.09510522052874748,0.09399829736350612,-0.010553666914643855,-0.009371400997425639,-0.004820143631825857,-0.0070216720190551035,-0.007799185240826034,-0.008299084695679682,1.0,115.0,100.0,100.0,100.0,100.0,100.0,100.0,100.0,115.0,115.0,100.0,100.0,100.0,100.0,100.0,100.0,0.0,4.0,4.0,4.0,0.007737309926740217,-0.007315511427291732,0.015227855914088609,1.0,0.0,0.0,0.0,0.0,0.0,0.0,1.0,1.0,0.0,0.0,0.0,,0.0,,0.0,,-1.0,0.0,0.0,0.0,0.0,1.0,0.0,0.0,0.0,0.0,,0.0,,264.8167781734506,0.0,264.8167781734506,1.0,,,35.0,34.0,,,,,2.0,2.0,300.0,300.0,2.0,2.0,,,,,1.0,1.0,15.0,15.0
270.7939134214835,6000.0,21.17249200004153,49.0,4.0,0.0,541.0,39,0.004811658284843238,-0.03847462239717547,-0.010629870942898318,0.030686713540816868,-0.02254947759685777,6.0,1.0,56.0,56.0,56.0,56.0,62.0,26.0,0.0,0.0,6.0,0.0,0.0,408.9331374408528,0.0,1.8254219318263267,408.9331374408528,410.7585593726791,0.0,408.9331374408528,0.0,0.014360295986193705,408.9331374408528,408.94749773683907,0.0,408.9331374408528,0.0,1.4826921136774445,408.9331374408528,410.4158295545302,0.0,408.9331374408528,0.0,0.4932460269006924,408.9331374408528,409.42638346775357,0.0,-0.0018332104155407572,-0.0019983845562806597,-0.0023623172480354525,-0.0027578679636399528,1.0,1500.0,1500.0,1500.0,1500.0,,,0.0,0.09545043254470897,-0.006978969848269402,-0.011057710450403135,-0.010075353016467403,-0.009495747169917478,0.0,-0.004067555513005772,-0.005953291417259265,0.09510522052874748,0.09399829736350612,-0.010553666914643855,-0.009371400997425639,-0.004820143631825857,-0.0070216720190551035,-0.007799185240826034,-0.008299084695679682,1.0,115.0,100.0,100.0,100.0,100.0,100.0,100.0,100.0,115.0,115.0,100.0,100.0,100.0,100.0,100.0,100.0,0.0,4.0,4.0,4.0,0.007737309926740217,-0.007315511427291732,0.015227855914088609,1.0,0.0,0.0,0.0,0.0,0.0,0.0,1.0,1.0,0.0,0.0,0.0,,0.0,,0.0,,-1.0,0.0,0.0,0.0,0.0,1.0,0.0,0.0,0.0,0.0,,0.0,,270.7939134214835,0.0,270.7939134214835,1.0,,,35.0,34.0,,,,,2.0,2.0,300.0,300.0,2.0,2.0,,,,,1.0,1.0,15.0,15.0
264.8419835724494,6000.0,52.35650509997504,75.0,9.0,0.0,550.0,40,0.0007204714129509697,-0.009404322903133422,0.0012248161349639277,-0.005465738524492086,0.015186043906467123,6.0,1.0,56.0,56.0,56.0,56.0,62.0,27.0,1.0,0.0,6.0,0.0,0.0,126.99665181879057,0.0,0.0017334080849025213,126.99665181879057,126.99838522687547,0.0,126.99665181879057,0.0,0.0013629173932656613,126.99665181879057,126.99801473618385,0.0,126.99665181879057,0.0,0.0007318030482679205,126.99665181879057,126.99738362183884,0.0,126.99665181879057,0.0,0.0005548567718562936,126.99665181879057,126.99720667556241,0.0,-5.778026949675071e-06,-4.543057977599574e-06,-2.439343494226402e-06,-1.8495225728069424e-06,1.0,1500.0,1500.0,1500.0,1500.0,,,0.0,0.09599808981069291,-0.005070343780564412,-0.006186372616208268,-0.007884870320206171,-0.009135084457619413,-0.01035424610958673,-0.01143321142207916,-0.013121118339524606,0.0962361854820454,0.09600026870526417,-0.005642912655619536,-0.007377111109881617,-0.00866450084047301,-0.009955860332624146,-0.010895772661442392,-0.012445798324602598,1.0,115.0,100.0,100.0,100.0,100.0,100.0,100.0,100.0,115.0,115.0,100.0,100.0,100.0,100.0,100.0,100.0,0.0,4.0,4.0,4.0,0.004390342546688279,0.006492410714851245,-0.008772830449061405,1.0,0.0,0.0,0.0,0.0,0.0,0.0,1.0,1.0,0.0,0.0,0.0,,0.0,,0.0,,-1.0,0.0,0.0,0.0,0.0,1.0,0.0,0.0,0.0,0.0,,0.0,,264.8419835724494,0.0,264.8419835724494,1.0,,,35.0,34.0,,,,,2.0,2.0,300.0,300.0,2.0,2.0,,,,,1.0,1.0,15.0,15.0
268.7901204579425,6000.0,21.135375800018664,49.0,4.0,0.0,550.0,41,0.0007204714129509697,-0.009404322903133422,0.0012248161349639277,-0.005465738524492086,0.015186043906467123,6.0,1.0,56.0,56.0,56.0,56.0,62.0,27.0,0.0,0.0,6.0,0.0,0.0,126.99665181879057,0.0,0.0017334080849025213,126.99665181879057,126.99838522687547,0.0,126.99665181879057,0.0,0.0013629173932656613,126.99665181879057,126.99801473618385,0.0,126.99665181879057,0.0,0.0007318030482679205,126.99665181879057,126.99738362183884,0.0,126.99665181879057,0.0,0.0005548567718562936,126.99665181879057,126.99720667556241,0.0,-5.778026949675071e-06,-4.543057977599574e-06,-2.439343494226402e-06,-1.8495225728069424e-06,1.0,1500.0,1500.0,1500.0,1500.0,,,0.0,0.09599808981069291,-0.005070343780564412,-0.006186372616208268,-0.007884870320206171,-0.009135084457619413,-0.01035424610958673,-0.01143321142207916,-0.013121118339524606,0.0962361854820454,0.09600026870526417,-0.005642912655619536,-0.007377111109881617,-0.00866450084047301,-0.009955860332624146,-0.010895772661442392,-0.012445798324602598,1.0,115.0,100.0,100.0,100.0,100.0,100.0,100.0,100.0,115.0,115.0,100.0,100.0,100.0,100.0,100.0,100.0,0.0,4.0,4.0,4.0,0.004390342546688279,0.006492410714851245,-0.008772830449061405,1.0,0.0,0.0,0.0,0.0,0.0,0.0,1.0,1.0,0.0,0.0,0.0,,0.0,,0.0,,-1.0,0.0,0.0,0.0,0.0,1.0,0.0,0.0,0.0,0.0,,0.0,,268.7901204579425,0.0,268.7901204579425,1.0,,,35.0,34.0,,,,,2.0,2.0,300.0,300.0,2.0,2.0,,,,,1.0,1.0,15.0,15.0
264.83112791338175,6000.0,20.813590899982955,49.0,4.0,0.0,550.0,42,0.0007204714129509697,-0.009404322903133422,0.0012248161349639277,-0.005465738524492086,0.015186043906467123,6.0,1.0,56.0,56.0,56.0,56.0,62.0,27.0,0.0,0.0,6.0,0.0,0.0,126.99665181879057,0.0,0.0017334080849025213,126.99665181879057,126.99838522687547,0.0,126.99665181879057,0.0,0.0013629173932656613,126.99665181879057,126.99801473618385,0.0,126.99665181879057,0.0,0.0007318030482679205,126.99665181879057,126.99738362183884,0.0,126.99665181879057,0.0,0.0005548567718562936,126.99665181879057,126.99720667556241,0.0,-5.778026949675071e-06,-4.543057977599574e-06,-2.439343494226402e-06,-1.8495225728069424e-06,1.0,1500.0,1500.0,1500.0,1500.0,,,0.0,0.09599808981069291,-0.005070343780564412,-0.006186372616208268,-0.007884870320206171,-0.009135084457619413,-0.01035424610958673,-0.01143321142207916,-0.013121118339524606,0.0962361854820454,0.09600026870526417,-0.005642912655619536,-0.007377111109881617,-0.00866450084047301,-0.009955860332624146,-0.010895772661442392,-0.012445798324602598,1.0,115.0,100.0,100.0,100.0,100.0,100.0,100.0,100.0,115.0,115.0,100.0,100.0,100.0,100.0,100.0,100.0,0.0,4.0,4.0,4.0,0.004390342546688279,0.006492410714851245,-0.008772830449061405,1.0,0.0,0.0,0.0,0.0,0.0,0.0,1.0,1.0,0.0,0.0,0.0,,0.0,,0.0,,-1.0,0.0,0.0,0.0,0.0,1.0,0.0,0.0,0.0,0.0,,0.0,,264.83112791338175,0.0,264.83112791338175,1.0,,,35.0,34.0,,,,,2.0,2.0,300.0,300.0,2.0,2.0,,,,,1.0,1.0,15.0,15.0
268.8015079687443,6000.0,21.42651969997678,49.0,4.0,0.0,550.0,43,0.0007204714129509697,-0.009404322903133422,0.0012248161349639277,-0.005465738524492086,0.015186043906467123,6.0,1.0,56.0,56.0,56.0,56.0,62.0,27.0,0.0,0.0,6.0,0.0,0.0,126.99665181879057,0.0,0.0017334080849025213,126.99665181879057,126.99838522687547,0.0,126.99665181879057,0.0,0.0013629173932656613,126.99665181879057,126.99801473618385,0.0,126.99665181879057,0.0,0.0007318030482679205,126.99665181879057,126.99738362183884,0.0,126.99665181879057,0.0,0.0005548567718562936,126.99665181879057,126.99720667556241,0.0,-5.778026949675071e-06,-4.543057977599574e-06,-2.439343494226402e-06,-1.8495225728069424e-06,1.0,1500.0,1500.0,1500.0,1500.0,,,0.0,0.09599808981069291,-0.005070343780564412,-0.006186372616208268,-0.007884870320206171,-0.009135084457619413,-0.01035424610958673,-0.01143321142207916,-0.013121118339524606,0.0962361854820454,0.09600026870526417,-0.005642912655619536,-0.007377111109881617,-0.00866450084047301,-0.009955860332624146,-0.010895772661442392,-0.012445798324602598,1.0,115.0,100.0,100.0,100.0,100.0,100.0,100.0,100.0,115.0,115.0,100.0,100.0,100.0,100.0,100.0,100.0,0.0,4.0,4.0,4.0,0.004390342546688279,0.006492410714851245,-0.008772830449061405,1.0,0.0,0.0,0.0,0.0,0.0,0.0,1.0,1.0,0.0,0.0,0.0,,0.0,,0.0,,-1.0,0.0,0.0,0.0,0.0,1.0,0.0,0.0,0.0,0.0,,0.0,,268.8015079687443,0.0,268.8015079687443,1.0,,,35.0,34.0,,,,,2.0,2.0,300.0,300.0,2.0,2.0,,,,,1.0,1.0,15.0,15.0
264.8326266863465,6000.0,21.007571399968583,49.0,4.0,0.0,550.0,44,0.0007204714129509697,-0.009404322903133422,0.0012248161349639277,-0.005465738524492086,0.015186043906467123,6.0,1.0,56.0,56.0,56.0,56.0,62.0,27.0,0.0,0.0,6.0,0.0,0.0,126.99665181879057,0.0,0.0017334080849025213,126.99665181879057,126.99838522687547,0.0,126.99665181879057,0.0,0.0013629173932656613,126.99665181879057,126.99801473618385,0.0,126.99665181879057,0.0,0.0007318030482679205,126.99665181879057,126.99738362183884,0.0,126.99665181879057,0.0,0.0005548567718562936,126.99665181879057,126.99720667556241,0.0,-5.778026949675071e-06,-4.543057977599574e-06,-2.439343494226402e-06,-1.8495225728069424e-06,1.0,1500.0,1500.0,1500.0,1500.0,,,0.0,0.09599808981069291,-0.005070343780564412,-0.006186372616208268,-0.007884870320206171,-0.009135084457619413,-0.01035424610958673,-0.01143321142207916,-0.013121118339524606,0.0962361854820454,0.09600026870526417,-0.005642912655619536,-0.007377111109881617,-0.00866450084047301,-0.009955860332624146,-0.010895772661442392,-0.012445798324602598,1.0,115.0,100.0,100.0,100.0,100.0,100.0,100.0,100.0,115.0,115.0,100.0,100.0,100.0,100.0,100.0,100.0,0.0,4.0,4.0,4.0,0.004390342546688279,0.006492410714851245,-0.008772830449061405,1.0,0.0,0.0,0.0,0.0,0.0,0.0,1.0,1.0,0.0,0.0,0.0,,0.0,,0.0,,-1.0,0.0,0.0,0.0,0.0,1.0,0.0,0.0,0.0,0.0,,0.0,,264.8326266863465,0.0,264.8326266863465,1.0,,,35.0,34.0,,,,,2.0,2.0,300.0,300.0,2.0,2.0,,,,,1.0,1.0,15.0,15.0
268.8022857075905,6000.0,21.35418759996537,49.0,4.0,0.0,550.0,45,0.0007204714129509697,-0.009404322903133422,0.0012248161349639277,-0.005465738524492086,0.015186043906467123,6.0,1.0,56.0,56.0,56.0,56.0,62.0,27.0,0.0,0.0,6.0,0.0,0.0,126.99665181879057,0.0,0.0017334080849025213,126.99665181879057,126.99838522687547,0.0,126.99665181879057,0.0,0.0013629173932656613,126.99665181879057,126.99801473618385,0.0,126.99665181879057,0.0,0.0007318030482679205,126.99665181879057,126.99738362183884,0.0,126.99665181879057,0.0,0.0005548567718562936,126.99665181879057,126.99720667556241,0.0,-5.778026949675071e-06,-4.543057977599574e-06,-2.439343494226402e-06,-1.8495225728069424e-06,1.0,1500.0,1500.0,1500.0,1500.0,,,0.0,0.09599808981069291,-0.005070343780564412,-0.006186372616208268,-0.007884870320206171,-0.009135084457619413,-0.01035424610958673,-0.01143321142207916,-0.013121118339524606,0.0962361854820454,0.09600026870526417,-0.005642912655619536,-0.007377111109881617,-0.00866450084047301,-0.009955860332624146,-0.010895772661442392,-0.012445798324602598,1.0,115.0,100.0,100.0,100.0,100.0,100.0,100.0,100.0,115.0,115.0,100.0,100.0,100.0,100.0,100.0,100.0,0.0,4.0,4.0,4.0,0.004390342546688279,0.006492410714851245,-0.008772830449061405,1.0,0.0,0.0,0.0,0.0,0.0,0.0,1.0,1.0,0.0,0.0,0.0,,0.0,,0.0,,-1.0,0.0,0.0,0.0,0.0,1.0,0.0,0.0,0.0,0.0,,0.0,,268.8022857075905,0.0,268.8022857075905,1.0,,,35.0,34.0,,,,,2.0,2.0,300.0,300.0,2.0,2.0,,,,,1.0,1.0,15.0,15.0
264.8327310537104,6000.0,20.817215199989732,49.0,4.0,0.0,550.0,46,0.0007204714129509697,-0.009404322903133422,0.0012248161349639277,-0.005465738524492086,0.015186043906467123,6.0,1.0,56.0,56.0,56.0,56.0,62.0,27.0,0.0,0.0,6.0,0.0,0.0,126.99665181879057,0.0,0.0017334080849025213,126.99665181879057,126.99838522687547,0.0,126.99665181879057,0.0,0.0013629173932656613,126.99665181879057,126.99801473618385,0.0,126.99665181879057,0.0,0.0007318030482679205,126.99665181879057,126.99738362183884,0.0,126.99665181879057,0.0,0.0005548567718562936,126.99665181879057,126.99720667556241,0.0,-5.778026949675071e-06,-4.543057977599574e-06,-2.439343494226402e-06,-1.8495225728069424e-06,1.0,1500.0,1500.0,1500.0,1500.0,,,0.0,0.09599808981069291,-0.005070343780564412,-0.006186372616208268,-0.007884870320206171,-0.009135084457619413,-0.01035424610958673,-0.01143321142207916,-0.013121118339524606,0.0962361854820454,0.09600026870526417,-0.005642912655619536,-0.007377111109881617,-0.00866450084047301,-0.009955860332624146,-0.010895772661442392,-0.012445798324602598,1.0,115.0,100.0,100.0,100.0,100.0,100.0,100.0,100.0,115.0,115.0,100.0,100.0,100.0,100.0,100.0,100.0,0.0,4.0,4.0,4.0,0.004390342546688279,0.006492410714851245,-0.008772830449061405,1.0,0.0,0.0,0.0,0.0,0.0,0.0,1.0,1.0,0.0,0.0,0.0,,0.0,,0.0,,-1.0,0.0,0.0,0.0,0.0,1.0,0.0,0.0,0.0,0.0,,0.0,,264.8327310537104,0.0,264.8327310537104,1.0,,,35.0,34.0,,,,,2.0,2.0,300.0,300.0,2.0,2.0,,,,,1.0,1.0,15.0,15.0
268.8023023216375,6000.0,21.52280019997852,49.0,4.0,0.0,550.0,47,0.0007204714129509697,-0.009404322903133422,0.0012248161349639277,-0.005465738524492086,0.015186043906467123,6.0,1.0,56.0,56.0,56.0,56.0,62.0,27.0,0.0,0.0,6.0,0.0,0.0,126.99665181879057,0.0,0.0017334080849025213,126.99665181879057,126.99838522687547,0.0,126.99665181879057,0.0,0.0013629173932656613,126.99665181879057,126.99801473618385,0.0,126.99665181879057,0.0,0.0007318030482679205,126.99665181879057,126.99738362183884,0.0,126.99665181879057,0.0,0.0005548567718562936,126.99665181879057,126.99720667556241,0.0,-5.778026949675071e-06,-4.543057977599574e-06,-2.439343494226402e-06,-1.8495225728069424e-06,1.0,1500.0,1500.0,1500.0,1500.0,,,0.0,0.09599808981069291,-0.005070343780564412,-0.006186372616208268,-0.007884870320206171,-0.009135084457619413,-0.01035424610958673,-0.01143321142207916,-0.013121118339524606,0.0962361854820454,0.09600026870526417,-0.005642912655619536,-0.007377111109881617,-0.00866450084047301,-0.009955860332624146,-0.010895772661442392,-0.012445798324602598,1.0,115.0,100.0,100.0,100.0,100.0,100.0,100.0,100.0,115.0,115.0,100.0,100.0,100.0,100.0,100.0,100.0,0.0,4.0,4.0,4.0,0.004390342546688279,0.006492410714851245,-0.008772830449061405,1.0,0.0,0.0,0.0,0.0,0.0,0.0,1.0,1.0,0.0,0.0,0.0,,0.0,,0.0,,-1.0,0.0,0.0,0.0,0.0,1.0,0.0,0.0,0.0,0.0,,0.0,,268.8023023216375,0.0,268.8023023216375,1.0,,,35.0,34.0,,,,,2.0,2.0,300.0,300.0,2.0,2.0,,,,,1.0,1.0,15.0,15.0
264.83272789213396,6000.0,21.196781700011343,49.0,4.0,0.0,550.0,48,0.0007204714129509697,-0.009404322903133422,0.0012248161349639277,-0.005465738524492086,0.015186043906467123,6.0,1.0,56.0,56.0,56.0,56.0,62.0,27.0,0.0,0.0,6.0,0.0,0.0,126.99665181879057,0.0,0.0017334080849025213,126.99665181879057,126.99838522687547,0.0,126.99665181879057,0.0,0.0013629173932656613,126.99665181879057,126.99801473618385,0.0,126.99665181879057,0.0,0.0007318030482679205,126.99665181879057,126.99738362183884,0.0,126.99665181879057,0.0,0.0005548567718562936,126.99665181879057,126.99720667556241,0.0,-5.778026949675071e-06,-4.543057977599574e-06,-2.439343494226402e-06,-1.8495225728069424e-06,1.0,1500.0,1500.0,1500.0,1500.0,,,0.0,0.09599808981069291,-0.005070343780564412,-0.006186372616208268,-0.007884870320206171,-0.009135084457619413,-0.01035424610958673,-0.01143321142207916,-0.013121118339524606,0.0962361854820454,0.09600026870526417,-0.005642912655619536,-0.007377111109881617,-0.00866450084047301,-0.009955860332624146,-0.010895772661442392,-0.012445798324602598,1.0,115.0,100.0,100.0,100.0,100.0,100.0,100.0,100.0,115.0,115.0,100.0,100.0,100.0,100.0,100.0,100.0,0.0,4.0,4.0,4.0,0.004390342546688279,0.006492410714851245,-0.008772830449061405,1.0,0.0,0.0,0.0,0.0,0.0,0.0,1.0,1.0,0.0,0.0,0.0,,0.0,,0.0,,-1.0,0.0,0.0,0.0,0.0,1.0,0.0,0.0,0.0,0.0,,0.0,,264.83272789213396,0.0,264.83272789213396,1.0,,,35.0,34.0,,,,,2.0,2.0,300.0,300.0,2.0,2.0,,,,,1.0,1.0,15.0,15.0
268.80230461079987,6000.0,20.91275570000289,49.0,4.0,0.0,550.0,49,0.0007204714129509697,-0.009404322903133422,0.0012248161349639277,-0.005465738524492086,0.015186043906467123,6.0,1.0,56.0,56.0,56.0,56.0,62.0,27.0,0.0,0.0,6.0,0.0,0.0,126.99665181879057,0.0,0.0017334080849025213,126.99665181879057,126.99838522687547,0.0,126.99665181879057,0.0,0.0013629173932656613,126.99665181879057,126.99801473618385,0.0,126.99665181879057,0.0,0.0007318030482679205,126.99665181879057,126.99738362183884,0.0,126.99665181879057,0.0,0.0005548567718562936,126.99665181879057,126.99720667556241,0.0,-5.778026949675071e-06,-4.543057977599574e-06,-2.439343494226402e-06,-1.8495225728069424e-06,1.0,1500.0,1500.0,1500.0,1500.0,,,0.0,0.09599808981069291,-0.005070343780564412,-0.006186372616208268,-0.007884870320206171,-0.009135084457619413,-0.01035424610958673,-0.01143321142207916,-0.013121118339524606,0.0962361854820454,0.09600026870526417,-0.005642912655619536,-0.007377111109881617,-0.00866450084047301,-0.009955860332624146,-0.010895772661442392,-0.012445798324602598,1.0,115.0,100.0,100.0,100.0,100.0,100.0,100.0,100.0,115.0,115.0,100.0,100.0,100.0,100.0,100.0,100.0,0.0,4.0,4.0,4.0,0.004390342546688279,0.006492410714851245,-0.008772830449061405,1.0,0.0,0.0,0.0,0.0,0.0,0.0,1.0,1.0,0.0,0.0,0.0,,0.0,,0.0,,-1.0,0.0,0.0,0.0,0.0,1.0,0.0,0.0,0.0,0.0,,0.0,,268.80230461079987,0.0,268.80230461079987,1.0,,,35.0,34.0,,,,,2.0,2.0,300.0,300.0,2.0,2.0,,,,,1.0,1.0,15.0,15.0
264.83272802419845,6000.0,52.02235469996231,75.0,9.0,0.0,550.0,50,0.0007725123711241899,-0.009402245182080382,0.0012234335476765485,-0.005479208380815272,0.015178113074799817,6.0,1.0,56.0,56.0,56.0,56.0,62.0,28.0,1.0,0.0,6.0,0.0,0.0,126.91452831287205,0.0,0.0018185980758858022,126.91452831287205,126.91634691094794,0.0,126.91452831287205,0.0,0.0013550908497848013,126.91452831287205,126.91588340372184,0.0,126.91452831287205,0.0,0.0007320919763742495,126.91452831287205,126.91526040484841,0.0,126.91452831287205,0.0,0.0005545096533410288,126.91452831287205,126.91508282252539,0.0,-6.061993586286007e-06,-4.516969499282671e-06,-2.4403065878667955e-06,-1.8483655111367625e-06,1.0,1500.0,1500.0,1500.0,1500.0,,,0.0,0.09599836831159668,-0.005070246481807051,-0.006093796623884628,-0.007879480030067353,-0.009042617064633472,-0.01035014113442245,-0.01143382482918276,-0.013120331644904226,0.09623619673047701,0.09600032197124202,-0.00564277008007057,-0.007376248038994548,-0.008571433174857868,-0.009950429869326483,-0.01089497653192555,-0.012444609727738242,1.0,115.0,100.0,100.0,100.0,100.0,100.0,100.0,100.0,115.0,115.0,100.0,100.0,100.0,100.0,100.0,100.0,0.0,4.0,4.0,4.0,0.004397149913662501,0.007038080780080354,-0.009571087412046667,1.0,0.0,0.0,0.0,0.0,0.0,0.0,1.0,1.0,0.0,0.0,0.0,,0.0,,0.0,,-1.0,0.0,0.0,0.0,0.0,1.0,0.0,0.0,0.0,0.0,,0.0,,264.83272802419845,0.0,264.83272802419845,1.0,,,35.0,34.0,,,,,2.0,2.0,300.0,300.0,2.0,2.0,,,,,1.0,1.0,15.0,15.0
268.8023047511031,6000.0,22.138348300009966,49.0,4.0,0.0,550.0,51,0.0007725123711241899,-0.009402245182080382,0.0012234335476765485,-0.005479208380815272,0.015178113074799817,6.0,1.0,56.0,56.0,56.0,56.0,62.0,28.0,0.0,0.0,6.0,0.0,0.0,126.91452831287205,0.0,0.0018185980758858022,126.91452831287205,126.91634691094794,0.0,126.91452831287205,0.0,0.0013550908497848013,126.91452831287205,126.91588340372184,0.0,126.91452831287205,0.0,0.0007320919763742495,126.91452831287205,126.91526040484841,0.0,126.91452831287205,0.0,0.0005545096533410288,126.91452831287205,126.91508282252539,0.0,-6.061993586286007e-06,-4.516969499282671e-06,-2.4403065878667955e-06,-1.8483655111367625e-06,1.0,1500.0,1500.0,1500.0,1500.0,,,0.0,0.09599836831159668,-0.005070246481807051,-0.006093796623884628,-0.007879480030067353,-0.009042617064633472,-0.01035014113442245,-0.01143382482918276,-0.013120331644904226,0.09623619673047701,0.09600032197124202,-0.00564277008007057,-0.007376248038994548,-0.008571433174857868,-0.009950429869326483,-0.01089497653192555,-0.012444609727738242,1.0,115.0,100.0,100.0,100.0,100.0,100.0,100.0,100.0,115.0,115.0,100.0,100.0,100.0,100.0,100.0,100.0,0.0,4.0,4.0,4.0,0.004397149913662501,0.007038080780080354,-0.009571087412046667,1.0,0.0,0.0,0.0,0.0,0.0,0.0,1.0,1.0,0.0,0.0,0.0,,0.0,,0.0,,-1.0,0.0,0.0,0.0,0.0,1.0,0.0,0.0,0.0,0.0,,0.0,,268.8023047511031,0.0,268.8023047511031,1.0,,,35.0,34.0,,,,,2.0,2.0,300.0,300.0,2.0,2.0,,,,,1.0,1.0,15.0,15.0
264.8327280498321,6000.0,22.74735810002312,49.0,4.0,0.0,550.0,52,0.0007725123711241899,-0.009402245182080382,0.0012234335476765485,-0.005479208380815272,0.015178113074799817,6.0,1.0,56.0,56.0,56.0,56.0,62.0,28.0,0.0,0.0,6.0,0.0,0.0,126.91452831287205,0.0,0.0018185980758858022,126.91452831287205,126.91634691094794,0.0,126.91452831287205,0.0,0.0013550908497848013,126.91452831287205,126.91588340372184,0.0,126.91452831287205,0.0,0.0007320919763742495,126.91452831287205,126.91526040484841,0.0,126.91452831287205,0.0,0.0005545096533410288,126.91452831287205,126.91508282252539,0.0,-6.061993586286007e-06,-4.516969499282671e-06,-2.4403065878667955e-06,-1.8483655111367625e-06,1.0,1500.0,1500.0,1500.0,1500.0,,,0.0,0.09599836831159668,-0.005070246481807051,-0.006093796623884628,-0.007879480030067353,-0.009042617064633472,-0.01035014113442245,-0.01143382482918276,-0.013120331644904226,0.09623619673047701,0.09600032197124202,-0.00564277008007057,-0.007376248038994548,-0.008571433174857868,-0.009950429869326483,-0.01089497653192555,-0.012444609727738242,1.0,115.0,100.0,100.0,100.0,100.0,100.0,100.0,100.0,115.0,115.0,100.0,100.0,100.0,100.0,100.0,100.0,0.0,4.0,4.0,4.0,0.004397149913662501,0.007038080780080354,-0.009571087412046667,1.0,0.0,0.0,0.0,0.0,0.0,0.0,1.0,1.0,0.0,0.0,0.0,,0.0,,0.0,,-1.0,0.0,0.0,0.0,0.0,1.0,0.0,0.0,0.0,0.0,,0.0,,264.8327280498321,0.0,264.8327280498321,1.0,,,35.0,34.0,,,,,2.0,2.0,300.0,300.0,2.0,2.0,,,,,1.0,1.0,15.0,15.0
268.8023047633892,6000.0,22.848820100014564,49.0,4.0,0.0,550.0,53,0.0007725123711241899,-0.009402245182080382,0.0012234335476765485,-0.005479208380815272,0.015178113074799817,6.0,1.0,56.0,56.0,56.0,56.0,62.0,28.0,0.0,0.0,6.0,0.0,0.0,126.91452831287205,0.0,0.0018185980758858022,126.91452831287205,126.91634691094794,0.0,126.91452831287205,0.0,0.0013550908497848013,126.91452831287205,126.91588340372184,0.0,126.91452831287205,0.0,0.0007320919763742495,126.91452831287205,126.91526040484841,0.0,126.91452831287205,0.0,0.0005545096533410288,126.91452831287205,126.91508282252539,0.0,-6.061993586286007e-06,-4.516969499282671e-06,-2.4403065878667955e-06,-1.8483655111367625e-06,1.0,1500.0,1500.0,1500.0,1500.0,,,0.0,0.09599836831159668,-0.005070246481807051,-0.006093796623884628,-0.007879480030067353,-0.009042617064633472,-0.01035014113442245,-0.01143382482918276,-0.013120331644904226,0.09623619673047701,0.09600032197124202,-0.00564277008007057,-0.007376248038994548,-0.008571433174857868,-0.009950429869326483,-0.01089497653192555,-0.012444609727738242,1.0,115.0,100.0,100.0,100.0,100.0,100.0,100.0,100.0,115.0,115.0,100.0,100.0,100.0,100.0,100.0,100.0,0.0,4.0,4.0,4.0,0.004397149913662501,0.007038080780080354,-0.009571087412046667,1.0,0.0,0.0,0.0,0.0,0.0,0.0,1.0,1.0,0.0,0.0,0.0,,0.0,,0.0,,-1.0,0.0,0.0,0.0,0.0,1.0,0.0,0.0,0.0,0.0,,0.0,,268.8023047633892,0.0,268.8023047633892,1.0,,,35.0,34.0,,,,,2.0,2.0,300.0,300.0,2.0,2.0,,,,,1.0,1.0,15.0,15.0
264.8327280507816,6000.0,22.53480429999763,49.0,4.0,0.0,550.0,54,0.0007725123711241899,-0.009402245182080382,0.0012234335476765485,-0.005479208380815272,0.015178113074799817,6.0,1.0,56.0,56.0,56.0,56.0,62.0,28.0,0.0,0.0,6.0,0.0,0.0,126.91452831287205,0.0,0.0018185980758858022,126.91452831287205,126.91634691094794,0.0,126.91452831287205,0.0,0.0013550908497848013,126.91452831287205,126.91588340372184,0.0,126.91452831287205,0.0,0.0007320919763742495,126.91452831287205,126.91526040484841,0.0,126.91452831287205,0.0,0.0005545096533410288,126.91452831287205,126.91508282252539,0.0,-6.061993586286007e-06,-4.516969499282671e-06,-2.4403065878667955e-06,-1.8483655111367625e-06,1.0,1500.0,1500.0,1500.0,1500.0,,,0.0,0.09599836831159668,-0.005070246481807051,-0.006093796623884628,-0.007879480030067353,-0.009042617064633472,-0.01035014113442245,-0.01143382482918276,-0.013120331644904226,0.09623619673047701,0.09600032197124202,-0.00564277008007057,-0.007376248038994548,-0.008571433174857868,-0.009950429869326483,-0.01089497653192555,-0.012444609727738242,1.0,115.0,100.0,100.0,100.0,100.0,100.0,100.0,100.0,115.0,115.0,100.0,100.0,100.0,100.0,100.0,100.0,0.0,4.0,4.0,4.0,0.004397149913662501,0.007038080780080354,-0.009571087412046667,1.0,0.0,0.0,0.0,0.0,0.0,0.0,1.0,1.0,0.0,0.0,0.0,,0.0,,0.0,,-1.0,0.0,0.0,0.0,0.0,1.0,0.0,0.0,0.0,0.0,,0.0,,264.8327280507816,0.0,264.8327280507816,1.0,,,35.0,34.0,,,,,2.0,2.0,300.0,300.0,2.0,2.0,,,,,1.0,1.0,15.0,15.0
268.8023047642127,6000.0,22.952721100009512,49.0,4.0,0.0,550.0,55,0.0007725123711241899,-0.009402245182080382,0.0012234335476765485,-0.005479208380815272,0.015178113074799817,6.0,1.0,56.0,56.0,56.0,56.0,62.0,28.0,0.0,0.0,6.0,0.0,0.0,126.91452831287205,0.0,0.0018185980758858022,126.91452831287205,126.91634691094794,0.0,126.91452831287205,0.0,0.0013550908497848013,126.91452831287205,126.91588340372184,0.0,126.91452831287205,0.0,0.0007320919763742495,126.91452831287205,126.91526040484841,0.0,126.91452831287205,0.0,0.0005545096533410288,126.91452831287205,126.91508282252539,0.0,-6.061993586286007e-06,-4.516969499282671e-06,-2.4403065878667955e-06,-1.8483655111367625e-06,1.0,1500.0,1500.0,1500.0,1500.0,,,0.0,0.09599836831159668,-0.005070246481807051,-0.006093796623884628,-0.007879480030067353,-0.009042617064633472,-0.01035014113442245,-0.01143382482918276,-0.013120331644904226,0.09623619673047701,0.09600032197124202,-0.00564277008007057,-0.007376248038994548,-0.008571433174857868,-0.009950429869326483,-0.01089497653192555,-0.012444609727738242,1.0,115.0,100.0,100.0,100.0,100.0,100.0,100.0,100.0,115.0,115.0,100.0,100.0,100.0,100.0,100.0,100.0,0.0,4.0,4.0,4.0,0.004397149913662501,0.007038080780080354,-0.009571087412046667,1.0,0.0,0.0,0.0,0.0,0.0,0.0,1.0,1.0,0.0,0.0,0.0,,0.0,,0.0,,-1.0,0.0,0.0,0.0,0.0,1.0,0.0,0.0,0.0,0.0,,0.0,,268.8023047642127,0.0,268.8023047642127,1.0,,,35.0,34.0,,,,,2.0,2.0,300.0,300.0,2.0,2.0,,,,,1.0,1.0,15.0,15.0
264.8327280507671,6000.0,22.66474769997876,49.0,4.0,0.0,550.0,56,0.0007725123711241899,-0.009402245182080382,0.0012234335476765485,-0.005479208380815272,0.015178113074799817,6.0,1.0,56.0,56.0,56.0,56.0,62.0,28.0,0.0,0.0,6.0,0.0,0.0,126.91452831287205,0.0,0.0018185980758858022,126.91452831287205,126.91634691094794,0.0,126.91452831287205,0.0,0.0013550908497848013,126.91452831287205,126.91588340372184,0.0,126.91452831287205,0.0,0.0007320919763742495,126.91452831287205,126.91526040484841,0.0,126.91452831287205,0.0,0.0005545096533410288,126.91452831287205,126.91508282252539,0.0,-6.061993586286007e-06,-4.516969499282671e-06,-2.4403065878667955e-06,-1.8483655111367625e-06,1.0,1500.0,1500.0,1500.0,1500.0,,,0.0,0.09599836831159668,-0.005070246481807051,-0.006093796623884628,-0.007879480030067353,-0.009042617064633472,-0.01035014113442245,-0.01143382482918276,-0.013120331644904226,0.09623619673047701,0.09600032197124202,-0.00564277008007057,-0.007376248038994548,-0.008571433174857868,-0.009950429869326483,-0.01089497653192555,-0.012444609727738242,1.0,115.0,100.0,100.0,100.0,100.0,100.0,100.0,100.0,115.0,115.0,100.0,100.0,100.0,100.0,100.0,100.0,0.0,4.0,4.0,4.0,0.004397149913662501,0.007038080780080354,-0.009571087412046667,1.0,0.0,0.0,0.0,0.0,0.0,0.0,1.0,1.0,0.0,0.0,0.0,,0.0,,0.0,,-1.0,0.0,0.0,0.0,0.0,1.0,0.0,0.0,0.0,0.0,,0.0,,264.8327280507671,0.0,264.8327280507671,1.0,,,35.0,34.0,,,,,2.0,2.0,300.0,300.0,2.0,2.0,,,,,1.0,1.0,15.0,15.0
268.8023047642624,6000.0,22.943597100034822,49.0,4.0,0.0,550.0,57,0.0007725123711241899,-0.009402245182080382,0.0012234335476765485,-0.005479208380815272,0.015178113074799817,6.0,1.0,56.0,56.0,56.0,56.0,62.0,28.0,0.0,0.0,6.0,0.0,0.0,126.91452831287205,0.0,0.0018185980758858022,126.91452831287205,126.91634691094794,0.0,126.91452831287205,0.0,0.0013550908497848013,126.91452831287205,126.91588340372184,0.0,126.91452831287205,0.0,0.0007320919763742495,126.91452831287205,126.91526040484841,0.0,126.91452831287205,0.0,0.0005545096533410288,126.91452831287205,126.91508282252539,0.0,-6.061993586286007e-06,-4.516969499282671e-06,-2.4403065878667955e-06,-1.8483655111367625e-06,1.0,1500.0,1500.0,1500.0,1500.0,,,0.0,0.09599836831159668,-0.005070246481807051,-0.006093796623884628,-0.007879480030067353,-0.009042617064633472,-0.01035014113442245,-0.01143382482918276,-0.013120331644904226,0.09623619673047701,0.09600032197124202,-0.00564277008007057,-0.007376248038994548,-0.008571433174857868,-0.009950429869326483,-0.01089497653192555,-0.012444609727738242,1.0,115.0,100.0,100.0,100.0,100.0,100.0,100.0,100.0,115.0,115.0,100.0,100.0,100.0,100.0,100.0,100.0,0.0,4.0,4.0,4.0,0.004397149913662501,0.007038080780080354,-0.009571087412046667,1.0,0.0,0.0,0.0,0.0,0.0,0.0,1.0,1.0,0.0,0.0,0.0,,0.0,,0.0,,-1.0,0.0,0.0,0.0,0.0,1.0,0.0,0.0,0.0,0.0,,0.0,,268.8023047642624,0.0,268.8023047642624,1.0,,,35.0,34.0,,,,,2.0,2.0,300.0,300.0,2.0,2.0,,,,,1.0,1.0,15.0,15.0
264.83272805077274,6000.0,22.8839835000108,49.0,4.0,0.0,550.0,58,0.0007725123711241899,-0.009402245182080382,0.0012234335476765485,-0.005479208380815272,0.015178113074799817,6.0,1.0,56.0,56.0,56.0,56.0,62.0,28.0,0.0,0.0,6.0,0.0,0.0,126.91452831287205,0.0,0.0018185980758858022,126.91452831287205,126.91634691094794,0.0,126.91452831287205,0.0,0.0013550908497848013,126.91452831287205,126.91588340372184,0.0,126.91452831287205,0.0,0.0007320919763742495,126.91452831287205,126.91526040484841,0.0,126.91452831287205,0.0,0.0005545096533410288,126.91452831287205,126.91508282252539,0.0,-6.061993586286007e-06,-4.516969499282671e-06,-2.4403065878667955e-06,-1.8483655111367625e-06,1.0,1500.0,1500.0,1500.0,1500.0,,,0.0,0.09599836831159668,-0.005070246481807051,-0.006093796623884628,-0.007879480030067353,-0.009042617064633472,-0.01035014113442245,-0.01143382482918276,-0.013120331644904226,0.09623619673047701,0.09600032197124202,-0.00564277008007057,-0.007376248038994548,-0.008571433174857868,-0.009950429869326483,-0.01089497653192555,-0.012444609727738242,1.0,115.0,100.0,100.0,100.0,100.0,100.0,100.0,100.0,115.0,115.0,100.0,100.0,100.0,100.0,100.0,100.0,0.0,4.0,4.0,4.0,0.004397149913662501,0.007038080780080354,-0.009571087412046667,1.0,0.0,0.0,0.0,0.0,0.0,0.0,1.0,1.0,0.0,0.0,0.0,,0.0,,0.0,,-1.0,0.0,0.0,0.0,0.0,1.0,0.0,0.0,0.0,0.0,,0.0,,264.83272805077274,0.0,264.83272805077274,1.0,,,35.0,34.0,,,,,2.0,2.0,300.0,300.0,2.0,2.0,,,,,1.0,1.0,15.0,15.0
268.80230476426595,6000.0,22.497794099966995,49.0,4.0,0.0,550.0,59,0.0007725123711241899,-0.009402245182080382,0.0012234335476765485,-0.005479208380815272,0.015178113074799817,6.0,1.0,56.0,56.0,56.0,56.0,62.0,28.0,0.0,0.0,6.0,0.0,0.0,126.91452831287205,0.0,0.0018185980758858022,126.91452831287205,126.91634691094794,0.0,126.91452831287205,0.0,0.0013550908497848013,126.91452831287205,126.91588340372184,0.0,126.91452831287205,0.0,0.0007320919763742495,126.91452831287205,126.91526040484841,0.0,126.91452831287205,0.0,0.0005545096533410288,126.91452831287205,126.91508282252539,0.0,-6.061993586286007e-06,-4.516969499282671e-06,-2.4403065878667955e-06,-1.8483655111367625e-06,1.0,1500.0,1500.0,1500.0,1500.0,,,0.0,0.09599836831159668,-0.005070246481807051,-0.006093796623884628,-0.007879480030067353,-0.009042617064633472,-0.01035014113442245,-0.01143382482918276,-0.013120331644904226,0.09623619673047701,0.09600032197124202,-0.00564277008007057,-0.007376248038994548,-0.008571433174857868,-0.009950429869326483,-0.01089497653192555,-0.012444609727738242,1.0,115.0,100.0,100.0,100.0,100.0,100.0,100.0,100.0,115.0,115.0,100.0,100.0,100.0,100.0,100.0,100.0,0.0,4.0,4.0,4.0,0.004397149913662501,0.007038080780080354,-0.009571087412046667,1.0,0.0,0.0,0.0,0.0,0.0,0.0,1.0,1.0,0.0,0.0,0.0,,0.0,,0.0,,-1.0,0.0,0.0,0.0,0.0,1.0,0.0,0.0,0.0,0.0,,0.0,,268.80230476426595,0.0,268.80230476426595,1.0,,,35.0,34.0,,,,,2.0,2.0,300.0,300.0,2.0,2.0,,,,,1.0,1.0,15.0,15.0
264.83272805077314,6000.0,56.21692869998515,75.0,9.0,0.0,550.0,60,0.0007725123697283434,-0.009402245183022202,0.0012234335426901293,-0.00547920839812179,0.015178113063915163,6.0,1.0,56.0,56.0,56.0,56.0,62.0,29.0,1.0,0.0,6.0,0.0,0.0,126.91452828552538,0.0,0.0018185980672740243,126.91452828552538,126.91634688359264,0.0,126.91452828552538,0.0,0.0013550908444699417,126.91452828552538,126.91588337636985,0.0,126.91452828552538,0.0,0.0007320919737878739,126.91452828552538,126.91526037749918,0.0,126.91452828552538,0.0,0.0005545096511525571,126.91452828552538,126.91508279517652,0.0,-6.061993557532712e-06,-4.516969481566473e-06,-2.4403065793402828e-06,-1.8483655037944875e-06,1.0,1500.0,1500.0,1500.0,1500.0,,,0.0,0.09599836831189733,-0.005070246481636565,-0.006093796623594194,-0.00787948002887222,-0.009042617063982038,-0.010350141134225764,-0.01143382482822277,-0.013120331643068094,0.09623619673047709,0.09600032197127924,-0.005642770079926197,-0.007376248038062272,-0.008571433174334554,-0.009950429868885637,-0.01089497653094371,-0.01244460972589221,1.0,115.0,100.0,100.0,100.0,100.0,100.0,100.0,100.0,115.0,115.0,100.0,100.0,100.0,100.0,100.0,100.0,0.0,4.0,4.0,4.0,0.0043971498985130196,0.00703808076507566,-0.009571087417046424,1.0,0.0,0.0,0.0,0.0,0.0,0.0,1.0,1.0,0.0,0.0,0.0,,0.0,,0.0,,-1.0,0.0,0.0,0.0,0.0,1.0,0.0,0.0,0.0,0.0,,0.0,,264.83272805077314,0.0,264.83272805077314,1.0,,,35.0,34.0,,,,,2.0,2.0,300.0,300.0,2.0,2.0,,,,,1.0,1.0,15.0,15.0
268.8023047642662,6000.0,22.85260719998041,49.0,4.0,0.0,550.0,61,0.0007725123697283434,-0.009402245183022202,0.0012234335426901293,-0.00547920839812179,0.015178113063915163,6.0,1.0,56.0,56.0,56.0,56.0,62.0,29.0,0.0,0.0,6.0,0.0,0.0,126.91452828552538,0.0,0.0018185980672740243,126.91452828552538,126.91634688359264,0.0,126.91452828552538,0.0,0.0013550908444699417,126.91452828552538,126.91588337636985,0.0,126.91452828552538,0.0,0.0007320919737878739,126.91452828552538,126.91526037749918,0.0,126.91452828552538,0.0,0.0005545096511525571,126.91452828552538,126.91508279517652,0.0,-6.061993557532712e-06,-4.516969481566473e-06,-2.4403065793402828e-06,-1.8483655037944875e-06,1.0,1500.0,1500.0,1500.0,1500.0,,,0.0,0.09599836831189733,-0.005070246481636565,-0.006093796623594194,-0.00787948002887222,-0.009042617063982038,-0.010350141134225764,-0.01143382482822277,-0.013120331643068094,0.09623619673047709,0.09600032197127924,-0.005642770079926197,-0.007376248038062272,-0.008571433174334554,-0.009950429868885637,-0.01089497653094371,-0.01244460972589221,1.0,115.0,100.0,100.0,100.0,100.0,100.0,100.0,100.0,115.0,115.0,100.0,100.0,100.0,100.0,100.0,100.0,0.0,4.0,4.0,4.0,0.0043971498985130196,0.00703808076507566,-0.009571087417046424,1.0,0.0,0.0,0.0,0.0,0.0,0.0,1.0,1.0,0.0,0.0,0.0,,0.0,,0.0,,-1.0,0.0,0.0,0.0,0.0,1.0,0.0,0.0,0.0,0.0,,0.0,,268.8023047642662,0.0,268.8023047642662,1.0,,,35.0,34.0,,,,,2.0,2.0,300.0,300.0,2.0,2.0,,,,,1.0,1.0,15.0,15.0
264.8327280507732,6000.0,22.8522550999769,49.0,4.0,0.0,550.0,62,0.0007725123697283434,-0.009402245183022202,0.0012234335426901293,-0.00547920839812179,0.015178113063915163,6.0,1.0,56.0,56.0,56.0,56.0,62.0,29.0,0.0,0.0,6.0,0.0,0.0,126.91452828552538,0.0,0.0018185980672740243,126.91452828552538,126.91634688359264,0.0,126.91452828552538,0.0,0.0013550908444699417,126.91452828552538,126.91588337636985,0.0,126.91452828552538,0.0,0.0007320919737878739,126.91452828552538,126.91526037749918,0.0,126.91452828552538,0.0,0.0005545096511525571,126.91452828552538,126.91508279517652,0.0,-6.061993557532712e-06,-4.516969481566473e-06,-2.4403065793402828e-06,-1.8483655037944875e-06,1.0,1500.0,1500.0,1500.0,1500.0,,,0.0,0.09599836831189733,-0.005070246481636565,-0.006093796623594194,-0.00787948002887222,-0.009042617063982038,-0.010350141134225764,-0.01143382482822277,-0.013120331643068094,0.09623619673047709,0.09600032197127924,-0.005642770079926197,-0.007376248038062272,-0.008571433174334554,-0.009950429868885637,-0.01089497653094371,-0.01244460972589221,1.0,115.0,100.0,100.0,100.0,100.0,100.0,100.0,100.0,115.0,115.0,100.0,100.0,100.0,100.0,100.0,100.0,0.0,4.0,4.0,4.0,0.0043971498985130196,0.00703808076507566,-0.009571087417046424,1.0,0.0,0.0,0.0,0.0,0.0,0.0,1.0,1.0,0.0,0.0,0.0,,0.0,,0.0,,-1.0,0.0,0.0,0.0,0.0,1.0,0.0,0.0,0.0,0.0,,0.0,,264.8327280507732,0.0,264.8327280507732,1.0,,,35.0,34.0,,,,,2.0,2.0,300.0,300.0,2.0,2.0,,,,,1.0,1.0,15.0,15.0
268.80230476426624,6000.0,22.576465299993288,49.0,4.0,0.0,550.0,63,0.0007725123697283434,-0.009402245183022202,0.0012234335426901293,-0.00547920839812179,0.015178113063915163,6.0,1.0,56.0,56.0,56.0,56.0,62.0,29.0,0.0,0.0,6.0,0.0,0.0,126.91452828552538,0.0,0.0018185980672740243,126.91452828552538,126.91634688359264,0.0,126.91452828552538,0.0,0.0013550908444699417,126.91452828552538,126.91588337636985,0.0,126.91452828552538,0.0,0.0007320919737878739,126.91452828552538,126.91526037749918,0.0,126.91452828552538,0.0,0.0005545096511525571,126.91452828552538,126.91508279517652,0.0,-6.061993557532712e-06,-4.516969481566473e-06,-2.4403065793402828e-06,-1.8483655037944875e-06,1.0,1500.0,1500.0,1500.0,1500.0,,,0.0,0.09599836831189733,-0.005070246481636565,-0.006093796623594194,-0.00787948002887222,-0.009042617063982038,-0.010350141134225764,-0.01143382482822277,-0.013120331643068094,0.09623619673047709,0.09600032197127924,-0.005642770079926197,-0.007376248038062272,-0.008571433174334554,-0.009950429868885637,-0.01089497653094371,-0.01244460972589221,1.0,115.0,100.0,100.0,100.0,100.0,100.0,100.0,100.0,115.0,115.0,100.0,100.0,100.0,100.0,100.0,100.0,0.0,4.0,4.0,4.0,0.0043971498985130196,0.00703808076507566,-0.009571087417046424,1.0,0.0,0.0,0.0,0.0,0.0,0.0,1.0,1.0,0.0,0.0,0.0,,0.0,,0.0,,-1.0,0.0,0.0,0.0,0.0,1.0,0.0,0.0,0.0,0.0,,0.0,,268.80230476426624,0.0,268.80230476426624,1.0,,,35.0,34.0,,,,,2.0,2.0,300.0,300.0,2.0,2.0,,,,,1.0,1.0,15.0,15.0
264.8327280507732,6000.0,22.54300130001502,49.0,4.0,0.0,550.0,64,0.0007725123697283434,-0.009402245183022202,0.0012234335426901293,-0.00547920839812179,0.015178113063915163,6.0,1.0,56.0,56.0,56.0,56.0,62.0,29.0,0.0,0.0,6.0,0.0,0.0,126.91452828552538,0.0,0.0018185980672740243,126.91452828552538,126.91634688359264,0.0,126.91452828552538,0.0,0.0013550908444699417,126.91452828552538,126.91588337636985,0.0,126.91452828552538,0.0,0.0007320919737878739,126.91452828552538,126.91526037749918,0.0,126.91452828552538,0.0,0.0005545096511525571,126.91452828552538,126.91508279517652,0.0,-6.061993557532712e-06,-4.516969481566473e-06,-2.4403065793402828e-06,-1.8483655037944875e-06,1.0,1500.0,1500.0,1500.0,1500.0,,,0.0,0.09599836831189733,-0.005070246481636565,-0.006093796623594194,-0.00787948002887222,-0.009042617063982038,-0.010350141134225764,-0.01143382482822277,-0.013120331643068094,0.09623619673047709,0.09600032197127924,-0.005642770079926197,-0.007376248038062272,-0.008571433174334554,-0.009950429868885637,-0.01089497653094371,-0.01244460972589221,1.0,115.0,100.0,100.0,100.0,100.0,100.0,100.0,100.0,115.0,115.0,100.0,100.0,100.0,100.0,100.0,100.0,0.0,4.0,4.0,4.0,0.0043971498985130196,0.00703808076507566,-0.009571087417046424,1.0,0.0,0.0,0.0,0.0,0.0,0.0,1.0,1.0,0.0,0.0,0.0,,0.0,,0.0,,-1.0,0.0,0.0,0.0,0.0,1.0,0.0,0.0,0.0,0.0,,0.0,,264.8327280507732,0.0,264.8327280507732,1.0,,,35.0,34.0,,,,,2.0,2.0,300.0,300.0,2.0,2.0,,,,,1.0,1.0,15.0,15.0
268.80230476426624,6000.0,23.04211119998945,49.0,4.0,0.0,550.0,65,0.0007725123697283434,-0.009402245183022202,0.0012234335426901293,-0.00547920839812179,0.015178113063915163,6.0,1.0,56.0,56.0,56.0,56.0,62.0,29.0,0.0,0.0,6.0,0.0,0.0,126.91452828552538,0.0,0.0018185980672740243,126.91452828552538,126.91634688359264,0.0,126.91452828552538,0.0,0.0013550908444699417,126.91452828552538,126.91588337636985,0.0,126.91452828552538,0.0,0.0007320919737878739,126.91452828552538,126.91526037749918,0.0,126.91452828552538,0.0,0.0005545096511525571,126.91452828552538,126.91508279517652,0.0,-6.061993557532712e-06,-4.516969481566473e-06,-2.4403065793402828e-06,-1.8483655037944875e-06,1.0,1500.0,1500.0,1500.0,1500.0,,,0.0,0.09599836831189733,-0.005070246481636565,-0.006093796623594194,-0.00787948002887222,-0.009042617063982038,-0.010350141134225764,-0.01143382482822277,-0.013120331643068094,0.09623619673047709,0.09600032197127924,-0.005642770079926197,-0.007376248038062272,-0.008571433174334554,-0.009950429868885637,-0.01089497653094371,-0.01244460972589221,1.0,115.0,100.0,100.0,100.0,100.0,100.0,100.0,100.0,115.0,115.0,100.0,100.0,100.0,100.0,100.0,100.0,0.0,4.0,4.0,4.0,0.0043971498985130196,0.00703808076507566,-0.009571087417046424,1.0,0.0,0.0,0.0,0.0,0.0,0.0,1.0,1.0,0.0,0.0,0.0,,0.0,,0.0,,-1.0,0.0,0.0,0.0,0.0,1.0,0.0,0.0,0.0,0.0,,0.0,,268.80230476426624,0.0,268.80230476426624,1.0,,,35.0,34.0,,,,,2.0,2.0,300.0,300.0,2.0,2.0,,,,,1.0,1.0,15.0,15.0
264.8327280507732,6000.0,22.64927179994993,49.0,4.0,0.0,550.0,66,0.0007725123697283434,-0.009402245183022202,0.0012234335426901293,-0.00547920839812179,0.015178113063915163,6.0,1.0,56.0,56.0,56.0,56.0,62.0,29.0,0.0,0.0,6.0,0.0,0.0,126.91452828552538,0.0,0.0018185980672740243,126.91452828552538,126.91634688359264,0.0,126.91452828552538,0.0,0.0013550908444699417,126.91452828552538,126.91588337636985,0.0,126.91452828552538,0.0,0.0007320919737878739,126.91452828552538,126.91526037749918,0.0,126.91452828552538,0.0,0.0005545096511525571,126.91452828552538,126.91508279517652,0.0,-6.061993557532712e-06,-4.516969481566473e-06,-2.4403065793402828e-06,-1.8483655037944875e-06,1.0,1500.0,1500.0,1500.0,1500.0,,,0.0,0.09599836831189733,-0.005070246481636565,-0.006093796623594194,-0.00787948002887222,-0.009042617063982038,-0.010350141134225764,-0.01143382482822277,-0.013120331643068094,0.09623619673047709,0.09600032197127924,-0.005642770079926197,-0.007376248038062272,-0.008571433174334554,-0.009950429868885637,-0.01089497653094371,-0.01244460972589221,1.0,115.0,100.0,100.0,100.0,100.0,100.0,100.0,100.0,115.0,115.0,100.0,100.0,100.0,100.0,100.0,100.0,0.0,4.0,4.0,4.0,0.0043971498985130196,0.00703808076507566,-0.009571087417046424,1.0,0.0,0.0,0.0,0.0,0.0,0.0,1.0,1.0,0.0,0.0,0.0,,0.0,,0.0,,-1.0,0.0,0.0,0.0,0.0,1.0,0.0,0.0,0.0,0.0,,0.0,,264.8327280507732,0.0,264.8327280507732,1.0,,,35.0,34.0,,,,,2.0,2.0,300.0,300.0,2.0,2.0,,,,,1.0,1.0,15.0,15.0
268.80230476426624,6000.0,22.818040299986023,49.0,4.0,0.0,550.0,67,0.0007725123697283434,-0.009402245183022202,0.0012234335426901293,-0.00547920839812179,0.015178113063915163,6.0,1.0,56.0,56.0,56.0,56.0,62.0,29.0,0.0,0.0,6.0,0.0,0.0,126.91452828552538,0.0,0.0018185980672740243,126.91452828552538,126.91634688359264,0.0,126.91452828552538,0.0,0.0013550908444699417,126.91452828552538,126.91588337636985,0.0,126.91452828552538,0.0,0.0007320919737878739,126.91452828552538,126.91526037749918,0.0,126.91452828552538,0.0,0.0005545096511525571,126.91452828552538,126.91508279517652,0.0,-6.061993557532712e-06,-4.516969481566473e-06,-2.4403065793402828e-06,-1.8483655037944875e-06,1.0,1500.0,1500.0,1500.0,1500.0,,,0.0,0.09599836831189733,-0.005070246481636565,-0.006093796623594194,-0.00787948002887222,-0.009042617063982038,-0.010350141134225764,-0.01143382482822277,-0.013120331643068094,0.09623619673047709,0.09600032197127924,-0.005642770079926197,-0.007376248038062272,-0.008571433174334554,-0.009950429868885637,-0.01089497653094371,-0.01244460972589221,1.0,115.0,100.0,100.0,100.0,100.0,100.0,100.0,100.0,115.0,115.0,100.0,100.0,100.0,100.0,100.0,100.0,0.0,4.0,4.0,4.0,0.0043971498985130196,0.00703808076507566,-0.009571087417046424,1.0,0.0,0.0,0.0,0.0,0.0,0.0,1.0,1.0,0.0,0.0,0.0,,0.0,,0.0,,-1.0,0.0,0.0,0.0,0.0,1.0,0.0,0.0,0.0,0.0,,0.0,,268.80230476426624,0.0,268.80230476426624,1.0,,,35.0,34.0,,,,,2.0,2.0,300.0,300.0,2.0,2.0,,,,,1.0,1.0,15.0,15.0
264.8327280507732,6000.0,23.023297600040678,49.0,4.0,0.0,550.0,68,0.0007725123697283434,-0.009402245183022202,0.0012234335426901293,-0.00547920839812179,0.015178113063915163,6.0,1.0,56.0,56.0,56.0,56.0,62.0,29.0,0.0,0.0,6.0,0.0,0.0,126.91452828552538,0.0,0.0018185980672740243,126.91452828552538,126.91634688359264,0.0,126.91452828552538,0.0,0.0013550908444699417,126.91452828552538,126.91588337636985,0.0,126.91452828552538,0.0,0.0007320919737878739,126.91452828552538,126.91526037749918,0.0,126.91452828552538,0.0,0.0005545096511525571,126.91452828552538,126.91508279517652,0.0,-6.061993557532712e-06,-4.516969481566473e-06,-2.4403065793402828e-06,-1.8483655037944875e-06,1.0,1500.0,1500.0,1500.0,1500.0,,,0.0,0.09599836831189733,-0.005070246481636565,-0.006093796623594194,-0.00787948002887222,-0.009042617063982038,-0.010350141134225764,-0.01143382482822277,-0.013120331643068094,0.09623619673047709,0.09600032197127924,-0.005642770079926197,-0.007376248038062272,-0.008571433174334554,-0.009950429868885637,-0.01089497653094371,-0.01244460972589221,1.0,115.0,100.0,100.0,100.0,100.0,100.0,100.0,100.0,115.0,115.0,100.0,100.0,100.0,100.0,100.0,100.0,0.0,4.0,4.0,4.0,0.0043971498985130196,0.00703808076507566,-0.009571087417046424,1.0,0.0,0.0,0.0,0.0,0.0,0.0,1.0,1.0,0.0,0.0,0.0,,0.0,,0.0,,-1.0,0.0,0.0,0.0,0.0,1.0,0.0,0.0,0.0,0.0,,0.0,,264.8327280507732,0.0,264.8327280507732,1.0,,,35.0,34.0,,,,,2.0,2.0,300.0,300.0,2.0,2.0,,,,,1.0,1.0,15.0,15.0
268.80230476426624,6000.0,22.406666600028984,49.0,4.0,0.0,550.0,69,0.0007725123697283434,-0.009402245183022202,0.0012234335426901293,-0.00547920839812179,0.015178113063915163,6.0,1.0,56.0,56.0,56.0,56.0,62.0,29.0,0.0,0.0,6.0,0.0,0.0,126.91452828552538,0.0,0.0018185980672740243,126.91452828552538,126.91634688359264,0.0,126.91452828552538,0.0,0.0013550908444699417,126.91452828552538,126.91588337636985,0.0,126.91452828552538,0.0,0.0007320919737878739,126.91452828552538,126.91526037749918,0.0,126.91452828552538,0.0,0.0005545096511525571,126.91452828552538,126.91508279517652,0.0,-6.061993557532712e-06,-4.516969481566473e-06,-2.4403065793402828e-06,-1.8483655037944875e-06,1.0,1500.0,1500.0,1500.0,1500.0,,,0.0,0.09599836831189733,-0.005070246481636565,-0.006093796623594194,-0.00787948002887222,-0.009042617063982038,-0.010350141134225764,-0.01143382482822277,-0.013120331643068094,0.09623619673047709,0.09600032197127924,-0.005642770079926197,-0.007376248038062272,-0.008571433174334554,-0.009950429868885637,-0.01089497653094371,-0.01244460972589221,1.0,115.0,100.0,100.0,100.0,100.0,100.0,100.0,100.0,115.0,115.0,100.0,100.0,100.0,100.0,100.0,100.0,0.0,4.0,4.0,4.0,0.0043971498985130196,0.00703808076507566,-0.009571087417046424,1.0,0.0,0.0,0.0,0.0,0.0,0.0,1.0,1.0,0.0,0.0,0.0,,0.0,,0.0,,-1.0,0.0,0.0,0.0,0.0,1.0,0.0,0.0,0.0,0.0,,0.0,,268.80230476426624,0.0,268.80230476426624,1.0,,,35.0,34.0,,,,,2.0,2.0,300.0,300.0,2.0,2.0,,,,,1.0,1.0,15.0,15.0
264.8327280507732,6000.0,54.53900819999399,75.0,9.0,0.0,550.0,70,0.000772512369730749,-0.009402245183021019,0.0012234335426924976,-0.005479208398118246,0.015178113063912793,6.0,1.0,56.0,56.0,56.0,56.0,62.0,30.0,1.0,0.0,6.0,0.0,0.0,126.91452828552329,0.0,0.001818598067302446,126.91452828552329,126.91634688359058,0.0,126.91452828552329,0.0,0.0013550908444699417,126.91452828552329,126.91588337636776,0.0,126.91452828552329,0.0,0.0007320919737594522,126.91452828552329,126.91526037749705,0.0,126.91452828552329,0.0,0.0005545096511525571,126.91452828552329,126.91508279517444,0.0,-6.061993557627451e-06,-4.516969481566473e-06,-2.440306579198174e-06,-1.848365503841857e-06,1.0,1500.0,1500.0,1500.0,1500.0,,,0.0,0.09599836831189457,-0.0050702464816357205,-0.006093796623593528,-0.007879480028871556,-0.009042617063980442,-0.010350141134228694,-0.011433824828220595,-0.01312033164306965,0.09623619673047577,0.09600032197128074,-0.00564277007992473,-0.0073762480380629375,-0.008571433174333887,-0.009950429868885769,-0.010894976530941002,-0.012444609725892921,1.0,115.0,100.0,100.0,100.0,100.0,100.0,100.0,100.0,115.0,115.0,100.0,100.0,100.0,100.0,100.0,100.0,0.0,4.0,4.0,4.0,0.004397149898512524,0.00703808076508183,-0.009571087417047382,1.0,0.0,0.0,0.0,0.0,0.0,0.0,1.0,1.0,0.0,0.0,0.0,,0.0,,0.0,,-1.0,0.0,0.0,0.0,0.0,1.0,0.0,0.0,0.0,0.0,,0.0,,264.8327280507732,0.0,264.8327280507732,1.0,,,35.0,34.0,,,,,2.0,2.0,300.0,300.0,2.0,2.0,,,,,1.0,1.0,15.0,15.0
268.80230476426624,6000.0,21.168564399995375,49.0,4.0,0.0,550.0,71,0.000772512369730749,-0.009402245183021019,0.0012234335426924976,-0.005479208398118246,0.015178113063912793,6.0,1.0,56.0,56.0,56.0,56.0,62.0,30.0,0.0,0.0,6.0,0.0,0.0,126.91452828552329,0.0,0.001818598067302446,126.91452828552329,126.91634688359058,0.0,126.91452828552329,0.0,0.0013550908444699417,126.91452828552329,126.91588337636776,0.0,126.91452828552329,0.0,0.0007320919737594522,126.91452828552329,126.91526037749705,0.0,126.91452828552329,0.0,0.0005545096511525571,126.91452828552329,126.91508279517444,0.0,-6.061993557627451e-06,-4.516969481566473e-06,-2.440306579198174e-06,-1.848365503841857e-06,1.0,1500.0,1500.0,1500.0,1500.0,,,0.0,0.09599836831189457,-0.0050702464816357205,-0.006093796623593528,-0.007879480028871556,-0.009042617063980442,-0.010350141134228694,-0.011433824828220595,-0.01312033164306965,0.09623619673047577,0.09600032197128074,-0.00564277007992473,-0.0073762480380629375,-0.008571433174333887,-0.009950429868885769,-0.010894976530941002,-0.012444609725892921,1.0,115.0,100.0,100.0,100.0,100.0,100.0,100.0,100.0,115.0,115.0,100.0,100.0,100.0,100.0,100.0,100.0,0.0,4.0,4.0,4.0,0.004397149898512524,0.00703808076508183,-0.009571087417047382,1.0,0.0,0.0,0.0,0.0,0.0,0.0,1.0,1.0,0.0,0.0,0.0,,0.0,,0.0,,-1.0,0.0,0.0,0.0,0.0,1.0,0.0,0.0,0.0,0.0,,0.0,,268.80230476426624,0.0,268.80230476426624,1.0,,,35.0,34.0,,,,,2.0,2.0,300.0,300.0,2.0,2.0,,,,,1.0,1.0,15.0,15.0
264.8327280507732,6000.0,21.284749300044496,49.0,4.0,0.0,550.0,72,0.000772512369730749,-0.009402245183021019,0.0012234335426924976,-0.005479208398118246,0.015178113063912793,6.0,1.0,56.0,56.0,56.0,56.0,62.0,30.0,0.0,0.0,6.0,0.0,0.0,126.91452828552329,0.0,0.001818598067302446,126.91452828552329,126.91634688359058,0.0,126.91452828552329,0.0,0.0013550908444699417,126.91452828552329,126.91588337636776,0.0,126.91452828552329,0.0,0.0007320919737594522,126.91452828552329,126.91526037749705,0.0,126.91452828552329,0.0,0.0005545096511525571,126.91452828552329,126.91508279517444,0.0,-6.061993557627451e-06,-4.516969481566473e-06,-2.440306579198174e-06,-1.848365503841857e-06,1.0,1500.0,1500.0,1500.0,1500.0,,,0.0,0.09599836831189457,-0.0050702464816357205,-0.006093796623593528,-0.007879480028871556,-0.009042617063980442,-0.010350141134228694,-0.011433824828220595,-0.01312033164306965,0.09623619673047577,0.09600032197128074,-0.00564277007992473,-0.0073762480380629375,-0.008571433174333887,-0.009950429868885769,-0.010894976530941002,-0.012444609725892921,1.0,115.0,100.0,100.0,100.0,100.0,100.0,100.0,100.0,115.0,115.0,100.0,100.0,100.0,100.0,100.0,100.0,0.0,4.0,4.0,4.0,0.004397149898512524,0.00703808076508183,-0.009571087417047382,1.0,0.0,0.0,0.0,0.0,0.0,0.0,1.0,1.0,0.0,0.0,0.0,,0.0,,0.0,,-1.0,0.0,0.0,0.0,0.0,1.0,0.0,0.0,0.0,0.0,,0.0,,264.8327280507732,0.0,264.8327280507732,1.0,,,35.0,34.0,,,,,2.0,2.0,300.0,300.0,2.0,2.0,,,,,1.0,1.0,15.0,15.0
268.80230476426624,6000.0,21.081716899992898,49.0,4.0,0.0,550.0,73,0.000772512369730749,-0.009402245183021019,0.0012234335426924976,-0.005479208398118246,0.015178113063912793,6.0,1.0,56.0,56.0,56.0,56.0,62.0,30.0,0.0,0.0,6.0,0.0,0.0,126.91452828552329,0.0,0.001818598067302446,126.91452828552329,126.91634688359058,0.0,126.91452828552329,0.0,0.0013550908444699417,126.91452828552329,126.91588337636776,0.0,126.91452828552329,0.0,0.0007320919737594522,126.91452828552329,126.91526037749705,0.0,126.91452828552329,0.0,0.0005545096511525571,126.91452828552329,126.91508279517444,0.0,-6.061993557627451e-06,-4.516969481566473e-06,-2.440306579198174e-06,-1.848365503841857e-06,1.0,1500.0,1500.0,1500.0,1500.0,,,0.0,0.09599836831189457,-0.0050702464816357205,-0.006093796623593528,-0.007879480028871556,-0.009042617063980442,-0.010350141134228694,-0.011433824828220595,-0.01312033164306965,0.09623619673047577,0.09600032197128074,-0.00564277007992473,-0.0073762480380629375,-0.008571433174333887,-0.009950429868885769,-0.010894976530941002,-0.012444609725892921,1.0,115.0,100.0,100.0,100.0,100.0,100.0,100.0,100.0,115.0,115.0,100.0,100.0,100.0,100.0,100.0,100.0,0.0,4.0,4.0,4.0,0.004397149898512524,0.00703808076508183,-0.009571087417047382,1.0,0.0,0.0,0.0,0.0,0.0,0.0,1.0,1.0,0.0,0.0,0.0,,0.0,,0.0,,-1.0,0.0,0.0,0.0,0.0,1.0,0.0,0.0,0.0,0.0,,0.0,,268.80230476426624,0.0,268.80230476426624,1.0,,,35.0,34.0,,,,,2.0,2.0,300.0,300.0,2.0,2.0,,,,,1.0,1.0,15.0,15.0
264.8327280507732,6000.0,21.083035700023174,49.0,4.0,0.0,550.0,74,0.000772512369730749,-0.009402245183021019,0.0012234335426924976,-0.005479208398118246,0.015178113063912793,6.0,1.0,56.0,56.0,56.0,56.0,62.0,30.0,0.0,0.0,6.0,0.0,0.0,126.91452828552329,0.0,0.001818598067302446,126.91452828552329,126.91634688359058,0.0,126.91452828552329,0.0,0.0013550908444699417,126.91452828552329,126.91588337636776,0.0,126.91452828552329,0.0,0.0007320919737594522,126.91452828552329,126.91526037749705,0.0,126.91452828552329,0.0,0.0005545096511525571,126.91452828552329,126.91508279517444,0.0,-6.061993557627451e-06,-4.516969481566473e-06,-2.440306579198174e-06,-1.848365503841857e-06,1.0,1500.0,1500.0,1500.0,1500.0,,,0.0,0.09599836831189457,-0.0050702464816357205,-0.006093796623593528,-0.007879480028871556,-0.009042617063980442,-0.010350141134228694,-0.011433824828220595,-0.01312033164306965,0.09623619673047577,0.09600032197128074,-0.00564277007992473,-0.0073762480380629375,-0.008571433174333887,-0.009950429868885769,-0.010894976530941002,-0.012444609725892921,1.0,115.0,100.0,100.0,100.0,100.0,100.0,100.0,100.0,115.0,115.0,100.0,100.0,100.0,100.0,100.0,100.0,0.0,4.0,4.0,4.0,0.004397149898512524,0.00703808076508183,-0.009571087417047382,1.0,0.0,0.0,0.0,0.0,0.0,0.0,1.0,1.0,0.0,0.0,0.0,,0.0,,0.0,,-1.0,0.0,0.0,0.0,0.0,1.0,0.0,0.0,0.0,0.0,,0.0,,264.8327280507732,0.0,264.8327280507732,1.0,,,35.0,34.0,,,,,2.0,2.0,300.0,300.0,2.0,2.0,,,,,1.0,1.0,15.0,15.0
268.80230476426624,6000.0,21.615124900010414,49.0,4.0,0.0,550.0,75,0.000772512369730749,-0.009402245183021019,0.0012234335426924976,-0.005479208398118246,0.015178113063912793,6.0,1.0,56.0,56.0,56.0,56.0,62.0,30.0,0.0,0.0,6.0,0.0,0.0,126.91452828552329,0.0,0.001818598067302446,126.91452828552329,126.91634688359058,0.0,126.91452828552329,0.0,0.0013550908444699417,126.91452828552329,126.91588337636776,0.0,126.91452828552329,0.0,0.0007320919737594522,126.91452828552329,126.91526037749705,0.0,126.91452828552329,0.0,0.0005545096511525571,126.91452828552329,126.91508279517444,0.0,-6.061993557627451e-06,-4.516969481566473e-06,-2.440306579198174e-06,-1.848365503841857e-06,1.0,1500.0,1500.0,1500.0,1500.0,,,0.0,0.09599836831189457,-0.0050702464816357205,-0.006093796623593528,-0.007879480028871556,-0.009042617063980442,-0.010350141134228694,-0.011433824828220595,-0.01312033164306965,0.09623619673047577,0.09600032197128074,-0.00564277007992473,-0.0073762480380629375,-0.008571433174333887,-0.009950429868885769,-0.010894976530941002,-0.012444609725892921,1.0,115.0,100.0,100.0,100.0,100.0,100.0,100.0,100.0,115.0,115.0,100.0,100.0,100.0,100.0,100.0,100.0,0.0,4.0,4.0,4.0,0.004397149898512524,0.00703808076508183,-0.009571087417047382,1.0,0.0,0.0,0.0,0.0,0.0,0.0,1.0,1.0,0.0,0.0,0.0,,0.0,,0.0,,-1.0,0.0,0.0,0.0,0.0,1.0,0.0,0.0,0.0,0.0,,0.0,,268.80230476426624,0.0,268.80230476426624,1.0,,,35.0,34.0,,,,,2.0,2.0,300.0,300.0,2.0,2.0,,,,,1.0,1.0,15.0,15.0
264.8327280507732,6000.0,21.648222799994983,49.0,4.0,0.0,550.0,76,0.000772512369730749,-0.009402245183021019,0.0012234335426924976,-0.005479208398118246,0.015178113063912793,6.0,1.0,56.0,56.0,56.0,56.0,62.0,30.0,0.0,0.0,6.0,0.0,0.0,126.91452828552329,0.0,0.001818598067302446,126.91452828552329,126.91634688359058,0.0,126.91452828552329,0.0,0.0013550908444699417,126.91452828552329,126.91588337636776,0.0,126.91452828552329,0.0,0.0007320919737594522,126.91452828552329,126.91526037749705,0.0,126.91452828552329,0.0,0.0005545096511525571,126.91452828552329,126.91508279517444,0.0,-6.061993557627451e-06,-4.516969481566473e-06,-2.440306579198174e-06,-1.848365503841857e-06,1.0,1500.0,1500.0,1500.0,1500.0,,,0.0,0.09599836831189457,-0.0050702464816357205,-0.006093796623593528,-0.007879480028871556,-0.009042617063980442,-0.010350141134228694,-0.011433824828220595,-0.01312033164306965,0.09623619673047577,0.09600032197128074,-0.00564277007992473,-0.0073762480380629375,-0.008571433174333887,-0.009950429868885769,-0.010894976530941002,-0.012444609725892921,1.0,115.0,100.0,100.0,100.0,100.0,100.0,100.0,100.0,115.0,115.0,100.0,100.0,100.0,100.0,100.0,100.0,0.0,4.0,4.0,4.0,0.004397149898512524,0.00703808076508183,-0.009571087417047382,1.0,0.0,0.0,0.0,0.0,0.0,0.0,1.0,1.0,0.0,0.0,0.0,,0.0,,0.0,,-1.0,0.0,0.0,0.0,0.0,1.0,0.0,0.0,0.0,0.0,,0.0,,264.8327280507732,0.0,264.8327280507732,1.0,,,35.0,34.0,,,,,2.0,2.0,300.0,300.0,2.0,2.0,,,,,1.0,1.0,15.0,15.0
268.80230476426624,6000.0,21.644638900004793,49.0,4.0,0.0,550.0,77,0.000772512369730749,-0.009402245183021019,0.0012234335426924976,-0.005479208398118246,0.015178113063912793,6.0,1.0,56.0,56.0,56.0,56.0,62.0,30.0,0.0,0.0,6.0,0.0,0.0,126.91452828552329,0.0,0.001818598067302446,126.91452828552329,126.91634688359058,0.0,126.91452828552329,0.0,0.0013550908444699417,126.91452828552329,126.91588337636776,0.0,126.91452828552329,0.0,0.0007320919737594522,126.91452828552329,126.91526037749705,0.0,126.91452828552329,0.0,0.0005545096511525571,126.91452828552329,126.91508279517444,0.0,-6.061993557627451e-06,-4.516969481566473e-06,-2.440306579198174e-06,-1.848365503841857e-06,1.0,1500.0,1500.0,1500.0,1500.0,,,0.0,0.09599836831189457,-0.0050702464816357205,-0.006093796623593528,-0.007879480028871556,-0.009042617063980442,-0.010350141134228694,-0.011433824828220595,-0.01312033164306965,0.09623619673047577,0.09600032197128074,-0.00564277007992473,-0.0073762480380629375,-0.008571433174333887,-0.009950429868885769,-0.010894976530941002,-0.012444609725892921,1.0,115.0,100.0,100.0,100.0,100.0,100.0,100.0,100.0,115.0,115.0,100.0,100.0,100.0,100.0,100.0,100.0,0.0,4.0,4.0,4.0,0.004397149898512524,0.00703808076508183,-0.009571087417047382,1.0,0.0,0.0,0.0,0.0,0.0,0.0,1.0,1.0,0.0,0.0,0.0,,0.0,,0.0,,-1.0,0.0,0.0,0.0,0.0,1.0,0.0,0.0,0.0,0.0,,0.0,,268.80230476426624,0.0,268.80230476426624,1.0,,,35.0,34.0,,,,,2.0,2.0,300.0,300.0,2.0,2.0,,,,,1.0,1.0,15.0,15.0
264.8327280507732,6000.0,21.76621819997672,49.0,4.0,0.0,550.0,78,0.000772512369730749,-0.009402245183021019,0.0012234335426924976,-0.005479208398118246,0.015178113063912793,6.0,1.0,56.0,56.0,56.0,56.0,62.0,30.0,0.0,0.0,6.0,0.0,0.0,126.91452828552329,0.0,0.001818598067302446,126.91452828552329,126.91634688359058,0.0,126.91452828552329,0.0,0.0013550908444699417,126.91452828552329,126.91588337636776,0.0,126.91452828552329,0.0,0.0007320919737594522,126.91452828552329,126.91526037749705,0.0,126.91452828552329,0.0,0.0005545096511525571,126.91452828552329,126.91508279517444,0.0,-6.061993557627451e-06,-4.516969481566473e-06,-2.440306579198174e-06,-1.848365503841857e-06,1.0,1500.0,1500.0,1500.0,1500.0,,,0.0,0.09599836831189457,-0.0050702464816357205,-0.006093796623593528,-0.007879480028871556,-0.009042617063980442,-0.010350141134228694,-0.011433824828220595,-0.01312033164306965,0.09623619673047577,0.09600032197128074,-0.00564277007992473,-0.0073762480380629375,-0.008571433174333887,-0.009950429868885769,-0.010894976530941002,-0.012444609725892921,1.0,115.0,100.0,100.0,100.0,100.0,100.0,100.0,100.0,115.0,115.0,100.0,100.0,100.0,100.0,100.0,100.0,0.0,4.0,4.0,4.0,0.004397149898512524,0.00703808076508183,-0.009571087417047382,1.0,0.0,0.0,0.0,0.0,0.0,0.0,1.0,1.0,0.0,0.0,0.0,,0.0,,0.0,,-1.0,0.0,0.0,0.0,0.0,1.0,0.0,0.0,0.0,0.0,,0.0,,264.8327280507732,0.0,264.8327280507732,1.0,,,35.0,34.0,,,,,2.0,2.0,300.0,300.0,2.0,2.0,,,,,1.0,1.0,15.0,15.0
268.80230476426624,6000.0,21.843393000017386,49.0,4.0,0.0,550.0,79,0.000772512369730749,-0.009402245183021019,0.0012234335426924976,-0.005479208398118246,0.015178113063912793,6.0,1.0,56.0,56.0,56.0,56.0,62.0,30.0,0.0,0.0,6.0,0.0,0.0,126.91452828552329,0.0,0.001818598067302446,126.91452828552329,126.91634688359058,0.0,126.91452828552329,0.0,0.0013550908444699417,126.91452828552329,126.91588337636776,0.0,126.91452828552329,0.0,0.0007320919737594522,126.91452828552329,126.91526037749705,0.0,126.91452828552329,0.0,0.0005545096511525571,126.91452828552329,126.91508279517444,0.0,-6.061993557627451e-06,-4.516969481566473e-06,-2.440306579198174e-06,-1.848365503841857e-06,1.0,1500.0,1500.0,1500.0,1500.0,,,0.0,0.09599836831189457,-0.0050702464816357205,-0.006093796623593528,-0.007879480028871556,-0.009042617063980442,-0.010350141134228694,-0.011433824828220595,-0.01312033164306965,0.09623619673047577,0.09600032197128074,-0.00564277007992473,-0.0073762480380629375,-0.008571433174333887,-0.009950429868885769,-0.010894976530941002,-0.012444609725892921,1.0,115.0,100.0,100.0,100.0,100.0,100.0,100.0,100.0,115.0,115.0,100.0,100.0,100.0,100.0,100.0,100.0,0.0,4.0,4.0,4.0,0.004397149898512524,0.00703808076508183,-0.009571087417047382,1.0,0.0,0.0,0.0,0.0,0.0,0.0,1.0,1.0,0.0,0.0,0.0,,0.0,,0.0,,-1.0,0.0,0.0,0.0,0.0,1.0,0.0,0.0,0.0,0.0,,0.0,,268.80230476426624,0.0,268.80230476426624,1.0,,,35.0,34.0,,,,,2.0,2.0,300.0,300.0,2.0,2.0,,,,,1.0,1.0,15.0,15.0
