boundary_queue_in_A_left,boundary_queue_in_A_top,boundary_queue_in_B_top,boundary_queue_in_C_right,boundary_queue_in_C_top,boundary_queue_in_D_left,boundary_queue_in_F_right,boundary_queue_out_A_left,boundary_queue_out_A_top,boundary_queue_out_B_top,boundary_queue_out_C_right,boundary_queue_out_C_top,boundary_queue_out_D_left,boundary_queue_out_F_right,flow_FW_E_mean,flow_FW_W_mean,freeway_vehicles,lambda_eff_FW_E_last,lambda_eff_FW_E_mean,lambda_eff_FW_W_last,lambda_eff_FW_W_mean,movement_queue_A_E_to_N,movement_queue_A_E_to_S,movement_queue_A_E_to_W,movement_queue_A_N_to_E,movement_queue_A_N_to_S,movement_queue_A_N_to_W,movement_queue_A_S_to_E,movement_queue_A_S_to_N,movement_queue_A_S_to_W,movement_queue_A_W_to_E,movement_queue_A_W_to_N,movement_queue_A_W_to_S,movement_queue_B_E_to_N,movement_queue_B_E_to_S,movement_queue_B_E_to_W,movement_queue_B_N_to_E,movement_queue_B_N_to_S,movement_queue_B_N_to_W,movement_queue_B_S_to_E,movement_queue_B_S_to_N,movement_queue_B_S_to_W,movement_queue_B_W_to_E,movement_queue_B_W_to_N,movement_queue_B_W_to_S,movement_queue_C_E_to_N,movement_queue_C_E_to_S,movement_queue_C_E_to_W,movement_queue_C_N_to_E,movement_queue_C_N_to_S,movement_queue_C_N_to_W,movement_queue_C_S_to_E,movement_queue_C_S_to_N,movement_queue_C_S_to_W,movement_queue_C_W_to_E,movement_queue_C_W_to_N,movement_queue_C_W_to_S,movement_queue_D_E_to_N,movement_queue_D_E_to_W,movement_queue_D_E_to_onE,movement_queue_D_E_to_onW,movement_queue_D_N_to_E,movement_queue_D_N_to_W,movement_queue_D_N_to_onE,movement_queue_D_N_to_onW,movement_queue_D_W_to_E,movement_queue_D_W_to_N,movement_queue_D_W_to_onE,movement_queue_D_W_to_onW,movement_queue_D_offE_to_E,movement_queue_D_offE_to_N,movement_queue_D_offE_to_W,movement_queue_D_offW_to_E,movement_queue_D_offW_to_N,movement_queue_D_offW_to_W,movement_queue_E_E_to_N,movement_queue_E_E_to_W,movement_queue_E_N_to_E,movement_queue_E_N_to_W,movement_queue_E_W_to_E,movement_queue_E_W_to_N,movement_queue_F_E_to_N,movement_queue_F_E_to_W,movement_queue_F_E_to_onE,movement_queue_F_E_to_onW,movement_queue_F_N_to_E,movement_queue_F_N_to_W,movement_queue_F_N_to_onE,movement_queue_F_N_to_onW,movement_queue_F_W_to_E,movement_queue_F_W_to_N,movement_queue_F_W_to_onE,movement_queue_F_W_to_onW,movement_queue_F_offE_to_E,movement_queue_F_offE_to_N,movement_queue_F_offE_to_W,movement_queue_F_offW_to_E,movement_queue_F_offW_to_N,movement_queue_F_offW_to_W,ramp_queue_R_D_E,ramp_queue_R_D_W,ramp_queue_R_F_E,ramp_queue_R_F_W,rho_FW_E_mean,rho_FW_W_mean,speed_FW_E_mean,speed_FW_W_mean,step,storage_available_A_left_out,storage_available_A_to_B,storage_available_A_to_D,storage_available_A_top_out,storage_available_B_to_A,storage_available_B_to_C,storage_available_B_to_E,storage_available_B_top_out,storage_available_C_right_out,storage_available_C_to_B,storage_available_C_to_F,storage_available_C_top_out,storage_available_D_R_E,storage_available_D_R_W,storage_available_D_left_out,storage_available_D_to_A,storage_available_D_to_E,storage_available_E_to_B,storage_available_E_to_D,storage_available_E_to_F,storage_available_F_R_E,storage_available_F_R_W,storage_available_F_right_out,storage_available_F_to_C,storage_available_F_to_E,storage_available_OR_D_E_storage,storage_available_OR_D_W_storage,storage_available_OR_F_E_storage,storage_available_OR_F_W_storage,time_sec,urban_protected_accumulation_veh,urban_vehicles
5.923076923076924,0.0,0.0,4.355555555555557,0.0,8.076923076923078,4.977777777777778,0.3645833333333333,1.6630608974358978,6.182725694444445,0.3645833333333333,1.271180555555556,0.0,0.0,951.717949245777,907.1437129017169,71.07234054778726,2.0,2.0,2.0,2.0,0.18229166666666666,0.18229166666666666,0.3645833333333333,0.0,0.0,0.0,0.0,0.0,0.0,2.961538461538462,1.480769230769231,1.480769230769231,3.114149305555556,3.114149305555556,6.228298611111112,0.0,0.0,0.0,0.0,0.0,0.0,6.137152777777778,3.068576388888889,3.068576388888889,1.0888888888888892,1.0888888888888892,2.1777777777777785,0.0,0.0,0.0,0.0,0.0,0.0,0.3645833333333333,0.18229166666666666,0.18229166666666666,0.0,0.0,2.5666666666666678,2.3333333333333335,0.0,0.0,0.0,0.0,4.038461538461539,2.0192307692307696,1.0096153846153848,1.0096153846153848,0.0,0.0,0.0,0.0,0.0,0.0,0.0,0.0,0.0,0.0,0.0,0.0,1.2444444444444445,2.488888888888889,0.6222222222222222,0.6222222222222222,0.0,0.0,0.0,0.0,0.0,0.0,2.683333333333333,2.4499999999999997,0.0,0.0,0.0,0.0,0.0,0.0,0.4894764957264957,0.4505876068376069,0.4925925925925927,0.4537037037037037,4.432595279635143,4.215652238980714,108.33491578326786,108.54415973274331,0,219.87112713675214,209.42483298708933,213.7127403846154,219.9158653846154,214.71788194444454,214.78298611111123,212.25043402777763,220.0,219.86122685185185,210.45253327035795,212.6586805555555,219.94814814814814,180.0,180.0,219.96915064102564,216.53705313394352,207.53695605415123,203.67154360787458,205.48308882591357,205.688454781961,180.0,180.0,219.9773148148148,211.99049471331264,206.55837307308053,59.706737291182876,59.72042043393697,59.4569416271789,59.493053598782616,180.0,161.18034966271446,59.55590277777778
0.0,4.166666666666667,5.0,0.0,5.416666666666668,0.0,0.0,2.5071549417657097,2.9309765501980856,4.0458258378501535,3.01101393457234,3.3136945358113463,1.0715227697649572,1.2341001157407412,1158.252361839875,1097.4713151826218,84.9357947752259,2.0,1.998425292114919,2.0,1.9985767669151306,0.0,0.0,0.0,1.0416666666666667,2.0833333333333335,1.0416666666666667,1.4654882750990428,2.9309765501980856,1.4654882750990428,0.0,0.0,0.0,0.0,0.0,0.0,1.25,2.5,1.25,2.0229129189250767,4.0458258378501535,2.0229129189250767,0.0,0.0,0.0,0.0,0.0,0.0,1.354166666666667,2.708333333333334,1.354166666666667,1.6568472679056732,3.3136945358113463,1.6568472679056732,0.0,0.0,0.0,0.0,0.0,0.0,0.0,1.0715227697649572,1.0715227697649572,3.6381894364316243,3.404856103098291,0.0,0.0,0.0,0.0,0.0,0.0,0.0,0.0,0.0,0.0,0.0,0.0,0.0,0.0,0.0,0.0,0.0,0.0,0.0,0.0,1.2341001157407412,1.2341001157407412,3.917433449074074,3.6841001157407405,0.0,0.0,0.0,0.0,0.0,0.0,0.0,0.0,0.0,0.0,0.627064649035497,0.5881757601466081,0.6036558099668593,0.5647669210779704,5.310077414110957,5.016109304941034,109.58747598800105,109.88886809394147,1,219.70486111111111,212.4804579362197,211.70032432552654,219.7290331196581,212.89110266465087,212.7912790091033,213.4313617770479,219.95008680555557,219.70486111111111,214.06291211683265,212.0306124578529,219.76168981481482,180.0,180.0,219.87592943804606,210.41142959449652,210.41723419685664,209.8046592719425,208.37935551395302,207.2489344071093,180.0,180.0,219.91247789973372,211.64928088994625,213.38866370956111,56.643992399817954,56.80290306717733,55.3191308814533,55.56356094388308,360.0,145.86569244760088,54.42015205640863
5.923076923076924,0.0,0.0,4.355555555555557,0.0,8.076923076923078,4.977777777777778,1.928097647429968,2.444818054484215,3.0213973125522666,2.291054497426597,2.234416137602188,2.679434994557402,3.3526725844850156,1133.9764255475543,1072.2715222704735,82.79052392086386,2.0,2.0,2.0,2.0,0.964048823714984,0.964048823714984,1.928097647429968,0.0,0.0,0.0,0.0,0.0,0.0,2.961538461538462,1.480769230769231,1.480769230769231,1.3620602187664848,1.3620602187664848,2.7241204375329695,0.0,0.0,0.0,0.0,0.0,0.0,3.3186741875715637,1.6593370937857819,1.6593370937857819,1.0888888888888892,1.0888888888888892,2.1777777777777785,0.0,0.0,0.0,0.0,0.0,0.0,2.291054497426597,1.1455272487132986,1.1455272487132986,1.339717497278701,2.679434994557402,3.2365254153060183,3.0031920819726845,0.0,0.0,0.0,0.0,4.038461538461539,2.0192307692307696,1.0096153846153848,1.0096153846153848,0.0,0.0,0.0,0.0,0.0,0.0,0.0,0.0,0.0,0.0,0.0,0.0,1.2444444444444445,2.488888888888889,0.6222222222222222,0.6222222222222222,0.0,0.0,0.0,0.0,3.3526725844850156,1.6763362922425078,3.521501479454587,3.2881681461212535,0.0,0.0,0.0,0.0,0.0,0.0,0.4965294471153846,0.4576405582264957,0.4988867929012869,0.459997904012398,5.203296015912428,4.906387636413609,109.46587561209326,109.7512541505385,2,219.85432378228046,212.98690179445114,213.6948417041959,219.88225867567198,212.4579954509929,212.72876669760922,213.03464141117541,219.86401353276352,219.84625519004655,212.66756247092655,212.6840052390101,219.91820482453758,180.0,180.0,219.9656241653312,213.01459667430854,212.5530975161506,208.64172080091197,210.54288098465577,209.82074675593861,180.0,180.0,219.9746021412037,211.78290175882069,211.78904056363507,59.50553373899643,59.52919521445947,59.27998897381822,59.33128499499675,540.0,141.8670727738684,65.95477536467371
0.0,4.166666666666667,5.0,0.0,5.416666666666668,0.0,0.0,2.5077815547080764,2.932229776082819,3.127814759954661,2.950099744711071,3.1918661560888077,1.229727165104703,1.3916265462827042,1134.676663658342,1073.1352739492536,83.21441908142184,2.0,1.9983872161631429,2.0,1.9985451069606213,0.0,0.0,0.0,1.0416666666666667,2.0833333333333335,1.0416666666666667,1.4661148880414094,2.932229776082819,1.4661148880414094,0.0,0.0,0.0,0.0,0.0,0.0,1.25,2.5,1.25,1.5639073799773304,3.127814759954661,1.5639073799773304,0.0,0.0,0.0,0.0,0.0,0.0,1.354166666666667,2.708333333333334,1.354166666666667,1.5959330780444039,3.1918661560888077,1.5959330780444039,0.0,0.0,0.0,0.0,0.0,0.0,0.0,1.229727165104703,1.229727165104703,3.7963938317713706,3.563060498438037,0.0,0.0,0.0,0.0,0.0,0.0,0.0,0.0,0.0,0.0,0.0,0.0,0.0,0.0,0.0,0.0,0.0,0.0,0.0,0.0,1.3916265462827042,1.3916265462827042,4.074959879616038,3.8416265462827033,0.0,0.0,0.0,0.0,0.0,0.0,0.0,0.0,0.0,0.0,0.6462405647194529,0.6073516758305639,0.6016117304288855,0.5627228415399966,5.201593071591319,4.9050871958456215,109.61857941646704,109.90913474791918,3,219.91392004985755,212.05717043382919,213.08771310346697,219.83356258903135,213.6468974129352,213.23109902763207,213.14371688125223,219.95008680555557,219.91392004985755,213.5290855840359,213.3891659022534,219.86621928418805,180.0,180.0,219.92763065887715,211.83693402388127,210.2980648773371,208.88225729254597,210.172352750693,209.25377544423336,180.0,180.0,219.91470402524303,212.63251071283835,213.16969069333655,56.62468437592663,56.78549274622502,55.322460963568275,55.57478444707378,720.0,136.09605120414656,53.605902896468876
5.923076923076924,0.0,0.0,4.355555555555557,0.0,8.076923076923078,4.977777777777778,2.108513860401191,2.5350261609698266,2.853888747760192,2.4438359527963467,2.310806865287063,2.6691718023907396,3.34100508346659,1125.0778211285271,1063.4413366028812,82.07770174309151,2.0,2.0,2.0,2.0,1.0542569302005955,1.0542569302005955,2.108513860401191,0.0,0.0,0.0,0.0,0.0,0.0,2.961538461538462,1.480769230769231,1.480769230769231,1.2999629268021144,1.2999629268021144,2.599925853604229,0.0,0.0,0.0,0.0,0.0,0.0,3.107851641916155,1.5539258209580775,1.5539258209580775,1.0888888888888892,1.0888888888888892,2.1777777777777785,0.0,0.0,0.0,0.0,0.0,0.0,2.4438359527963467,1.2219179763981733,1.2219179763981733,1.3345859011953698,2.6691718023907396,3.233959617264353,3.000626283931019,0.0,0.0,0.0,0.0,4.038461538461539,2.0192307692307696,1.0096153846153848,1.0096153846153848,0.0,0.0,0.0,0.0,0.0,0.0,0.0,0.0,0.0,0.0,0.0,0.0,1.2444444444444445,2.488888888888889,0.6222222222222222,0.6222222222222222,0.0,0.0,0.0,0.0,3.34100508346659,1.670502541733295,3.5185846041999804,3.285251270866647,0.0,0.0,0.0,0.0,0.0,0.0,0.49865830664615474,0.45976941775726576,0.4998176964688119,0.4609288075799231,5.1578892072452005,4.8619267320847195,109.54866407004276,109.82932636478557,4,219.8534979747133,213.07801996610257,213.80112567801405,219.8806070605377,212.303866808887,212.5483405005976,213.04480577878329,219.86401353276352,219.84598071587772,212.82434470443474,212.7893550665022,219.9176558761999,180.0,180.0,219.9656241653312,212.77883661362642,212.36674718044875,208.90660218945177,210.46279373635255,209.8922062877645,180.0,180.0,219.9746021412037,211.7422408933511,211.9609392931634,59.505676962782275,59.52935062004512,59.28976836821652,59.340960182906244,900.0,141.7333137821149,65.90727505581718
0.0,4.166666666666667,5.0,0.0,5.416666666666668,0.0,0.0,2.5000290431758008,2.916724753018268,3.046885418868619,2.9393569504324772,3.1703805675316206,1.3167493424829015,1.4054157713500521,1133.9609534717642,1073.3572890337887,82.63298100496523,2.0,1.9980872190090004,2.0,1.998278118934572,0.0,0.0,0.0,1.0416666666666667,2.0833333333333335,1.0416666666666667,1.458362376509134,2.916724753018268,1.458362376509134,0.0,0.0,0.0,0.0,0.0,0.0,1.25,2.5,1.25,1.5234427094343095,3.046885418868619,1.5234427094343095,0.0,0.0,0.0,0.0,0.0,0.0,1.354166666666667,2.708333333333334,1.354166666666667,1.5851902837658103,3.1703805675316206,1.5851902837658103,0.0,0.0,0.0,0.0,0.0,0.0,0.0,1.3167493424829015,1.3167493424829015,4.311193786927346,4.0389715647051245,0.0,0.0,0.0,0.0,0.0,0.0,0.0,0.0,0.0,0.0,0.0,0.0,0.0,0.0,0.0,0.0,0.0,0.0,0.0,0.0,1.4054157713500521,1.4054157713500521,4.0887491046833855,3.8554157713500516,0.0,0.0,0.0,0.0,0.0,0.0,0.0,0.0,0.0,0.0,0.6475984566052284,0.6087095677163394,0.6013127199359237,0.5624238310470349,5.163327784669594,4.871283946339599,110.16198125274344,110.48027998182543,5,219.86250445156696,212.0528457642917,213.1488688704056,219.80785478988605,213.6655589840695,213.2370556887359,213.19809330506362,219.95008680555557,219.86250445156696,213.52516321634283,213.46098010153966,219.84051148504275,180.0,180.0,219.922031446463,212.30107531820522,210.58529268022053,208.91814010915806,210.27482858150418,209.3448347076568,180.0,180.0,219.91589492211085,212.6279066765067,213.15207640281028,56.13547441596021,56.31860019814558,55.32552906808442,55.579457648561146,1080.0,135.05820294780014,54.58997526750216
13.184829059829065,0.0,0.06944444444444448,9.592592592592592,0.1076388888888889,4.569444444444443,11.018518518518519,2.54699445232442,4.531189533854519,5.664997114551309,2.882417120180781,3.836764115645946,0.2228423446477271,3.2504670576655452,1961.5924356006913,1859.701176337298,159.74007808577056,2.0,1.9999659019293394,2.0,1.9999688510360707,1.27349722616221,1.27349722616221,2.54699445232442,0.0,0.0,0.0,0.0,0.0,0.0,6.669444444444447,3.257692307692309,3.257692307692309,2.5631347844211696,2.5631347844211696,5.126269568842339,0.0,0.06944444444444448,0.0,0.0,0.0,0.0,6.20372466026028,3.10186233013014,3.10186233013014,2.3955555555555557,2.3955555555555557,4.801481481481481,0.0,0.1076388888888889,0.0,0.0,0.0,0.0,2.882417120180781,1.4412085600903906,1.4412085600903906,0.0,0.0,1.7450450451243553,1.188933934013246,0.2228423446477271,0.2228423446477271,1.634509011314394,1.5061756779810607,4.569444444444443,0.0,0.0,0.0,0.0,0.0,0.0,0.0,0.0,0.0,0.0,0.0,0.0,0.0,0.0,0.0,2.7377777777777776,5.542962962962963,1.3688888888888888,1.3688888888888888,0.0,0.0,0.1591899241365637,0.11641214635878588,3.2504670576655452,1.6252335288327726,6.839936889869295,6.283825778758187,0.0,0.0,0.0,0.0,0.0,0.0,5.332264957264957,5.332264957264957,0.9334534143518518,0.8906756365740742,9.492724481765213,8.913924158014138,104.21318358412843,105.10953865292235,6,219.70820604634082,208.25020442018956,207.9211632347083,219.79835653712607,209.01383786665946,209.33467984318995,206.75008477214573,219.86401353276352,219.6794520922825,207.91791997129693,205.6054868191104,219.85543196234278,180.0,180.0,219.93566984953705,205.58286748680874,204.45704903970105,202.83363581219484,206.66489492403787,204.68460780294782,180.0,180.0,219.943865631419,209.5961699290928,208.15054111234724,58.53441903827757,58.59441783872921,58.86909399026322,58.886689188803786,1260.0,223.29205819276697,96.85669323528325
0.5115384615384619,14.368055555555554,15.58333333333333,0.22814814814814827,18.795138888888886,0.9385683760683763,0.31629629629629635,6.313876883825376,5.575082827479813,4.380029100164547,7.496479559040926,5.7846257847485205,4.313296680698479,4.004410928052812,2949.096194708843,2849.2426639159585,257.78054945214035,2.0,1.9892683984640522,2.0,1.989986518774446,0.0,0.0,0.0,3.5416666666666665,7.284722222222221,3.5416666666666665,2.77221021715871,5.54442043431742,2.77221021715871,0.45021367521367545,0.030662393162393276,0.030662393162393276,0.0,0.0,0.0,3.8958333333333326,7.791666666666665,3.8958333333333326,1.8011256611933848,4.380029100164547,1.8011256611933848,0.0,0.0,0.0,0.0,0.0,0.22814814814814827,4.604166666666666,9.586805555555554,4.604166666666666,2.8923128923742603,5.7846257847485205,2.8923128923742603,0.0,0.0,0.0,0.0,0.0,0.366147286925202,0.30003617581409076,4.313296680698479,4.313296680698479,21.67167622691352,19.163342893580182,0.7553418803418805,0.1832264957264958,0.0,0.0,0.0,0.0,0.0,0.0,0.0,0.0,0.0,0.0,0.0,0.0,0.0,0.0,0.0,0.31629629629629635,0.0,0.0,3.809966483608368,3.809966483608368,14.706601239908938,12.531856069483121,0.19444444444444448,0.0,0.5172222222222222,0.4511111111111112,0.0,0.0,0.0,0.0,0.0,0.0,1.750580089354706,1.6844689782435949,4.424655136038332,2.837988469371661,15.877902244508974,15.152817865922117,95.29678785022156,96.43623558250088,7,219.74812410968661,197.3910482326691,201.08306782969075,219.48517316595442,203.56824957713116,201.85787618201488,201.59647459049563,219.73120216560346,219.74812410968661,200.98621572400933,200.287678133695,219.56554353632478,180.0,180.0,219.88874418563253,200.51488299644635,192.04667913105413,194.58689653365167,196.77911260418483,195.02596836890655,180.0,180.0,219.61111111111111,202.10800996353208,199.66286441419612,50.07088157587578,50.484694467204335,49.277970058696276,49.549958582495485,1440.0,341.8082969680644,167.53041591952876
14.81666666666667,1.3819444444444444,0.0,15.037037037037042,0.37847222222222227,5.15277777777778,17.240740740740744,6.696991011294873,5.368233753510685,7.672338231930311,7.196991011294874,7.30071772786966,1.0344630339079568,11.264877078871935,3453.704214416795,3337.6082402174175,332.60846282496624,2.0,1.9992954996444547,2.0,1.9993691274138004,2.2287038389807696,2.2287038389807696,6.401852122405984,0.2951388888888889,0.7916666666666667,0.2951388888888889,0.0,0.01869658119658124,0.0,8.575000000000003,3.1208333333333345,3.1208333333333345,3.749159732079253,3.749159732079253,7.787381964158506,0.0,0.0,0.0,0.0,0.0,0.0,7.846356999702118,3.923178499851059,3.923178499851059,3.702222222222223,3.702222222222223,7.632592592592595,0.0,0.37847222222222227,0.0,0.0,0.0,0.0,7.196991011294874,3.598495505647437,3.598495505647437,0.0,0.0,1.8218141316556677,0.9623696872112244,1.0344630339079568,1.0344630339079568,34.35669174784341,29.468358414510025,5.15277777777778,0.0,0.0,0.0,0.0,0.0,0.0,0.0,0.0,0.0,0.0,0.0,0.0,0.0,0.0,0.0,4.231111111111113,8.77851851851852,2.1155555555555563,2.1155555555555563,0.0,0.0,10.947500539674783,6.39275536924894,11.264877078871935,5.437994094991523,12.736140179623357,11.548719269717981,0.0,0.0,0.0,0.0,0.0,0.0,5.583441594968608,5.488247863247864,3.0004643822615167,2.333333333333333,20.320303558879317,19.214877160517236,87.32625817673697,89.08723835313192,8,218.05555555555554,196.31032749711406,198.17351042943136,216.1111111111111,199.59732452769035,196.00443217797644,200.8983534580281,218.05555555555554,219.61631944444446,199.3158563887698,198.455584935898,220.0,180.0,180.0,216.86470624950383,190.5168497471502,186.2829700805125,193.69282446870426,190.78227893791666,191.5179613015086,180.0,180.0,219.6280083498791,198.55358438015054,194.1066184199299,55.22016699979061,55.463180507103765,58.10177658746571,58.15616501485849,1620.0,432.48241805672416,237.26413930192876
0.5115384615384619,15.548611111111109,15.58333333333333,0.22814814814814827,18.795138888888886,0.9385683760683763,0.31629629629629635,8.213031174629807,8.783113631310895,10.668320022325226,9.268942053659341,9.329550773985352,4.868446331782144,4.494249689797463,3578.232834708938,3452.3704528351955,358.034250125705,2.0,1.9763482144825426,2.0,1.978132781923571,0.0,0.0,0.0,3.8368055555555554,7.874999999999999,3.8368055555555554,4.376225619074251,8.752451238148502,4.376225619074251,0.45021367521367545,0.030662393162393276,0.030662393162393276,0.07161458333333331,0.07161458333333331,0.5321180555555556,3.8958333333333326,7.791666666666665,3.8958333333333326,4.909463830607057,10.596705438991892,4.909463830607057,0.0,0.0,0.0,0.0,0.0,0.22814814814814827,4.604166666666666,9.586805555555554,4.604166666666666,4.664775386992676,9.329550773985352,4.664775386992676,0.0,0.0,0.0,0.0,0.2743055555555555,0.5041319444444445,0.43802083333333325,4.594140776226588,4.594140776226588,57.65201549032722,50.383682156993785,0.7553418803418805,0.1832264957264958,0.0,0.0,0.0,0.0,0.0,0.0,0.0,0.0,0.0,0.0,0.0,0.0,0.0,0.0,0.0,0.31629629629629635,0.0,0.0,4.219944134241907,4.219944134241907,31.145057207313553,24.210312036887725,0.2743055555555555,0.0,1.4875275735539426,0.47107638888888886,0.0,0.0,0.0,0.0,0.0,0.0,1.7557468071923843,1.689635696081273,3.3422222222222224,1.7229745370370366,22.942017884064512,21.219108545020465,82.58002375863576,85.60659850317177,9,219.75140224358975,197.77629305182367,198.65486209671124,219.48681223290598,198.11614623884628,196.510895004857,198.41652275860383,219.4500604742969,219.75140224358975,201.52639186960423,196.84016852199804,219.56718260327634,180.0,180.0,219.61111111111111,195.8015713308464,192.3470491468138,188.1159773235163,187.98448912693954,189.27730832750564,180.0,180.0,219.61111111111111,199.48252779095736,201.4704348828173,45.406071227087615,46.10566351413443,44.21119351528647,44.7256220973858,1800.0,415.8820457870226,293.64522352587153
20.650000000000006,0.2013888888888889,0.0,15.037037037037042,0.37847222222222227,7.5347222222222285,4.1118518518518545,7.29261217948718,8.71158386752137,7.265226875472679,7.29261217948718,7.348528311965813,3.6341443584554507,7.7384685886688604,3598.472052028282,3452.5039427605416,377.7265424990594,2.0,1.9989784326648685,2.0,1.9990857482291382,3.64630608974359,3.64630608974359,7.29261217948718,0.0,0.2013888888888889,0.0,0.0,0.0,0.0,10.519444444444447,5.065277777777779,5.065277777777779,3.713046485542436,3.713046485542436,7.554414730344131,0.0,0.0,0.0,0.0,0.0,0.0,7.104360779860487,3.5521803899302435,3.5521803899302435,3.702222222222223,3.702222222222223,7.632592592592595,0.0,0.37847222222222227,0.0,0.0,0.0,0.0,7.29261217948718,3.64630608974359,3.64630608974359,0.0,2.4047581992380227,4.513411772031729,3.653967327587285,1.229386159217428,1.229386159217428,67.15636668092249,57.508033347588984,7.486111111111116,0.04861111111111227,0.0,0.0,0.0,0.0,0.0,0.0,0.0,0.0,0.0,0.0,0.0,0.0,0.0,0.0,0.0,4.1118518518518545,0.0,0.0,0.7376313296017789,0.7376313296017789,38.10660265752919,28.791857487103343,7.000837259067081,1.0299325184224302,7.842153759211218,6.982709314766765,0.0,0.0,0.0,0.0,0.0,0.0,6.604247879157459,6.2660256410256405,5.226666666666667,5.226666666666667,23.333876263797105,20.983344335886088,81.4234111622326,85.5887378249505,10,219.52975986078124,194.98757284013695,202.2599230380745,219.64979749934028,194.1540899072401,193.07701235044257,199.71512812657915,218.05555555555554,219.49171296296296,198.73317937526946,198.5344244625763,219.75078703703704,180.0,180.0,217.7282321196948,189.78960754634153,186.43336032482264,188.4298919000857,189.37842680597376,190.3471884078057,180.0,180.0,216.6695408303601,188.94721783935364,189.01546675628563,55.09316151908362,55.35146831156592,55.96178982093342,56.162985192112814,1980.0,458.0513653867451,335.1978155024279
0.5115384615384619,16.52777777777778,15.58333333333333,0.22814814814814827,18.795138888888886,1.9556623931623984,0.31629629629629635,9.124642241550418,10.016057987374342,12.845001206930704,9.44835327258142,9.688373211829507,5.389770177272317,4.6892800041063625,3596.4188314911994,3487.210243590451,376.6669877435941,2.0,1.9777916847459105,2.0,1.9798425079556856,0.0,0.0,0.0,4.131944444444445,8.26388888888889,4.131944444444445,4.992697797105975,9.98539559421195,4.992697797105975,0.45021367521367545,0.030662393162393276,0.030662393162393276,0.0,0.0,0.0,3.8958333333333326,7.791666666666665,3.8958333333333326,6.033611714576463,12.845001206930704,6.033611714576463,0.0,0.0,0.0,0.0,0.0,0.22814814814814827,4.604166666666666,9.586805555555554,4.604166666666666,4.844186605914754,9.688373211829507,4.844186605914754,0.0,0.0,0.0,0.1857638888888889,0.7604166666666667,0.6256597222222224,0.5595486111111112,4.62935351060565,4.62935351060565,88.29897819215869,76.27064485882511,1.7724358974359027,0.1832264957264958,0.0,0.0,0.0,0.0,0.0,0.0,0.0,0.0,0.0,0.0,0.0,0.0,0.0,0.0,0.0,0.31629629629629635,0.0,0.0,4.414974448550807,4.414974448550807,60.834209578743334,49.13946440831744,0.2743055555555555,0.0,0.5371875000000002,0.47107638888888886,0.0,0.0,0.0,0.0,0.0,0.0,3.0483426615912617,1.787913995726496,10.82520540704,1.6014467592592594,23.53349493973429,21.850970549047307,81.15079446531988,84.1123067065059,11,219.6573148148148,198.1591549958645,199.1144373790615,219.43976851851852,198.0251425925779,196.38210347742884,198.24103756491772,219.68135505698007,219.6573148148148,202.4880887089716,196.42729918943294,219.52013888888888,180.0,180.0,219.61111111111111,194.53328712756309,191.20248857284074,190.26676489573867,190.84923621073068,187.21115838757743,180.0,180.0,219.61111111111111,198.40844129420128,201.37458370071369,46.94531077235689,47.59679963346641,43.61916817347139,44.40256210792743,2160.0,423.7075658637307,414.22356883700263
20.650000000000006,0.2013888888888889,0.0,15.037037037037042,0.37847222222222227,23.434294871794894,8.342962962962966,7.02168508771426,8.576120321634908,7.732810979668152,7.310373931623932,7.35740918803419,6.585096400259209,10.347472090252085,3623.315047390594,3523.399764610015,402.8600769373133,2.0,1.9995044661890382,2.0,1.999558567105343,3.51084254385713,3.51084254385713,7.02168508771426,0.0,0.2013888888888889,0.0,0.0,0.0,0.0,10.519444444444447,5.065277777777779,5.065277777777779,3.6637478972130326,3.6637478972130326,7.327495794426065,0.0,0.0,0.0,0.0,0.0,0.0,8.185668899952974,4.069063082455119,4.069063082455119,3.702222222222223,3.702222222222223,7.632592592592595,0.0,0.37847222222222227,0.0,0.0,0.0,0.0,7.310373931623932,3.655186965811966,3.655186965811966,1.5732730821630814,5.868768386548383,8.879414318859318,8.019969874414874,0.7163280137108263,0.7163280137108263,88.45801217894699,74.04967884561336,16.520299145299166,4.7152777777777795,1.0993589743589756,1.0993589743589756,0.0,0.0,0.0,0.0,0.0,0.0,0.0,0.0,0.0,0.0,0.0,0.0,1.8977777777777793,6.445185185185187,0.0,0.0,0.6403703703703704,0.6403703703703704,63.24035516589772,49.16560999547189,9.707101719881715,3.549731415496413,10.268719874414876,9.409275429970426,0.0,0.0,0.0,0.0,0.0,0.0,4.666666666666667,4.666666666666667,21.79292747279028,4.448888888888891,23.59315978176468,22.327390447399456,80.9087109239111,83.10055139012366,12,219.52774525804182,196.698075167877,202.18221138759472,219.6457682938614,193.71327903851065,192.46667531507407,199.31156616114933,218.05555555555554,219.49451794857927,198.50467527669326,198.45671281209655,219.75639700826966,180.0,180.0,218.05555555555554,195.40851156024362,187.708754628774,191.4317992207687,189.18136935862015,193.95390745502726,180.0,180.0,218.05555555555554,192.81052735458132,190.7796108138279,56.72031928307768,56.89071047511979,55.78187772285329,56.003308368058065,2340.0,447.8564053383865,462.59036773113917
2.339418623280229,14.368055555555554,15.58333333333333,0.22814814814814827,18.795138888888886,12.006944444444489,0.31629629629629635,8.041335156830499,9.029999373490057,10.394945676386223,9.675042288438668,10.141751243544006,4.751756670120477,4.607173670654665,3568.443010120235,3546.2947236967216,420.7209314983668,2.0,1.9767277577212348,2.0,1.97905233439616,0.0,1.0150981580489729,0.0,3.5416666666666665,7.284722222222221,3.5416666666666665,4.499668490163832,8.999336980327664,4.499668490163832,0.45021367521367545,0.030662393162393276,1.85854255490416,0.0,0.0,0.12832175925925943,3.8958333333333326,7.791666666666665,3.8958333333333326,4.516917282637556,10.394945676386223,4.516917282637556,0.19839524638149625,0.0,0.0,0.0,0.0,0.22814814814814827,4.604166666666666,9.586805555555554,4.604166666666666,5.070875621772003,10.141751243544006,5.070875621772003,0.0,0.0,0.0,0.0,0.2743055555555555,0.5041319444444445,0.43802083333333325,4.477451114564921,4.477451114564921,107.27011994263562,90.48178660930193,11.823717948717993,0.1832264957264958,0.0,0.0,0.0,0.0,0.0,0.0,0.0,0.0,0.0,0.0,0.0,0.0,0.0,0.0,0.0,0.31629629629629635,0.0,0.0,4.332868115099109,4.332868115099109,83.68413983046764,67.22939466004205,0.2743055555555555,0.0,0.5371875000000002,0.47107638888888886,0.0,0.0,0.0,0.0,0.0,0.0,4.0211932419307885,2.4345265752641216,46.64603626595646,1.6014467592592592,22.56932285782294,23.67899274447958,82.94123296773526,80.61577106244334,13,219.6573148148148,196.69405304653765,201.15347544773405,219.43976851851852,197.81420060936736,196.0930507995039,198.15559330058184,219.44775260829073,219.6573148148148,202.25485395089206,196.5794117904425,219.52013888888888,180.0,180.0,219.61111111111111,195.25546638579644,193.39816138325037,186.12022009940713,188.55642058900503,187.409889163816,180.0,180.0,219.61111111111111,199.5530018605213,201.1845715566184,46.90490290052187,47.561255125221564,43.0014173895001,43.938372808500276,2520.0,420.05513957250963,491.47521442259443
23.19753235617535,0.2013888888888889,0.0,15.037037037037042,0.37847222222222227,45.15224358974368,17.240740740740744,7.226419614128778,8.678487584842168,8.024241685185865,7.392638888888889,7.398541666666668,8.80679611929895,12.06179611929895,3539.596774484608,3459.9893137737677,445.5790173649369,2.0,2.0,2.0,2.0,3.613209807064389,6.200696985512787,7.226419614128778,0.0,0.2013888888888889,0.0,0.0,0.0,0.0,10.519444444444447,5.065277777777779,7.6128101339531264,3.7310999152365314,3.7310999152365314,7.590521589732322,0.0,0.0,0.0,0.0,0.5833333333333333,0.0,7.663643967353137,3.7098084366160013,3.7098084366160013,3.702222222222223,3.702222222222223,7.632592592592595,0.0,0.37847222222222227,0.0,0.0,0.0,0.0,7.392638888888889,3.6963194444444447,3.6963194444444447,4.266245281871697,8.80679611929895,11.742624622799443,10.504476807602517,0.0,0.0,102.3298988169365,83.16156548360276,31.238247863247953,7.048611111111113,3.432692307692309,3.432692307692309,0.0,0.0,0.0,0.0,0.0,0.0,0.0,0.0,0.0,0.0,0.0,0.0,4.231111111111113,8.77851851851852,2.1155555555555563,2.1155555555555563,0.0,0.0,81.40365639307304,62.56891122264756,12.06179611929895,5.893745281871697,13.960230575672332,11.747949029824735,0.0,0.0,0.0,0.0,0.0,0.0,16.219911190648745,14.32408798613711,56.316628110400906,12.663948212514258,21.803823708350972,21.452981524803505,84.35215408227914,84.5843786731577,14,219.52504660992017,194.33006557489685,205.83333333333246,219.6403709976181,194.3528615198404,192.97517528284928,199.7892428049852,218.05555555555554,219.49333514358904,198.00396378345354,198.58067808674778,219.7540313982892,180.0,180.0,220.0,199.56170893116447,190.95697148710565,190.83475004755212,187.9811572633829,194.132486200196,180.0,180.0,219.67981481481482,197.2414960891999,193.911868963907,58.36133051151109,58.439741006056124,58.00479508794346,58.06291864697116,2700.0,438.93958869254845,572.2002303679157
10.10768758336853,12.98611111111111,15.58333333333333,0.22814814814814827,18.795138888888886,33.72489316239323,0.31629629629629635,7.165750732446401,7.80660830249964,7.420605971003275,9.048101575391584,8.825369817449836,2.9197812017530214,3.4020353950391877,3565.934253372402,3494.920450633863,491.42203179903913,2.0,1.9882274596538632,2.0,1.9889798966718868,0.0,5.924202358158938,0.03125,3.2465277777777777,6.493055555555555,3.2465277777777777,3.8879729546686237,7.775945909337247,3.8879729546686237,1.8382478632478696,0.030662393162393276,8.238777326958267,0.0,0.0,0.28906250000000006,3.8958333333333326,7.791666666666665,3.8958333333333326,3.1846548373534893,7.420605971003275,3.1846548373534893,0.14756944444444448,0.0,0.0,0.0,0.0,0.22814814814814827,4.604166666666666,9.586805555555554,4.604166666666666,4.412684908724918,8.825369817449836,4.412684908724918,0.03125,0.0,0.0,0.050168378654288526,0.48922564619746595,6.10502939087023,2.48688157567331,2.4305555555555554,2.4305555555555554,113.33217163069047,91.78383829735665,33.541666666666735,0.1832264957264958,0.0,0.0,0.0,0.0,0.0,0.0,0.0,0.0,0.0,0.0,0.0,0.0,0.0,0.0,0.0,0.31629629629629635,0.0,0.0,3.4020353950391877,3.4020353950391877,96.35050716620783,75.13576199578233,0.0,0.0,8.803125776041197,4.2108442301935725,0.0,0.0,0.0,0.0,0.0,0.0,29.237028428921832,25.054964297675344,64.15647297469239,18.126277515505535,22.53461001347459,22.056509218118446,83.07265690757916,83.63074805796732,15,219.61111111111111,194.1922620528895,200.76388888888798,219.40104166666666,197.8842197899334,196.27356166749362,198.69705045093482,219.39279513888889,219.61111111111111,200.23754740412136,196.61768901466567,219.48141203703702,180.0,180.0,219.61111111111111,192.50852083294743,194.61591770507317,188.6481054946627,188.1805916447738,188.95331478379754,180.0,180.0,219.62298363651462,196.97421623524838,198.32281469997207,50.14620782617,50.65417824774787,47.676196489571154,47.93149164669268,2880.0,416.01919085008706,555.5702259142842
34.83295750465757,0.0,0.0,8.037037037037042,3.0694444444444446,71.53685897435896,17.240740740740744,7.878730900382719,9.747302292451021,7.477418161950098,7.468970408116642,5.889406862336001,12.852296869417149,13.000656124654284,3577.8338784081934,3517.874725181706,524.4135331726499,2.0,2.0,2.0,2.0,3.8312705772250215,9.893725550152153,7.878730900382719,0.0,0.0,0.0,0.0,0.8507539374482211,0.0,14.93482905982907,5.065277777777779,14.832850667050725,3.9177141203703707,3.9177141203703707,8.221712962962965,0.0,0.0,0.0,0.0,0.0,0.0,7.1194080831594535,3.5597040415797268,3.5597040415797268,1.36888888888889,1.36888888888889,5.299259259259261,0.7673611111111112,1.5347222222222223,0.7673611111111112,1.2196236981110447,3.022580729555423,1.2196236981110447,5.481985598894487,1.4979372438916883,1.4979372438916883,5.74543813807756,12.852296869417149,22.54246386334185,16.54431604814491,0.0,0.0,102.4875441486785,78.55921081534463,57.622863247863236,7.048611111111113,3.432692307692309,3.432692307692309,0.0,0.0,0.0,0.0,0.0,0.0,0.0,0.0,0.0,0.0,0.0,0.0,4.231111111111113,8.77851851851852,2.1155555555555563,2.1155555555555563,0.0,0.0,87.5378877712858,63.94314260086024,13.000656124654284,6.10904924918867,26.58995647387143,19.61767492802381,0.0,0.0,0.0,0.0,0.0,0.0,39.0839826622033,31.466557072940844,71.36915370370038,21.90359678649752,22.654429049908895,22.419351318504578,82.72206529224712,82.85264858687282,16,218.8905952534981,194.26821679959096,207.0138888888879,218.05555555555554,195.6380102806368,194.10908408425874,201.0349084738855,218.05555555555554,218.05555555555554,196.79262241306847,194.19943814251306,216.1111111111111,180.0,180.0,219.2101595063142,198.8852350781895,192.1765848547101,200.3842637417537,194.95783447572893,197.5330135747244,180.0,180.0,219.67981481481482,198.63841942453146,189.40472469680162,58.363379926167575,58.44158692759604,57.97947763501622,58.007033971210596,3060.0,441.30297464733775,656.9368022798137
18.507307915709994,12.98611111111111,15.58333333333333,0.22814814814814827,18.795138888888886,60.10950854700853,0.31629629629629635,7.055471410775148,7.586049659157133,6.399647153168612,9.052229647069161,8.97579223749479,2.747638888888875,3.374490740740741,3642.1849563611886,3570.9666710501224,563.6073610851306,2.0,1.9877520418498054,2.0,1.9884939978778868,0.0,5.394581860882685,0.03125,3.2465277777777777,6.493055555555555,3.2465277777777777,3.7776936329973703,7.5553872659947405,3.7776936329973703,6.2536324786324915,0.030662393162393276,12.22301304391511,0.0,0.0,0.19444444444444448,3.8958333333333326,7.791666666666665,3.8958333333333326,2.8355640141146012,6.399647153168612,2.8355640141146012,0.0,0.0,0.0,0.0,0.0,0.22814814814814827,4.604166666666666,9.586805555555554,4.604166666666666,4.416812980402496,8.97579223749479,4.416812980402496,0.03125,0.0,0.0,0.0,0.17708333333333331,16.277516223059692,7.899368407862676,2.5705555555555417,2.5705555555555417,114.3939109632281,88.08557762989417,59.92628205128204,0.1832264957264958,0.0,0.0,0.0,0.0,0.0,0.0,0.0,0.0,0.0,0.0,0.0,0.0,0.0,0.0,0.0,0.31629629629629635,0.0,0.0,3.374490740740741,3.374490740740741,102.30916701358635,76.33442184316074,0.0,0.0,20.950867170236776,11.598585624389184,0.0,0.0,0.0,0.0,0.0,0.0,42.84432581170594,33.975104081487856,69.86094984465605,19.14359678649753,25.303476582087654,24.69549795502811,77.87486731090121,78.69342573699883,17,219.61111111111111,193.74096212979126,199.2905997042334,219.40104166666666,196.06437138259327,195.0014841157203,197.92940953384772,219.53732638888889,219.61111111111111,199.94740792585472,196.03858937855318,219.48141203703702,180.0,180.0,219.61111111111111,192.0698747468963,193.51320604143893,188.44386436013912,188.51905958655604,190.28014130728928,180.0,180.0,219.61111111111111,196.92070371102423,198.76275602255234,50.1609734295639,50.6615268426179,47.25369662048566,47.50042263201175,3240.0,419.32301565941293,627.0849292588541
37.35346176186386,0.2013888888888889,0.0,15.037037037037042,0.37847222222222227,96.75480769230784,17.240740740740744,8.04754699387261,10.421359211920127,8.507336790456076,7.914294684386477,7.7584851586910215,11.771854820035479,12.804831008088588,3575.876323166165,3491.2039403461486,587.8046906781692,2.0,2.0,2.0,2.0,3.81999456441546,8.508069027623138,7.914294684386476,0.0,0.2013888888888889,0.0,0.13325230948613281,1.5360868697268886,0.13325230948613281,14.683547008547027,5.065277777777779,17.604636975539055,4.021746588675791,4.021746588675791,8.429777899573804,0.0,0.0,0.0,0.0,0.0,0.0,8.971180403560568,4.485590201780284,4.485590201780284,3.702222222222223,3.702222222222223,7.632592592592595,0.0,0.37847222222222227,0.0,0.0,0.23626837205333856,0.0,7.914294684386477,3.81999456441546,3.81999456441546,5.841393252713438,11.771854820035479,31.52645676079855,20.76830894560147,0.0,0.0,105.34501103716957,76.65667770383561,82.84081196581211,7.048611111111113,3.432692307692309,3.432692307692309,0.0,0.0,0.0,0.0,0.0,0.0,0.0,0.0,0.0,0.0,0.0,0.0,4.231111111111113,8.77851851851852,2.1155555555555563,2.1155555555555563,0.0,0.0,94.00482095889373,65.65007578846807,12.804831008088588,6.20500436382455,38.68874158892564,26.95646004307805,0.0,0.0,0.0,0.0,0.0,0.0,57.85039546597939,47.7293775857614,82.23274599465579,30.26359678649744,23.559656062231188,22.65641579342821,80.85767600225289,82.23524134675026,18,219.31597222222223,193.07242855181548,205.83333333333206,219.61111111111111,195.39086171911336,193.90771612478423,201.54003805233944,218.05555555555554,219.30374081397335,197.51835165129847,198.93310185185115,219.61111111111111,180.0,180.0,220.0,200.00913293104256,191.88186222249976,199.22848185565087,194.31161160726793,196.3519835956306,180.0,180.0,219.68488373059932,198.5080451198903,189.02422350837102,58.36088615066228,58.43925621485447,57.99961271509093,58.05040736921006,3420.0,437.7806706096438,735.4366784489348
17.970401394542,14.368055555555554,17.319444444444443,0.22814814814814827,18.795138888888886,82.99412393162429,0.31629629629629635,7.73479341000508,9.255581603806775,8.98560694164237,9.027086276123095,8.783339218912857,2.916666666666667,4.47431712962963,3636.0353392965585,3565.973652074711,624.5309423484549,2.0,1.985904565453946,2.0,1.9867904655801794,0.0,5.879659546738386,0.03125,3.5416666666666665,7.284722222222221,3.5416666666666665,4.161876743338414,9.224919210644382,4.161876743338414,1.3356837606837817,0.030662393162393276,16.60405524069583,0.0,0.0,0.38628472222222227,4.249999999999999,8.819444444444445,4.249999999999999,4.24974791526563,8.98560694164237,4.24974791526563,0.0,0.0,0.0,0.0,0.0,0.22814814814814827,4.604166666666666,9.586805555555554,4.604166666666666,4.391669609456429,8.783339218912857,4.391669609456429,0.03125,0.0,0.0,0.2916666666666667,0.9722222222222223,23.197909944824765,10.059762129627615,1.9444444444444444,1.9444444444444444,118.28917218525139,87.22083885191738,82.81089743589779,0.1832264957264958,0.0,0.0,0.0,0.0,0.0,0.0,0.0,0.0,0.0,0.0,0.0,0.0,0.0,0.0,0.0,0.31629629629629635,0.0,0.0,3.404872685185185,3.404872685185185,108.79949937923551,78.0647542088098,1.0694444444444444,0.34027777777777773,33.450180427849865,19.337898882002225,0.0,0.0,0.0,0.0,0.0,0.0,61.999627513415334,50.62681348319718,80.72454214465587,27.50359678649745,25.964308796046804,24.799953046604845,76.58671192160969,78.45000629967538,19,219.61111111111111,192.2126115824596,198.292233259391,219.40104166666666,198.1815566025297,195.49461989894914,198.5243903340716,219.44140625,219.61111111111111,200.30707476705868,196.64573816918096,219.48141203703702,180.0,180.0,219.61111111111111,193.46056578933172,194.5449135336487,187.64916531423845,189.70988750447358,190.37764170349655,180.0,180.0,219.61111111111111,196.55138155429157,198.31317852042747,48.57202231591455,49.11264485494843,47.297042956045466,47.55320269770564,3600.0,425.26788061495466,702.7127682156697
39.46984859827917,0.2013888888888889,0.3194444444444445,15.037037037037042,0.37847222222222227,119.25053418803472,17.240740740740744,7.707832797457232,10.071136429015844,10.055388349564485,9.26572802336312,8.622706046726243,11.622526826299318,13.418853181320811,3578.789181370721,3489.9813466260794,649.1627872546851,2.0,2.0,2.0,2.0,3.6391590568954086,10.624549746666215,7.552623669346373,0.0,0.2013888888888889,0.0,0.15520912811085913,1.3666995943426559,0.15520912811085913,10.519444444444447,5.065277777777779,23.88512637605694,4.209800575062373,4.209800575062373,8.80588587234697,0.0,0.3194444444444445,0.0,0.5833333333333333,1.5555555555555556,0.5833333333333333,8.77624499344867,4.290032218946557,4.290032218946557,3.702222222222223,3.702222222222223,7.632592592592595,0.0,0.37847222222222227,0.0,0.023922467807565406,0.4367338245040197,0.023922467807565406,9.241805555555555,4.48375,4.48375,5.616818968705214,11.622526826299318,37.9000203978038,22.381872582606583,0.0,0.0,109.12694582409041,75.67861249075636,105.33653846153899,7.048611111111113,3.432692307692309,3.432692307692309,0.0,0.0,0.0,0.0,0.0,0.0,0.0,0.0,0.0,0.0,0.0,0.0,4.231111111111113,8.77851851851852,2.1155555555555563,2.1155555555555563,0.0,0.0,100.31761405621856,67.2028688857928,13.418853181320811,5.976117874907652,51.07419927873576,34.58191773288803,0.0,0.0,0.0,0.0,0.0,0.0,77.00569716768878,64.38108698747074,93.09633829465561,38.62359678649745,24.243374794902177,22.763633707394376,79.5306278680656,82.00042284249682,20,219.31597222222223,193.56989423934746,205.83333333333175,219.61111111111111,195.1287550953681,195.86968892531488,200.07528364051572,219.61111111111111,219.22743055555557,198.10850386513326,198.51128987303449,219.61111111111111,180.0,180.0,220.0,200.2484181905827,192.63401228434847,198.72896929500067,194.47266731815773,195.87233467533608,180.0,180.0,219.67981481481482,198.57511812585,189.08993712482922,58.36086327972496,58.43933069793681,57.997945259404496,58.051604535572146,3780.0,442.3509132543391,806.2871875349554
21.884711778860183,14.368055555555554,17.319444444444443,1.153703703703704,18.795138888888886,109.37873931624006,0.31629629629629635,7.886529742120603,9.86920964909679,8.521410429109336,8.954995785401078,8.639158237468823,3.3839645475587417,4.305570275447243,3627.674446332717,3565.0886175678115,685.0557364055637,2.0,1.9878751723091765,2.0,1.9885683676806327,0.0,6.768730043523829,0.03125,3.5416666666666665,7.284722222222221,3.5416666666666665,4.313613075453937,9.838547255934397,4.313613075453937,0.45021367521367545,0.030662393162393276,21.403835710484113,0.0,0.0,0.38628472222222227,4.249999999999999,8.819444444444445,4.249999999999999,4.017649658999112,8.521410429109336,4.017649658999112,0.0,0.0,0.0,0.0,0.9255555555555557,0.22814814814814827,4.604166666666666,9.586805555555554,4.604166666666666,4.319579118734412,8.639158237468823,4.319579118734412,0.03125,0.0,0.44791666666666663,0.2916666666666667,1.4395201031142972,33.53426871700764,15.636120901810354,1.9444444444444444,1.9444444444444444,118.64791735648953,82.81958402315543,109.19551282051356,0.1832264957264958,0.0,0.0,0.0,0.0,0.0,0.0,0.0,0.0,0.0,0.0,0.0,0.0,0.0,0.0,0.0,0.31629629629629635,0.0,0.0,3.230582399051104,3.230582399051104,115.12322907732668,79.62848390690087,1.0749878763961394,0.3430494937536252,45.86860119589145,26.996319650043638,0.0,0.0,0.0,0.0,0.0,0.0,80.76604032623582,66.88963399601784,91.5881344446557,35.86359678649739,26.62851553659708,24.89138581890057,75.32089260274628,78.24716857774776,21,219.61111111111111,193.79407235346838,195.63805693520047,219.40104166666666,198.1398243651622,196.28376984072193,198.7314325196073,219.43863453402417,219.61111111111111,200.24712813913942,197.41272102381149,219.48141203703702,180.0,180.0,219.61111111111111,192.13011631648396,195.61659332159073,188.22322809831442,189.79417571266544,191.0350730350276,180.0,180.0,219.61111111111111,196.67218033118257,198.2350469380563,50.20370936722997,50.66687293929354,47.31943046408505,47.55746826474736,3960.0,424.74655727561753,774.9361237008368
42.91191832035331,0.2013888888888889,0.3194444444444445,15.962592592592596,0.37847222222222227,145.6351495726505,17.240740740740744,7.726720551570324,10.198001327602046,10.13948360268839,9.241805555555555,8.673828620578412,11.556198858462668,12.776000454137243,3569.414203611593,3557.4670778669383,715.7786589029292,2.0,2.0,2.0,2.0,3.7681801631630885,10.115811319502695,7.567610326326177,0.0,0.2013888888888889,0.0,0.1591102252441468,1.3645433866611776,0.1591102252441468,10.519444444444447,5.065277777777779,27.32719609813108,4.0671149390867445,4.0671149390867445,8.520514600395712,0.0,0.3194444444444445,0.0,0.5833333333333333,1.6527777777777777,0.5833333333333333,8.839181771647736,4.419590885823868,4.419590885823868,3.702222222222223,4.627777777777778,7.632592592592595,0.0,0.37847222222222227,0.0,0.0,0.3663286205784117,0.0,9.241805555555555,4.605277777777777,5.053194444444444,5.5836549847868895,11.556198858462668,48.217786231264824,27.939638416067456,0.0,0.0,110.82809045023318,72.61975711689902,131.72115384615475,7.048611111111113,3.432692307692309,3.432692307692309,0.0,0.0,0.0,0.0,0.0,0.0,0.0,0.0,0.0,0.0,0.0,0.0,4.231111111111113,8.77851851851852,2.1155555555555563,2.1155555555555563,0.0,0.0,106.74364422484682,68.86889905442095,12.776000454137243,5.785910023435962,63.33052100699352,42.07823946114564,0.0,0.0,0.0,0.0,0.0,0.0,79.52031383050945,65.64390750029143,87.70813444465584,31.983596786497376,29.544946962279276,26.82039133034262,70.11703087478932,74.63636562669673,22,219.31597222222223,194.40689069795602,205.83333333333132,219.61111111111111,195.43269650155025,196.8945912428753,200.66083247680777,219.61111111111111,219.2387106897108,197.58474986461297,200.0643144371008,219.61111111111111,180.0,180.0,220.0,200.31318677754047,192.0024018277671,199.0052956877378,194.44034923020627,196.07524658068544,180.0,180.0,219.67981481481482,198.09323549687468,188.766850345487,58.36656566816289,58.44261714759159,57.95217074158111,57.95640767183098,4140.0,438.6134832710153,878.5315715753936
24.308498440148686,14.368055555555554,17.319444444444443,2.241803604899458,18.795138888888886,135.7633547008556,0.31629629629629635,7.897001712387624,9.866735228204739,8.764707111802945,9.060033143299801,8.84923295326627,3.7594753966647234,3.5049816295709,3332.622351982599,3465.2416118591523,772.3244499572556,2.0,1.989530557454078,2.0,1.9887630966453484,0.0,5.143989253329711,0.03125,3.5416666666666665,7.284722222222221,3.5416666666666665,4.324085045720958,9.836072835042346,4.324085045720958,0.45021367521367545,0.030662393162393276,23.827622371772616,0.0,0.0,0.38628472222222227,4.249999999999999,8.819444444444445,4.249999999999999,4.139298000345917,8.764707111802945,4.139298000345917,0.0,0.0,0.0,0.0,2.0136554567513096,0.22814814814814827,4.604166666666666,9.586805555555554,4.604166666666666,4.424616476633135,8.84923295326627,4.424616476633135,0.03125,0.0,2.8018191516690023,0.2916666666666667,1.3289198411091683,43.84096647692654,21.182818661729122,2.4305555555555554,2.4305555555555554,121.17460078067194,80.58626744733773,135.58012820512909,0.1832264957264958,0.0,0.0,0.0,0.0,0.0,0.0,0.0,0.0,0.0,0.0,0.0,0.0,0.0,0.0,0.0,0.31629629629629635,0.0,0.0,2.4305555555555554,2.4305555555555554,120.40111217108587,80.14636700065995,1.0744260740153448,0.34276859256322795,58.10229733665325,34.47001579080538,0.0,0.0,0.0,0.0,0.0,0.0,82.02886083905659,68.15245450883852,84.94813444465602,29.223596786497385,34.21707167133177,29.61570628434437,62.939605695547634,69.88947768625633,23,219.61111111111111,193.8057815341812,196.9036460057874,219.40104166666666,198.097190337522,196.29296676839283,198.7147139696221,219.43891543521457,219.61111111111111,200.32913573717912,196.68192361619035,219.48141203703702,180.0,180.0,219.61111111111111,192.14301834090915,195.27511709829736,188.2851354469497,189.91061239654408,191.06791644962183,180.0,180.0,219.61111111111111,197.00470793143748,198.29002417439574,50.23556610631785,50.66105103767462,48.9000014871175,47.75881135365968,4320.0,424.81290507891606,847.3976460662678
45.69973045441684,0.0,0.3194444444444445,9.841542558821065,6.118749999999828,173.96420940171038,17.240740740740744,7.51585842681626,9.608935463931319,9.595573640124194,8.828990304634672,7.1763139426026825,13.21965132905371,12.848565637778584,3100.075173664705,3409.413738590288,842.5186735444656,2.0,2.0,2.0,2.0,3.75792921340813,8.191898550558365,7.51585842681626,0.0,0.0,0.0,0.0,0.7857284727454095,0.0,11.213461538461544,5.065277777777779,29.42099113817751,3.9177141203703707,3.9177141203703707,8.221712962962965,0.0,0.3194444444444445,0.0,0.5833333333333333,1.6527777777777777,0.5833333333333333,8.050163483952092,4.025081741976046,4.025081741976046,1.36888888888889,3.1733944106729126,5.299259259259261,0.7673611111111112,4.584027777777606,0.7673611111111112,1.184406971301341,3.5354806092693485,1.184406971301341,6.877222222222221,2.2719444444444443,4.477610924942763,5.567882976019313,13.21965132905371,60.4519826822461,35.413834867048614,0.0,0.0,111.456844639612,68.48851130627774,160.05021367521462,7.048611111111113,3.432692307692309,3.432692307692309,0.0,0.0,0.0,0.0,0.0,0.0,0.0,0.0,0.0,0.0,0.0,0.0,4.231111111111113,8.77851851851852,2.1155555555555563,2.1155555555555563,0.0,0.0,112.08483525945829,69.45009008903232,12.848565637778584,5.788033687501223,75.58249889426062,49.57021734841292,0.0,0.0,0.0,0.0,0.0,0.0,95.78313434332988,81.9067280131118,96.06813444465583,40.34359678649741,36.875120634855094,29.17701435975374,58.52344914250933,70.41238896499394,24,218.8258857636273,193.8492168449905,206.42361111110873,218.05555555555554,195.37370763183966,196.8743621777968,200.1525206393337,219.61111111111111,218.05555555555554,197.16284377687003,198.2922222222205,216.1111111111111,180.0,180.0,219.911427972946,198.4846915123908,191.70342125575596,200.92517082492012,195.72629294944994,197.21871830442282,180.0,180.0,219.95163201443785,201.25999309553617,191.30708769309638,58.420688537844484,58.43986788878168,58.59701500424993,58.06978468234126,4500.0,436.9073939293382,947.8667657398967
28.42109797578443,12.98611111111111,17.319444444444443,3.218372808456595,23.528472222222035,163.31463675213766,0.31629629629629635,6.853030509891024,7.181167857388887,9.156913005709713,8.276696382591723,7.282559431850114,3.6284722222222223,2.8194444444444446,2757.8327639660124,3272.5030054162044,944.1341984972146,2.0,1.9955698890442026,2.0,1.9902603343664411,0.0,2.879025901087071,0.03125,3.2465277777777777,6.493055555555555,3.2465277777777777,3.575252732113247,7.150505464226494,3.575252732113247,2.532264957264966,0.030662393162393276,25.858170625357072,0.0,0.0,0.0,4.249999999999999,8.819444444444445,4.249999999999999,4.384012058410412,9.156913005709713,4.384012058410412,0.0,0.0,0.0,0.0,2.9902246603084466,0.22814814814814827,4.604166666666666,14.320138888888701,4.604166666666666,3.641279715925057,7.282559431850114,3.641279715925057,0.03125,0.0,5.260894503849586,0.2916666666666667,0.9722222222222223,54.981218464351414,27.563070649153858,2.65625,2.65625,122.83476130627874,77.48642797294444,163.13141025641116,0.1832264957264958,0.0,0.0,0.0,0.0,0.0,0.0,0.0,0.0,0.0,0.0,0.0,0.0,0.0,0.0,0.0,0.31629629629629635,0.0,0.0,1.9444444444444444,1.9444444444444444,124.55134640183849,79.53660123141246,0.875,0.24305555555555552,70.28529987693138,41.89301833108391,0.0,0.0,0.0,0.0,0.0,0.0,98.29168135187702,84.41527502165894,93.308134444656,37.583596786497345,45.70823667699386,33.413975050368876,46.75422905251464,64.09467700292045,25,219.61111111111111,193.76929855692336,197.7916666666642,219.40104166666666,199.00504209472726,197.19127243086055,197.3317683739026,219.82810766610984,219.61111111111111,198.7975985397248,196.3412809665844,219.48141203703702,180.0,180.0,219.61111111111111,192.71393544210693,194.14724582152508,189.7632440439044,191.96148883413716,192.95861595137444,180.0,180.0,219.61111111111111,197.89677810533266,200.08175688756728,54.18775799033838,50.703931646004825,52.48199863753729,49.178065257320014,4680.0,409.6708221233607,914.812996497401
52.18617979488458,0.0,0.3194444444444445,19.598372808456592,7.354112705514826,201.12660256410356,17.240740740740744,9.353418680244369,9.525716849201023,10.007476825328133,9.241805555555555,8.185972222222222,10.02316901763508,11.896692505943331,2651.5137835913956,3095.1164863247127,1058.9476643670691,2.0,2.0,2.0,2.0,4.460439071423244,6.625704880822141,9.353418680244369,0.0,0.0,0.0,0.0,0.0,0.0,15.628846153846167,5.065277777777779,31.49205586326063,4.4162055778981415,4.4162055778981415,8.832411155796283,0.0,0.3194444444444445,0.0,0.816206188598571,2.021301266086031,0.816206188598571,7.139939962687921,3.5699699813439607,3.5699699813439607,3.702222222222223,8.263557993641774,7.632592592592595,0.0,7.354112705514826,0.0,0.0,0.0,0.0,9.241805555555555,4.48375,13.120954410737113,5.01158450881754,10.02316901763508,70.58115925346434,40.78301143826675,0.0,0.0,112.95052519516769,65.22219186183334,187.2126068376078,7.048611111111113,3.432692307692309,3.432692307692309,0.0,0.0,0.0,0.0,0.0,0.0,0.0,0.0,0.0,0.0,0.0,0.0,4.231111111111113,8.77851851851852,2.1155555555555563,2.1155555555555563,0.0,0.0,117.66963727130305,70.27489210087695,11.896692505943331,5.948346252971666,85.32335981231616,54.55107826646896,0.0,0.0,0.0,0.0,0.0,0.0,112.0459548561503,98.16954852593223,104.42813444465581,48.703596786497414,51.72821471641679,35.2218390028124,37.07753835619497,60.7289687484319,26,218.73263888888889,196.35197989770174,205.96285594588988,218.05555555555554,200.12131265008384,198.38202071740233,201.49664923498733,219.61111111111111,219.43265821587468,198.98418963738868,202.85452937217994,219.63267754286045,180.0,180.0,219.02777777777777,201.34600727098734,195.4646895633589,201.56331760605957,192.9056911140132,197.92982944833935,180.0,180.0,220.0,202.73264744704676,195.83118729142703,59.27259421972109,58.47453734489671,58.331009171083664,58.55640048189757,4860.0,409.34495447546743,1030.9455890222437
33.12744429824982,12.98611111111111,17.319444444444443,7.931706141789911,28.2430015944037,189.69925213675307,0.31629629629629635,6.172654126208138,5.820415090023113,6.649498123017351,8.284544431352572,7.29825552937181,2.6562499999999996,1.4583333333333333,2864.588358791166,2776.954823342232,1166.0178446642376,2.0,1.9911769300851643,2.0,1.9948862958870641,0.0,2.3846944935694467,0.03125,3.2465277777777777,6.493055555555555,3.2465277777777777,2.89487634843036,5.78975269686072,2.89487634843036,6.947649572649592,0.030662393162393276,26.149132332437834,0.0,0.0,0.0,4.249999999999999,8.819444444444445,4.249999999999999,3.130304617064231,6.649498123017351,3.130304617064231,0.0,0.0,0.0,0.0,7.703557993641763,0.22814814814814827,4.604166666666666,19.034668261070372,4.604166666666666,3.649127764685905,7.29825552937181,3.649127764685905,0.03125,0.0,14.13797190383854,0.0,0.0,63.926069192422574,31.747921377224937,2.6562499999999996,2.6562499999999996,125.4453917154581,75.3370583821237,189.51602564102657,0.1832264957264958,0.0,0.0,0.0,0.0,0.0,0.0,0.0,0.0,0.0,0.0,0.0,0.0,0.0,0.0,0.0,0.31629629629629635,0.0,0.0,1.4583333333333333,1.4583333333333333,128.81211603936862,79.03737086894245,0.0,0.0,79.26958095722189,46.11729941137489,0.0,0.0,0.0,0.0,0.0,0.0,144.5545018646974,100.67809553447937,131.66813444465575,45.94359678649735,50.39516018959445,42.83422708128279,39.57389136390144,50.27726334423119,27,219.61111111111111,193.81685849773046,199.15328343091517,219.40104166666666,199.5685539980818,198.23827996499594,197.84536142598057,219.85581313917208,219.61111111111111,198.89365149502055,198.22222222222018,219.48141203703702,180.0,180.0,219.90277777777777,194.20606828116982,193.86318300375763,189.7071792544241,190.2178001656901,191.4845927129994,180.0,180.0,219.8370882188405,198.78343838713263,199.28564819414163,52.6219308048839,52.743097536378315,48.45187592819548,52.78088810811354,5040.0,402.91398077770924,983.216520840871
33.160361742362255,0.0,0.06944444444444448,13.411150586234472,0.9435996138279936,203.2767094017101,11.018518518518519,7.757976015133666,7.136680315259142,8.459384732157737,7.828611111111112,6.309861111111111,9.461590994156488,11.382476430955506,3496.761036328661,2613.678348310053,1183.7651345824934,2.0,2.0,2.0,2.0,3.878988007566833,4.50859220217152,7.757976015133666,0.0,0.0,0.0,0.0,0.0,0.0,7.049358974359002,3.257692307692309,22.853310460310947,3.1689104467357443,3.1689104467357443,6.337820893471489,0.0,0.06944444444444448,0.0,0.5260750603922226,1.441039009673334,0.5260750603922226,7.698870551497318,3.849435275748659,3.849435275748659,2.3955555555555557,6.214113549197435,4.801481481481481,0.0,0.9435996138279936,0.0,0.0,0.0,0.0,7.828611111111112,3.914305555555556,17.809492935815502,4.499892719300466,8.999785438600933,65.61190607045314,31.893758255255573,0.4618055555555555,0.4618055555555555,116.85938052435681,60.436459856239956,194.39209401709473,4.442307692307692,2.221153846153846,2.221153846153846,0.0,0.0,0.0,0.0,0.0,0.0,0.0,0.0,0.0,0.0,0.0,0.0,2.7377777777777776,5.542962962962963,1.3688888888888888,1.3688888888888888,0.0,0.0,112.89335542340142,61.57861025297542,11.382476430955506,5.691238215477753,84.69678814921161,50.0045066033647,0.0,0.0,0.0,0.0,0.0,0.0,179.55555555555554,95.45373656012057,171.2948011113224,55.57026345316407,36.54081876778671,48.69552847000462,57.80791709201799,40.79850213918524,28,219.61014289529913,198.37772771046227,209.0053088206166,219.60223023504273,201.49596890784866,200.16974083591077,207.86430827682733,219.61111111111111,219.75173611111111,203.8098898663421,200.16666666666444,220.0,180.0,180.0,219.61111111111111,205.13906269753423,194.7047577738852,200.03834252967346,193.0380133046539,196.3664416157515,180.0,180.0,220.0,200.25759342346862,197.69380798692177,58.013452534042074,59.47717887912565,57.9112517894342,58.36734840292403,5220.0,381.44757988295925,953.6160912055518
0.0,3.819444444444445,5.0,0.0,5.416666666666668,160.61858974358987,0.0,3.7217818614831746,5.533841500744127,10.007020121848596,5.3666390674641615,8.02494480159499,4.589172665560493,1.4459693479014433,3945.0110704452627,2679.1755116679947,1132.0363735104943,2.0,1.9773289055927572,2.0,1.9926217606832162,0.0,0.0,0.0,0.9548611111111113,1.9097222222222225,0.9548611111111113,2.7669207503720634,5.533841500744127,2.7669207503720634,0.0,0.0,0.0,0.0,0.0,0.0,1.25,2.5,1.25,4.809065616479853,10.007020121848596,4.809065616479853,0.0,0.0,0.0,0.0,0.0,0.0,1.354166666666667,2.708333333333334,1.354166666666667,4.012472400797495,8.02494480159499,4.012472400797495,0.0,0.0,0.0,0.0,0.0,52.58044270095389,0.0,4.589172665560493,4.589172665560493,121.44350527699531,58.095485872201124,160.61858974358987,0.0,0.0,0.0,0.0,0.0,0.0,0.0,0.0,0.0,0.0,0.0,0.0,0.0,0.0,0.0,0.0,0.0,0.0,0.0,1.2515249034569988,1.2515249034569988,114.95585668575278,56.09964373733767,0.19444444444444448,0.0,66.51662819579005,23.880773662114525,0.0,0.0,0.0,0.0,0.0,0.0,179.2792307032554,104.56480533025376,179.22309367883813,64.0814744992472,31.37475037662617,44.79632723732828,65.01595429686974,37.26134665601535,29,219.82638888888889,210.15141699437166,203.7871075480452,219.78979700854703,208.08596503142073,207.76899522662976,209.33679725865167,219.95008680555557,220.0,211.89963843924755,203.82880938782554,219.90925925925927,180.0,180.0,219.90277777777777,205.86259265103214,192.43339861987621,194.448891909652,198.48331509358246,195.5640331425078,180.0,180.0,219.61111111111111,204.01507423741188,207.24256595475921,42.973514247921294,53.774952512394236,46.75413544916706,49.29022750112041,5400.0,286.7205411958125,727.0456005278123
5.923076923076924,0.0,0.0,4.355555555555557,0.0,141.64100189304582,4.977777777777778,3.1834237235213623,3.0724810925299124,4.894402596019474,3.604150737161602,2.8909642574696903,0.4877620346281978,9.444989053392122,2649.253745041037,2979.939886074451,954.8690002361277,2.0,1.9999686244488508,2.0,1.9998657621177531,1.5917118617606811,1.5917118617606811,3.1834237235213623,0.0,0.0,0.0,0.0,0.0,0.0,2.961538461538462,1.480769230769231,1.480769230769231,1.6590288653150844,1.6590288653150844,3.318057730630169,0.0,0.0,0.0,0.6092592592592594,1.6074074074074076,0.6092592592592594,3.4545170483033663,1.627966323296982,1.627966323296982,1.0888888888888892,1.0888888888888892,2.1777777777777785,0.0,0.0,0.0,0.0,0.0,0.0,3.604150737161602,1.802075368580801,1.802075368580801,0.0,0.0,38.37837119179732,0.0,0.4877620346281978,0.4877620346281978,103.83098554409044,37.233693242039486,141.62286324786288,0.0,0.01813864518295724,0.0,0.0,0.0,0.0,0.0,0.0,0.0,0.0,0.0,0.0,0.0,0.0,0.0,1.2444444444444445,2.488888888888889,0.6222222222222222,0.6222222222222222,0.0,0.0,86.78016867217312,22.549536885475717,9.444989053392122,4.6478417489182835,63.73104207647147,17.71317936890632,0.0,0.0,0.0,0.0,0.0,0.0,180.0,77.95091466028138,180.0,58.71268553258056,19.545073221037757,37.73503192482986,78.59400692601662,48.317879411413735,30,219.81904380341882,210.3676924083445,213.0514891603359,219.81169871794873,205.57658548389517,206.2260115306903,211.57757052072336,219.61111111111111,219.88715277777777,208.67150014207593,211.85973012365574,220.0,180.0,180.0,219.14573159312562,200.3426536713302,190.72203102761617,196.14258781309331,204.0863549448516,202.61150263802827,180.0,180.0,219.96489042066577,199.37771768319246,203.23392976067126,58.70601658249642,57.19824963455976,58.04238465862947,58.22002786560831,5580.0,262.7290095424643,571.9303840054263
0.0,3.819444444444445,5.0,0.0,5.416666666666668,103.18269230769194,0.0,3.418343100232007,4.926963978241791,9.30730609922309,4.617905833711472,6.5274783340896105,2.5837574695629364,1.7986252295611296,2236.409048660014,2735.2590068603604,768.4923093800803,2.0,1.9962335012689258,2.0,1.9866616326246729,0.0,0.0,0.0,0.9548611111111113,1.9097222222222225,0.9548611111111113,2.4634819891208957,4.926963978241791,2.4634819891208957,0.0,0.0,0.0,0.0,0.0,0.0,1.25,2.5,1.25,4.459208605167101,9.30730609922309,4.459208605167101,0.0,0.0,0.0,0.0,0.0,0.0,1.354166666666667,2.708333333333334,1.354166666666667,3.2637391670448053,6.5274783340896105,3.2637391670448053,0.0,0.0,0.0,0.0,0.0,0.0,0.0,2.5837574695629364,2.5837574695629364,101.11749572356862,33.82020342151771,103.18269230769194,0.0,0.0,0.0,0.0,0.0,0.0,0.0,0.0,0.0,0.0,0.0,0.0,0.0,0.0,0.0,0.0,0.0,0.0,0.0,1.649319674005574,1.649319674005574,74.6409232442173,9.710291457519823,0.14930555555555552,0.0,37.530497205501725,0.0,0.0,0.0,0.0,0.0,0.0,0.0,172.45359979957684,46.30800462287795,171.26666666666642,57.2898643971837,13.90960187209235,26.451305472402233,87.5137607609241,66.50869419842294,31,219.94791666666666,212.66436963461098,211.086582561287,219.8505608974359,210.29146111647532,210.69813844154172,211.44387385307934,219.93794960826213,219.94791666666666,212.46638379189145,211.6343128213362,219.88321759259262,180.0,180.0,219.9391392718331,210.67787929040753,191.1788194444413,198.94845944236388,206.50396990661392,200.33550247166318,180.0,180.0,219.61111111111111,204.57599893676502,210.74585183970316,55.64514441130006,49.4050380674263,52.45298828718373,47.94011763754146,5760.0,227.38065241016446,423.9882822480409
5.923076923076924,0.0,0.0,4.355555555555557,0.0,79.52029914529899,4.977777777777778,3.028774422397385,2.9951564419679233,4.40922365192346,2.962949614138907,2.570363695958343,1.1091886425969848,7.890880049906296,2105.8161807051147,2465.9130239560322,590.078845437369,2.0,1.9999356505175774,2.0,1.999938273155307,1.5143872111986925,1.5143872111986925,3.028774422397385,0.0,0.0,0.0,0.0,0.0,0.0,2.961538461538462,1.480769230769231,1.480769230769231,1.5669582494197605,1.5669582494197605,3.133916498839521,0.0,0.0,0.0,0.5060838312900864,1.4010565514690618,0.5060838312900864,2.8824177020692767,1.4412088510346384,1.4412088510346384,1.0888888888888892,1.0888888888888892,2.1777777777777785,0.0,0.0,0.0,0.0,0.0,0.0,2.962949614138907,1.4814748070694534,1.4814748070694534,0.0,0.0,0.0,0.0,1.1091886425969848,1.1091886425969848,83.6411498369542,15.643857534903395,79.52029914529899,0.0,0.0,0.0,0.0,0.0,0.0,0.0,0.0,0.0,0.0,0.0,0.0,0.0,0.0,0.0,1.2444444444444445,2.488888888888889,0.6222222222222222,0.6222222222222222,0.0,0.0,39.63606328030802,0.0,7.890880049906296,3.8707872471753704,31.169374027075676,4.385393623587684,0.0,0.0,0.0,0.0,0.0,0.0,140.4896951806582,13.644100003959396,164.3999999999997,14.479990122113726,12.191041599662118,19.94237552014375,91.06661279262991,79.28615194108372,32,219.86285348223825,212.36282113918483,213.08175787365386,219.89931807558762,207.1734623617549,207.8483072601059,211.9478092771967,219.61111111111111,219.88715277777777,209.846463436832,211.88280628399494,220.0,180.0,180.0,219.91136429398148,209.16555117888953,196.78259179529516,201.0354594992372,206.44899815438407,204.23660577983242,180.0,180.0,219.96244936342592,203.74198124871893,206.27429691857233,58.555952096242045,58.589169363122835,58.78040210011223,58.508322733913595,5940.0,219.4462239594401,309.6619329757533
0.0,3.819444444444445,5.0,0.0,5.416666666666668,41.08012820512813,0.0,2.608198483722648,3.306674745223073,6.111703747457635,3.9130253803323507,5.1177174273313675,2.4662418724265835,1.6971765778205228,2094.5822337764625,1376.1569581435463,404.8022902567826,2.0,1.9964226127662053,2.0,1.997513421120759,0.0,0.0,0.0,0.9548611111111113,1.9097222222222225,0.9548611111111113,1.6533373726115366,3.306674745223073,1.6533373726115366,0.0,0.0,0.0,0.0,0.0,0.0,1.25,2.5,1.25,2.861407429284373,6.111703747457635,2.861407429284373,0.0,0.0,0.0,0.0,0.0,0.0,1.354166666666667,2.708333333333334,1.354166666666667,2.5588587136656837,5.1177174273313675,2.5588587136656837,0.0,0.0,0.0,0.0,0.0,0.0,0.0,2.4662418724265835,2.4662418724265835,80.80257724096654,12.105284938915842,41.08012820512813,0.0,0.0,0.0,0.0,0.0,0.0,0.0,0.0,0.0,0.0,0.0,0.0,0.0,0.0,0.0,0.0,0.0,0.0,0.0,1.5478710222649672,1.5478710222649672,27.31112555917159,3.7937043555983,0.14930555555555552,0.0,4.242238515343031,0.0,0.0,0.0,0.0,0.0,0.0,0.0,94.02292412429573,0.6390993863807094,155.66666666666612,0.7811342592592594,12.071290005852838,7.165857036507035,91.42649815253372,100.74668271737575,33,219.8134259259259,212.56519678048096,211.5751640681196,219.78331552706553,211.03253611536223,211.94725868842846,212.41304555004018,219.81371239285392,219.8134259259259,212.8357656335616,212.3612306993412,219.81597222222223,180.0,180.0,219.75331855579483,211.74980295939318,191.1788194444411,199.4059597282636,207.9861392976133,201.13950089722098,180.0,180.0,219.61111111111111,207.64291018180663,211.87585359350075,55.66837020378428,55.858386752497,52.68752439154795,54.59752187498175,6120.0,202.74736899760063,220.43200422230848
5.923076923076924,0.0,0.0,4.355555555555557,0.0,22.0844017094016,4.977777777777778,2.9364289619797854,2.9489837117591238,3.4981499511407037,2.987742827671507,2.5827603027246426,0.3046869400999245,8.10363893292517,2093.530019438901,1120.2508310075673,344.3954081343959,2.0,1.9999839133228547,2.0,1.999985809048322,1.4682144809898927,1.4682144809898927,2.9364289619797854,0.0,0.0,0.0,0.0,0.0,0.0,2.961538461538462,1.480769230769231,1.480769230769231,1.4426630577949298,1.4426630577949298,2.8853261155898595,0.0,0.0,0.0,0.12314814814814817,0.6351851851851853,0.12314814814814817,2.840603416321177,1.4203017081605884,1.4203017081605884,1.0888888888888892,1.0888888888888892,2.1777777777777785,0.0,0.0,0.0,0.0,0.0,0.0,2.987742827671507,1.4938714138357534,1.4938714138357534,0.0,0.0,0.0,0.0,0.3046869400999245,0.3046869400999245,58.49530713185927,0.8880202734332577,22.0844017094016,0.0,0.0,0.0,0.0,0.0,0.0,0.0,0.0,0.0,0.0,0.0,0.0,0.0,0.0,0.0,1.2444444444444445,2.488888888888889,0.6222222222222222,0.6222222222222222,0.0,0.0,0.0,0.0,8.10363893292517,3.9771666886848074,4.671916677675738,4.438583344342404,0.0,0.0,0.0,0.0,0.0,0.0,66.40804217191962,2.5149624806521897,133.88027292988662,0.4628661512658967,12.043018087441448,5.598204470934944,91.44080695450813,102.2913100802643,34,219.86285348223825,212.9025306174119,213.38401611365825,219.89931807558762,208.44880281264034,209.07801097055938,212.4886577183031,219.61111111111111,219.8458965169347,211.24924325356724,212.14202857288302,219.91748747831383,180.0,180.0,219.8119449491861,209.46884043523335,199.60796869016093,203.6809262560196,208.7538246125942,206.1050265655362,180.0,180.0,219.9746021412037,208.76188858954492,210.03579128128254,59.03741772394749,59.0767949827285,58.78186397049763,59.22898443361152,6300.0,191.84109338244568,142.7065030195385
0.0,3.819444444444445,5.0,0.0,5.416666666666668,0.0,0.0,2.479876909285193,3.050031596348163,4.4586364683644835,3.3522221900385856,3.996111046743837,1.4329165376182291,1.656724010778442,2093.7728405229723,1136.9133591036305,252.0490289706501,2.0,1.996662873221001,2.0,1.9985552060020693,0.0,0.0,0.0,0.9548611111111113,1.9097222222222225,0.9548611111111113,1.5250157981740815,3.050031596348163,1.5250157981740815,0.0,0.0,0.0,0.0,0.0,0.0,1.25,2.5,1.25,2.034873789737797,4.4586364683644835,2.034873789737797,0.0,0.0,0.0,0.0,0.0,0.0,1.354166666666667,2.708333333333334,1.354166666666667,1.9980555233719186,3.996111046743837,1.9980555233719186,0.0,0.0,0.0,0.0,0.0,0.0,0.0,1.4329165376182291,1.4329165376182291,50.82325134847151,4.155138759840453,0.0,0.0,0.0,0.0,0.0,0.0,0.0,0.0,0.0,0.0,0.0,0.0,0.0,0.0,0.0,0.0,0.0,0.0,0.0,0.0,1.5074184552228864,1.5074184552228864,3.967140677445108,3.753251788556219,0.14930555555555552,0.0,0.0,0.0,0.0,0.0,0.0,0.0,0.0,0.0,24.018440297746018,0.6185376995084604,86.01713777976987,0.7811342592592594,12.061203069533908,5.537536482200167,91.45037739384638,104.37258396219626,35,219.8134259259259,212.31720778292612,212.09115537288716,219.78331552706553,211.71608744036305,211.97917570425705,212.77077972045484,219.85286458333334,219.7613425925926,212.72086686134418,212.7460305468456,219.78993055555557,180.0,180.0,219.92148482776912,211.87237700855096,206.36279187450552,201.10815277441907,209.20075961879422,202.13707046809643,180.0,180.0,219.61111111111111,208.4042072517216,212.14029995936585,56.149786193598246,56.32170053764657,52.68843185135907,56.132288660333714,6480.0,172.55020736737706,105.58553856068626
5.923076923076924,0.0,0.0,4.355555555555557,0.0,1.7051282051282064,4.977777777777778,2.9651536550341033,2.963346058286283,3.077153347787384,3.0497400770603518,2.613758927419065,0.6531747315468222,4.021568713645643,2031.4050048012352,1076.9875231064111,178.90307956096356,2.0,1.9999841722333394,2.0,1.9999856133153557,1.4825768275170517,1.4825768275170517,2.9651536550341033,0.0,0.0,0.0,0.0,0.0,0.0,2.961538461538462,1.480769230769231,1.480769230769231,1.4916844397548703,1.4916844397548703,2.9833688795097406,0.0,0.0,0.0,0.0,0.0,0.0,3.170937816065027,1.5854689080325135,1.5854689080325135,1.0888888888888892,1.0888888888888892,2.1777777777777785,0.0,0.0,0.0,0.0,0.0,0.0,3.0497400770603518,1.5248700385301759,1.5248700385301759,0.0,0.5673138222723775,0.9584951222347622,0.7251617889014284,0.08586090927444465,0.08586090927444465,23.686305444018206,0.4747497981633335,1.7051282051282064,0.0,0.0,0.0,0.0,0.0,0.0,0.0,0.0,0.0,0.0,0.0,0.0,0.0,0.0,0.0,1.2444444444444445,2.488888888888889,0.6222222222222222,0.6222222222222222,0.0,0.0,0.0,0.0,4.021568713645643,1.9621732457117107,3.6644199561891893,3.431086622855856,0.0,0.0,0.0,0.0,0.0,0.0,3.342948717948719,3.342948717948718,36.198582356691446,0.46280715199095956,11.646767799973281,5.297769847416725,91.73505994563703,103.43648230512716,36,219.8600875686891,213.15927259141984,213.6302837862727,219.8937862484893,211.66984499867974,212.23947959791127,212.91152288309962,219.86401353276352,219.84600883677004,211.50630520766046,212.3870651540024,219.9177121179845,180.0,180.0,218.05555555555554,209.2287319543,209.80575470456745,207.74663098520438,209.1596589717047,209.81832445188905,180.0,180.0,219.9746021412037,209.7159178046683,210.6050508176603,59.04497717899137,59.07413479035519,58.84011490269246,59.27466892437398,6660.0,160.06556854502116,80.96293564941831
1.480769230769231,0.0,0.0,1.088888888888889,0.0,1.7051282051282064,3.7333333333333343,0.5995761548803346,0.669980385132475,0.22785811592062793,0.5995761548803346,0.5720102996623895,0.9562943731807652,1.7758268396875674,1525.3561585992884,1107.2241605929469,114.66529500493711,2.0,1.999985529275518,2.0,1.9999857297532302,0.2997880774401673,0.2997880774401673,0.5995761548803346,0.0,0.0,0.0,0.0,0.0,0.0,0.7403846153846155,0.37019230769230776,0.37019230769230776,0.13381525268664132,0.13381525268664132,0.26763050537328265,0.0,0.0,0.0,0.0,0.0,0.0,0.18808572646797322,0.09404286323398661,0.09404286323398661,0.27222222222222225,0.27222222222222225,0.5444444444444445,0.0,0.0,0.0,0.0,0.0,0.0,0.5995761548803346,0.2997880774401673,0.2997880774401673,0.0,0.8694888176252096,1.0340388710729698,0.8007055377396364,0.08680555555555555,0.08680555555555555,0.5145833333333334,0.4756944444444444,1.7051282051282064,0.0,0.0,0.0,0.0,0.0,0.0,0.0,0.0,0.0,0.0,0.0,0.0,0.0,0.0,0.0,0.9333333333333336,1.8666666666666671,0.4666666666666668,0.4666666666666668,0.0,0.0,0.0,0.0,1.7758268396875674,0.6934689753993394,2.388401154366336,2.1939567099218915,0.0,0.0,0.0,0.0,0.0,0.0,3.342948717948718,3.342948717948718,0.5600694444444445,0.5211805555555555,7.952577444153009,5.409750309170145,97.93209288109323,104.11403413216696,37,219.903367053953,209.48308123382526,211.04005644297527,219.9803452190171,210.3836082841013,210.6356825704425,210.69042965296524,219.92509465401977,219.8473641159188,209.60133283751054,210.70105363393844,218.76399394011548,180.0,180.0,218.05555555555554,209.11300572012445,210.33534532026016,208.36820066741052,210.05031263438272,208.89001928464708,180.0,180.0,219.94357638888889,210.8817371912158,210.220394739662,59.07766215237211,59.07850081486407,58.97718008982438,59.28176228702182,6840.0,150.00857568609717,22.237632536025348
5.923076923076924,0.0,2.5,0.0,2.7083333333333335,4.038461538461539,0.0,2.550383202295136,2.755960831916799,0.39679006633197533,2.1677390626202437,2.9813114585738205,1.9964130183193602,1.1957075161366162,1180.745671109832,1118.640929023259,94.81169418061256,2.0,1.999262866908677,2.0,1.9993434025416095,1.275191601147568,1.275191601147568,2.550383202295136,0.0,0.0,0.0,0.0,0.0,0.0,2.961538461538462,1.480769230769231,1.480769230769231,0.0,0.0,0.0,0.625,1.25,0.625,0.19839503316598767,0.39679006633197533,0.19839503316598767,0.0,0.0,0.0,0.0,0.0,0.0,0.6770833333333334,1.3541666666666667,0.6770833333333334,1.4906557292869103,2.9813114585738205,1.4906557292869103,0.0,0.0,0.0,0.8037620647152357,1.9964130183193602,1.7046588101353959,1.5685476990242846,0.0,0.0,0.0,0.0,2.0192307692307696,1.0096153846153848,0.5048076923076924,0.5048076923076924,0.0,0.0,0.0,0.0,0.0,0.0,0.0,0.0,0.0,0.0,0.0,0.0,0.0,0.0,0.0,0.0,1.0876345994699497,1.0876345994699497,3.547356821692172,3.3334679328032824,0.10807291666666663,0.0,0.0,0.0,0.0,0.0,0.0,0.0,0.0,0.0,0.6882418283194038,0.649352939430515,0.6969399961966768,0.6580511073077879,5.962614534738836,5.556430140825699,99.9013821294089,102.18718211866593,38,219.31116452991455,212.93690795588165,214.62759565559927,218.79594017094018,211.09309761432885,209.86565041512733,211.60474250860136,219.8929309116809,219.3572896961897,210.5582338010884,210.9930228662109,219.58790410735412,180.0,180.0,219.77391178412716,210.9570861256651,209.4564150839722,208.66985085536385,211.01057116009036,210.11720576295463,180.0,180.0,219.61111111111111,212.08643636644348,213.16237380722333,59.51728591079497,59.54107532432513,56.180210795502944,56.39590093946165,7020.0,143.47104436317454,42.264389711569954
0.0,3.819444444444445,5.0,0.0,5.416666666666668,0.0,0.0,2.409808259015635,2.909894295809048,3.1377291554041684,3.2327055266171074,3.757077719900881,1.125479712698705,1.556585593218649,1161.6982357788181,1099.9062672294071,91.33742550993362,2.0,1.9984293472263668,2.0,1.9985740764728408,0.0,0.0,0.0,0.9548611111111113,1.9097222222222225,0.9548611111111113,1.454947147904524,2.909894295809048,1.454947147904524,0.0,0.0,0.0,0.0,0.0,0.0,1.25,2.5,1.25,1.5688645777020842,3.1377291554041684,1.5688645777020842,0.0,0.0,0.0,0.0,0.0,0.0,1.354166666666667,2.708333333333334,1.354166666666667,1.8785388599504405,3.757077719900881,1.8785388599504405,0.0,0.0,0.0,0.0,0.0,0.0,0.0,1.125479712698705,1.125479712698705,4.11992415714315,3.847701934920928,0.0,0.0,0.0,0.0,0.0,0.0,0.0,0.0,0.0,0.0,0.0,0.0,0.0,0.0,0.0,0.0,0.0,0.0,0.0,0.0,1.556585593218649,1.556585593218649,4.016307815440871,3.802418926551982,0.0,0.0,0.0,0.0,0.0,0.0,0.0,0.0,0.0,0.0,0.6823317307692308,0.6434428418803418,0.6496764723136861,0.6107875834247971,5.737175321849815,5.363792974881147,101.86977188433265,104.26300884020021,39,219.9085525806166,212.37951569191245,212.9849762145234,219.83087885441088,212.5651715297019,212.78096146709342,212.88089341705646,219.9424514509576,219.9085525806166,213.9864436415016,213.2730145874287,219.8635355495676,180.0,180.0,219.81527777777777,212.297469820936,210.31182868902363,209.4253525490491,210.19101439570733,211.1128064772573,180.0,180.0,219.79947713023753,212.02140698820878,213.24319030549978,56.13780705928067,56.31951309521462,56.00134336980117,56.20373603693318,7200.0,136.4507612549785,54.995996899230946
5.923076923076924,0.0,0.0,4.355555555555557,0.0,1.7051282051282064,4.977777777777778,2.01520799988071,2.488373230709586,2.8445696905314177,2.3842832921216375,2.281030534949708,0.6096527817219854,3.334316321067311,1126.117622810877,1064.8592041497043,94.23487614992723,2.0,1.9999844529044055,2.0,1.9999855805487154,1.007603999940355,1.007603999940355,2.01520799988071,0.0,0.0,0.0,0.0,0.0,0.0,2.961538461538462,1.480769230769231,1.480769230769231,1.295156899607897,1.295156899607897,2.590313799215794,0.0,0.0,0.0,0.0,0.0,0.0,3.098825581847042,1.549412790923521,1.549412790923521,1.0888888888888892,1.0888888888888892,2.1777777777777785,0.0,0.0,0.0,0.0,0.0,0.0,2.3842832921216375,1.1921416460608187,1.1921416460608187,0.0,0.49274739086821895,0.9398535143837223,0.7065201810503889,0.11690539085376656,0.11690539085376656,0.5446831686315443,0.5057942797426555,1.7051282051282064,0.0,0.0,0.0,0.0,0.0,0.0,0.0,0.0,0.0,0.0,0.0,0.0,0.0,0.0,0.0,1.2444444444444445,2.488888888888889,0.6222222222222222,0.6222222222222222,0.0,0.0,0.0,0.0,3.334316321067311,1.6671581605336554,3.516912413600161,3.2835790802668274,0.0,0.0,0.0,0.0,0.0,0.0,3.342948717948718,3.342948717948718,0.5275275039818292,0.4886386150929403,5.591707034434468,5.224954387588627,101.39759285979669,103.61609932536092,40,219.84578987510633,213.17437813568273,214.06567571228038,219.86519086132375,212.02417301652702,212.45689576791764,212.99971668556404,219.86401353276352,219.85336009837962,212.69585805611953,212.86969393432872,219.9324146412037,180.0,180.0,218.05555555555554,209.4058623062477,209.9769903685493,208.97883485647046,210.55081695929684,210.08962512131825,180.0,180.0,219.9746021412037,212.12527615359082,212.46387884642007,59.03317822512661,59.07371136124304,59.23128814666722,59.28365472890337,7380.0,144.63669137445746,52.36417509952085
0.0,3.819444444444445,5.0,0.0,5.416666666666668,0.0,0.0,2.4798095453336444,3.049896868445066,3.008473934240276,2.852042363301626,2.9957513932699182,1.2836163664135594,1.3869036876716843,1159.045055123109,1098.0971416995612,90.7327084557341,2.0,1.998440491651031,2.0,1.998586313607223,0.0,0.0,0.0,0.9548611111111113,1.9097222222222225,0.9548611111111113,1.524948434222533,3.049896868445066,1.524948434222533,0.0,0.0,0.0,0.0,0.0,0.0,1.25,2.5,1.25,1.504236967120138,3.008473934240276,1.504236967120138,0.0,0.0,0.0,0.0,0.0,0.0,1.354166666666667,2.708333333333334,1.354166666666667,1.4978756966349591,2.9957513932699182,1.4978756966349591,0.0,0.0,0.0,0.0,0.0,0.0,0.0,1.2836163664135594,1.2836163664135594,4.278060810858005,4.005838588635783,0.0,0.0,0.0,0.0,0.0,0.0,0.0,0.0,0.0,0.0,0.0,0.0,0.0,0.0,0.0,0.0,0.0,0.0,0.0,0.0,1.3869036876716843,1.3869036876716843,3.8466259098939064,3.6327370210050174,0.0,0.0,0.0,0.0,0.0,0.0,0.0,0.0,0.0,0.0,0.6457971164510616,0.6069082275621728,0.644943905328843,0.6060550164399541,5.702076151940403,5.333575766975994,102.16655652996678,104.54782370890261,41,219.8296607905983,212.02417984969128,212.97889865644046,219.7914329594017,213.68457480361403,213.24415924360656,213.21115299226778,219.95008680555557,219.8296607905983,213.34772667414776,213.47166154010532,219.8240896545584,180.0,180.0,219.92705974041624,212.33731486535885,210.50201216912242,209.0097588314866,210.32735802407137,209.36858456616872,180.0,180.0,219.8990718482906,211.96001289514206,212.79401754015052,56.139493679335466,56.32031057679871,56.01019950159424,56.21652821217702,7560.0,136.13680925928816,53.448657941584834
5.923076923076924,0.0,0.0,4.355555555555557,0.0,1.7051282051282064,4.977777777777778,2.1538535878729896,2.557696024705726,2.9015950396480346,2.452083598830856,2.314930688304317,0.4885509317952374,3.247493754628976,1124.2758057645974,1062.9299898451884,94.02383295193148,2.0,1.9999844353788332,2.0,1.9999855661474581,1.0769267939364948,1.0769267939364948,2.1538535878729896,0.0,0.0,0.0,0.0,0.0,0.0,2.961538461538462,1.480769230769231,1.480769230769231,1.3441359453217936,1.3441359453217936,2.688271890643587,0.0,0.0,0.0,0.0,0.0,0.0,3.1149181886524815,1.5574590943262407,1.5574590943262407,1.0888888888888892,1.0888888888888892,2.1777777777777785,0.0,0.0,0.0,0.0,0.0,0.0,2.452083598830856,1.226041799415428,1.226041799415428,0.0,0.4155795680458503,0.9205615586781304,0.6872282253447966,0.07297136374938712,0.07297136374938712,0.500749141527165,0.461860252638276,1.7051282051282064,0.0,0.0,0.0,0.0,0.0,0.0,0.0,0.0,0.0,0.0,0.0,0.0,0.0,0.0,0.0,1.2444444444444445,2.488888888888889,0.6222222222222222,0.6222222222222222,0.0,0.0,0.0,0.0,3.247493754628976,1.623746877314488,3.495206771990577,3.261873438657243,0.0,0.0,0.0,0.0,0.0,0.0,3.342948717948718,3.342948717948718,0.501704538608881,0.462815649719992,5.581847462295847,5.214889347302998,101.407560737726,103.62615713994272,42,219.8536006182725,213.2265580421173,213.98683058877694,219.8808123476561,212.3814665772426,212.58655294044183,213.07866230504155,219.86401353276352,219.84597840859828,212.75350789139154,212.8009029454117,219.917651261641,180.0,180.0,218.05555555555554,209.3866125707826,210.37965129001398,208.80298241078373,210.5090366319722,209.69000911002163,180.0,180.0,219.9746021412037,212.1716362181049,212.52019268831012,59.03291258052948,59.07352373019314,59.234012357724914,59.28645778651224,7740.0,144.58420138338465,52.54003530986257
0.0,3.819444444444445,5.0,0.0,5.416666666666668,0.0,0.0,2.4795424352808557,3.049362648339489,2.9844439076555798,2.847056647467296,2.985779961601258,1.2693752894564945,1.375000208104916,1159.403986024604,1098.4753093184293,90.75932013650615,2.0,1.998440503969204,2.0,1.9985861848645736,0.0,0.0,0.0,0.9548611111111113,1.9097222222222225,0.9548611111111113,1.5246813241697446,3.049362648339489,1.5246813241697446,0.0,0.0,0.0,0.0,0.0,0.0,1.25,2.5,1.25,1.4922219538277899,2.9844439076555798,1.4922219538277899,0.0,0.0,0.0,0.0,0.0,0.0,1.354166666666667,2.708333333333334,1.354166666666667,1.492889980800629,2.985779961601258,1.492889980800629,0.0,0.0,0.0,0.0,0.0,0.0,0.0,1.2693752894564945,1.2693752894564945,4.26381973390094,3.991597511678718,0.0,0.0,0.0,0.0,0.0,0.0,0.0,0.0,0.0,0.0,0.0,0.0,0.0,0.0,0.0,0.0,0.0,0.0,0.0,0.0,1.375000208104916,1.375000208104916,3.8347224303271377,3.620833541438249,0.0,0.0,0.0,0.0,0.0,0.0,0.0,0.0,0.0,0.0,0.6469740882694945,0.6080851993806058,0.6431744599222265,0.6042855710333377,5.703781221422281,5.335346903270789,102.16720039444562,104.54930129198752,43,219.8296607905983,212.03873987858285,212.95935367911875,219.7914329594017,213.67147150999233,213.2841142063441,213.1825115191334,219.95008680555557,219.8296607905983,213.3504524430214,213.4554094021453,219.8240896545584,180.0,180.0,219.92230404955973,212.3197316435804,210.49441001047367,209.03115600185936,210.33580827512338,209.37982629227474,180.0,180.0,219.9062352289049,211.95123743042114,212.78544055372444,56.13957941013573,56.32036528620198,56.00983756875062,56.215891304964025,7920.0,136.0347909053433,53.27500835877163
5.923076923076924,0.0,0.0,4.355555555555557,0.0,1.7051282051282064,4.977777777777778,2.1742057995007165,2.5678721305195893,2.903534019650067,2.4694772454542084,2.3236275116159932,0.4931441618343809,3.2546588878607308,1124.3845757621998,1063.0442646614947,94.03397159910467,2.0,1.999984436651272,2.0,1.9999855672661793,1.0871028997503582,1.0871028997503582,2.1742057995007165,0.0,0.0,0.0,0.0,0.0,0.0,2.961538461538462,1.480769230769231,1.480769230769231,1.3449623852038899,1.3449623852038899,2.6899247704077798,0.0,0.0,0.0,0.0,0.0,0.0,3.1171432688923537,1.5585716344461769,1.5585716344461769,1.0888888888888892,1.0888888888888892,2.1777777777777785,0.0,0.0,0.0,0.0,0.0,0.0,2.4694772454542084,1.2347386227271042,1.2347386227271042,0.0,0.4223374478669324,0.9222510286334009,0.6889176953000675,0.0708067139674485,0.0708067139674485,0.49858449174522634,0.45969560285633737,1.7051282051282064,0.0,0.0,0.0,0.0,0.0,0.0,0.0,0.0,0.0,0.0,0.0,0.0,0.0,0.0,0.0,1.2444444444444445,2.488888888888889,0.6222222222222222,0.6222222222222222,0.0,0.0,0.0,0.0,3.2546588878607308,1.6273294439303654,3.496998055298515,3.2636647219651818,0.0,0.0,0.0,0.0,0.0,0.0,3.342948717948718,3.342948717948718,0.5017050979033445,0.4628162090144556,5.582478108879633,5.215525888448863,101.40643042279298,103.62490703092116,44,219.85361837527716,213.22713466692582,214.0012346937098,219.8808478616654,212.383914184072,212.58653169948656,213.08003488368342,219.86401353276352,219.84597910435477,212.75525056057901,212.81529267844945,219.91765265315402,180.0,180.0,218.05555555555554,209.38198998846676,210.37397033860466,208.81442364690912,210.51661217194663,209.69821531540777,180.0,180.0,219.9746021412037,212.171384380342,212.5205533532034,59.03293298089219,59.07353918171349,59.233789265612955,59.28622693813616,8100.0,144.62862959034248,52.639091433440235
0.0,3.819444444444445,5.0,0.0,5.416666666666668,0.0,0.0,2.47958616351502,3.0494501048078178,2.985767427616595,2.847318450778695,2.9863035682240553,1.2693802553922673,1.3750101703364643,1159.3942724455733,1098.4675227609596,90.75862290848892,2.0,1.9984405646678618,2.0,1.9985862278897142,0.0,0.0,0.0,0.9548611111111113,1.9097222222222225,0.9548611111111113,1.5247250524039089,3.0494501048078178,1.5247250524039089,0.0,0.0,0.0,0.0,0.0,0.0,1.25,2.5,1.25,1.4928837138082975,2.985767427616595,1.4928837138082975,0.0,0.0,0.0,0.0,0.0,0.0,1.354166666666667,2.708333333333334,1.354166666666667,1.4931517841120276,2.9863035682240553,1.4931517841120276,0.0,0.0,0.0,0.0,0.0,0.0,0.0,1.2693802553922673,1.2693802553922673,4.263824699836713,3.991602477614491,0.0,0.0,0.0,0.0,0.0,0.0,0.0,0.0,0.0,0.0,0.0,0.0,0.0,0.0,0.0,0.0,0.0,0.0,0.0,0.0,1.3750101703364643,1.3750101703364643,3.8347323925586863,3.6208435036697972,0.0,0.0,0.0,0.0,0.0,0.0,0.0,0.0,0.0,0.0,0.6470012749139883,0.6081123860250994,0.6433611458760513,0.6044722569871624,5.703705346518879,5.335281908110049,102.16757533300225,104.54967788398037,45,219.8296607905983,212.03825676381524,212.95974247437366,219.7914329594017,213.67197002495823,213.284217859534,213.18281260321135,219.95008680555557,219.8296607905983,213.34993361678434,213.45557551032178,219.8240896545584,180.0,180.0,219.92219773837923,212.32057444128534,210.4920222241556,209.0354591600542,210.3363523562788,209.3818348671464,180.0,180.0,219.90578193984933,211.9517799389718,212.78354541955142,56.139577257813656,56.32036463625037,56.00997738031956,56.215993626433445,8280.0,136.03483511337137,53.2789372375452
5.923076923076924,0.0,0.0,4.355555555555557,0.0,1.7051282051282064,4.977777777777778,2.1533018522137817,2.557420156876122,2.903440708415098,2.44856437030002,2.313171074038899,0.49299567890487894,3.2545833004821056,1124.377843705012,1063.0375828207073,94.03342292754313,2.0,1.9999844365529835,2.0,1.9999855671831324,1.0766509261068908,1.0766509261068908,2.1533018522137817,0.0,0.0,0.0,0.0,0.0,0.0,2.961538461538462,1.480769230769231,1.480769230769231,1.3449025026587165,1.3449025026587165,2.689805005317433,0.0,0.0,0.0,0.0,0.0,0.0,3.1170764115127625,1.5585382057563812,1.5585382057563812,1.0888888888888892,1.0888888888888892,2.1777777777777785,0.0,0.0,0.0,0.0,0.0,0.0,2.44856437030002,1.22428218515001,1.22428218515001,0.0,0.42218888502354424,0.9222138879225541,0.6888805545892203,0.0708067938813347,0.0708067938813347,0.4985845716591125,0.45969568277022355,1.7051282051282064,0.0,0.0,0.0,0.0,0.0,0.0,0.0,0.0,0.0,0.0,0.0,0.0,0.0,0.0,0.0,1.2444444444444445,2.488888888888889,0.6222222222222222,0.6222222222222222,0.0,0.0,0.0,0.0,3.2545833004821056,1.6272916502410528,3.496979158453859,3.2636458251205256,0.0,0.0,0.0,0.0,0.0,0.0,3.342948717948718,3.342948717948718,0.5017050835881209,0.4628161946992321,5.582443480880109,5.215491936364903,101.40644839264188,103.62491878083516,46,219.85361784123714,213.22724658342608,213.99054743365966,219.8808467935854,212.38433594968586,212.58706737168052,213.0799556409696,219.86401353276352,219.84597909946984,212.75530859058227,212.8046060033798,219.91765264338417,180.0,180.0,218.05555555555554,209.3817892141085,210.37417996253424,208.81434998573286,210.51645597921916,209.69804609627246,180.0,180.0,219.9746021412037,212.1710707092822,212.52072828176745,59.03293135120782,59.07353796863967,59.23380212307929,59.286240134399634,8460.0,144.5652172926974,52.554710844251325
0.0,3.819444444444445,5.0,0.0,5.416666666666668,0.0,0.0,2.4795901591007863,3.04945809597935,2.985671422716856,2.8473158650068076,2.986298396680281,1.2693455767588595,1.3749752977353547,1159.3584563816848,1098.4300082296336,90.75582141545495,2.0,1.9984406420495073,2.0,1.9985863136203086,0.0,0.0,0.0,0.9548611111111113,1.9097222222222225,0.9548611111111113,1.524729047989675,3.04945809597935,1.524729047989675,0.0,0.0,0.0,0.0,0.0,0.0,1.25,2.5,1.25,1.492835711358428,2.985671422716856,1.492835711358428,0.0,0.0,0.0,0.0,0.0,0.0,1.354166666666667,2.708333333333334,1.354166666666667,1.4931491983401406,2.986298396680281,1.4931491983401406,0.0,0.0,0.0,0.0,0.0,0.0,0.0,1.2693455767588595,1.2693455767588595,4.263790021203305,3.9915677989810834,0.0,0.0,0.0,0.0,0.0,0.0,0.0,0.0,0.0,0.0,0.0,0.0,0.0,0.0,0.0,0.0,0.0,0.0,0.0,0.0,1.3749752977353547,1.3749752977353547,3.8346975199575764,3.6208086310686873,0.0,0.0,0.0,0.0,0.0,0.0,0.0,0.0,0.0,0.0,0.6470019931544918,0.608113104265603,0.6433591956910817,0.6044703068021928,5.703533308259838,5.3351034615721415,102.1675761644506,104.54963769179813,47,219.8296607905983,212.0382772497767,212.9597593084841,219.7914329594017,213.67199371478733,213.2842007921128,213.1828159144154,219.95008680555557,219.8296607905983,213.3499463387364,213.45559728176795,219.8240896545584,180.0,180.0,219.92219530730316,212.32055520030974,210.4946269195957,209.03279891138206,210.33507598013836,209.3805466210231,180.0,180.0,219.90578160619535,211.95149808932467,212.78602471753513,56.13957405869762,56.320362245732554,56.01016418071628,56.21620670239947,8640.0,136.03487262614118,53.278472662063166
5.923076923076924,0.0,0.0,4.355555555555557,0.0,1.7051282051282064,4.977777777777778,2.153298671725732,2.557418566632097,2.9034597859015965,2.4485592488097256,2.313168513293752,0.4930282257223806,3.254582411621891,1124.375425388886,1063.0350755871955,94.03320671503162,2.0,1.9999844365655215,2.0,1.9999855671905242,1.076649335862866,1.076649335862866,2.153298671725732,0.0,0.0,0.0,0.0,0.0,0.0,2.961538461538462,1.480769230769231,1.480769230769231,1.3449203811761161,1.3449203811761161,2.6898407623522322,0.0,0.0,0.0,0.0,0.0,0.0,3.1170788094509607,1.5585394047254804,1.5585394047254804,1.0888888888888892,1.0888888888888892,2.1777777777777785,0.0,0.0,0.0,0.0,0.0,0.0,2.4485592488097256,1.2242796244048628,1.2242796244048628,0.0,0.42222139607848086,0.9222220156862881,0.6888886823529548,0.07080682964389975,0.07080682964389975,0.49858460742167754,0.4596957185327887,1.7051282051282064,0.0,0.0,0.0,0.0,0.0,0.0,0.0,0.0,0.0,0.0,0.0,0.0,0.0,0.0,0.0,1.2444444444444445,2.488888888888889,0.6222222222222222,0.6222222222222222,0.0,0.0,0.0,0.0,3.254582411621891,1.6272912058109454,3.4969789362388055,3.2636456029054717,0.0,0.0,0.0,0.0,0.0,0.0,3.342948717948718,3.342948717948718,0.5017050839948545,0.46281619510596567,5.582430120101945,5.215478270423193,101.40646706576366,103.62493386519424,48,219.85361786495247,213.2271666403973,213.99055954381194,219.88084684101602,212.3843068382263,212.58703493593057,213.07995531039995,219.86401353276352,219.8459791012362,212.75528021569662,212.80461821235664,219.91765264691685,180.0,180.0,218.05555555555554,209.3820997804787,210.37418053226088,208.8144650733507,210.51655525756783,209.69806996328427,180.0,180.0,219.9746021412037,212.17140143262552,212.52072733068354,59.03293159413883,59.07353812137852,59.233804060729646,59.28624219538345,8820.0,144.56457490676135,52.55481768215287
0.0,3.819444444444445,5.0,0.0,5.416666666666668,0.0,0.0,2.479589541779782,3.049456861337342,2.985671761241696,2.847314888009204,2.9862964426850738,1.2693474778253953,1.374977200425045,1159.3583624211687,1098.4299164708445,90.75581280921925,2.0,1.9984406422945036,2.0,1.9985863138390958,0.0,0.0,0.0,0.9548611111111113,1.9097222222222225,0.9548611111111113,1.524728430668671,3.049456861337342,1.524728430668671,0.0,0.0,0.0,0.0,0.0,0.0,1.25,2.5,1.25,1.492835880620848,2.985671761241696,1.492835880620848,0.0,0.0,0.0,0.0,0.0,0.0,1.354166666666667,2.708333333333334,1.354166666666667,1.4931482213425369,2.9862964426850738,1.4931482213425369,0.0,0.0,0.0,0.0,0.0,0.0,0.0,1.2693474778253953,1.2693474778253953,4.26379192226984,3.9915697000476187,0.0,0.0,0.0,0.0,0.0,0.0,0.0,0.0,0.0,0.0,0.0,0.0,0.0,0.0,0.0,0.0,0.0,0.0,0.0,0.0,1.374977200425045,1.374977200425045,3.8346994226472666,3.6208105337583776,0.0,0.0,0.0,0.0,0.0,0.0,0.0,0.0,0.0,0.0,0.6470020000108685,0.6081131111219797,0.6433590864010906,0.6044701975122018,5.7035327726123874,5.335102945690753,102.16757726290722,104.54963868498105,49,219.8296607905983,212.0382784730871,212.95976381062033,219.7914329594017,213.67199563080055,213.28420175127292,213.1828173520022,219.95008680555557,219.8296607905983,213.34994849408056,213.45560385577537,219.8240896545584,180.0,180.0,219.92219477091444,212.3205565061379,210.49462740413173,209.03280425109904,210.33507642032367,209.3805449009381,180.0,180.0,219.90578100737596,211.95149990677652,212.78602560808181,56.13957407420201,56.320362256724316,56.010164729155775,56.216207215358274,9000.0,136.0348483428986,53.27848217686332
5.923076923076924,0.0,0.0,4.355555555555557,0.0,1.7051282051282064,4.977777777777778,2.1532981328896446,2.5574182972140536,2.903459677116418,2.448558942982211,2.313168360379995,0.4930278408223301,3.254582122240805,1124.3753508280904,1063.0350019502007,94.03320004621267,2.0,1.9999844365646124,2.0,1.9999855671897258,1.0766490664448223,1.0766490664448223,2.1532981328896446,0.0,0.0,0.0,0.0,0.0,0.0,2.961538461538462,1.480769230769231,1.480769230769231,1.3449203006186288,1.3449203006186288,2.6898406012372575,0.0,0.0,0.0,0.0,0.0,0.0,3.1170787529955786,1.5585393764977893,1.5585393764977893,1.0888888888888892,1.0888888888888892,2.1777777777777785,0.0,0.0,0.0,0.0,0.0,0.0,2.448558942982211,1.2242794714911056,1.2242794714911056,0.0,0.42222105162300294,0.9222219295724183,0.6888885962390849,0.07080678919932717,0.07080678919932717,0.49858456697710496,0.4596956780882161,1.7051282051282064,0.0,0.0,0.0,0.0,0.0,0.0,0.0,0.0,0.0,0.0,0.0,0.0,0.0,0.0,0.0,1.2444444444444445,2.488888888888889,0.6222222222222222,0.6222222222222222,0.0,0.0,0.0,0.0,3.254582122240805,1.6272910611204026,3.496978863893534,3.2636455305602006,0.0,0.0,0.0,0.0,0.0,0.0,3.342948717948718,3.342948717948718,0.5017050839820413,0.4628161950931524,5.5824297027637595,5.215477854164657,101.40646775515427,103.62493447882267,50,219.85361787323419,213.2271668788375,213.9905596902838,219.88084685757943,212.38430862608482,212.5870365065633,213.07995572901729,219.86401353276352,219.84597910146493,212.75528023801036,212.80461824437808,219.91765264737433,180.0,180.0,218.05555555555554,209.38210005182214,210.3741824292714,208.81446287971795,210.51655493491916,209.6980692170273,180.0,180.0,219.9746021412037,212.17140130033908,212.52072901682362,59.03293157941888,59.07353811016137,59.23380421317442,59.28624235257934,9180.0,144.56456722132089,52.554814300461274
0.0,3.819444444444445,5.0,0.0,5.416666666666668,0.0,0.0,2.47958954564094,3.0494568690596573,2.9856708691532012,2.847314875758974,2.9862964181846143,1.2693473972759106,1.3749771216357674,1159.3583529200578,1098.4299072065842,90.7558117891245,2.0,1.998440642308147,2.0,1.998586313852351,0.0,0.0,0.0,0.9548611111111113,1.9097222222222225,0.9548611111111113,1.5247284345298286,3.0494568690596573,1.5247284345298286,0.0,0.0,0.0,0.0,0.0,0.0,1.25,2.5,1.25,1.4928354345766006,2.9856708691532012,1.4928354345766006,0.0,0.0,0.0,0.0,0.0,0.0,1.354166666666667,2.708333333333334,1.354166666666667,1.4931482090923072,2.9862964181846143,1.4931482090923072,0.0,0.0,0.0,0.0,0.0,0.0,0.0,1.2693473972759106,1.2693473972759106,4.263791841720356,3.9915696194981347,0.0,0.0,0.0,0.0,0.0,0.0,0.0,0.0,0.0,0.0,0.0,0.0,0.0,0.0,0.0,0.0,0.0,0.0,0.0,0.0,1.3749771216357674,1.3749771216357674,3.8346993438579893,3.6208104549691003,0.0,0.0,0.0,0.0,0.0,0.0,0.0,0.0,0.0,0.0,0.647001840630109,0.60811295174122,0.6433590834324274,0.6044701945435387,5.703532728591591,5.33510290265374,102.16757720567158,104.5496386016691,51,219.8296607905983,212.0382784758629,212.95976373543252,219.7914329594017,213.67199553518446,213.2842017757539,213.18281731643472,219.95008680555557,219.8296607905983,213.34994852587053,213.45560375956939,219.8240896545584,180.0,180.0,219.92219540843587,212.320556863021,210.49462750279991,209.032804397146,210.33507663077884,209.38054504215143,180.0,180.0,219.90578163145494,211.95150031578083,212.7860256726694,56.139574073059926,56.3203622558377,56.01016477255909,56.21620725917769,9360.0,136.03484376155933,53.27847972177499
5.923076923076924,0.0,0.0,4.355555555555557,0.0,1.7051282051282064,4.977777777777778,2.153298124942108,2.557418293240285,2.9034596303026454,2.4485589422883467,2.3131683600330626,0.49302784843960284,3.2545821311330116,1124.3753518424792,1063.0350030142254,94.03320012618511,2.0,1.9999844365646307,2.0,1.9999855671897415,1.076649062471054,1.076649062471054,2.153298124942108,0.0,0.0,0.0,0.0,0.0,0.0,2.961538461538462,1.480769230769231,1.480769230769231,1.3449202756729828,1.3449202756729828,2.6898405513459656,0.0,0.0,0.0,0.0,0.0,0.0,3.117078709259325,1.5585393546296624,1.5585393546296624,1.0888888888888892,1.0888888888888892,2.1777777777777785,0.0,0.0,0.0,0.0,0.0,0.0,2.4485589422883467,1.2242794711441733,1.2242794711441733,0.0,0.42222105924191156,0.9222219314771458,0.688888598143812,0.07080678919769129,0.07080678919769129,0.49858456697546916,0.4596956780865802,1.7051282051282064,0.0,0.0,0.0,0.0,0.0,0.0,0.0,0.0,0.0,0.0,0.0,0.0,0.0,0.0,0.0,1.2444444444444445,2.488888888888889,0.6222222222222222,0.6222222222222222,0.0,0.0,0.0,0.0,3.2545821311330116,1.6272910655665058,3.496978866116586,3.2636455327832525,0.0,0.0,0.0,0.0,0.0,0.0,3.342948717948718,3.342948717948718,0.5017050839836481,0.4628161950947592,5.582429707676891,5.215477859247628,101.40646775674654,103.62493448138488,52,219.85361787328262,213.22716689346723,213.99055980477675,219.88084685767632,212.38430867769688,212.58703654965643,213.07995573137683,219.86401353276352,219.845979101468,212.7552802631406,212.80461835887078,219.91765264738046,180.0,180.0,218.05555555555554,209.38210005640667,210.37418238964204,208.8144629922038,210.5165550039969,209.69806926907935,180.0,180.0,219.9746021412037,212.17140132670303,212.5207289949239,59.03293157972593,59.0735381103919,59.233804210597945,59.28624234989371,9540.0,144.5645664687369,52.55481412512961
0.0,3.819444444444445,5.0,0.0,5.416666666666668,0.0,0.0,2.479589545232196,3.04945686824217,2.9856708845074573,2.8473148758881996,2.9862964184430654,1.269347394445635,1.3749771188236952,1159.358352612762,1098.4299069087162,90.75581176263707,2.0,1.9984406423094716,2.0,1.9985863138535516,0.0,0.0,0.0,0.9548611111111113,1.9097222222222225,0.9548611111111113,1.524728434121085,3.04945686824217,1.524728434121085,0.0,0.0,0.0,0.0,0.0,0.0,1.25,2.5,1.25,1.4928354422537287,2.9856708845074573,1.4928354422537287,0.0,0.0,0.0,0.0,0.0,0.0,1.354166666666667,2.708333333333334,1.354166666666667,1.4931482092215327,2.9862964184430654,1.4931482092215327,0.0,0.0,0.0,0.0,0.0,0.0,0.0,1.269347394445635,1.269347394445635,4.26379183889008,3.991569616667859,0.0,0.0,0.0,0.0,0.0,0.0,0.0,0.0,0.0,0.0,0.0,0.0,0.0,0.0,0.0,0.0,0.0,0.0,0.0,0.0,1.3749771188236952,1.3749771188236952,3.834699341045917,3.620810452157028,0.0,0.0,0.0,0.0,0.0,0.0,0.0,0.0,0.0,0.0,0.6470018405657287,0.60811295167684,0.6433590838051978,0.6044701949163088,5.703532726862918,5.3351029009868505,102.16757720874286,104.54963860443029,53,219.8296607905983,212.03827847834305,212.9597637565343,219.7914329594017,213.67199554467896,213.2842017833432,213.18281732497675,219.95008680555557,219.8296607905983,213.34994852657582,213.45560377772765,219.8240896545584,180.0,180.0,219.92219540862985,212.3205568625486,210.49462750418633,209.03280442406714,210.33507666857346,209.3805450816776,180.0,180.0,219.90578163113838,211.95150031524233,212.7860256741573,56.13957407305124,56.32036225583595,56.01016477551769,56.216207261967554,9720.0,136.0348436058111,53.27847972879604
5.923076923076924,0.0,0.0,4.355555555555557,0.0,1.7051282051282064,4.977777777777778,2.1532981247657608,2.5574182931521117,2.9034596303460916,2.448558941668368,2.313168359723073,0.4930278459440054,3.254582129005924,1124.3753516716445,1063.0350028473272,94.03320011114069,2.0,1.99998443656463,2.0,1.9999855671897406,1.0766490623828804,1.0766490623828804,2.1532981247657608,0.0,0.0,0.0,0.0,0.0,0.0,2.961538461538462,1.480769230769231,1.480769230769231,1.344920275667431,1.344920275667431,2.689840551334862,0.0,0.0,0.0,0.0,0.0,0.0,3.1170787093573207,1.5585393546786603,1.5585393546786603,1.0888888888888892,1.0888888888888892,2.1777777777777785,0.0,0.0,0.0,0.0,0.0,0.0,2.448558941668368,1.224279470834184,1.224279470834184,0.0,0.4222210567489586,0.9222219308539075,0.6888885975205736,0.07080678919504682,0.07080678919504682,0.4985845669728246,0.45969567808393574,1.7051282051282064,0.0,0.0,0.0,0.0,0.0,0.0,0.0,0.0,0.0,0.0,0.0,0.0,0.0,0.0,0.0,1.2444444444444445,2.488888888888889,0.6222222222222222,0.6222222222222222,0.0,0.0,0.0,0.0,3.254582129005924,1.627291064502962,3.496978865584814,3.26364553225148,0.0,0.0,0.0,0.0,0.0,0.0,3.342948717948718,3.342948717948718,0.5017050839834968,0.46281619509460786,5.582429706723681,5.215477858320324,101.40646775824234,103.62493448274323,54,219.8536178732849,213.22716689590965,213.99055980282884,219.88084685768084,212.38430868491503,212.58703655712822,213.07995573145388,219.86401353276352,219.84597910146806,212.75528026608401,212.80461835690787,219.91765264738055,180.0,180.0,218.05555555555554,209.38210005765387,210.37418239204757,208.81446299917363,210.51655500823878,209.69806927263858,180.0,180.0,219.9746021412037,212.1714013284223,212.52072899828494,59.0329315797151,59.073538110383154,59.2338042107757,59.28624235007294,9900.0,144.56456642187632,52.55481411570656
0.0,3.819444444444445,5.0,0.0,5.416666666666668,0.0,0.0,2.479589545142259,3.049456868062296,2.985670883073257,2.8473148756850546,2.9862964180367753,1.269347393990533,1.3749771183694448,1159.3583526039688,1098.4299068999583,90.75581176179597,2.0,1.998440642309464,2.0,1.9985863138535445,0.0,0.0,0.0,0.9548611111111113,1.9097222222222225,0.9548611111111113,1.524728434031148,3.049456868062296,1.524728434031148,0.0,0.0,0.0,0.0,0.0,0.0,1.25,2.5,1.25,1.4928354415366285,2.985670883073257,1.4928354415366285,0.0,0.0,0.0,0.0,0.0,0.0,1.354166666666667,2.708333333333334,1.354166666666667,1.4931482090183876,2.9862964180367753,1.4931482090183876,0.0,0.0,0.0,0.0,0.0,0.0,0.0,1.269347393990533,1.269347393990533,4.263791838434979,3.9915696162127565,0.0,0.0,0.0,0.0,0.0,0.0,0.0,0.0,0.0,0.0,0.0,0.0,0.0,0.0,0.0,0.0,0.0,0.0,0.0,0.0,1.3749771183694448,1.3749771183694448,3.8346993405916665,3.6208104517027775,0.0,0.0,0.0,0.0,0.0,0.0,0.0,0.0,0.0,0.0,0.6470018405602089,0.6081129516713201,0.64335908376844,0.604470194879551,5.703532726815136,5.335102900940043,102.1675772088028,104.54963860448103,55,219.8296607905983,212.0382784788011,212.95976375702213,219.7914329594017,213.67199554616096,213.28420178452453,213.1828173263083,219.95008680555557,219.8296607905983,213.34994852699052,213.45560377814883,219.8240896545584,180.0,180.0,219.92219540864613,212.3205568630947,210.49462750420557,209.0328044237882,210.33507666857474,209.38054508147408,180.0,180.0,219.90578163118863,211.9515003156678,212.78602567425523,56.13957407305217,56.320362255836294,56.01016477551567,56.21620726196682,10080.0,136.03484359350088,53.278479721117904
5.923076923076924,0.0,0.0,4.355555555555557,0.0,1.7051282051282064,4.977777777777778,2.153298124662071,2.5574182931002665,2.903459630297558,2.4485589415539284,2.3131683596658537,0.4930278456153815,3.2545821286738117,1124.3753516626555,1063.0350028383298,94.03320011030819,2.0,1.9999844365646298,2.0,1.9999855671897406,1.0766490623310354,1.0766490623310354,2.153298124662071,0.0,0.0,0.0,0.0,0.0,0.0,2.961538461538462,1.480769230769231,1.480769230769231,1.3449202756483023,1.3449202756483023,2.6898405512966046,0.0,0.0,0.0,0.0,0.0,0.0,3.1170787092985113,1.5585393546492556,1.5585393546492556,1.0888888888888892,1.0888888888888892,2.1777777777777785,0.0,0.0,0.0,0.0,0.0,0.0,2.4485589415539284,1.2242794707769642,1.2242794707769642,0.0,0.42222105642060925,0.9222219307718198,0.688888597438486,0.07080678919477221,0.07080678919477221,0.49858456697255005,0.4596956780836611,1.7051282051282064,0.0,0.0,0.0,0.0,0.0,0.0,0.0,0.0,0.0,0.0,0.0,0.0,0.0,0.0,0.0,1.2444444444444445,2.488888888888889,0.6222222222222222,0.6222222222222222,0.0,0.0,0.0,0.0,3.2545821286738117,1.6272910643369058,3.496978865501786,3.2636455321684528,0.0,0.0,0.0,0.0,0.0,0.0,3.342948717948718,3.342948717948718,0.5017050839834685,0.46281619509457955,5.58242970667129,5.2154778582686605,101.40646775835583,103.62493448285183,56,219.8536178732855,213.22716689592826,213.99055980301335,219.88084685768203,212.3843086849524,212.58703655710357,213.07995573153013,219.86401353276352,219.84597910146806,212.75528026610698,212.80461835709096,219.91765264738055,180.0,180.0,218.05555555555554,209.38210005783435,210.37418239224914,208.81446299965046,210.5165550085927,209.6980692729839,180.0,180.0,219.9746021412037,212.17140132846572,212.5207289985002,59.03293157971427,59.07353811038253,59.23380421078515,59.28624235008259,10260.0,144.56456641810206,52.554814113918326
0.0,3.819444444444445,5.0,0.0,5.416666666666668,0.0,0.0,2.4795895451422294,3.0494568680622365,2.9856708829693765,2.8473148756754543,2.9862964180175746,1.2693473939946698,1.3749771183738206,1159.3583526013635,1098.4299068973758,90.7558117615616,2.0,1.9984406423094687,2.0,1.998586313853549,0.0,0.0,0.0,0.9548611111111113,1.9097222222222225,0.9548611111111113,1.5247284340311182,3.0494568680622365,1.5247284340311182,0.0,0.0,0.0,0.0,0.0,0.0,1.25,2.5,1.25,1.4928354414846883,2.9856708829693765,1.4928354414846883,0.0,0.0,0.0,0.0,0.0,0.0,1.354166666666667,2.708333333333334,1.354166666666667,1.4931482090087873,2.9862964180175746,1.4931482090087873,0.0,0.0,0.0,0.0,0.0,0.0,0.0,1.2693473939946698,1.2693473939946698,4.263791838439115,3.9915696162168937,0.0,0.0,0.0,0.0,0.0,0.0,0.0,0.0,0.0,0.0,0.0,0.0,0.0,0.0,0.0,0.0,0.0,0.0,0.0,0.0,1.3749771183738206,1.3749771183738206,3.834699340596042,3.6208104517071535,0.0,0.0,0.0,0.0,0.0,0.0,0.0,0.0,0.0,0.0,0.6470018405601903,0.6081129516713013,0.6433590837626899,0.6044701948738009,5.703532726801037,5.3351029009262545,102.16757720882154,104.54963860449666,57,219.8296607905983,212.03827847885682,212.95976375706454,219.7914329594017,213.671995546166,213.28420178452643,213.18281732631183,219.95008680555557,219.8296607905983,213.34994852704915,213.45560377819575,219.8240896545584,180.0,180.0,219.92219540864613,212.32055686316173,210.4946275042253,209.03280442385136,210.33507666864514,209.3805450815272,180.0,180.0,219.90578163119173,211.9515003157386,212.78602567427671,56.13957407305211,56.320362255836244,56.01016477552792,56.21620726197879,10440.0,136.0348435926887,53.27847972090567
5.923076923076924,0.0,0.0,4.355555555555557,0.0,1.7051282051282064,4.977777777777778,2.153298124647377,2.5574182930929195,2.9034596302904543,2.4485589415400684,2.313168359658923,0.4930278456137973,3.254582128672984,1124.3753516621623,1063.0350028378436,94.03320011026706,2.0,1.9999844365646298,2.0,1.9999855671897406,1.0766490623236884,1.0766490623236884,2.153298124647377,0.0,0.0,0.0,0.0,0.0,0.0,2.961538461538462,1.480769230769231,1.480769230769231,1.344920275644774,1.344920275644774,2.689840551289548,0.0,0.0,0.0,0.0,0.0,0.0,3.117078709291361,1.5585393546456805,1.5585393546456805,1.0888888888888892,1.0888888888888892,2.1777777777777785,0.0,0.0,0.0,0.0,0.0,0.0,2.4485589415400684,1.2242794707700342,1.2242794707700342,0.0,0.42222105641902963,0.922221930771425,0.6888885974380912,0.07080678919476768,0.07080678919476768,0.4985845669725455,0.4596956780836565,1.7051282051282064,0.0,0.0,0.0,0.0,0.0,0.0,0.0,0.0,0.0,0.0,0.0,0.0,0.0,0.0,0.0,1.2444444444444445,2.488888888888889,0.6222222222222222,0.6222222222222222,0.0,0.0,0.0,0.0,3.254582128672984,1.627291064336492,3.4969788655015788,3.2636455321682454,0.0,0.0,0.0,0.0,0.0,0.0,3.342948717948718,3.342948717948718,0.5017050839834681,0.4628161950945792,5.5824297066686945,5.215477858266113,101.4064677583579,103.62493448285335,58,219.85361787328554,213.22716689593523,213.9905598030267,219.88084685768217,212.3843086849779,212.58703655712392,213.07995573153292,219.86401353276352,219.84597910146806,212.7552802661161,212.80461835710423,219.91765264738058,180.0,180.0,218.05555555555554,209.38210005783793,210.3741823922571,208.81446299965452,210.51655500861253,209.69806927299814,180.0,180.0,219.9746021412037,212.17140132847044,212.5207289985091,59.03293157971422,59.073538110382486,59.233804210785834,59.286242350083285,10620.0,144.56456641785883,52.554814113828755
0.0,3.819444444444445,5.0,0.0,5.416666666666668,0.0,0.0,2.4795895451420598,3.0494568680618968,2.985670882965183,2.847314875675165,2.9862964180169964,1.269347393993393,1.3749771183725592,1159.3583526011548,1098.4299068971673,90.75581176154418,2.0,1.9984406423094692,2.0,1.9985863138535493,0.0,0.0,0.0,0.9548611111111113,1.9097222222222225,0.9548611111111113,1.5247284340309484,3.0494568680618968,1.5247284340309484,0.0,0.0,0.0,0.0,0.0,0.0,1.25,2.5,1.25,1.4928354414825915,2.985670882965183,1.4928354414825915,0.0,0.0,0.0,0.0,0.0,0.0,1.354166666666667,2.708333333333334,1.354166666666667,1.4931482090084982,2.9862964180169964,1.4931482090084982,0.0,0.0,0.0,0.0,0.0,0.0,0.0,1.269347393993393,1.269347393993393,4.263791838437839,3.9915696162156165,0.0,0.0,0.0,0.0,0.0,0.0,0.0,0.0,0.0,0.0,0.0,0.0,0.0,0.0,0.0,0.0,0.0,0.0,0.0,0.0,1.3749771183725592,1.3749771183725592,3.834699340594781,3.620810451705892,0.0,0.0,0.0,0.0,0.0,0.0,0.0,0.0,0.0,0.0,0.6470018405601782,0.6081129516712893,0.643359083762671,0.6044701948737822,5.703532726799943,5.335102900925176,102.16757720882254,104.54963860449737,59,219.8296607905983,212.03827847885742,212.9597637570674,219.7914329594017,213.67199554616832,213.284201784529,213.1828173263144,219.95008680555557,219.8296607905983,213.34994852704926,213.4556037781982,219.8240896545584,180.0,180.0,219.92219540864616,212.32055686316698,210.49462750422754,209.03280442385525,210.33507666865304,209.38054508153394,180.0,180.0,219.90578163119181,211.95150031574397,212.7860256742786,56.13957407305208,56.320362255836244,56.01016477552891,56.21620726197979,10800.0,136.03484359262652,53.2784797208853
5.923076923076924,0.0,0.0,4.355555555555557,0.0,1.7051282051282064,4.977777777777778,2.153298124647327,2.5574182930928946,2.9034596302898192,2.448558941539989,2.3131683596588837,0.49302784561316815,3.2545821286724004,1124.3753516621368,1063.035002837819,94.03320011026467,2.0,1.9999844365646298,2.0,1.9999855671897406,1.0766490623236635,1.0766490623236635,2.153298124647327,0.0,0.0,0.0,0.0,0.0,0.0,2.961538461538462,1.480769230769231,1.480769230769231,1.3449202756444498,1.3449202756444498,2.6898405512888997,0.0,0.0,0.0,0.0,0.0,0.0,3.117078709290739,1.5585393546453694,1.5585393546453694,1.0888888888888892,1.0888888888888892,2.1777777777777785,0.0,0.0,0.0,0.0,0.0,0.0,2.448558941539989,1.2242794707699944,1.2242794707699944,0.0,0.42222105641840124,0.9222219307712682,0.6888885974379344,0.07080678919476693,0.07080678919476693,0.4985845669725447,0.45969567808365586,1.7051282051282064,0.0,0.0,0.0,0.0,0.0,0.0,0.0,0.0,0.0,0.0,0.0,0.0,0.0,0.0,0.0,1.2444444444444445,2.488888888888889,0.6222222222222222,0.6222222222222222,0.0,0.0,0.0,0.0,3.2545821286724004,1.6272910643362002,3.496978865501433,3.2636455321680997,0.0,0.0,0.0,0.0,0.0,0.0,3.342948717948718,3.342948717948718,0.5017050839834681,0.46281619509457916,5.582429706668543,5.2154778582659675,101.40646775835827,103.62493448285369,60,219.85361787328554,213.22716689593594,213.9905598030273,219.88084685768217,212.38430868497957,212.58703655712554,213.0799557315333,219.86401353276352,219.84597910146806,212.7552802661168,212.80461835710489,219.91765264738058,180.0,180.0,218.05555555555554,209.38210005783867,210.37418239225752,208.81446299965688,210.51655500861506,209.69806927299962,180.0,180.0,219.9746021412037,212.17140132847106,212.5207289985095,59.03293157971422,59.073538110382486,59.23380421078585,59.28624235008329,10980.0,144.56456641783973,52.554814113823845
0.0,3.819444444444445,5.0,0.0,5.416666666666668,0.0,0.0,2.479589545142041,3.04945686806186,2.98567088296501,2.8473148756751288,2.986296418016924,1.2693473939933042,1.3749771183724708,1159.3583526011507,1098.4299068971632,90.75581176154378,2.0,1.9984406423094692,2.0,1.9985863138535493,0.0,0.0,0.0,0.9548611111111113,1.9097222222222225,0.9548611111111113,1.52472843403093,3.04945686806186,1.52472843403093,0.0,0.0,0.0,0.0,0.0,0.0,1.25,2.5,1.25,1.492835441482505,2.98567088296501,1.492835441482505,0.0,0.0,0.0,0.0,0.0,0.0,1.354166666666667,2.708333333333334,1.354166666666667,1.493148209008462,2.986296418016924,1.493148209008462,0.0,0.0,0.0,0.0,0.0,0.0,0.0,1.2693473939933042,1.2693473939933042,4.26379183843775,3.991569616215528,0.0,0.0,0.0,0.0,0.0,0.0,0.0,0.0,0.0,0.0,0.0,0.0,0.0,0.0,0.0,0.0,0.0,0.0,0.0,0.0,1.3749771183724708,1.3749771183724708,3.8346993405946925,3.6208104517058035,0.0,0.0,0.0,0.0,0.0,0.0,0.0,0.0,0.0,0.0,0.6470018405601766,0.6081129516712878,0.6433590837626625,0.6044701948737736,5.703532726799919,5.335102900925153,102.16757720882259,104.5496386044974,61,219.8296607905983,212.03827847885782,212.9597637570678,219.7914329594017,213.6719955461688,213.28420178452944,213.18281732631488,219.95008680555557,219.8296607905983,213.3499485270494,213.45560377819857,219.8240896545584,180.0,180.0,219.92219540864616,212.32055686316727,210.49462750422774,209.03280442385557,210.33507666865455,209.3805450815347,180.0,180.0,219.90578163119181,211.95150031574397,212.7860256742785,56.13957407305208,56.320362255836244,56.01016477552894,56.2162072619798,11160.0,136.0348435926199,53.27847972088402
5.923076923076924,0.0,0.0,4.355555555555557,0.0,1.7051282051282064,4.977777777777778,2.1532981246472978,2.55741829309288,2.9034596302898104,2.448558941539954,2.3131683596588664,0.49302784561309926,3.2545821286723338,1124.3753516621337,1063.035002837816,94.03320011026439,2.0,1.9999844365646298,2.0,1.9999855671897406,1.0766490623236489,1.0766490623236489,2.1532981246472978,0.0,0.0,0.0,0.0,0.0,0.0,2.961538461538462,1.480769230769231,1.480769230769231,1.344920275644446,1.344920275644446,2.689840551288892,0.0,0.0,0.0,0.0,0.0,0.0,3.117078709290729,1.5585393546453645,1.5585393546453645,1.0888888888888892,1.0888888888888892,2.1777777777777785,0.0,0.0,0.0,0.0,0.0,0.0,2.448558941539954,1.224279470769977,1.224279470769977,0.0,0.4222210564183324,0.9222219307712509,0.6888885974379175,0.07080678919476685,0.07080678919476685,0.4985845669725447,0.45969567808365575,1.7051282051282064,0.0,0.0,0.0,0.0,0.0,0.0,0.0,0.0,0.0,0.0,0.0,0.0,0.0,0.0,0.0,1.2444444444444445,2.488888888888889,0.6222222222222222,0.6222222222222222,0.0,0.0,0.0,0.0,3.2545821286723338,1.6272910643361669,3.4969788655014162,3.263645532168083,0.0,0.0,0.0,0.0,0.0,0.0,3.342948717948718,3.342948717948718,0.5017050839834681,0.4628161950945792,5.582429706668525,5.21547785826595,101.4064677583583,103.6249344828537,62,219.85361787328554,213.22716689593622,213.9905598030274,219.88084685768217,212.38430868497983,212.5870365571258,213.07995573153352,219.86401353276352,219.84597910146806,212.75528026611684,212.804618357105,219.91765264738058,180.0,180.0,218.05555555555554,209.3821000578388,210.3741823922577,208.81446299965714,210.51655500861617,209.6980692730001,180.0,180.0,219.9746021412037,212.17140132847092,212.5207289985094,59.03293157971422,59.073538110382486,59.23380421078585,59.2862423500833,11340.0,144.56456641783612,52.55481411382345
0.0,3.819444444444445,5.0,0.0,5.416666666666668,0.0,0.0,2.4795895451420398,3.0494568680618572,2.9856708829649783,2.847314875675124,2.986296418016914,1.2693473939933013,1.374977118372468,1159.3583526011498,1098.4299068971625,90.75581176154373,2.0,1.9984406423094692,2.0,1.9985863138535493,0.0,0.0,0.0,0.9548611111111113,1.9097222222222225,0.9548611111111113,1.5247284340309286,3.0494568680618572,1.5247284340309286,0.0,0.0,0.0,0.0,0.0,0.0,1.25,2.5,1.25,1.4928354414824891,2.9856708829649783,1.4928354414824891,0.0,0.0,0.0,0.0,0.0,0.0,1.354166666666667,2.708333333333334,1.354166666666667,1.493148209008457,2.986296418016914,1.493148209008457,0.0,0.0,0.0,0.0,0.0,0.0,0.0,1.2693473939933013,1.2693473939933013,4.263791838437746,3.991569616215525,0.0,0.0,0.0,0.0,0.0,0.0,0.0,0.0,0.0,0.0,0.0,0.0,0.0,0.0,0.0,0.0,0.0,0.0,0.0,0.0,1.374977118372468,1.374977118372468,3.8346993405946894,3.620810451705801,0.0,0.0,0.0,0.0,0.0,0.0,0.0,0.0,0.0,0.0,0.6470018405601763,0.6081129516712874,0.6433590837626613,0.6044701948737725,5.7035327267999145,5.33510290092515,102.16757720882259,104.54963860449742,63,219.8296607905983,212.03827847885808,212.95976375706783,219.7914329594017,213.671995546169,213.28420178452964,213.18281732631507,219.95008680555557,219.8296607905983,213.3499485270494,213.45560377819874,219.8240896545584,180.0,180.0,219.92219540864616,212.32055686316744,210.49462750422785,209.03280442385565,210.33507666865546,209.38054508153513,180.0,180.0,219.90578163119181,211.95150031574386,212.78602567427833,56.13957407305208,56.320362255836244,56.01016477552894,56.21620726197981,11520.0,136.03484359261734,53.27847972088391
5.923076923076924,0.0,0.0,4.355555555555557,0.0,1.7051282051282064,4.977777777777778,2.153298124647295,2.5574182930928786,2.9034596302898086,2.448558941539951,2.3131683596588646,0.49302784561309526,3.2545821286723298,1124.3753516621337,1063.0350028378157,94.03320011026437,2.0,1.9999844365646298,2.0,1.9999855671897406,1.0766490623236475,1.0766490623236475,2.153298124647295,0.0,0.0,0.0,0.0,0.0,0.0,2.961538461538462,1.480769230769231,1.480769230769231,1.3449202756444452,1.3449202756444452,2.6898405512888903,0.0,0.0,0.0,0.0,0.0,0.0,3.117078709290727,1.5585393546453634,1.5585393546453634,1.0888888888888892,1.0888888888888892,2.1777777777777785,0.0,0.0,0.0,0.0,0.0,0.0,2.448558941539951,1.2242794707699756,1.2242794707699756,0.0,0.4222210564183284,0.92222193077125,0.6888885974379166,0.07080678919476685,0.07080678919476685,0.4985845669725447,0.45969567808365575,1.7051282051282064,0.0,0.0,0.0,0.0,0.0,0.0,0.0,0.0,0.0,0.0,0.0,0.0,0.0,0.0,0.0,1.2444444444444445,2.488888888888889,0.6222222222222222,0.6222222222222222,0.0,0.0,0.0,0.0,3.2545821286723298,1.6272910643361649,3.4969788655014153,3.263645532168082,0.0,0.0,0.0,0.0,0.0,0.0,3.342948717948718,3.342948717948718,0.5017050839834681,0.4628161950945792,5.582429706668524,5.215477858265949,101.4064677583583,103.62493448285372,64,219.85361787328554,213.22716689593642,213.9905598030274,219.88084685768217,212.38430868498003,212.587036557126,213.0799557315337,219.86401353276352,219.84597910146806,212.75528026611684,212.80461835710517,219.91765264738058,180.0,180.0,218.05555555555554,209.38210005783898,210.37418239225778,208.81446299965722,210.51655500861702,209.69806927300053,180.0,180.0,219.9746021412037,212.17140132847075,212.52072899850924,59.03293157971422,59.073538110382486,59.23380421078585,59.2862423500833,11700.0,144.5645664178339,52.55481411382341
0.0,3.819444444444445,5.0,0.0,5.416666666666668,0.0,0.0,2.4795895451420398,3.0494568680618572,2.985670882964976,2.847314875675124,2.986296418016914,1.269347393993301,1.3749771183724677,1159.3583526011498,1098.4299068971623,90.75581176154373,2.0,1.9984406423094692,2.0,1.9985863138535493,0.0,0.0,0.0,0.9548611111111113,1.9097222222222225,0.9548611111111113,1.5247284340309286,3.0494568680618572,1.5247284340309286,0.0,0.0,0.0,0.0,0.0,0.0,1.25,2.5,1.25,1.492835441482488,2.985670882964976,1.492835441482488,0.0,0.0,0.0,0.0,0.0,0.0,1.354166666666667,2.708333333333334,1.354166666666667,1.493148209008457,2.986296418016914,1.493148209008457,0.0,0.0,0.0,0.0,0.0,0.0,0.0,1.269347393993301,1.269347393993301,4.263791838437746,3.991569616215525,0.0,0.0,0.0,0.0,0.0,0.0,0.0,0.0,0.0,0.0,0.0,0.0,0.0,0.0,0.0,0.0,0.0,0.0,0.0,0.0,1.3749771183724677,1.3749771183724677,3.8346993405946894,3.6208104517058004,0.0,0.0,0.0,0.0,0.0,0.0,0.0,0.0,0.0,0.0,0.6470018405601763,0.6081129516712874,0.6433590837626613,0.6044701948737723,5.7035327267999145,5.33510290092515,102.16757720882259,104.54963860449742,65,219.8296607905983,212.03827847885825,212.95976375706783,219.7914329594017,213.67199554616917,213.2842017845298,213.18281732631525,219.95008680555557,219.8296607905983,213.3499485270494,213.4556037781989,219.8240896545584,180.0,180.0,219.92219540864616,212.3205568631676,210.49462750422794,209.03280442385574,210.3350766686563,209.38054508153556,180.0,180.0,219.90578163119181,211.9515003157437,212.78602567427816,56.13957407305208,56.320362255836244,56.01016477552894,56.21620726197981,11880.0,136.0348435926152,53.27847972088391
5.923076923076924,0.0,0.0,4.355555555555557,0.0,1.7051282051282064,4.977777777777778,2.1532981246472946,2.557418293092878,2.9034596302898086,2.448558941539951,2.3131683596588646,0.4930278456130948,3.2545821286723298,1124.3753516621337,1063.0350028378157,94.03320011026437,2.0,1.9999844365646298,2.0,1.9999855671897406,1.0766490623236473,1.0766490623236473,2.1532981246472946,0.0,0.0,0.0,0.0,0.0,0.0,2.961538461538462,1.480769230769231,1.480769230769231,1.3449202756444452,1.3449202756444452,2.6898405512888903,0.0,0.0,0.0,0.0,0.0,0.0,3.117078709290727,1.5585393546453634,1.5585393546453634,1.0888888888888892,1.0888888888888892,2.1777777777777785,0.0,0.0,0.0,0.0,0.0,0.0,2.448558941539951,1.2242794707699756,1.2242794707699756,0.0,0.42222105641832797,0.9222219307712496,0.6888885974379158,0.07080678919476685,0.07080678919476685,0.4985845669725447,0.45969567808365575,1.7051282051282064,0.0,0.0,0.0,0.0,0.0,0.0,0.0,0.0,0.0,0.0,0.0,0.0,0.0,0.0,0.0,1.2444444444444445,2.488888888888889,0.6222222222222222,0.6222222222222222,0.0,0.0,0.0,0.0,3.2545821286723298,1.6272910643361649,3.4969788655014153,3.2636455321680815,0.0,0.0,0.0,0.0,0.0,0.0,3.342948717948718,3.342948717948718,0.5017050839834681,0.4628161950945792,5.582429706668524,5.215477858265949,101.4064677583583,103.62493448285372,66,219.85361787328554,213.2271668959366,213.9905598030274,219.88084685768217,212.3843086849802,212.58703655712617,213.07995573153386,219.86401353276352,219.84597910146806,212.75528026611684,212.80461835710534,219.91765264738058,180.0,180.0,218.05555555555554,209.38210005783915,210.37418239225786,208.8144629996573,210.51655500861787,209.69806927300095,180.0,180.0,219.9746021412037,212.17140132847058,212.52072899850907,59.03293157971422,59.073538110382486,59.23380421078585,59.2862423500833,12060.0,144.56456641783177,52.55481411382341
0.0,3.819444444444445,5.0,0.0,5.416666666666668,0.0,0.0,2.4795895451420398,3.0494568680618572,2.985670882964976,2.847314875675124,2.986296418016914,1.269347393993301,1.3749771183724677,1159.3583526011498,1098.4299068971623,90.75581176154373,2.0,1.9984406423094692,2.0,1.9985863138535493,0.0,0.0,0.0,0.9548611111111113,1.9097222222222225,0.9548611111111113,1.5247284340309286,3.0494568680618572,1.5247284340309286,0.0,0.0,0.0,0.0,0.0,0.0,1.25,2.5,1.25,1.492835441482488,2.985670882964976,1.492835441482488,0.0,0.0,0.0,0.0,0.0,0.0,1.354166666666667,2.708333333333334,1.354166666666667,1.493148209008457,2.986296418016914,1.493148209008457,0.0,0.0,0.0,0.0,0.0,0.0,0.0,1.269347393993301,1.269347393993301,4.263791838437746,3.991569616215525,0.0,0.0,0.0,0.0,0.0,0.0,0.0,0.0,0.0,0.0,0.0,0.0,0.0,0.0,0.0,0.0,0.0,0.0,0.0,0.0,1.3749771183724677,1.3749771183724677,3.8346993405946894,3.6208104517058004,0.0,0.0,0.0,0.0,0.0,0.0,0.0,0.0,0.0,0.0,0.6470018405601763,0.6081129516712874,0.6433590837626613,0.6044701948737723,5.7035327267999145,5.335102900925149,102.16757720882259,104.54963860449742,67,219.8296607905983,212.03827847885842,212.95976375706783,219.7914329594017,213.67199554616934,213.28420178452998,213.18281732631542,219.95008680555557,219.8296607905983,213.3499485270494,213.45560377819908,219.8240896545584,180.0,180.0,219.92219540864616,212.32055686316778,210.49462750422802,209.03280442385582,210.33507666865717,209.38054508153598,180.0,180.0,219.90578163119181,211.95150031574352,212.786025674278,56.13957407305208,56.320362255836244,56.01016477552894,56.21620726197981,12240.0,136.03484359261307,53.27847972088391
5.923076923076924,0.0,0.0,4.355555555555557,0.0,1.7051282051282064,4.977777777777778,2.1532981246472946,2.557418293092878,2.9034596302898086,2.448558941539951,2.3131683596588646,0.4930278456130948,3.2545821286723298,1124.3753516621337,1063.0350028378157,94.03320011026437,2.0,1.9999844365646298,2.0,1.9999855671897406,1.0766490623236473,1.0766490623236473,2.1532981246472946,0.0,0.0,0.0,0.0,0.0,0.0,2.961538461538462,1.480769230769231,1.480769230769231,1.3449202756444452,1.3449202756444452,2.6898405512888903,0.0,0.0,0.0,0.0,0.0,0.0,3.117078709290727,1.5585393546453634,1.5585393546453634,1.0888888888888892,1.0888888888888892,2.1777777777777785,0.0,0.0,0.0,0.0,0.0,0.0,2.448558941539951,1.2242794707699756,1.2242794707699756,0.0,0.42222105641832797,0.9222219307712496,0.6888885974379158,0.07080678919476685,0.07080678919476685,0.4985845669725447,0.45969567808365575,1.7051282051282064,0.0,0.0,0.0,0.0,0.0,0.0,0.0,0.0,0.0,0.0,0.0,0.0,0.0,0.0,0.0,1.2444444444444445,2.488888888888889,0.6222222222222222,0.6222222222222222,0.0,0.0,0.0,0.0,3.2545821286723298,1.6272910643361649,3.4969788655014153,3.2636455321680815,0.0,0.0,0.0,0.0,0.0,0.0,3.342948717948718,3.342948717948718,0.5017050839834681,0.4628161950945792,5.582429706668524,5.215477858265949,101.4064677583583,103.62493448285372,68,219.85361787328554,213.22716689593676,213.9905598030274,219.88084685768217,212.38430868498037,212.58703655712634,213.07995573153403,219.86401353276352,219.84597910146806,212.75528026611684,212.8046183571055,219.91765264738058,180.0,180.0,218.05555555555554,209.38210005783932,210.37418239225795,208.8144629996574,210.51655500861872,209.69806927300138,180.0,180.0,219.9746021412037,212.1714013284704,212.5207289985089,59.03293157971422,59.073538110382486,59.23380421078585,59.2862423500833,12420.0,144.56456641782964,52.55481411382341
0.0,3.819444444444445,5.0,0.0,5.416666666666668,0.0,0.0,2.4795895451420398,3.0494568680618572,2.985670882964976,2.847314875675124,2.986296418016914,1.269347393993301,1.3749771183724677,1159.3583526011498,1098.4299068971625,90.75581176154373,2.0,1.9984406423094692,2.0,1.9985863138535493,0.0,0.0,0.0,0.9548611111111113,1.9097222222222225,0.9548611111111113,1.5247284340309286,3.0494568680618572,1.5247284340309286,0.0,0.0,0.0,0.0,0.0,0.0,1.25,2.5,1.25,1.492835441482488,2.985670882964976,1.492835441482488,0.0,0.0,0.0,0.0,0.0,0.0,1.354166666666667,2.708333333333334,1.354166666666667,1.493148209008457,2.986296418016914,1.493148209008457,0.0,0.0,0.0,0.0,0.0,0.0,0.0,1.269347393993301,1.269347393993301,4.263791838437746,3.991569616215525,0.0,0.0,0.0,0.0,0.0,0.0,0.0,0.0,0.0,0.0,0.0,0.0,0.0,0.0,0.0,0.0,0.0,0.0,0.0,0.0,1.3749771183724677,1.3749771183724677,3.8346993405946894,3.6208104517058004,0.0,0.0,0.0,0.0,0.0,0.0,0.0,0.0,0.0,0.0,0.6470018405601763,0.6081129516712874,0.6433590837626613,0.6044701948737723,5.7035327267999145,5.33510290092515,102.16757720882259,104.54963860449742,69,219.8296607905983,212.0382784788586,212.95976375706783,219.7914329594017,213.6719955461695,213.28420178453015,213.1828173263156,219.95008680555557,219.8296607905983,213.3499485270494,213.45560377819925,219.8240896545584,180.0,180.0,219.92219540864616,212.32055686316795,210.4946275042281,209.0328044238559,210.33507666865802,209.3805450815364,180.0,180.0,219.90578163119181,211.95150031574335,212.78602567427782,56.13957407305208,56.320362255836244,56.01016477552894,56.21620726197981,12600.0,136.03484359261094,53.27847972088391
5.923076923076924,0.0,0.0,4.355555555555557,0.0,1.7051282051282064,4.977777777777778,2.1532981246472946,2.557418293092878,2.9034596302898086,2.448558941539951,2.3131683596588646,0.4930278456130948,3.2545821286723298,1124.3753516621337,1063.0350028378155,94.03320011026437,2.0,1.9999844365646298,2.0,1.9999855671897406,1.0766490623236473,1.0766490623236473,2.1532981246472946,0.0,0.0,0.0,0.0,0.0,0.0,2.961538461538462,1.480769230769231,1.480769230769231,1.3449202756444452,1.3449202756444452,2.6898405512888903,0.0,0.0,0.0,0.0,0.0,0.0,3.117078709290727,1.5585393546453634,1.5585393546453634,1.0888888888888892,1.0888888888888892,2.1777777777777785,0.0,0.0,0.0,0.0,0.0,0.0,2.448558941539951,1.2242794707699756,1.2242794707699756,0.0,0.42222105641832797,0.9222219307712496,0.6888885974379158,0.07080678919476685,0.07080678919476685,0.4985845669725447,0.45969567808365575,1.7051282051282064,0.0,0.0,0.0,0.0,0.0,0.0,0.0,0.0,0.0,0.0,0.0,0.0,0.0,0.0,0.0,1.2444444444444445,2.488888888888889,0.6222222222222222,0.6222222222222222,0.0,0.0,0.0,0.0,3.2545821286723298,1.6272910643361649,3.4969788655014153,3.2636455321680815,0.0,0.0,0.0,0.0,0.0,0.0,3.342948717948718,3.342948717948718,0.5017050839834681,0.4628161950945792,5.582429706668524,5.215477858265949,101.4064677583583,103.62493448285372,70,219.85361787328554,213.22716689593693,213.9905598030274,219.88084685768217,212.38430868498054,212.5870365571265,213.0799557315342,219.86401353276352,219.84597910146806,212.75528026611684,212.80461835710568,219.91765264738058,180.0,180.0,218.05555555555554,209.3821000578395,210.37418239225804,208.81446299965748,210.51655500861958,209.6980692730018,180.0,180.0,219.9746021412037,212.17140132847024,212.52072899850873,59.03293157971422,59.073538110382486,59.23380421078585,59.2862423500833,12780.0,144.5645664178275,52.55481411382341
0.0,3.819444444444445,5.0,0.0,5.416666666666668,0.0,0.0,2.4795895451420398,3.0494568680618572,2.985670882964976,2.847314875675124,2.986296418016914,1.269347393993301,1.3749771183724677,1159.3583526011498,1098.4299068971623,90.75581176154373,2.0,1.9984406423094692,2.0,1.9985863138535493,0.0,0.0,0.0,0.9548611111111113,1.9097222222222225,0.9548611111111113,1.5247284340309286,3.0494568680618572,1.5247284340309286,0.0,0.0,0.0,0.0,0.0,0.0,1.25,2.5,1.25,1.492835441482488,2.985670882964976,1.492835441482488,0.0,0.0,0.0,0.0,0.0,0.0,1.354166666666667,2.708333333333334,1.354166666666667,1.493148209008457,2.986296418016914,1.493148209008457,0.0,0.0,0.0,0.0,0.0,0.0,0.0,1.269347393993301,1.269347393993301,4.263791838437746,3.991569616215525,0.0,0.0,0.0,0.0,0.0,0.0,0.0,0.0,0.0,0.0,0.0,0.0,0.0,0.0,0.0,0.0,0.0,0.0,0.0,0.0,1.3749771183724677,1.3749771183724677,3.8346993405946894,3.6208104517058004,0.0,0.0,0.0,0.0,0.0,0.0,0.0,0.0,0.0,0.0,0.6470018405601763,0.6081129516712874,0.6433590837626613,0.6044701948737723,5.7035327267999145,5.335102900925149,102.16757720882259,104.54963860449742,71,219.8296607905983,212.03827847885876,212.95976375706783,219.7914329594017,213.67199554616968,213.28420178453032,213.18281732631576,219.95008680555557,219.8296607905983,213.3499485270494,213.45560377819942,219.8240896545584,180.0,180.0,219.92219540864616,212.32055686316812,210.4946275042282,209.032804423856,210.33507666865887,209.38054508153684,180.0,180.0,219.90578163119181,211.95150031574317,212.78602567427765,56.13957407305208,56.320362255836244,56.01016477552894,56.21620726197981,12960.0,136.0348435926088,53.27847972088391
5.923076923076924,0.0,0.0,4.355555555555557,0.0,1.7051282051282064,4.977777777777778,2.1532981246472946,2.557418293092878,2.9034596302898086,2.448558941539951,2.3131683596588646,0.4930278456130948,3.2545821286723298,1124.3753516621337,1063.0350028378157,94.03320011026437,2.0,1.9999844365646298,2.0,1.9999855671897406,1.0766490623236473,1.0766490623236473,2.1532981246472946,0.0,0.0,0.0,0.0,0.0,0.0,2.961538461538462,1.480769230769231,1.480769230769231,1.3449202756444452,1.3449202756444452,2.6898405512888903,0.0,0.0,0.0,0.0,0.0,0.0,3.117078709290727,1.5585393546453634,1.5585393546453634,1.0888888888888892,1.0888888888888892,2.1777777777777785,0.0,0.0,0.0,0.0,0.0,0.0,2.448558941539951,1.2242794707699756,1.2242794707699756,0.0,0.42222105641832797,0.9222219307712496,0.6888885974379158,0.07080678919476685,0.07080678919476685,0.4985845669725447,0.45969567808365575,1.7051282051282064,0.0,0.0,0.0,0.0,0.0,0.0,0.0,0.0,0.0,0.0,0.0,0.0,0.0,0.0,0.0,1.2444444444444445,2.488888888888889,0.6222222222222222,0.6222222222222222,0.0,0.0,0.0,0.0,3.2545821286723298,1.6272910643361649,3.4969788655014153,3.2636455321680815,0.0,0.0,0.0,0.0,0.0,0.0,3.342948717948718,3.342948717948718,0.5017050839834681,0.4628161950945792,5.582429706668524,5.215477858265949,101.4064677583583,103.62493448285372,72,219.85361787328554,213.2271668959371,213.9905598030274,219.88084685768217,212.3843086849807,212.58703655712668,213.07995573153437,219.86401353276352,219.84597910146806,212.75528026611684,212.80461835710585,219.91765264738058,180.0,180.0,218.05555555555554,209.38210005783966,210.37418239225812,208.81446299965756,210.51655500862043,209.69806927300223,180.0,180.0,219.9746021412037,212.17140132847007,212.52072899850856,59.03293157971422,59.073538110382486,59.23380421078585,59.2862423500833,13140.0,144.56456641782538,52.55481411382341
0.0,3.819444444444445,5.0,0.0,5.416666666666668,0.0,0.0,2.4795895451420398,3.0494568680618572,2.985670882964976,2.847314875675124,2.986296418016914,1.269347393993301,1.3749771183724677,1159.3583526011498,1098.4299068971625,90.75581176154373,2.0,1.9984406423094692,2.0,1.9985863138535493,0.0,0.0,0.0,0.9548611111111113,1.9097222222222225,0.9548611111111113,1.5247284340309286,3.0494568680618572,1.5247284340309286,0.0,0.0,0.0,0.0,0.0,0.0,1.25,2.5,1.25,1.492835441482488,2.985670882964976,1.492835441482488,0.0,0.0,0.0,0.0,0.0,0.0,1.354166666666667,2.708333333333334,1.354166666666667,1.493148209008457,2.986296418016914,1.493148209008457,0.0,0.0,0.0,0.0,0.0,0.0,0.0,1.269347393993301,1.269347393993301,4.263791838437746,3.991569616215525,0.0,0.0,0.0,0.0,0.0,0.0,0.0,0.0,0.0,0.0,0.0,0.0,0.0,0.0,0.0,0.0,0.0,0.0,0.0,0.0,1.3749771183724677,1.3749771183724677,3.8346993405946894,3.6208104517058004,0.0,0.0,0.0,0.0,0.0,0.0,0.0,0.0,0.0,0.0,0.6470018405601763,0.6081129516712874,0.6433590837626613,0.6044701948737723,5.7035327267999145,5.33510290092515,102.16757720882259,104.54963860449742,73,219.8296607905983,212.03827847885893,212.95976375706783,219.7914329594017,213.67199554616985,213.2842017845305,213.18281732631593,219.95008680555557,219.8296607905983,213.3499485270494,213.4556037781996,219.8240896545584,180.0,180.0,219.92219540864616,212.3205568631683,210.49462750422828,209.03280442385608,210.33507666865972,209.38054508153726,180.0,180.0,219.90578163119181,211.951500315743,212.78602567427748,56.13957407305208,56.320362255836244,56.01016477552894,56.21620726197981,13320.0,136.03484359260668,53.27847972088391
5.923076923076924,0.0,0.0,4.355555555555557,0.0,1.7051282051282064,4.977777777777778,2.1532981246472946,2.557418293092878,2.9034596302898086,2.448558941539951,2.3131683596588646,0.4930278456130948,3.2545821286723298,1124.3753516621337,1063.0350028378155,94.03320011026437,2.0,1.9999844365646298,2.0,1.9999855671897406,1.0766490623236473,1.0766490623236473,2.1532981246472946,0.0,0.0,0.0,0.0,0.0,0.0,2.961538461538462,1.480769230769231,1.480769230769231,1.3449202756444452,1.3449202756444452,2.6898405512888903,0.0,0.0,0.0,0.0,0.0,0.0,3.117078709290727,1.5585393546453634,1.5585393546453634,1.0888888888888892,1.0888888888888892,2.1777777777777785,0.0,0.0,0.0,0.0,0.0,0.0,2.448558941539951,1.2242794707699756,1.2242794707699756,0.0,0.42222105641832797,0.9222219307712496,0.6888885974379158,0.07080678919476685,0.07080678919476685,0.4985845669725447,0.45969567808365575,1.7051282051282064,0.0,0.0,0.0,0.0,0.0,0.0,0.0,0.0,0.0,0.0,0.0,0.0,0.0,0.0,0.0,1.2444444444444445,2.488888888888889,0.6222222222222222,0.6222222222222222,0.0,0.0,0.0,0.0,3.2545821286723298,1.6272910643361649,3.4969788655014153,3.2636455321680815,0.0,0.0,0.0,0.0,0.0,0.0,3.342948717948718,3.342948717948718,0.5017050839834681,0.4628161950945792,5.582429706668524,5.215477858265949,101.4064677583583,103.62493448285372,74,219.85361787328554,213.22716689593727,213.9905598030274,219.88084685768217,212.38430868498088,212.58703655712685,213.07995573153454,219.86401353276352,219.84597910146806,212.75528026611684,212.80461835710602,219.91765264738058,180.0,180.0,218.05555555555554,209.38210005783984,210.3741823922582,208.81446299965765,210.51655500862128,209.69806927300266,180.0,180.0,219.9746021412037,212.1714013284699,212.5207289985084,59.03293157971422,59.073538110382486,59.23380421078585,59.2862423500833,13500.0,144.56456641782324,52.55481411382341
0.0,3.819444444444445,5.0,0.0,5.416666666666668,0.0,0.0,2.4795895451420398,3.0494568680618572,2.985670882964976,2.847314875675124,2.986296418016914,1.269347393993301,1.3749771183724677,1159.3583526011498,1098.4299068971623,90.75581176154373,2.0,1.9984406423094692,2.0,1.9985863138535493,0.0,0.0,0.0,0.9548611111111113,1.9097222222222225,0.9548611111111113,1.5247284340309286,3.0494568680618572,1.5247284340309286,0.0,0.0,0.0,0.0,0.0,0.0,1.25,2.5,1.25,1.492835441482488,2.985670882964976,1.492835441482488,0.0,0.0,0.0,0.0,0.0,0.0,1.354166666666667,2.708333333333334,1.354166666666667,1.493148209008457,2.986296418016914,1.493148209008457,0.0,0.0,0.0,0.0,0.0,0.0,0.0,1.269347393993301,1.269347393993301,4.263791838437746,3.991569616215525,0.0,0.0,0.0,0.0,0.0,0.0,0.0,0.0,0.0,0.0,0.0,0.0,0.0,0.0,0.0,0.0,0.0,0.0,0.0,0.0,1.3749771183724677,1.3749771183724677,3.8346993405946894,3.6208104517058004,0.0,0.0,0.0,0.0,0.0,0.0,0.0,0.0,0.0,0.0,0.6470018405601763,0.6081129516712874,0.6433590837626613,0.6044701948737723,5.7035327267999145,5.335102900925149,102.16757720882259,104.54963860449742,75,219.8296607905983,212.0382784788591,212.95976375706783,219.7914329594017,213.67199554617002,213.28420178453067,213.1828173263161,219.95008680555557,219.8296607905983,213.3499485270494,213.45560377819976,219.8240896545584,180.0,180.0,219.92219540864616,212.32055686316846,210.49462750422836,209.03280442385616,210.33507666866058,209.3805450815377,180.0,180.0,219.90578163119181,211.95150031574283,212.7860256742773,56.13957407305208,56.320362255836244,56.01016477552894,56.21620726197981,13680.0,136.03484359260455,53.27847972088391
5.923076923076924,0.0,0.0,4.355555555555557,0.0,1.7051282051282064,4.977777777777778,2.1532981246472946,2.557418293092878,2.9034596302898086,2.448558941539951,2.3131683596588646,0.4930278456130948,3.2545821286723298,1124.3753516621337,1063.0350028378157,94.03320011026437,2.0,1.9999844365646298,2.0,1.9999855671897406,1.0766490623236473,1.0766490623236473,2.1532981246472946,0.0,0.0,0.0,0.0,0.0,0.0,2.961538461538462,1.480769230769231,1.480769230769231,1.3449202756444452,1.3449202756444452,2.6898405512888903,0.0,0.0,0.0,0.0,0.0,0.0,3.117078709290727,1.5585393546453634,1.5585393546453634,1.0888888888888892,1.0888888888888892,2.1777777777777785,0.0,0.0,0.0,0.0,0.0,0.0,2.448558941539951,1.2242794707699756,1.2242794707699756,0.0,0.42222105641832797,0.9222219307712496,0.6888885974379158,0.07080678919476685,0.07080678919476685,0.4985845669725447,0.45969567808365575,1.7051282051282064,0.0,0.0,0.0,0.0,0.0,0.0,0.0,0.0,0.0,0.0,0.0,0.0,0.0,0.0,0.0,1.2444444444444445,2.488888888888889,0.6222222222222222,0.6222222222222222,0.0,0.0,0.0,0.0,3.2545821286723298,1.6272910643361649,3.4969788655014153,3.2636455321680815,0.0,0.0,0.0,0.0,0.0,0.0,3.342948717948718,3.342948717948718,0.5017050839834681,0.4628161950945792,5.582429706668524,5.215477858265949,101.4064677583583,103.62493448285372,76,219.85361787328554,213.22716689593744,213.9905598030274,219.88084685768217,212.38430868498105,212.58703655712702,213.0799557315347,219.86401353276352,219.84597910146806,212.75528026611684,212.8046183571062,219.91765264738058,180.0,180.0,218.05555555555554,209.38210005784,210.3741823922583,208.81446299965774,210.51655500862213,209.69806927300309,180.0,180.0,219.9746021412037,212.17140132846973,212.52072899850822,59.03293157971422,59.073538110382486,59.23380421078585,59.2862423500833,13860.0,144.5645664178211,52.55481411382341
0.0,3.819444444444445,5.0,0.0,5.416666666666668,0.0,0.0,2.4795895451420398,3.0494568680618572,2.985670882964976,2.847314875675124,2.986296418016914,1.269347393993301,1.3749771183724677,1159.3583526011498,1098.4299068971625,90.75581176154373,2.0,1.9984406423094692,2.0,1.9985863138535493,0.0,0.0,0.0,0.9548611111111113,1.9097222222222225,0.9548611111111113,1.5247284340309286,3.0494568680618572,1.5247284340309286,0.0,0.0,0.0,0.0,0.0,0.0,1.25,2.5,1.25,1.492835441482488,2.985670882964976,1.492835441482488,0.0,0.0,0.0,0.0,0.0,0.0,1.354166666666667,2.708333333333334,1.354166666666667,1.493148209008457,2.986296418016914,1.493148209008457,0.0,0.0,0.0,0.0,0.0,0.0,0.0,1.269347393993301,1.269347393993301,4.263791838437746,3.991569616215525,0.0,0.0,0.0,0.0,0.0,0.0,0.0,0.0,0.0,0.0,0.0,0.0,0.0,0.0,0.0,0.0,0.0,0.0,0.0,0.0,1.3749771183724677,1.3749771183724677,3.8346993405946894,3.6208104517058004,0.0,0.0,0.0,0.0,0.0,0.0,0.0,0.0,0.0,0.0,0.6470018405601763,0.6081129516712874,0.6433590837626613,0.6044701948737723,5.7035327267999145,5.33510290092515,102.16757720882259,104.54963860449742,77,219.8296607905983,212.03827847885927,212.95976375706783,219.7914329594017,213.6719955461702,213.28420178453084,213.18281732631627,219.95008680555557,219.8296607905983,213.3499485270494,213.45560377819993,219.8240896545584,180.0,180.0,219.92219540864616,212.32055686316863,210.49462750422845,209.03280442385625,210.33507666866143,209.38054508153812,180.0,180.0,219.90578163119181,211.95150031574266,212.78602567427714,56.13957407305208,56.320362255836244,56.01016477552894,56.21620726197981,14040.0,136.0348435926024,53.27847972088391
5.923076923076924,0.0,0.0,4.355555555555557,0.0,1.7051282051282064,4.977777777777778,2.1532981246472946,2.557418293092878,2.9034596302898086,2.448558941539951,2.3131683596588646,0.4930278456130948,3.2545821286723298,1124.3753516621337,1063.0350028378155,94.03320011026437,2.0,1.9999844365646298,2.0,1.9999855671897406,1.0766490623236473,1.0766490623236473,2.1532981246472946,0.0,0.0,0.0,0.0,0.0,0.0,2.961538461538462,1.480769230769231,1.480769230769231,1.3449202756444452,1.3449202756444452,2.6898405512888903,0.0,0.0,0.0,0.0,0.0,0.0,3.117078709290727,1.5585393546453634,1.5585393546453634,1.0888888888888892,1.0888888888888892,2.1777777777777785,0.0,0.0,0.0,0.0,0.0,0.0,2.448558941539951,1.2242794707699756,1.2242794707699756,0.0,0.42222105641832797,0.9222219307712496,0.6888885974379158,0.07080678919476685,0.07080678919476685,0.4985845669725447,0.45969567808365575,1.7051282051282064,0.0,0.0,0.0,0.0,0.0,0.0,0.0,0.0,0.0,0.0,0.0,0.0,0.0,0.0,0.0,1.2444444444444445,2.488888888888889,0.6222222222222222,0.6222222222222222,0.0,0.0,0.0,0.0,3.2545821286723298,1.6272910643361649,3.4969788655014153,3.2636455321680815,0.0,0.0,0.0,0.0,0.0,0.0,3.342948717948718,3.342948717948718,0.5017050839834681,0.4628161950945792,5.582429706668524,5.215477858265949,101.4064677583583,103.62493448285372,78,219.85361787328554,213.22716689593761,213.9905598030274,219.88084685768217,212.38430868498122,212.5870365571272,213.07995573153488,219.86401353276352,219.84597910146806,212.75528026611684,212.80461835710636,219.91765264738058,180.0,180.0,218.05555555555554,209.38210005784018,210.37418239225838,208.81446299965782,210.516555008623,209.6980692730035,180.0,180.0,219.9746021412037,212.17140132846956,212.52072899850805,59.03293157971422,59.073538110382486,59.23380421078585,59.2862423500833,14220.0,144.56456641781898,52.55481411382341
0.0,3.819444444444445,5.0,0.0,5.416666666666668,0.0,0.0,2.4795895451420398,3.0494568680618572,2.985670882964976,2.847314875675124,2.986296418016914,1.269347393993301,1.3749771183724677,1159.3583526011498,1098.4299068971623,90.75581176154373,2.0,1.9984406423094692,2.0,1.9985863138535493,0.0,0.0,0.0,0.9548611111111113,1.9097222222222225,0.9548611111111113,1.5247284340309286,3.0494568680618572,1.5247284340309286,0.0,0.0,0.0,0.0,0.0,0.0,1.25,2.5,1.25,1.492835441482488,2.985670882964976,1.492835441482488,0.0,0.0,0.0,0.0,0.0,0.0,1.354166666666667,2.708333333333334,1.354166666666667,1.493148209008457,2.986296418016914,1.493148209008457,0.0,0.0,0.0,0.0,0.0,0.0,0.0,1.269347393993301,1.269347393993301,4.263791838437746,3.991569616215525,0.0,0.0,0.0,0.0,0.0,0.0,0.0,0.0,0.0,0.0,0.0,0.0,0.0,0.0,0.0,0.0,0.0,0.0,0.0,0.0,1.3749771183724677,1.3749771183724677,3.8346993405946894,3.6208104517058004,0.0,0.0,0.0,0.0,0.0,0.0,0.0,0.0,0.0,0.0,0.6470018405601763,0.6081129516712874,0.6433590837626613,0.6044701948737723,5.7035327267999145,5.335102900925149,102.16757720882259,104.54963860449742,79,219.8296607905983,212.03827847885944,212.95976375706783,219.7914329594017,213.67199554617036,213.284201784531,213.18281732631644,219.95008680555557,219.8296607905983,213.3499485270494,213.4556037782001,219.8240896545584,180.0,180.0,219.92219540864616,212.3205568631688,210.49462750422853,209.03280442385633,210.33507666866228,209.38054508153854,180.0,180.0,219.90578163119181,211.9515003157425,212.78602567427697,56.13957407305208,56.320362255836244,56.01016477552894,56.21620726197981,14400.0,136.03484359260028,53.27847972088391
