boundary_queue_in_A_left,boundary_queue_in_A_top,boundary_queue_in_B_top,boundary_queue_in_C_right,boundary_queue_in_C_top,boundary_queue_in_D_left,boundary_queue_in_F_right,boundary_queue_out_A_left,boundary_queue_out_A_top,boundary_queue_out_B_top,boundary_queue_out_C_right,boundary_queue_out_C_top,boundary_queue_out_D_left,boundary_queue_out_F_right,flow_FW_E_mean,flow_FW_W_mean,freeway_vehicles,lambda_eff_FW_E_last,lambda_eff_FW_E_mean,lambda_eff_FW_W_last,lambda_eff_FW_W_mean,movement_queue_A_E_to_N,movement_queue_A_E_to_S,movement_queue_A_E_to_W,movement_queue_A_N_to_E,movement_queue_A_N_to_S,movement_queue_A_N_to_W,movement_queue_A_S_to_E,movement_queue_A_S_to_N,movement_queue_A_S_to_W,movement_queue_A_W_to_E,movement_queue_A_W_to_N,movement_queue_A_W_to_S,movement_queue_B_E_to_N,movement_queue_B_E_to_S,movement_queue_B_E_to_W,movement_queue_B_N_to_E,movement_queue_B_N_to_S,movement_queue_B_N_to_W,movement_queue_B_S_to_E,movement_queue_B_S_to_N,movement_queue_B_S_to_W,movement_queue_B_W_to_E,movement_queue_B_W_to_N,movement_queue_B_W_to_S,movement_queue_C_E_to_N,movement_queue_C_E_to_S,movement_queue_C_E_to_W,movement_queue_C_N_to_E,movement_queue_C_N_to_S,movement_queue_C_N_to_W,movement_queue_C_S_to_E,movement_queue_C_S_to_N,movement_queue_C_S_to_W,movement_queue_C_W_to_E,movement_queue_C_W_to_N,movement_queue_C_W_to_S,movement_queue_D_E_to_N,movement_queue_D_E_to_W,movement_queue_D_E_to_onE,movement_queue_D_E_to_onW,movement_queue_D_N_to_E,movement_queue_D_N_to_W,movement_queue_D_N_to_onE,movement_queue_D_N_to_onW,movement_queue_D_W_to_E,movement_queue_D_W_to_N,movement_queue_D_W_to_onE,movement_queue_D_W_to_onW,movement_queue_D_offE_to_E,movement_queue_D_offE_to_N,movement_queue_D_offE_to_W,movement_queue_D_offW_to_E,movement_queue_D_offW_to_N,movement_queue_D_offW_to_W,movement_queue_E_E_to_N,movement_queue_E_E_to_W,movement_queue_E_N_to_E,movement_queue_E_N_to_W,movement_queue_E_W_to_E,movement_queue_E_W_to_N,movement_queue_F_E_to_N,movement_queue_F_E_to_W,movement_queue_F_E_to_onE,movement_queue_F_E_to_onW,movement_queue_F_N_to_E,movement_queue_F_N_to_W,movement_queue_F_N_to_onE,movement_queue_F_N_to_onW,movement_queue_F_W_to_E,movement_queue_F_W_to_N,movement_queue_F_W_to_onE,movement_queue_F_W_to_onW,movement_queue_F_offE_to_E,movement_queue_F_offE_to_N,movement_queue_F_offE_to_W,movement_queue_F_offW_to_E,movement_queue_F_offW_to_N,movement_queue_F_offW_to_W,ramp_queue_R_D_E,ramp_queue_R_D_W,ramp_queue_R_F_E,ramp_queue_R_F_W,rho_FW_E_mean,rho_FW_W_mean,speed_FW_E_mean,speed_FW_W_mean,step,storage_available_A_left_out,storage_available_A_to_B,storage_available_A_to_D,storage_available_A_top_out,storage_available_B_to_A,storage_available_B_to_C,storage_available_B_to_E,storage_available_B_top_out,storage_available_C_right_out,storage_available_C_to_B,storage_available_C_to_F,storage_available_C_top_out,storage_available_D_R_E,storage_available_D_R_W,storage_available_D_left_out,storage_available_D_to_A,storage_available_D_to_E,storage_available_E_to_B,storage_available_E_to_D,storage_available_E_to_F,storage_available_F_R_E,storage_available_F_R_W,storage_available_F_right_out,storage_available_F_to_C,storage_available_F_to_E,storage_available_OR_D_E_storage,storage_available_OR_D_W_storage,storage_available_OR_F_E_storage,storage_available_OR_F_W_storage,time_sec,urban_protected_accumulation_veh,urban_vehicles
5.923076923076924,0.0,0.0,4.355555555555557,0.0,8.076923076923078,4.977777777777778,0.3645833333333333,1.6630608974358978,6.182725694444445,0.3645833333333333,1.271180555555556,0.0,0.0,1334.704881870877,1276.603674585033,113.23872809172725,2.0,2.0,2.0,2.0,0.18229166666666666,0.18229166666666666,0.3645833333333333,0.0,0.0,0.0,0.0,0.0,0.0,2.961538461538462,1.480769230769231,1.480769230769231,3.114149305555556,3.114149305555556,6.228298611111112,0.0,0.0,0.0,0.0,0.0,0.0,6.137152777777778,3.068576388888889,3.068576388888889,1.0888888888888892,1.0888888888888892,2.1777777777777785,0.0,0.0,0.0,0.0,0.0,0.0,0.3645833333333333,0.18229166666666666,0.18229166666666666,0.0,0.0,2.5666666666666678,2.3333333333333335,0.0,0.0,0.0,0.0,4.038461538461539,2.0192307692307696,1.0096153846153848,1.0096153846153848,0.0,0.0,0.0,0.0,0.0,0.0,0.0,0.0,0.0,0.0,0.0,0.0,1.2444444444444445,2.488888888888889,0.6222222222222222,0.6222222222222222,0.0,0.0,0.0,0.0,0.0,0.0,2.683333333333333,2.4499999999999997,0.0,0.0,0.0,0.0,0.0,0.0,0.4894764957264957,0.4505876068376069,0.4925925925925927,0.4537037037037037,7.125524004181777,6.793521957426579,94.55655334317831,94.83598095357257,0,219.87112713675214,209.54506913944553,213.7127403846154,219.9158653846154,214.71788194444454,214.78298611111123,212.25043402777763,220.0,219.86122685185185,210.72726185676936,212.6586805555555,219.94814814814814,180.0,180.0,219.96915064102564,211.9376448407548,204.56652955521287,204.0665083466422,205.75781741232498,205.80869093431718,180.0,180.0,219.9773148148148,208.58753184016214,204.51390480896987,59.494511455027215,59.51875812732826,59.19117141997934,59.23714531492789,180.0,173.01272137579988,59.55590277777778
0.0,4.166666666666667,5.0,0.0,5.416666666666668,0.0,0.0,2.6883542577800434,3.2933751822267534,5.046647106959971,3.142488317622828,3.5766433019123225,1.0715227697649572,1.2341001157407412,1135.8338174382409,1077.1682978366798,94.15680262131228,2.0,1.9983518835957188,2.0,1.9985121513909443,0.0,0.0,0.0,1.0416666666666667,2.0833333333333335,1.0416666666666667,1.6466875911133767,3.2933751822267534,1.6466875911133767,0.0,0.0,0.0,0.0,0.0,0.0,1.25,2.5,1.25,2.328879109035541,5.046647106959971,2.328879109035541,0.0,0.0,0.0,0.0,0.0,0.0,1.354166666666667,2.708333333333334,1.354166666666667,1.7883216509561612,3.5766433019123225,1.7883216509561612,0.0,0.0,0.0,0.0,0.0,0.0,0.0,1.0715227697649572,1.0715227697649572,3.6381894364316243,3.404856103098291,0.0,0.0,0.0,0.0,0.0,0.0,0.0,0.0,0.0,0.0,0.0,0.0,0.0,0.0,0.0,0.0,0.0,0.0,0.0,0.0,1.2341001157407412,1.2341001157407412,3.917433449074074,3.6841001157407405,0.0,0.0,0.0,0.0,0.0,0.0,0.0,0.0,0.0,0.0,0.6387556585967551,0.5998667697078661,0.5806762203175664,0.5417873314286776,5.902105850368058,5.580759827827398,96.556909998234,96.81503324354446,1,219.70486111111111,212.42218728161922,211.7593506950009,219.7290331196581,212.19160068848151,211.9269363944844,212.9703351369244,219.95008680555557,219.70486111111111,213.8873817255278,212.07032727307038,219.76168981481482,180.0,180.0,220.0,210.1359661869899,210.44535705163972,209.09223168913215,207.92901852216855,207.08558500077535,180.0,180.0,220.0,211.08947967017102,213.30479563030315,56.629718368632815,56.790563305006636,55.304285208538325,55.551837453909116,360.0,152.89460315578143,57.28360050199866
5.923076923076924,0.0,0.0,4.355555555555557,0.0,8.076923076923078,4.977777777777778,1.971980245256188,2.4667593533973253,3.0591595889642993,2.2195422109342795,2.1986599943560288,2.7774216571849597,3.4565912437200685,1110.1624222240066,1051.030691166074,91.38401650311026,2.0,2.0,2.0,2.0,0.985990122628094,0.985990122628094,1.971980245256188,0.0,0.0,0.0,0.0,0.0,0.0,2.961538461538462,1.480769230769231,1.480769230769231,1.386293966325643,1.386293966325643,2.772587932651286,0.0,0.0,0.0,0.0,0.0,0.0,3.3457312452773125,1.6728656226386562,1.6728656226386562,1.0888888888888892,1.0888888888888892,2.1777777777777785,0.0,0.0,0.0,0.0,0.0,0.0,2.2195422109342795,1.1097711054671398,1.1097711054671398,1.3887108285924799,2.7774216571849597,3.261022080962908,3.027688747629574,0.0,0.0,0.0,0.0,4.038461538461539,2.0192307692307696,1.0096153846153848,1.0096153846153848,0.0,0.0,0.0,0.0,0.0,0.0,0.0,0.0,0.0,0.0,0.0,0.0,1.2444444444444445,2.488888888888889,0.6222222222222222,0.6222222222222222,0.0,0.0,0.0,0.0,3.4565912437200685,1.7282956218600343,3.54748114426335,3.3141478109300166,0.0,0.0,0.0,0.0,0.0,0.0,0.5116556173571283,0.4727667284682393,0.4980179398148149,0.45912905092592593,5.750633127150928,5.429672768667092,96.78527427874012,97.02723984357787,2,219.8535528577915,212.92021234414378,213.60263072219627,219.8807168266941,212.18155140224778,212.4505392180554,212.942380695788,219.86401353276352,219.8497478751637,212.64700151389283,212.55498273336366,219.92519019477183,180.0,180.0,219.9656241653312,213.10166754620627,212.52066716103835,208.62274949629085,210.46970066887638,209.7660846705816,180.0,180.0,219.9746021412037,211.74486543700212,211.74028934560764,59.50560957559163,59.52955606066144,59.35853768081682,59.40295941068545,540.0,143.3919320705852,66.45437573671487
0.0,4.166666666666667,5.0,0.0,5.416666666666668,0.0,0.0,2.509573547133659,2.9358137609339847,3.1513690870185354,2.9408743737269467,3.1734154141205595,1.2425779339839313,1.4032430504950768,1104.9422206466709,1046.0705933658298,91.49495314288401,2.0,1.9983608318307788,2.0,1.9985210721687405,0.0,0.0,0.0,1.0416666666666667,2.0833333333333335,1.0416666666666667,1.4679068804669924,2.9358137609339847,1.4679068804669924,0.0,0.0,0.0,0.0,0.0,0.0,1.25,2.5,1.25,1.5756845435092677,3.1513690870185354,1.5756845435092677,0.0,0.0,0.0,0.0,0.0,0.0,1.354166666666667,2.708333333333334,1.354166666666667,1.5867077070602797,3.1734154141205595,1.5867077070602797,0.0,0.0,0.0,0.0,0.0,0.0,0.0,1.2425779339839313,1.2425779339839313,3.8092446006505987,3.5759112673172653,0.0,0.0,0.0,0.0,0.0,0.0,0.0,0.0,0.0,0.0,0.0,0.0,0.0,0.0,0.0,0.0,0.0,0.0,0.0,0.0,1.4032430504950768,1.4032430504950768,4.08657638382841,3.853243050495076,0.0,0.0,0.0,0.0,0.0,0.0,0.0,0.0,0.0,0.0,0.6525903537397043,0.6137014648508154,0.6018072174907301,0.5629183286018411,5.730801977548092,5.410275683824656,96.73394729822866,96.97982078830569,3,219.91392004985755,212.04239096149647,213.07119147722534,219.83356258903135,213.6374717120922,213.2153373806229,213.13112320732623,219.95008680555557,219.91392004985755,213.528845927415,213.37965202717965,219.86621928418805,180.0,180.0,219.9195152733062,211.81110781860738,210.28765362945694,208.88375835724972,210.16989349624785,209.21040758690697,180.0,180.0,219.9135523086939,212.53554746396924,213.13480966326264,56.62467097832777,56.785789337776066,55.379819241722906,55.62769896292029,720.0,136.46287142355544,53.72114712872886
5.923076923076924,0.0,0.0,4.355555555555557,0.0,8.076923076923078,4.977777777777778,2.1085737745564384,2.53505611804745,2.8521669352061103,2.4475308208795425,2.3126542993286607,2.662915565867492,3.342537299929346,1099.802415874335,1040.7231056566047,90.4319035977227,2.0,2.0,2.0,2.0,1.0542868872782192,1.0542868872782192,2.1085737745564384,0.0,0.0,0.0,0.0,0.0,0.0,2.961538461538462,1.480769230769231,1.480769230769231,1.2974247497673401,1.2974247497673401,2.5948494995346802,0.0,0.0,0.0,0.0,0.0,0.0,3.10948437087754,1.55474218543877,1.55474218543877,1.0888888888888892,1.0888888888888892,2.1777777777777785,0.0,0.0,0.0,0.0,0.0,0.0,2.4475308208795425,1.2237654104397713,1.2237654104397713,1.331457782933746,2.662915565867492,3.2323955581335406,2.999062224800207,0.0,0.0,0.0,0.0,4.038461538461539,2.0192307692307696,1.0096153846153848,1.0096153846153848,0.0,0.0,0.0,0.0,0.0,0.0,0.0,0.0,0.0,0.0,0.0,0.0,1.2444444444444445,2.488888888888889,0.6222222222222222,0.6222222222222222,0.0,0.0,0.0,0.0,3.342537299929346,1.671268649964673,3.5189676583156695,3.285634324982336,0.0,0.0,0.0,0.0,0.0,0.0,0.4986496362691376,0.4597607473802487,0.4980179398148149,0.45912905092592593,5.692305639856253,5.372237638060317,96.85325787132705,97.09207218179583,4,219.85369452458843,213.07409127841834,213.79426781122592,219.88100016028795,212.28473395737765,212.54082248001393,213.0383960781946,219.86401353276352,219.84597387594897,212.8118834358077,212.7869105844168,219.9176421963424,180.0,180.0,219.9656241653312,212.77053836346823,212.70233903461968,208.72839881232267,210.4545951161512,209.709989747494,180.0,180.0,219.9746021412037,211.7081929822024,211.9722046193072,59.50581760488626,59.52975974642269,59.365662661484755,59.409978538835986,900.0,141.8491413329051,65.89844932995675
0.0,4.166666666666667,5.0,0.0,5.416666666666668,0.0,0.0,2.501961004525558,2.920588675717782,3.0518589443200543,2.928680943435415,3.149028553537496,1.2451235135769956,1.4058246281598152,1104.0715198327448,1045.2230087213038,91.41289913005843,2.0,1.9983645387400895,2.0,1.998524520071245,0.0,0.0,0.0,1.0416666666666667,2.0833333333333335,1.0416666666666667,1.460294337858891,2.920588675717782,1.460294337858891,0.0,0.0,0.0,0.0,0.0,0.0,1.25,2.5,1.25,1.5259294721600272,3.0518589443200543,1.5259294721600272,0.0,0.0,0.0,0.0,0.0,0.0,1.354166666666667,2.708333333333334,1.354166666666667,1.574514276768748,3.149028553537496,1.574514276768748,0.0,0.0,0.0,0.0,0.0,0.0,0.0,1.2451235135769956,1.2451235135769956,3.811790180243663,3.57845684691033,0.0,0.0,0.0,0.0,0.0,0.0,0.0,0.0,0.0,0.0,0.0,0.0,0.0,0.0,0.0,0.0,0.0,0.0,0.0,0.0,1.4058246281598152,1.4058246281598152,4.089157961493148,3.8558246281598145,0.0,0.0,0.0,0.0,0.0,0.0,0.0,0.0,0.0,0.0,0.6519683732777386,0.6130794843888498,0.6011982862381939,0.562309397349305,5.725718874531115,5.405386692316936,96.74150028465083,96.98696673889086,5,219.91392004985755,212.05361865479526,213.1359068528161,219.83356258903135,213.7019702156668,213.27804244263262,213.19472499011843,219.95008680555557,219.91392004985755,213.53940545653379,213.44906442406077,219.86621928418805,180.0,180.0,219.921752721259,211.82969279680427,210.27682719062366,208.95825445412004,210.3138023013718,209.3407707868971,180.0,180.0,219.91597497896177,212.55243979377946,213.1147904534994,56.625121195607065,56.78621729639933,55.38684229654736,55.63459046863366,1080.0,135.490101338194,53.46341158076458
5.923076923076924,0.0,0.0,4.355555555555557,0.0,8.076923076923078,4.977777777777778,2.1059338922767195,2.533736176907591,2.851386469049478,2.444723897554937,2.311250837666358,2.64668592088056,3.3266956340870384,1099.1874318193247,1040.1121981607646,90.38902476228827,2.0,2.0,2.0,2.0,1.0529669461383597,1.0529669461383597,2.1059338922767195,0.0,0.0,0.0,0.0,0.0,0.0,2.961538461538462,1.480769230769231,1.480769230769231,1.2971481658443844,1.2971481658443844,2.594296331688769,0.0,0.0,0.0,0.0,0.0,0.0,3.108476606410188,1.554238303205094,1.554238303205094,1.0888888888888892,1.0888888888888892,2.1777777777777785,0.0,0.0,0.0,0.0,0.0,0.0,2.444723897554937,1.2223619487774684,1.2223619487774684,1.32334296044028,2.64668592088056,3.228338146886808,2.995004813553474,0.0,0.0,0.0,0.0,4.038461538461539,2.0192307692307696,1.0096153846153848,1.0096153846153848,0.0,0.0,0.0,0.0,0.0,0.0,0.0,0.0,0.0,0.0,0.0,0.0,1.2444444444444445,2.488888888888889,0.6222222222222222,0.6222222222222222,0.0,0.0,0.0,0.0,3.3266956340870384,1.6633478170435192,3.5150072418550926,3.2816739085217588,0.0,0.0,0.0,0.0,0.0,0.0,0.5008740546015977,0.46198516571270876,0.5017117725465328,0.4628228836576439,5.688858353122522,5.368845507598702,96.85710127569992,97.09577141203928,6,219.85372234067566,213.08579256523447,213.80725502805248,219.8810557924624,212.30401664555518,212.55746641532193,213.0435343938553,219.86401353276352,219.84597387074987,212.82363163513656,212.79983844645523,219.9176421859442,180.0,180.0,219.9656241653312,212.76791808616045,212.70803990863746,208.7439935624622,210.46688779993377,209.7188703837754,180.0,180.0,219.9746021412037,211.71056245567937,211.98198066179162,59.50582629221755,59.52976804151094,59.36585910516781,59.4101708734913,1260.0,141.64451177113065,65.82029123246309
0.0,4.166666666666667,5.0,0.0,5.416666666666668,0.0,0.0,2.5013357203276865,2.91933810732204,3.0465332360162765,2.9279471501265193,3.1475609669197047,1.2443135007122728,1.4050225020706317,1103.9603910857481,1045.1131991520203,91.40222220958773,2.0,1.9983649340865899,2.0,1.9985248921278926,0.0,0.0,0.0,1.0416666666666667,2.0833333333333335,1.0416666666666667,1.45966905366102,2.91933810732204,1.45966905366102,0.0,0.0,0.0,0.0,0.0,0.0,1.25,2.5,1.25,1.5232666180081382,3.0465332360162765,1.5232666180081382,0.0,0.0,0.0,0.0,0.0,0.0,1.354166666666667,2.708333333333334,1.354166666666667,1.5737804834598523,3.1475609669197047,1.5737804834598523,0.0,0.0,0.0,0.0,0.0,0.0,0.0,1.2443135007122728,1.2443135007122728,3.81098016737894,3.577646834045607,0.0,0.0,0.0,0.0,0.0,0.0,0.0,0.0,0.0,0.0,0.0,0.0,0.0,0.0,0.0,0.0,0.0,0.0,0.0,0.0,1.4050225020706317,1.4050225020706317,4.088355835403965,3.8550225020706312,0.0,0.0,0.0,0.0,0.0,0.0,0.0,0.0,0.0,0.0,0.6518936263551269,0.613004737466238,0.6010806675263121,0.5621917786374231,5.725066383143057,5.404750015852082,96.74253277997754,96.98795624306365,7,219.91392004985755,212.0557367321759,213.1374696686471,219.83356258903135,213.70631737478755,213.28220515507687,213.19897992590103,219.95008680555557,219.91392004985755,213.5413645182379,213.45063129443636,219.86621928418805,180.0,180.0,219.9220304859506,211.83221427722674,210.27754621836513,208.95930072254993,210.3155164710017,209.3424635705754,180.0,180.0,219.91644437262718,212.5552168189749,213.11560419492366,56.62514727311964,56.7862422031388,55.38764260132311,55.6353839440969,1440.0,135.43878604613383,53.44087529831433
5.923076923076924,0.0,0.0,4.355555555555557,0.0,8.076923076923078,4.977777777777778,2.1054441268506503,2.5334912941945564,2.8511816738228735,2.4441943782098843,2.3109860779938316,2.6455987713725517,3.3256339655426936,1099.1586377492051,1040.0835280128454,90.38647039228945,2.0,2.0,2.0,2.0,1.0527220634253251,1.0527220634253251,2.1054441268506503,0.0,0.0,0.0,0.0,0.0,0.0,2.961538461538462,1.480769230769231,1.480769230769231,1.2970384367168308,1.2970384367168308,2.5940768734336617,0.0,0.0,0.0,0.0,0.0,0.0,3.108286474212085,1.5541432371060424,1.5541432371060424,1.0888888888888892,1.0888888888888892,2.1777777777777785,0.0,0.0,0.0,0.0,0.0,0.0,2.4441943782098843,1.2220971891049421,1.2220971891049421,1.3227993856862759,2.6455987713725517,3.228066359509806,2.994733026176472,0.0,0.0,0.0,0.0,4.038461538461539,2.0192307692307696,1.0096153846153848,1.0096153846153848,0.0,0.0,0.0,0.0,0.0,0.0,0.0,0.0,0.0,0.0,0.0,0.0,1.2444444444444445,2.488888888888889,0.6222222222222222,0.6222222222222222,0.0,0.0,0.0,0.0,3.3256339655426936,1.6628169827713468,3.5147418247190068,3.281408491385673,0.0,0.0,0.0,0.0,0.0,0.0,0.5008723586256857,0.4619834697367967,0.5017117114070639,0.462822822518175,5.68869774970837,5.368687254041845,96.85727459719364,97.09593512632846,8,219.853724478439,213.0861516776604,213.80774398744313,219.8810600679891,212.30559498748008,212.5589617370819,213.04388982285553,219.86401353276352,219.84597382976304,212.8240882576188,212.80032237039183,219.91764210397056,180.0,180.0,219.9656241653312,212.7680220011238,212.37202081328164,208.91357670752953,210.46823282231844,209.88813894332097,180.0,180.0,219.9746021412037,211.71080321505528,211.98266319258082,59.50582682847417,59.52976857043575,59.365878300191035,59.41018977368879,1620.0,141.6280019555832,65.81313584590973
0.0,4.166666666666667,5.0,0.0,5.416666666666668,0.0,0.0,2.501328825583837,2.9193243178343407,3.046234918003419,2.9279212340308907,3.1475091347284474,1.2416098269656464,1.4023194068511404,1103.9515380192079,1045.1043993884548,91.40140906415023,2.0,1.9983649573028581,2.0,1.9985249140612902,0.0,0.0,0.0,1.0416666666666667,2.0833333333333335,1.0416666666666667,1.4596621589171703,2.9193243178343407,1.4596621589171703,0.0,0.0,0.0,0.0,0.0,0.0,1.25,2.5,1.25,1.5231174590017096,3.046234918003419,1.5231174590017096,0.0,0.0,0.0,0.0,0.0,0.0,1.354166666666667,2.708333333333334,1.354166666666667,1.5737545673642237,3.1475091347284474,1.5737545673642237,0.0,0.0,0.0,0.0,0.0,0.0,0.0,1.2416098269656464,1.2416098269656464,3.808276493632314,3.5749431602989805,0.0,0.0,0.0,0.0,0.0,0.0,0.0,0.0,0.0,0.0,0.0,0.0,0.0,0.0,0.0,0.0,0.0,0.0,0.0,0.0,1.4023194068511404,1.4023194068511404,4.085652740184473,3.8523194068511395,0.0,0.0,0.0,0.0,0.0,0.0,0.0,0.0,0.0,0.0,0.6518947490946783,0.6130058602057895,0.6010797814034514,0.5621908925145626,5.725014962562753,5.40469955769879,96.74260993058583,96.98802979502662,9,219.86250445156696,212.05591693310237,213.13764872721111,219.80785478988605,213.664338242978,213.24020293684768,213.19905655857409,219.95008680555557,219.86250445156696,213.5415271900896,213.4507928651358,219.84051148504275,180.0,180.0,219.92202534593685,211.83247381773566,210.2776315149205,208.95948163691605,210.31581192521003,209.34270181068604,180.0,180.0,219.91644787432693,212.55547438208347,213.11570034439814,56.6251477500292,56.78624265817188,55.38769518438369,55.63543621097698,1800.0,135.6633011189954,53.41852034306623
5.923076923076924,0.0,0.0,4.355555555555557,0.0,8.076923076923078,4.977777777777778,2.126437112733856,2.5439877871361594,2.8511543495449843,2.4651829818244675,2.321480379801123,2.645578579781753,3.3256146774633653,1099.1831959670965,1040.1077056584716,90.3881946263107,2.0,2.0,2.0,2.0,1.063218556366928,1.063218556366928,2.126437112733856,0.0,0.0,0.0,0.0,0.0,0.0,2.961538461538462,1.480769230769231,1.480769230769231,1.2970251826405201,1.2970251826405201,2.5940503652810403,0.0,0.0,0.0,0.0,0.0,0.0,3.108258333808928,1.554129166904464,1.554129166904464,1.0888888888888892,1.0888888888888892,2.1777777777777785,0.0,0.0,0.0,0.0,0.0,0.0,2.4651829818244675,1.2325914909122337,1.2325914909122337,1.3227892898908764,2.645578579781753,3.2280613116121066,2.994727978278773,0.0,0.0,0.0,0.0,4.038461538461539,2.0192307692307696,1.0096153846153848,1.0096153846153848,0.0,0.0,0.0,0.0,0.0,0.0,0.0,0.0,0.0,0.0,0.0,0.0,1.2444444444444445,2.488888888888889,0.6222222222222222,0.6222222222222222,0.0,0.0,0.0,0.0,3.3256146774633653,1.6628073387316826,3.5147370026991744,3.281403669365841,0.0,0.0,0.0,0.0,0.0,0.0,0.500872292891563,0.46198340400267407,0.50171170984581,0.46282282095692107,5.688805347199176,5.36879520262754,96.8575201378087,97.0961493254297,10,219.85372466508025,213.08617338760914,213.81829853591066,219.8810604412716,212.30567626171106,212.55903208550114,213.04389880295054,219.86401353276352,219.8459738372296,212.82415523404973,212.81087676729348,219.91764211890367,180.0,180.0,219.9656241653312,212.76803488282007,212.3720475075702,208.91372450182953,210.46837950966645,209.88822611439238,180.0,180.0,219.9746021412037,211.71088740319766,211.98268421997315,59.50583064016251,59.52977242696074,59.366053497059504,59.41036310500964,1980.0,141.68991135690555,65.8969107684535
0.0,4.166666666666667,5.0,0.0,5.416666666666668,0.0,0.0,2.501404527920946,2.919475722508558,3.046236676892219,2.92801647087156,3.1476996084097855,1.2416056151911021,1.4023152275257325,1103.9692556979196,1045.1224748856669,91.40314276244246,2.0,1.998364922774448,2.0,1.998524878857408,0.0,0.0,0.0,1.0416666666666667,2.0833333333333335,1.0416666666666667,1.459737861254279,2.919475722508558,1.459737861254279,0.0,0.0,0.0,0.0,0.0,0.0,1.25,2.5,1.25,1.5231183384461096,3.046236676892219,1.5231183384461096,0.0,0.0,0.0,0.0,0.0,0.0,1.354166666666667,2.708333333333334,1.354166666666667,1.5738498042048927,3.1476996084097855,1.5738498042048927,0.0,0.0,0.0,0.0,0.0,0.0,0.0,1.2416056151911021,1.2416056151911021,3.8082722818577697,3.5749389485244363,0.0,0.0,0.0,0.0,0.0,0.0,0.0,0.0,0.0,0.0,0.0,0.0,0.0,0.0,0.0,0.0,0.0,0.0,0.0,0.0,1.4023152275257325,1.4023152275257325,4.085648560859066,3.8523152275257315,0.0,0.0,0.0,0.0,0.0,0.0,0.0,0.0,0.0,0.0,0.651894762268423,0.6130058733795342,0.6010796833653307,0.5621907944764419,5.7251232001291354,5.404808312918609,96.7423910193389,96.98781212660056,11,219.86250445156696,212.0559998799412,213.13766685131156,219.80785478988605,213.6643568662065,213.24021369244127,213.19907124798516,219.95008680555557,219.86250445156696,213.54164681420423,213.45081023386535,219.84051148504275,180.0,180.0,219.92202555121034,211.83246622255612,210.27499706499222,208.96211899191317,210.31714659032843,209.34403853765002,180.0,180.0,219.91644828778422,212.55559960122935,213.11313199491363,56.625169922974784,56.78626382610185,55.38760706682675,55.635344490826384,2160.0,135.6634652889037,53.41917405315513
5.923076923076924,0.0,0.0,4.355555555555557,0.0,8.076923076923078,4.977777777777778,2.1264072067051756,2.543972834121819,2.851104730359946,2.4651622451148407,2.3214700114463094,2.6455588046026133,3.3256136333732407,1099.1850445752839,1040.1095697655014,90.38837004494482,2.0,2.0,2.0,2.0,1.0632036033525878,1.0632036033525878,2.1264072067051756,0.0,0.0,0.0,0.0,0.0,0.0,2.961538461538462,1.480769230769231,1.480769230769231,1.2969956987593603,1.2969956987593603,2.5939913975187205,0.0,0.0,0.0,0.0,0.0,0.0,3.108218063201172,1.554109031600586,1.554109031600586,1.0888888888888892,1.0888888888888892,2.1777777777777785,0.0,0.0,0.0,0.0,0.0,0.0,2.4651622451148407,1.2325811225574204,1.2325811225574204,1.3227794023013066,2.6455588046026133,3.2280563678173215,2.9947230344839877,0.0,0.0,0.0,0.0,4.038461538461539,2.0192307692307696,1.0096153846153848,1.0096153846153848,0.0,0.0,0.0,0.0,0.0,0.0,0.0,0.0,0.0,0.0,0.0,0.0,1.2444444444444445,2.488888888888889,0.6222222222222222,0.6222222222222222,0.0,0.0,0.0,0.0,3.3256136333732407,1.6628068166866203,3.5147367416766433,3.2814034083433095,0.0,0.0,0.0,0.0,0.0,0.0,0.5008723229404168,0.46198343405152786,0.5017117116858836,0.4628228227969946,5.68881633398088,5.3688061352028695,96.85750044764042,97.09613004672825,12,219.85372461278934,213.0861800738344,213.81829996272128,219.88106033668979,212.30562847216828,212.55899625752986,213.04385485002544,219.86401353276352,219.84597385418024,212.82413635831887,212.81087825327018,219.91764215280494,180.0,180.0,219.9656241653312,212.76770475931798,212.37205082607338,208.9136932151025,210.46836496604632,209.8882598743884,180.0,180.0,219.9746021412037,211.71055035689284,211.982687958067,59.50583059066487,59.52977237292076,59.36605166841288,59.41036129959019,2340.0,141.69038950252417,65.89656936769819
0.0,4.166666666666667,5.0,0.0,5.416666666666668,0.0,0.0,2.5014050012696734,2.9194766692060137,3.046234729547977,2.928017022391003,3.147700711448672,1.2416055207961965,1.4023150979462975,1103.9692482784449,1045.122465756466,91.40314224296769,2.0,1.9983649228628408,2.0,1.9985248789460128,0.0,0.0,0.0,1.0416666666666667,2.0833333333333335,1.0416666666666667,1.4597383346030068,2.9194766692060137,1.4597383346030068,0.0,0.0,0.0,0.0,0.0,0.0,1.25,2.5,1.25,1.5231173647739884,3.046234729547977,1.5231173647739884,0.0,0.0,0.0,0.0,0.0,0.0,1.354166666666667,2.708333333333334,1.354166666666667,1.573850355724336,3.147700711448672,1.573850355724336,0.0,0.0,0.0,0.0,0.0,0.0,0.0,1.2416055207961965,1.2416055207961965,3.808272187462864,3.5749388541295306,0.0,0.0,0.0,0.0,0.0,0.0,0.0,0.0,0.0,0.0,0.0,0.0,0.0,0.0,0.0,0.0,0.0,0.0,0.0,0.0,1.4023150979462975,1.4023150979462975,4.085648431279631,3.852315097946297,0.0,0.0,0.0,0.0,0.0,0.0,0.0,0.0,0.0,0.0,0.6518948256330883,0.6130059367441993,0.601079714617007,0.5621908257281181,5.725123160351603,5.404808263457731,96.74239107223516,96.98781219162125,13,219.86250445156696,212.05600028826618,213.13766692980684,219.80785478988605,213.66435629241258,213.24021420070432,213.1990712152198,219.95008680555557,219.86250445156696,213.5416470969507,213.4508087415661,219.84051148504275,180.0,180.0,219.9220256189807,211.83246740563214,210.27499771554756,208.9621172223695,210.31714724713154,209.34404110537713,180.0,180.0,219.91644820830666,212.55560070067918,213.11313214367206,56.62516991260539,56.78626381675226,55.38760729810577,55.63534473002588,2520.0,135.663461341649,53.41917336204197
5.923076923076924,0.0,0.0,4.355555555555557,0.0,8.076923076923078,4.977777777777778,2.1264071360185195,2.5439727987784906,2.851104525142115,2.465162143033651,2.3214699604057145,2.6455587697641016,3.3256136226526833,1099.1850663153514,1040.1095915566525,90.38837180369188,2.0,2.0,2.0,2.0,1.0632035680092597,1.0632035680092597,2.1264071360185195,0.0,0.0,0.0,0.0,0.0,0.0,2.961538461538462,1.480769230769231,1.480769230769231,1.296995629222701,1.296995629222701,2.593991258445402,0.0,0.0,0.0,0.0,0.0,0.0,3.108217791838828,1.554108895919414,1.554108895919414,1.0888888888888892,1.0888888888888892,2.1777777777777785,0.0,0.0,0.0,0.0,0.0,0.0,2.465162143033651,1.2325810715168255,1.2325810715168255,1.3227793848820508,2.6455587697641016,3.228056359107693,2.9947230257743596,0.0,0.0,0.0,0.0,4.038461538461539,2.0192307692307696,1.0096153846153848,1.0096153846153848,0.0,0.0,0.0,0.0,0.0,0.0,0.0,0.0,0.0,0.0,0.0,0.0,1.2444444444444445,2.488888888888889,0.6222222222222222,0.6222222222222222,0.0,0.0,0.0,0.0,3.3256136226526833,1.6628068113263417,3.514736738996504,3.2814034056631707,0.0,0.0,0.0,0.0,0.0,0.0,0.5008723917828084,0.4619835028939195,0.5017117127973986,0.46282282390850965,5.688816434915128,5.368806236623527,96.85750062545011,97.09613022214155,14,219.85372461093962,213.0861798704739,213.81830010293282,219.88106033299033,212.30562792894133,212.55899576902743,213.04385458503504,219.86401353276352,219.84597385413159,212.82413657370356,212.8108784624069,219.9176421527076,180.0,180.0,219.9656241653312,212.76770477736048,212.37205028302407,208.913693744636,210.46836516948653,209.88826018987172,180.0,180.0,219.9746021412037,211.7105504896331,211.98268759181437,59.505830589767264,59.52977237202341,59.36605163352291,59.41036126495633,2700.0,141.69038891888317,65.89656811017305
0.0,4.166666666666667,5.0,0.0,5.416666666666668,0.0,0.0,2.501404999056125,2.919476664778916,3.0462349361817544,2.9280170108474257,3.147700688361518,1.2416055368429533,1.4023151136548038,1103.9692425467586,1045.1224599767013,91.40314242613637,2.0,1.9983649228613674,2.0,1.998524878944657,0.0,0.0,0.0,1.0416666666666667,2.0833333333333335,1.0416666666666667,1.459738332389458,2.919476664778916,1.459738332389458,0.0,0.0,0.0,0.0,0.0,0.0,1.25,2.5,1.25,1.5231174680908772,3.0462349361817544,1.5231174680908772,0.0,0.0,0.0,0.0,0.0,0.0,1.354166666666667,2.708333333333334,1.354166666666667,1.573850344180759,3.147700688361518,1.573850344180759,0.0,0.0,0.0,0.0,0.0,0.0,0.0,1.2416055368429533,1.2416055368429533,3.808272203509621,3.5749388701762874,0.0,0.0,0.0,0.0,0.0,0.0,0.0,0.0,0.0,0.0,0.0,0.0,0.0,0.0,0.0,0.0,0.0,0.0,0.0,0.0,1.4023151136548038,1.4023151136548038,4.085648446988137,3.852315113654803,0.0,0.0,0.0,0.0,0.0,0.0,0.0,0.0,0.0,0.0,0.6518949867512034,0.6130060978623146,0.6010798729901743,0.5621909841012855,5.725123132029503,5.404808234823363,96.74239105313072,96.98781217383579,15,219.86250445156696,212.05600029758668,213.13766700448255,219.80785478988605,213.66435639314327,213.2402142237344,213.19907127710033,219.95008680555557,219.86250445156696,213.54164708807966,213.45080881176713,219.84051148504275,180.0,180.0,219.92202497539225,211.83246735047808,210.2749977067115,208.96211720230752,210.31714732286028,209.34404116695663,180.0,180.0,219.916447574786,212.55560060457123,213.1131321357966,56.62516991264589,56.786263816803725,55.38760729287755,55.63534472491259,2880.0,135.66346276026746,53.419173847302076
5.923076923076924,0.0,0.0,4.355555555555557,0.0,8.076923076923078,4.977777777777778,2.1264071382362526,2.5439727998873574,2.8511045348000397,2.4651621407035793,2.321469959240679,2.6455587545007004,3.325613607333946,1099.185065781657,1040.109591016384,90.38837175694046,2.0,2.0,2.0,2.0,1.0632035691181263,1.0632035691181263,2.1264071382362526,0.0,0.0,0.0,0.0,0.0,0.0,2.961538461538462,1.480769230769231,1.480769230769231,1.2969956350761966,1.2969956350761966,2.5939912701523933,0.0,0.0,0.0,0.0,0.0,0.0,3.108217799447686,1.554108899723843,1.554108899723843,1.0888888888888892,1.0888888888888892,2.1777777777777785,0.0,0.0,0.0,0.0,0.0,0.0,2.4651621407035793,1.2325810703517897,1.2325810703517897,1.3227793772503502,2.6455587545007004,3.228056355291843,2.9947230219585093,0.0,0.0,0.0,0.0,4.038461538461539,2.0192307692307696,1.0096153846153848,1.0096153846153848,0.0,0.0,0.0,0.0,0.0,0.0,0.0,0.0,0.0,0.0,0.0,0.0,1.2444444444444445,2.488888888888889,0.6222222222222222,0.6222222222222222,0.0,0.0,0.0,0.0,3.325613607333946,1.662806803666973,3.51473673516682,3.281403401833486,0.0,0.0,0.0,0.0,0.0,0.0,0.5008723917574834,0.46198350286859446,0.5017117127875316,0.4628228238986427,5.6888164320040016,5.368806233699526,96.85750062786185,97.09613022446221,16,219.85372461074454,213.08617987634517,213.81830007429633,219.88106033260016,212.30562793680744,212.55899577352483,213.04385458797557,219.86401353276352,219.84597385410328,212.82413657814888,212.81087843399854,219.917642152651,180.0,180.0,219.9656241653312,212.76770477622995,212.37205029743623,208.91369373625594,210.4683651637378,209.88826018692592,180.0,180.0,219.9746021412037,211.71055048902835,211.98268760126135,59.50583058978059,59.52977237203686,59.366051634100145,59.41036126552734,3060.0,141.6903889384621,65.89656808741579
0.0,4.166666666666667,5.0,0.0,5.416666666666668,0.0,0.0,2.501404998718336,2.9194766641033385,3.046234930270726,2.9280170100869602,3.147700686840587,1.2416055367104943,1.4023151134515768,1103.9692425683004,1045.1224599977595,91.40314242836891,2.0,1.9983649228608964,2.0,1.99852487894421,0.0,0.0,0.0,1.0416666666666667,2.0833333333333335,1.0416666666666667,1.4597383320516693,2.9194766641033385,1.4597383320516693,0.0,0.0,0.0,0.0,0.0,0.0,1.25,2.5,1.25,1.523117465135363,3.046234930270726,1.523117465135363,0.0,0.0,0.0,0.0,0.0,0.0,1.354166666666667,2.708333333333334,1.354166666666667,1.5738503434202935,3.147700686840587,1.5738503434202935,0.0,0.0,0.0,0.0,0.0,0.0,0.0,1.2416055367104943,1.2416055367104943,3.808272203377162,3.5749388700438285,0.0,0.0,0.0,0.0,0.0,0.0,0.0,0.0,0.0,0.0,0.0,0.0,0.0,0.0,0.0,0.0,0.0,0.0,0.0,0.0,1.4023151134515768,1.4023151134515768,4.08564844678491,3.852315113451576,0.0,0.0,0.0,0.0,0.0,0.0,0.0,0.0,0.0,0.0,0.6518949867450848,0.613006097856196,0.6010798729089128,0.5621909840200239,5.725123132183731,5.404808234972649,96.74239105260015,96.98781217329955,17,219.86250445156696,212.0560002988367,213.13766700120186,219.80785478988605,213.66435639455858,213.2402142259324,213.1990712789071,219.95008680555557,219.86250445156696,213.54164708956424,213.45080880949257,219.84051148504275,180.0,180.0,219.92202497541697,211.83246735189888,210.27499770683153,208.96211719636113,210.3171473159786,209.3440411588769,180.0,180.0,219.91644757511042,212.5556006065382,213.11313213606957,56.62516991259498,56.78626381675453,55.387607292053254,55.63534472408735,3240.0,135.66346275755953,53.41917382974426
5.923076923076924,0.0,0.0,4.355555555555557,0.0,8.076923076923078,4.977777777777778,2.1264071378650597,2.543972799701761,2.8511045346593287,2.465162140391155,2.3214699590844665,2.645558754087763,3.3256136068754087,1099.185065793303,1040.1095910277927,90.38837175807068,2.0,2.0,2.0,2.0,1.0632035689325299,1.0632035689325299,2.1264071378650597,0.0,0.0,0.0,0.0,0.0,0.0,2.961538461538462,1.480769230769231,1.480769230769231,1.296995635011147,1.296995635011147,2.593991270022294,0.0,0.0,0.0,0.0,0.0,0.0,3.1082177992963635,1.5541088996481818,1.5541088996481818,1.0888888888888892,1.0888888888888892,2.1777777777777785,0.0,0.0,0.0,0.0,0.0,0.0,2.465162140391155,1.2325810701955775,1.2325810701955775,1.3227793770438816,2.645558754087763,3.2280563551886083,2.994723021855275,0.0,0.0,0.0,0.0,4.038461538461539,2.0192307692307696,1.0096153846153848,1.0096153846153848,0.0,0.0,0.0,0.0,0.0,0.0,0.0,0.0,0.0,0.0,0.0,0.0,1.2444444444444445,2.488888888888889,0.6222222222222222,0.6222222222222222,0.0,0.0,0.0,0.0,3.3256136068754087,1.6628068034377044,3.5147367350521854,3.281403401718852,0.0,0.0,0.0,0.0,0.0,0.0,0.5008723917567036,0.4619835028678147,0.5017117127874245,0.46282282389853563,5.688816432075974,5.3688062337690505,96.85750062770376,97.09613022431043,18,219.8537246107468,213.08617987594815,213.81830007504203,219.8810603326047,212.30562793574026,212.55899577223167,213.04385458825973,219.86401353276352,219.84597385410325,212.82413657774126,212.81087843474458,219.91764215265093,180.0,180.0,219.9656241653312,212.76770477629685,212.3720502973379,208.91369373556873,210.46836516365568,209.8882601870059,180.0,180.0,219.9746021412037,211.71055048887055,211.98268760108877,59.505830589780025,59.52977237203631,59.36605163408337,59.41036126551084,3420.0,141.69038893765838,65.89656808374276
0.0,4.166666666666667,5.0,0.0,5.416666666666668,0.0,0.0,2.5014049987329265,2.9194766641325196,3.0462349303369916,2.928017010108714,3.147700686884094,1.2416055368018468,1.4023151135430547,1103.9692425631083,1045.122459992575,91.40314242788676,2.0,1.9983649228609175,2.0,1.99852487894423,0.0,0.0,0.0,1.0416666666666667,2.0833333333333335,1.0416666666666667,1.4597383320662598,2.9194766641325196,1.4597383320662598,0.0,0.0,0.0,0.0,0.0,0.0,1.25,2.5,1.25,1.5231174651684958,3.0462349303369916,1.5231174651684958,0.0,0.0,0.0,0.0,0.0,0.0,1.354166666666667,2.708333333333334,1.354166666666667,1.573850343442047,3.147700686884094,1.573850343442047,0.0,0.0,0.0,0.0,0.0,0.0,0.0,1.2416055368018468,1.2416055368018468,3.808272203468514,3.5749388701351807,0.0,0.0,0.0,0.0,0.0,0.0,0.0,0.0,0.0,0.0,0.0,0.0,0.0,0.0,0.0,0.0,0.0,0.0,0.0,0.0,1.4023151135430547,1.4023151135430547,4.085648446876388,3.852315113543054,0.0,0.0,0.0,0.0,0.0,0.0,0.0,0.0,0.0,0.0,0.6518949867458523,0.6130060978569635,0.60107987290948,0.5621909840205912,5.725123132153147,5.4048082349424895,96.74239105265026,96.98781217334816,19,219.86250445156696,212.05600029887583,213.13766700120362,219.80785478988605,213.66435639428923,213.24021422572432,213.19907127866844,219.95008680555557,219.86250445156696,213.541647089621,213.45080880949226,219.84051148504275,180.0,180.0,219.92202497541484,211.83246735199955,210.2749977069019,208.96211719653894,210.31714731615082,209.34404115905744,180.0,180.0,219.9164475751082,212.55560060665735,213.1131321361233,56.625169912595894,56.78626381675543,55.38760729209641,55.63534472413053,3600.0,135.6634627579517,53.419173830753486
5.923076923076924,0.0,0.0,4.355555555555557,0.0,8.076923076923078,4.977777777777778,1.521259800706547,2.2413991311225043,2.8511045346471517,1.521259800706547,1.8495187892421627,2.6455587541461694,3.3256136069349655,1095.2049333785071,1036.6319787679683,90.09823645945404,2.0,2.0,2.0,2.0,0.7606299003532735,0.7606299003532735,1.521259800706547,0.0,0.0,0.0,0.0,0.0,0.0,2.961538461538462,1.480769230769231,1.480769230769231,1.296995635004319,1.296995635004319,2.593991270008638,0.0,0.0,0.0,0.0,0.0,0.0,3.1082177992856654,1.5541088996428327,1.5541088996428327,1.0888888888888892,1.0888888888888892,2.1777777777777785,0.0,0.0,0.0,0.0,0.0,0.0,1.521259800706547,0.7606299003532735,0.7606299003532735,1.3227793770730847,2.6455587541461694,3.22805635520321,2.994723021869876,0.0,0.0,0.0,0.0,4.038461538461539,2.0192307692307696,1.0096153846153848,1.0096153846153848,0.0,0.0,0.0,0.0,0.0,0.0,0.0,0.0,0.0,0.0,0.0,0.0,1.2444444444444445,2.488888888888889,0.6222222222222222,0.6222222222222222,0.0,0.0,0.0,0.0,3.3256136069349655,1.6628068034674828,3.514736735067075,3.2814034017337415,0.0,0.0,0.0,0.0,0.0,0.0,0.5008723917568038,0.4619835028679149,0.5017117127874289,0.46282282389854007,5.6693302953736575,5.352025458144263,96.84964990581055,97.08556296941438,20,219.85372461074684,212.92356293849812,213.81830007503348,219.88106033260476,211.09533326150154,210.6711910929355,211.268515723124,219.86401353276352,219.84597385410325,212.67118819021016,212.81087843473648,219.91764215265093,180.0,180.0,219.9656241653312,213.41681779468877,212.98874487317866,208.43761513944435,211.1886419709499,210.46724364873896,180.0,180.0,219.9746021412037,212.0186517449323,212.4435895694521,59.50603972319267,59.53008634924276,59.38043244172489,59.420418064294736,3780.0,140.92330063620807,62.79846873024374
0.2132905982905982,10.201388888888886,10.166666666666664,0.05392592592592593,13.378472222222225,0.7172008547008575,0.11718518518518523,4.654940693872531,4.22654805441173,2.2785941122592432,5.218173741866989,3.8280141504006435,2.5462805924345773,2.9978182860777407,2553.5658053499865,2419.1959883265577,226.32747701213646,2.0,1.994812659790242,2.0,1.995317694418107,0.0,0.0,0.0,2.541666666666666,5.1180555555555545,2.541666666666666,2.113274027205865,4.22654805441173,2.113274027205865,0.2132905982905982,0.0,0.0,0.0,0.0,0.0,2.541666666666666,5.083333333333332,2.541666666666666,1.1392970561296216,2.2785941122592432,1.1392970561296216,0.0,0.0,0.0,0.0,0.0,0.05392592592592593,3.3041666666666676,6.770138888888891,3.3041666666666676,1.9140070752003218,3.8280141504006435,1.9140070752003218,0.0,0.0,0.0,0.0,0.0,0.15249375614625388,0.10504931170180948,2.5462805924345773,2.5462805924345773,8.287058370212353,7.765169481323463,0.6955128205128234,0.021688034188034166,0.0,0.0,0.0,0.0,0.0,0.0,0.0,0.0,0.0,0.0,0.0,0.0,0.0,0.0,0.0,0.11718518518518523,0.0,0.0,2.9978182860777407,2.9978182860777407,8.999540508299962,8.477651619411075,0.0,0.0,0.17761032844522867,0.13016588400078438,0.0,0.0,0.0,0.0,0.0,0.0,1.3578516776605656,1.3104072332161216,1.2168205914715085,1.169376147027064,14.317694735112127,13.411363034035341,89.78967340096064,90.73261449786315,21,219.83892004985756,202.44772335053082,206.83359006259695,219.61837028133903,208.98664762576755,208.50101035553052,207.36803348032694,219.8020432694741,219.83892004985756,206.22167008360853,208.00451392216644,219.69805261752137,180.0,180.0,219.92202497541498,203.1714400364085,197.080257494061,203.86367973289595,205.57290962107706,203.3815080571717,180.0,180.0,219.91644757510798,206.24131728895435,204.32097533044674,53.129408766958036,53.45742312378923,51.93110438031315,52.320357382659196,3960.0,241.1244551310523,100.69737999258915
20.650000000000006,0.2013888888888889,0.0,15.037037037037042,0.37847222222222227,13.15865384615386,17.240740740740744,5.7457558689885175,7.938155712272038,7.935217444968347,5.801173389891024,6.602808917167735,1.4117880397000555,8.311464288518385,3400.595439948782,3285.0191832149812,356.2727804454727,2.0,1.9998279780047548,2.0,1.9998430746310272,2.8728779344942588,2.8728779344942588,5.7457558689885175,0.0,0.2013888888888889,0.0,0.0,0.0,0.0,10.519444444444447,5.065277777777779,5.065277777777779,3.8970452727485583,3.8970452727485583,7.7940905454971166,0.0,0.0,0.0,0.0,0.0,0.0,8.076344344439578,4.038172172219789,4.038172172219789,3.702222222222223,3.702222222222223,7.632592592592595,0.0,0.37847222222222227,0.0,0.0,0.0,0.0,5.801173389891024,2.900586694945512,2.900586694945512,0.0,0.9595373278726094,5.881487370878796,5.022042926434352,0.45225071182744614,0.45225071182744614,9.199094999153495,7.414094999153498,10.776709401709413,2.3819444444444464,0.0,0.0,0.0,0.0,0.0,0.0,0.0,0.0,0.0,0.0,0.0,0.0,0.0,0.0,4.231111111111113,8.77851851851852,2.1155555555555563,2.1155555555555563,0.0,0.0,0.8791054164830243,0.0,8.311464288518385,4.155732144259193,12.621209190955822,10.744914683240706,0.0,0.0,0.0,0.0,0.0,0.0,6.543803418803419,6.543803418803419,3.8888888888888884,3.2068742243533865,21.63428314896782,20.37975895703304,79.68873457668269,81.59523235282603,22,219.70486111111111,198.00960269870995,201.34265231035118,220.0,202.05976263585026,200.8644000518186,200.5207429909878,218.10160506387115,219.61631944444446,200.53234227567035,197.74448341357518,220.0,180.0,180.0,218.05555555555554,193.5698241032592,188.64609497429183,197.70438223212253,196.59744137719358,196.61638823010787,180.0,180.0,220.0,200.15752641890367,195.1585874775444,56.82547844295306,56.970599599300684,58.067406587471105,58.14316106046904,4140.0,384.16339111656896,187.59420580328
0.5115384615384619,14.368055555555554,15.58333333333333,0.22814814814814827,18.795138888888886,3.930021367521389,0.31629629629629635,7.645304178250664,7.932381860774834,6.7729300371875105,9.100112465242365,8.68633604159584,4.2404231486887,3.5719818267336545,3586.024671156477,3429.614876567498,407.1360227425237,2.0,1.9844576453875011,2.0,1.9856582940562264,0.0,0.0,0.15277777777777773,3.5416666666666665,7.284722222222221,3.5416666666666665,3.95085973380622,7.90171946761244,3.95085973380622,0.45021367521367545,0.030662393162393276,0.030662393162393276,0.0,0.0,0.19184027777777785,3.8958333333333326,7.791666666666665,3.8958333333333326,2.997576129704867,6.7729300371875105,2.997576129704867,0.04754273504273526,0.0,0.0,0.0,0.0,0.22814814814814827,4.604166666666666,9.586805555555554,4.604166666666666,4.34316802079792,8.68633604159584,4.34316802079792,0.15277777777777773,0.0,0.0,0.0,0.09640620570229547,0.45965710698112955,0.3935459958700183,4.144016942986405,4.144016942986405,29.707849322484318,25.54284932248428,3.746794871794893,0.1832264957264958,0.0,0.0,0.0,0.0,0.0,0.0,0.0,0.0,0.0,0.0,0.0,0.0,0.0,0.0,0.0,0.31629629629629635,0.0,0.0,3.474759604511432,3.474759604511432,15.325134401092967,12.066028984609925,0.09722222222222221,0.0,7.445399956029746,3.1891054483146175,0.0,0.0,0.0,0.0,0.0,0.0,1.7516165628293088,1.6663862179487179,3.897777777777778,3.897777777777778,25.853182793516368,23.985291084193932,72.36867023995286,74.46554175238917,23,219.61111111111111,197.3775000135767,198.36697492057618,219.34027777777777,197.74403654026185,195.56927469851212,198.550062215056,219.49141960470084,219.61111111111111,200.37437316618508,197.02342971094,219.42064814814813,180.0,180.0,219.61111111111111,194.9157746499067,191.5882839659743,186.25121907626362,187.9100487359958,187.6460190237962,180.0,180.0,219.61111111111111,196.96579290188114,199.20007041483026,47.06697055760312,47.67685777997164,47.852482261102715,48.232917894257255,4320.0,415.7406633974828,209.78241599545913
20.650000000000006,0.2013888888888889,0.0,15.037037037037042,0.37847222222222227,16.209935897435937,17.240740740740744,7.9605555555555565,8.908402777777779,7.580435153847853,7.9605555555555565,7.545347222222223,7.309137925136057,11.96317889068093,3705.632473532334,3480.097742222393,443.1287036880282,2.0,1.9998171183444113,2.0,1.999836610873578,3.843125,3.843125,7.9605555555555565,0.0,0.2013888888888889,0.0,0.0,0.0,0.0,10.519444444444447,5.065277777777779,5.065277777777779,4.024319146197072,4.024319146197072,8.434923014616366,0.0,0.0,0.0,0.0,0.0,0.0,7.1122320153015615,3.5561160076507807,3.5561160076507807,3.702222222222223,3.702222222222223,7.632592592592595,0.0,0.37847222222222227,0.0,0.0,0.0,0.0,7.9605555555555565,3.843125,3.843125,0.902700556451576,6.472067779569818,7.280239167114678,6.420794722670234,0.8370701455662395,0.8370701455662395,34.49319305216415,27.94819305216406,13.82799145299149,2.3819444444444464,0.0,0.0,0.0,0.0,0.0,0.0,0.0,0.0,0.0,0.0,0.0,0.0,0.0,0.0,4.231111111111113,8.77851851851852,2.1155555555555563,2.1155555555555563,0.0,0.0,12.966382489886879,7.327277073403812,11.96317889068093,5.844436667562688,20.9273898306304,14.291095322915243,0.0,0.0,0.0,0.0,0.0,0.0,6.543803418803419,6.543803418803419,2.333333333333333,2.333333333333333,27.49817553351903,25.67692950802037,70.56604506982941,71.4394670125978,24,219.53014157663253,194.8752588210022,202.63837306159198,219.6505609310428,195.0400061741214,193.21672079898593,200.68031749246853,218.05555555555554,219.4956007535353,198.0871631821741,198.91287448609475,219.75856261818168,180.0,180.0,218.05555555555554,191.46816678814318,187.73710103953033,191.60646313336125,192.65307010979825,191.3913613185165,180.0,180.0,219.67981481481482,197.01598989456744,193.97544143285117,56.75393038095208,56.91987604244948,58.04350112898958,58.005388199871106,4500.0,445.33406109559695,290.2303001313965
0.5115384615384619,16.52777777777778,15.58333333333333,0.22814814814814827,18.795138888888886,2.3146367521368045,0.31629629629629635,8.543346585803075,8.853466675879655,9.07686438190436,9.359937568318431,9.51154180330353,7.568192723091855,3.8962756370370273,3773.2384667492584,3463.618131551173,461.16851209891246,2.0,1.9783118400915907,2.0,1.979992447946069,0.0,0.0,0.0,4.131944444444445,8.26388888888889,4.131944444444445,4.411402141358631,8.822804282717263,4.411402141358631,0.45021367521367545,0.030662393162393276,0.030662393162393276,0.0,0.0,0.28906249999999994,3.8958333333333326,7.791666666666665,3.8958333333333326,4.149543302063291,9.07686438190436,4.149543302063291,0.01945115360930233,0.0,0.0,0.0,0.0,0.22814814814814827,4.604166666666666,9.586805555555554,4.604166666666666,4.755770901651765,9.51154180330353,4.755770901651765,0.0,0.0,0.0,0.1857638888888889,0.7604166666666667,0.6256597222222224,0.5595486111111112,6.807776056425188,6.807776056425188,60.154709176525046,51.2297091765249,2.131410256410309,0.1832264957264958,0.0,0.0,0.0,0.0,0.0,0.0,0.0,0.0,0.0,0.0,0.0,0.0,0.0,0.0,0.0,0.31629629629629635,0.0,0.0,3.621970081481472,3.621970081481472,30.92619867953836,22.9070932630553,0.2743055555555555,0.0,11.829151840899883,2.812857333184713,0.0,0.0,0.0,0.0,0.0,0.0,1.7525089031339034,1.6863977920227922,5.1755555555555555,5.1755555555555555,29.718097696782042,26.73652977617319,66.61843946497739,68.95306208155962,25,219.65083333333334,198.26138071733007,199.08394492512616,219.43652777777777,197.33866754143224,195.940445732692,198.0848290233609,219.45685428430644,219.65083333333334,201.42663778592774,196.41772547500798,219.51689814814813,180.0,180.0,219.61111111111111,195.69240500509824,188.88888888888872,186.69506738158506,188.2660401047954,187.6292158690827,180.0,180.0,219.61111111111111,197.4478343088081,199.52324491469315,45.26331501002949,45.99645163413875,45.882101011799364,45.84864936399103,4680.0,428.80263842565677,311.7549326597875
13.650000000000002,2.361111111111111,0.0,15.037037037037042,0.37847222222222227,5.15277777777778,17.240740740740744,5.72296420810493,4.675840120592433,8.319470860771148,7.103207011893101,7.253825728168774,3.085104655299408,12.565598299715763,3836.0358022293735,3049.6305136055635,489.89374179636735,2.0,1.9992226116416965,2.0,1.999326995697277,1.2182701726132172,1.2182701726132172,4.769873678559767,0.5902777777777778,1.1805555555555556,0.5902777777777778,0.36281275176738514,0.7256255035347703,0.36281275176738514,8.186111111111114,2.731944444444445,2.731944444444445,3.9334040959701095,3.9334040959701095,8.155870691940219,0.0,0.0,0.0,0.0,0.0,0.0,9.91000110742818,4.386066764801037,4.386066764801037,3.702222222222223,3.702222222222223,7.632592592592595,0.0,0.37847222222222227,0.0,0.0,0.0,0.0,7.103207011893101,3.5516035059465505,3.5516035059465505,0.0,1.612681633049098,2.5653926304844967,1.7059481860400532,1.4724230222503099,1.4724230222503099,74.11947930082744,62.814479300827244,5.15277777777778,0.0,0.0,0.0,0.0,0.0,0.0,0.0,0.0,0.0,0.0,0.0,0.0,0.0,0.0,0.0,4.231111111111113,8.77851851851852,2.1155555555555563,2.1155555555555563,0.0,0.0,28.695674637678994,18.296569221195934,12.565598299715763,6.145646372080104,25.632559154416192,14.236264646701018,0.0,0.0,0.0,0.0,0.0,0.0,5.488247863247864,5.488247863247864,2.333333333333333,2.333333333333333,31.588524990076472,27.706615128765893,64.17800870947082,62.59797655840901,26,218.05555555555554,196.8613668707507,197.65843682405742,216.1111111111111,193.25227094786766,192.92864203907646,200.3889349498078,218.05555555555554,219.46740740740742,198.41428871100192,198.59960491522705,219.70217592592593,180.0,180.0,215.1189714478355,188.82734910265225,184.7813646102284,188.24888301575592,191.90187286792653,189.0467925514342,180.0,180.0,219.67981481481482,196.39836309368783,193.57761715205808,55.044182482980496,55.33050292726063,58.92492111208987,58.03719832941607,4860.0,463.7612854551602,362.7241708919585
0.5115384615384619,16.52777777777778,15.58333333333333,0.22814814814814827,21.486111111111107,0.9385683760683763,0.31629629629629635,8.761060536151366,9.288894576576235,11.24326025743369,10.649570987093814,10.556086418632074,6.026125662330469,3.8531809373726182,1734.026290144117,3144.485688871759,599.6047168463983,2.0,1.982522244925333,2.0,1.9809893005491106,0.0,0.0,0.0,4.131944444444445,8.26388888888889,4.131944444444445,4.629116091706921,9.258232183413842,4.629116091706921,0.45021367521367545,0.030662393162393276,0.030662393162393276,0.0,0.0,0.28906249999999994,3.8958333333333326,7.791666666666665,3.8958333333333326,5.095981980568696,11.24326025743369,5.095981980568696,0.0,0.0,0.0,0.0,0.0,0.22814814814814827,5.371527777777777,10.743055555555554,5.371527777777777,5.278043209316037,10.556086418632074,5.278043209316037,0.0,0.0,0.0,0.1857638888888889,0.7604166666666667,0.6256597222222224,0.5595486111111112,5.265708995663802,5.265708995663802,99.97002353492158,86.28502353492132,0.7553418803418805,0.1832264957264958,0.0,0.0,0.0,0.0,0.0,0.0,0.0,0.0,0.0,0.0,0.0,0.0,0.0,0.0,0.0,0.31629629629629635,0.0,0.0,3.578875381817063,3.578875381817063,46.68829040791736,33.9091849914342,0.2743055555555555,0.0,17.151864974096306,3.375570466381121,0.0,0.0,0.0,0.0,0.0,0.0,1.7525089031339034,1.6863977920227922,5.5650473189161405,5.1755555555555555,44.181373228688415,29.50207160033101,39.10152123700322,63.26334225369262,27,219.69290064102563,198.26130206277767,198.25940208839336,219.45756143162393,197.68009918568393,196.11465708562804,198.1281228348654,219.5062576901742,219.69290064102563,202.2596331672568,197.15881106455512,219.5379318019943,180.0,180.0,219.61111111111111,195.39592536019245,192.53846153846106,187.88601627568357,188.52438201509688,188.69080240652983,180.0,180.0,219.61111111111111,198.88218914579883,200.4294269996112,45.63427833662763,46.06385145403546,49.830402423760276,44.58510251169885,5040.0,422.9435731301357,424.4195185360145
21.458440170940175,0.2013888888888889,0.0,8.037037037037042,3.0694444444444446,34.083867521367544,17.240740740740744,7.302790693228221,8.716673124391889,7.705252162998273,6.131668892450143,3.346086182336184,10.060191513506261,10.67015946222421,1167.986051976339,2193.563033414002,861.1778238162076,2.0,2.0,2.0,2.0,3.6513953466141107,3.925270880802145,7.302790693228221,0.0,0.2013888888888889,0.0,0.0,0.0,0.0,10.519444444444447,5.065277777777779,5.8737179487179505,3.663629278640647,3.663629278640647,7.616321057281294,0.0,0.0,0.0,0.0,0.0,0.0,8.083245768715253,4.0416228843576265,4.0416228843576265,1.36888888888889,1.36888888888889,5.299259259259261,0.7673611111111112,1.5347222222222223,0.7673611111111112,0.30780671296296297,0.6156134259259259,0.30780671296296297,5.056501068376068,1.3615838675213678,1.3615838675213678,4.835651312308685,10.060191513506261,11.917070661236808,10.817825656154344,0.0,0.0,95.69771489064135,79.63271489064104,20.169871794871813,7.048611111111113,3.432692307692309,3.432692307692309,0.0,0.0,0.0,0.0,0.0,0.0,0.0,0.0,0.0,0.0,0.0,0.0,4.231111111111113,8.77851851851852,2.1155555555555563,2.1155555555555563,0.0,0.0,44.261606759112745,29.102501342629502,10.67015946222421,5.197926953334327,30.47024203883655,14.313947531121373,0.0,0.0,0.0,0.0,0.0,0.0,5.971589358605952,3.24074073157818,29.324955429532995,2.333333333333333,66.73744495210113,35.80095566829352,17.770105777286986,47.10366421408114,28,219.53594583571078,196.16547462747246,203.2956092057127,219.66216944919933,194.45456688231542,193.0359869585683,198.90857104420826,218.05555555555554,218.05555555555554,196.6516797759574,193.82112825842083,216.1111111111111,180.0,180.0,219.65205662393163,204.15269955826767,192.92445360203857,192.49376810448342,190.97842781963064,193.67335187015163,180.0,180.0,219.67981481481482,204.39778624573447,200.02818000519588,59.67478523331992,58.494507949151,59.525870267402375,59.24896679978612,5220.0,420.03046006524545,486.0688955430743
3.417735042735044,14.368055555555554,15.58333333333333,0.22814814814814827,21.486111111111107,17.989850427350497,0.31629629629629635,6.481499225508458,5.910327510845976,6.266841598190892,8.972947256887336,7.202838958219117,2.92180832142922,4.82678193154256,1078.73629775748,1766.9190138831557,1255.7279804793598,2.0,1.9984151374153545,2.0,1.9926281826944054,0.0,3.2764311601363203,0.0,3.5416666666666665,7.284722222222221,3.5416666666666665,2.9398325588417915,5.879665117683583,2.9398325588417915,0.45021367521367545,0.030662393162393276,2.9368589743589752,0.0,0.0,0.0,3.8958333333333326,7.791666666666665,3.8958333333333326,2.4528652435398905,6.266841598190892,2.4528652435398905,0.24479166666666669,0.0,0.0,0.0,0.0,0.22814814814814827,5.371527777777777,10.743055555555554,5.371527777777777,3.6014194791095586,7.202838958219117,3.6014194791095586,0.0,0.0,0.0,0.0,0.0,0.7356646876405644,0.3365046296296296,2.92180832142922,2.92180832142922,111.3448296675431,92.89982966754273,17.806623931624,0.1832264957264958,0.0,0.0,0.0,0.0,0.0,0.0,0.0,0.0,0.0,0.0,0.0,0.0,0.0,0.0,0.0,0.31629629629629635,0.0,0.0,4.552476375987005,4.552476375987005,69.35114148181988,51.812036065336606,0.2743055555555555,0.0,13.707481236899852,0.47107638888888886,0.0,0.0,0.0,0.0,0.0,0.0,52.70984034302522,6.139276765531285,85.07834036739115,4.329515585797028,83.8941705876422,54.762036074294706,6.308945918687164,32.12756791040054,29,219.82291666666666,194.5532403908024,201.50523304246744,219.52256944444446,198.75231490684854,196.19039282644644,199.50270803331387,219.58723958333334,219.82291666666666,200.19510977227753,197.0220363208757,219.60293981481482,180.0,180.0,219.74287037037038,196.18662709656925,194.1451986865436,191.05608384668906,189.0594172423459,189.5807985865738,180.0,180.0,219.61111111111111,202.61478230671761,202.75537037036898,57.0792382092867,50.57185513016654,55.431276268315315,53.78781064619262,5400.0,385.2498009280195,470.1297717540983
24.292094017094023,2.9166666666666696,0.0,8.037037037037042,3.0694444444444446,30.269764957265078,0.0,6.0314293564717305,4.5329836419110805,9.211545608326663,6.367868893629922,3.4886404940052405,1.3554341027829613,3.639033718085459,1198.1662311331906,1014.0135190870012,1687.537228638423,2.0,1.9998969958660475,2.0,1.9999280654483527,1.4506990977515353,10.581087286505554,5.265981528836403,0.5902777777777778,1.7361111111111143,0.5902777777777778,0.1751700498575499,0.3503400997150998,0.1751700498575499,8.186111111111114,2.731944444444445,13.374038461538465,3.380913018080581,3.380913018080581,6.761826036161162,0.0,0.0,0.0,0.0,0.7856788855303665,0.0,10.334699076098099,5.044953704715716,5.044953704715716,1.36888888888889,1.36888888888889,5.299259259259261,0.7673611111111112,1.5347222222222223,0.7673611111111112,0.33452625368240785,0.6690525073648157,0.33452625368240785,5.265981528836403,1.4506990977515353,1.4506990977515353,0.0,1.3554341027829613,6.001080747917961,5.141636303473519,0.0,0.0,113.36206307359302,92.53706307359262,27.887820512820632,2.3819444444444464,0.0,0.0,0.0,0.0,0.0,0.0,0.0,0.0,0.0,0.0,0.0,0.0,0.0,0.0,0.0,0.0,0.0,0.0,1.1422262853276886,1.1422262853276886,85.60678808507708,65.68768266859395,2.4968074327577705,0.0,7.990668076081159,2.303750469300554,0.0,0.0,0.0,0.0,0.0,0.0,110.88119497092855,22.444065608508378,145.478163024094,40.69148671849295,92.19388251943258,74.03122205555023,6.494159400587031,9.787989125014365,30,218.05555555555554,198.5498133662921,205.6111111111109,216.1111111111111,196.6592717540085,195.8902575966481,200.79060776868425,218.05555555555554,218.05555555555554,199.35626427661526,194.38796296296425,216.1111111111111,180.0,180.0,218.05555555555554,201.77077606866735,198.1088371161781,197.18257672920595,191.6765891817318,194.09942874543515,180.0,180.0,218.05555555555554,201.24143377448743,195.54997014776333,58.81038308337424,59.26029585370929,58.46050351784575,58.57639029962082,5580.0,394.9996638013788,515.5903040213083
28.958760683760744,29.111348369408184,15.58333333333333,1.153703703703704,21.486111111111107,14.041132478632662,1.8887418735115349,6.8284838371061145,5.423741178485734,6.15693327197374,7.873048345206536,5.003041134857519,0.4861111111111111,4.5338750252559725,1190.5692157705648,1703.3540138585474,2061.195127711028,2.0,1.9976466507648476,2.0,1.9972177194910838,0.0,23.313987421259043,0.0,4.131944444444445,20.847459480519294,4.131944444444445,2.6965393926616703,5.393078785323341,2.6965393926616703,0.45021367521367545,0.030662393162393276,28.477884615384674,0.0,0.0,0.0,3.8958333333333326,7.791666666666665,3.8958333333333326,3.07846663598687,6.15693327197374,3.07846663598687,0.17124232927697175,0.0,0.0,0.0,0.9255555555555557,0.22814814814814827,5.371527777777777,10.743055555555554,5.371527777777777,2.5015205674287593,5.003041134857519,2.5015205674287593,0.0,0.0,0.4091898148148148,0.0,0.0,0.42667824074074084,0.3605671296296296,0.4861111111111111,0.4861111111111111,133.51428529581534,110.30928529581489,13.857905982906166,0.1832264957264958,0.0,0.0,0.0,0.0,0.0,0.0,0.0,0.0,0.0,0.0,0.0,0.0,0.0,0.0,0.0,0.31629629629629635,1.5724455772152386,0.0,4.259569469700417,4.259569469700417,108.04083179455162,85.74172637806844,0.2743055555555555,0.0,19.169073601040918,0.47107638888888886,0.0,0.0,0.0,0.0,0.0,0.0,160.64316183456586,56.81479528309837,180.0,83.70080316967302,92.35246776944892,88.04740311363831,6.448399425963231,10.03052131253785,31,219.6573148148148,197.92747046019136,219.8057928138524,219.43976851851852,200.3166025127179,198.38786259851034,199.95310777131868,219.71993439091708,219.6573148148148,203.02120815119585,198.13780981180605,219.52013888888888,180.0,180.0,219.64662037037036,198.39355260297566,188.4999999999989,196.75855909074525,195.46177192301482,190.03028179663602,180.0,180.0,219.61111111111111,202.05042168411936,201.9654879409914,54.880491652915886,54.20561301620567,55.90754023477528,56.01203952576131,5760.0,358.80406059932903,637.0228483448503
49.833119658119685,43.86829281385265,0.0,23.367037037037033,23.23178808015072,9.871806644240099,7.1282246162952605,3.5749611303797395,1.6633764920487482,8.04967275452118,7.1457971443769255,7.275120794410686,0.0,3.484538693574697,1192.828095212895,1182.4865488166552,2377.1440698987535,2.0,1.9996360306011474,2.0,1.9996362314661702,0.0,34.45692322758778,2.057161773244255,0.8854166666666667,42.09745948051932,0.8854166666666667,0.6323826904688177,1.2647653809376354,0.6323826904688177,5.85277777777778,0.3986111111111128,43.581730769230795,3.8739223207621913,3.8739223207621913,7.747844641524383,0.0,0.0,0.0,0.0,0.0,0.0,8.351500867517979,4.1757504337589895,4.1757504337589895,3.702222222222223,12.032222222222215,7.632592592592595,0.0,23.23178808015072,0.0,0.0,0.0,0.0,7.1457971443769255,3.5728985721884627,12.24529495192836,0.0,0.0,18.023676619939394,0.0,0.0,0.0,150.9715002631944,118.6022815367962,5.272435897436098,0.0,4.599370746804,0.0,0.0,0.0,0.0,0.0,0.0,0.0,0.0,0.0,0.0,0.0,0.0,0.0,0.0,1.7785185185185204,5.34970609777674,0.0,0.0,0.0,140.5478606801213,90.42578523841266,3.484538693574697,0.0,51.28753773708366,4.3006832845047835,0.0,0.0,0.0,0.0,0.0,0.0,180.0,101.72165178470154,180.0,138.14701462002753,92.29119299116427,92.12590368759233,6.460132557819668,6.413159426489113,32,218.05555555555554,196.98823058804484,219.9999999999998,215.7491968911556,197.4044210259552,195.89999598404452,200.48482481872705,218.9297741042434,219.44527199074076,202.24350548327735,220.0,219.65790509259259,180.0,180.0,219.83276137550703,199.67281701993122,194.11128896315458,195.84137080279024,192.98732276104732,192.2023288057129,180.0,180.0,218.05555555555554,201.0596976353173,200.83081367533126,57.437217342999695,57.43794045100012,58.46592591626985,58.465874200759735,5940.0,378.2381980141765,829.1504303526083
59.16645299145296,72.201626147186,15.58333333333333,23.36703703703702,60.06512141348412,11.769367169512348,8.278167528765259,8.651044308410935,8.478584343317594,6.113384967681839,6.864662287366745,4.520991241400157,0.2743055555555555,0.2743055555555555,1191.3565200086503,1189.9446402891601,2652.741255720565,2.0,1.9967276767999285,2.0,1.9967276673486543,0.0,47.27670842469816,0.0,4.427083333333334,63.34745948051935,4.427083333333334,4.223960975077601,8.447921950155202,4.223960975077601,0.45021367521367545,0.030662393162393276,58.68557692307689,0.0,0.0,0.0,3.8958333333333326,7.791666666666665,3.8958333333333326,2.9734735218517434,6.113384967681839,2.9734735218517434,0.0,0.0,0.0,0.0,23.13888888888887,0.22814814814814827,4.604166666666666,50.85678808015079,4.604166666666666,2.2604956207000786,4.520991241400157,2.2604956207000786,0.0,0.0,25.866085826703664,0.0,0.2743055555555555,45.93138499249373,0.43802083333333325,0.0,0.0,176.14348115315306,134.6245037590183,0.7553418803418805,0.1832264957264958,10.830798793443972,0.0,0.0,0.0,0.0,0.0,0.0,0.0,0.0,0.0,0.0,0.0,0.0,0.0,0.0,0.31629629629629635,7.83639544213741,0.12547579033155287,0.0,0.0,166.37412068123803,105.30467412730134,0.2743055555555555,0.0,81.23153998047398,0.8979542656634383,0.0,0.0,0.0,0.0,0.0,0.0,180.0,139.82552981959225,180.0,180.0,92.37308923224761,92.25346790657147,6.453587738327274,6.452422973481527,33,219.61324074074074,198.69059327953246,219.9999999999998,219.4177314814815,200.73614784656638,198.667192163071,199.8160818013029,219.66421737610085,219.61324074074074,202.4213773148135,220.0,219.49810185185186,180.0,180.0,219.61111111111111,203.7329614172243,194.87179487179384,202.46967518467787,198.76191162248642,194.14730095347667,180.0,180.0,219.61111111111111,202.48742431822768,203.0755555555539,54.3656878575193,54.36569562591268,54.88620428377065,54.88618080524056,6120.0,354.7827930151443,1073.0663491704552
80.04081196581204,86.36829281385248,0.0,45.580370370370346,78.4817880801509,19.184525550628905,14.571220435442324,3.0820760070311577,1.5835252127145678,7.687436948557843,6.542879951599801,6.973662198022124,0.0,0.0,1192.6509010361613,1191.7908293981839,2888.3221291828104,2.0,1.9995456986038467,2.0,1.9995456985980595,0.0,58.16511970981143,1.6042022895627632,0.8854166666666667,84.59745948051913,0.8854166666666667,0.5924570508017275,1.184914101603455,0.5924570508017275,5.85277777777778,0.3986111111111128,73.78942307692314,3.5316710069444452,3.5316710069444452,7.0633420138888905,0.0,0.0,0.0,0.0,0.0,0.0,8.31828805980258,4.155765941613398,4.155765941613398,3.702222222222223,34.245555555555526,7.632592592592595,0.0,78.4817880801509,0.0,0.0,0.0,0.0,6.542879951599801,3.2714399757999004,37.40774153037589,0.0,0.0,73.55345391564954,4.7568686977424655,0.0,0.0,200.35370894822478,142.86894820346214,0.4861111111111096,0.0,17.596910927290246,1.1015035122275478,0.0,0.0,0.0,0.0,0.0,0.0,0.0,0.0,0.0,0.0,0.0,0.0,0.0,0.0,11.08508858765456,3.4861318477877634,0.0,0.0,190.64950233382018,127.19974055212926,0.0,0.0,112.01356141434515,29.187753767417334,0.0,0.0,0.0,0.0,0.0,0.0,180.0,180.0,180.0,180.0,92.27717147013736,92.19167882367823,6.460157214242418,6.460129398572038,34,218.05555555555554,197.311002906065,219.9999999999998,215.97567663299637,199.82294129193176,198.26346717464406,200.92175414687446,219.19848924549228,219.44527199074076,201.73033024328547,220.0,219.65790509259259,180.0,180.0,219.81883212180298,199.79189504117977,196.38150446018446,200.78690698006238,196.74591029226832,196.0788334242335,180.0,180.0,218.1304548789303,201.90778035338897,203.93632557071723,57.437216865746954,57.43721692506564,57.956866347724656,57.956866186404994,6300.0,396.1568782282179,1344.9282626802117
89.37414529914555,114.70162614718556,15.58333333333333,45.58037037037033,115.31512141348436,32.91472637274177,20.09077057911047,7.662275919638412,6.501047565772549,5.9622956957834905,6.905474581539554,4.602615829745776,0.0,0.0,1192.1013420316333,1191.5054236375086,3083.839304688222,2.0,1.9976802194338927,2.0,1.9976802193941583,0.0,69.89420188490773,0.0,4.427083333333334,105.8474594805189,4.427083333333334,3.235192586305078,6.470385172610156,3.235192586305078,0.45021367521367545,0.030662393162393276,88.89326923076949,0.0,0.0,0.0,3.8958333333333326,7.791666666666665,3.8958333333333326,2.9811478478917453,5.9622956957834905,2.9811478478917453,0.0,0.0,0.0,0.0,45.35222222222218,0.22814814814814827,4.604166666666666,106.10678808015102,4.604166666666666,2.301307914872888,4.602615829745776,2.301307914872888,0.0,0.0,50.024470723247475,0.0,0.0,101.15589916687576,29.93638360166353,0.0,0.0,224.7783021478163,164.91355202974754,0.7553418803418805,0.1832264957264958,24.2143018704757,7.761856126197694,0.0,0.0,0.0,0.0,0.0,0.0,0.0,0.0,0.842725225591366,0.0,0.06558577892732878,0.0,0.0,0.31629629629629635,13.6867166842434,6.087757598570774,0.0,0.0,216.21188420779902,150.38212197880668,0.0,0.0,141.2972150032973,56.09140501056363,0.0,0.0,0.0,0.0,0.0,0.0,180.0,180.0,180.0,180.0,92.3384787854354,92.27889950120179,6.457592059056648,6.457591380894393,35,219.63581374643874,198.84612744621,219.9999999999998,219.4290179843305,201.51913658360917,199.4541372278236,199.9665544635043,219.7069521632737,219.63581374643874,202.45203887501282,220.0,219.50938835470086,180.0,180.0,219.64662037037036,199.10604671888083,192.2822538792878,205.62944657337056,199.60037611187917,197.65424501386093,180.0,180.0,219.82291666666666,203.0418935215313,202.8201981513045,55.3826931124168,55.38269311227721,55.4017103291868,55.40171024820617,6480.0,395.1385994104585,1673.2244336708939
110.24850427350474,128.868292813852,0.0,67.79370370370366,133.73178808015112,52.10217839159621,26.79853740224501,3.063140192540326,1.583506345633097,7.660830583470402,6.531618960699483,6.968031702571965,0.0,0.0,1195.6113540890751,1195.2038181062694,3279.4100587944404,2.0,1.9998544839557504,2.0,1.9998544839556822,0.0,80.43493391240776,1.5852759086126673,0.8854166666666667,127.09745948051868,0.8854166666666667,0.592447617260992,1.184895234521984,0.592447617260992,5.85277777777778,0.3986111111111128,103.99711538461584,3.518471762708028,3.518471762708028,7.036943525416056,0.0,0.0,0.0,0.0,0.0,0.0,8.284717641524747,4.142358820762373,4.142358820762373,3.702222222222223,56.458888888888836,7.632592592592595,0.0,133.73178808015112,0.0,0.0,0.0,0.0,6.531618960699483,3.2658094803497413,61.221290782403976,0.0,0.0,129.4002243240805,55.80070911063055,0.0,0.0,247.39078094880526,185.1460322447088,5.15277777777778,0.0,31.700923003167084,15.248477610651351,0.0,0.0,0.0,0.0,0.0,0.0,0.0,0.0,25.813300530811524,0.0,26.801342877269125,0.0,0.0,0.0,17.198748171110132,9.599789231134876,0.0,0.0,239.97281219948437,171.7630501345071,0.0,0.0,168.6257991967654,81.03998934972856,0.0,0.0,0.0,0.0,0.0,0.0,180.0,180.0,180.0,180.0,92.24616834234622,92.20541505529324,6.477621892018975,6.477621875187229,36,218.05555555555554,197.12600740658579,219.9999999999998,215.9851398234714,199.43311043126056,197.86552084220344,200.73416384893338,219.28246543894207,219.4951917951894,201.96881985451716,220.0,219.7577447014899,180.0,180.0,219.8295158185962,199.26552065436223,202.44720135137405,201.3916559564022,196.9197360578414,220.0,180.0,180.0,220.0,207.87428142581567,204.06078474188544,58.46277248060583,58.46277248090005,58.4659601948263,58.46596019366236,6660.0,457.1742695510542,2037.3490874292431
119.58183760683825,157.20162614718515,15.58333333333333,67.79370370370373,173.634565857929,61.08616831760244,32.34368502213704,7.543057390640524,6.262610507776772,4.847608807584507,8.337446597397125,4.397115417016475,0.0,0.0,1191.7880795628407,1191.5133035641065,3474.861647715292,2.0,1.9976813057690068,2.0,1.9976813057686358,0.0,92.17609015939466,0.0,4.427083333333334,148.34745948051847,4.427083333333334,3.1159740573071892,6.2319481146143785,3.1159740573071892,0.45021367521367545,0.030662393162393276,119.10096153846219,0.0,0.0,0.0,3.8958333333333326,7.791666666666665,3.8958333333333326,2.4238044037922535,4.847608807584507,2.4238044037922535,0.0,0.0,0.0,0.0,67.56555555555558,0.22814814814814827,6.1388888888888875,161.35678808015123,6.1388888888888875,2.1985577085082375,4.397115417016475,2.1985577085082375,0.0,0.0,73.87819141050798,0.0,0.0,155.79506470983097,79.81554966100643,0.0,0.0,271.8021017093078,207.17735311096573,0.7553418803418805,0.1832264957264958,38.30002258471216,21.847577356821912,0.0,0.0,0.0,0.0,0.0,0.0,0.0,10.294687700387284,50.09188513053383,19.291721533735167,46.14062053489111,0.0,0.0,0.31629629629629635,19.81317382218092,12.21421490365982,0.0,0.0,265.54124203593034,194.9514799807511,0.0,0.0,192.2635581811698,102.2977483555866,0.0,0.0,0.0,0.0,0.0,0.0,180.0,180.0,180.0,180.0,92.34607191203675,92.31859432130648,6.455481866966785,6.455481866473155,37,219.70732816951568,198.7893831616299,219.9999999999998,219.46477519586895,202.65889346864483,199.49417995787027,200.48305705350364,219.8352679877953,219.70732816951568,204.33560185185073,220.0,219.5451455662393,180.0,180.0,220.0,201.4687095520827,192.28243250929705,203.8686267852493,220.0,220.0,180.0,180.0,220.0,211.02647874791614,202.81990604062446,55.38865128853377,55.388651288592875,55.39722257545856,55.39722257463434,6840.0,507.339426930277,2419.6955588811584
137.72425213675297,171.95857059162933,0.0,79.30481481481509,192.0512325245958,80.29234158296296,39.05815557014103,1.7526709401709404,1.1442307692307694,7.084257934315224,1.887314814814815,0.7051851851851852,0.0,0.0,1195.5981408756475,1195.414987468114,3670.233424710218,2.0,1.9998544825241211,2.0,1.9998544825241207,0.0,102.18461276545628,0.0,1.1805555555555556,169.59745948051824,1.1805555555555556,0.5721153846153847,1.1442307692307694,0.5721153846153847,3.5194444444444466,0.0,134.20480769230852,3.069618055555555,3.069618055555555,6.13923611111111,0.0,0.0,0.0,0.0,0.0,0.0,8.029279757519339,4.014639878759669,4.014639878759669,0.0,78.67222222222249,0.6325925925925946,1.5347222222222223,188.98178808015135,1.5347222222222223,0.3525925925925926,0.7051851851851852,0.3525925925925926,0.0,0.0,85.05317595907799,0.0,0.0,179.1729697156348,100.8134546726999,0.0,0.0,294.4478049833113,227.44305640318103,5.15277777777778,0.0,45.79600451359284,29.34355929159234,0.0,0.0,0.0,0.0,0.0,0.0,0.0,27.01293092028752,74.41806681043066,43.61790321363196,72.87405657114472,0.0,0.0,0.0,23.328557244014668,15.729598326126363,0.0,0.0,289.3084008747229,216.33863882114954,0.0,0.0,216.80227493633726,124.45646511138625,0.0,0.0,0.0,0.0,0.0,0.0,180.0,180.0,180.0,180.0,92.24594863391357,92.22763329338409,6.477562319800123,6.477562319788017,38,219.3111483252524,196.4140466959633,219.9999999999998,218.72918527373733,199.63507011078013,197.97133239594544,200.51655245252294,219.28227686074933,218.56058119562277,196.75712774565363,220.0,219.20537037037036,180.0,180.0,220.0,203.91722683685836,202.44727677842923,201.39099048079626,220.0,220.0,180.0,180.0,220.0,207.87369057596356,204.0598954682607,58.46277409826421,58.46277409826444,58.465941203538826,58.46594120353412,7020.0,631.1248383192166,2786.369042625442
149.78952991453093,200.29190392496247,17.319444444444443,90.00703703703755,229.65192696904035,89.28147887332497,44.60402312694579,7.424863606611591,5.435945161941129,5.2849650147943965,8.809285064790613,4.57343124069234,0.0,0.0,1191.780481251067,1191.6595354545923,3865.6203207189615,2.0,1.9976812995325421,2.0,1.9976812995325408,0.0,113.53766346493252,0.0,4.722222222222223,190.847459480518,4.722222222222223,2.7026413843893677,5.4052827687787355,2.7026413843893677,0.45021367521367545,0.030662393162393276,149.30865384615487,0.0,0.0,0.0,4.249999999999999,8.819444444444445,4.249999999999999,2.4780646950603913,5.2849650147943965,2.4780646950603913,0.0,0.0,0.0,0.0,89.7788888888894,0.22814814814814827,6.522569444444443,216.60678808015146,6.522569444444443,2.28671562034617,4.57343124069234,2.28671562034617,0.0,0.0,97.4345140389084,0.0,0.0,201.65656613833613,120.9170510959162,0.0,0.0,318.86079549234216,249.47604691256336,0.7553418803418805,0.1832264957264958,52.39767785937102,35.945232637885574,0.0,0.0,0.0,0.0,0.0,0.0,0.0,40.551507459598426,97.41135696977176,66.61119337297296,92.21329518941374,0.0,0.0,0.31629629629629635,25.943342874238148,18.344383956411345,0.0,0.0,314.87699276435774,239.52723071081402,0.0,0.0,240.4403938998945,145.7145840750042,0.0,0.0,0.0,0.0,0.0,0.0,180.0,180.0,180.0,180.0,92.34534658150437,92.33325200186363,6.455480016033667,6.455480016033307,39,219.884411502849,198.9852029914542,219.9999999999998,219.5533168625356,202.60879398664207,200.70147426711657,200.06652368445583,219.77250089031338,219.70732816951568,204.7192824074061,220.0,219.5451455662393,180.0,180.0,220.0,205.75717272555133,192.28243251662042,203.86859871906992,220.0,220.0,180.0,180.0,220.0,211.02647815732993,202.81990574533143,55.388651526347395,55.38865152634743,55.39720958714552,55.397209587142804,7200.0,716.6594847270245,3190.37305829897
165.59861111111232,215.0488483694067,13.195058580432278,100.88555555555631,248.06859363570712,108.47887074677749,56.46093163087357,2.1908386752136755,1.4302884615384617,7.278553629643316,2.359143518518519,0.8814814814814815,0.0,0.0,1195.6310664567216,1195.5518178250268,4061.016462291412,2.0,1.9999089177158882,2.0,1.9999089177158882,0.0,123.51075256837261,0.0,1.4756944444444444,212.09745948051778,1.4756944444444444,0.7151442307692308,1.4302884615384617,0.7151442307692308,1.186111111111113,0.0,164.41250000000122,2.951660879629629,2.951660879629629,5.903321759259258,0.0,13.195058580432278,0.0,0.0,0.3288358589880443,0.0,7.9961137820512835,3.9980568910256418,3.9980568910256418,0.0,100.88555555555631,0.0,1.918402777777778,244.23178808015157,1.918402777777778,0.44074074074074077,0.8814814814814815,0.44074074074074077,0.0,0.0,108.84424855477965,0.0,0.0,225.03008045112142,141.91056540871983,0.0,0.0,341.48165924308904,269.71691066336547,5.15277777777778,0.0,59.88926909523321,43.43682387376649,0.0,0.0,0.0,0.0,0.0,0.0,0.0,57.397587559018135,121.7896997729336,90.9895361761348,118.94673113265414,0.0,0.0,4.1118518518518545,29.974019348423404,22.375060430598307,0.0,0.0,337.6158258719816,259.8860638184434,0.0,0.0,265.4944037074134,168.38859388252428,0.0,0.0,0.0,0.0,0.0,0.0,180.0,180.0,180.0,180.0,92.24673603556134,92.23881117239203,6.477562274444198,6.477562274444189,40,219.90277777777777,194.12006525874347,219.9999999999998,219.5318376068376,198.99072278862155,200.56849843702872,212.7792359490684,219.61111111111111,220.0,195.9967016681634,220.0,219.69148148148147,180.0,180.0,220.0,203.91722684700903,202.44727679358746,201.26315699608128,220.0,220.0,180.0,180.0,220.0,207.61695490465104,208.29904222313274,58.46277409908264,58.46277409908264,58.97680492888578,58.97680492888568,7380.0,829.4937127482472,3571.490375268066
179.99722222222363,242.791903924962,47.195058580432274,112.22037037037137,284.90192696904,117.44122525446843,58.422985078727805,7.424863606388627,5.4359451614952015,4.2251783248075245,8.745805434522604,4.446471980156321,0.0,0.0,1191.8529414022098,1191.80135402513,4256.438963424434,2.0,1.9979502392570097,2.0,1.9979502392570094,0.0,134.99020436290647,0.0,4.722222222222223,233.34745948051756,4.722222222222223,2.702641384166404,5.405282768332808,2.702641384166404,0.45021367521367545,0.030662393162393276,179.51634615384756,0.0,13.83684823475127,0.23461805555555576,4.249999999999999,38.695058580432274,4.249999999999999,1.9801291930317175,4.2251783248075245,1.9801291930317175,0.0,0.0,16.05033061848749,0.0,111.99222222222322,0.22814814814814827,6.522569444444443,271.8567880801511,6.522569444444443,2.2232359900781606,4.446471980156321,2.2232359900781606,0.0,0.0,120.62584520313308,0.0,0.0,247.5002854827444,162.00077044034288,0.0,0.0,365.86800618806166,291.72325760833786,0.7553418803418805,0.1832264957264958,66.47755104993308,50.025105828466984,0.0,0.0,0.0,0.0,0.0,0.0,0.0,70.68162099588444,125.40008179839965,94.59991820160086,138.28596974267305,0.0,0.0,0.31629629629629635,32.85282385012774,25.253864932303767,0.0,0.0,362.67382045185377,282.56405839831564,0.0,0.0,289.3965415424518,189.91073171756273,0.0,0.0,0.0,0.0,0.0,0.0,180.0,180.0,180.0,180.0,92.34016138997227,92.3350026522643,6.455480014698842,6.455480014698841,41,219.884411502849,198.98520299145397,219.9999999999998,219.5533168625356,202.60865987195336,200.73343211261079,220.0,219.5787045940171,219.70732816951568,204.71928240740584,220.0,219.5451455662393,180.0,180.0,220.0,205.75717272556156,192.28243251662533,202.00356844474908,220.0,220.0,180.0,180.0,220.0,210.51431426900442,202.56382380116852,55.38865152650789,55.38865152650789,55.90573427858275,55.90573427858248,7560.0,904.1575875855517,3977.202547651137
192.48788461538635,254.13218170274024,60.59505858043231,121.53088888889009,298.8769269690406,131.61715603929258,67.20688179243685,1.8815438034188035,1.2283653846153846,6.000682514245016,2.026087962962963,0.7570370370370371,0.0,0.0,1195.7012510843429,1195.6678579367021,4411.222661426333,2.0,1.9999089002972357,2.0,1.9999089002972357,0.0,144.95365455218112,0.0,1.2673611111111112,251.597459480518,1.2673611111111112,0.6141826923076923,1.2283653846153846,0.6141826923076923,0.0,0.0,192.48788461538635,2.5461192129629633,23.21227995156897,5.299773148148149,0.0,60.59505858043231,0.0,0.0,0.0,0.0,6.909126602564104,3.454563301282052,27.46755922901057,0.0,121.53088888889009,0.0,1.6475694444444444,295.5817880801517,1.6475694444444444,0.37851851851851853,0.7570370370370371,0.37851851851851853,0.0,0.0,131.42269145261366,0.0,0.0,267.1709154050705,179.6274003626703,0.0,0.0,384.77661310093356,308.587864521213,3.0527777777777754,0.0,72.50841174149011,56.055966520024704,0.0,0.0,0.0,0.0,0.0,0.0,0.0,86.56957189252523,125.40008179839965,94.59991820160086,162.99344414738906,0.0,0.0,2.8176296296296304,35.994105540315466,28.395146622491747,0.0,0.0,381.5606466924645,299.406884638925,0.0,0.0,310.59315656597397,209.06334674108433,0.0,0.0,0.0,0.0,0.0,0.0,180.0,180.0,180.0,180.0,92.25375568322751,92.25041636846343,6.47756227441146,6.47756227441146,42,219.7569560185185,196.3287618399601,219.9999999999998,219.51815749643873,200.88661949668932,200.10535370073123,220.0,219.3458408385629,220.0,199.08951844794157,220.0,219.73503703703705,180.0,180.0,220.0,205.37107300086234,202.11073833205987,204.24815753654335,220.0,220.0,180.0,180.0,220.0,208.5102079345611,208.79373553506167,58.462774099083234,58.462774099083234,58.97632053503778,58.97632053503778,7740.0,974.9994311185837,4286.0333949501055
199.06250000000142,265.215515036074,75.08672524709904,126.36555555555684,313.2852603023749,130.2288104432014,62.98733174274237,4.187043093567953,4.006030631580348,3.4744906462135488,4.553556278998557,3.42864033577489,0.0,0.0,1191.880898060259,1191.8593869975705,4444.204974462855,2.0,1.9979499490417973,2.0,1.9979499490417973,0.0,154.452605581538,0.0,2.1840277777777786,260.84745948051847,2.1840277777777786,2.003015315790174,4.006030631580348,2.003015315790174,0.0,0.0,199.06250000000142,0.0,31.00162113996923,0.0,1.6958333333333337,71.69505858043236,1.6958333333333337,1.7372453231067744,3.4744906462135488,1.7372453231067744,0.0,0.0,36.44395688809088,0.0,126.36555555555684,0.0,2.8392361111111124,307.6067880801527,2.8392361111111124,1.714320167887445,3.42864033577489,1.714320167887445,0.0,0.0,141.5913104514025,0.0,0.0,274.8618451711277,186.28233012872766,0.0,0.0,394.38896418997336,317.1642156102519,0.10918803418803424,0.0,73.28603381523946,56.83358859377392,0.0,0.0,0.0,0.0,0.0,0.0,0.0,96.72868112626179,125.40008179839965,94.59991820160086,177.8971058343252,0.0,0.0,0.0,35.293145330283046,27.694186412459327,0.0,0.0,391.1655927689322,307.97583071539174,0.0,0.0,319.04352968927594,216.4777198643854,0.0,0.0,0.0,0.0,0.0,0.0,180.0,180.0,180.0,180.0,92.34297029841318,92.34081919214435,6.455480014697872,6.455480014697872,43,219.82364654558404,211.04311431624006,219.9999999999998,219.72919506766382,208.5552009186911,206.4691406046847,220.0,219.84680822649574,219.82364654558404,212.50574999999827,220.0,219.77752697649572,180.0,180.0,220.0,213.51101887940754,207.79012482431796,208.51276992353849,220.0,220.0,180.0,180.0,220.0,215.2928019136811,212.12106762350695,55.38865152650802,55.38865152650802,55.90506995083501,55.90506995083501,7920.0,965.1317918828364,4459.525330713842
203.50480769230893,267.791903924962,79.19505858043219,129.6322222222233,316.8602603023753,130.55601898235048,62.10243709923226,0.5154914529914529,0.33653846153846156,2.0548969907407413,0.6938657407407408,0.2592592592592593,0.0,0.0,1195.7084211263616,1195.694622903501,4436.587028767137,2.0,1.9999089002462378,2.0,1.9999089002462378,0.0,159.94522141337075,0.0,0.3472222222222222,267.09745948051756,0.3472222222222222,0.16826923076923078,0.33653846153846156,0.16826923076923078,0.0,0.0,203.50480769230893,0.8942199074074078,35.1614404141877,1.7884398148148155,0.0,79.19505858043219,0.0,0.0,0.0,0.0,2.3213541666666675,1.1606770833333337,41.186775776391706,0.0,129.6322222222233,0.0,0.5642361111111112,315.73178808015314,0.5642361111111112,0.12962962962962965,0.2592592592592593,0.12962962962962965,0.0,0.0,147.99883946536926,0.0,0.0,279.7511973039506,190.4716822615506,0.0,0.0,398.52195128849763,320.5972027087762,0.0,0.0,73.50423210190802,57.05178688044247,0.0,0.0,0.0,0.0,0.0,0.0,0.0,103.99240775112594,125.40008179839965,94.59991820160086,188.5440033159642,0.0,0.0,0.0,34.85069800852799,27.251739090704273,0.0,0.0,394.59751499541113,310.7077529418705,0.0,0.0,324.78441570085363,221.51860587596428,0.0,0.0,0.0,0.0,0.0,0.0,180.0,180.0,180.0,180.0,92.25447269126491,92.25309286897887,6.477562274411436,6.477562274411436,44,219.02777777777777,210.5496592758576,219.9999999999998,219.39049145299145,211.55383024467608,212.4943377828929,220.0,219.6742207977208,218.24098157051282,211.5621757793746,220.0,219.02975004451568,180.0,180.0,220.0,211.01818838547788,210.35219132351318,211.63237226217095,220.0,220.0,180.0,180.0,220.0,211.9904804032119,212.93666358892688,58.462774099083234,58.462774099083234,58.97631899013073,58.97631899013073,8100.0,984.7318538606074,4534.778006430987
207.94711538461644,275.6044039249611,89.40339191376536,132.8988888888895,327.08664919126466,130.22634416064778,59.42174026712395,2.7831702303200885,3.309396016195732,3.0377933943964193,3.102140546746597,2.9744199823820843,0.0,0.0,1195.898543359827,1195.8897255647698,4428.967236975404,2.0,1.998691726945059,2.0,1.998691726945059,0.0,164.17527292251154,0.0,1.1284722222222223,273.34745948051665,1.1284722222222223,1.654698008097866,3.309396016195732,1.654698008097866,0.0,0.0,207.94711538461644,0.0,38.939836351550085,0.0,1.3541666666666667,86.69505858043202,1.3541666666666667,1.5188966971982096,3.0377933943964193,1.5188966971982096,0.0,0.0,45.3278716192326,0.0,132.8988888888895,0.0,1.6149305555555549,323.8567880801536,1.6149305555555549,1.4872099911910421,2.9744199823820843,1.4872099911910421,0.0,0.0,152.15005497055952,0.0,0.0,284.25751373925357,194.27799869685362,0.0,0.0,403.4163738082746,324.791625228553,0.0,0.0,73.33939469105664,56.88694946959115,0.0,0.0,0.0,0.0,0.0,0.0,0.0,110.07390762326654,125.40008179839965,94.59991820160086,196.88591286614792,0.0,0.0,0.0,33.51034959247384,25.911390674650118,0.0,0.0,399.82530953889267,315.2355474853519,0.0,0.0,329.6274006181321,225.6615907932441,0.0,0.0,0.0,0.0,0.0,0.0,180.0,180.0,180.0,180.0,92.31636422669442,92.3154824471887,6.478284857316896,6.478284857316896,45,219.91392004985755,213.303685897437,219.9999999999998,219.83356258903135,214.36909138943682,213.7359407490427,220.0,219.8909588675214,219.91392004985755,214.92083333333144,220.0,219.86621928418805,180.0,180.0,220.0,214.4246946732142,211.15465502891362,212.7400691043555,220.0,220.0,180.0,180.0,220.0,215.97563253508375,214.25448293420826,56.41226186361849,56.41226186361849,56.416904739788706,56.416904739788706,8280.0,1001.8984086537383,4645.877968779042
212.38942307692395,279.96273725829354,94.19505858043185,136.1655555555557,332.50331585793185,135.03136322580383,60.18742199982285,0.26677350427350316,0.17462606837606728,2.3777059280334614,0.31261574074073967,0.10370370370370371,0.0,0.0,1196.149103742216,1196.1434873891637,4421.336966399501,2.0,2.0,2.0,2.0,0.0,167.49082031426767,0.0,0.18263888888888777,279.59745948051574,0.18263888888888777,0.08413461538461539,0.17462606837606728,0.08413461538461539,0.0,0.0,212.38942307692395,1.0327999293914272,42.2229997788679,2.0655998587828543,0.0,94.19505858043185,0.0,0.0,0.0,0.0,2.6898119972840684,1.3449059986420342,49.21518299264272,0.0,136.1655555555557,0.0,0.2607638888888878,331.98178808015405,0.2607638888888878,0.05185185185185186,0.10370370370370371,0.05185185185185186,0.0,0.0,155.80970510432286,0.0,0.0,290.1689976308065,199.48948258840653,0.0,0.0,405.4952804453717,326.17053186565045,2.171794871794874,0.15256410256410402,74.57972473645518,58.12727951498969,0.0,0.0,0.0,0.0,0.0,0.0,0.0,116.24529999733049,125.40008179839965,94.59991820160086,205.7065288955423,0.0,0.0,0.6222222222222233,33.582079347712174,25.983120429888455,0.0,0.0,402.23386971151905,316.94410765797807,0.0,0.0,335.8824637067033,231.21665388181634,0.0,0.0,0.0,0.0,0.0,0.0,180.0,180.0,180.0,180.0,92.25476862170402,92.25420698639876,6.479701726795678,6.479701726795678,46,219.95462962962964,210.68058209717518,219.9999999999998,219.85391737891737,213.00463658546045,213.16381315941206,220.0,219.86401353276352,219.93830128205127,211.68562541808834,220.0,219.8784099002849,180.0,180.0,220.0,210.8059079456254,212.70279371640123,211.7594767460288,220.0,220.0,180.0,180.0,220.0,211.88598805318355,213.60966069325812,59.48754828469907,59.48754828469907,59.48799581999167,59.48799581999167,8460.0,1035.586201435348,4722.410220616643
216.83173076923146,288.2960705916259,103.98672524709833,139.4322222222219,343.33664919126556,134.96431692098437,56.892004118971144,2.7560086707026956,3.0697630679011185,1.5445820164055544,3.000311582850544,2.7707620545899783,0.0,0.0,1196.064377518676,1196.0608108778079,4413.687000486845,2.0,1.998691209525565,2.0,1.998691209525565,0.0,171.3161253478582,0.0,1.2243055555555546,285.84745948051483,1.2243055555555546,1.5317031151471412,3.0697630679011185,1.5317031151471412,0.0,0.0,216.83173076923146,0.0,45.80114049164648,0.0,1.1458333333333333,101.69505858043168,1.1458333333333333,0.7722910082027772,1.5445820164055544,0.7722910082027772,0.0,0.0,53.14697701110268,0.0,139.4322222222219,0.0,1.6149305555555549,340.1067880801545,1.6149305555555549,1.3853810272949891,2.7707620545899783,1.3853810272949891,0.0,0.0,159.76166988707232,0.0,0.0,294.67534062208904,203.2958255796891,0.0,0.0,410.3847617072134,330.360013127492,2.586934379283229,0.0,74.41491388158332,57.96246866011783,0.0,0.0,0.0,0.0,0.0,0.0,0.0,122.14807290021767,125.40008179839965,94.59991820160086,213.6133575883857,0.0,0.0,0.0,32.24548151839743,24.646522600573714,0.0,0.0,407.4650097934035,321.4752477398621,0.0,0.0,340.7291992107215,235.36338938583538,0.0,0.0,0.0,0.0,0.0,0.0,180.0,180.0,180.0,180.0,92.32141085286794,92.3210541887811,6.47891062946184,6.47891062946184,47,219.91392004985755,212.89280887537032,219.9999999999998,219.83356258903135,214.01171855361474,213.34601537433778,220.0,219.95008680555557,219.91392004985755,214.59838898620288,220.0,219.86621928418805,180.0,180.0,220.0,214.42438738797048,213.74143576557483,210.91140004391343,220.0,220.0,180.0,180.0,220.0,215.97497677814331,214.25415505573793,56.41218735553054,56.41218735553054,56.41557630000429,56.41557630000429,8640.0,1056.9182050671145,4828.039706894175
221.27403846153896,292.4627372582917,109.1950585804315,142.6988888888881,349.3602603023771,147.09023698101362,57.66136285527407,0.26677350427350316,0.17462606837606728,2.2824074513881722,0.6938657407407408,0.2592592592592593,0.0,0.0,1196.1839002359459,1196.1816412951848,4406.029047613322,2.0,2.0,2.0,2.0,0.0,174.62502711664712,0.0,0.18263888888888777,292.0974594805139,0.18263888888888777,0.08413461538461539,0.17462606837606728,0.08413461538461539,0.0,0.0,221.27403846153896,0.9375006958580139,49.044186249581166,1.8750013917160278,0.0,109.1950585804315,0.0,0.0,0.0,0.0,2.6898135110603167,1.3449067555301584,57.130236455452895,0.0,142.6988888888881,0.0,0.5642361111111112,348.23178808015496,0.5642361111111112,0.12962962962962965,0.2592592592592593,0.12962962962962965,0.0,0.0,163.43386661695658,0.0,0.0,300.5868322076056,208.50731716520568,0.0,0.0,412.46372455633497,331.7389759766136,12.07961485802403,0.15256410256410402,75.65525162094548,59.20280639947999,0.0,0.0,0.0,0.0,0.0,0.0,0.0,128.32016149346066,125.40008179839965,94.59991820160086,218.3393033508117,0.0,0.0,0.6222222222222233,32.31904977543778,24.720090857614064,0.0,0.0,409.87946169678025,323.1896996432391,0.0,0.0,346.98610080109484,240.92029097620951,0.0,0.0,0.0,0.0,0.0,0.0,180.0,180.0,180.0,180.0,92.25793169061454,92.25770579653843,6.479718848222209,6.479718848222209,48,219.95462962962964,210.34460393697407,219.9999999999998,219.85391737891737,213.26327012957,213.38513154118746,220.0,219.94814814814814,219.93830128205127,211.68509313814425,220.0,219.8784099002849,180.0,180.0,220.0,209.3881076275244,218.5635416410069,214.8327298222879,220.0,220.0,180.0,180.0,220.0,211.88446931167948,213.60890132250597,59.487548284491034,59.487548284491034,59.48789092656053,59.48789092656053,8820.0,1082.0721626448274,4912.616403805638
225.71634615384647,300.7960705916241,119.66450302487577,145.9655555555543,360.19359363571095,158.44516475941606,54.37000535095167,3.0710643465652314,3.69987441962619,1.1165247060673151,3.381773001611081,2.9267404476666052,0.0,0.0,1196.0855721769117,1196.0841449205484,4398.361287632456,2.0,1.9986771522443112,2.0,1.9986790714641944,0.0,178.19805344227413,0.0,1.2243055555555546,298.347459480513,1.2243055555555546,1.846758791009677,3.69987441962619,1.846758791009677,0.0,0.0,225.71634615384647,0.0,52.71786071055769,0.0,1.4847222222222214,116.69505858043134,1.4847222222222214,0.5582623530336576,1.1165247060673151,0.5582623530336576,0.0,0.0,61.23463753383114,0.0,145.9655555555543,0.0,1.9184027777777786,356.3567880801554,1.9184027777777786,1.4633702238333026,2.9267404476666052,1.4633702238333026,0.0,0.0,167.18481069101998,0.0,0.0,305.22096231062324,212.44144726822321,0.0,0.0,417.09763252176583,335.6728839420442,23.661154225264163,0.0,75.61822787780869,59.165782656343204,0.0,0.0,0.0,0.0,0.0,0.0,0.0,134.2235255004844,125.40008179839965,94.59991820160086,219.39064562292123,0.0,0.0,0.0,30.984482134387697,23.38552321656398,0.0,0.0,415.11238038888877,327.7226183353475,0.0,0.0,351.8348664933777,245.06905666849326,0.0,0.0,0.0,0.0,0.0,0.0,180.0,180.0,180.0,180.0,92.3241760810565,92.3239446464628,6.478911042037746,6.478911042037746,49,219.92969529024217,212.89280887531712,219.9999999999998,219.84145020922367,214.69014789293018,213.84741494414493,220.0,219.95008680555557,219.92969529024217,214.97961201367457,220.0,219.87410690438037,180.0,180.0,220.0,214.1269026821187,219.454693625556,215.62147074609447,220.0,220.0,180.0,180.0,220.0,215.974739288829,214.2540363110807,56.3796896335434,56.384163271728816,56.41509432649361,56.41509432649361,9000.0,1093.062594930813,5023.752542810946
231.2535256410258,304.7710705916232,124.6645030248756,149.23222222222049,365.61026030237804,175.70772425888282,55.14070542172589,0.12887286324786323,0.08413461538461539,0.11170970403305622,0.6938657407407408,0.2592592592592593,0.0,0.0,1196.099520121737,1196.0979880567734,4390.685528357964,2.0,1.9999999188718462,2.0,1.9999999287008106,0.0,181.03716582891508,0.0,0.08680555555555555,304.5974594805121,0.08680555555555555,0.042067307692307696,0.08413461538461539,0.042067307692307696,1.0948717948717965,0.0,230.15865384615398,0.0,55.96098090939672,0.0,0.2347222222222211,124.19505858043117,0.2347222222222211,0.05585485201652811,0.11170970403305622,0.05585485201652811,0.0,0.0,65.34972885153249,0.0,149.23222222222049,0.0,0.5642361111111112,364.48178808015587,0.5642361111111112,0.12962962962962965,0.2592592592592593,0.12962962962962965,0.0,0.0,170.47912835957393,0.0,0.0,311.51560616680354,218.03611904425378,0.0,0.0,418.41181811102933,336.2871948999999,35.65747501559803,2.0192307692307696,77.24171788783465,60.789300586219376,0.0,0.0,0.0,0.0,0.0,0.0,0.0,140.39586654773927,125.40008179839965,94.59991820160086,219.8215025771875,0.0,0.0,0.6222222222222233,31.058720925842444,23.459762273661223,0.0,0.0,417.5289994732738,329.43923847448104,0.0,0.0,358.09243861816526,250.62662905892444,0.0,0.0,0.0,0.0,0.0,0.0,180.0,180.0,180.0,180.0,92.26574161659475,92.26579090176753,6.478840323470827,6.478829347709549,50,218.51960412346526,211.13255216023182,219.9999999999998,217.7790328309634,212.23383373519638,211.46797967633853,220.0,219.8929309116809,219.93830128205127,211.6849000564609,220.0,219.8784099002849,180.0,180.0,219.93270793554052,211.3918285262622,219.82950857751683,216.31473596698055,220.0,220.0,180.0,180.0,220.0,211.8839213269616,213.6086273301471,59.453101116996464,59.45523276656604,59.487852049666344,59.48785193067755,9180.0,1118.4657058916173,5100.272635541362
234.6009615384615,313.10440392495565,134.66450302487567,152.49888888888668,376.44359363571186,186.14634587286577,51.85100001736305,2.8294264828733313,3.401908521302218,0.9478836521276757,3.3818569352906396,2.9269083150257225,0.0,0.0,1196.1367969323485,1196.1371645375161,4382.96875234057,2.0,1.998840459436458,2.0,1.9988436339848108,0.0,184.39491905261838,0.0,1.1284722222222223,310.8474594805112,1.1284722222222223,1.700954260651109,3.401908521302218,1.700954260651109,0.0,0.0,234.6009615384615,0.0,59.63473541971856,0.0,1.4847222222222214,131.69505858043124,1.4847222222222214,0.47394182606383783,0.9478836521276757,0.47394182606383783,0.0,0.0,69.4772879707821,0.0,152.49888888888668,0.0,1.9184027777777786,372.6067880801563,1.9184027777777786,1.4634541575128612,2.9269083150257225,1.4634541575128612,0.0,0.0,174.0266569887226,0.0,0.0,316.40993198373417,222.230547935436,0.0,0.0,422.54076179898647,339.716273309166,47.66888038300777,0.0,77.46488985861092,61.012575631247095,0.0,0.0,0.0,0.0,0.0,0.0,0.0,146.299451484622,125.40008179839965,94.59991820160086,219.95210578726886,0.0,0.0,0.0,29.724977455886496,22.126022561476557,0.0,0.0,422.7626327235506,333.9728749782107,0.0,0.0,362.94202848154214,254.7762226800736,0.0,0.0,0.0,0.0,0.0,0.0,180.0,180.0,180.0,180.0,92.32339028502717,92.32331193991389,6.478822431691296,6.478820721743197,51,219.93445329516376,212.57632276065164,219.9999999999998,219.84382921168447,214.75985226434693,213.8454906094148,220.0,219.9416751576124,219.93445329516376,214.97960213319305,220.0,219.87648590684117,180.0,180.0,220.0,213.2326151459826,219.95310653731002,216.18283709628128,220.0,220.0,180.0,180.0,220.0,215.97463295166804,214.25398314250037,56.786463464922825,56.79497155582315,56.41485336112184,56.4148514173209,9360.0,1133.0492181728303,5212.999528474465
240.1381410256408,317.27107059162137,139.664503024876,155.76555555555288,381.86026030237895,203.5227614395918,52.622511952892786,0.12887286324786323,0.08413461538461539,0.10395385639352658,0.6938657407407408,0.2592592592592593,0.0,0.0,1196.2265956712406,1196.2283640604114,4375.2486130606285,2.0,1.9999999188721538,2.0,1.999999923779817,0.0,187.16997933694975,0.0,0.08680555555555555,317.0974594805103,0.08680555555555555,0.042067307692307696,0.08413461538461539,0.042067307692307696,1.0948717948717965,0.0,239.043269230769,0.0,62.87788571817042,0.0,0.2347222222222211,139.19505858043158,0.2347222222222211,0.05197692819676329,0.10395385639352658,0.05197692819676329,0.0,0.0,73.66698432223544,0.0,155.76555555555288,0.0,0.5642361111111112,380.7317880801568,0.5642361111111112,0.12962962962962965,0.2592592592592593,0.12962962962962965,0.0,0.0,177.31438926077675,0.0,0.0,322.7072767192212,227.82794575679122,0.0,0.0,423.86452351792525,340.3402338618039,59.773630315969534,2.0192307692307696,79.09108074794358,62.6388196064479,0.0,0.0,0.0,0.0,0.0,0.0,0.0,152.47192151736533,125.40008179839965,94.59991820160086,219.9872759363489,0.0,0.0,0.6222222222222233,29.79962025426928,22.200669476401284,0.0,0.0,425.18052913741343,335.6907840471109,0.0,0.0,369.2000046132578,260.33420292833125,0.0,0.0,0.0,0.0,0.0,0.0,180.0,180.0,180.0,180.0,92.26696671145217,92.26696073391965,6.479461322311845,6.4794711972137105,52,218.52146890167867,211.2656195539124,219.9999999999998,217.77996522007012,212.32540032793497,211.56863451789093,220.0,219.8929309116809,219.93830128205127,211.68479765526268,220.0,219.8784099002849,180.0,180.0,219.9326908453412,211.17236606911243,219.98752606527066,216.48090723032362,220.0,220.0,180.0,180.0,220.0,211.8835285966146,213.60843096497365,59.45310212589469,59.454151370568404,59.487821300414865,59.487820907213035,9540.0,1158.462153511519,5290.3734360283315
243.4855769230765,325.60440392495383,149.66450302487635,159.03222222221908,392.6935936357128,214.06346387277438,49.333988802781136,2.8311717218641688,3.405398999283893,0.9136245095685729,3.381920426943787,2.9270352983320174,0.0,0.0,1196.1469656737345,1196.1469595154017,4367.524181678763,2.0,1.998840405187588,2.0,1.9988404169917504,0.0,190.49404911359912,0.0,1.1284722222222223,323.3474594805094,1.1284722222222223,1.7026994996419464,3.405398999283893,1.7026994996419464,0.0,0.0,243.4855769230765,0.0,66.5516884084046,0.0,1.4847222222222214,146.69505858043192,1.4847222222222214,0.45681225478428644,0.9136245095685729,0.45681225478428644,0.0,0.0,77.77497441160818,0.0,159.03222222221908,0.0,1.9184027777777786,388.85678808015723,1.9184027777777786,1.4635176491660087,2.9270352983320174,1.4635176491660087,0.0,0.0,180.81450102368393,0.0,0.0,327.6019685790757,232.0226541503872,0.0,0.0,427.99377739954656,343.7695063318789,71.88647095724137,0.0,79.31461876164362,62.8623741538894,0.0,0.0,0.0,0.0,0.0,0.0,0.0,158.375668128488,125.40008179839965,94.59991820160086,219.9952394189279,0.0,0.0,0.0,28.46646596186877,20.86752284091237,0.0,0.0,430.41468824828496,340.22495005695293,0.0,0.0,374.05018365419005,264.48438962617513,0.0,0.0,0.0,0.0,0.0,0.0,180.0,180.0,180.0,180.0,92.32414529090902,92.32413719409412,6.4788367899932835,6.478837165910688,53,219.93444539150968,212.57611337214993,219.9999999999998,219.8438252598574,214.76448361749837,213.84351095420865,220.0,219.9416084802672,219.93444539150968,214.97959426905786,220.0,219.8764819550141,180.0,180.0,220.0,213.22615964444373,219.99573979394847,216.2269001892321,220.0,220.0,180.0,180.0,220.0,215.9745605723243,214.25394695282853,56.78646344744911,56.78649678448954,56.414706308238834,56.4147042527859,9720.0,1173.1264222752316,5402.938108571967
249.02275641025582,329.77107059161955,154.6645030248767,162.29888888888527,398.11026030237986,231.4496008463056,50.105909953650276,0.12887286324786323,0.08413461538461539,0.10377461120205841,0.6938657407407408,0.2592592592592593,0.0,0.0,1196.231702994084,1196.2316219304328,4359.800364933381,2.0,1.9999999188721538,2.0,1.9999999190304314,0.0,193.2621023853174,0.0,0.08680555555555555,329.59745948050846,0.08680555555555555,0.042067307692307696,0.08413461538461539,0.042067307692307696,1.0948717948717965,0.0,247.92788461538402,0.0,69.79486106951238,0.0,0.2347222222222211,154.19505858043226,0.2347222222222211,0.05188730560102921,0.10377461120205841,0.05188730560102921,0.0,0.0,81.96556288878094,0.0,162.29888888888527,0.0,0.5642361111111112,396.9817880801577,0.5642361111111112,0.12962962962962965,0.2592592592592593,0.12962962962962965,0.0,0.0,184.09690422576028,0.0,0.0,333.89931454835244,237.620000764365,0.0,0.0,429.3175518552122,344.39328645073635,84.00099227059606,2.0192307692307696,80.94081088476587,64.48856692171287,0.0,0.0,0.0,0.0,0.0,0.0,0.0,164.54821517932862,125.40008179839965,94.59991820160086,219.99853458138483,0.0,0.0,0.6222222222222233,28.54131395940569,20.94237377202236,0.0,0.0,432.83324735650376,341.94351856840217,0.0,0.0,380.30836498506005,270.042573890618,0.0,0.0,0.0,0.0,0.0,0.0,180.0,180.0,180.0,180.0,92.26747103086389,92.26746332603626,6.479461669135293,6.479461647024184,54,218.5235553640645,211.26228870434034,219.9999999999998,217.781008451263,212.33525381152663,211.5768492375394,220.0,219.8929309116809,219.93830128205127,211.68473873200128,220.0,219.8784099002849,180.0,180.0,219.93164299030246,211.1658617771912,219.99853458138483,216.4917484617153,220.0,220.0,180.0,180.0,220.0,211.88336125966447,213.60834729649864,59.45310212589465,59.45313543934241,59.48780966875286,59.487809499324385,9900.0,1198.6076845402679,5480.341365739
252.37019230769153,338.104403924952,164.66450302487704,165.56555555555147,408.9435936357137,241.9918694148381,46.81783283540044,2.8314780169341667,3.4060115894238887,0.9119824258261777,3.3819436265752136,2.9270816975948706,0.0,0.0,1196.1503721029396,1196.1503253219416,4352.073320898203,2.0,1.998840385468993,2.0,1.9988403882116987,0.0,196.5830293296864,0.0,1.1284722222222223,335.84745948050755,1.1284722222222223,1.7030057947119444,3.4060115894238887,1.7030057947119444,0.0,0.0,252.37019230769153,0.0,73.46868820833463,0.0,1.4847222222222214,161.6950585804326,1.4847222222222214,0.45599121291308886,0.9119824258261777,0.45599121291308886,0.0,0.0,86.0746456115867,0.0,165.56555555555147,0.0,1.9184027777777786,405.10678808015814,1.9184027777777786,1.4635408487974353,2.9270816975948706,1.4635408487974353,0.0,0.0,187.59454403925815,0.0,0.0,338.7940064874356,241.8146932173878,0.0,0.0,433.44680580490734,347.8225410645566,96.11541490856219,0.0,81.16434897769464,64.71210552858129,0.0,0.0,0.0,0.0,0.0,0.0,0.0,170.4520268243203,125.40008179839965,94.59991820160086,219.9996101902814,0.0,0.0,0.0,27.20838486781684,19.609447967583602,0.0,0.0,438.06760373074866,346.4778778249673,0.0,0.0,385.1587692268039,274.19298141951197,0.0,0.0,0.0,0.0,0.0,0.0,180.0,180.0,180.0,180.0,92.3244870951093,92.32448187329204,6.478836798347759,6.47883682121889,55,219.9349537037037,212.57539999192633,219.9999999999998,219.8440794159544,214.76456161653397,213.8424973510952,220.0,219.94154202643588,219.9349537037037,214.97959130591124,220.0,219.87673611111111,180.0,180.0,220.0,213.22386689282166,219.9996101902814,216.2302596163695,220.0,220.0,180.0,180.0,220.0,215.97453453698182,214.2539339351573,56.78646344744911,56.78647156133214,56.414652861378435,56.4146520748026,10080.0,1213.286175231171,5592.895925104502
257.907371794871,342.27107059161773,169.66450302487738,168.83222222221767,414.36026030238077,259.37876255947356,47.589901222048304,0.12887286324786323,0.08413461538461539,0.10373547321583762,0.6938657407407408,0.2592592592592593,0.0,0.0,1196.2340051351443,1196.2339693500226,4344.347717534762,2.0,1.9999999188721538,2.0,1.999999918951311,0.0,199.35071060568612,0.0,0.08680555555555555,342.09745948050664,0.08680555555555555,0.042067307692307696,0.08413461538461539,0.042067307692307696,1.0948717948717965,0.0,256.8124999999992,0.0,76.71186903734578,0.0,0.2347222222222211,169.19505858043294,0.2347222222222211,0.05186773660791881,0.10373547321583762,0.05186773660791881,0.0,0.0,90.26563230455935,0.0,168.83222222221767,0.0,0.5642361111111112,413.2317880801586,0.5642361111111112,0.12962962962962965,0.2592592592592593,0.12962962962962965,0.0,0.0,190.87693694828778,0.0,0.0,345.0913524569862,247.41203924053445,0.0,0.0,434.7705802634007,348.4463159409479,108.23069298357835,2.0192307692307696,82.79054110109084,66.3382977055736,0.0,0.0,0.0,0.0,0.0,0.0,0.0,176.62460154124247,125.40008179839965,94.59991820160086,219.99986686960722,0.0,0.0,0.6222222222222233,27.28330740063172,19.68437159919436,0.0,0.0,440.48640385838877,348.196681503901,0.0,0.0,391.4170250929516,279.7512383844555,0.0,0.0,0.0,0.0,0.0,0.0,180.0,180.0,180.0,180.0,92.26770124124444,92.26769870448753,6.479461669336777,6.479461612798619,56,218.52358484813672,211.2619275297088,219.9999999999998,217.78102319329915,212.33591331205497,211.57708385081347,220.0,219.8929309116809,219.93830128205127,211.6847175747553,220.0,219.8784099002849,180.0,180.0,219.93164194896886,211.1654462593402,219.99986686960722,216.4929813167196,220.0,220.0,180.0,180.0,220.0,211.88330093861984,213.6083171359763,59.45310212589465,59.45311878241722,59.48780544972854,59.487805387235156,10260.0,1238.7684291304313,5670.299604461501
261.25480769230774,350.6044039249502,179.66450302487772,172.09888888888386,425.1935936357146,269.92194516073596,44.301985412049504,2.8314830310684513,3.406021617692458,0.9116827688726798,3.3819520221364225,2.9270984887172884,0.0,0.0,1196.1519281102196,1196.151912967207,4336.6194628724625,2.0,1.998840378316778,2.0,1.9988403789526374,0.0,202.67139416346362,0.0,1.1284722222222223,348.34745948050573,1.1284722222222223,1.703010808846229,3.406021617692458,1.703010808846229,0.0,0.0,261.25480769230774,0.0,80.38570496775625,0.0,1.4847222222222214,176.69505858043328,1.4847222222222214,0.4558413844363399,0.9116827688726798,0.4558413844363399,0.0,0.0,94.37483064005525,0.0,172.09888888888386,0.0,1.9184027777777786,421.35678808015905,1.9184027777777786,1.4635492443586442,2.9270984887172884,1.4635492443586442,0.0,0.0,194.37448115864797,0.0,0.0,349.986044396087,251.60673141548023,0.0,0.0,438.8998342131112,351.8755702046377,120.34602993233362,0.0,83.01407919403724,66.56183603436506,0.0,0.0,0.0,0.0,0.0,0.0,0.0,182.52843666205644,125.40008179839965,94.59991820160086,219.9999564215265,0.0,0.0,0.0,25.95045999942368,18.35152541262583,0.0,0.0,445.7208317857879,352.7311104957733,0.0,0.0,396.26751102507626,283.9017255312199,0.0,0.0,0.0,0.0,0.0,0.0,180.0,180.0,180.0,180.0,92.32464317299561,92.32464144013989,6.478836798352613,6.478836808702048,57,219.9349537037037,212.57539530647696,219.9999999999998,219.8440794159544,214.76456706622773,213.84245540514632,220.0,219.94154189550744,219.9349537037037,214.97959023475715,220.0,219.87673611111111,180.0,180.0,220.0,213.2238405286404,219.9999564215265,216.2305856997636,220.0,220.0,180.0,180.0,220.0,215.97452510670158,214.2539292200172,56.78646344744911,56.78646543443994,56.41463347564165,56.41463318478789,10440.0,1253.447299944834,5782.853896570764
266.79198717948805,354.7710705916159,184.66450302487806,175.36555555555006,430.6102603023817,287.30894099512227,45.074107175805004,0.12887286324786323,0.08413461538461539,0.10370394804381097,0.6938657407407408,0.2592592592592593,0.0,0.0,1196.2350552551861,1196.235045823615,4328.893039625374,2.0,1.9999999188721538,2.0,1.9999999188724642,0.0,205.43902835607872,0.0,0.08680555555555555,354.5974594805048,0.08680555555555555,0.042067307692307696,0.08413461538461539,0.042067307692307696,1.0948717948717965,0.0,265.69711538461627,0.0,83.62888875283873,0.0,0.2347222222222211,184.19505858043362,0.2347222222222211,0.051851974021905486,0.10370394804381097,0.051851974021905486,0.0,0.0,98.5658214056852,0.0,175.36555555555006,0.0,0.5642361111111112,429.4817880801595,0.5642361111111112,0.12962962962962965,0.2592592592592593,0.12962962962962965,0.0,0.0,197.65683928499067,0.0,0.0,356.2833903656376,257.20407740050695,0.0,0.0,440.2236086716051,352.49934474051076,132.46141073522062,2.0192307692307696,84.64027131743347,68.18802817323743,0.0,0.0,0.0,0.0,0.0,0.0,0.0,188.70102140469817,125.40008179839965,94.59991820160086,219.99998830707585,0.0,0.0,0.6222222222222233,26.025409566976798,18.426475386605983,0.0,0.0,448.1397193338834,354.44999935717476,0.0,0.0,402.52579392596226,289.46000883853276,0.0,0.0,0.0,0.0,0.0,0.0,180.0,180.0,180.0,180.0,92.26780625324643,92.26780525358538,6.479461669336894,6.479461672391988,58,218.52360101811541,211.26191987338782,219.9999999999998,217.78103127828848,212.33598111507757,211.57715122781187,220.0,219.8929309116809,219.93830128205127,211.68470990660575,220.0,219.8784099002849,180.0,180.0,219.93164097338484,211.16540244855048,219.99998855139958,216.49303203569463,220.0,220.0,180.0,180.0,220.0,211.88327906500177,213.60830619916737,59.45310212589465,59.45310219118375,59.487803919446065,59.487803896382566,10620.0,1278.9300973702407,5860.258150615398
270.1394230769248,363.1044039249484,194.6645030248784,178.63222222221626,441.4435936357155,297.8521651022691,41.786249857558474,2.8314840157169288,3.406023586989413,0.9116793856048877,3.381955066519951,2.927104577484345,0.0,0.0,1196.152635170055,1196.1526296147513,4321.164230258022,2.0,1.9988403757225885,2.0,1.9988403756953255,0.0,208.75968970503905,0.0,1.1284722222222223,360.8474594805039,1.1284722222222223,1.7030117934947064,3.406023586989413,1.7030117934947064,0.0,0.0,270.1394230769248,0.0,87.30272787027828,0.0,1.4847222222222214,191.69505858043397,1.4847222222222214,0.45583969280244385,0.9116793856048877,0.45583969280244385,0.0,0.0,102.67502375315742,0.0,178.63222222221626,0.0,1.9184027777777786,437.60678808015996,1.9184027777777786,1.4635522887421726,2.927104577484345,1.4635522887421726,0.0,0.0,201.15436103371457,0.0,0.0,361.1780823047384,261.3987693437457,0.0,0.0,444.35286262131564,355.928598694796,144.57678942156738,0.0,84.86380941037987,68.41156627032186,0.0,0.0,0.0,0.0,0.0,0.0,0.0,194.6048650383002,125.40008179839965,94.59991820160086,219.999996893538,0.0,0.0,0.0,24.692591795692373,17.093658061866105,0.0,0.0,453.3741732143309,358.9844536288048,0.0,0.0,407.37630948801063,293.6105248471257,0.0,0.0,0.0,0.0,0.0,0.0,180.0,180.0,180.0,180.0,92.32471405208298,92.32471349908425,6.478836798352615,6.4788367983272295,59,219.93495367316535,212.57539067145967,219.9999999999998,219.84407940068525,214.76457647207934,213.8424617238027,220.0,219.94154177393224,219.93495367316535,214.97958984631927,220.0,219.87673609584195,180.0,180.0,220.0,213.22381707593638,219.99999695460463,216.23061790659295,220.0,220.0,180.0,180.0,220.0,215.97452168736635,214.2539275103497,56.78646344744911,56.78646347903817,56.414626444240405,56.41462633820951,10800.0,1293.6091149288845,5972.812614381564
