boundary_queue_in_A_left,boundary_queue_in_A_top,boundary_queue_in_B_top,boundary_queue_in_C_right,boundary_queue_in_C_top,boundary_queue_in_D_left,boundary_queue_in_F_right,boundary_queue_out_A_left,boundary_queue_out_A_top,boundary_queue_out_B_top,boundary_queue_out_C_right,boundary_queue_out_C_top,boundary_queue_out_D_left,boundary_queue_out_F_right,flow_FW_E_mean,flow_FW_W_mean,freeway_vehicles,lambda_eff_FW_E_last,lambda_eff_FW_E_mean,lambda_eff_FW_W_last,lambda_eff_FW_W_mean,movement_queue_A_E_to_N,movement_queue_A_E_to_S,movement_queue_A_E_to_W,movement_queue_A_N_to_E,movement_queue_A_N_to_S,movement_queue_A_N_to_W,movement_queue_A_S_to_E,movement_queue_A_S_to_N,movement_queue_A_S_to_W,movement_queue_A_W_to_E,movement_queue_A_W_to_N,movement_queue_A_W_to_S,movement_queue_B_E_to_N,movement_queue_B_E_to_S,movement_queue_B_E_to_W,movement_queue_B_N_to_E,movement_queue_B_N_to_S,movement_queue_B_N_to_W,movement_queue_B_S_to_E,movement_queue_B_S_to_N,movement_queue_B_S_to_W,movement_queue_B_W_to_E,movement_queue_B_W_to_N,movement_queue_B_W_to_S,movement_queue_C_E_to_N,movement_queue_C_E_to_S,movement_queue_C_E_to_W,movement_queue_C_N_to_E,movement_queue_C_N_to_S,movement_queue_C_N_to_W,movement_queue_C_S_to_E,movement_queue_C_S_to_N,movement_queue_C_S_to_W,movement_queue_C_W_to_E,movement_queue_C_W_to_N,movement_queue_C_W_to_S,movement_queue_D_E_to_N,movement_queue_D_E_to_W,movement_queue_D_E_to_onE,movement_queue_D_E_to_onW,movement_queue_D_N_to_E,movement_queue_D_N_to_W,movement_queue_D_N_to_onE,movement_queue_D_N_to_onW,movement_queue_D_W_to_E,movement_queue_D_W_to_N,movement_queue_D_W_to_onE,movement_queue_D_W_to_onW,movement_queue_D_offE_to_E,movement_queue_D_offE_to_N,movement_queue_D_offE_to_W,movement_queue_D_offW_to_E,movement_queue_D_offW_to_N,movement_queue_D_offW_to_W,movement_queue_E_E_to_N,movement_queue_E_E_to_W,movement_queue_E_N_to_E,movement_queue_E_N_to_W,movement_queue_E_W_to_E,movement_queue_E_W_to_N,movement_queue_F_E_to_N,movement_queue_F_E_to_W,movement_queue_F_E_to_onE,movement_queue_F_E_to_onW,movement_queue_F_N_to_E,movement_queue_F_N_to_W,movement_queue_F_N_to_onE,movement_queue_F_N_to_onW,movement_queue_F_W_to_E,movement_queue_F_W_to_N,movement_queue_F_W_to_onE,movement_queue_F_W_to_onW,movement_queue_F_offE_to_E,movement_queue_F_offE_to_N,movement_queue_F_offE_to_W,movement_queue_F_offW_to_E,movement_queue_F_offW_to_N,movement_queue_F_offW_to_W,ramp_queue_R_D_E,ramp_queue_R_D_W,ramp_queue_R_F_E,ramp_queue_R_F_W,rho_FW_E_mean,rho_FW_W_mean,speed_FW_E_mean,speed_FW_W_mean,step,storage_available_A_left_out,storage_available_A_to_B,storage_available_A_to_D,storage_available_A_top_out,storage_available_B_to_A,storage_available_B_to_C,storage_available_B_to_E,storage_available_B_top_out,storage_available_C_right_out,storage_available_C_to_B,storage_available_C_to_F,storage_available_C_top_out,storage_available_D_R_E,storage_available_D_R_W,storage_available_D_left_out,storage_available_D_to_A,storage_available_D_to_E,storage_available_E_to_B,storage_available_E_to_D,storage_available_E_to_F,storage_available_F_R_E,storage_available_F_R_W,storage_available_F_right_out,storage_available_F_to_C,storage_available_F_to_E,storage_available_OR_D_E_storage,storage_available_OR_D_W_storage,storage_available_OR_F_E_storage,storage_available_OR_F_W_storage,time_sec,urban_protected_accumulation_veh,urban_vehicles
4.583333333333335,0.0,0.0,5.833333333333332,0.0,6.249999999999999,6.666666666666665,0.3645833333333333,1.3281250000000004,6.182725694444445,0.3645833333333333,1.6406249999999998,0.0,0.0,948.3238048137073,903.7622944901453,70.8486519419406,2.0,2.0,2.0,2.0,0.18229166666666666,0.18229166666666666,0.3645833333333333,0.0,0.0,0.0,0.0,0.0,0.0,2.2916666666666674,1.1458333333333337,1.1458333333333337,3.114149305555556,3.114149305555556,6.228298611111112,0.0,0.0,0.0,0.0,0.0,0.0,6.137152777777778,3.068576388888889,3.068576388888889,1.458333333333333,1.458333333333333,2.916666666666666,0.0,0.0,0.0,0.0,0.0,0.0,0.3645833333333333,0.18229166666666666,0.18229166666666666,0.0,0.0,2.5666666666666678,2.3333333333333335,0.0,0.0,0.0,0.0,3.1249999999999996,1.5624999999999998,0.7812499999999999,0.7812499999999999,0.0,0.0,0.0,0.0,0.0,0.0,0.0,0.0,0.0,0.0,0.0,0.0,1.6666666666666663,3.3333333333333326,0.8333333333333331,0.8333333333333331,0.0,0.0,0.0,0.0,0.0,0.0,2.683333333333333,2.4499999999999997,0.0,0.0,0.0,0.0,0.0,0.0,0.4755208333333334,0.4366319444444444,0.5079861111111112,0.4690972222222223,4.418393623585322,4.201533355268364,108.33727017429325,108.54514822675215,0,219.88064236111111,210.93585061529444,213.8802083333333,219.93489583333334,214.71788194444454,214.78298611111123,212.25043402777763,220.0,219.85243055555554,208.81642215924686,212.47395833333323,219.93055555555554,180.0,180.0,219.97612847222223,216.76528379789465,209.48941273228078,203.67154360787458,205.48308882591357,205.688454781961,180.0,180.0,219.96961805555554,211.84745731499092,204.78271557042555,59.70677094615321,59.7204537900166,59.45901173836621,59.49508799652893,180.0,161.05926712189546,59.555902777777774
0.0,4.166666666666667,5.0,0.0,5.416666666666668,0.0,0.0,2.440787173492002,2.7982410136506704,3.7758264312678524,3.0488686589589897,3.3894039845846455,1.0226779513888888,1.2879774305555558,1156.529649436182,1095.7130727540439,84.75404204304685,2.0,1.998445572291335,2.0,1.9985962101773564,0.0,0.0,0.0,1.0416666666666667,2.0833333333333335,1.0416666666666667,1.3991205068253352,2.7982410136506704,1.3991205068253352,0.0,0.0,0.0,0.0,0.0,0.0,1.25,2.5,1.25,1.6934687711894816,3.7758264312678524,1.6934687711894816,0.0,0.0,0.0,0.0,0.0,0.0,1.354166666666667,2.708333333333334,1.354166666666667,1.6947019922923228,3.3894039845846455,1.6947019922923228,0.0,0.0,0.0,0.0,0.0,0.0,0.0,1.0226779513888888,1.0226779513888888,3.5893446180555557,3.3560112847222228,0.0,0.0,0.0,0.0,0.0,0.0,0.0,0.0,0.0,0.0,0.0,0.0,0.0,0.0,0.0,0.0,0.0,0.0,0.0,0.0,1.2879774305555558,1.2879774305555558,3.971310763888889,3.7379774305555555,0.0,0.0,0.0,0.0,0.0,0.0,0.0,0.0,0.0,0.0,0.5893602176803105,0.5504713287914216,0.6314252239162138,0.5925363350273247,5.299858628196529,5.0058914517105,109.64048698203477,109.94246057968985,1,219.70486111111111,213.98197494478143,212.1854738981757,219.75694444444443,211.7503087989841,213.2709490440129,213.40516017149855,219.95008680555557,219.70486111111111,212.43659395300193,211.4591915176819,219.73090277777777,180.0,180.0,220.0,211.10433271788185,212.36299874304592,209.88306436533085,207.51443748828424,208.1693252790153,180.0,180.0,219.9142296598907,211.0713769212172,211.5806077231891,56.64293150811759,56.801911829194864,55.37897637409281,55.62363313104284,360.0,145.22168325801465,53.39734216456189
4.583333333333335,0.0,0.0,5.833333333333332,0.0,6.249999999999999,6.666666666666665,2.31836887286062,2.305017769763644,3.027308863026663,1.9580652915824281,2.437365979124547,3.076303205130919,2.937184827780538,1132.2254831805594,1070.5458350904921,82.67718799374383,2.0,2.0,2.0,2.0,1.15918443643031,1.15918443643031,2.31836887286062,0.0,0.0,0.0,0.0,0.0,0.0,2.2916666666666674,1.1458333333333337,1.1458333333333337,1.648718760968329,1.648718760968329,3.297437521936658,0.0,0.0,0.0,0.0,0.0,0.0,2.757180204116668,1.378590102058334,1.378590102058334,1.458333333333333,1.458333333333333,2.916666666666666,0.0,0.0,0.0,0.0,0.0,0.0,1.9580652915824281,0.9790326457912141,0.9790326457912141,1.5381516025654596,3.076303205130919,3.3357424679493977,3.1024091346160643,0.0,0.0,0.0,0.0,3.1249999999999996,1.5624999999999998,0.7812499999999999,0.7812499999999999,0.0,0.0,0.0,0.0,0.0,0.0,0.0,0.0,0.0,0.0,0.0,0.0,1.6666666666666663,3.3333333333333326,0.8333333333333331,0.8333333333333331,0.0,0.0,0.0,0.0,2.937184827780538,1.468592413890269,3.417629540278468,3.184296206945134,0.0,0.0,0.0,0.0,0.0,0.0,0.48257378472222223,0.44368489583333337,0.5142807426656469,0.47539185377675797,5.195960270616392,4.89919681897684,109.45909757118804,109.74367841359881,2,219.87236870659723,213.51807918649584,213.98326279620235,219.91834852430554,212.40227300339106,212.84037558901608,213.04004012228572,219.86545138888889,219.8374609979816,212.10497498942854,212.56130592908445,219.90061644040767,180.0,180.0,219.97260199652777,213.1332236353256,212.84552513398495,208.7482426501237,209.68341809491298,210.75887638683614,180.0,180.0,219.96690538194446,211.65255004227876,211.47697150248356,59.50571139182381,59.52937566293552,59.2859978722239,59.337188645797205,540.0,141.599463331857,66.05574651348233
0.0,4.166666666666667,5.0,0.0,5.416666666666668,0.0,0.0,2.4431394025560857,2.8029454717788385,3.1255677760219496,2.9989927548013378,3.2896521762693416,1.1797304648757883,1.4444067062135737,1132.8614180765562,1071.2927426272017,83.0501411609621,2.0,1.9984052592334232,2.0,1.9985623091502946,0.0,0.0,0.0,1.0416666666666667,2.0833333333333335,1.0416666666666667,1.4014727358894192,2.8029454717788385,1.4014727358894192,0.0,0.0,0.0,0.0,0.0,0.0,1.25,2.5,1.25,1.5627838880109748,3.1255677760219496,1.5627838880109748,0.0,0.0,0.0,0.0,0.0,0.0,1.354166666666667,2.708333333333334,1.354166666666667,1.6448260881346708,3.2896521762693416,1.6448260881346708,0.0,0.0,0.0,0.0,0.0,0.0,0.0,1.1797304648757883,1.1797304648757883,3.7463971315424556,3.513063798209122,0.0,0.0,0.0,0.0,0.0,0.0,0.0,0.0,0.0,0.0,0.0,0.0,0.0,0.0,0.0,0.0,0.0,0.0,0.0,0.0,1.4444067062135737,1.4444067062135737,4.127740039546906,3.894406706213573,0.0,0.0,0.0,0.0,0.0,0.0,0.0,0.0,0.0,0.0,0.608698433398267,0.569809544509378,0.6361105996601433,0.5972217107712543,5.19160621239882,4.895121014995351,109.66485118963267,109.9556494751835,3,219.91427951388889,213.50454973886323,213.56387669110677,219.86165364583334,212.8391355522415,213.9841678962089,213.11868297422515,219.95008680555557,219.91427951388889,211.96137502237045,212.84693623753574,219.83561197916669,180.0,180.0,219.92615213625604,212.5244506120706,212.14653513981585,209.01667767780114,209.3165053272719,210.21972018417188,180.0,180.0,219.91614674543075,212.0485085513782,211.40860387497642,56.624051994649555,56.78490951636223,55.37428267021512,55.62662441084547,720.0,135.86666937026106,53.549546199164375
4.583333333333335,0.0,0.0,5.833333333333332,0.0,6.249999999999999,6.666666666666665,2.47081075829624,2.381238712481454,2.874337768808028,2.111058745839818,2.513862706253242,3.065642188955574,2.92522995446369,1122.3255889696404,1060.7005005639128,81.88489655746987,2.0,2.0,2.0,2.0,1.23540537914812,1.23540537914812,2.47081075829624,0.0,0.0,0.0,0.0,0.0,0.0,2.2916666666666674,1.1458333333333337,1.1458333333333337,1.5840725522807015,1.5840725522807015,3.168145104561403,0.0,0.0,0.0,0.0,0.0,0.0,2.580530433054653,1.2902652165273265,1.2902652165273265,1.458333333333333,1.458333333333333,2.916666666666666,0.0,0.0,0.0,0.0,0.0,0.0,2.111058745839818,1.055529372919909,1.055529372919909,1.532821094477787,3.065642188955574,3.333077213905561,3.0997438805722277,0.0,0.0,0.0,0.0,3.1249999999999996,1.5624999999999998,0.7812499999999999,0.7812499999999999,0.0,0.0,0.0,0.0,0.0,0.0,0.0,0.0,0.0,0.0,0.0,0.0,1.6666666666666663,3.3333333333333326,0.8333333333333331,0.8333333333333331,0.0,0.0,0.0,0.0,2.92522995446369,1.462614977231845,3.4146408219492557,3.1813074886159227,0.0,0.0,0.0,0.0,0.0,0.0,0.48687867314710553,0.4479897842582167,0.5171003210620913,0.4782114321732023,5.145081861641518,4.84925768171214,109.55938767925826,109.83948116889772,4,219.87413194444446,213.6430654843053,214.0015839026874,219.921875,212.24702347481966,212.66363057406232,213.04692716793315,219.86545138888889,219.84456380208331,212.2595544720952,212.57871165835135,219.91482204861111,180.0,180.0,219.97260199652777,213.03836009319664,213.01815604666706,208.84389237403718,209.60424044051385,210.66130799968363,180.0,180.0,219.96690538194446,211.57083178855262,211.668897044196,59.505855809065416,59.5295329461539,59.29591825007363,59.34700758659644,900.0,141.44086421503175,66.00950103700943
0.0,4.166666666666667,5.0,0.0,5.416666666666668,0.0,0.0,2.386316631432938,2.6892999295325417,3.033008876840314,2.94005005531763,3.171766777301926,1.1928753028022316,1.4574523026134092,1140.4433888599808,1079.3375215079577,92.49796235438005,2.0,1.9984279950556096,2.0,1.998583068527153,0.0,0.0,0.0,1.0416666666666667,2.0833333333333335,1.0416666666666667,1.3446499647662709,2.6892999295325417,1.3446499647662709,0.0,0.0,0.0,0.0,0.0,0.0,1.25,2.5,1.25,1.516504438420157,3.033008876840314,1.516504438420157,0.0,0.0,0.0,0.0,0.0,0.0,1.354166666666667,2.708333333333334,1.354166666666667,1.585883388650963,3.171766777301926,1.585883388650963,0.0,0.0,0.0,0.0,0.0,0.0,0.0,1.1928753028022316,1.1928753028022316,3.759541969468899,3.526208636135566,0.0,0.0,0.0,0.0,0.0,0.0,0.0,0.0,0.0,0.0,0.0,0.0,0.0,0.0,0.0,0.0,0.0,0.0,0.0,0.0,1.4574523026134092,1.4574523026134092,4.1407856359467425,3.9074523026134083,0.0,0.0,0.0,0.0,0.0,0.0,0.0,0.0,0.0,0.0,0.6099853015668253,0.5710964126779363,0.6356692179164589,0.5967803290275698,5.792842879006523,5.4756140868333585,99.10214562826232,99.21744931908897,5,219.91427951388889,213.50010760498765,213.6123744821018,219.86165364583334,212.89970353865746,214.03318327968046,213.1734746591689,219.95008680555557,219.91427951388889,211.95752671066302,212.90618268643738,219.83561197916669,180.0,180.0,219.92081077760508,212.5375147595293,212.13703325447867,209.20284621762588,209.5320869544303,210.34716092343052,180.0,180.0,219.91790371490399,212.1448270846323,211.44024365836995,56.63183640703578,56.79187365142342,55.39793784938352,55.646634030519444,1080.0,134.3499146131448,53.006128255678796
11.069444444444445,0.02777777777777779,0.1111111111111111,14.194444444444443,0.15277777777777785,15.23611111111111,16.277777777777782,2.9821895028897085,4.241094751444854,6.203229005546282,2.6225859459754357,4.811292972987717,3.044273400925251,2.909760746818698,2072.654128022632,1956.9896550514386,170.86285995162976,2.0,2.0,2.0,2.0,1.4910947514448543,1.4910947514448543,2.9821895028897085,0.0,0.02777777777777779,0.0,0.0,0.0,0.0,5.569444444444445,2.75,2.75,3.4496318413474705,3.4496318413474705,6.899263682694941,0.0,0.1111111111111111,0.0,0.0,0.0,0.0,5.507194328397622,2.753597164198811,2.753597164198811,3.4999999999999996,3.4999999999999996,7.194444444444444,0.0,0.15277777777777785,0.0,0.0,0.0,0.0,2.6225859459754357,1.3112929729877179,1.3112929729877179,1.5221367004626254,3.044273400925251,7.065373798283183,6.4587071316165146,0.0,0.0,0.18948988364914138,0.14282321698247463,7.736111111111111,3.75,1.875,1.875,0.0,0.0,0.0,0.0,0.0,0.0,0.0,0.0,0.0,0.0,0.0,0.0,4.000000000000001,8.27777777777778,2.0000000000000004,2.0000000000000004,0.0,0.0,0.22691874651304406,0.18025207984637753,2.909760746818698,1.454880373409349,7.3360779205905775,6.729411253923911,0.0,0.0,0.0,0.0,0.0,0.0,0.9630403645833334,0.9163736979166668,1.0011848958333331,0.9545182291666665,10.766577574539793,10.111890270976426,97.00216372599313,97.4277400270426,6,219.70526801215277,208.5380905341448,207.32181763131143,219.82720269097223,208.4365620076431,208.93952122975912,205.83812944163327,219.86545138888889,219.63796657986111,206.00078897201513,203.9500728396458,219.81759982638889,180.0,180.0,219.9349545607953,211.45446205312686,209.64949369000558,202.1089350053764,204.52869287083715,205.50253097770928,180.0,180.0,219.92085903126474,208.54891889437584,206.24442446215326,59.20855912801894,59.234031820152865,58.8398720712673,58.88295260861963,1260.0,229.1817754414704,130.352016617381
0.3368055555555555,16.104166666666668,19.41666666666667,1.0694444444444373,21.13194444444445,0.7065972222222222,2.027777777777772,6.624665068359738,5.3326634700528075,4.117897991048048,8.360390494988819,6.370086545533192,4.117942482295904,4.291174627753853,3193.2943581355557,3111.433807463304,297.3251633034776,2.0,1.9868355903262467,2.0,1.9877159840159326,0.0,0.0,0.0,3.9583333333333335,8.1875,3.9583333333333335,2.6663317350264037,5.3326634700528075,2.6663317350264037,0.3368055555555555,0.0,0.0,0.0,0.0,0.2562527053075529,4.7569444444444455,9.902777777777779,4.7569444444444455,2.058948995524024,4.117897991048048,2.058948995524024,0.0,0.0,0.0,0.07291666666666669,0.07291666666666669,0.9236111111111038,5.18576388888889,10.76041666666667,5.18576388888889,3.1485849394332623,6.297169878866525,3.1485849394332623,0.02604166666666663,0.0,0.0,0.0,0.0,0.4531407549903987,0.3792518661015098,4.117942482295904,4.117942482295904,18.84381006251041,16.137143395843733,0.6006944444444444,0.10590277777777779,0.0,0.0,0.0,0.0,0.0,0.0,0.0,0.0,0.0,0.0,0.0,0.0,0.0,0.0,0.1388888888888889,1.888888888888883,0.0,0.0,4.291174627753853,4.291174627753853,21.443935560627768,18.73726889396109,0.0,0.0,0.4958453800749046,0.4219564911860158,0.0,0.0,0.0,0.0,0.0,0.0,3.2315069252860336,1.6888767565346932,4.25554139872106,2.482208065387723,18.278010365805844,17.64795436178261,89.68135189313574,90.40661908792264,7,220.0,198.23779774610915,200.98213093567813,219.63715277777777,200.27800428485259,204.03140068347432,198.29914557595427,219.5511235593425,219.61111111111111,194.56057793963512,194.54281564913103,219.40364583333334,180.0,180.0,219.88299253559396,200.39356137428618,195.02539719476258,189.59473904607944,192.61308357830254,194.49823849715992,180.0,180.0,219.85995181303372,199.47926649415015,194.27951414148257,50.30367547926327,50.72614020215047,47.06521243497104,47.43825374548497,1440.0,373.834340500758,186.3017464550821
17.753472222222225,0.2708333333333333,0.4166666666666668,23.62499999999998,0.5486111111111112,15.123263888888893,30.916666666666657,9.229817708333332,8.943033854166668,10.376863711988005,9.415581597222221,10.302408854166664,8.484093585725873,11.643963606011836,3749.3322349674654,3650.3710915618817,390.5302945208183,2.0,1.999786185215195,2.0,1.9998012268604033,4.5888671875,4.5888671875,9.229817708333332,0.0,0.2708333333333333,0.0,0.0,0.0,0.0,9.04513888888889,4.354166666666667,4.354166666666667,4.231511648236819,4.231511648236819,8.851912185362528,0.006944444444444475,0.40277777777777785,0.006944444444444475,1.0160552224499264,2.4209993337887417,1.0160552224499264,7.592466720694242,3.7243527299624435,3.7243527299624435,5.614583333333332,5.614583333333332,12.395833333333314,0.03993055555555558,0.46875000000000006,0.03993055555555558,0.0,0.0,0.0,9.375651041666666,4.687825520833333,4.687825520833333,2.561565136339251,7.845352494900723,10.485782568169627,9.52522701261407,0.6387410908251492,0.6387410908251492,21.316882734946113,15.950216068279383,10.142361111111112,3.7100694444444446,0.6354166666666672,0.6354166666666672,0.0,0.0,0.0,0.0,0.0,0.0,0.0,0.0,0.0,0.0,0.0,0.0,6.472222222222221,18.1111111111111,3.1666666666666665,3.1666666666666665,0.0,0.0,23.441407994517135,18.07474132785046,11.643963606011836,5.627537358561474,16.020642755871084,13.286753866982187,0.0,0.0,0.0,0.0,0.0,0.0,4.666666666666666,4.666666666666666,4.055555555555552,4.05555555555555,23.96454237678067,22.674737382352113,81.0923136770047,83.32055004169325,8,219.67013888888889,198.08786927022223,200.83506944444386,220.0,195.2425367606889,198.56780313655003,198.13169217294626,219.61111111111111,219.47916666666666,191.8600394866247,195.00232730336697,219.73611111111111,180.0,180.0,218.05555555555554,194.35695754120084,188.22592372941037,197.55053223468232,190.77458938322326,192.6299362400379,180.0,180.0,219.64149305555554,196.41714812189076,186.34302223306221,56.47887510940965,56.609634757237394,57.878437072540635,57.94579051047248,1620.0,462.70494893803476,319.68014060339306
0.3368055555555555,16.104166666666668,19.41666666666667,2.2361111111110774,21.13194444444445,0.7065972222222222,12.694444444444464,8.777235314813074,9.594387667914265,11.003596842715089,10.42752221226805,10.502383444850198,5.451494215444021,5.4666851876662435,3813.0611583127798,3736.410347751061,461.53441468216,2.0,1.9775659640545764,2.0,1.9794457924754876,0.0,0.0,0.052083333333333315,3.9583333333333335,8.1875,3.9583333333333335,4.7668186481464065,9.594387667914265,4.7668186481464065,0.3368055555555555,0.0,0.0,0.0,0.0,0.3116319444444445,4.7569444444444455,9.902777777777779,4.7569444444444455,5.3073539769131,11.003596842715089,5.3073539769131,0.26215277777777773,0.0,0.0,0.07291666666666669,0.07291666666666669,2.0902777777777444,5.18576388888889,10.76041666666667,5.18576388888889,5.189674990045825,10.429466778183532,5.189674990045825,0.052083333333333315,0.0,0.0,0.34027777777777773,1.0694444444444444,1.5880392448912808,0.7145833333333333,4.3820497709995765,4.3820497709995765,43.37886285927814,35.3521961926114,0.6006944444444444,0.10590277777777779,0.0,0.0,0.0,0.0,0.0,0.0,0.0,0.0,0.0,0.0,0.0,0.0,0.0,0.0,0.1388888888888889,12.555555555555575,0.0,0.0,4.397240743221799,4.397240743221799,46.85501186673852,38.82834520007193,1.0694444444444444,0.34027777777777773,10.436633065302193,5.042744176413279,0.0,0.0,0.0,0.0,0.0,0.0,5.048611111111112,3.830303068336892,22.055555555555546,7.277777777777776,26.800265540786935,26.65834500894706,75.69375375960543,75.84547666011495,9,219.61111111111111,199.61677643292165,197.0861823637009,219.41666666666666,193.34025917682396,197.11793877854006,195.27206772768236,219.32421875,219.61111111111111,193.43154448653965,192.7629524995215,219.390625,180.0,180.0,219.61111111111111,196.03041077463817,195.10804338010166,181.4380110208085,186.94533859814723,188.12388383215642,180.0,180.0,219.61111111111111,192.9238185388623,194.82943550813474,45.47741198885035,46.14196410236667,44.48885038058559,45.16234534905489,1800.0,462.00850540110935,337.4342754305508
17.753472222222225,0.2708333333333333,0.4166666666666668,24.791666666666618,0.5486111111111112,26.42881944444445,43.91666666666674,9.522569444444443,8.967881944444445,12.918414447923492,9.442160058436217,11.538103664917056,11.901167095857524,12.884696973641363,3792.7776908671376,3706.167269311865,510.05640820395547,2.0,2.0,2.0,2.0,4.613715277777778,4.613715277777778,9.522569444444443,0.0,0.2708333333333333,0.0,0.0,0.0,0.0,9.04513888888889,4.354166666666667,4.354166666666667,4.619181444944972,4.619181444944972,9.549994834334388,0.006944444444444475,0.40277777777777785,0.006944444444444475,1.0694444444444444,4.1057771658066775,1.0694444444444444,8.649064452121463,4.193455837171843,4.193455837171843,5.614583333333332,5.614583333333332,13.562499999999954,0.03993055555555558,0.46875000000000006,0.03993055555555558,0.0,1.3699750245878382,0.0,9.402229502880662,4.553545306995887,4.553545306995887,5.722935978484318,11.834760845857524,17.04991685677322,13.516460945215272,0.06640624999999994,0.06640624999999994,42.76749204202348,32.08082537535679,14.447916666666671,6.043402777777779,2.9687500000000004,2.9687500000000004,0.0,0.0,0.0,0.0,0.0,0.0,0.0,0.0,0.0,0.0,0.0,0.0,6.472222222222221,31.111111111111192,3.1666666666666665,3.1666666666666665,0.0,0.0,46.08370812375521,35.397041457088655,12.884696973641363,5.677797089595428,29.39711286426811,21.343223975379175,0.0,0.0,0.0,0.0,0.0,0.0,16.319444444444446,15.10113640167023,42.77777777777772,20.49999999999998,25.849457846047905,26.070298351459982,77.18953892248634,76.56872170247803,10,219.49555460611978,197.9094861975054,200.84503650577074,219.6508314344618,191.15410233526416,194.912988739407,197.1408120772465,219.61111111111111,219.32467898149625,190.08101171500823,195.18705039466144,219.61111111111111,180.0,180.0,219.61111111111111,198.15818744357477,188.69185624953593,194.2493976666284,190.29809191782994,191.2689415342173,180.0,180.0,219.51996527777777,195.89172845165857,186.13288060918353,58.16638795814775,58.2549171645724,57.82818732168147,57.90590540383907,1980.0,488.20536296374314,468.713816185395
0.3368055555555555,16.104166666666668,19.41666666666667,3.4027777777777146,21.13194444444445,6.623263888888897,30.36111111111127,8.81072206266461,9.114499680884773,13.27263311413344,10.307762936852285,11.73017312415277,5.10909591287439,8.474071704376815,3741.091074465562,3619.9940781835817,577.5598058723816,2.0,1.9842541477774454,2.0,1.9860125015551102,0.0,0.0,0.2951388888888889,3.9583333333333335,8.1875,3.9583333333333335,4.5572498404423865,9.114499680884773,4.5572498404423865,0.3368055555555555,0.0,0.0,0.0,0.0,0.21440972222222227,4.7569444444444455,9.902777777777779,4.7569444444444455,5.11669752970964,13.214473391911218,5.11669752970964,0.5052083333333333,0.05815972222222221,0.05815972222222221,0.07291666666666669,0.07291666666666669,3.2569444444443816,5.18576388888889,10.76041666666667,5.18576388888889,4.826860159074505,11.657256457486104,4.826860159074505,0.2951388888888889,0.0,0.0,0.2916666666666667,0.9722222222222223,10.563361059334099,4.369905147776141,4.136873690652168,4.136873690652168,63.08568138073765,49.73901471407099,6.51736111111112,0.10590277777777779,0.0,0.0,0.0,0.0,0.0,0.0,0.0,0.0,0.0,0.0,0.0,0.0,0.0,0.0,0.1388888888888889,30.22222222222238,0.0,0.0,4.14034591287439,4.14034591287439,66.58044887507054,53.23378220840401,4.333725791502425,0.34027777777777773,28.68270340206672,17.96881451317783,0.0,0.0,0.0,0.0,0.0,0.0,41.02777777777778,47.30946973500355,59.222222222222264,29.44444444444439,25.371789288872264,25.01276162771122,78.18678915240132,78.57886807884263,11,219.61111111111111,198.15899195370446,197.79870232538553,219.29513888888889,193.48948247251639,197.61408156616204,194.98841396378418,219.30946180555557,219.61111111111111,192.10612066304188,192.48336053745,219.26909722222223,180.0,180.0,219.61111111111111,194.14746350175466,193.97589932096224,183.70338031098908,187.64142982973667,189.08803234581944,180.0,180.0,219.61111111111111,191.54180697908487,195.809469041713,47.17580955077568,47.78070348201245,47.294060193400576,48.20341851813022,2160.0,468.0416143585198,478.50683894348435
17.753472222222225,0.2708333333333333,0.4166666666666668,25.958333333333254,0.5486111111111112,32.34548611111113,61.583333333333556,9.545138888888888,8.979166666666666,13.721922795834436,9.585069444444443,12.307985160234097,11.874858314609764,16.02085351962667,3711.433065495673,3618.6919086451026,629.2755615102249,2.0,2.0,2.0,2.0,4.624999999999999,4.624999999999999,9.545138888888888,0.0,0.2708333333333333,0.0,0.0,0.0,0.0,9.04513888888889,4.354166666666667,4.354166666666667,4.922572535279879,4.922572535279879,10.059554792781979,0.006944444444444475,0.40277777777777785,0.006944444444444475,0.5833333333333333,4.249774479080132,0.5833333333333333,9.488040451837739,4.5495757814744255,4.5495757814744255,5.614583333333332,5.614583333333332,14.72916666666659,0.03993055555555558,0.46875000000000006,0.03993055555555558,0.0,2.068401826900766,0.0,9.545138888888888,4.624999999999999,4.624999999999999,5.709781587860437,11.808452064609764,25.894703531662245,17.041247620104272,0.06640624999999994,0.06640624999999994,62.28685411708099,46.28018745041427,20.364583333333346,6.043402777777779,2.9687500000000004,2.9687500000000004,0.0,0.0,0.0,0.0,0.0,0.0,0.0,0.0,0.0,0.0,0.0,0.0,6.472222222222221,48.777777777778006,3.1666666666666665,3.1666666666666665,0.0,0.0,65.84803419837888,49.84136753171218,16.02085351962667,5.758392698971548,47.611152000764406,34.23726311187559,0.0,0.0,0.0,0.0,0.0,0.0,67.29861111111107,73.58030306833683,64.94444444444443,27.66666666666661,24.721579076997102,24.751612950461134,79.28647494700968,78.95300323234748,12,219.48508173246276,198.2046087713887,200.89270061757108,219.62988568714772,191.6882251345884,195.47874181469186,197.73190447514912,219.61111111111111,219.32077659282237,190.71333771514477,195.2347145064622,219.61111111111111,180.0,180.0,219.61111111111111,198.24145284692278,188.70065659919652,194.70428623195855,191.49298098761932,191.7194236763006,180.0,180.0,219.51996527777777,197.615764817789,187.62952133043962,58.16866482120895,58.25728799929989,58.02065539018669,58.10173878297965,2340.0,486.15994285085543,610.9148506727262
0.3368055555555555,16.104166666666668,19.41666666666667,4.5694444444443505,21.13194444444445,10.20659722222224,43.361111111111434,8.795113487288745,9.12201295115623,13.03991326957945,10.300367066643076,10.70762843047899,5.87393302008514,6.87181290519539,3703.174619835471,3608.0520541325272,704.2028921485553,2.0,1.9798937955579397,2.0,1.9814230976313874,0.0,0.0,0.2951388888888889,3.9583333333333335,8.1875,3.9583333333333335,4.541641265066522,9.12201295115623,4.541641265066522,0.3368055555555555,0.0,0.0,0.0,0.0,0.3219492810963374,4.7569444444444455,9.902777777777779,4.7569444444444455,5.042061092128602,12.98175354735723,5.042061092128602,0.5052083333333333,0.05815972222222221,0.05815972222222221,0.07291666666666669,0.07291666666666669,4.423611111111017,5.18576388888889,10.76041666666667,5.18576388888889,4.819464288865296,10.634711763812325,4.819464288865296,0.2951388888888889,0.0,0.0,0.34027777777777773,1.0694444444444444,16.851741795360418,5.338285883802389,4.804488575640695,4.804488575640695,84.87788711399851,66.21122044733157,10.10069444444446,0.10590277777777779,0.0,0.0,0.0,0.0,0.0,0.0,0.0,0.0,0.0,0.0,0.0,0.0,0.0,0.0,0.1388888888888889,43.22222222222255,0.0,0.0,4.443811492307362,4.443811492307362,89.40846198612333,70.7417953194564,2.428001412888028,0.34027777777777773,42.13627230741304,26.102383418524308,0.0,0.0,0.0,0.0,0.0,0.0,99.50694444444427,105.78863640167003,67.94444444444447,30.666666666666618,25.545386469934513,24.890977544534653,77.89934679436496,78.80009007882097,13,219.61111111111111,198.25843028772908,197.85083887652362,219.29513888888889,193.3333333333331,197.41162388996315,194.867319943323,219.26085069444446,219.61111111111111,193.30597922707048,192.44163302416032,219.26909722222223,180.0,180.0,219.61111111111111,196.04826836880235,193.25826253832872,183.3753424151414,187.08558992795437,188.92779139722967,180.0,180.0,219.61111111111111,193.2732349391257,195.003714757362,45.37386308929636,46.06882356852861,46.30046090477438,46.73703095142173,2520.0,465.0422737638357,602.547952323004
17.753472222222225,0.2708333333333333,0.4166666666666668,27.12499999999989,0.5486111111111112,15.991319444444462,72.25000000000041,9.545138888888888,8.932291666666666,14.356358609015793,9.585069444444443,10.231905466354402,8.17336098639166,12.071598982746975,3707.2315500013724,3615.6416300211176,760.3552647568189,2.0,1.9997674087801365,2.0,1.9997891861328703,4.578124999999999,4.578124999999999,9.545138888888888,0.0,0.2708333333333333,0.0,0.0,0.0,0.0,9.04513888888889,4.354166666666667,4.354166666666667,4.632120463623798,4.632120463623798,9.57587287169204,0.006944444444444475,0.40277777777777785,0.006944444444444475,1.0694444444444444,5.534143571417815,1.0694444444444444,8.642341925726138,4.1900945739741795,4.1900945739741795,5.614583333333332,5.614583333333332,15.895833333333224,0.03993055555555558,0.46875000000000006,0.03993055555555558,0.0,0.03919713302106981,0.0,9.545138888888888,4.578124999999999,4.578124999999999,1.106862784862498,7.26928112528055,22.977158941128657,8.803703029570586,0.904079861111111,0.904079861111111,93.40911836708959,72.08245170042261,14.614583333333352,1.3767361111111114,0.0,0.0,0.0,0.0,0.0,0.0,0.0,0.0,0.0,0.0,0.0,0.0,0.0,0.0,6.472222222222221,59.44444444444485,3.1666666666666665,3.1666666666666665,0.0,0.0,92.58802168140545,71.26135501473856,12.071598982746975,5.773529451529165,58.803838366544376,40.109949477655704,0.0,0.0,0.0,0.0,0.0,0.0,128.74652777777752,135.02821973500332,72.11111111111104,27.333333333333282,24.952465839329335,24.693333305997587,78.81509001329631,79.03436075580386,14,219.50043402777777,198.35926956105413,200.86448472696583,219.66059027777777,191.64460414830376,194.66232002780092,197.31801894526436,219.61111111111111,219.39706810015613,191.00535293027315,195.20649861585733,219.61111111111111,180.0,180.0,218.05555555555554,189.6686497862074,185.6195851023707,192.16209737904362,190.58832533812046,188.46227025295278,180.0,180.0,219.64149305555554,196.7441477485985,186.08109681838783,56.33825403164456,56.51391566309965,58.026030390714894,58.10202249503192,2700.0,495.14299969011535,703.3985836666947
4.99363480877611,16.104166666666668,19.41666666666667,12.351110722878673,21.881944444444454,2.123263888888911,54.02777777777827,8.593911725684043,9.16699011803475,16.69459106837129,10.152247765221974,9.901717752666165,4.943477466029671,3.8585069444444446,3691.05881229615,3605.9271796088533,823.5897286558335,2.0,1.9797892435867626,2.0,1.9814224939735956,0.0,6.405149076066761,0.052083333333333315,3.9583333333333335,8.1875,3.9583333333333335,4.583495059017375,9.16699011803475,4.583495059017375,0.3368055555555555,0.0,4.656829253220555,0.0,0.0,0.3116319444444445,4.7569444444444455,9.902777777777779,4.7569444444444455,5.863803648793761,16.69459106837129,5.863803648793761,0.0,0.0,0.0,0.07291666666666669,6.6879162784343515,5.590277777777654,5.18576388888889,11.510416666666675,5.18576388888889,4.91440054299975,9.8288010859995,4.91440054299975,0.052083333333333315,0.0,4.946952867388855,0.34027777777777773,1.0694444444444444,11.836590205301732,0.7145833333333333,3.874033021585227,3.874033021585227,117.2690462316344,93.28237956496746,2.0173611111111334,0.10590277777777779,0.0,0.0,0.0,0.0,0.0,0.0,0.0,0.0,0.0,0.0,0.0,0.0,0.0,0.0,0.1388888888888889,53.88888888888938,0.0,0.0,2.7890625,2.7890625,114.52303497634092,90.53636830967406,1.0694444444444444,0.34027777777777773,53.95453766528079,32.60064877639214,0.0,0.0,0.0,0.0,0.0,0.0,157.9861111111108,158.5563540287469,82.61111111111092,30.333333333333286,24.77817396949496,24.881716661979393,79.25178258605304,78.79747412484714,15,219.61111111111111,199.82687001639445,204.3344918397722,219.41666666666666,194.2784520870553,197.96861351582422,195.13742169032977,219.49077690972223,219.61111111111111,193.24090368102048,197.63308384157048,219.390625,180.0,180.0,219.61111111111111,194.91946054892566,192.4258138234299,181.61961558264804,187.09072820597393,187.18788222816863,180.0,180.0,219.61111111111111,192.6248890155721,194.9688209290557,45.368906929867634,46.066721324965854,46.22607060277266,46.73910117551154,2880.0,464.3277567896346,739.9430708552335
31.118634808776093,8.966697127206514,0.4166666666666668,35.338826127715706,15.10159722222231,11.45027810689837,82.91666666666725,9.059027777777777,8.85763888888889,19.321070885782067,7.84160775836341,9.223066420948735,7.201755688528786,11.868422355195454,3698.826952917344,3613.9249047078147,865.5206495319519,2.0,1.999767441536777,2.0,1.9997891887670305,4.503472222222221,21.537598077612266,9.059027777777777,0.0,8.966697127206514,0.0,0.0,0.0,0.0,9.04513888888889,4.354166666666667,17.719329253220536,4.887180350135775,4.887180350135775,10.085992644715995,0.006944444444444475,0.40277777777777785,0.006944444444444475,1.0694444444444444,10.34168014447937,1.0694444444444444,8.184420782333843,4.092210391166922,4.092210391166922,4.059027777777777,17.328409461049176,13.95138888888875,0.4288194444444445,14.24395833333342,0.4288194444444445,0.2132558180177756,2.3680918396648067,0.2132558180177756,7.19953249590119,2.795946803506151,13.020384831196543,1.0731000664866153,7.201755688528786,20.69982412906053,10.367487368683014,0.0,0.0,123.52181216057963,93.995718299958,7.809027777777779,1.3767361111111114,1.1322571090047395,1.1322571090047395,0.0,0.0,0.0,0.0,0.0,0.0,0.0,0.0,0.0,0.0,0.0,0.0,6.472222222222221,70.11111111111168,3.1666666666666665,3.1666666666666665,0.0,0.0,113.2879375635301,86.64127089686328,11.868422355195454,5.739766733153283,70.87473905603794,46.860850167149266,0.0,0.0,0.0,0.0,0.0,0.0,180.0,180.0,86.77777777777749,26.99999999999995,24.247901293090425,24.723744808759825,80.12952451515744,78.96322943227891,16,219.50043402777777,198.35797556567871,212.86253046053758,219.66059027777777,191.02643808787388,194.1765417660429,197.1148085447577,219.61111111111111,218.44444444444446,189.2855363945571,204.44444444444488,216.8888888888889,180.0,180.0,218.05555555555554,189.66800182049676,191.70350159045108,193.52193702006608,191.7475676118262,189.09686838814483,180.0,180.0,220.0,196.4848185941596,190.25191709308805,56.33849894237721,56.51393704351856,58.02953294790684,58.10242704949057,3060.0,493.5994627826232,887.0623808383187
31.118634808776065,40.63336379387316,19.41666666666667,34.5482324730105,45.79159722222243,0.8989278057797407,62.36111111111178,8.931555700626784,9.137912943909694,18.25852363022604,11.102962527155993,13.375785187577753,1.0694444444444444,1.0694444444444444,3698.377407366027,3602.716343997573,876.5985280087428,2.0,1.9767566847321507,2.0,1.9784536915047966,0.013888888888888895,38.33343693633365,0.4166666666666667,3.9583333333333335,32.71669712720649,3.9583333333333335,4.5565557006267845,9.124024055020804,4.5565557006267845,0.3368055555555555,0.0,30.781829253220508,0.0,0.0,1.0830000321744127,4.7569444444444455,9.902777777777779,4.7569444444444455,4.741683775668341,18.25852363022604,4.741683775668341,0.0,0.0,0.0,0.07291666666666669,32.385038028566214,2.0902777777776236,5.5746527777777795,34.64229166666687,5.5746527777777795,5.111643082711547,13.288979632022198,5.111643082711547,0.4166666666666667,0.013888888888888895,26.42238800939508,0.34027777777777773,1.0694444444444444,34.52538297577578,21.53304621539827,0.0,0.0,142.84395732322216,110.65786346260101,0.6006944444444444,0.10590277777777779,0.09616529177875927,0.09616529177875927,0.0,0.0,0.0,0.0,0.0,0.0,0.0,0.0,0.0,0.0,0.0,0.0,0.1388888888888889,62.2222222222229,0.0,0.0,0.0,0.0,129.0448021150987,99.7381354484319,1.0694444444444444,0.34027777777777773,63.24523612406864,36.57134723517984,0.0,0.0,0.0,0.0,0.0,0.0,179.52777777777777,179.52777777777777,89.77777777777753,29.999999999999957,25.211260792645042,24.98346138467886,78.52899317765944,78.61778842067271,17,219.61111111111111,199.8589552132521,219.99999999999775,219.24826388888889,193.97916666666526,198.13180314187693,194.7176994383849,219.49077690972223,219.61111111111111,192.314716760211,209.27627089686382,219.22222222222223,180.0,180.0,219.61111111111111,195.46984579435593,195.35446433523475,188.54839651986688,189.14449462140092,191.7304910885891,180.0,180.0,219.61111111111111,195.35535455669236,194.9258211530945,45.37270158248151,46.06721063663278,44.36196572027214,44.85247286710692,3240.0,463.79748531697714,1011.9389777499578
57.24363480877604,56.46669712720646,0.4166666666666668,63.52045469523277,54.94445489287741,11.608671164785083,79.58333333333408,9.37673611111111,8.966441733487036,15.37030503547628,8.14397585287726,10.334649221479687,7.306686251514915,9.549741807070472,3704.923623096474,3612.9640474718935,880.8468594533605,2.0,1.999497076061473,2.0,1.9995392693011405,4.601562499999999,53.17597593580632,9.37673611111111,0.0,56.46669712720646,0.0,0.0,0.010712566820369751,0.0,9.04513888888889,4.354166666666667,43.84432925322048,4.548326664976603,4.548326664976603,10.884855679546341,0.006944444444444475,0.40277777777777785,0.006944444444444475,0.5833333333333333,6.747587331541247,0.5833333333333333,8.14878207791686,4.07439103895843,4.07439103895843,4.059027777777777,49.01003802856627,10.451388888888724,0.4288194444444445,54.086816003988524,0.4288194444444445,0.20593687841275618,3.3855950120252127,0.20593687841275618,7.50921953002006,2.890026431676697,40.07078737729718,1.1255653479796794,7.306686251514915,57.281951653852175,41.62961489347473,0.0,0.0,148.65951287877735,113.81341901815675,7.809027777777779,1.3767361111111114,1.2114536379480971,1.2114536379480971,0.0,0.0,0.0,0.0,0.0,0.0,0.0,0.0,0.0,0.0,0.0,0.0,4.1388888888888875,73.77777777777854,0.8333333333333333,0.8333333333333333,0.0,0.0,125.2789288353272,93.31226216866058,9.549741807070472,3.4137597924241243,74.77413672436529,45.440247835476335,0.0,0.0,0.0,0.0,0.0,0.0,180.0,180.0,96.27777777777743,28.99999999999996,24.627994042992086,24.827885248588508,79.42527992826983,78.76497280546624,18,219.47033816103425,198.52831949116432,219.99999999999775,219.61111111111111,192.39088481600731,195.96586369666568,197.24061444032895,219.61111111111111,218.44444444444446,189.8255252717654,215.97785767065437,216.8888888888889,180.0,180.0,218.05555555555554,189.60503251056173,197.07923139142272,196.94531513140433,192.89414832841328,192.66851278092207,180.0,180.0,218.05555555555554,193.0506552164885,191.7200674091724,56.337919264572314,56.51359522408672,56.051951151113855,56.20396267329161,3420.0,512.9925366014429,1210.9955562810817
57.24363480877601,88.13336379387326,19.41666666666667,66.24267691745521,93.90560595042693,0.8989373001306646,66.02777777777864,8.328200313263453,8.750749869898838,11.244109218075728,10.750977286898951,13.409122590609337,1.0694444444444444,1.6527777777777777,3686.6382451050413,3590.2901874348327,885.8809814475169,2.0,1.9765989708691278,2.0,1.9783199513241945,0.0,69.05215864720223,0.0,3.9583333333333335,80.2166971272066,3.9583333333333335,4.369866979930119,8.750749869898838,4.369866979930119,0.3368055555555555,0.0,56.90682925322045,0.002337485721249144,0.002337485721249144,1.7305226078046556,4.7569444444444455,9.902777777777779,4.7569444444444455,4.063282094369637,11.24177173235448,4.063282094369637,0.0,0.0,0.0,0.07291666666666669,65.63503802856633,0.5347222222222223,5.5746527777777795,82.75630039487136,5.5746527777777795,5.176324509121172,13.336205923942671,5.176324509121172,0.0,0.0,53.993205074987365,0.34027777777777773,1.0694444444444444,70.94375742953342,52.63142066915588,0.0,0.0,166.19729065655477,128.6911967959347,0.6006944444444444,0.10590277777777779,0.09617003895422122,0.09617003895422122,0.0,0.0,0.0,0.0,0.0,0.0,0.0,0.0,0.0,0.0,0.0,0.0,0.1388888888888889,65.88888888888975,0.0,0.0,0.0,0.0,137.43001997321923,102.80335330655274,1.6527777777777777,0.6319444444444444,66.35433226226486,34.360443373375716,0.0,0.0,0.0,0.0,0.0,0.0,179.52777777777777,179.52777777777777,104.44444444444397,37.166666666666636,24.542306789041604,24.07943283821204,79.72363148185377,80.23352415530748,19,219.68055555555554,199.9580113953474,219.99999999999775,219.47743055555554,193.1840277777757,197.37252376772807,195.07799340046654,219.46105145334175,219.68055555555554,195.05360796969828,217.79448439088293,219.45138888888889,180.0,180.0,219.61111111111111,194.66970968916252,195.35428064795224,190.49375860360252,190.25723225097062,192.68177666861035,180.0,180.0,219.61111111111111,195.46049500788155,194.91820079361167,45.36862249018306,46.06408840728935,44.262664156278525,44.76589601996131,3600.0,499.7733738441114,1340.3031581206178
83.3686348087761,103.96669712720683,0.4166666666666668,96.38156580634416,112.66758035470043,11.27684008727676,83.25000000000094,9.324652777777777,9.027681894843585,10.136756393888504,8.067134214247632,10.438438589980073,7.2166127609944475,9.459668316550003,3712.3516655357694,3636.746006058238,897.7601901795558,2.0,1.9995006938738853,2.0,1.9995189689063877,4.662326388888888,83.92388194857247,9.324652777777777,0.0,103.96669712720683,0.0,0.0,0.011188839288031216,0.0,9.04513888888889,4.354166666666667,69.96932925322054,4.520403021300177,4.520403021300177,10.218588110599702,0.006944444444444475,0.40277777777777785,0.006944444444444475,0.5833333333333333,1.5555555555555556,0.5833333333333333,8.121595634065544,4.060797817032772,4.060797817032772,4.059027777777777,82.26003802856638,10.062499999999998,0.4288194444444445,111.80994146581155,0.4288194444444445,0.205942618640327,3.441002514398643,0.205942618640327,7.432372151162861,2.9384082978036528,67.64944184333994,1.0805286027194458,7.2166127609944475,93.53919652268274,69.35702422963458,0.0,0.0,172.01284621210996,127.88841901815671,7.809027777777779,1.3767361111111114,1.2114536661921012,0.879622532195769,0.0,0.0,0.0,0.0,0.0,0.0,0.0,0.0,0.0,0.0,0.0,0.0,4.1388888888888875,77.4444444444454,0.8333333333333333,0.8333333333333333,0.0,0.0,130.00681054886022,92.72014388219404,9.459668316550003,3.36872304716389,77.74181527288384,43.08792638399456,0.0,0.0,0.0,0.0,0.0,0.0,180.0,180.0,103.44444444444404,43.66666666666662,25.01069429742915,23.830502894641402,78.75926277696003,80.61633950504081,20,219.47010002480042,198.5559503721543,219.99999999999775,219.61111111111111,192.87624983109515,196.4387263807862,196.75253988565524,219.61111111111111,218.44444444444446,191.03473656735702,219.47584331994312,216.8888888888889,180.0,180.0,218.05555555555554,189.61522731614275,197.0917730522459,197.96752780311465,194.4829336376688,193.2351615209805,180.0,180.0,218.05555555555554,192.86393804624538,193.0592122323195,56.33880351612627,56.515193697189375,56.07736456967505,56.050063947427624,3780.0,555.5589137123206,1536.8276672909826
83.36863480877632,135.63336379387374,19.41666666666667,99.49267691745533,153.834247021367,0.8115716942211755,67.36111111111217,8.556945131797278,9.208421063037594,8.177531456635444,10.687693816989132,13.40891589155873,1.0694444444444444,1.5555555555555556,3691.350593304978,3643.622319648142,910.3048275786834,2.0,1.976568480542163,2.0,1.9775990259997962,0.0,99.61483511421437,0.0,3.9583333333333335,127.71669712720706,3.9583333333333335,4.598611798463944,9.208421063037594,4.598611798463944,0.3368055555555555,0.0,83.03182925322076,0.0,0.0,0.5121345884509583,4.7569444444444455,9.902777777777779,4.7569444444444455,3.8943212838732775,8.177531456635444,3.8943212838732775,0.0,0.0,0.0,0.07291666666666669,98.88503802856644,0.5347222222222223,5.5746527777777795,142.68494146581145,5.5746527777777795,5.1130410392113514,13.335999224892063,5.1130410392113514,0.0,0.0,81.38528375574056,0.34027777777777773,1.0694444444444444,106.94921227116967,74.6542411167046,0.0,0.0,189.55062398988738,140.68286346260075,0.6006944444444444,0.10590277777777779,0.09617003895598236,0.008804433042971016,0.0,0.0,0.0,0.0,0.0,0.0,0.0,0.0,0.0,0.0,0.0,0.0,0.1388888888888889,67.22222222222328,0.0,0.0,0.0,0.0,143.61673860776338,103.67007194109733,1.5555555555555556,0.5833333333333333,66.94756719080833,29.633678301918863,0.0,0.0,0.0,0.0,0.0,0.0,179.52777777777777,179.31944444444443,111.61111111111059,44.333333333333236,24.917055074397524,25.017861162823067,79.02180723175412,78.62853672575913,21,219.68055555555554,199.9206790020864,219.99999999999775,219.47743055555554,193.18402777777516,197.45315146033914,195.08828152651787,219.76268070900227,219.68055555555554,195.51198514393917,220.0,219.45138888888889,180.0,180.0,219.61111111111111,195.83640636341877,195.35445317197582,190.8151719329305,190.74706344448276,192.85397455239294,180.0,180.0,219.61111111111111,195.0127482283476,192.56927924400702,45.368598925617434,46.0692387538402,44.243021605233295,44.276137058370516,3960.0,551.3727092221884,1658.618033452602
109.49363480877655,151.46669712720728,0.4166666666666668,129.63156580634427,174.41758035470025,11.608172089121185,75.91666666666782,9.324652777777777,9.028656158360524,10.54432538290035,8.0764619211871,10.742406855425237,1.8085705720626255,7.026540729481532,3700.5197721842587,3621.152789134063,916.0313594595686,2.0,1.999497666596207,2.0,1.9995368400840947,4.662326388888888,114.44431821296052,9.324652777777777,0.0,151.46669712720728,0.0,0.0,0.012163102804969517,0.0,9.04513888888889,4.354166666666667,96.09432925322099,4.37201181551101,4.37201181551101,8.789267318040697,0.006944444444444475,0.40277777777777785,0.006944444444444475,0.8579563200125251,2.104801528913939,0.8579563200125251,8.135024076950804,4.067512038475402,4.067512038475402,4.059027777777777,115.5100380285665,10.062499999999998,0.4288194444444445,173.55994146581133,0.4288194444444445,0.2059372272645785,3.7403042306861987,0.2059372272645785,7.441705249478078,2.9430748469612613,94.98378994747377,0.0,1.8085705720626255,127.62110145919334,92.57926383096724,0.0,0.0,195.36617954544258,143.63008568482263,7.809027777777779,1.3767361111111114,1.2114536661921118,1.2109545340401835,0.0,0.0,0.0,0.0,0.0,0.0,0.0,18.818818815567035,0.0,18.048068359263137,0.0,0.0,1.8055555555555547,74.11111111111227,0.0,0.0,0.0,0.0,139.98451638554113,97.37784971887531,7.026540729481532,0.985492586962988,73.64620500865807,33.672316119768425,0.0,0.0,0.0,0.0,0.0,0.0,180.0,180.0,118.94444444444383,44.16666666666648,24.339027086055594,24.785768246456044,79.96186157392029,78.88425199663756,22,219.46961289304195,198.58309862082828,219.99999999999775,219.61111111111111,192.6630095352292,196.27037920282058,196.61746733185825,219.61111111111111,218.44444444444446,190.9847720660523,220.0,216.8888888888889,180.0,180.0,218.05555555555554,192.2407765070595,197.06560678022805,198.04053494882322,214.3125032034508,193.28670825070384,180.0,180.0,218.05555555555554,188.26716516413697,191.1490526240591,56.33801666781508,56.511818514731125,56.056027834184036,56.18831327382366,4140.0,622.6583997518449,1879.104254819554
109.49363480877678,183.1333637938742,19.41666666666667,132.74267691745533,215.58424702136676,0.8989372690193107,64.02777777777904,8.221270178878992,8.033686191091316,8.661612926704837,10.882743816389985,13.546264235171407,0.0,1.5555555555555556,3698.631959279387,3605.172920510891,920.5437506488961,2.0,1.9767414925407563,2.0,1.9784203552255626,0.0,130.30560126655257,0.24609374999999994,3.9583333333333335,175.2166971272075,3.9583333333333335,4.016843095545658,8.033686191091316,4.016843095545658,0.3368055555555555,0.0,109.15682925322122,0.0,0.0,0.0,4.7569444444444455,9.902777777777779,4.7569444444444455,4.136362018907974,8.661612926704837,4.136362018907974,0.0,0.0,0.0,0.07291666666666669,132.13503802856644,0.5347222222222223,5.5746527777777795,204.43494146581122,5.5746527777777795,5.061997288612205,13.47334756850474,5.061997288612205,0.24609374999999994,0.0,108.98285328857047,0.0,0.0,134.98547069325684,97.2831339639942,0.0,0.0,212.90395732322,158.50786346260008,0.6006944444444444,0.10590277777777779,0.09617003895598236,0.09617000784110613,0.0,0.0,0.0,0.0,0.0,0.0,0.0,49.92189449810705,0.0,45.54259050256231,0.0,0.0,0.1388888888888889,63.88888888889015,0.0,0.0,0.0,0.0,153.46340527443007,108.19673860776439,1.5555555555555556,0.5833333333333333,62.85559101198042,20.221702123090704,0.0,0.0,0.0,0.0,0.0,0.0,179.52777777777777,179.52777777777777,118.7777777777772,43.999999999999766,25.294240948604646,25.020232449560144,78.37009534306915,78.56557870362582,23,219.61111111111111,200.1961279013584,219.99999999999775,219.31966145833331,194.30295508252053,198.5405715556762,195.43999248576725,219.7033122732555,219.61111111111111,195.51189287983908,220.0,219.29361979166666,180.0,180.0,220.0,204.18723423263614,195.3543531108664,191.0153675703385,219.9999999999952,192.86193597789995,180.0,180.0,219.61111111111111,195.0822473870457,192.59030343595342,45.37160292610335,46.065369823548096,44.353595194968484,44.83254975787356,4320.0,661.7501589606304,2067.6982341523885
135.61863480877702,198.96669712720774,0.4166666666666668,162.88156580634376,236.16758035470002,11.60867122108799,72.58333333333469,9.255208333333332,8.858723958333332,9.951750804845307,6.479825045500921,9.772335200892893,0.0,6.938612989669137,3705.2005681314968,3614.0220736076953,926.3203782780852,2.0,1.9994970231224403,2.0,1.9995391274203362,4.504557291666666,144.91586272287094,9.255208333333332,0.0,198.96669712720774,0.0,0.0,0.0,0.0,9.04513888888889,4.354166666666667,122.21932925322145,4.372017996195992,4.372017996195992,8.744035992391984,0.006944444444444475,0.40277777777777785,0.006944444444444475,0.8579855948431532,2.104860078575195,0.8579855948431532,6.949745460148241,3.4748727300741207,3.4748727300741207,4.059027777777777,148.760038028566,10.062499999999998,0.4288194444444445,235.3099414658111,0.4288194444444445,0.20594035417423354,3.691599452451773,0.20594035417423354,5.8450652468822435,2.0217079706633436,121.60641686115221,0.0,0.0,150.0086592882426,109.64632252805077,0.0,0.0,218.7195128787752,161.6634190181553,7.809027777777779,1.3767361111111114,1.2114536661921118,1.2114536660069892,0.0,0.0,0.0,0.0,0.0,0.0,0.0,78.76260331724913,0.0,74.80353610647225,0.0,0.0,1.8055555555555547,70.77777777777914,0.0,0.0,0.0,0.0,149.83118305220782,101.90451638554237,6.938612989669137,0.9415287170567914,69.5312579705079,24.23736908161809,0.0,0.0,0.0,0.0,0.0,0.0,180.0,180.0,126.11111111111045,43.83333333333301,24.711267713541783,24.845481506119196,79.26348769965821,78.73995657856001,24,219.67013888888889,199.04462111113725,219.99999999999775,220.0,193.2167502028367,194.41325805516894,197.13802361477178,219.61111111111111,218.44444444444446,191.06040728218642,220.0,216.8888888888889,180.0,180.0,220.0,195.18987649403033,197.07894569245303,198.2108439073475,219.9999999999952,193.3227091071869,180.0,180.0,218.05555555555554,188.33189744964423,191.23470144255998,56.337896072783856,56.5135418920388,56.05160558418353,56.202974844277286,4500.0,777.9948006429535,2292.692363412376
135.61863480877722,230.63336379387465,19.41666666666667,165.99267691745442,277.3342470213669,0.8989373001341754,60.69444444444591,8.344711079250656,8.280567991834644,8.636865994023248,10.880101906102361,13.437862526298654,0.0,1.6527777777777777,3686.9879213930044,3590.8928790525492,929.5651157903483,2.0,1.9765975204576944,2.0,1.9783163948680986,0.0,160.60731040520423,0.24609374999999994,3.9583333333333335,222.71669712720796,3.9583333333333335,4.140283995917322,8.280567991834644,4.140283995917322,0.3368055555555555,0.0,135.28182925322167,0.0,0.0,0.0,4.7569444444444455,9.902777777777779,4.7569444444444455,4.123988552567179,8.636865994023248,4.123988552567179,0.0,0.0,0.0,0.07291666666666669,165.38503802856553,0.5347222222222223,5.5746527777777795,266.18494146581133,5.5746527777777795,5.059355378324581,13.364945859631987,5.059355378324581,0.24609374999999994,0.0,135.76874500578307,0.0,0.0,156.48463735992283,113.46230059954641,0.0,0.0,236.2572906565526,176.54119679593276,0.6006944444444444,0.10590277777777779,0.09617003895598236,0.09617003895597082,0.0,0.0,0.0,0.0,0.0,0.0,0.0,110.55337397944291,0.0,102.44776557599495,0.0,0.0,0.1388888888888889,60.55555555555702,0.0,0.0,0.0,0.0,163.31007194109677,112.72340527443144,1.6527777777777777,0.6319444444444444,58.70277541707353,10.748886528183716,0.0,0.0,0.0,0.0,0.0,0.0,179.52777777777777,179.52777777777777,133.44444444444397,51.16666666666638,24.621555584010572,24.086099843846643,79.56680626689086,80.22548375292405,25,219.61111111111111,200.43923611110918,219.99999999999775,219.31966145833331,194.31652915972975,199.28176407563979,195.81737578435397,219.724283464315,219.61111111111111,195.51194031572012,220.0,219.29361979166666,180.0,180.0,220.0,204.54188404923823,195.35427543505438,190.99542292350537,219.9999999999952,193.16252525229058,180.0,180.0,219.61111111111111,195.14149556762933,192.58474035713516,45.36857760305888,46.063993158056455,44.26177585308403,44.76362957076202,4680.0,834.7656533087085,2487.9032759132156
161.74363480877747,246.4666971272082,0.4166666666666668,196.13156580634285,297.91758035470116,11.27684008727677,69.25000000000156,9.255208333333332,8.858723958333332,9.929880891164888,6.419050420432242,9.620144436636187,0.0,6.941489387244614,3712.0665304653285,3636.958500273857,943.0393487424835,2.0,1.9995007089573928,2.0,1.9995189442105707,4.504557291666666,175.21108497563498,9.255208333333332,0.0,246.4666971272082,0.0,0.0,0.0,0.0,9.04513888888889,4.354166666666667,148.3443292532219,4.372015660178198,4.372015660178198,8.744031320356395,0.006944444444444475,0.40277777777777785,0.006944444444444475,0.8581426849377896,2.105174258764468,0.8581426849377896,6.905381944444445,3.4526909722222223,3.4526909722222223,4.059027777777777,182.01003802856508,10.062499999999998,0.4288194444444445,297.05994146581224,0.4288194444444445,0.20594278154335208,3.5697972144139647,0.20594278154335208,5.7842881944444455,1.9913194444444449,148.17352855556976,0.0,0.0,171.50782595490858,122.61565366186223,0.0,0.0,242.0728462121078,175.73841901815447,7.809027777777779,1.3767361111111114,1.2114536661921118,0.87962253219577,0.0,0.0,0.0,0.0,0.0,0.0,0.0,139.43397395391162,0.0,131.48962507490734,0.0,0.0,1.8055555555555547,67.444444444446,0.0,0.0,0.0,0.0,159.6778497188745,106.43118305220942,6.941489387244614,0.9429669158445291,65.31728711487852,14.703398225988709,0.0,0.0,0.0,0.0,0.0,0.0,180.0,180.0,133.2777777777772,58.49999999999971,25.08677362396364,23.830990922390434,78.60934824376372,80.61757030676839,26,219.67013888888889,199.04588875658675,219.99999999999775,220.0,193.2137244921307,194.3458140603171,197.10846815905967,219.61111111111111,218.44444444444446,191.06445888557258,220.0,216.8888888888889,180.0,180.0,220.0,195.20027249087016,197.0917399251977,198.17500193687948,219.9999999999952,193.3537428479619,180.0,180.0,218.05555555555554,188.19693267531665,191.04972467387944,56.338801747572894,56.51518543292714,56.07749435095147,56.04989691466143,4860.0,952.3141032700901,2704.097458872703
161.74363480877767,278.13336379387505,21.86427322288578,199.2426769174535,339.0842470213687,0.8115716942211755,57.36111111111278,8.0979160378086,8.279165408950533,8.679911628007034,10.921628563356151,13.467354336866599,0.0,1.6527777777777777,3691.3419633572225,3643.6931579412253,953.9417537216173,2.0,1.976568277513395,2.0,1.9775985951433759,0.0,190.54288231653334,0.0,3.9583333333333335,270.2166971272084,3.9583333333333335,4.139582704475266,8.279165408950533,4.139582704475266,0.3368055555555555,0.0,161.40682925322213,0.0,0.0,1.5104540342077895,4.7569444444444455,9.902777777777779,7.204551000663558,4.145511369559072,8.679911628007034,7.503386253007439,0.0,0.0,0.0,0.07291666666666669,198.63503802856462,0.5347222222222223,5.5746527777777795,327.93494146581315,5.5746527777777795,5.100882035578373,13.394437670199933,5.100882035578373,0.24609374999999994,0.0,162.34374775998415,0.0,0.0,177.9838040265888,120.97883287212608,0.0,0.0,259.61062398988537,188.5328634625985,0.6006944444444444,0.10590277777777779,0.09617003895598236,0.008804433042971016,0.0,0.0,0.0,0.0,0.0,0.0,0.0,171.43389769859454,0.0,159.13687511815783,0.0,0.0,0.1388888888888889,57.22222222222389,0.0,0.0,0.0,0.0,173.15673860776346,117.2500719410985,1.6527777777777777,0.6319444444444444,54.48597292028258,1.2120840313927572,0.0,0.0,0.0,0.0,0.0,0.0,179.52777777777777,179.31944444444443,140.6111111111108,58.333333333332995,24.99838944219034,25.016423547041068,78.86248805588754,78.63204393278198,27,220.0,200.43923611110876,219.99999999999775,219.63715277777777,200.16666666666234,199.28306357524428,195.80948324122173,219.77940538194443,219.61111111111111,195.51198508432992,220.0,219.29361979166666,180.0,180.0,220.0,204.54284568057912,195.3544529256013,190.8806969295207,219.9999999999952,193.17622111058287,180.0,180.0,219.61111111111111,195.08683562087248,192.56926408498558,45.36860014676891,46.069224820611694,44.242893910810274,44.27587146133866,5040.0,1007.2288635052181,2899.433885130962
177.97627369766624,285.2166971272091,10.374017472078272,216.71837136189762,347.97660813248046,3.7920077189391006,50.275071551638206,4.861111111111168,5.180555555555584,7.816657908730145,5.778419873852637,5.660933317434285,0.0,6.943462523027618,3505.0344337335177,3431.175392648996,930.2636058670887,2.0,1.999516590422845,2.0,1.9995403141824548,2.430555555555584,200.33771729295452,4.861111111111168,0.0,285.2166971272091,0.0,0.0,0.0,0.0,5.569444444444445,2.75,169.6568292532218,3.181039594379938,3.181039594379938,8.78787134739108,0.0,0.1111111111111111,10.262906360967161,0.8579567266195478,2.1048023421279844,17.570170592336066,5.061631944444445,2.5308159722222223,2.5308159722222223,1.944444444444444,209.13503802856428,5.638888888888888,0.27083333333333337,347.43494146581384,0.27083333333333337,0.1573261238526363,1.9057249841009527,0.1573261238526363,5.350260416666667,1.8107638888888886,174.31782325022863,0.0,0.0,179.83239362311014,117.71180070709346,0.0,0.0,254.53535467973256,177.56620876098802,3.0694444444444438,0.0,0.43562753036437246,0.28693574413028405,0.0,0.0,0.0,0.0,0.0,0.0,0.0,200.45740097521647,0.0,186.57850862589322,0.0,0.0,0.0,50.275071551638206,0.0,0.0,0.0,0.0,158.25451638554088,100.66784971887611,6.943462523027618,0.9439534837360319,49.829254826587615,4.314198964090239,0.0,0.0,0.0,0.0,0.0,0.0,180.0,180.0,144.44444444444431,52.72783364027377,23.238930461544694,23.406824161631253,80.70447860757153,79.59249979819255,28,219.71354166666666,205.85120231291432,219.99999999999775,219.84375,207.6293839596213,198.24103828598143,204.5840482692314,219.61111111111111,218.44444444444446,199.36241180868666,220.0,216.8888888888889,180.0,180.0,220.0,197.19848452637072,199.09288284965592,201.25226838268424,219.9999999999952,198.17109055586104,180.0,180.0,218.05555555555554,184.4978431893547,200.45740097521647,56.51596525584471,56.75608999096062,56.0693303058963,56.04834409800748,5220.0,1063.1627316589706,2967.0987031691366
173.0943292532219,293.55003046054156,17.76290636096704,213.51003802856405,358.4939692435921,0.0,50.492319217215936,4.136676494595605,6.190019655857876,6.513685157204094,7.363299257981699,12.967141899366249,0.0,0.19444444444444448,2684.3470513018406,2681.904645123887,810.48193263336,2.0,1.9861185011602989,2.0,1.9863738715029295,0.0,207.57277847728508,0.0,1.0416666666666667,291.4666971272082,1.0416666666666667,3.095009827928938,6.190019655857876,3.095009827928938,0.0,0.0,173.0943292532219,0.0,0.0,0.3048485416834891,1.25,2.5,14.01290636096704,3.256842578602047,6.513685157204094,27.31331801855371,0.0,0.0,0.0,0.0,213.51003802856405,0.0,1.4670138888888893,355.5599414658143,1.4670138888888893,5.896285369092809,12.967141899366249,5.896285369092809,0.0,0.0,184.44146565846557,0.0,0.0,147.59813065287614,78.37062301324823,0.0,0.0,246.14773050111611,167.45509764987727,0.0,0.0,0.0,0.0,0.0,0.0,0.0,0.0,0.0,0.0,0.0,214.183118131711,0.0,202.7549512008053,0.0,0.0,0.0,50.492319217215936,0.0,0.0,0.0,0.0,146.8600719410958,88.57340527443165,0.19444444444444448,0.0,16.989171423284326,0.0,0.0,0.0,0.0,0.0,0.0,0.0,178.80126467921613,178.58297454908674,137.27777777777737,16.335282534393908,18.51586114294866,19.13784843752819,81.40519778420101,79.76206660487536,29,220.0,214.70052083333076,219.99999999999775,219.90451388888889,207.5727784772851,209.19332056694938,208.5388561177163,219.8609926717376,219.90885416666666,213.23199797975195,220.0,219.83289930555557,180.0,180.0,220.0,214.39073363579666,212.5078668178966,208.45649555588733,219.9999999999952,203.94244649045993,180.0,180.0,219.61111111111111,207.6517586223114,214.37756257615547,51.241773365831605,51.73860033459221,46.376450435164394,46.21339851216813,5400.0,989.9924953405288,2882.5730271780544
179.969329253222,297.7166971272073,17.4506212804805,212.8100380285638,333.26077979245304,0.7916666666666663,48.279325982014264,1.7228969981241373,2.0072818323954023,2.408897905460611,0.339684956193785,0.12158594556100555,5.007289833602011,3.0748477780055334,2187.4814855021355,2092.807739839316,681.5718062382396,2.0,1.999983665259019,2.0,1.9999851906149433,0.8614484990620687,211.54103235702496,1.7228969981241373,0.0,297.7166971272073,0.0,0.0,0.0,0.0,2.2916666666666674,1.1458333333333337,176.531829253222,1.388390092960611,1.388390092960611,2.776780185921222,0.0,0.0,17.4506212804805,0.0,0.0,31.430241692712922,2.0410156250000004,1.0205078125000002,1.0205078125000002,0.0,211.4489269174527,1.3611111111111105,0.11284722222222222,333.0350853480086,0.11284722222222222,0.060792972780502774,0.12158594556100555,0.060792972780502774,0.16604476119106004,0.0,183.15351958364005,1.336978250134339,5.007289833602011,130.6888420001659,60.7613343605376,0.0,0.0,214.95884161222747,135.5662087609886,0.7916666666666663,0.0,0.0,0.0,0.0,0.0,0.0,0.0,0.0,0.0,0.0,203.86647669632168,0.0,195.88649484559676,0.0,0.0,1.6666666666666663,44.94599264868093,0.8333333333333331,0.8333333333333331,0.0,5.144408473895961,116.88781374832466,57.901147081660966,3.0748477780055334,1.5374238890027667,6.375349769247265,3.2187119445013828,0.0,0.0,0.0,0.0,0.0,0.0,171.47834801254936,171.26005788241997,129.2777777777773,2.333333333333334,13.358524437550587,12.544336891420505,87.13666341020395,88.11792770323503,30,219.88064236111111,213.44710251071342,219.99999999999775,219.93489583333334,214.12537785421114,211.6752679054656,210.89202695145883,219.93489583333331,218.44444444444446,206.4500757707672,198.61111111111103,217.68086650829335,180.0,180.0,218.05555555555554,209.35161128123832,212.68722752120127,210.70767642925694,201.68333333332873,209.9402562549911,180.0,180.0,219.88850053177066,201.16965859728813,205.46074739137768,59.031050243002795,59.07722280615486,58.76230138435948,58.79274505729338,5580.0,1014.5865931910298,2671.2445745795403
179.96932925322213,306.05003046053974,24.950621280480515,184.43647188063807,327.9086964591199,0.0,16.05710375979209,2.4147333801031072,2.7461334268728805,1.526000358261431,3.9153016139682535,4.670881005714284,6.4533840418678725,2.5472222222222443,2101.6334378065812,1824.1958377109825,604.8392475613027,2.0,1.9966563995422133,2.0,1.9968384759817246,0.0,214.7572659201026,0.0,1.0416666666666667,303.9666971272064,1.0416666666666667,1.3730667134364403,2.7461334268728805,1.3730667134364403,0.0,0.0,179.96932925322213,0.0,0.0,2.8295242976753814,1.25,2.5,21.200621280480515,0.7630001791307155,1.526000358261431,36.1306105100177,0.0,0.0,0.0,0.0,184.43647188063807,0.0,1.5798611111111116,324.7489742368977,1.5798611111111116,2.335440502857142,4.670881005714284,2.335440502857142,0.0,0.0,155.92071682722352,0.0,6.4533840418678725,102.3626046772996,31.73509703767122,0.0,0.0,203.2143971677834,123.12176431654429,0.0,0.0,0.0,0.0,0.0,0.0,0.0,0.0,0.0,0.0,0.0,176.34694685455455,0.0,150.71356307402687,0.0,0.0,0.0,16.05710375979209,0.0,0.0,2.5472222222222443,2.5472222222222443,112.66141586679878,52.97474920013501,0.0,0.0,0.0,0.0,0.0,0.0,0.0,0.0,0.0,0.0,164.1554313458825,163.93714121575312,99.03723933283032,0.5880979877218364,12.264373030667693,9.911768173143559,89.64607616693925,93.9657875200298,31,220.0,212.19474849301952,219.99999999999775,219.90451388888889,214.7572659201026,212.66546070717413,212.84834463137665,219.97829861111111,219.90792112151098,211.9475823723899,169.87505395582272,219.83243278297772,180.0,180.0,219.61111111111111,200.65274829807967,213.27999793728296,195.52171260109628,171.15555555555014,210.50133559608125,180.0,180.0,219.94791666666666,209.19117742022286,196.96276504731048,56.149265824764356,56.33231919473751,52.67996596661056,52.79215792090297,5760.0,994.6335426547059,2430.811766732504
186.84432925322224,310.21669712720546,24.9506212804805,160.024679814038,297.547585348009,0.7916666666666663,9.945992648680992,2.0957995855157696,2.7772834733134406,4.195653454788654,0.315505531443781,0.1796221739986732,35.56117449677904,2.914600837504876,2094.0208034137668,1918.431131215074,580.0252177916705,2.0,1.9999839125945573,2.0,1.9999853938036158,0.9830126399801071,217.05096208005614,1.9660252799602143,0.0,310.21669712720546,0.0,0.12977430555555552,0.6484375,0.12977430555555552,2.2916666666666674,1.1458333333333337,183.40682925322224,1.5946334895108754,1.5946334895108754,8.804307777892252,0.0,0.0,24.9506212804805,0.12977430555555552,0.6484375,46.37478490333382,3.9051649305555567,1.9525824652777783,1.9525824652777783,0.0,160.024679814038,0.0,0.22569444444444445,297.0961964591201,0.22569444444444445,0.0898110869993366,0.1796221739986732,0.0898110869993366,0.0,0.0,131.64201169448538,6.397222222222213,35.56117449677904,97.50621895769414,26.178711318065677,0.0,0.0,172.02550827889476,91.23287542765537,0.7916666666666663,0.0,0.0,0.0,0.0,0.0,0.0,0.0,0.0,0.0,0.0,148.73157839734165,0.0,102.2991877204107,0.0,0.0,1.6666666666666663,6.612659315347658,0.8333333333333331,0.8333333333333331,0.0,0.0,100.96487460006534,40.57820793340151,2.914600837504876,1.457300418752438,3.4119835427095526,3.178650209376219,0.0,0.0,0.0,0.0,0.0,0.0,156.83251467921573,156.61422454908634,79.79682945668314,3.8888888888888893,12.154224539181474,10.707444092359028,89.87651358177385,92.37412750988527,32,219.52430555555557,210.56852235015415,219.99999999999775,219.61111111111111,219.99999999999645,209.3759013276221,212.66636644014363,219.61111111111111,218.56496316492215,208.23389536571722,187.31530475568883,219.07414824912777,180.0,180.0,218.05555555555554,204.63979787803046,213.0249715527415,200.76680433141215,169.53221588364994,211.65243709314532,180.0,180.0,218.54166666666666,207.29193299960184,189.16681690487445,59.03740254150714,59.08274081891951,58.78180627412075,58.82567417797446,5940.0,940.00937927669,2242.625809979681
186.84432925322236,318.5500304605379,32.45062128048053,116.95523536959311,290.4920297924537,0.0,0.0,4.139910495048904,6.585376545653363,6.602453412894075,4.064771620939838,5.358709908546341,54.26048401393813,4.083333333333333,2093.805953879903,1870.4768143188553,528.8947154029214,2.0,1.9966628196894545,2.0,1.996848578706456,0.0,217.78822156004122,0.0,1.0416666666666667,316.46669712720455,1.0416666666666667,3.0982438283822367,6.585376545653363,3.0982438283822367,0.0,0.0,186.84432925322236,0.0,0.0,13.690339598127638,1.25,2.5,28.70062128048053,3.1067822620025933,6.602453412894075,55.86234872137067,0.0,0.0,0.0,0.0,116.95523536959311,0.0,1.5798611111111116,287.33230757023154,1.5798611111111116,2.484910509828726,5.358709908546341,2.484910509828726,0.0,0.0,90.1416109022625,0.0,54.26048401393813,75.46437967031738,3.4368720306887703,0.0,0.0,160.2810638344507,78.78843098321089,0.0,0.0,0.0,0.0,0.0,0.0,0.0,0.0,0.0,0.0,0.0,113.48148708067919,0.0,46.34570489540167,0.0,0.0,0.0,0.0,0.0,0.0,4.083333333333333,4.083333333333333,102.4082706333653,41.321603966701375,0.0,0.0,0.0,0.0,0.0,0.0,0.0,0.0,0.0,0.0,149.50959801254888,149.2913078824195,50.91356362708171,0.5879486702097165,12.166929259868825,10.193171066093123,89.90110404001061,93.72569147787519,33,220.0,211.0473090277754,219.99999999999775,219.90451388888889,217.78822156004122,210.8959469569733,211.78272490288418,219.82725788933786,219.81011284722223,212.33114338983725,166.33333333333206,219.78352864583334,180.0,180.0,219.61111111111111,195.30553513385806,213.28023304278562,202.71474316649608,169.44444444443752,210.48040607482926,180.0,180.0,219.94791666666666,209.34158171395782,203.76377374806674,56.149760637064524,56.33285622784832,52.688366945345315,52.82864440184101,6120.0,859.1626566996738,2039.549361519028
192.42627369766697,290.9584141670895,32.450621280480526,91.77467981403736,260.13091868134285,0.7916666666666663,6.666666666666665,1.6057189983165394,2.5322431797138254,3.504429575329148,0.45960044139642453,0.8567008827928491,86.89767171201801,3.1613690841023145,2093.482421450628,1929.0340698619377,499.88072871995166,2.0,1.9999839127222194,2.0,1.9999853993809833,0.7379723463804919,217.78608296085503,1.4759446927609838,0.0,290.9584141670895,0.0,0.12977430555555552,0.6484375,0.12977430555555552,2.2916666666666674,1.1458333333333337,188.98877369766697,1.5527151656069251,1.5527151656069251,20.443906303809346,0.0,0.0,32.450621280480526,0.0,0.0,62.95333569199878,3.9034288194444455,1.9517144097222228,1.9517144097222228,0.0,91.77467981403736,0.0,0.22569444444444445,259.67952979245393,0.22569444444444445,0.23390599695198006,0.8567008827928491,0.23390599695198006,0.0,0.0,65.9300232810809,6.416666666666666,86.89767171201801,71.49034326150412,4.374999999999999,0.0,0.0,132.71994013003498,50.527307278794886,0.7916666666666663,0.0,0.0,0.0,0.0,0.0,0.0,0.0,0.0,0.0,0.0,78.45275471411625,0.0,0.0,0.0,0.0,1.6666666666666663,3.3333333333333326,0.8333333333333331,0.8333333333333331,0.0,0.0,89.26382618892102,27.47715952225696,3.1613690841023145,1.5806845420511573,3.4736756043589114,3.240342271025578,0.0,0.0,0.0,0.0,0.0,0.0,142.1866813458821,136.35622683762813,34.00908858033018,3.8888888888888893,12.147580141961772,10.78247384154441,89.89409186906109,92.26121760800892,34,219.52430555555557,209.42272990357222,200.1666666666643,219.61111111111111,219.99999999999648,210.09607087778932,212.1493708346853,220.0,219.13552517361111,208.24528790893882,185.77777777777607,219.35942925347226,180.0,180.0,218.05555555555554,202.89460218447798,209.3972356100626,200.63960036681704,174.19915257052128,211.51783509112104,180.0,180.0,218.54166666666666,207.28641908986984,195.75572577122207,59.03740607022873,59.08283429203604,58.7818670772561,58.82273338965768,6300.0,797.205130984264,1816.7480341845976
170.78323073541648,281.92508083375515,39.56173239159151,48.70523536959279,253.07536312578762,0.0,0.0,5.0049324866325104,7.5793094177094655,7.88056934771734,4.529143654927122,6.287453976520909,88.68981692615057,3.888888888888889,2093.679832941632,1912.7113270086088,432.1207009168028,2.0,1.9975755459211175,2.0,1.9977154876644,0.0,198.6072799989524,0.0,1.215277777777778,279.4945252781996,1.215277777777778,3.7896547088547328,7.5793094177094655,3.7896547088547328,0.0,0.0,170.78323073541648,0.0,0.0,0.08589268136410404,1.25,2.5,35.81173239159151,3.94028467385867,7.88056934771734,71.71375499637371,0.0,0.0,0.0,0.0,48.70523536959279,0.0,1.5798611111111116,249.9156409035654,1.5798611111111116,2.9492825438160097,6.287453976520909,2.9492825438160097,0.0,0.0,24.392182356315168,1.0541154373675323,86.2057891483728,44.60070595392621,0.5270577186837662,2.4840277777777673,2.4840277777777673,132.23937827782729,49.34674542658679,0.0,0.0,0.0,0.0,0.0,0.0,0.0,0.0,0.0,0.0,0.0,31.66082968801164,0.0,0.0,0.0,0.0,0.0,0.0,0.0,0.0,3.888888888888889,3.888888888888889,86.42493730003227,23.938270633368038,0.0,0.0,0.0,0.0,0.0,0.0,0.0,0.0,0.0,0.0,134.86376467921525,105.29161514469979,10.130052451056313,0.5879470162830625,12.16057591338915,10.51985293555286,89.89928243311158,93.07690906132726,35,220.0,212.1284722222199,184.2222222222197,219.90451388888889,198.6072799989524,211.97857874527975,211.72151529169724,219.82717280819253,219.91427951388889,212.6134078209146,166.33333333333113,219.83561197916669,180.0,180.0,219.61111111111111,205.1711704195458,209.9448289074094,202.87232449297616,185.49354258619087,207.59564046979597,180.0,180.0,219.94791666666666,207.58482426880553,200.40609025285616,56.14979495926721,56.332871419135365,53.90734400702667,54.03312051147562,6480.0,729.9173325611293,1596.7589073278064
155.58809184652776,248.095926760393,26.38999086675263,23.524679814037288,222.71425201467676,0.7916666666666663,6.666666666666665,0.4947916666666667,0.6423611111111112,2.956098515757298,1.3923611111111112,2.3333333333333335,100.16440292123784,2.84900552495713,2039.1448947044632,1958.9404838942266,401.52220640508966,2.0,1.999983914323909,2.0,1.9999854124142693,0.0,186.4012988586059,0.0,0.1736111111111111,247.74870453817078,0.1736111111111111,0.3211805555555556,0.6423611111111112,0.3211805555555556,0.0,0.0,155.58809184652776,1.482222486467503,1.482222486467503,2.964444972935006,0.0,0.0,26.38999086675263,0.0,0.0,66.49751536992179,2.94775205857959,1.473876029289795,1.473876029289795,0.0,23.524679814037288,0.0,0.22569444444444445,222.26286312578785,0.22569444444444445,1.1666666666666667,2.3333333333333335,1.1666666666666667,0.0,0.0,0.0,5.20494947742672,99.01475014346013,35.66961286936473,3.7691414053800276,1.149652777777697,1.149652777777697,122.80673624061212,39.21410338937147,0.7916666666666663,0.0,0.0,0.0,0.0,0.0,0.0,0.0,0.0,0.0,0.0,0.0,0.0,0.0,0.0,0.0,1.6666666666666663,3.3333333333333326,0.8333333333333331,0.8333333333333331,0.0,0.0,68.61382618892132,5.427159522256927,2.84900552495713,1.301238873589676,3.3339527701281706,3.100619436794837,0.0,0.0,0.0,0.0,0.0,0.0,127.54084801254852,85.0955217067755,3.8888888888888893,3.8888888888888884,11.624963291420721,11.013617655628643,90.9149158281739,91.8464017195319,36,218.23193339232643,209.00291317210898,195.98611111110836,218.5534666961632,191.1922876590051,208.2693001536781,211.81643908680795,219.86545138888889,219.52734375,208.34734146407555,185.9270473758647,219.55533854166669,180.0,180.0,218.05555555555554,206.7357933493096,201.62328176742452,196.44500781904418,200.14714042081627,205.86209932096125,180.0,180.0,218.54166666666666,206.27534083257302,194.38735285619273,59.03742045310241,59.083225255972735,58.79125920062267,58.81745049272809,6660.0,646.9956343751969,1347.0502732139853
125.80198388374326,239.58898231594867,17.816488434189605,0.0,214.10314090356596,0.0,0.0,9.072333431712929,5.2349446412036365,9.98099837714844,5.423710835963156,7.68769944970409,76.4867346284103,3.163194444444444,2024.5737333845523,1775.544494381933,340.25699728272264,2.0,1.998296366304528,2.0,1.9983773991827065,0.5833333333333333,168.8726491660876,5.444444444444444,1.3020833333333335,236.98481564928198,1.3020833333333335,2.3258056539351517,4.651611307870303,2.3258056539351517,0.0,0.0,125.80198388374326,0.0,0.0,0.0,1.25,2.5,14.066488434189605,4.99049918857422,9.98099837714844,62.00768725450351,0.0,0.0,0.0,0.0,0.0,0.0,1.5798611111111116,210.94341868134373,1.5798611111111116,3.843849724852045,7.68769944970409,3.843849724852045,0.0,0.0,0.0,0.0,71.84177092479578,2.1597013980319693,0.0,4.644963703614525,4.644963703614525,127.54406105533783,43.25142820409711,0.0,0.0,0.0,0.0,0.0,0.0,0.0,0.0,0.0,0.0,0.0,0.0,0.0,0.0,0.0,0.0,0.0,0.0,0.0,0.0,3.013888888888889,3.013888888888889,51.14681403153012,4.4430555555555555,0.14930555555555552,0.0,0.0,0.0,0.0,0.0,0.0,0.0,0.0,0.0,120.21793134588208,47.33183497415616,0.7579861111111111,0.7190972222222223,11.526911552289045,9.891853572308827,91.07874334572017,92.50254171447187,37,219.61111111111111,212.53949652777564,178.45208333333068,219.515625,208.20504396034457,212.59911384758743,212.07085043375474,219.97829861111111,219.94791666666666,213.00224987991655,204.44424487289936,219.85243055555557,180.0,180.0,219.61111111111111,210.6390012229358,208.4191032068453,202.91835399835063,205.13219746145813,207.82272754945262,180.0,180.0,219.61111111111111,205.28547506350645,203.6603977911117,56.149635858525606,56.33243396965279,55.11985091266502,55.15085467875768,6840.0,560.5490716286622,1189.7226707265986
104.36257573568459,209.72787120483738,0.0,5.833333333333332,175.51286312578836,0.7916666666666663,6.666666666666665,5.382611794480241,0.3913303292458974,2.7451398447709474,2.7494574652777772,2.8330620659722214,60.34533330909688,2.693141947020734,2018.0480385377964,1783.957608030296,293.4618701200126,2.0,1.9999839124657237,2.0,1.9999854132002062,0.0,156.79663389842594,4.926529963190626,0.26041666666666663,209.20703787150407,0.26041666666666663,0.1956651646229487,0.3913303292458974,0.1956651646229487,0.0,0.0,104.36257573568459,1.5193804657257672,1.5193804657257672,3.0387609314515345,0.0,0.0,0.0,0.0,0.0,27.364579281347925,2.4515187580903604,1.2257593790451802,1.2257593790451802,1.458333333333333,1.458333333333333,2.916666666666666,0.0,175.51286312578836,0.0,0.0,0.0,0.0,2.7494574652777772,1.3747287326388886,1.3747287326388886,0.0,58.89299034617858,1.3623073485706156,1.1289740152372822,1.4523429629182982,1.4523429629182982,121.10074429603388,36.10811144479309,0.7916666666666663,0.0,0.0,0.0,0.0,0.0,0.0,0.0,0.0,0.0,0.0,0.0,0.0,0.0,0.0,0.0,1.6666666666666663,3.3333333333333326,0.8333333333333331,0.8333333333333331,0.0,0.0,12.792231808941397,0.0,2.693141947020734,1.2719181957325891,3.3192924311996275,3.085959097866294,0.0,0.0,0.0,0.0,0.0,0.0,98.32188025068926,22.809415814264504,3.8888888888888884,0.4763128928395405,11.421403348734907,9.57434169902909,91.38841006356512,94.7311326727475,38,218.05555555555554,210.76306952650353,193.65277777777433,218.99680446284913,192.26989485684695,209.52812306808025,211.98262002690944,219.93055555555554,219.88715277777777,210.472729592007,195.70801191893622,220.0,180.0,180.0,218.05555555555554,208.98761827867256,199.51984006625318,201.82350032673136,208.58374953856224,204.75132358433518,180.0,180.0,219.96690538194446,202.13740451174732,201.1765619216241,59.03743668764362,59.08355981292972,58.79603331461025,58.79004385535378,7020.0,505.86286024164247,953.9052117014833
68.51066680054478,202.2139823159485,5.0,0.0,161.2316131257887,0.0,0.0,3.593826636353244,3.435917161595375,7.972600891917819,4.0661328203554525,6.427404529599794,31.08215342309262,3.065972222222222,1789.3420976206369,1406.5356638914018,201.9769517418559,2.0,1.9984494455815567,2.0,1.9987332920277923,0.1232638888888889,129.57693867753053,0.6354166666666667,1.3020833333333335,199.6098156492818,1.3020833333333335,1.6563266363532432,3.3126532727064864,1.6563266363532432,0.0,0.0,68.51066680054478,0.0,0.0,0.0,1.25,2.5,1.25,3.9863004459589093,7.972600891917819,15.043876173399992,0.0,0.0,0.0,0.0,0.0,0.0,1.2413194444444446,158.74897423689978,1.2413194444444446,2.8248133759110083,6.427404529599794,2.8248133759110083,0.0,0.0,0.0,0.0,27.70368120087038,0.0,0.0,3.3784722222222383,3.3784722222222383,124.55638665714497,38.86375380590409,0.0,0.0,0.0,0.0,0.0,0.0,0.0,0.0,0.0,0.0,0.0,0.0,0.0,0.0,0.0,0.0,0.0,0.0,0.0,0.0,2.9166666666666665,2.9166666666666665,4.258333333333334,4.141666666666667,0.14930555555555552,0.0,0.0,0.0,0.0,0.0,0.0,0.0,0.0,0.0,59.59727697959961,0.5863886460731444,0.8405785051679152,0.7190972222222225,9.999375238945897,7.540915387932809,92.31465796223404,95.61281886324227,39,219.61111111111111,213.6827873508448,169.36041824082685,219.515625,202.30345969790676,213.31710777528485,212.56649575916927,219.95008680555557,219.94791666666666,211.68512353123702,201.3914706572483,219.85243055555557,180.0,180.0,219.61111111111111,211.3669556009098,206.44603840157816,203.0530971283222,205.792105222926,207.46205810511523,180.0,180.0,219.61111111111111,205.2323803344799,208.13074587370957,56.63082974302411,56.74165995362003,55.0121211233518,55.80065918303946,7200.0,426.59436306473145,825.2604018107323
42.1641390227673,174.49176009372616,0.0,5.833333333333332,117.09619645912217,6.249999999999999,6.666666666666665,0.5803240019720969,0.7466661174638487,3.1946449413473004,2.3477951192110402,2.6322308929388534,18.318629842425942,2.9924724436730834,1847.978240879576,1494.3725418686683,183.9769565540642,2.0,2.0,2.0,2.0,0.0,110.00266016617775,0.0,0.26041666666666663,173.97092676039284,0.26041666666666663,0.31990733530543025,0.7466661174638487,0.31990733530543025,0.0,0.0,42.1641390227673,1.9389347831180017,1.9389347831180017,3.8778695662360034,0.0,0.0,0.0,0.0,0.0,0.0,2.5114203164585973,1.2557101582292987,1.2557101582292987,1.458333333333333,1.458333333333333,2.916666666666666,0.0,117.09619645912217,0.0,0.0,0.0,0.0,2.3477951192110402,1.1738975596055201,1.1738975596055201,1.8422528784170729,17.73529650909261,3.4877931058752036,3.2544597725418702,0.5833333333333333,0.5833333333333333,117.01350431915961,30.620871467918647,3.1249999999999996,1.5624999999999998,0.7812499999999999,0.7812499999999999,0.0,0.0,0.0,0.0,0.0,0.0,0.0,0.0,0.0,0.0,0.0,0.0,1.6666666666666663,3.3333333333333326,0.8333333333333331,0.8333333333333331,0.0,0.0,0.0,0.0,2.9924724436730834,1.4962362218365417,3.4314514442516044,3.1981181109182706,0.0,0.0,0.0,0.0,0.0,0.0,36.87988770077983,2.333333333333333,0.5170826259775239,0.478193737088635,9.956040059973166,8.015017334637447,94.45300632822627,95.09629745572742,40,218.45307717375053,211.23800462150217,191.15416666666272,219.87413194444443,208.71176223228048,209.6425451531275,212.46834735371425,219.86545138888889,219.88715277777777,212.64927551541723,194.4787741668997,220.0,180.0,180.0,219.61111111111111,213.01979825030588,199.5557595038512,201.67480841240592,208.4963308483535,204.26517415175832,180.0,180.0,219.96690538194446,203.65721048166554,201.03218066502737,59.51898566215783,59.55767473004319,58.773984949954574,58.99457550964751,7380.0,364.39426787686074,667.6045294740305
0.0,166.8806489826151,5.0,0.0,93.03022423689991,0.0,0.0,3.6349384492977137,5.054599120817649,7.865167735556357,2.7505311040074827,3.4698122080149654,4.604253275451623,2.5277777777777777,1761.2878603696847,1414.677108518974,145.3374280244736,2.0,1.998649084816638,2.0,1.9989013743748447,0.0,68.03800938393027,0.0,1.3020833333333335,164.2764823159484,1.3020833333333335,2.33285511596438,5.054599120817649,2.33285511596438,0.0,0.0,0.0,0.0,0.0,0.0,1.25,2.5,1.25,3.9325838677781784,7.865167735556357,3.9325838677781784,0.0,0.0,0.0,0.0,0.0,0.0,1.015625,90.99897423689991,1.015625,1.7349061040074827,3.4698122080149654,1.7349061040074827,0.0,0.0,0.0,0.0,0.0,0.0,0.0,4.604253275451623,4.604253275451623,121.16810481683346,34.07547196559239,0.0,0.0,0.0,0.0,0.0,0.0,0.0,0.0,0.0,0.0,0.0,0.0,0.0,0.0,0.0,0.0,0.0,0.0,0.0,0.0,2.5277777777777777,2.5277777777777777,4.093055555555556,3.9569444444444444,0.0,0.0,0.0,0.0,0.0,0.0,0.0,0.0,0.0,0.0,4.162724504993902,0.5806507763942259,0.9565250958137557,0.7030111420763837,9.813206752983186,7.563922824331066,92.56967315806433,95.82675775161985,41,219.92933485243054,214.45077119019,166.88464530590895,219.86918131510416,211.63914718947032,213.30318749031093,212.70242276524235,219.95008680555557,219.89264787176265,210.59280701939852,196.74380793336493,219.82479615810354,180.0,180.0,219.93964301215277,210.9953371082632,204.75308291988472,201.90816449968665,205.91280556481112,206.37961559191717,180.0,180.0,219.85069444444446,205.9149169480714,207.38346556104423,57.11279666180143,57.246693506970765,55.06598499630989,55.71361598012513,7560.0,325.8717791831601,542.896790732219
0.0,139.15842676039276,0.0,5.833333333333332,47.01286312578878,6.249999999999999,6.666666666666665,1.705102429976587,2.8893715266198408,3.045820312542148,2.1012828968964845,2.5089747817815753,3.7275834804670267,3.213735284037785,1603.638221531016,1540.827232973335,144.70732246723546,2.0,2.0,2.0,2.0,0.0,39.93435670575548,0.0,0.26041666666666663,138.63759342705944,0.26041666666666663,1.4446857633099204,2.8893715266198408,1.4446857633099204,0.0,0.0,0.0,1.992687575277385,1.992687575277385,3.98537515055477,0.0,0.0,0.0,0.0,0.0,0.0,2.1062654745295264,1.0531327372647632,1.0531327372647632,1.458333333333333,1.458333333333333,2.916666666666666,0.0,47.01286312578878,0.0,0.0,0.0,0.0,2.1012828968964845,1.0506414484482423,1.0506414484482423,1.8637917402335133,3.7275834804670267,3.498562536783424,3.265229203450091,0.0,0.0,101.66994696257731,13.877314111336164,3.1249999999999996,1.5624999999999998,0.7812499999999999,0.7812499999999999,0.0,0.0,0.0,0.0,0.0,0.0,0.0,0.0,0.0,0.0,0.0,0.0,1.6666666666666663,3.3333333333333326,0.8333333333333331,0.8333333333333331,0.0,0.0,0.0,0.0,3.213735284037785,1.6068676420188925,3.4867671543427794,3.253433821009446,0.0,0.0,0.0,0.0,0.0,0.0,3.8888888888888884,3.8888888888888884,0.5170121385006873,0.4781232496117983,8.671751497399788,8.320049665268362,94.42042327296343,94.58227898700517,42,219.93923611111111,211.47945406718125,188.43229166666146,219.87413194444443,209.29293586187222,209.139393894703,212.67362963010663,219.86545138888889,219.88715277777777,212.8603832222807,194.35869729504438,220.0,180.0,180.0,219.49001736111111,213.36561917733687,206.41590467390137,199.7572096965072,207.8967624614162,202.87833539937745,180.0,180.0,219.96690538194446,203.99385888374718,201.1387908210989,59.53269750473032,59.55588727887243,58.942208388829684,58.96972290624599,7740.0,279.8047632332014,406.4834686253947
0.0,130.38064898261504,5.0,0.0,22.946890903566526,0.0,0.0,4.052866480445132,5.501566294223597,6.0540344595814455,2.8045022857780517,3.5777545715561034,4.033854166666667,2.5277777777777777,1572.9549827644685,1475.393281238749,133.98443550732847,2.0,1.9989358234955845,2.0,1.9990376025851058,0.0,0.0,0.0,1.3020833333333335,127.77648231594836,1.3020833333333335,2.7507831471117985,5.501566294223597,2.7507831471117985,0.0,0.0,0.0,0.0,0.0,0.0,1.25,2.5,1.25,3.0270172297907227,6.0540344595814455,3.0270172297907227,0.0,0.0,0.0,0.0,0.0,0.0,1.015625,20.915640903566526,1.015625,1.7888772857780517,3.5777545715561034,1.7888772857780517,0.0,0.0,0.0,0.0,0.0,0.0,0.0,4.033854166666667,4.033854166666667,92.17333237924399,5.783854166666667,0.0,0.0,0.0,0.0,0.0,0.0,0.0,0.0,0.0,0.0,0.0,0.0,0.0,0.0,0.0,0.0,0.0,0.0,0.0,0.0,2.5277777777777777,2.5277777777777777,4.093055555555556,3.9569444444444444,0.0,0.0,0.0,0.0,0.0,0.0,0.0,0.0,0.0,0.0,0.615348297167723,0.5764594082788341,0.6898858139765156,0.6509969250876267,8.494508355408568,7.94591104271049,95.01964311374923,95.28979962826898,43,219.92361111111111,214.8436358916922,189.941740062215,219.86631944444443,211.65540697959955,213.40200308235353,212.72401753098126,219.95008680555557,219.92361111111111,210.62094517331286,196.59194239375546,219.84027777777777,180.0,180.0,219.93964301215277,210.5193647994802,208.00059853136904,202.36697209479956,205.94399732963595,206.44928099744325,180.0,180.0,219.76448018159394,207.36741617727034,207.729253191584,57.60593680159278,57.703885273520264,55.49599455319452,55.82795292365479,7920.0,226.02537086037228,307.7247009717034
0.0,95.48481564928184,0.0,5.833333333333332,0.0,6.249999999999999,6.666666666666665,2.218895651113998,2.532986111111111,2.952027899007844,2.2196465826321115,2.5681566246493888,3.712120454128572,3.64249619451878,1593.8775069773,1299.5859492989246,127.80949374956556,2.0,2.0,2.0,2.0,0.0,0.0,0.7787914844473314,0.1736111111111111,95.13759342705961,0.1736111111111111,1.2664930555555556,2.532986111111111,1.2664930555555556,0.0,0.0,0.0,1.9463626155020708,1.9463626155020708,3.8927252310041416,0.0,0.0,0.0,0.0,0.0,0.0,2.011330567011546,1.005665283505773,1.005665283505773,1.458333333333333,1.458333333333333,2.916666666666666,0.0,0.0,0.0,0.0,0.0,0.0,2.2196465826321115,1.1098232913160557,1.1098232913160557,1.856060227064286,3.712120454128572,3.4946967801988107,3.2613634468654773,0.0,0.0,61.08559545176917,0.0,3.1249999999999996,1.5624999999999998,0.7812499999999999,0.7812499999999999,0.0,0.0,0.0,0.0,0.0,0.0,0.0,0.0,0.0,0.0,0.0,0.0,1.6666666666666663,3.3333333333333326,0.8333333333333331,0.8333333333333331,0.0,0.0,0.0,0.0,3.64249619451878,1.82124809725939,3.5939573819630275,3.3606240486296945,0.0,0.0,0.0,0.0,0.0,0.0,3.888888888888889,0.45042455823896865,0.5134114583333333,0.4745225694444444,8.592681765673403,6.7175990186590875,94.61928440511447,97.83347296764623,44,218.05555555555554,211.08366636073833,195.75310886625735,218.0758820355541,210.09014765821217,209.6880647780192,212.58702155945392,219.86545138888889,219.65573153980947,213.1653034567034,213.23820773348436,219.5371575240634,180.0,180.0,219.96586233412214,213.19057402695887,210.16971548276928,203.2040347706343,208.2582378692517,206.10611514615854,180.0,180.0,219.96690538194446,205.13471112332073,202.69990158240654,59.53184472565308,59.53425492084146,58.91595923334518,59.01765687452169,8100.0,203.6327372666295,222.1551461996442
0.0,81.69314898261531,5.0,0.0,4.0625,0.0,0.0,2.8790510094096855,4.063657574374927,4.711561317234773,2.4371101579441006,2.842970315888201,3.0521871128412923,0.8465506388558731,1548.5933005535653,1173.362128109128,119.27137409598723,2.0,1.99895327274765,2.0,1.9995699119218977,0.0,0.0,0.0,1.0416666666666667,79.60981564928197,1.0416666666666667,1.8373843427430188,4.063657574374927,1.8373843427430188,0.0,0.0,0.0,0.0,0.0,0.0,1.25,2.5,1.25,2.3557806586173866,4.711561317234773,2.3557806586173866,0.0,0.0,0.0,0.0,0.0,0.0,1.015625,2.03125,1.015625,1.4214851579441006,2.842970315888201,1.4214851579441006,0.0,0.0,0.0,0.0,0.0,0.0,0.0,3.0521871128412923,3.0521871128412923,44.3440711593427,4.802187112841293,0.0,0.0,0.0,0.0,0.0,0.0,0.0,0.0,0.0,0.0,0.0,0.0,0.0,0.0,0.0,0.0,0.0,0.0,0.0,0.0,0.8465506388558731,0.8465506388558731,2.18821730552254,2.071550638855873,0.0,0.0,0.0,0.0,0.0,0.0,0.0,0.0,0.0,0.0,0.6151654968314956,0.5762766079426067,0.6230819819112846,0.5841930930223957,8.333413693642672,6.28168085433377,95.27960507452514,95.59140050094067,45,219.80208333333334,213.68325925084298,204.01470583943924,219.80555555555554,211.8430479448663,213.01287598309366,212.82379529731801,219.95008680555557,219.79496557442062,210.7938869403471,211.66047039959992,219.77595500943255,180.0,180.0,219.93964301215277,210.71843075532024,212.00909748825748,206.52680927591751,209.04989492126464,207.80174191563026,180.0,180.0,219.91232089479544,208.1674117016332,209.12255776255927,57.605494951103,57.71419249232059,55.53754750523015,57.674701094933354,8280.0,170.43636936816554,174.80664022867896
4.583333333333335,38.415371204837676,0.0,5.833333333333332,0.0,6.249999999999999,6.666666666666665,3.0014671302744693,2.64230059078882,2.929782909200058,2.451006312714731,2.6838364896906985,3.6955401943419743,3.1434624186578666,1462.0403668283884,1170.8316147045268,117.83539188463538,2.0,2.0,2.0,2.0,1.4964672574554863,1.4964672574554863,3.0014671302744693,0.0,38.415371204837676,0.0,0.0,0.0,0.0,2.2916666666666674,1.1458333333333337,1.1458333333333337,1.4992223454321623,1.4992223454321623,2.9984446908643245,0.0,0.0,0.0,0.0,0.0,0.0,2.8611211275357906,1.4305605637678953,1.4305605637678953,1.458333333333333,1.458333333333333,2.916666666666666,0.0,0.0,0.0,0.0,0.0,0.0,2.451006312714731,1.2255031563573655,1.2255031563573655,1.8477700971709872,3.6955401943419743,3.490551715252161,3.2572183819188276,0.0,0.0,10.920429897371493,0.0,3.1249999999999996,1.5624999999999998,0.7812499999999999,0.7812499999999999,0.0,0.0,0.0,0.0,0.0,0.0,0.0,0.0,0.0,0.0,0.0,0.0,1.6666666666666663,3.3333333333333326,0.8333333333333331,0.8333333333333331,0.0,0.0,0.0,0.0,3.1434624186578666,1.5717312093289333,3.4691989379977994,3.2358656046644665,0.0,0.0,0.0,0.0,0.0,0.0,3.8888888888888884,0.4504351187825266,1.3949851816121188,1.35609629272323,7.840119691511933,6.003003608816646,95.11406114347163,98.31077792050934,46,219.0935132130729,213.74569908344867,194.9237778672348,218.36063753725685,211.659047128097,211.77430367982225,212.97704719509983,219.86545138888889,219.67353369074698,211.86479133903165,213.1997491938401,219.57276182593844,180.0,180.0,219.97260199652777,213.95442970868126,208.94207998889658,208.2589597678957,211.30964747777858,208.13178455431347,180.0,180.0,219.44112592949898,206.1923273076665,207.19665833929847,59.53206545597169,59.53793502044765,58.91419658196005,59.01432773510435,8460.0,182.7641216138793,118.99601890229064
0.0,21.686204538171072,5.0,0.0,4.0625,0.0,0.0,2.0731105871511,2.2364989520799776,4.154236140758843,2.4079055971070247,2.78456119421405,3.0182141684801373,0.8344820202948081,1331.6231929125913,1173.554631690524,110.17225825978895,2.0,1.9993500410186889,2.0,1.999554399141614,0.0,0.0,0.0,0.9548611111111113,19.77648231594885,0.9548611111111113,1.1182494760399888,2.2364989520799776,1.1182494760399888,0.0,0.0,0.0,0.0,0.0,0.0,1.25,2.5,1.25,2.0771180703794214,4.154236140758843,2.0771180703794214,0.0,0.0,0.0,0.0,0.0,0.0,1.015625,2.03125,1.015625,1.392280597107025,2.78456119421405,1.392280597107025,0.0,0.0,0.0,0.0,0.0,0.0,0.0,3.0182141684801373,3.0182141684801373,4.943214168480137,4.768214168480138,0.0,0.0,0.0,0.0,0.0,0.0,0.0,0.0,0.0,0.0,0.0,0.0,0.0,0.0,0.0,0.0,0.0,0.0,0.0,0.0,0.8344820202948081,0.8344820202948081,2.1761486869614752,2.059482020294808,0.0,0.0,0.0,0.0,0.0,0.0,0.0,0.0,0.0,0.0,0.6399313210583909,0.6010424321695019,0.6299449137255253,0.5910560248366361,7.188905567811475,6.278413960798252,95.15069603230535,95.6744930972673,47,219.88610243906618,213.08385037833895,202.08622241577785,219.84756510842197,211.41635092660863,212.89960064668864,212.98902839010012,219.89394378149433,219.88610243906618,210.8001621629676,212.01545408292293,219.82152344175532,180.0,180.0,219.738408396322,211.3772216136971,211.36357772840273,206.37800870523162,208.73250886606445,207.76757977802401,180.0,180.0,219.88359762374373,208.20790593165518,209.21910256009508,57.5544902484951,57.70731365038141,56.91025787612902,57.61145448276701,8640.0,168.76216753521106,70.75174853404326
4.583333333333335,0.0,0.0,5.833333333333332,0.0,6.249999999999999,6.666666666666665,3.271377366743915,2.781522016705291,2.8909020216600796,2.726496979569801,2.8215818231182332,3.5722326869648686,3.0701463262333992,1220.926113156394,1160.6632112281095,101.48316129975764,2.0,2.0,2.0,2.0,1.6356886833719575,1.6356886833719575,3.271377366743915,0.0,0.0,0.0,0.0,0.0,0.0,2.2916666666666674,1.1458333333333337,1.1458333333333337,1.4979439993564148,1.4979439993564148,2.9958879987128295,0.0,0.0,0.0,0.0,0.0,0.0,2.78591604460733,1.392958022303665,1.392958022303665,1.458333333333333,1.458333333333333,2.916666666666666,0.0,0.0,0.0,0.0,0.0,0.0,2.726496979569801,1.3632484897849004,1.3632484897849004,1.7861163434824343,3.5722326869648686,3.459724838407885,3.2263915050745515,0.0,0.0,0.0,0.0,3.1249999999999996,1.5624999999999998,0.7812499999999999,0.7812499999999999,0.0,0.0,0.0,0.0,0.0,0.0,0.0,0.0,0.0,0.0,0.0,0.0,1.6666666666666663,3.3333333333333326,0.8333333333333331,0.8333333333333331,0.0,0.0,0.0,0.0,3.0701463262333992,1.5350731631166996,3.4508699148916824,3.2175365815583494,0.0,0.0,0.0,0.0,0.0,0.0,0.48959166272987553,0.45070277384098667,1.3985177454772426,1.3596288565883539,6.2719551864028595,5.951134846237289,98.15187008417236,98.32308254585854,48,219.07323296872897,213.73275465001416,214.47830595221768,218.32007704856906,211.55324430547952,212.05344734739768,213.1878549561461,219.86545138888889,219.7118693868938,212.14205961108777,213.32262431802482,219.64943321823208,180.0,180.0,219.96558411852013,213.94645668516935,209.47581863421257,208.40619403201424,211.61453569335782,207.79532879263294,180.0,180.0,219.43759336563386,207.19517101868695,207.9032807367215,59.51219206131269,59.53495399874563,58.99366167848173,59.043460774271686,8820.0,160.6926070704352,70.21078147233095
0.0,3.819444444444445,5.0,0.0,4.0625,0.0,0.0,2.0615230401198126,2.2133238580174024,3.8433114683806253,2.1801940537924063,2.329138107584812,0.8464566863526729,0.8405129321204806,1193.605597730772,1135.0631632851846,101.91296184983527,2.0,1.9995458117779403,2.0,1.9995895309017064,0.0,0.0,0.0,0.9548611111111113,1.9097222222222225,0.9548611111111113,1.1066619290087012,2.2133238580174024,1.1066619290087012,0.0,0.0,0.0,0.0,0.0,0.0,1.25,2.5,1.25,1.9216557341903127,3.8433114683806253,1.9216557341903127,0.0,0.0,0.0,0.0,0.0,0.0,1.015625,2.03125,1.015625,1.164569053792406,2.329138107584812,1.164569053792406,0.0,0.0,0.0,0.0,0.0,0.0,0.0,0.8464566863526729,0.8464566863526729,2.771456686352673,2.596456686352673,0.0,0.0,0.0,0.0,0.0,0.0,0.0,0.0,0.0,0.0,0.0,0.0,0.0,0.0,0.0,0.0,0.0,0.0,0.0,0.0,0.8405129321204806,0.8405129321204806,2.1821795987871475,2.0655129321204804,0.0,0.0,0.0,0.0,0.0,0.0,0.0,0.0,0.0,0.0,0.6210382266910861,0.5821493378021971,0.6298102241892777,0.5909213353003879,6.389755785803906,6.048893432683755,95.62413518914204,95.88931582099231,49,219.84395919782028,213.10849906845976,213.1878928615385,219.826493487799,211.64329018312458,213.00461497590587,213.03688735518216,219.8955021748772,219.84395919782028,210.92986784964236,212.0423233951738,219.80045182113236,180.0,180.0,219.83658854166666,211.48846845657567,211.21457468249056,209.43882883243123,209.05389187606988,210.40614579799046,180.0,180.0,219.88538236481185,209.5996624837904,209.7980432063358,57.6230102141975,57.73781461209471,57.629780982818254,57.7390276583437,9000.0,143.26015829427328,42.643036452969405
4.583333333333335,0.0,0.0,5.833333333333332,0.0,6.249999999999999,6.666666666666665,3.2798354150721067,2.7857510408693873,2.8358781300884717,2.7612192770366084,2.8389429718516372,3.526786340863676,3.1346227064680554,1111.4726502145254,1052.227541610587,92.2213238975404,2.0,2.0,2.0,2.0,1.6399177075360534,1.6399177075360534,3.2798354150721067,0.0,0.0,0.0,0.0,0.0,0.0,2.2916666666666674,1.1458333333333337,1.1458333333333337,1.4458192711333928,1.4458192711333928,2.8916385422667856,0.0,0.0,0.0,0.0,0.0,0.0,2.7801177179101573,1.3900588589550786,1.3900588589550786,1.458333333333333,1.458333333333333,2.916666666666666,0.0,0.0,0.0,0.0,0.0,0.0,2.7612192770366084,1.3806096385183042,1.3806096385183042,1.763393170431838,3.526786340863676,3.4483632518825855,3.2150299185492526,0.0,0.0,0.0,0.0,3.1249999999999996,1.5624999999999998,0.7812499999999999,0.7812499999999999,0.0,0.0,0.0,0.0,0.0,0.0,0.0,0.0,0.0,0.0,0.0,0.0,1.6666666666666663,3.3333333333333326,0.8333333333333331,0.8333333333333331,0.0,0.0,0.0,0.0,3.1346227064680554,1.5673113532340277,3.466989009950346,3.233655676617013,0.0,0.0,0.0,0.0,0.0,0.0,0.48727122890932084,0.448382340020432,1.3919789810911527,1.3530900922022635,5.690383395499207,5.377191761415447,98.40494192958359,98.56483444419031,50,219.09027472109565,213.77110142220832,214.29832908659176,218.35416055330242,212.54422499918812,212.8497942082549,213.29133813536936,219.86545138888889,219.7495066794279,212.4519474407991,213.38922232027574,219.72470780330025,180.0,180.0,219.96790455234068,214.01734762749138,212.02975213496373,212.22695641676953,211.98094173999866,211.29002916784924,180.0,180.0,219.44413213001997,208.16474349493075,208.05198797706944,59.50626704117011,59.530448755155604,59.31512573868711,59.35820276707957,9180.0,146.8638814754332,70.11510666590144
0.0,3.819444444444445,5.0,0.0,4.0625,0.0,0.0,2.0469116189707015,2.1841010157191802,2.383534551580025,2.1817850412506234,2.332320082501247,0.8294241967008816,0.8345308104616944,1185.7675612785729,1127.012017622468,100.97515718734788,2.0,1.999546450989498,2.0,1.9995901123514248,0.0,0.0,0.0,0.9548611111111113,1.9097222222222225,0.9548611111111113,1.0920505078595901,2.1841010157191802,1.0920505078595901,0.0,0.0,0.0,0.0,0.0,0.0,1.25,2.5,1.25,1.1917672757900124,2.383534551580025,1.1917672757900124,0.0,0.0,0.0,0.0,0.0,0.0,1.015625,2.03125,1.015625,1.1661600412506234,2.332320082501247,1.1661600412506234,0.0,0.0,0.0,0.0,0.0,0.0,0.0,0.8294241967008816,0.8294241967008816,2.754424196700882,2.5794241967008817,0.0,0.0,0.0,0.0,0.0,0.0,0.0,0.0,0.0,0.0,0.0,0.0,0.0,0.0,0.0,0.0,0.0,0.0,0.0,0.0,0.8345308104616944,0.8345308104616944,2.1761974771283614,2.0595308104616943,0.0,0.0,0.0,0.0,0.0,0.0,0.0,0.0,0.0,0.0,0.6340239883490886,0.5951350994601996,0.6798120764567763,0.6409231875678875,6.3229711308528245,5.982694523601574,95.80023278882746,96.066279502856,51,219.88627395207865,213.11566032389533,213.41022737211478,219.84765086492823,211.7686502151486,212.93398698122203,213.15203941942832,219.9028821910572,219.88627395207865,211.28326933544406,212.22781943064075,219.82160919826157,180.0,180.0,219.83658854166666,211.54507597552362,211.26413523531443,209.02956612411933,209.3362646585483,210.30761905011107,180.0,180.0,219.9150040225057,210.19523729474534,209.85173238390493,57.622811666209714,57.737606956231105,57.6363577328204,57.745469525809035,9360.0,138.6102547911885,39.57934243936232
4.583333333333335,0.0,0.0,5.833333333333332,0.0,6.249999999999999,6.666666666666665,3.1868883280810905,2.739277497373879,2.787719644744802,2.7548322476372484,2.835749457151957,3.4880732317241154,3.0970159031958513,1110.041732953839,1050.802636328072,92.10368513906502,2.0,2.0,2.0,2.0,1.5934441640405452,1.5934441640405452,3.1868883280810905,0.0,0.0,0.0,0.0,0.0,0.0,2.2916666666666674,1.1458333333333337,1.1458333333333337,1.401056913952021,1.401056913952021,2.802113827904042,0.0,0.0,0.0,0.0,0.0,0.0,2.773325461585562,1.386662730792781,1.386662730792781,1.458333333333333,1.458333333333333,2.916666666666666,0.0,0.0,0.0,0.0,0.0,0.0,2.7548322476372484,1.3774161238186242,1.3774161238186242,1.7440366158620577,3.4880732317241154,3.4386849745976957,3.205351641264363,0.0,0.0,0.0,0.0,3.1249999999999996,1.5624999999999998,0.7812499999999999,0.7812499999999999,0.0,0.0,0.0,0.0,0.0,0.0,0.0,0.0,0.0,0.0,0.0,0.0,1.6666666666666663,3.3333333333333326,0.8333333333333331,0.8333333333333331,0.0,0.0,0.0,0.0,3.0970159031958513,1.5485079515979256,3.457587309132295,3.2242539757989617,0.0,0.0,0.0,0.0,0.0,0.0,0.491964378544647,0.45307548965575817,1.3963562454097476,1.3574673565208584,5.681855868992686,5.368746839624063,98.42118669999931,98.58140623271404,52,219.10778431071583,213.7888606302992,214.4549635824527,218.38917973254271,212.56477231979812,212.87677358796248,213.29559387007154,219.86545138888889,219.7496807710733,212.42289183973105,213.54201886665015,219.72505598659106,180.0,180.0,219.96794257062106,214.01864556429007,212.0489942802769,212.28536272453331,212.05783285847656,211.36876917583132,180.0,180.0,219.43975486570136,208.1573201966414,208.06110458531077,59.50634145318944,59.53052037029528,59.31653676999233,59.359568078291005,9540.0,145.723199724336,69.57116466692248
0.0,3.819444444444445,5.0,0.0,4.0625,0.0,0.0,2.0468770711007958,2.184031919979369,2.3743781581092613,2.179427509905387,2.3276050198107736,0.8288304252056437,0.8339428478589525,1185.1002677776746,1126.3400534710847,100.90312738861743,2.0,1.9995468884094967,2.0,1.999590522073766,0.0,0.0,0.0,0.9548611111111113,1.9097222222222225,0.9548611111111113,1.0920159599896846,2.184031919979369,1.0920159599896846,0.0,0.0,0.0,0.0,0.0,0.0,1.25,2.5,1.25,1.1871890790546307,2.3743781581092613,1.1871890790546307,0.0,0.0,0.0,0.0,0.0,0.0,1.015625,2.03125,1.015625,1.1638025099053868,2.3276050198107736,1.1638025099053868,0.0,0.0,0.0,0.0,0.0,0.0,0.0,0.8288304252056437,0.8288304252056437,2.753830425205644,2.5788304252056435,0.0,0.0,0.0,0.0,0.0,0.0,0.0,0.0,0.0,0.0,0.0,0.0,0.0,0.0,0.0,0.0,0.0,0.0,0.0,0.0,0.8339428478589525,0.8339428478589525,2.1756095145256196,2.0589428478589524,0.0,0.0,0.0,0.0,0.0,0.0,0.0,0.0,0.0,0.0,0.6340020012314455,0.5951131123425566,0.6790864417923035,0.6401975529034147,6.318543460501374,5.978301071891427,95.80759562932548,96.07361782494327,53,219.89101127787666,213.12109152560566,213.43264150412315,219.85001952782721,211.76911053500592,212.9438484075149,213.1562692329405,219.90297552093597,219.89101127787666,211.28938125244025,212.23332415244434,219.82397786116056,180.0,180.0,219.83658854166666,211.5641306464116,211.27643762634528,209.06696909345908,209.37678389369415,210.34522370514387,180.0,180.0,219.9179054349093,210.2181120114306,209.85516049776263,57.62281763924362,57.737611907419264,57.63844727422822,57.74753277363655,9720.0,138.33560321535305,39.54673439916831
4.583333333333335,0.0,0.0,5.833333333333332,0.0,6.249999999999999,6.666666666666665,3.185182311693996,2.738424489180332,2.785338153917756,2.753296410071736,2.8349815383692007,3.4863656568210346,3.0970081582210844,1109.8878797593607,1050.6497256762857,92.08816283728916,2.0,2.0,2.0,2.0,1.592591155846998,1.592591155846998,3.185182311693996,0.0,0.0,0.0,0.0,0.0,0.0,2.2916666666666674,1.1458333333333337,1.1458333333333337,1.3998494972968898,1.3998494972968898,2.7996989945937796,0.0,0.0,0.0,0.0,0.0,0.0,2.770977313241733,1.3854886566208664,1.3854886566208664,1.458333333333333,1.458333333333333,2.916666666666666,0.0,0.0,0.0,0.0,0.0,0.0,2.753296410071736,1.376648205035868,1.376648205035868,1.7431828284105173,3.4863656568210346,3.4382580808719263,3.204924747538593,0.0,0.0,0.0,0.0,3.1249999999999996,1.5624999999999998,0.7812499999999999,0.7812499999999999,0.0,0.0,0.0,0.0,0.0,0.0,0.0,0.0,0.0,0.0,0.0,0.0,1.6666666666666663,3.3333333333333326,0.8333333333333331,0.8333333333333331,0.0,0.0,0.0,0.0,3.0970081582210844,1.5485040791105422,3.4575853728886035,3.22425203955527,0.0,0.0,0.0,0.0,0.0,0.0,0.49194254692540096,0.45305365803651204,1.3957399766573608,1.3568510877684719,5.6809599848462495,5.367861961141428,98.42257036335111,98.58280555428045,54,219.11029784875745,213.79142407434506,214.45822381080905,218.39420680862602,212.56889770486978,212.87948764003352,213.29632866440534,219.86545138888889,219.74973674516744,212.424402279777,213.5452327116308,219.72516793477934,180.0,180.0,219.96794806740047,214.01880912791245,212.0496173430163,212.2899907572059,212.06114976442854,211.37305997523464,180.0,180.0,219.44037113445376,208.17060179604553,208.06323525312587,59.506347085502036,59.53052578610563,59.316659830644376,59.35968657819449,9900.0,145.6497299508525,69.5517243559534
0.0,3.819444444444445,5.0,0.0,4.0625,0.0,0.0,2.0520606512491786,2.194399080276135,2.373867682205831,2.1790867938852747,2.3269235877705494,0.8288187412785784,0.8339333946445098,1185.068745327634,1126.30872241011,100.90024051223065,2.0,1.999546903520129,2.0,1.9995905362063504,0.0,0.0,0.0,0.9548611111111113,1.9097222222222225,0.9548611111111113,1.0971995401380674,2.194399080276135,1.0971995401380674,0.0,0.0,0.0,0.0,0.0,0.0,1.25,2.5,1.25,1.1869338411029156,2.373867682205831,1.1869338411029156,0.0,0.0,0.0,0.0,0.0,0.0,1.015625,2.03125,1.015625,1.1634617938852747,2.3269235877705494,1.1634617938852747,0.0,0.0,0.0,0.0,0.0,0.0,0.0,0.8288187412785784,0.8288187412785784,2.753818741278579,2.5788187412785786,0.0,0.0,0.0,0.0,0.0,0.0,0.0,0.0,0.0,0.0,0.0,0.0,0.0,0.0,0.0,0.0,0.0,0.0,0.0,0.0,0.8339333946445098,0.8339333946445098,2.175600061311177,2.0589333946445096,0.0,0.0,0.0,0.0,0.0,0.0,0.0,0.0,0.0,0.0,0.6339991712627668,0.5951102823738779,0.679086559602949,0.6401976707140596,6.318362308732975,5.978121875047458,95.80776030896249,96.07378132414051,55,219.89104581442,213.12657369722922,213.4337100568776,219.8500367960989,211.7708531418782,212.94514425313733,213.15777250339218,219.90298364377665,219.89104581442,211.2894577802948,212.23420933177007,219.82399512943223,180.0,180.0,219.83658854166666,211.56491119578277,211.27689687116717,209.06823370545285,209.3789945847594,210.3470144813981,180.0,180.0,219.91790425294354,210.2182566276941,209.85559613702932,57.62281811783345,57.73761231337162,57.63853206393849,57.74761651366738,10080.0,138.33466061173004,39.5650003553085
4.583333333333335,0.0,0.0,5.833333333333332,0.0,6.249999999999999,6.666666666666665,3.185161245939335,2.738413956303001,2.783988408406729,2.751923933375001,2.8342953000208335,3.4858869940984833,3.0965913113577916,1109.8788780375203,1050.640750304011,92.08709807985139,2.0,2.0,2.0,2.0,1.5925806229696675,1.5925806229696675,3.185161245939335,0.0,0.0,0.0,0.0,0.0,0.0,2.2916666666666674,1.1458333333333337,1.1458333333333337,1.3998458065736488,1.3998458065736488,2.7996916131472975,0.0,0.0,0.0,0.0,0.0,0.0,2.7682852036661596,1.3841426018330798,1.3841426018330798,1.458333333333333,1.458333333333333,2.916666666666666,0.0,0.0,0.0,0.0,0.0,0.0,2.751923933375001,1.3759619666875005,1.3759619666875005,1.7429434970492417,3.4858869940984833,3.4381384151912884,3.204805081857955,0.0,0.0,0.0,0.0,3.1249999999999996,1.5624999999999998,0.7812499999999999,0.7812499999999999,0.0,0.0,0.0,0.0,0.0,0.0,0.0,0.0,0.0,0.0,0.0,0.0,1.6666666666666663,3.3333333333333326,0.8333333333333331,0.8333333333333331,0.0,0.0,0.0,0.0,3.0965913113577916,1.5482956556788958,3.4574811611727805,3.224147827839447,0.0,0.0,0.0,0.0,0.0,0.0,0.4919402637053075,0.45305137481641866,1.39565903072618,1.3567701418372908,5.680903557875168,5.367806100720606,98.4227109887209,98.58294906761324,56,219.11043518872168,213.78637304957132,214.45833089474357,218.39448148855445,212.56934593347242,212.87716307496095,213.29512320234795,219.86545138888889,219.7497381691566,212.42445180009165,213.5453359118258,219.72517078275766,180.0,180.0,219.96794877489265,214.0188142127105,212.049730500399,212.29029049903065,212.06201127238054,211.3738963621794,180.0,180.0,219.44045208038494,208.17118341890585,208.06336969843036,59.5063473196143,59.53052601130288,59.31666496734227,59.359691518399174,10260.0,145.64474374603319,69.5417472698348
0.0,3.819444444444445,5.0,0.0,4.0625,0.0,0.0,2.0520601445402074,2.1943980668581924,2.3738273165891854,2.179071555907258,2.326893111814516,0.8288159641888714,0.8339308938286017,1185.066311959473,1126.3062925356082,100.89998694495038,2.0,1.9995469042911185,2.0,1.999590536923396,0.0,0.0,0.0,0.9548611111111113,1.9097222222222225,0.9548611111111113,1.0971990334290962,2.1943980668581924,1.0971990334290962,0.0,0.0,0.0,0.0,0.0,0.0,1.25,2.5,1.25,1.1869136582945927,2.3738273165891854,1.1869136582945927,0.0,0.0,0.0,0.0,0.0,0.0,1.015625,2.03125,1.015625,1.163446555907258,2.326893111814516,1.163446555907258,0.0,0.0,0.0,0.0,0.0,0.0,0.0,0.8288159641888714,0.8288159641888714,2.7538159641888718,2.5788159641888715,0.0,0.0,0.0,0.0,0.0,0.0,0.0,0.0,0.0,0.0,0.0,0.0,0.0,0.0,0.0,0.0,0.0,0.0,0.0,0.0,0.8339308938286017,0.8339308938286017,2.1755975604952686,2.0589308938286015,0.0,0.0,0.0,0.0,0.0,0.0,0.0,0.0,0.0,0.0,0.6339989943904191,0.5951101055015302,0.6790799413942897,0.6401910525054006,6.318347218634998,5.978106958252415,95.80778093318199,96.0738018568389,57,219.89105421076172,213.1266362228437,213.43373649953855,219.85004099426973,211.77092851403248,212.9452141572349,213.15784465513542,219.90298397752767,219.89105421076172,211.28951334081856,212.23425273180487,219.82399932760308,180.0,180.0,219.83658854166666,211.56497032377501,211.2769251850211,209.06831502102142,209.37909335422657,210.34706090093778,180.0,180.0,219.91793065653212,210.2183182639968,209.85562765037565,57.62281813429798,57.737612322756625,57.63853694166341,57.74762131729905,10440.0,138.33364196667324,39.564835533704795
4.583333333333335,0.0,0.0,5.833333333333332,0.0,6.249999999999999,6.666666666666665,3.1851472084241514,2.7384069375454096,2.783982527235869,2.7519081545872774,2.8342874106269718,3.48586219561676,3.096569700298056,1109.8784748865478,1050.6403489781328,92.08704935859635,2.0,2.0,2.0,2.0,1.5925736042120757,1.5925736042120757,3.1851472084241514,0.0,0.0,0.0,0.0,0.0,0.0,2.2916666666666674,1.1458333333333337,1.1458333333333337,1.3998434610609751,1.3998434610609751,2.7996869221219502,0.0,0.0,0.0,0.0,0.0,0.0,2.7682781323497876,1.3841390661748938,1.3841390661748938,1.458333333333333,1.458333333333333,2.916666666666666,0.0,0.0,0.0,0.0,0.0,0.0,2.7519081545872774,1.3759540772936387,1.3759540772936387,1.74293109780838,3.48586219561676,3.438132215570857,3.204798882237524,0.0,0.0,0.0,0.0,3.1249999999999996,1.5624999999999998,0.7812499999999999,0.7812499999999999,0.0,0.0,0.0,0.0,0.0,0.0,0.0,0.0,0.0,0.0,0.0,0.0,1.6666666666666663,3.3333333333333326,0.8333333333333331,0.8333333333333331,0.0,0.0,0.0,0.0,3.096569700298056,1.548284850149028,3.4574757584078464,3.224142425074513,0.0,0.0,0.0,0.0,0.0,0.0,0.4919401234821594,0.4530512345932703,1.395654666047982,1.3567657771590929,5.680901062039947,5.367803632624285,98.42271687291719,98.58295506790081,58,219.11044120276068,213.78637955204837,214.45834029706933,218.39449351663245,212.56936565634953,212.87717417494432,213.29512786024702,219.86545138888889,219.74973823192775,212.42445842094259,213.5453451645876,219.72517090829996,180.0,180.0,219.96794881911072,214.0188153711405,212.04973627993968,212.29030411397798,212.0620356560455,211.37391548337055,180.0,180.0,219.44045644506312,208.1712004055413,208.0633769631539,59.506347332917876,59.530526024095984,59.31666524260645,59.35969178365176,10620.0,145.64441276679685,69.54157129346262
0.0,3.819444444444445,5.0,0.0,4.0625,0.0,0.0,2.0520601058271444,2.194397989432066,2.373825221948627,2.179071023841372,2.326892047682744,0.8288157285863101,0.8339306717200504,1185.066104315663,1126.3060834713453,100.89996474557094,2.0,1.9995469043815262,2.0,1.9995905370081597,0.0,0.0,0.0,0.9548611111111113,1.9097222222222225,0.9548611111111113,1.097198994716033,2.194397989432066,1.097198994716033,0.0,0.0,0.0,0.0,0.0,0.0,1.25,2.5,1.25,1.1869126109743136,2.373825221948627,1.1869126109743136,0.0,0.0,0.0,0.0,0.0,0.0,1.015625,2.03125,1.015625,1.163446023841372,2.326892047682744,1.163446023841372,0.0,0.0,0.0,0.0,0.0,0.0,0.0,0.8288157285863101,0.8288157285863101,2.7538157285863103,2.5788157285863105,0.0,0.0,0.0,0.0,0.0,0.0,0.0,0.0,0.0,0.0,0.0,0.0,0.0,0.0,0.0,0.0,0.0,0.0,0.0,0.0,0.8339306717200504,0.8339306717200504,2.1755973383867175,2.0589306717200504,0.0,0.0,0.0,0.0,0.0,0.0,0.0,0.0,0.0,0.0,0.6339989870473637,0.5951100981584747,0.6790796577807685,0.64019076889188,6.318345862146447,5.978105611549646,95.80778312919958,96.07380403921799,59,219.89105466714116,213.12663954302198,213.43373932828587,219.85004122245948,211.7709308273199,212.94521734176942,213.15784738131975,219.9029839955088,219.89105466714116,211.28951628270062,212.23425542813422,219.82399955579282,180.0,180.0,219.83658854166666,211.56497635294633,211.276927958813,209.06832029498753,209.37910117085798,210.34706592765679,180.0,180.0,219.91793178873652,210.21832462589143,209.85563053867452,57.62281813485663,57.737612322971486,57.6385374086064,57.74762177907111,10800.0,138.33357587791366,39.56482723046343
4.583333333333335,0.0,0.0,5.833333333333332,0.0,6.249999999999999,6.666666666666665,3.1851464657863975,2.7384065662265327,2.7839818334403423,2.7519073173755775,2.8342869920211218,3.48586085305535,3.0965688926368804,1109.8784455660095,1050.640319872305,92.08704615104321,2.0,2.0,2.0,2.0,1.5925732328931987,1.5925732328931987,3.1851464657863975,0.0,0.0,0.0,0.0,0.0,0.0,2.2916666666666674,1.1458333333333337,1.1458333333333337,1.399843136635027,1.399843136635027,2.799686273270054,0.0,0.0,0.0,0.0,0.0,0.0,2.76827739361063,1.384138696805315,1.384138696805315,1.458333333333333,1.458333333333333,2.916666666666666,0.0,0.0,0.0,0.0,0.0,0.0,2.7519073173755775,1.3759536586877887,1.3759536586877887,1.742930426527675,3.48586085305535,3.438131879930505,3.2047985465971713,0.0,0.0,0.0,0.0,3.1249999999999996,1.5624999999999998,0.7812499999999999,0.7812499999999999,0.0,0.0,0.0,0.0,0.0,0.0,0.0,0.0,0.0,0.0,0.0,0.0,1.6666666666666663,3.3333333333333326,0.8333333333333331,0.8333333333333331,0.0,0.0,0.0,0.0,3.0965688926368804,1.5482844463184402,3.457475556492553,3.2241422231592196,0.0,0.0,0.0,0.0,0.0,0.0,0.4919401173191332,0.45305122843024426,1.395654467155208,1.356765578266319,5.680900886004311,5.367803458979727,98.42271721542426,98.58295541570335,60,219.1104416828501,213.78638005380887,214.45834084209187,218.3944944768113,212.56936691260748,212.87717511424933,213.29512804291778,219.86545138888889,219.74973823903863,212.42445886989157,213.54534570118204,219.7251709225217,180.0,180.0,219.9679488209465,214.0188154347494,212.04973648409268,212.29030528214628,212.0620371740926,211.37391671811304,180.0,180.0,219.4404566439559,208.17120227379613,208.06337738472652,59.506347333871105,59.53052602501226,59.31666526329941,59.3596918035504,10980.0,145.64439105514504,69.54156105813644
0.0,3.819444444444445,5.0,0.0,4.0625,0.0,0.0,2.0520601015130606,2.194397980803899,2.3738251196515594,2.17907098601183,2.3268919720236596,0.8288157206349478,0.8339306646691385,1185.0660920574921,1126.3060711435928,100.89996347876541,2.0,1.9995469043861127,2.0,1.9995905370124631,0.0,0.0,0.0,0.9548611111111113,1.9097222222222225,0.9548611111111113,1.0971989904019495,2.194397980803899,1.0971989904019495,0.0,0.0,0.0,0.0,0.0,0.0,1.25,2.5,1.25,1.1869125598257797,2.3738251196515594,1.1869125598257797,0.0,0.0,0.0,0.0,0.0,0.0,1.015625,2.03125,1.015625,1.1634459860118298,2.3268919720236596,1.1634459860118298,0.0,0.0,0.0,0.0,0.0,0.0,0.0,0.8288157206349478,0.8288157206349478,2.753815720634948,2.578815720634948,0.0,0.0,0.0,0.0,0.0,0.0,0.0,0.0,0.0,0.0,0.0,0.0,0.0,0.0,0.0,0.0,0.0,0.0,0.0,0.0,0.8339306646691385,0.8339306646691385,2.1755973313358052,2.058930664669138,0.0,0.0,0.0,0.0,0.0,0.0,0.0,0.0,0.0,0.0,0.6339989864658666,0.5951100975769776,0.6790796492190867,0.6401907603301976,6.318345783810525,5.978105533765771,95.80778324491315,96.07380415429958,61,219.89105468713905,213.1266397301937,213.4337396167501,219.8500412324584,211.77093107930432,212.94521759291865,213.15784763061663,219.90298399684204,219.89105468713905,211.28951640132917,212.23425568946462,219.82399956579175,180.0,180.0,219.83658854166666,211.5649766905284,211.2769281233008,209.06832057088943,209.37910177690196,210.34706640039158,180.0,180.0,219.91793182277897,210.2183249416023,209.85563071979138,57.622818134729194,57.73761232283025,57.63853743488252,57.747621805085146,11160.0,138.33357141776742,39.56482679728569
4.583333333333335,0.0,0.0,5.833333333333332,0.0,6.249999999999999,6.666666666666665,3.1851464357461676,2.7384065512064177,2.783981796293748,2.7519072701997214,2.8342869684331937,3.4858607488527382,3.096568817168656,1109.8784432039847,1050.6403175242162,92.08704589060598,2.0,2.0,2.0,2.0,1.5925732178730838,1.5925732178730838,3.1851464357461676,0.0,0.0,0.0,0.0,0.0,0.0,2.2916666666666674,1.1458333333333337,1.1458333333333337,1.3998431200645287,1.3998431200645287,2.7996862401290574,0.0,0.0,0.0,0.0,0.0,0.0,2.7682773524584388,1.3841386762292194,1.3841386762292194,1.458333333333333,1.458333333333333,2.916666666666666,0.0,0.0,0.0,0.0,0.0,0.0,2.7519072701997214,1.3759536350998607,1.3759536350998607,1.7429303744263691,3.4858607488527382,3.438131853879852,3.2047985205465186,0.0,0.0,0.0,0.0,3.1249999999999996,1.5624999999999998,0.7812499999999999,0.7812499999999999,0.0,0.0,0.0,0.0,0.0,0.0,0.0,0.0,0.0,0.0,0.0,0.0,1.6666666666666663,3.3333333333333326,0.8333333333333331,0.8333333333333331,0.0,0.0,0.0,0.0,3.096568817168656,1.548284408584328,3.457475537625496,3.224142204292163,0.0,0.0,0.0,0.0,0.0,0.0,0.4919401168373823,0.45305122794849334,1.3956544514711755,1.3567655625822863,5.680900871659256,5.367803444811575,98.42271724542967,98.58295544623873,62,219.1104417202473,213.78638009288233,214.45834086923108,218.39449455160573,212.56936699234356,212.87717517332976,213.29512805565798,219.86545138888889,219.74973823953513,212.42445889185822,213.54534572770578,219.72517092351472,180.0,180.0,219.96794882109188,214.01881543821597,212.0497365025448,212.29030537338966,212.06203726558007,211.37391679575458,180.0,180.0,219.44045665963995,208.17120243341262,208.06337741676978,59.50634733394046,59.530526025078935,59.31666526481182,59.35969180500489,11340.0,145.64438961289903,69.54156039577622
0.0,3.819444444444445,5.0,0.0,4.0625,0.0,0.0,2.0520601012702664,2.1943979803183105,2.37382511128508,2.1790709825795505,2.326891965159101,0.8288157198005758,0.8339306638875179,1185.066091330102,1126.306070413296,100.89996340273414,2.0,1.9995469043863494,2.0,1.9995905370126845,0.0,0.0,0.0,0.9548611111111113,1.9097222222222225,0.9548611111111113,1.0971989901591552,2.1943979803183105,1.0971989901591552,0.0,0.0,0.0,0.0,0.0,0.0,1.25,2.5,1.25,1.18691255564254,2.37382511128508,1.18691255564254,0.0,0.0,0.0,0.0,0.0,0.0,1.015625,2.03125,1.015625,1.1634459825795505,2.326891965159101,1.1634459825795505,0.0,0.0,0.0,0.0,0.0,0.0,0.0,0.8288157198005758,0.8288157198005758,2.753815719800576,2.5788157198005757,0.0,0.0,0.0,0.0,0.0,0.0,0.0,0.0,0.0,0.0,0.0,0.0,0.0,0.0,0.0,0.0,0.0,0.0,0.0,0.0,0.8339306638875179,0.8339306638875179,2.175597330554185,2.058930663887518,0.0,0.0,0.0,0.0,0.0,0.0,0.0,0.0,0.0,0.0,0.6339989864174144,0.5951100975285255,0.6790796482708246,0.6401907593819366,6.318345779162052,5.978105529156515,95.80778325213382,96.07380416146714,63,219.89105468910998,213.12663974418132,213.43373963331365,219.85004123344387,211.7709311003345,212.94521761226736,213.1578476506374,219.90298399694043,219.89105468910998,211.28951641180245,212.23425570570814,219.82399956677722,180.0,180.0,219.83658854166666,211.56497671238222,211.27692813129445,209.06832058863816,209.37910181229682,210.3470664253211,180.0,180.0,219.9179318265541,210.2183249607529,209.85563073036028,57.622818134733215,57.7376123228327,57.638537436245855,57.747621806430516,11520.0,138.33357111800822,39.56482675938847
4.583333333333335,0.0,0.0,5.833333333333332,0.0,6.249999999999999,6.666666666666665,3.1851464330975707,2.738406549882119,2.783981794041951,2.7519072666726596,2.834286966669663,3.485860741455629,3.096568811445956,1109.8784430570868,1050.6403173780793,92.0870458737851,2.0,2.0,2.0,2.0,1.5925732165487854,1.5925732165487854,3.1851464330975707,0.0,0.0,0.0,0.0,0.0,0.0,2.2916666666666674,1.1458333333333337,1.1458333333333337,1.3998431191374625,1.3998431191374625,2.799686238274925,0.0,0.0,0.0,0.0,0.0,0.0,2.7682773498089777,1.3841386749044888,1.3841386749044888,1.458333333333333,1.458333333333333,2.916666666666666,0.0,0.0,0.0,0.0,0.0,0.0,2.7519072666726596,1.3759536333363298,1.3759536333363298,1.7429303707278145,3.485860741455629,3.4381318520305744,3.204798518697241,0.0,0.0,0.0,0.0,3.1249999999999996,1.5624999999999998,0.7812499999999999,0.7812499999999999,0.0,0.0,0.0,0.0,0.0,0.0,0.0,0.0,0.0,0.0,0.0,0.0,1.6666666666666663,3.3333333333333326,0.8333333333333331,0.8333333333333331,0.0,0.0,0.0,0.0,3.096568811445956,1.548284405722978,3.457475536194821,3.224142202861488,0.0,0.0,0.0,0.0,0.0,0.0,0.49194011679867955,0.4530512279097907,1.3956544502630253,1.3567655613741363,5.6809008707585305,5.367803443921405,98.42271724743142,98.58295544827789,64,219.11044172242396,213.78638009519136,214.45834087120502,218.39449455595903,212.56936699754175,212.87717517665254,213.29512805673727,219.86545138888889,219.74973823956444,212.42445889337424,213.54534572963502,219.7251709235733,180.0,180.0,219.967948821104,214.01881543847205,212.04973650411642,212.2903053790833,212.0620372720249,211.37391680122607,180.0,180.0,219.4404566608481,208.1712024418892,208.06337741903715,59.50634733394493,59.53052602508323,59.316665264906504,59.35969180509604,11700.0,145.64438951651266,69.5415603481781
0.0,3.819444444444445,5.0,0.0,4.0625,0.0,0.0,2.052060101255723,2.1943979802892235,2.3738251106509325,2.179070982362565,2.32689196472513,0.8288157197539022,0.8339306638442551,1185.0660912778665,1126.3060703608005,100.89996339719522,2.0,1.999546904386369,2.0,1.9995905370127025,0.0,0.0,0.0,0.9548611111111113,1.9097222222222225,0.9548611111111113,1.0971989901446118,2.1943979802892235,1.0971989901446118,0.0,0.0,0.0,0.0,0.0,0.0,1.25,2.5,1.25,1.1869125553254662,2.3738251106509325,1.1869125553254662,0.0,0.0,0.0,0.0,0.0,0.0,1.015625,2.03125,1.015625,1.163445982362565,2.32689196472513,1.163445982362565,0.0,0.0,0.0,0.0,0.0,0.0,0.0,0.8288157197539022,0.8288157197539022,2.7538157197539026,2.5788157197539023,0.0,0.0,0.0,0.0,0.0,0.0,0.0,0.0,0.0,0.0,0.0,0.0,0.0,0.0,0.0,0.0,0.0,0.0,0.0,0.0,0.8339306638442551,0.8339306638442551,2.175597330510922,2.058930663844255,0.0,0.0,0.0,0.0,0.0,0.0,0.0,0.0,0.0,0.0,0.633998986414559,0.5951100975256701,0.6790796481916236,0.6401907593027356,6.31834577882463,5.978105528821853,95.80778325267293,96.07380416200243,65,219.89105468925763,213.12663974517284,213.4337396343112,219.8500412335177,211.77093110146416,212.94521761340135,213.15784765175928,219.90298399694666,219.89105468925763,211.28951641259482,212.23425570674542,219.82399956685103,180.0,180.0,219.83658854166666,211.56497671394558,211.2769281319106,209.06832058995758,209.37910181466677,210.3470664269032,180.0,180.0,219.91793182686996,210.2183249622559,209.8556307310904,57.62281813473357,57.73761232283295,57.63853743635132,57.74762180653464,11880.0,138.33357109798047,39.564826756834314
4.583333333333335,0.0,0.0,5.833333333333332,0.0,6.249999999999999,6.666666666666665,3.1851464328972696,2.7384065497819687,2.7839817938735316,2.751907266422714,2.83428696654469,3.485860741010608,3.096568811124317,1109.8784430476162,1050.6403173686642,92.08704587272395,2.0,2.0,2.0,2.0,1.5925732164486348,1.5925732164486348,3.1851464328972696,0.0,0.0,0.0,0.0,0.0,0.0,2.2916666666666674,1.1458333333333337,1.1458333333333337,1.3998431190641891,1.3998431190641891,2.7996862381283782,0.0,0.0,0.0,0.0,0.0,0.0,2.768277349618685,1.3841386748093425,1.3841386748093425,1.458333333333333,1.458333333333333,2.916666666666666,0.0,0.0,0.0,0.0,0.0,0.0,2.751907266422714,1.375953633211357,1.375953633211357,1.742930370505304,3.485860741010608,3.438131851919319,3.2047985185859855,0.0,0.0,0.0,0.0,3.1249999999999996,1.5624999999999998,0.7812499999999999,0.7812499999999999,0.0,0.0,0.0,0.0,0.0,0.0,0.0,0.0,0.0,0.0,0.0,0.0,1.6666666666666663,3.3333333333333326,0.8333333333333331,0.8333333333333331,0.0,0.0,0.0,0.0,3.096568811124317,1.5482844055621585,3.4574755361144116,3.224142202781078,0.0,0.0,0.0,0.0,0.0,0.0,0.4919401167963876,0.4530512279074987,1.3956544501922385,1.3567655613033498,5.680900870700991,5.3678034438645685,98.4227172475526,98.58295544840121,66,219.11044172256956,213.78638009534515,214.45834087135535,218.39449455625018,212.5693669978942,212.8771751768838,213.29512805680721,219.86545138888889,219.74973823956634,212.42445889348892,213.5453457297825,219.7251709235771,180.0,180.0,219.9679488211047,214.01881543849026,212.04973650420624,212.2903053794389,212.06203727246864,211.37391680159095,180.0,180.0,219.44045666091887,208.17120244244373,208.06337741917827,59.50634733394523,59.53052602508352,59.3166652649129,59.3596918051022,12060.0,145.64438951008668,69.54156034507061
0.0,3.819444444444445,5.0,0.0,4.0625,0.0,0.0,2.052060101254645,2.1943979802870675,2.3738251106123824,2.1790709823495624,2.326891964699125,0.82881571975122,0.8339306638418078,1185.066091274267,1126.30607035718,100.8999633968162,2.0,1.9995469043863703,2.0,1.9995905370127038,0.0,0.0,0.0,0.9548611111111113,1.9097222222222225,0.9548611111111113,1.0971989901435337,2.1943979802870675,1.0971989901435337,0.0,0.0,0.0,0.0,0.0,0.0,1.25,2.5,1.25,1.1869125553061912,2.3738251106123824,1.1869125553061912,0.0,0.0,0.0,0.0,0.0,0.0,1.015625,2.03125,1.015625,1.1634459823495624,2.326891964699125,1.1634459823495624,0.0,0.0,0.0,0.0,0.0,0.0,0.0,0.82881571975122,0.82881571975122,2.7538157197512203,2.57881571975122,0.0,0.0,0.0,0.0,0.0,0.0,0.0,0.0,0.0,0.0,0.0,0.0,0.0,0.0,0.0,0.0,0.0,0.0,0.0,0.0,0.8339306638418078,0.8339306638418078,2.175597330508475,2.0589306638418075,0.0,0.0,0.0,0.0,0.0,0.0,0.0,0.0,0.0,0.0,0.6339989864143744,0.5951100975254855,0.6790796481873898,0.6401907592985004,6.3183457788014,5.978105528798796,95.80778325270946,96.0738041620387,67,219.89105468926647,213.1266397452333,213.43373963438367,219.85004123352212,211.7709311015385,212.9452176134777,213.15784765183423,219.90298399694706,219.89105468926647,211.28951641263959,212.23425570681653,219.82399956685546,180.0,180.0,219.83658854166666,211.56497671405245,211.2769281319554,209.06832059004435,209.3791018148325,210.3470664270216,180.0,180.0,219.91793182688681,210.21832496235675,209.85563073114142,57.62281813473357,57.73761232283295,57.638537436358746,57.747621806541986,12240.0,138.33357109664422,39.564826756680375
4.583333333333335,0.0,0.0,5.833333333333332,0.0,6.249999999999999,6.666666666666665,3.185146432885883,2.7384065497762755,2.783981793861912,2.751907266407568,2.834286966537117,3.4858607409803737,3.096568811102701,1109.878443046961,1050.6403173680128,92.08704587265089,2.0,2.0,2.0,2.0,1.5925732164429416,1.5925732164429416,3.185146432885883,0.0,0.0,0.0,0.0,0.0,0.0,2.2916666666666674,1.1458333333333337,1.1458333333333337,1.3998431190590885,1.3998431190590885,2.799686238118177,0.0,0.0,0.0,0.0,0.0,0.0,2.7682773496056474,1.3841386748028237,1.3841386748028237,1.458333333333333,1.458333333333333,2.916666666666666,0.0,0.0,0.0,0.0,0.0,0.0,2.751907266407568,1.375953633203784,1.375953633203784,1.7429303704901868,3.4858607409803737,3.43813185191176,3.204798518578427,0.0,0.0,0.0,0.0,3.1249999999999996,1.5624999999999998,0.7812499999999999,0.7812499999999999,0.0,0.0,0.0,0.0,0.0,0.0,0.0,0.0,0.0,0.0,0.0,0.0,1.6666666666666663,3.3333333333333326,0.8333333333333331,0.8333333333333331,0.0,0.0,0.0,0.0,3.096568811102701,1.5482844055513505,3.457475536109008,3.2241422027756745,0.0,0.0,0.0,0.0,0.0,0.0,0.4919401167962373,0.45305122790734825,1.3956544501874952,1.3567655612986065,5.6809008706970126,5.367803443860638,98.42271724756094,98.5829554484097,68,219.11044172257974,213.7863800953563,214.45834087136487,218.39449455627056,212.56936699791802,212.87717517690047,213.29512805681205,219.86545138888889,219.74973823956645,212.424458893496,213.54534572979185,219.7251709235774,180.0,180.0,219.96794882110473,214.01881543849134,212.04973650421206,212.29030537946352,212.06203727249712,211.37391680161414,180.0,180.0,219.44045666092362,208.17120244248463,208.06337741918784,59.50634733394525,59.53052602508354,59.31666526491334,59.35969180510262,12420.0,145.64438950965757,69.54156034486736
0.0,3.819444444444445,5.0,0.0,4.0625,0.0,0.0,2.052060101254571,2.194397980286919,2.37382511060984,2.1790709823486445,2.3268919646972885,0.8288157197510254,0.8339306638416286,1185.066091274039,1126.306070356951,100.8999633967923,2.0,1.9995469043863703,2.0,1.9995905370127038,0.0,0.0,0.0,0.9548611111111113,1.9097222222222225,0.9548611111111113,1.0971989901434596,2.194397980286919,1.0971989901434596,0.0,0.0,0.0,0.0,0.0,0.0,1.25,2.5,1.25,1.18691255530492,2.37382511060984,1.18691255530492,0.0,0.0,0.0,0.0,0.0,0.0,1.015625,2.03125,1.015625,1.1634459823486443,2.3268919646972885,1.1634459823486443,0.0,0.0,0.0,0.0,0.0,0.0,0.0,0.8288157197510254,0.8288157197510254,2.753815719751026,2.5788157197510255,0.0,0.0,0.0,0.0,0.0,0.0,0.0,0.0,0.0,0.0,0.0,0.0,0.0,0.0,0.0,0.0,0.0,0.0,0.0,0.0,0.8339306638416286,0.8339306638416286,2.1755973305082956,2.0589306638416285,0.0,0.0,0.0,0.0,0.0,0.0,0.0,0.0,0.0,0.0,0.6339989864143614,0.5951100975254724,0.6790796481871124,0.6401907592982234,6.318345778799936,5.978105528797344,95.80778325271173,96.07380416204096,69,219.89105468926704,213.12663974523772,213.43373963438862,219.8500412335224,211.7709311015443,212.94521761348335,213.15784765184003,219.90298399694709,219.89105468926704,211.28951641264234,212.23425570682141,219.82399956685575,180.0,180.0,219.83658854166666,211.56497671405913,211.27692813195813,209.06832059005004,209.37910181484392,210.34706642702955,180.0,180.0,219.91793182688792,210.21832496236283,209.85563073114466,57.62281813473357,57.73761232283295,57.63853743635921,57.74762180654243,12600.0,138.3335710965535,39.564826756669824
4.583333333333335,0.0,0.0,5.833333333333332,0.0,6.249999999999999,6.666666666666665,3.1851464328851207,2.738406549775894,2.7839817938611957,2.751907266406542,2.834286966536604,3.4858607409783047,3.0965688111011618,1109.8784430469168,1050.640317367969,92.08704587264593,2.0,2.0,2.0,2.0,1.5925732164425603,1.5925732164425603,3.1851464328851207,0.0,0.0,0.0,0.0,0.0,0.0,2.2916666666666674,1.1458333333333337,1.1458333333333337,1.3998431190587814,1.3998431190587814,2.799686238117563,0.0,0.0,0.0,0.0,0.0,0.0,2.7682773496048285,1.3841386748024143,1.3841386748024143,1.458333333333333,1.458333333333333,2.916666666666666,0.0,0.0,0.0,0.0,0.0,0.0,2.751907266406542,1.375953633203271,1.375953633203271,1.7429303704891523,3.4858607409783047,3.4381318519112427,3.2047985185779098,0.0,0.0,0.0,0.0,3.1249999999999996,1.5624999999999998,0.7812499999999999,0.7812499999999999,0.0,0.0,0.0,0.0,0.0,0.0,0.0,0.0,0.0,0.0,0.0,0.0,1.6666666666666663,3.3333333333333326,0.8333333333333331,0.8333333333333331,0.0,0.0,0.0,0.0,3.0965688111011618,1.5482844055505809,3.457475536108623,3.2241422027752895,0.0,0.0,0.0,0.0,0.0,0.0,0.49194011679622673,0.45305122790733776,1.3956544501871648,1.356765561298276,5.6809008706967425,5.367803443860373,98.42271724756152,98.58295544841029,70,219.11044172258042,213.7863800953574,214.45834087136544,218.39449455627192,212.56936699791984,212.87717517690174,213.2951280568128,219.86545138888889,219.74973823956648,212.42445889349625,213.54534572979242,219.72517092357742,180.0,180.0,219.96794882110476,214.01881543849137,212.04973650421255,212.29030537946528,212.06203727249945,211.3739168016158,180.0,180.0,219.44045666092396,208.1712024424873,208.06337741918847,59.50634733394525,59.53052602508354,59.31666526491337,59.35969180510265,12780.0,145.6443895096273,69.5415603448537
0.0,3.819444444444445,5.0,0.0,4.0625,0.0,0.0,2.0520601012545656,2.1943979802869085,2.373825110609664,2.17907098234858,2.32689196469716,0.8288157197510119,0.8339306638416162,1185.0660912740238,1126.3060703569358,100.8999633967907,2.0,1.9995469043863705,2.0,1.9995905370127038,0.0,0.0,0.0,0.9548611111111113,1.9097222222222225,0.9548611111111113,1.0971989901434542,2.1943979802869085,1.0971989901434542,0.0,0.0,0.0,0.0,0.0,0.0,1.25,2.5,1.25,1.186912555304832,2.373825110609664,1.186912555304832,0.0,0.0,0.0,0.0,0.0,0.0,1.015625,2.03125,1.015625,1.16344598234858,2.32689196469716,1.16344598234858,0.0,0.0,0.0,0.0,0.0,0.0,0.0,0.8288157197510119,0.8288157197510119,2.753815719751012,2.5788157197510118,0.0,0.0,0.0,0.0,0.0,0.0,0.0,0.0,0.0,0.0,0.0,0.0,0.0,0.0,0.0,0.0,0.0,0.0,0.0,0.0,0.8339306638416162,0.8339306638416162,2.175597330508283,2.058930663841616,0.0,0.0,0.0,0.0,0.0,0.0,0.0,0.0,0.0,0.0,0.6339989864143604,0.5951100975254715,0.6790796481870917,0.6401907592982028,6.318345778799838,5.978105528797246,95.80778325271189,96.07380416204111,71,219.89105468926707,213.12663974523846,213.43373963438887,219.85004123352243,211.77093110154485,212.94521761348386,213.15784765184088,219.90298399694709,219.89105468926707,211.28951641264246,212.23425570682173,219.82399956685578,180.0,180.0,219.83658854166666,211.56497671405947,211.27692813195836,209.06832059005052,209.37910181484517,210.34706642703017,180.0,180.0,219.917931826888,210.21832496236314,209.85563073114486,57.62281813473358,57.73761232283295,57.638537436359236,57.74762180654246,12960.0,138.33357109654585,39.56482675666909
4.583333333333335,0.0,0.0,5.833333333333332,0.0,6.249999999999999,6.666666666666665,3.185146432885066,2.738406549775867,2.7839817938611464,2.751907266406471,2.8342869665365686,3.4858607409781657,3.0965688111010596,1109.878443046914,1050.640317367966,92.08704587264562,2.0,2.0,2.0,2.0,1.592573216442533,1.592573216442533,3.185146432885066,0.0,0.0,0.0,0.0,0.0,0.0,2.2916666666666674,1.1458333333333337,1.1458333333333337,1.3998431190587601,1.3998431190587601,2.7996862381175203,0.0,0.0,0.0,0.0,0.0,0.0,2.768277349604773,1.3841386748023865,1.3841386748023865,1.458333333333333,1.458333333333333,2.916666666666666,0.0,0.0,0.0,0.0,0.0,0.0,2.751907266406471,1.3759536332032356,1.3759536332032356,1.7429303704890828,3.4858607409781657,3.4381318519112085,3.2047985185778756,0.0,0.0,0.0,0.0,3.1249999999999996,1.5624999999999998,0.7812499999999999,0.7812499999999999,0.0,0.0,0.0,0.0,0.0,0.0,0.0,0.0,0.0,0.0,0.0,0.0,1.6666666666666663,3.3333333333333326,0.8333333333333331,0.8333333333333331,0.0,0.0,0.0,0.0,3.0965688111010596,1.5482844055505298,3.457475536108598,3.2241422027752646,0.0,0.0,0.0,0.0,0.0,0.0,0.49194011679622607,0.4530512279073371,1.3956544501871426,1.3567655612982539,5.680900870696726,5.367803443860355,98.42271724756156,98.58295544841033,72,219.11044172258045,213.78638009535788,214.45834087136544,218.394494556272,212.56936699792016,212.877175176902,213.29512805681333,219.86545138888889,219.74973823956648,212.4244588934962,213.5453457297925,219.72517092357742,180.0,180.0,219.96794882110476,214.01881543849123,212.0497365042126,212.29030537946548,212.06203727250008,211.37391680161596,180.0,180.0,219.44045666092396,208.17120244248736,208.06337741918853,59.50634733394525,59.53052602508354,59.31666526491337,59.35969180510265,13140.0,145.6443895096238,69.54156034485278
0.0,3.819444444444445,5.0,0.0,4.0625,0.0,0.0,2.052060101254565,2.1943979802869076,2.373825110609652,2.179070982348577,2.3268919646971535,0.828815719751011,0.8339306638416154,1185.0660912740227,1126.3060703569345,100.89996339679058,2.0,1.9995469043863705,2.0,1.9995905370127038,0.0,0.0,0.0,0.9548611111111113,1.9097222222222225,0.9548611111111113,1.0971989901434538,2.1943979802869076,1.0971989901434538,0.0,0.0,0.0,0.0,0.0,0.0,1.25,2.5,1.25,1.186912555304826,2.373825110609652,1.186912555304826,0.0,0.0,0.0,0.0,0.0,0.0,1.015625,2.03125,1.015625,1.1634459823485768,2.3268919646971535,1.1634459823485768,0.0,0.0,0.0,0.0,0.0,0.0,0.0,0.828815719751011,0.828815719751011,2.753815719751011,2.5788157197510113,0.0,0.0,0.0,0.0,0.0,0.0,0.0,0.0,0.0,0.0,0.0,0.0,0.0,0.0,0.0,0.0,0.0,0.0,0.0,0.0,0.8339306638416154,0.8339306638416154,2.1755973305082823,2.058930663841615,0.0,0.0,0.0,0.0,0.0,0.0,0.0,0.0,0.0,0.0,0.6339989864143604,0.5951100975254715,0.6790796481870905,0.6401907592982015,6.318345778799831,5.97810552879724,95.80778325271189,96.07380416204111,73,219.89105468926707,213.12663974523886,213.43373963438887,219.85004123352243,211.77093110154513,212.94521761348415,213.15784765184145,219.90298399694709,219.89105468926707,211.28951641264237,212.2342557068217,219.82399956685578,180.0,180.0,219.83658854166666,211.56497671405944,211.27692813195847,209.0683205900506,209.3791018148457,210.3470664270303,180.0,180.0,219.917931826888,210.2183249623631,209.85563073114488,57.62281813473358,57.73761232283295,57.638537436359236,57.74762180654247,13320.0,138.33357109654352,39.56482675666904
4.583333333333335,0.0,0.0,5.833333333333332,0.0,6.249999999999999,6.666666666666665,3.185146432885063,2.738406549775865,2.7839817938611437,2.7519072664064668,2.8342869665365664,3.485860740978157,3.096568811101053,1109.8784430469136,1050.6403173679657,92.08704587264558,2.0,2.0,2.0,2.0,1.5925732164425315,1.5925732164425315,3.185146432885063,0.0,0.0,0.0,0.0,0.0,0.0,2.2916666666666674,1.1458333333333337,1.1458333333333337,1.3998431190587588,1.3998431190587588,2.7996862381175176,0.0,0.0,0.0,0.0,0.0,0.0,2.7682773496047695,1.3841386748023847,1.3841386748023847,1.458333333333333,1.458333333333333,2.916666666666666,0.0,0.0,0.0,0.0,0.0,0.0,2.7519072664064668,1.3759536332032334,1.3759536332032334,1.7429303704890784,3.485860740978157,3.4381318519112063,3.204798518577873,0.0,0.0,0.0,0.0,3.1249999999999996,1.5624999999999998,0.7812499999999999,0.7812499999999999,0.0,0.0,0.0,0.0,0.0,0.0,0.0,0.0,0.0,0.0,0.0,0.0,1.6666666666666663,3.3333333333333326,0.8333333333333331,0.8333333333333331,0.0,0.0,0.0,0.0,3.096568811101053,1.5482844055505265,3.4574755361085963,3.224142202775263,0.0,0.0,0.0,0.0,0.0,0.0,0.49194011679622607,0.453051227907337,1.3956544501871413,1.356765561298252,5.680900870696724,5.367803443860353,98.42271724756156,98.58295544841033,74,219.11044172258045,213.78638009535823,214.45834087136544,218.394494556272,212.56936699792038,212.87717517690223,213.29512805681387,219.86545138888889,219.74973823956648,212.4244588934961,213.54534572979242,219.72517092357742,180.0,180.0,219.96794882110476,214.01881543849123,212.04973650421272,212.29030537946556,212.0620372725006,211.37391680161613,180.0,180.0,219.44045666092396,208.17120244248736,208.06337741918853,59.50634733394525,59.53052602508354,59.31666526491337,59.35969180510265,13500.0,145.64438950962176,69.54156034485271
0.0,3.819444444444445,5.0,0.0,4.0625,0.0,0.0,2.052060101254565,2.1943979802869076,2.3738251106096517,2.1790709823485757,2.3268919646971513,0.828815719751011,0.8339306638416153,1185.0660912740225,1126.3060703569345,100.89996339679058,2.0,1.9995469043863705,2.0,1.9995905370127038,0.0,0.0,0.0,0.9548611111111113,1.9097222222222225,0.9548611111111113,1.0971989901434538,2.1943979802869076,1.0971989901434538,0.0,0.0,0.0,0.0,0.0,0.0,1.25,2.5,1.25,1.1869125553048259,2.3738251106096517,1.1869125553048259,0.0,0.0,0.0,0.0,0.0,0.0,1.015625,2.03125,1.015625,1.1634459823485757,2.3268919646971513,1.1634459823485757,0.0,0.0,0.0,0.0,0.0,0.0,0.0,0.828815719751011,0.828815719751011,2.753815719751011,2.578815719751011,0.0,0.0,0.0,0.0,0.0,0.0,0.0,0.0,0.0,0.0,0.0,0.0,0.0,0.0,0.0,0.0,0.0,0.0,0.0,0.0,0.8339306638416153,0.8339306638416153,2.1755973305082823,2.058930663841615,0.0,0.0,0.0,0.0,0.0,0.0,0.0,0.0,0.0,0.0,0.6339989864143604,0.5951100975254715,0.6790796481870911,0.6401907592982014,6.318345778799831,5.978105528797239,95.80778325271189,96.07380416204111,75,219.89105468926707,213.12663974523923,213.43373963438887,219.85004123352243,211.7709311015453,212.94521761348432,213.15784765184196,219.90298399694709,219.89105468926707,211.28951641264229,212.2342557068216,219.82399956685578,180.0,180.0,219.83658854166666,211.56497671405944,211.27692813195856,209.0683205900507,209.37910181484622,210.34706642703048,180.0,180.0,219.917931826888,210.2183249623631,209.85563073114488,57.62281813473358,57.73761232283295,57.638537436359236,57.74762180654247,13680.0,138.33357109654162,39.564826756669035
4.583333333333335,0.0,0.0,5.833333333333332,0.0,6.249999999999999,6.666666666666665,3.1851464328850625,2.738406549775865,2.7839817938611433,2.7519072664064663,2.834286966536566,3.4858607409781563,3.0965688111010525,1109.8784430469136,1050.6403173679657,92.08704587264558,2.0,2.0,2.0,2.0,1.5925732164425312,1.5925732164425312,3.1851464328850625,0.0,0.0,0.0,0.0,0.0,0.0,2.2916666666666674,1.1458333333333337,1.1458333333333337,1.3998431190587588,1.3998431190587588,2.7996862381175176,0.0,0.0,0.0,0.0,0.0,0.0,2.768277349604769,1.3841386748023845,1.3841386748023845,1.458333333333333,1.458333333333333,2.916666666666666,0.0,0.0,0.0,0.0,0.0,0.0,2.7519072664064663,1.3759536332032332,1.3759536332032332,1.7429303704890782,3.4858607409781563,3.4381318519112063,3.204798518577873,0.0,0.0,0.0,0.0,3.1249999999999996,1.5624999999999998,0.7812499999999999,0.7812499999999999,0.0,0.0,0.0,0.0,0.0,0.0,0.0,0.0,0.0,0.0,0.0,0.0,1.6666666666666663,3.3333333333333326,0.8333333333333331,0.8333333333333331,0.0,0.0,0.0,0.0,3.0965688111010525,1.5482844055505263,3.457475536108596,3.2241422027752624,0.0,0.0,0.0,0.0,0.0,0.0,0.49194011679622607,0.453051227907337,1.395654450187141,1.356765561298252,5.680900870696724,5.367803443860353,98.42271724756156,98.58295544841033,76,219.11044172258048,213.7863800953587,214.45834087136544,218.394494556272,212.56936699792055,212.8771751769024,213.29512805681438,219.86545138888889,219.74973823956648,212.42445889349602,213.54534572979233,219.72517092357742,180.0,180.0,219.96794882110476,214.01881543849123,212.0497365042128,212.29030537946565,212.0620372725011,211.3739168016163,180.0,180.0,219.44045666092396,208.17120244248736,208.06337741918853,59.50634733394525,59.53052602508354,59.31666526491337,59.35969180510265,13860.0,145.6443895096197,69.54156034485271
0.0,3.819444444444445,5.0,0.0,4.0625,0.0,0.0,2.052060101254565,2.1943979802869076,2.3738251106096517,2.1790709823485757,2.3268919646971513,0.828815719751011,0.8339306638416153,1185.0660912740227,1126.3060703569345,100.89996339679058,2.0,1.9995469043863705,2.0,1.9995905370127038,0.0,0.0,0.0,0.9548611111111113,1.9097222222222225,0.9548611111111113,1.0971989901434538,2.1943979802869076,1.0971989901434538,0.0,0.0,0.0,0.0,0.0,0.0,1.25,2.5,1.25,1.1869125553048259,2.3738251106096517,1.1869125553048259,0.0,0.0,0.0,0.0,0.0,0.0,1.015625,2.03125,1.015625,1.1634459823485757,2.3268919646971513,1.1634459823485757,0.0,0.0,0.0,0.0,0.0,0.0,0.0,0.828815719751011,0.828815719751011,2.753815719751011,2.578815719751011,0.0,0.0,0.0,0.0,0.0,0.0,0.0,0.0,0.0,0.0,0.0,0.0,0.0,0.0,0.0,0.0,0.0,0.0,0.0,0.0,0.8339306638416153,0.8339306638416153,2.1755973305082823,2.058930663841615,0.0,0.0,0.0,0.0,0.0,0.0,0.0,0.0,0.0,0.0,0.6339989864143604,0.5951100975254715,0.6790796481870911,0.6401907592982014,6.318345778799831,5.978105528797239,95.80778325271189,96.07380416204111,77,219.89105468926707,213.12663974523974,213.43373963438887,219.85004123352243,211.77093110154547,212.9452176134845,213.15784765184247,219.90298399694709,219.89105468926707,211.2895164126422,212.23425570682153,219.82399956685578,180.0,180.0,219.83658854166666,211.56497671405944,211.27692813195864,209.06832059005077,209.37910181484673,210.34706642703065,180.0,180.0,219.917931826888,210.2183249623631,209.85563073114488,57.62281813473358,57.73761232283295,57.638537436359236,57.74762180654247,14040.0,138.33357109653957,39.564826756669035
4.583333333333335,0.0,0.0,5.833333333333332,0.0,6.249999999999999,6.666666666666665,3.1851464328850625,2.738406549775865,2.7839817938611433,2.7519072664064663,2.834286966536566,3.4858607409781563,3.0965688111010525,1109.8784430469136,1050.6403173679657,92.08704587264558,2.0,2.0,2.0,2.0,1.5925732164425312,1.5925732164425312,3.1851464328850625,0.0,0.0,0.0,0.0,0.0,0.0,2.2916666666666674,1.1458333333333337,1.1458333333333337,1.3998431190587588,1.3998431190587588,2.7996862381175176,0.0,0.0,0.0,0.0,0.0,0.0,2.768277349604769,1.3841386748023845,1.3841386748023845,1.458333333333333,1.458333333333333,2.916666666666666,0.0,0.0,0.0,0.0,0.0,0.0,2.7519072664064663,1.3759536332032332,1.3759536332032332,1.7429303704890782,3.4858607409781563,3.4381318519112063,3.204798518577873,0.0,0.0,0.0,0.0,3.1249999999999996,1.5624999999999998,0.7812499999999999,0.7812499999999999,0.0,0.0,0.0,0.0,0.0,0.0,0.0,0.0,0.0,0.0,0.0,0.0,1.6666666666666663,3.3333333333333326,0.8333333333333331,0.8333333333333331,0.0,0.0,0.0,0.0,3.0965688111010525,1.5482844055505263,3.457475536108596,3.2241422027752624,0.0,0.0,0.0,0.0,0.0,0.0,0.49194011679622607,0.453051227907337,1.395654450187141,1.356765561298252,5.680900870696724,5.367803443860353,98.42271724756156,98.58295544841033,78,219.11044172258048,213.78638009535922,214.45834087136544,218.394494556272,212.56936699792072,212.87717517690257,213.2951280568149,219.86545138888889,219.74973823956648,212.42445889349594,213.54534572979225,219.72517092357742,180.0,180.0,219.96794882110476,214.01881543849123,212.0497365042129,212.29030537946574,212.0620372725016,211.37391680161647,180.0,180.0,219.44045666092396,208.17120244248736,208.06337741918853,59.50634733394525,59.53052602508354,59.31666526491337,59.35969180510265,14220.0,145.64438950961767,69.54156034485271
0.0,3.819444444444445,5.0,0.0,4.0625,0.0,0.0,2.052060101254565,2.1943979802869076,2.3738251106096517,2.1790709823485757,2.3268919646971513,0.828815719751011,0.8339306638416153,1185.0660912740225,1126.3060703569345,100.89996339679058,2.0,1.9995469043863705,2.0,1.9995905370127038,0.0,0.0,0.0,0.9548611111111113,1.9097222222222225,0.9548611111111113,1.0971989901434538,2.1943979802869076,1.0971989901434538,0.0,0.0,0.0,0.0,0.0,0.0,1.25,2.5,1.25,1.1869125553048259,2.3738251106096517,1.1869125553048259,0.0,0.0,0.0,0.0,0.0,0.0,1.015625,2.03125,1.015625,1.1634459823485757,2.3268919646971513,1.1634459823485757,0.0,0.0,0.0,0.0,0.0,0.0,0.0,0.828815719751011,0.828815719751011,2.753815719751011,2.578815719751011,0.0,0.0,0.0,0.0,0.0,0.0,0.0,0.0,0.0,0.0,0.0,0.0,0.0,0.0,0.0,0.0,0.0,0.0,0.0,0.0,0.8339306638416153,0.8339306638416153,2.1755973305082823,2.058930663841615,0.0,0.0,0.0,0.0,0.0,0.0,0.0,0.0,0.0,0.0,0.6339989864143604,0.5951100975254715,0.6790796481870911,0.6401907592982014,6.318345778799831,5.978105528797239,95.80778325271189,96.07380416204111,79,219.89105468926707,213.12663974524025,213.43373963438887,219.85004123352243,211.77093110154564,212.94521761348466,213.15784765184299,219.90298399694709,219.89105468926707,211.28951641264212,212.23425570682144,219.82399956685578,180.0,180.0,219.83658854166666,211.56497671405944,211.27692813195873,209.06832059005086,209.37910181484725,210.34706642703082,180.0,180.0,219.917931826888,210.2183249623631,209.85563073114488,57.62281813473358,57.73761232283295,57.638537436359236,57.74762180654247,14400.0,138.33357109653753,39.564826756669035
