B_in,B_out,CV_boundary,MaxMin_boundary,N_P_crit,N_P_max,N_P_min,N_UF_max,N_UF_min,OverflowRatio_boundary,agent_F_E0_capacity_drop_active,agent_F_E0_capacity_drop_lane_loss_FW_E_last,agent_F_E0_capacity_drop_lane_loss_FW_W_last,agent_F_E0_density_excess,agent_F_E0_lambda_eff_FW_E_last,agent_F_E0_lambda_eff_FW_W_last,agent_F_E0_lane_loss,agent_F_E0_metering_error,agent_F_E0_min_receiving_factor,agent_F_E0_objective,agent_F_E0_offramp_occupancy_ratio_OR_D_E,agent_F_E0_offramp_occupancy_ratio_OR_D_W,agent_F_E0_offramp_occupancy_ratio_OR_F_E,agent_F_E0_offramp_occupancy_ratio_OR_F_W,agent_F_E1_capacity_drop_active,agent_F_E1_capacity_drop_lane_loss_FW_E_last,agent_F_E1_capacity_drop_lane_loss_FW_W_last,agent_F_E1_density_excess,agent_F_E1_lambda_eff_FW_E_last,agent_F_E1_lambda_eff_FW_W_last,agent_F_E1_lane_loss,agent_F_E1_metering_error,agent_F_E1_min_receiving_factor,agent_F_E1_objective,agent_F_E1_offramp_occupancy_ratio_OR_D_E,agent_F_E1_offramp_occupancy_ratio_OR_D_W,agent_F_E1_offramp_occupancy_ratio_OR_F_E,agent_F_E1_offramp_occupancy_ratio_OR_F_W,agent_F_E2_capacity_drop_active,agent_F_E2_capacity_drop_lane_loss_FW_E_last,agent_F_E2_capacity_drop_lane_loss_FW_W_last,agent_F_E2_density_excess,agent_F_E2_lambda_eff_FW_E_last,agent_F_E2_lambda_eff_FW_W_last,agent_F_E2_lane_loss,agent_F_E2_metering_error,agent_F_E2_min_receiving_factor,agent_F_E2_objective,agent_F_E2_offramp_occupancy_ratio_OR_D_E,agent_F_E2_offramp_occupancy_ratio_OR_D_W,agent_F_E2_offramp_occupancy_ratio_OR_F_E,agent_F_E2_offramp_occupancy_ratio_OR_F_W,agent_F_W0_capacity_drop_active,agent_F_W0_capacity_drop_lane_loss_FW_E_last,agent_F_W0_capacity_drop_lane_loss_FW_W_last,agent_F_W0_density_excess,agent_F_W0_lambda_eff_FW_E_last,agent_F_W0_lambda_eff_FW_W_last,agent_F_W0_lane_loss,agent_F_W0_metering_error,agent_F_W0_min_receiving_factor,agent_F_W0_objective,agent_F_W0_offramp_occupancy_ratio_OR_D_E,agent_F_W0_offramp_occupancy_ratio_OR_D_W,agent_F_W0_offramp_occupancy_ratio_OR_F_E,agent_F_W0_offramp_occupancy_ratio_OR_F_W,agent_F_W1_capacity_drop_active,agent_F_W1_capacity_drop_lane_loss_FW_E_last,agent_F_W1_capacity_drop_lane_loss_FW_W_last,agent_F_W1_density_excess,agent_F_W1_lambda_eff_FW_E_last,agent_F_W1_lambda_eff_FW_W_last,agent_F_W1_lane_loss,agent_F_W1_metering_error,agent_F_W1_min_receiving_factor,agent_F_W1_objective,agent_F_W1_offramp_occupancy_ratio_OR_D_E,agent_F_W1_offramp_occupancy_ratio_OR_D_W,agent_F_W1_offramp_occupancy_ratio_OR_F_E,agent_F_W1_offramp_occupancy_ratio_OR_F_W,agent_F_W2_capacity_drop_active,agent_F_W2_capacity_drop_lane_loss_FW_E_last,agent_F_W2_capacity_drop_lane_loss_FW_W_last,agent_F_W2_density_excess,agent_F_W2_lambda_eff_FW_E_last,agent_F_W2_lambda_eff_FW_W_last,agent_F_W2_lane_loss,agent_F_W2_metering_error,agent_F_W2_min_receiving_factor,agent_F_W2_objective,agent_F_W2_offramp_occupancy_ratio_OR_D_E,agent_F_W2_offramp_occupancy_ratio_OR_D_W,agent_F_W2_offramp_occupancy_ratio_OR_F_E,agent_F_W2_offramp_occupancy_ratio_OR_F_W,agent_U_A_allocation_module_used,agent_U_A_freeway_pressure_used,agent_U_A_local_queue,agent_U_A_objective,agent_U_B_allocation_module_used,agent_U_B_freeway_pressure_used,agent_U_B_local_queue,agent_U_B_objective,agent_U_C_allocation_module_used,agent_U_C_freeway_pressure_used,agent_U_C_local_queue,agent_U_C_objective,agent_U_D_allocation_module_used,agent_U_D_freeway_pressure_used,agent_U_D_local_queue,agent_U_D_objective,agent_U_F_allocation_module_used,agent_U_F_freeway_pressure_used,agent_U_F_local_queue,agent_U_F_objective,boundary_balance_controllable,boundary_balance_degenerate,boundary_empty_ratio,boundary_in_empty_ratio,boundary_in_load_veh,boundary_in_saturation_ratio,boundary_out_empty_ratio,boundary_out_load_veh,boundary_out_saturation_ratio,boundary_out_sink_veh,boundary_saturation_ratio,capacity_drop_active,capacity_drop_lane_loss_FW_E_last,capacity_drop_lane_loss_FW_W_last,coupling_aggregate_urban_model,coupling_freeway_substeps,coupling_movement_urban_model,coupling_nested_order_active,coupling_offramp_arrivals_accepted_veh,coupling_offramp_arrivals_rejected_veh,coupling_offramp_storage_active,coupling_onramp_sync_active,coupling_onramp_two_reservoir_active,coupling_urban_substeps,density_exceedance_count,density_projection_count,distributed_agent_F_E0_active,distributed_agent_F_E1_active,distributed_agent_F_E2_active,distributed_agent_F_W0_active,distributed_agent_F_W1_active,distributed_agent_F_W2_active,distributed_agent_U_A_active,distributed_agent_U_B_active,distributed_agent_U_C_active,distributed_agent_U_D_active,distributed_agent_U_F_active,distributed_coupling_residual,distributed_freeway_agent_count,distributed_iterations,distributed_player_active,distributed_urban_agent_count,freeway_ttt,inbound_service_veh,lambda_eff_FW_E_last,lambda_eff_FW_W_last,leader_candidate_count,leader_objective,mainline_exit_flow_total,mean_ramp_receiving_factor,mean_segment_flow,metering_over_release_flow,metering_shortfall_flow,metering_target_infeasible,movement_queue_model_active,movement_queue_projection_protected_veh,movement_queue_projection_veh,nash_converged,nash_freeway_used_coupled_prediction,nash_iterations,nash_mutual_response_active,nash_per_agent_active,nash_residual_control,nash_residual_objective,nash_urban_used_freeway_response,net_inflow,net_inflow_target,net_inflow_tracking_error,nuf_target_flow,offramp_blocked_flow_FW_E,offramp_blocked_flow_FW_W,offramp_blocked_flow_total,offramp_departures_OR_D_E_veh,offramp_departures_OR_D_W_veh,offramp_departures_OR_F_E_veh,offramp_departures_OR_F_W_veh,offramp_departures_veh,offramp_flow_FW_E,offramp_flow_FW_W,offramp_flow_total,offramp_occupancy_ratio_OR_D_E,offramp_occupancy_ratio_OR_D_W,offramp_occupancy_ratio_OR_F_E,offramp_occupancy_ratio_OR_F_W,offramp_storage_binding,onramp_approach_queue_veh,onramp_arrivals_veh,onramp_green_release_request_veh,onramp_green_release_shortfall_veh,onramp_green_releases_veh,onramp_two_reservoir_active,outbound_service_veh,queue_overflow_count,ramp_metering_release_actual_R_D_E_veh,ramp_metering_release_actual_R_D_W_veh,ramp_metering_release_actual_R_F_E_veh,ramp_metering_release_actual_R_F_W_veh,ramp_metering_release_request_R_D_E_veh,ramp_metering_release_request_R_D_W_veh,ramp_metering_release_request_R_F_E_veh,ramp_metering_release_request_R_F_W_veh,ramp_metering_release_request_veh,ramp_metering_release_shortfall_R_D_E_veh,ramp_metering_release_shortfall_R_D_W_veh,ramp_metering_release_shortfall_R_F_E_veh,ramp_metering_release_shortfall_R_F_W_veh,ramp_metering_release_shortfall_veh,ramp_metering_releases_veh,ramp_queue_overflow_count,ramp_queue_veh,speed_projection_count,step,time_sec,total_metering_error,total_metering_flow,total_no_meter_flow,total_ramp_queue_end_veh,total_ramp_queue_start_veh,urban_accumulation_abs_error_veh,urban_accumulation_error_veh,urban_accumulation_initial_error_veh,urban_accumulation_initial_veh,urban_accumulation_mean_veh,urban_accumulation_target_veh,urban_accumulation_veh,urban_demand_arrivals_veh,urban_gate_inflow_veh,urban_link_occupancy_veh,urban_net_inflow_target_veh_h,urban_net_inflow_tracking_error_veh_h,urban_storage_active,urban_storage_occupancy,urban_substep_active,urban_total_departures_veh,urban_total_vehicles_veh,urban_ttt
0.06291316098178595,0.04717976289673431,1.1939171848731307,48.787001856483066,521.281,521.281,469.1529,6000.0,0.0,0.0,0.0,0.0,0.0,0.0,2.0,2.0,0.0,0.0,1.0,18.0,0.0,0.0,0.0,0.0,0.0,0.0,0.0,0.0,2.0,2.0,0.0,0.0,1.0,18.0,0.0,0.0,0.0,0.0,0.0,0.0,0.0,0.0,2.0,2.0,0.0,0.0,1.0,18.0,0.0,0.0,0.0,0.0,0.0,0.0,0.0,0.0,2.0,2.0,0.0,0.0,1.0,18.0,0.0,0.0,0.0,0.0,0.0,0.0,0.0,0.0,2.0,2.0,0.0,0.0,1.0,18.0,0.0,0.0,0.0,0.0,0.0,0.0,0.0,0.0,2.0,2.0,0.0,0.0,1.0,18.0,0.0,0.0,0.0,0.0,1.0,1.0,40.0,41.245176054990765,1.0,1.0,20.0,21.24517605499076,1.0,1.0,40.0,41.245176054990765,1.0,1.0,20.0,21.24517605499076,1.0,1.0,20.0,21.24517605499076,1.0,0.0,0.0,0.0,184.43118532828692,0.0,0.0,103.44559416392818,0.0,34.80082313163245,0.0,1.0,0.0002781681993091478,0.00033072556724257477,0.0,18.0,1.0,1.0,40.93648521455742,0.0,1.0,1.0,1.0,36.0,0.0,0.0,1.0,1.0,1.0,1.0,1.0,1.0,1.0,1.0,1.0,1.0,1.0,0.0006980326609337603,6.0,5.0,1.0,5.0,6.91749669333416,329.6292962289123,1.9997218318006906,1.9996692744327573,16.0,3100.770567075267,6004.017831468423,1.0,3148.835144544117,0.0,702.4799044969086,1.0,1.0,0.0,0.0,1.0,0.0,5.0,1.0,1.0,0.0006980326609337603,0.0006980326609337603,1.0,3047.0290313013584,165.7391651259646,2881.289866175394,6000.0,0.0,0.0,0.0,4.30020695816505,3.763068551191274,6.443442347892539,6.928763699950407,21.435481557199267,391.4004659544096,427.3292383367389,818.7297042911486,0.018759384733747095,0.020352487193980636,0.018759384733747095,0.020352487193980636,0.0,103.44559416392818,192.64,150.0033410332084,0.0,150.0033410332084,1.0,177.27784466384438,0.0,15.375717778344471,29.708885372127884,23.74369046088133,41.29161658074124,15.375717778344471,29.708885372127884,23.74369046088133,41.29161658074124,110.11991019209492,0.0,0.0,0.0,0.0,0.0,110.11991019209492,0.0,39.88343084111345,0.0,0,180.0,702.4799044969086,2202.3982038418985,4789.829788131525,39.88343084111345,0.0,244.09081762031883,-244.09081762031883,-248.60874768894692,246.60820231105308,153.3105791258346,495.21695,251.12613237968117,352.625,272.0375646717131,218.80795155501949,165.7391651259646,2881.289866175394,1.0,218.80795155501949,1.0,514.4668692905748,539.0029118718962,17.712617477814806
0.04298647494878971,0.017138281893397223,0.9915783339731108,65.3272856642632,521.281,521.281,469.1529,6000.0,0.0,0.0,1.0,0.0005423751390782883,0.0006845530868631045,0.0,1.9994576248609217,1.999315446913137,0.0005423751390782883,0.0,1.0,14.455180363145242,0.027846410841397547,0.031287227153900685,0.027846410841397547,0.031287227153900685,1.0,0.0005423751390782883,0.0006845530868631045,0.0,1.9994576248609217,1.999315446913137,0.0005423751390782883,0.0,1.0,20.512045431049614,0.027846410841397547,0.031287227153900685,0.027846410841397547,0.031287227153900685,1.0,0.0005423751390782883,0.0006845530868631045,0.0,1.9994576248609217,1.999315446913137,0.0005423751390782883,0.0,1.0,20.678783237955027,0.027846410841397547,0.031287227153900685,0.027846410841397547,0.031287227153900685,1.0,0.0005423751390782883,0.0006845530868631045,0.0,1.9994576248609217,1.999315446913137,0.0006845530868631045,0.0,1.0,14.90725237888203,0.027846410841397547,0.031287227153900685,0.027846410841397547,0.031287227153900685,1.0,0.0005423751390782883,0.0006845530868631045,0.0,1.9994576248609217,1.999315446913137,0.0006845530868631045,0.0,1.0,25.832332701734174,0.027846410841397547,0.031287227153900685,0.027846410841397547,0.031287227153900685,1.0,0.0005423751390782883,0.0006845530868631045,0.0,1.9994576248609217,1.999315446913137,0.0006845530868631045,0.0,1.0,25.838177796649802,0.027846410841397547,0.031287227153900685,0.027846410841397547,0.031287227153900685,1.0,1.0,58.571585166964205,60.410307977936675,1.0,1.0,47.89531228286399,49.73403509383646,1.0,1.0,49.04813117413414,50.88685398510661,1.0,1.0,65.38231791639724,67.22104072736971,1.0,1.0,96.04451422213495,97.88323703310742,1.0,0.0,0.0,0.0,260.10886567149697,0.0,0.0,212.53520435498837,0.0,135.75230853950453,0.0,1.0,0.0004981484706567797,0.0005346575052576322,0.0,18.0,1.0,1.0,47.988923292078105,0.0,1.0,1.0,1.0,36.0,13.0,0.0,1.0,1.0,1.0,1.0,1.0,1.0,1.0,1.0,1.0,1.0,1.0,0.0006687220477012916,6.0,5.0,1.0,5.0,8.732743853144285,324.9981222196657,1.9995018515293432,1.9994653424947424,16.0,3890.8962723369877,7038.375416171455,0.9993906311362459,3554.710463037539,0.0,0.0,1.0,1.0,0.0,0.0,1.0,0.0,5.0,1.0,1.0,0.0006687220477012916,0.0006687220477012916,1.0,868.8094863909937,69.01870524720418,799.7907811437896,4275.0,0.0,0.0,0.0,13.233103753906267,14.414672212613612,7.5986944220256865,6.717671675503106,41.96414206404867,475.2541041505288,484.52436169103316,959.7784658415619,0.026610187445432257,0.027636722395352267,0.026610187445432257,0.027636722395352267,0.0,212.53520435498837,195.9651592442227,165.8917690493248,0.0,165.8917690493248,1.0,281.557647900116,0.0,51.29324320943605,38.41397795823165,50.26331736444101,59.111473951747925,51.29324320943605,38.41397795823165,50.26331736444101,59.111473951747925,199.08201248385666,0.0,0.0,0.0,0.0,0.0,199.08201248385666,0.0,6.693187406581629,0.0,1,360.0,0.0,3981.6402496771325,5113.655228455533,6.693187406581629,39.88343084111345,102.13287980807206,-102.13287980807206,-103.52805787080626,365.6248421291937,315.38120076792,469.1529,367.0200201919279,358.711660498827,253.83355234480663,323.6216804065418,69.01870524720418,799.7907811437896,1.0,323.6216804065418,1.0,744.3876962140062,839.6640902184133,34.90690115586053
0.003887392288228958,0.004800780664048709,0.6937747920566848,60.520423007140536,521.281,521.281,469.1529,6000.0,0.0,0.0,1.0,0.0008293971267536726,0.0008253576473820079,0.0,1.9991706028732463,1.999174642352618,0.0008293971267536726,0.0,1.0,18.15996765190971,0.0344421128379345,0.03435803804168754,0.0344421128379345,0.03435803804168754,1.0,0.0008293971267536726,0.0008253576473820079,0.2477733143043821,1.9991706028732463,1.999174642352618,0.0008293971267536726,0.0,0.9983087145781272,36.2255064573482,0.0344421128379345,0.03435803804168754,0.0344421128379345,0.03435803804168754,1.0,0.0008293971267536726,0.0008253576473820079,1.552845351309692,1.9991706028732463,1.999174642352618,0.0008293971267536726,0.0,1.0,50.58129886440661,0.0344421128379345,0.03435803804168754,0.0344421128379345,0.03435803804168754,1.0,0.0008293971267536726,0.0008253576473820079,0.0,1.9991706028732463,1.999174642352618,0.0008253576473820079,0.0,1.0,17.38969299350481,0.0344421128379345,0.03435803804168754,0.0344421128379345,0.03435803804168754,1.0,0.0008293971267536726,0.0008253576473820079,0.0,1.9991706028732463,1.999174642352618,0.0008253576473820079,0.0,1.0,31.727090417402767,0.0344421128379345,0.03435803804168754,0.0344421128379345,0.03435803804168754,1.0,0.0008293971267536726,0.0008253576473820079,1.2949841330785503,1.9991706028732463,1.999174642352618,0.0008253576473820079,0.0,1.0,47.74482546386405,0.0344421128379345,0.03435803804168754,0.0344421128379345,0.03435803804168754,1.0,1.0,86.75645313155376,88.63741181836586,1.0,1.0,69.72495326100928,71.60591194782138,1.0,1.0,86.47049849404414,88.35145718085624,1.0,1.0,130.85318458043062,132.73414326724273,1.0,1.0,141.59030807642452,143.47126676323663,1.0,0.0,0.0,0.0,364.7498803020191,0.0,0.0,381.3426377260355,0.0,191.58037849155326,0.0,1.0,0.0005422634321002749,0.0005022644126556743,0.0,18.0,1.0,1.0,46.46779018138583,0.0,1.0,1.0,1.0,36.0,11.0,0.0,1.0,1.0,1.0,1.0,1.0,1.0,1.0,1.0,1.0,1.0,1.0,0.0006285216478431474,6.0,6.0,1.0,5.0,7.7732743625422005,317.028955192086,1.9994577365678998,1.9994977355873442,16.0,4885.401439665636,6815.275893269921,0.9997205783157957,3379.4823467239885,0.0,0.0,1.0,1.0,0.0,0.0,1.0,0.0,6.0,1.0,1.0,0.0006285216478431474,0.0006285216478431474,1.0,1213.892840031618,32.70766551641983,1181.1851745151982,4000.0,0.0,0.0,0.0,12.142033392311404,12.301314497911232,15.633207334464494,16.832619886262606,56.90917511094973,478.3832576422709,450.9725459854455,929.3558036277165,0.02783717260212711,0.026771440513496055,0.02783717260212711,0.026771440513496055,0.0,381.3426377260355,199.26981777597703,97.01087087672744,0.0,97.01087087672744,1.0,256.3343131905051,0.0,19.032450638889923,20.04074445831876,41.267057283178964,19.551495866429043,19.032450638889923,20.04074445831876,41.267057283178964,19.551495866429043,99.89174824681669,0.0,0.0,0.0,0.0,0.0,99.89174824681669,0.0,3.812310036492379,0.0,2,540.0,0.0,1997.8349649363336,2063.5839742919316,3.812310036492379,6.693187406581629,53.400017747165805,-53.400017747165805,-49.06149827462974,420.09140172537025,407.75331418176944,469.1529,415.7528822528342,364.76079471165855,240.32211882027852,324.0422472204321,32.70766551641983,1181.1851745151982,1.0,324.0422472204321,1.0,757.7465589752755,1161.8454002808887,50.827058184429994
0.004397522030354956,0.0023536736290005744,0.8008328117635173,69.96357869859187,521.281,521.281,469.1529,6000.0,0.0,0.0,1.0,0.0007578642076746522,0.0006265014771598132,0.0,1.9992421357923253,1.9993734985228402,0.0007578642076746522,0.0,1.0,17.914113292267718,0.03292167991081278,0.02992998657178596,0.03292167991081278,0.02992998657178596,1.0,0.0007578642076746522,0.0006265014771598132,0.0,1.9992421357923253,1.9993734985228402,0.0007578642076746522,0.0,1.0,29.122529831537857,0.03292167991081278,0.02992998657178596,0.03292167991081278,0.02992998657178596,1.0,0.0007578642076746522,0.0006265014771598132,0.0,1.9992421357923253,1.9993734985228402,0.0007578642076746522,0.0,1.0,30.824146634763324,0.03292167991081278,0.02992998657178596,0.03292167991081278,0.02992998657178596,1.0,0.0007578642076746522,0.0006265014771598132,0.0,1.9992421357923253,1.9993734985228402,0.0006265014771598132,0.0,1.0,15.411835415116231,0.03292167991081278,0.02992998657178596,0.03292167991081278,0.02992998657178596,1.0,0.0007578642076746522,0.0006265014771598132,0.0,1.9992421357923253,1.9993734985228402,0.0006265014771598132,0.0,1.0,21.42043938888731,0.03292167991081278,0.02992998657178596,0.03292167991081278,0.02992998657178596,1.0,0.0007578642076746522,0.0006265014771598132,0.0,1.9992421357923253,1.9993734985228402,0.0006265014771598132,0.0,1.0,22.503470874561447,0.03292167991081278,0.02992998657178596,0.03292167991081278,0.02992998657178596,1.0,1.0,106.29639059188531,107.02713944141888,1.0,1.0,111.13891803561636,111.86966688514993,1.0,1.0,117.99736475945619,118.72811360898976,1.0,1.0,271.8440118194502,272.57476066898374,1.0,1.0,228.58203101615473,229.3127798656883,1.0,0.0,0.0,0.0,391.1806786563053,0.0,0.0,565.5153243361024,0.0,223.81528646401097,0.0,1.0,0.0005162469819990356,0.00041566681653570914,0.0,18.0,1.0,1.0,44.218330114585285,0.0,1.0,1.0,1.0,36.0,0.0,0.0,1.0,1.0,1.0,1.0,1.0,1.0,1.0,1.0,1.0,1.0,1.0,0.0008602992022934549,6.0,6.0,1.0,5.0,6.833686120889591,383.5239957357095,1.999483753018001,1.9995843331834644,16.0,5528.6229538965035,6485.35508347251,1.0,3302.9718603647643,0.0,31.815999468618188,1.0,1.0,0.0,0.0,1.0,0.0,6.0,1.0,1.0,0.0008602992022934549,0.0008602992022934549,1.0,1836.8877697467951,-20.995507159054114,1857.8832769058492,3352.223701937733,0.0,0.0,0.0,11.762456693425706,10.617668375389078,9.826712500983376,7.012848805666041,39.2196863754642,464.9184624925396,419.44813979916637,884.3666022917059,0.02716466265815694,0.024374379484074827,0.02716466265815694,0.024374379484074827,0.0,565.5153243361024,202.53360127650438,103.21094076713916,2.7755575615628914e-17,103.21094076713916,1.0,291.67960724836973,0.0,37.578219618092575,31.325212522510096,11.522672148969365,16.79901851751045,37.578219618092575,31.325212522510096,11.522672148969365,16.79901851751045,97.22512280708249,0.0,0.0,0.0,0.0,0.0,97.22512280708249,0.0,9.79812799654904,0.0,3,720.0,31.815999468618188,1944.5024561416494,2789.1734599153215,9.79812799654904,3.812310036492379,26.5411076173192,26.5411076173192,31.49326073858117,500.64616073858116,475.84216596357993,469.1529,495.6940076173192,370.7351077145316,311.73410397372004,390.4324582502378,-20.995507159054114,1857.8832769058492,1.0,390.4324582502378,1.0,862.1179633723145,1452.3900106097267,66.02591692201882
0.003093326337213126,0.00323009798678342,0.8787841768217362,81.92466174724642,521.281,521.281,469.1529,6000.0,0.0,0.0,1.0,0.0007053419790299387,0.0005815140698339771,0.0,1.99929465802097,1.999418485930166,0.0007053419790299387,0.0,1.0,16.01975113218712,0.03175922048487768,0.028834445901703275,0.03175922048487768,0.028834445901703275,1.0,0.0007053419790299387,0.0005815140698339771,0.0,1.99929465802097,1.999418485930166,0.0007053419790299387,4.547473508864641e-13,1.0,24.108283118788545,0.03175922048487768,0.028834445901703275,0.03175922048487768,0.028834445901703275,1.0,0.0007053419790299387,0.0005815140698339771,0.0,1.99929465802097,1.999418485930166,0.0007053419790299387,0.0,1.0,25.172872865931822,0.03175922048487768,0.028834445901703275,0.03175922048487768,0.028834445901703275,1.0,0.0007053419790299387,0.0005815140698339771,0.0,1.99929465802097,1.999418485930166,0.0005815140698339771,0.0,1.0,14.613693331413414,0.03175922048487768,0.028834445901703275,0.03175922048487768,0.028834445901703275,1.0,0.0007053419790299387,0.0005815140698339771,0.0,1.99929465802097,1.999418485930166,0.0005815140698339771,0.0,1.0,22.291006864506535,0.03175922048487768,0.028834445901703275,0.03175922048487768,0.028834445901703275,1.0,0.0007053419790299387,0.0005815140698339771,0.0,1.99929465802097,1.999418485930166,0.0005815140698339771,0.0,1.0,21.553310773187057,0.03175922048487768,0.028834445901703275,0.03175922048487768,0.028834445901703275,1.0,1.0,105.68319750974939,108.16918202442078,1.0,1.0,122.84419532348684,125.33017983815823,1.0,1.0,120.54755725309212,123.03354176776351,1.0,1.0,351.7637472117869,354.24973172645826,1.0,1.0,361.11885506137384,363.6048395760452,1.0,0.0,0.0,0.0,449.8249611632769,0.0,0.0,716.188037168215,0.0,282.8144778301613,0.0,1.0,0.0004974891824967883,0.0004606018032652494,0.0,18.0,1.0,1.0,45.52623964108325,0.0,1.0,1.0,1.0,36.0,0.0,0.0,1.0,1.0,1.0,1.0,1.0,1.0,1.0,1.0,1.0,1.0,1.0,0.0009112956543247125,6.0,5.0,1.0,5.0,7.1367060092091,361.8341894096124,1.999502510817503,1.9995393981967347,16.0,6215.245172695793,6677.181814025543,1.0,3417.1890682268004,0.0,0.0,1.0,1.0,0.0,0.0,1.0,0.0,5.0,1.0,1.0,0.0009112956543247125,0.0009112956543247125,1.0,643.7112694811894,-20.632712643825432,664.3439821250149,4459.4761902161945,0.0,0.0,0.0,9.558398007128806,8.878550382220167,13.393549060555895,12.050208585556545,43.88070603546141,460.89296549909585,449.63182732256905,910.5247928216647,0.026665733258640054,0.02562552694632578,0.026665733258640054,0.02562552694632578,0.0,716.188037168215,205.73638743520578,133.585431950418,0.0,133.585431950418,1.0,329.6486259355529,0.0,24.43760265622893,37.649168426969794,36.99862653493877,33.99556819089802,24.43760265622893,37.649168426969794,36.99862653493877,33.99556819089802,133.08096580903552,0.0,0.0,0.0,0.0,0.0,133.08096580903552,0.0,10.302594137931527,0.0,4,900.0,0.0,2661.6193161807105,2736.3279113421236,10.302594137931527,9.79812799654904,28.575433839589664,28.575433839589664,30.94906896573815,500.10196896573814,502.1422599307701,469.1529,497.72833383958965,376.5977658811225,293.28960965459805,398.81611913680933,-20.632712643825432,664.3439821250149,1.0,398.81611913680933,1.0,913.190336256932,1663.741332171082,77.92533503692776
0.003336376683776454,0.0027273382991579442,0.8574599764844724,86.47877853174515,521.281,521.281,469.1529,6000.0,0.0,0.0,1.0,0.0007034121668125781,0.0007162057413589995,0.0,1.9992965878331874,1.999283794258641,0.0007034121668125781,0.0,1.0,16.25936529800627,0.0317157003989531,0.032003114340127085,0.0317157003989531,0.032003114340127085,1.0,0.0007034121668125781,0.0007162057413589995,0.0,1.9992965878331874,1.999283794258641,0.0007034121668125781,0.0,1.0,26.595968467719036,0.0317157003989531,0.032003114340127085,0.0317157003989531,0.032003114340127085,1.0,0.0007034121668125781,0.0007162057413589995,0.0,1.9992965878331874,1.999283794258641,0.0007034121668125781,0.0,1.0,25.98867387089613,0.0317157003989531,0.032003114340127085,0.0317157003989531,0.032003114340127085,1.0,0.0007034121668125781,0.0007162057413589995,0.0,1.9992965878331874,1.999283794258641,0.0007162057413589995,0.0,1.0,15.685239425201244,0.0317157003989531,0.032003114340127085,0.0317157003989531,0.032003114340127085,1.0,0.0007034121668125781,0.0007162057413589995,0.0,1.9992965878331874,1.999283794258641,0.0007162057413589995,0.0,1.0,28.2965511525149,0.0317157003989531,0.032003114340127085,0.0317157003989531,0.032003114340127085,1.0,0.0007034121668125781,0.0007162057413589995,0.0,1.9992965878331874,1.999283794258641,0.0007162057413589995,0.0,1.0,26.53421013656173,0.0317157003989531,0.032003114340127085,0.0317157003989531,0.032003114340127085,1.0,1.0,115.57897406665627,116.18743359400284,1.0,1.0,129.18036323321812,129.7888227605647,1.0,1.0,132.9267050448338,133.53516457218038,1.0,1.0,446.2570450870249,446.86550461437145,1.0,1.0,440.5819856275679,441.19044515491447,1.0,0.0,0.0,0.0,506.42286979797257,0.0,0.0,874.1770942266714,0.0,239.0284355361497,0.0,1.0,0.0005303320392112552,0.0005385387778736625,0.0,18.0,1.0,1.0,48.304566755689095,0.0,1.0,1.0,1.0,36.0,0.0,0.0,1.0,1.0,1.0,1.0,1.0,1.0,1.0,1.0,1.0,1.0,1.0,0.0003261335618765353,6.0,5.0,1.0,5.0,8.57096215053414,373.7078474863353,1.9994696679607888,1.9994614612221264,16.0,7003.978227661714,7084.669790834403,1.0,3597.2147091273437,0.0,0.0,1.0,1.0,0.0,0.0,1.0,0.0,5.0,1.0,1.0,0.0003261335618765353,0.0003261335618765353,1.0,-232.78670172478996,2.7794610925183556,235.5661628173083,3738.712860626809,0.0,0.0,0.0,11.608597123218459,13.869496407820462,10.0499210764684,12.46511753922112,47.99313214672844,480.67722384119486,485.4141112725872,966.0913351137822,0.02752512869419628,0.027740906580155517,0.02752512869419628,0.027740906580155517,0.0,874.1770942266714,208.8584300103784,167.2253933643871,1.1102230246251565e-16,167.2253933643871,1.0,385.3471825725748,0.0,32.01241079354816,50.17643779470781,43.57062934878262,35.67075767800839,32.01241079354816,50.17643779470781,43.57062934878262,35.67075767800839,161.430235615047,0.0,0.0,0.0,0.0,0.0,161.430235615047,0.0,16.09775188727163,0.0,5,1080.0,0.0,3228.6047123009394,4058.1669540441426,16.09775188727163,10.302594137931527,5.115432859349539,-5.115432859349539,-4.169191638777534,517.1118083612224,509.452393370251,521.281,516.1655671406504,382.3126239743028,272.43954312473255,410.68560210704095,2.7794610925183556,235.5661628173083,1.0,410.68560210704095,1.0,982.1397726654428,1896.7655311652945,88.85142457089557
0.007676652535338363,0.002762897559157873,0.9516075537747979,113.82425530419562,521.281,521.281,469.1529,6000.0,0.0,0.0,1.0,0.0008024608692203117,0.0008115276380589176,0.0,1.9991975391307797,1.999188472361941,0.0008024608692203117,0.0,1.0,17.9879309145668,0.03387755677110948,0.03406862652535582,0.03387755677110948,0.03406862652535582,1.0,0.0008024608692203117,0.0008115276380589176,0.0,1.9991975391307797,1.999188472361941,0.0008024608692203117,2.2737367544323206e-13,1.0,30.972148236414903,0.03387755677110948,0.03406862652535582,0.03387755677110948,0.03406862652535582,1.0,0.0008024608692203117,0.0008115276380589176,0.0,1.9991975391307797,1.999188472361941,0.0008024608692203117,0.0,1.0,31.368286207022322,0.03387755677110948,0.03406862652535582,0.03387755677110948,0.03406862652535582,1.0,0.0008024608692203117,0.0008115276380589176,0.0,1.9991975391307797,1.999188472361941,0.0008115276380589176,0.0,1.0,17.831685356544025,0.03387755677110948,0.03406862652535582,0.03387755677110948,0.03406862652535582,1.0,0.0008024608692203117,0.0008115276380589176,0.0,1.9991975391307797,1.999188472361941,0.0008115276380589176,0.0,1.0,32.728939510465345,0.03387755677110948,0.03406862652535582,0.03387755677110948,0.03406862652535582,1.0,0.0008024608692203117,0.0008115276380589176,0.0,1.9991975391307797,1.999188472361941,0.0008115276380589176,0.0,1.0,33.245666679855276,0.03387755677110948,0.03406862652535582,0.03387755677110948,0.03406862652535582,1.0,1.0,144.11141132521942,144.12972060934413,1.0,1.0,158.91819276801917,158.93650205214388,1.0,1.0,129.66581482105417,129.68412410517888,1.0,1.0,523.8381847654414,523.8564940495661,1.0,1.0,529.5463253785194,529.5646346626442,1.0,0.0,0.0,0.0,584.1737592807301,0.0,0.0,1056.7322441303245,0.0,284.4606234154649,0.0,1.0,0.0005459286778033053,0.0005545153388781809,0.0,18.0,1.0,1.0,48.30213822227383,0.0,1.0,1.0,1.0,36.0,12.0,0.0,1.0,1.0,1.0,1.0,1.0,1.0,1.0,1.0,1.0,1.0,1.0,0.0008240923050927032,6.0,7.0,1.0,5.0,8.475480878978628,355.12055018174345,1.9994540713221969,1.9994454846611218,16.0,7791.84362338063,7084.3136059334975,1.0,3575.248036766713,0.0,0.0,1.0,1.0,0.0,0.0,1.0,0.0,7.0,1.0,1.0,0.0008240923050927032,0.0008240923050927032,1.0,707.6741674931018,-22.66266588640974,730.3368333795115,4000.0,0.0,0.0,0.0,10.432560128570977,10.174054757475265,13.906350069231532,10.514026715678108,45.02699167095588,481.63702672929776,484.40573771617903,966.0427644454768,0.027935004544093464,0.02815582220965057,0.027935004544093464,0.02815582220965057,0.0,1056.7322441303245,211.8804805713618,115.71050985151543,0.0,115.71050985151543,1.0,319.73684180708835,0.0,30.142977884552664,15.310946909140647,27.66220942725312,52.57172452644123,30.142977884552664,15.310946909140647,27.66220942725312,52.57172452644123,125.68785874738766,0.0,0.0,0.0,0.0,0.0,125.68785874738766,0.0,6.1204029913993985,0.0,6,1260.0,0.0,2513.757174947753,2846.08840849959,6.1204029913993985,16.09775188727163,34.63659839360855,34.63659839360855,33.99399882961461,503.1468988296146,501.9716948477696,469.1529,503.78949839360854,387.8444479935447,276.2953810645743,396.78360963678506,-22.66266588640974,730.3368333795115,1.0,396.78360963678506,1.0,879.5761711934688,2144.6955018046633,100.84754053625186
0.008499320648028469,0.003266614444455529,0.9216904121670478,134.6729914686523,521.281,521.281,469.1529,6000.0,0.0,0.0,1.0,0.0007680965223719749,0.0007786667188782737,0.0,1.999231903477628,1.9992213332811217,0.0007680965223719749,0.0,1.0,17.585738328524542,0.03314342371759598,0.03337094929506298,0.03314342371759598,0.03337094929506298,1.0,0.0007680965223719749,0.0007786667188782737,0.0,1.999231903477628,1.9992213332811217,0.0007680965223719749,0.0,1.0,28.13565784960915,0.03314342371759598,0.03337094929506298,0.03314342371759598,0.03337094929506298,1.0,0.0007680965223719749,0.0007786667188782737,0.0,1.999231903477628,1.9992213332811217,0.0007680965223719749,0.0,1.0,29.880812784580232,0.03314342371759598,0.03337094929506298,0.03314342371759598,0.03337094929506298,1.0,0.0007680965223719749,0.0007786667188782737,0.0,1.999231903477628,1.9992213332811217,0.0007786667188782737,0.0,1.0,18.16248101637243,0.03314342371759598,0.03337094929506298,0.03314342371759598,0.03337094929506298,1.0,0.0007680965223719749,0.0007786667188782737,0.0,1.999231903477628,1.9992213332811217,0.0007786667188782737,0.0,1.0,30.78835939129296,0.03314342371759598,0.03337094929506298,0.03314342371759598,0.03337094929506298,1.0,0.0007680965223719749,0.0007786667188782737,0.0,1.999231903477628,1.9992213332811217,0.0007786667188782737,0.0,1.0,32.47476569662194,0.03314342371759598,0.03337094929506298,0.03314342371759598,0.03337094929506298,1.0,1.0,150.94670486005788,151.22926829050556,1.0,1.0,135.64920724010338,135.93177067055106,1.0,1.0,191.4693808775403,191.75194430798797,1.0,1.0,635.4464380299462,635.7290014603939,1.0,1.0,633.6071475432617,633.8897109737094,1.0,0.0,0.0,0.0,687.2213123545222,0.0,0.0,1267.1652455028861,0.0,260.11016089295816,0.0,1.0,0.0004987444994519999,0.0005325023015453222,0.0,18.0,1.0,1.0,46.58158515689163,0.0,1.0,1.0,1.0,36.0,0.0,0.0,1.0,1.0,1.0,1.0,1.0,1.0,1.0,1.0,1.0,1.0,1.0,0.000207675475918198,6.0,6.0,1.0,5.0,7.597109437042167,340.39614703052405,1.9995012555005482,1.9994674976984546,16.0,8683.523492440654,6831.9658230107725,1.0,3474.0827812963694,0.0,7.09066659483584,1.0,1.0,0.0,0.0,1.0,0.0,6.0,1.0,1.0,0.000207675475918198,0.000207675475918198,1.0,983.230431741822,3.246538104784387,979.9838936370377,4000.0,0.0,0.0,0.0,12.263390717352664,13.482693725223937,10.379712736629084,14.158770520858887,50.28456770006457,455.94519692819046,475.6865062096422,931.6317031378326,0.026694725424212206,0.027590653621993436,0.026694725424212206,0.027590653621993436,0.0,1267.1652455028861,214.78390717151365,98.31526124560784,0.0,98.31526124560784,1.0,291.23462544343295,0.0,23.847234432109687,17.403673131207796,14.979987098766406,39.63393048121459,23.847234432109687,17.403673131207796,14.979987098766406,39.63393048121459,95.86482514329848,0.0,0.0,0.0,0.0,0.0,95.86482514329848,0.0,8.570839093708761,0.0,7,1440.0,7.09066659483584,1917.2965028659694,2587.2411087984815,8.570839093708761,6.120402991399399,8.7154759046187,-8.7154759046187,-4.869807157176581,490.3471428428234,502.973405069578,495.21695,486.5014740953813,393.15913240425147,260.5314078763267,377.47416864045783,3.246538104784387,979.9838936370377,1.0,377.47416864045783,1.0,843.6642142037185,2440.88803195279,114.77042220751774
0.0038046999442721274,0.0028050545029620344,0.9785627144157804,127.86417325426058,521.281,521.281,469.1529,6000.0,0.0,0.0,1.0,0.0006782734524171108,0.0007546590871621017,0.0,1.999321726547583,1.999245340912838,0.0006782734524171108,0.0,1.0,16.623907062320363,0.031143252513907527,0.03285191546360539,0.031143252513907527,0.03285191546360539,1.0,0.0006782734524171108,0.0007546590871621017,0.0,1.999321726547583,1.999245340912838,0.0006782734524171108,0.0,1.0,23.665046387204363,0.031143252513907527,0.03285191546360539,0.031143252513907527,0.03285191546360539,1.0,0.0006782734524171108,0.0007546590871621017,0.0,1.999321726547583,1.999245340912838,0.0006782734524171108,0.0,1.0,24.205708680052005,0.031143252513907527,0.03285191546360539,0.031143252513907527,0.03285191546360539,1.0,0.0006782734524171108,0.0007546590871621017,0.0,1.999321726547583,1.999245340912838,0.0007546590871621017,0.0,1.0,17.785767993391975,0.031143252513907527,0.03285191546360539,0.031143252513907527,0.03285191546360539,1.0,0.0006782734524171108,0.0007546590871621017,0.0,1.999321726547583,1.999245340912838,0.0007546590871621017,0.0,1.0,26.59693599922402,0.031143252513907527,0.03285191546360539,0.031143252513907527,0.03285191546360539,1.0,0.0006782734524171108,0.0007546590871621017,0.0,1.999321726547583,1.999245340912838,0.0007546590871621017,0.0,1.0,29.252480602023198,0.031143252513907527,0.03285191546360539,0.031143252513907527,0.03285191546360539,1.0,1.0,168.99531575388133,169.4463589420435,1.0,1.0,144.86701904115984,145.318062229322,1.0,1.0,225.05444770526117,225.50549089342334,1.0,1.0,763.4377213778291,763.8887645659913,1.0,1.0,761.0593594342006,761.5104026223628,1.0,0.0,0.0,0.0,749.5996980954271,0.0,0.0,1436.494730101048,0.0,280.8263717577283,0.0,1.0,0.0005135971316080593,0.0005294973140691618,0.0,18.0,1.0,1.0,47.60640028462678,0.0,1.0,1.0,1.0,36.0,0.0,0.0,1.0,1.0,1.0,1.0,1.0,1.0,1.0,1.0,1.0,1.0,1.0,0.0008262941315683644,6.0,5.0,1.0,5.0,7.949404789745357,379.8727272270435,1.999486402868392,1.9994705026859307,16.0,9512.667907745115,6982.272041745261,1.0,3588.676043340921,0.0,30.433793427123927,1.0,1.0,0.0,0.0,1.0,0.0,5.0,1.0,1.0,0.0008262941315683644,0.0008262941315683644,1.0,776.4657638490817,-4.006867264828391,780.4726311139101,4118.654636274428,0.0,0.0,0.0,12.795435715623329,10.403297645930191,12.270357404589264,8.55811179208628,44.027202558229064,475.8727933903483,476.2552123021872,952.1280056925357,0.027085184207481884,0.027512247174039526,0.027085184207481884,0.027512247174039526,0.0,1436.494730101048,217.55080922035685,137.4578269532538,0.0,137.4578269532538,1.0,341.04943903458945,0.0,37.15278916717985,20.192480295007716,37.187576905361574,43.90719255103481,37.15278916717985,20.192480295007716,37.187576905361574,43.90719255103481,138.44003891858395,0.0,0.0,0.0,0.0,0.0,138.44003891858395,0.0,7.5886271283786115,0.0,8,1620.0,30.433793427123927,2768.800778371679,3348.513769582974,7.5886271283786115,8.570839093708761,4.52825109612138,4.52825109612138,6.010300897242587,501.2272508972426,499.8086641861953,495.21695,499.7452010961214,398.2239104097194,297.57947785745796,380.4747782686617,-4.006867264828391,780.4726311139101,1.0,380.4747782686617,1.0,901.9411228726422,2685.839629292597,128.36146632976985
0.0031722950145933737,0.0042999159949060894,0.9537183719066757,167.5958571081239,521.281,521.281,469.1529,6000.0,0.0,0.0,1.0,0.0008099553003424464,0.0007671379078377782,0.0,1.9991900446996576,1.9992328620921622,0.0008099553003424464,0.0,1.0,18.819952309012475,0.03403556818104458,0.03312271239380197,0.03403556818104458,0.03312271239380197,1.0,0.0008099553003424464,0.0007671379078377782,0.0,1.9991900446996576,1.9992328620921622,0.0008099553003424464,0.0,1.0,31.564900374697146,0.03403556818104458,0.03312271239380197,0.03403556818104458,0.03312271239380197,1.0,0.0008099553003424464,0.0007671379078377782,0.0,1.9991900446996576,1.9992328620921622,0.0008099553003424464,0.0,1.0,32.02183865689355,0.03403556818104458,0.03312271239380197,0.03403556818104458,0.03312271239380197,1.0,0.0008099553003424464,0.0007671379078377782,0.0,1.9991900446996576,1.9992328620921622,0.0007671379078377782,0.0,1.0,17.312449555238675,0.03403556818104458,0.03312271239380197,0.03403556818104458,0.03312271239380197,1.0,0.0008099553003424464,0.0007671379078377782,0.0,1.9991900446996576,1.9992328620921622,0.0007671379078377782,0.0,1.0,27.694414029400384,0.03403556818104458,0.03312271239380197,0.03403556818104458,0.03312271239380197,1.0,0.0008099553003424464,0.0007671379078377782,0.0,1.9991900446996576,1.9992328620921622,0.0007671379078377782,0.0,1.0,29.38254392204766,0.03403556818104458,0.03312271239380197,0.03403556818104458,0.03312271239380197,1.0,1.0,166.3920523702772,166.7456566979354,1.0,1.0,200.27310406760589,200.62670839526407,1.0,1.0,232.2701247895307,232.6237291171889,1.0,1.0,871.2776380211463,871.6312423488046,1.0,1.0,835.1519317753748,835.505536103033,1.0,0.0,0.0,0.0,889.6704316610744,0.0,0.0,1615.6040705970795,0.25,243.70588015364072,0.25,1.0,0.0005417658313805721,0.000544468802927689,0.0,18.0,1.0,1.0,48.03466946108741,0.0,1.0,1.0,1.0,36.0,0.0,0.0,1.0,1.0,1.0,1.0,1.0,1.0,1.0,1.0,1.0,1.0,1.0,0.00021721659518839285,6.0,6.0,1.0,5.0,8.198708870911508,310.1098180397703,1.9994582341686196,1.9994555311970723,16.0,10470.687810400314,7045.0848542928225,1.0,3596.69929659261,0.0,34.539159748769805,1.0,1.0,0.0,0.0,1.0,0.0,6.0,1.0,1.0,0.00021721659518839285,0.00021721659518839285,1.0,140.9906853008206,-12.41245785342744,153.40314315424803,4000.0,0.0,0.0,0.0,12.810788954992143,13.965415886032602,10.613609003276562,9.783181791782113,47.17299563608342,476.4215637876557,484.27182543409276,960.6933892217484,0.02782753686827707,0.027899447851850185,0.02782753686827707,0.027899447851850185,0.0,1615.6040705970795,220.16412784667185,120.17353947388658,1.1102230246251565e-16,120.17353947388658,1.0,303.06028377472927,0.0,23.945163938278252,23.66654689940018,22.25066730242927,48.367382498855065,23.945163938278252,23.66654689940018,22.25066730242927,48.367382498855065,118.22976063896277,0.0,0.0,0.0,0.0,0.0,118.22976063896277,0.0,9.53240596330242,0.0,9,1800.0,34.539159748769805,2364.5952127792552,3187.205108920344,9.53240596330242,7.5886271283786115,18.77990278618563,18.77990278618563,18.61868678014116,487.77158678014115,494.9138062351075,469.1529,487.9328027861856,403.0075559693348,241.81412469658426,378.2407023188937,-12.41245785342744,153.40314315424803,1.0,378.2407023188937,1.0,850.5067964661694,2993.2073050443396,142.04664597516395
0.0043302406693782325,0.002821234994220545,0.9746264978130719,158.0677061939071,521.281,521.281,469.1529,6000.0,0.0,0.0,1.0,0.0007466029478151448,0.0008075749304816693,0.0,1.9992533970521849,1.9991924250695183,0.0007466029478151448,0.0,1.0,18.20809059454309,0.032675906164670344,0.033985460082776815,0.032675906164670344,0.033985460082776815,1.0,0.0007466029478151448,0.0008075749304816693,0.0,1.9992533970521849,1.9991924250695183,0.0007466029478151448,2.2737367544323206e-13,1.0,27.511181420830322,0.032675906164670344,0.033985460082776815,0.032675906164670344,0.033985460082776815,1.0,0.0007466029478151448,0.0008075749304816693,0.0,1.9992533970521849,1.9991924250695183,0.0007466029478151448,0.0,1.0,27.92526475570759,0.032675906164670344,0.033985460082776815,0.032675906164670344,0.033985460082776815,1.0,0.0007466029478151448,0.0008075749304816693,0.0,1.9992533970521849,1.9991924250695183,0.0008075749304816693,0.0,1.0,18.31500540866446,0.032675906164670344,0.033985460082776815,0.032675906164670344,0.033985460082776815,1.0,0.0007466029478151448,0.0008075749304816693,0.0,1.9992533970521849,1.9991924250695183,0.0008075749304816693,0.0,1.0,31.01470949117399,0.032675906164670344,0.033985460082776815,0.032675906164670344,0.033985460082776815,1.0,0.0007466029478151448,0.0008075749304816693,0.0,1.9992533970521849,1.9991924250695183,0.0008075749304816693,0.0,1.0,32.03166839107066,0.032675906164670344,0.033985460082776815,0.032675906164670344,0.033985460082776815,1.0,1.0,217.6874862705283,217.80943338400448,1.0,1.0,197.61539554221503,197.7373426556912,1.0,1.0,255.24486032020013,255.3668074336763,1.0,1.0,1018.4444533125661,1018.5664004260423,1.0,1.0,925.1908998845678,925.3128469980439,1.0,0.0,0.0,0.0,951.9905381280224,0.0,0.0,1837.9983661890467,0.75,255.86140542234583,0.75,1.0,0.0005277396223451408,0.0005318741011808662,0.0,18.0,1.0,1.0,47.36963764864949,0.0,1.0,1.0,1.0,36.0,0.0,0.0,1.0,1.0,1.0,1.0,1.0,1.0,1.0,1.0,1.0,1.0,1.0,0.00022464114745493987,6.0,7.0,1.0,5.0,7.859353070754081,395.30401839681645,1.999472260377655,1.9994681258988192,16.0,11357.884751455686,6947.546855135258,1.0,3562.4287480354665,0.0,3.591701832148714,1.0,1.0,0.0,0.0,1.0,0.0,7.0,1.0,1.0,0.00022464114745493987,0.00022464114745493987,1.0,1852.8118890661463,-41.78556986802986,1894.597458934176,2928.5136026930245,0.0,0.0,0.0,10.83907504967719,9.766377794037222,13.861613780201075,15.676481922349867,50.14354854626535,475.759719130231,471.63303384275855,947.3927529729897,0.02746686864019525,0.027568314238825144,0.02746686864019525,0.027568314238825144,0.0,1837.9983661890467,222.60775107211086,95.9103076440869,0.0,95.9103076440869,1.0,302.66342394350914,0.0,31.675049140199434,18.149174911934132,22.433516325855017,27.477910083436914,31.675049140199434,18.149174911934132,22.433516325855017,27.477910083436914,99.7356504614255,0.0,0.0,0.0,0.0,0.0,99.7356504614255,0.0,5.707063145963828,0.0,10,1980.0,3.591701832148714,1994.71300922851,2496.673588979461,5.707063145963828,9.53240596330242,59.81579314962022,59.81579314962022,62.678354802044794,531.8312548020448,514.6606211619293,469.1529,528.9686931496202,407.4805763174994,308.439639519404,414.2808865063165,-41.78556986802986,1894.597458934176,1.0,414.2808865063165,1.0,899.1079770468183,3318.9575974666895,158.25076726196482
0.005526882471435485,0.0021014202179240327,0.9999718969172472,185.4927737029002,521.281,503.9049666666666,469.1529,6000.0,0.0,0.0,1.0,0.0007583618160074135,0.0007295480822402389,0.0,1.9992416381839926,1.9992704519177598,0.0007583618160074135,0.0,1.0,18.065752243320503,0.03293249793605142,0.032300143385671616,0.03293249793605142,0.032300143385671616,1.0,0.0007583618160074135,0.0007295480822402389,0.0,1.9992416381839926,1.9992704519177598,0.0007583618160074135,1.1368683772161603e-13,1.0,28.063686586092,0.03293249793605142,0.032300143385671616,0.03293249793605142,0.032300143385671616,1.0,0.0007583618160074135,0.0007295480822402389,0.0,1.9992416381839926,1.9992704519177598,0.0007583618160074135,0.0,1.0,28.536681358423852,0.03293249793605142,0.032300143385671616,0.03293249793605142,0.032300143385671616,1.0,0.0007583618160074135,0.0007295480822402389,0.0,1.9992416381839926,1.9992704519177598,0.0007295480822402389,0.0,1.0,17.733400952439244,0.03293249793605142,0.032300143385671616,0.03293249793605142,0.032300143385671616,1.0,0.0007583618160074135,0.0007295480822402389,0.0,1.9992416381839926,1.9992704519177598,0.0007295480822402389,0.0,1.0,24.42465552390158,0.03293249793605142,0.032300143385671616,0.03293249793605142,0.032300143385671616,1.0,0.0007583618160074135,0.0007295480822402389,0.0,1.9992416381839926,1.9992704519177598,0.0007295480822402389,0.0,1.0,26.548726716302568,0.03293249793605142,0.032300143385671616,0.03293249793605142,0.032300143385671616,1.0,1.0,244.36576815288262,244.38359854549967,1.0,1.0,196.50729753093316,196.5251279235502,1.0,1.0,293.13238685989234,293.1502172525094,1.0,1.0,1110.9224189000593,1110.9402492926763,1.0,1.0,1059.7488395166054,1059.7666699092224,1.0,0.0,0.0,0.0,1051.5677015823112,0.0,0.0,2060.8303867335326,0.75,289.86394471399154,0.75,1.0,0.0005201887050370427,0.00046281347759339714,0.0,18.0,1.0,1.0,45.5457092345556,0.0,1.0,1.0,1.0,36.0,0.0,0.0,1.0,1.0,1.0,1.0,1.0,1.0,1.0,1.0,1.0,1.0,1.0,0.000330273304128996,6.0,6.0,1.0,5.0,7.707074554999218,351.51572088602825,1.999479811294963,1.9995371865224065,16.0,12388.514772141592,6680.037354401491,1.0,3474.4049271601193,0.0,20.898175104863196,1.0,1.0,0.0,0.0,1.0,0.0,6.0,1.0,1.0,0.000330273304128996,0.000330273304128996,1.0,908.4007032177597,1.9260316290495136,906.4746715887102,2000.0,0.0,0.0,0.0,14.034812630262378,6.634237300237513,6.8265691008459966,11.981871512635031,39.47749054398092,470.8569891051259,440.05719558598645,910.9141846911122,0.02727021702611442,0.02571637787815122,0.02727021702611442,0.02571637787815122,0.0,2060.8303867335326,224.86661314690178,100.76887166538307,0.0,100.76887166538307,1.0,306.0956857251403,0.0,18.442637104725843,25.49188346506421,28.824504710257365,11.241415146784286,18.442637104725843,25.49188346506421,28.824504710257365,11.241415146784286,84.0004404268317,0.0,0.0,0.0,0.0,0.0,84.0004404268317,0.0,22.4754943845152,0.0,11,2160.0,20.898175104863196,1680.0088085366342,3730.2032464932977,22.4754943845152,5.707063145963828,5.885618542144243,-5.885618542144243,-2.8890474435742703,501.01591922309234,514.8192875153549,503.9049666666666,498.01934812452237,411.6153937963363,267.1849066016642,363.85019510849895,1.9260316290495136,906.4746715887102,1.0,363.85019510849895,1.0,844.5862222596595,3610.417436440366,173.10168586107346
0.005122815802725167,0.001769456350293186,0.9665007758917835,203.17546658115145,521.281,521.281,469.1529,6000.0,0.0,0.0,1.0,0.0007460424685490352,0.0006469017916521658,0.0,1.999253957531451,1.9993530982083478,0.0007460424685490352,0.0,1.0,18.131953676725473,0.03266362576364893,0.03041382112143438,0.03266362576364893,0.03041382112143438,1.0,0.0007460424685490352,0.0006469017916521658,0.0,1.999253957531451,1.9993530982083478,0.0007460424685490352,0.0,1.0,26.55178520612398,0.03266362576364893,0.03041382112143438,0.03266362576364893,0.03041382112143438,1.0,0.0007460424685490352,0.0006469017916521658,0.0,1.999253957531451,1.9993530982083478,0.0007460424685490352,0.0,1.0,27.677564883861955,0.03266362576364893,0.03041382112143438,0.03266362576364893,0.03041382112143438,1.0,0.0007460424685490352,0.0006469017916521658,0.0,1.999253957531451,1.9993530982083478,0.0006469017916521658,0.0,1.0,16.423405747407497,0.03266362576364893,0.03041382112143438,0.03266362576364893,0.03041382112143438,1.0,0.0007460424685490352,0.0006469017916521658,0.0,1.999253957531451,1.9993530982083478,0.0006469017916521658,2.2737367544323206e-13,1.0,22.16231807923224,0.03266362576364893,0.03041382112143438,0.03266362576364893,0.03041382112143438,1.0,0.0007460424685490352,0.0006469017916521658,0.0,1.999253957531451,1.9993530982083478,0.0006469017916521658,0.0,1.0,23.132630054466432,0.03266362576364893,0.03041382112143438,0.03266362576364893,0.03041382112143438,1.0,1.0,278.5363296252627,279.04203813805174,1.0,1.0,244.84610593268897,245.351814445478,1.0,1.0,274.74106574033186,275.2467742531209,1.0,1.0,1244.1383421025653,1244.6440506153542,1.0,1.0,1204.3053979310182,1204.8111064438071,1.0,0.0,0.0,0.0,1129.5389098046546,0.0,0.0,2255.995707145551,1.0,240.06758989718372,1.0,1.0,0.0005528939280662214,0.0004849200116420081,0.0,18.0,1.0,1.0,47.28638300364293,0.0,1.0,1.0,1.0,36.0,1.0,0.0,1.0,1.0,1.0,1.0,1.0,1.0,1.0,1.0,1.0,1.0,1.0,0.0008203952751122743,6.0,5.0,1.0,5.0,8.065492664065847,382.8390816721266,1.9994471060719339,1.999515079988358,16.0,13519.466577316825,6935.336173867627,1.0,3612.2701885783604,0.0,0.0,1.0,1.0,0.0,0.0,1.0,0.0,5.0,1.0,1.0,0.0008203952751122743,0.0008203952751122743,1.0,1814.5050516752717,-62.72963086766,1877.2346825429318,3128.805401336638,0.0,0.0,0.0,5.522752749520104,16.14092471169738,12.162748462047603,11.59734809008262,45.42377401334771,488.8403252318359,456.8873348410222,945.727660072858,0.02811015877531569,0.026318441245453232,0.02811015877531569,0.026318441245453232,0.0,2255.995707145551,226.9267874352058,114.17914168527942,0.0,114.17914168527942,1.0,292.113829088363,0.0,21.93415207653381,20.556765847056806,46.360547210633165,36.17914940959905,21.93415207653381,20.556765847056806,46.360547210633165,36.17914940959905,125.03061454382284,0.0,0.0,0.0,0.0,0.0,125.03061454382284,0.0,11.624021525971784,0.0,12,2340.0,0.0,2500.612290876457,3553.4370983920894,11.624021525971784,22.4754943845152,90.97677606579401,90.97677606579401,94.09444630149,563.24734630149,527.958783082254,469.1529,560.129676065794,415.38651588112253,303.7406257124057,388.5542879819267,-62.72963086766,1877.2346825429318,1.0,388.5542879819267,1.0,857.5056413388346,3945.6642930159996,188.8947330076167
0.006446097105383075,0.001932253751600388,0.9938408646521694,245.14259976682578,521.281,503.9049666666666,469.1529,6000.0,0.0,0.07142857142857142,1.0,0.0008161267964861274,0.0006986089274130247,0.0,1.9991838732035139,1.999301391072587,0.0008161267964861274,0.0,1.0,19.669461399022637,0.03416514089653819,0.03160712119587347,0.03416514089653819,0.03160712119587347,1.0,0.0008161267964861274,0.0006986089274130247,0.0,1.9991838732035139,1.999301391072587,0.0008161267964861274,0.0,1.0,31.750407851890923,0.03416514089653819,0.03160712119587347,0.03416514089653819,0.03160712119587347,1.0,0.0008161267964861274,0.0006986089274130247,0.017127161748561548,1.9991838732035139,1.999301391072587,0.0008161267964861274,0.0,1.0,33.68839877923418,0.03416514089653819,0.03160712119587347,0.03416514089653819,0.03160712119587347,1.0,0.0008161267964861274,0.0006986089274130247,0.0,1.9991838732035139,1.999301391072587,0.0006986089274130247,0.0,1.0,16.856920066176315,0.03416514089653819,0.03160712119587347,0.03416514089653819,0.03160712119587347,1.0,0.0008161267964861274,0.0006986089274130247,0.0,1.9991838732035139,1.999301391072587,0.0006986089274130247,0.0,1.0,26.181250491469292,0.03416514089653819,0.03160712119587347,0.03416514089653819,0.03160712119587347,1.0,0.0008161267964861274,0.0006986089274130247,0.0,1.9991838732035139,1.999301391072587,0.0006986089274130247,0.0,1.0,25.963780228766808,0.03416514089653819,0.03160712119587347,0.03416514089653819,0.03160712119587347,1.0,1.0,321.95828882859433,322.1237807164931,1.0,1.0,275.3619199143244,275.5274118022232,1.0,1.0,304.29670213850073,304.4621940263995,1.0,1.0,1330.2731555660635,1330.4386474539622,1.0,1.0,1322.8851048145323,1323.050596702431,1.0,0.0,0.0,0.0,1218.9644142006998,0.0,0.0,2480.703042553046,1.0,270.1263249785052,1.0,1.0,0.0005575562786785455,0.0005072961793398914,0.0,18.0,1.0,1.0,47.80192271879703,0.0,1.0,1.0,1.0,36.0,7.0,0.0,1.0,1.0,1.0,1.0,1.0,1.0,1.0,1.0,1.0,1.0,1.0,0.00043837941077033243,6.0,6.0,1.0,5.0,8.221678992247197,384.1895854101888,1.9994424437213216,1.99949270382066,16.0,14439.895467678634,7010.9486654235625,1.0,3626.323283219611,0.0,15.213749223820777,1.0,1.0,0.0,0.0,1.0,0.0,6.0,1.0,1.0,0.00043837941077033243,0.00043837941077033243,1.0,1342.134967021757,-68.46390697751906,1410.5988739992758,2837.6797744034516,0.0,0.0,0.0,18.74744600996032,13.561813037089488,11.448754886297907,11.086383522706235,54.844397456053954,487.75679995886316,468.2816544170772,956.0384543759404,0.0282329671268733,0.026927627690185984,0.0282329671268733,0.026927627690185984,0.0,2480.703042553046,228.77557227745794,106.31890440862912,0.0,106.31890440862912,1.0,317.08283705910094,0.0,29.966658135860403,21.631764177440626,20.8323355362244,36.048156769588296,29.966658135860403,21.631764177440626,20.8323355362244,36.048156769588296,108.47891461911372,0.0,0.0,0.0,0.0,0.0,108.47891461911372,0.0,9.464011315487193,0.0,13,2520.0,15.213749223820777,2169.5782923822744,3287.68855475984,9.464011315487193,11.624021525971784,95.69214628966171,95.69214628966171,102.69586046627859,571.8487604662786,576.9392060791376,469.1529,564.8450462896617,418.7706923501796,293.78072927172894,398.5879635559288,-68.46390697751906,1410.5988739992758,1.0,398.5879635559288,1.0,924.7700371206428,4264.512503043407,205.37183640496005
0.0024875598149834144,0.0018169349134966595,0.9300979793963715,246.69824230874,521.281,503.9049666666666,469.1529,6000.0,0.0,0.07142857142857142,1.0,0.0008020893131086559,0.0007372266022918073,0.0,1.9991979106868913,1.9992627733977082,0.0008020893131086559,0.0,1.0,19.937241591729922,0.03386970384937425,0.03246985695035605,0.03386970384937425,0.03246985695035605,1.0,0.0008020893131086559,0.0007372266022918073,0.0,1.9991979106868913,1.9992627733977082,0.0008020893131086559,0.0,1.0,29.395861204114595,0.03386970384937425,0.03246985695035605,0.03386970384937425,0.03246985695035605,1.0,0.0008020893131086559,0.0007372266022918073,0.0,1.9991979106868913,1.9992627733977082,0.0008020893131086559,0.0,1.0,32.33793930998439,0.03386970384937425,0.03246985695035605,0.03386970384937425,0.03246985695035605,1.0,0.0008020893131086559,0.0007372266022918073,0.0,1.9991979106868913,1.9992627733977082,0.0007372266022918073,0.0,1.0,17.58257593883832,0.03386970384937425,0.03246985695035605,0.03386970384937425,0.03246985695035605,1.0,0.0008020893131086559,0.0007372266022918073,0.0,1.9991979106868913,1.9992627733977082,0.0007372266022918073,0.0,1.0,27.94407650580683,0.03386970384937425,0.03246985695035605,0.03386970384937425,0.03246985695035605,1.0,0.0008020893131086559,0.0007372266022918073,0.0,1.9991979106868913,1.9992627733977082,0.0007372266022918073,0.0,1.0,28.103073747923833,0.03386970384937425,0.03246985695035605,0.03386970384937425,0.03246985695035605,1.0,1.0,323.22276010227426,323.3357351505146,1.0,1.0,292.98763248018236,293.1006075284227,1.0,1.0,314.9689371462127,315.081912194453,1.0,1.0,1457.958632290028,1458.0716073382682,1.0,1.0,1476.7865774687814,1476.8995525170217,1.0,0.0,0.0,0.0,1313.5551986026046,0.0,0.0,2715.6377157022343,1.0,263.6225810026734,1.0,1.0,0.0005279104309204122,0.0005175961048194708,0.0,18.0,1.0,1.0,47.081402831766106,0.0,1.0,1.0,1.0,36.0,0.0,0.0,1.0,1.0,1.0,1.0,1.0,1.0,1.0,1.0,1.0,1.0,1.0,0.0008574604129132347,6.0,6.0,1.0,5.0,8.081375525797757,378.4932051408783,1.9994720895690794,1.9994824038951806,16.0,15627.136977172557,6905.272415325694,1.0,3576.9544837682984,0.0,127.26496455404445,0.0,1.0,0.0,0.0,1.0,0.0,6.0,1.0,1.0,0.0008574604129132347,0.0008574604129132347,1.0,1845.4164151954164,-60.61566093763437,1906.0320761330509,2000.0,0.0,0.0,0.0,10.009252596036951,9.39781778327363,17.56781894186265,14.362041591388012,51.33693091256124,471.6576547636349,469.970401871687,941.6280566353219,0.02746778454414876,0.027202091051832175,0.02746778454414876,0.027202091051832175,0.0,2715.6377157022343,230.40156930032236,94.48574877000115,0.0,94.48574877000115,1.0,286.2223843811075,0.0,10.026602971420703,25.057141517890074,26.204244398762658,24.944198799523246,10.026602971420703,25.057141517890074,26.204244398762658,24.944198799523246,86.23218768759669,0.0,0.0,0.0,0.0,0.0,86.23218768759669,0.0,17.717572397891672,0.0,14,2700.0,127.26496455404445,1724.6437537519334,4486.06584370086,17.717572397891672,9.464011315487193,89.97881393921074,89.97881393921074,90.92349140645155,577.4524247397849,578.289673751716,486.5289333333333,576.5077472725441,421.747058630223,291.20030703906195,380.83193514282885,-60.61566093763437,1906.0320761330509,1.0,380.83193514282885,1.0,868.4756447060689,4605.7006615773835,221.8950214157725
0.0029113163355707072,0.0018388156417402102,0.9706152317713327,242.55954621750828,521.281,503.9049666666666,469.1529,6000.0,0.0,0.07142857142857142,1.0,0.0007476280534741697,0.0007362432079889292,0.0,1.9992523719465258,1.999263756792011,0.0007476280534741697,0.0,1.0,19.053920012790332,0.03269835489798752,0.03244817094981123,0.03269835489798752,0.03244817094981123,1.0,0.0007476280534741697,0.0007362432079889292,0.0,1.9992523719465258,1.999263756792011,0.0007476280534741697,0.0,1.0,25.051711913900075,0.03269835489798752,0.03244817094981123,0.03269835489798752,0.03244817094981123,1.0,0.0007476280534741697,0.0007362432079889292,0.0,1.9992523719465258,1.999263756792011,0.0007476280534741697,0.0,1.0,27.498149256230327,0.03269835489798752,0.03244817094981123,0.03269835489798752,0.03244817094981123,1.0,0.0007476280534741697,0.0007362432079889292,0.0,1.9992523719465258,1.999263756792011,0.0007362432079889292,0.0,1.0,17.628057433001455,0.03269835489798752,0.03244817094981123,0.03269835489798752,0.03244817094981123,1.0,0.0007476280534741697,0.0007362432079889292,0.0,1.9992523719465258,1.999263756792011,0.0007362432079889292,0.0,1.0,26.058435342074457,0.03269835489798752,0.03244817094981123,0.03269835489798752,0.03244817094981123,1.0,0.0007476280534741697,0.0007362432079889292,0.0,1.9992523719465258,1.999263756792011,0.0007362432079889292,0.0,1.0,27.197424958350112,0.03269835489798752,0.03244817094981123,0.03269835489798752,0.03244817094981123,1.0,1.0,341.5592538128027,341.62607824641276,1.0,1.0,319.2510910009464,319.3179154345565,1.0,1.0,367.5133833906656,367.58020782427565,1.0,1.0,1587.601115945466,1587.667940379076,1.0,1.0,1607.5038355861348,1607.5706600197448,1.0,0.0,0.0,0.0,1343.0340096457915,0.0,0.0,2962.09743740689,1.0,275.33214582316964,1.0,1.0,0.0004899855896220625,0.0005047384153705511,0.0,18.0,1.0,1.0,45.70349805794162,0.0,1.0,1.0,1.0,36.0,0.0,0.0,1.0,1.0,1.0,1.0,1.0,1.0,1.0,1.0,1.0,1.0,1.0,0.00032253283476569287,6.0,6.0,1.0,5.0,7.30214241769466,434.23321329260455,1.999510014410378,1.9994952615846293,16.0,16780.142278736574,6703.1797151647725,1.0,3506.753586153703,0.0,0.0,0.0,1.0,0.0,0.0,1.0,0.0,6.0,1.0,1.0,0.00032253283476569287,0.00032253283476569287,1.0,2801.702748960569,-109.89572888820332,2911.5984778487723,2000.0,0.0,0.0,0.0,13.433927342708076,14.01579559124249,4.579072577390389,7.385964391055775,39.41475990239673,452.9269396127554,461.14302154607725,914.0699611588326,0.02646045409115041,0.026861092591788333,0.02646045409115041,0.026861092591788333,0.0,2962.09743740689,231.79475369145436,62.04164849083851,0.0,62.04164849083851,1.0,294.1480758445761,0.0,20.880498354586262,20.844156253102046,7.548007138585553,22.29481899587042,20.880498354586262,20.844156253102046,7.548007138585553,22.29481899587042,71.56748074214428,0.0,0.0,0.0,0.0,0.0,71.56748074214428,0.0,8.191740146585913,0.0,15,2880.0,0.0,1431.3496148428856,3008.406549439939,8.191740146585913,17.717572397891672,161.238867645372,161.238867645372,164.84359333230498,668.7485599989716,640.9990310829874,503.9049666666666,665.1438343120386,424.2972644333944,375.6331981861052,460.48304202881,-109.89572888820332,2911.5984778487723,1.0,460.48304202881,1.0,990.4664356996205,4970.27528136472,240.25282826528718
0.005888882223936298,0.0017051985196382402,0.9934081543261378,265.258396396804,521.281,503.9049666666666,469.1529,6000.0,0.0,0.14285714285714285,1.0,0.0006777691516111073,0.0006867909258949645,0.0,1.999322230848389,1.999313209074105,0.0006777691516111073,0.0,1.0,17.723447133635634,0.03113166152158039,0.03133837537475597,0.03113166152158039,0.03133837537475597,1.0,0.0006777691516111073,0.0006867909258949645,0.0,1.999322230848389,1.999313209074105,0.0006777691516111073,0.0,1.0,21.307063929130145,0.03113166152158039,0.03133837537475597,0.03113166152158039,0.03133837537475597,1.0,0.0006777691516111073,0.0006867909258949645,0.0,1.999322230848389,1.999313209074105,0.0006777691516111073,0.0,1.0,23.41680645711535,0.03113166152158039,0.03133837537475597,0.03113166152158039,0.03133837537475597,1.0,0.0006777691516111073,0.0006867909258949645,0.0,1.999322230848389,1.999313209074105,0.0006867909258949645,0.0,1.0,17.107531742425618,0.03113166152158039,0.03133837537475597,0.03113166152158039,0.03133837537475597,1.0,0.0006777691516111073,0.0006867909258949645,0.0,1.999322230848389,1.999313209074105,0.0006867909258949645,0.0,1.0,24.0596875256688,0.03113166152158039,0.03133837537475597,0.03113166152158039,0.03133837537475597,1.0,0.0006777691516111073,0.0006867909258949645,0.0,1.999322230848389,1.999313209074105,0.0006867909258949645,0.0,1.0,24.650898451681744,0.03113166152158039,0.03133837537475597,0.03113166152158039,0.03133837537475597,1.0,1.0,312.4074741677743,312.41282861562337,1.0,1.0,356.81909283228254,356.8244472801316,1.0,1.0,391.6472701658119,391.652624613661,1.0,1.0,1714.514683225658,1714.520037673507,1.0,1.0,1734.4037189443839,1734.4090733922328,1.0,0.0,0.0,0.0,1446.5198712932872,0.0,0.0,3181.8747181450535,1.0,300.3359499598522,1.0,1.0,0.00047530658325394763,0.0005148101748957905,0.0,18.0,1.0,1.0,46.37910379735967,0.0,1.0,1.0,1.0,36.0,0.0,0.0,1.0,1.0,1.0,1.0,1.0,1.0,1.0,1.0,1.0,1.0,1.0,0.0009748263685698047,6.0,5.0,1.0,5.0,7.959913079074118,367.2791310448067,1.9995246934167463,1.999485189825104,16.0,17620.646815243614,6802.268556946082,1.0,3588.1457165521238,0.0,124.26766310570409,1.0,1.0,0.0,0.0,1.0,0.0,5.0,1.0,1.0,0.0009748263685698047,0.0009748263685698047,1.0,483.2840543252223,-107.35730306856162,590.6413573937839,3305.267209968327,0.0,0.0,0.0,9.266452438395659,9.594563580457477,18.127301977733428,7.3710878028288755,44.35940579941544,454.52671202984976,473.05536391734324,927.582075947193,0.026056541346324142,0.027119002754568685,0.026056541346324142,0.027119002754568685,0.0,3181.8747181450535,232.94653600580168,124.35326695723137,0.0,124.35326695723137,1.0,343.1149283285456,0.0,35.982163182867666,35.009664389042214,12.321225938229494,28.510563701603555,35.982163182867666,35.009664389042214,12.321225938229494,28.510563701603555,111.82361721174293,0.0,0.0,0.0,0.0,0.0,111.82361721174293,0.0,20.72138989207436,0.0,16,3060.0,124.26766310570409,2236.4723442348586,4068.0561066515575,20.72138989207436,8.191740146585913,153.5931934422244,153.5931934422244,161.03595460284242,630.1888546028424,645.504332076814,469.1529,622.7460934422244,426.4055868928873,274.5046813881921,382.0549173297161,-107.35730306856162,590.6413573937839,1.0,382.0549173297161,1.0,910.712408184079,5251.140682880565,255.46899615949746
0.004063252897564484,0.0016551014452974577,0.9846399604505792,269.2846487657307,521.281,503.9049666666666,469.1529,6000.0,0.0,0.14285714285714285,1.0,0.0007400214569808217,0.0007709608092854037,0.0,1.9992599785430192,1.9992290391907146,0.0007400214569808217,0.0,1.0,18.683446545778562,0.032531411030831826,0.03320523137293184,0.032531411030831826,0.03320523137293184,1.0,0.0007400214569808217,0.0007709608092854037,0.0,1.9992599785430192,1.9992290391907146,0.0007400214569808217,0.0,1.0,26.972745936572586,0.032531411030831826,0.03320523137293184,0.032531411030831826,0.03320523137293184,1.0,0.0007400214569808217,0.0007709608092854037,0.0,1.9992599785430192,1.9992290391907146,0.0007400214569808217,0.0,1.0,27.597044791389777,0.032531411030831826,0.03320523137293184,0.032531411030831826,0.03320523137293184,1.0,0.0007400214569808217,0.0007709608092854037,0.0,1.9992599785430192,1.9992290391907146,0.0007709608092854037,0.0,1.0,18.18846434596785,0.032531411030831826,0.03320523137293184,0.032531411030831826,0.03320523137293184,1.0,0.0007400214569808217,0.0007709608092854037,0.0,1.9992599785430192,1.9992290391907146,0.0007709608092854037,0.0,1.0,29.26773783477629,0.032531411030831826,0.03320523137293184,0.032531411030831826,0.03320523137293184,1.0,0.0007400214569808217,0.0007709608092854037,0.0,1.9992599785430192,1.9992290391907146,0.0007709608092854037,0.0,1.0,29.432163013550312,0.032531411030831826,0.03320523137293184,0.032531411030831826,0.03320523137293184,1.0,1.0,306.3014254217748,306.5073189277666,1.0,1.0,421.3196260692796,421.5255195752714,1.0,1.0,411.9739546020692,412.17984810806104,1.0,1.0,1848.3261997906343,1848.532093296626,1.0,1.0,1881.1645596670912,1881.370453173083,1.0,0.0,0.0,0.0,1481.2111083832792,0.0,0.0,3375.4377633692357,1.0,278.0471649748213,1.0,1.0,0.0005646702484697588,0.0005554288276181158,0.0,18.0,1.0,1.0,49.27091232706196,0.0,1.0,1.0,1.0,36.0,26.0,0.0,1.0,1.0,1.0,1.0,1.0,1.0,1.0,1.0,1.0,1.0,1.0,0.0006939491985044988,6.0,5.0,1.0,5.0,9.098583045500288,440.7642855117918,1.9994353297515302,1.9994445711723818,16.0,18825.71198757183,7226.4004746357505,0.9980427141016873,3767.3806168722867,0.0,0.0,1.0,1.0,0.0,0.0,1.0,0.0,5.0,1.0,1.0,0.0006939491985044988,0.0006939491985044988,1.0,1947.1513006791865,-139.597687160177,2086.7489878393635,4000.0,0.0,0.0,0.0,11.152599104662944,13.605010831049224,9.421861581396982,13.217023585024181,47.39649510213333,494.8253527438054,490.59289379743336,985.4182465412388,0.028405670868431085,0.02817787024117495,0.028405670868431085,0.02817787024117495,0.0,3375.4377633692357,233.84981512238986,132.770657397173,0.0,132.770657397173,1.0,343.4067204778325,0.0,30.774470031869985,33.80919089581456,44.684220400438825,37.46934406592293,30.774470031869985,33.80919089581456,44.684220400438825,37.46934406592293,146.7372253940463,0.0,0.0,0.0,0.0,0.0,146.7372253940463,0.0,6.7548218952010775,0.0,17,3240.0,0.0,2934.744507880926,3763.191004926819,6.7548218952010775,20.72138989207436,208.17946499597662,208.17946499597662,209.39653074026552,695.9254640735988,665.67826940604,486.5289333333333,694.70839832931,428.05902749965077,360.2939061471621,458.7767653405268,-139.597687160177,2086.7489878393635,1.0,458.7767653405268,1.0,1047.8897350762882,5551.357270081825,269.9441088289054
0.007545394083524143,0.0013734561699715875,1.0130510909476516,287.7383033472957,521.281,521.281,469.1529,6000.0,0.0,0.21428571428571427,1.0,0.000818337062487462,0.000832308533974091,0.0,1.9991816629375125,1.999167691466026,0.000818337062487462,0.0,1.0,20.998652252159484,0.0342114274073334,0.03450258231894973,0.0342114274073334,0.03450258231894973,1.0,0.000818337062487462,0.000832308533974091,3.3784916236139395,1.9991816629375125,1.999167691466026,0.000818337062487462,1.1368683772161603e-13,0.9769386237295977,70.66340785975333,0.0342114274073334,0.03450258231894973,0.0342114274073334,0.03450258231894973,1.0,0.000818337062487462,0.000832308533974091,3.6370986315641005,1.9991816629375125,1.999167691466026,0.000818337062487462,0.0,1.0,73.5080849472051,0.0342114274073334,0.03450258231894973,0.0342114274073334,0.03450258231894973,1.0,0.000818337062487462,0.000832308533974091,0.0,1.9991816629375125,1.999167691466026,0.000832308533974091,0.0,1.0,19.912132578035322,0.0342114274073334,0.03450258231894973,0.0342114274073334,0.03450258231894973,1.0,0.000818337062487462,0.000832308533974091,0.28113672031787473,1.9991816629375125,1.999167691466026,0.000832308533974091,0.0,0.998080978018308,36.59250392349662,0.0342114274073334,0.03450258231894973,0.0342114274073334,0.03450258231894973,1.0,0.000818337062487462,0.000832308533974091,1.777536477916442,1.9991816629375125,1.999167691466026,0.000832308533974091,0.0,1.0,53.05290125708086,0.0342114274073334,0.03450258231894973,0.0342114274073334,0.03450258231894973,1.0,1.0,337.29405281404433,337.4028722989725,1.0,1.0,404.50657784693595,404.61539733186413,1.0,1.0,429.71952571516204,429.8283452000902,1.0,1.0,1965.0514573357193,1965.1602768206474,1.0,1.0,1954.6054288223656,1954.7142483072937,1.0,0.0,0.0,0.0,1594.6870545852673,0.0,0.0,3612.8390428909906,1.0,305.69199491917,1.0,1.0,0.0005638684125166918,0.0005428911042460646,0.0,18.0,1.0,1.0,48.312786037273824,0.0,1.0,1.0,1.0,36.0,40.0,0.0,1.0,1.0,1.0,1.0,1.0,1.0,1.0,1.0,1.0,1.0,1.0,0.0002940744004810383,6.0,6.0,1.0,5.0,9.58077137540351,361.15895802314304,1.9994361315874833,1.9994571088957538,16.0,19474.123165707693,7085.875285466824,0.9972145479887007,3658.84061881042,0.0,276.6882882612392,0.0,1.0,0.0,0.0,1.0,0.0,6.0,1.0,1.0,0.0002940744004810383,0.0002940744004810383,1.0,289.79874399685195,-80.44865529586279,370.24739929271476,2000.0,0.0,0.0,0.0,3.843021138339525,10.6757948050094,11.34890904115287,19.519786998109634,45.38751198261143,489.61879316076283,476.6369275847132,966.2557207454761,0.02839235333208377,0.027853283800038788,0.02839235333208377,0.027853283800038788,0.0,3612.8390428909906,234.4990220250944,104.67994562705692,0.0,104.67994562705692,1.0,346.66902082330046,0.0,21.627741022547475,19.685027826547206,26.55111849228036,18.301698245563003,21.627741022547475,19.685027826547206,26.55111849228036,18.301698245563003,86.16558558693805,0.0,0.0,0.0,0.0,0.0,86.16558558693805,0.0,25.269181935319942,0.0,18,3420.0,276.6882882612392,1723.3117117387608,4044.08183073146,25.269181935319942,6.7548218952010775,124.36981861385198,124.36981861385198,120.67298294379418,641.9539829437941,673.7127775168382,521.281,645.6508186138519,429.2473922425193,278.95355768634056,408.86851634618245,-80.44865529586279,370.24739929271476,1.0,408.86851634618245,1.0,949.1398398723087,5853.176916090109,285.2748550893348
0.006745935801156205,0.0012016932825299476,1.011573836113329,351.91915100625863,521.281,503.9049666666666,469.1529,6000.0,0.0,0.2857142857142857,1.0,0.0008041827020535131,0.0007521343951137904,0.0,1.9991958172979465,1.9992478656048862,0.0008041827020535131,0.0,1.0,21.13017311108659,0.03391392446494699,0.0327968575674839,0.03391392446494699,0.0327968575674839,1.0,0.0008041827020535131,0.0007521343951137904,0.473517650104057,1.9991958172979465,1.9992478656048862,0.0008041827020535131,1.1368683772161603e-13,0.9967677976102113,38.70869415114463,0.03391392446494699,0.0327968575674839,0.03391392446494699,0.0327968575674839,1.0,0.0008041827020535131,0.0007521343951137904,3.4808219840114134,1.9991958172979465,1.9992478656048862,0.0008041827020535131,0.0,1.0,71.78904182412555,0.03391392446494699,0.0327968575674839,0.03391392446494699,0.0327968575674839,1.0,0.0008041827020535131,0.0007521343951137904,0.0,1.9991958172979465,1.9992478656048862,0.0007521343951137904,0.0,1.0,18.555892899273267,0.03391392446494699,0.0327968575674839,0.03391392446494699,0.0327968575674839,1.0,0.0008041827020535131,0.0007521343951137904,0.0,1.9991958172979465,1.9992478656048862,0.0007521343951137904,0.0,1.0,27.291298992736046,0.03391392446494699,0.0327968575674839,0.03391392446494699,0.0327968575674839,1.0,0.0008041827020535131,0.0007521343951137904,0.0,1.9991958172979465,1.9992478656048862,0.0007521343951137904,0.0,1.0,28.127342028852595,0.03391392446494699,0.0327968575674839,0.03391392446494699,0.0327968575674839,1.0,1.0,347.61725270069496,347.6870651706268,1.0,1.0,392.2133358032597,392.28314827319156,1.0,1.0,493.4270678826529,493.49688035258475,1.0,1.0,2102.4396682299393,2102.5094806998713,1.0,1.0,2108.6110751273804,2108.6808875973124,1.0,0.0,0.0,0.0,1782.9735906096703,0.0,0.0,3859.2378904327334,1.0,280.85375848479794,1.0,1.0,0.0005377231225861534,0.0005005426732908664,0.0,18.0,1.0,1.0,46.83253689245728,0.0,1.0,1.0,1.0,36.0,33.0,0.0,1.0,1.0,1.0,1.0,1.0,1.0,1.0,1.0,1.0,1.0,1.0,0.0009621191107187884,6.0,5.0,1.0,5.0,9.614883310255014,290.7391699685136,1.999462276877414,1.999499457326709,16.0,20455.767716965496,6868.772077560398,0.9981335474701533,3574.3201136762937,0.0,0.0,0.0,1.0,0.0,0.0,1.0,0.0,5.0,1.0,1.0,0.0009621191107187884,0.0009621191107187884,1.0,303.5166758122823,-34.101883219818774,337.6185590321011,1913.4812079991166,0.0,0.0,0.0,23.395961668631163,3.4965909252297767,13.037253499761515,9.132545441613166,49.06235153523562,477.46975352219175,459.18098432695336,936.6507378491452,0.027724502058645024,0.026746120780703913,0.027724502058645024,0.026746120780703913,0.0,3859.2378904327334,234.89015413747694,88.24443238365623,0.0,88.24443238365623,1.0,275.5633361778995,0.0,14.358005764095342,20.281206048009977,33.479717609898074,15.972220530155946,14.358005764095342,20.281206048009977,33.479717609898074,15.972220530155946,84.09114995215933,0.0,0.0,0.0,0.0,0.0,84.09114995215933,0.0,29.42246436681683,0.0,19,3600.0,0.0,1681.8229990431867,4377.076409821851,29.42246436681683,25.269181935319942,49.72360199343382,49.72360199343382,51.15282482972816,555.0577914963948,598.222270111439,503.9049666666666,553.6285686601004,429.96335445768176,207.07556552844642,330.20220141477296,-34.101883219818774,337.6185590321011,1.0,330.20220141477296,1.0,761.5836731217262,6195.840049702505,301.1562832642209
0.00729852798996683,0.0010599369971871497,1.0261235148403307,344.8215362674569,521.281,503.9049666666666,469.1529,6000.0,0.0,0.2857142857142857,1.0,0.0007725667745894782,0.0006930259746009693,0.0,1.9992274332254105,1.999306974025399,0.0007725667745894782,0.0,1.0,24.30659569592597,0.03323983599146321,0.03148044751662695,0.03323983599146321,0.03148044751662695,1.0,0.0007725667745894782,0.0006930259746009693,0.9338089176626028,1.9992274332254105,1.999306974025399,0.0007725667745894782,0.0,0.9936258776951359,43.77189809428863,0.03323983599146321,0.03148044751662695,0.03323983599146321,0.03148044751662695,1.0,0.0007725667745894782,0.0006930259746009693,1.8897021628993969,1.9992274332254105,1.999306974025399,0.0007725667745894782,0.0,1.0,54.286723791893365,0.03323983599146321,0.03148044751662695,0.03323983599146321,0.03148044751662695,1.0,0.0007725667745894782,0.0006930259746009693,0.0,1.9992274332254105,1.999306974025399,0.0006930259746009693,0.0,1.0,17.38221710244424,0.03323983599146321,0.03148044751662695,0.03323983599146321,0.03148044751662695,1.0,0.0007725667745894782,0.0006930259746009693,0.0,1.9992274332254105,1.999306974025399,0.0006930259746009693,0.0,1.0,22.92339568404371,0.03323983599146321,0.03148044751662695,0.03323983599146321,0.03148044751662695,1.0,0.0007725667745894782,0.0006930259746009693,0.0,1.9992274332254105,1.999306974025399,0.0006930259746009693,0.0,1.0,24.456835244417643,0.03323983599146321,0.03148044751662695,0.03323983599146321,0.03148044751662695,1.0,1.0,399.0766264290568,399.53356082028444,1.0,1.0,409.42101542932755,409.8779498205552,1.0,1.0,525.5721653613331,526.0290997525608,1.0,1.0,2234.6201238881617,2235.0770582793893,1.0,1.0,2296.947917179852,2297.4048515710797,1.0,0.0,0.0,0.0,1827.603071326408,0.0,0.0,4095.5326161197854,1.0,236.81064874270936,1.0,1.0,0.0005371518639510661,0.00044629060077525405,0.0,18.0,1.0,1.0,45.619367952308124,0.0,1.0,1.0,1.0,36.0,36.0,0.0,1.0,1.0,1.0,1.0,1.0,1.0,1.0,1.0,1.0,1.0,1.0,0.0008576494081036113,6.0,5.0,1.0,5.0,9.821168895186664,442.9589399758851,1.999462848136049,1.9995537093992246,16.0,21766.431114710183,6690.84063300519,0.9941614329661077,3531.9302962469196,0.0,263.0117015122698,0.0,1.0,0.0,0.0,1.0,0.0,5.0,1.0,1.0,0.0008576494081036113,0.0008576494081036113,1.0,2949.458808446292,-117.7981934228493,3067.2570018691413,2000.0,0.0,0.0,0.0,9.976393873603353,19.285038283875952,14.626780043891342,13.497708491254098,57.38592069262475,478.8342469585249,433.55311208763726,912.3873590461621,0.02771189455600576,0.02525486228686186,0.02771189455600576,0.02525486228686186,0.0,4095.5326161197854,235.02079999999998,97.84318027720596,0.0,97.84318027720596,1.0,295.4859995535704,0.0,26.102290692470397,18.164709207756594,23.897017379009274,14.526980365036726,26.102290692470397,18.164709207756594,23.897017379009274,14.526980365036726,82.690997644273,0.0,0.0,0.0,0.0,0.0,82.690997644273,0.0,44.57464699974982,0.0,20,3780.0,263.0117015122698,1653.8199528854598,5131.318601072833,44.57464699974982,29.42246436681683,179.77962257513394,179.77962257513394,176.69729013427394,645.8501901342739,605.7599963747937,469.1529,648.9325225751339,430.2025,344.27714229470445,443.5671488001883,-117.7981934228493,3067.2570018691413,1.0,443.5671488001883,1.0,930.586105165817,6572.068210021327,319.34877973112407
0.005423707614291673,0.0008509774431115225,0.9963168835681847,327.9379014144243,521.281,503.9049666666666,469.1529,6000.0,0.0,0.42857142857142855,1.0,0.0007721367474040619,0.0006377480995112261,0.0,1.999227863252596,1.9993622519004888,0.0007721367474040619,0.0,1.0,24.841238715500573,0.03323057347607694,0.030197678213296324,0.03323057347607694,0.030197678213296324,1.0,0.0007721367474040619,0.0006377480995112261,2.50193355644182,1.999227863252596,1.9993622519004888,0.0007721367474040619,0.0,0.9829219552461309,61.02126912086002,0.03323057347607694,0.030197678213296324,0.03323057347607694,0.030197678213296324,1.0,0.0007721367474040619,0.0006377480995112261,3.512029860779265,1.999227863252596,1.9993622519004888,0.0007721367474040619,0.0,1.0,72.13232846857191,0.03323057347607694,0.030197678213296324,0.03323057347607694,0.030197678213296324,1.0,0.0007721367474040619,0.0006377480995112261,0.0,1.999227863252596,1.9993622519004888,0.0006377480995112261,0.0,1.0,17.008677901549817,0.03323057347607694,0.030197678213296324,0.03323057347607694,0.030197678213296324,1.0,0.0007721367474040619,0.0006377480995112261,0.0,1.999227863252596,1.9993622519004888,0.0006377480995112261,0.0,1.0,22.670621780668885,0.03323057347607694,0.030197678213296324,0.03323057347607694,0.030197678213296324,1.0,0.0007721367474040619,0.0006377480995112261,0.0,1.999227863252596,1.9993622519004888,0.0006377480995112261,0.0,1.0,23.069405036516713,0.03323057347607694,0.030197678213296324,0.03323057347607694,0.030197678213296324,1.0,1.0,414.42455907749485,414.46659610756404,1.0,1.0,402.8581080091051,402.9001450391743,1.0,1.0,557.4476416728188,557.489678702888,1.0,1.0,2338.768692297169,2338.810729327238,1.0,1.0,2413.7735831735713,2413.8156202036403,1.0,0.0,0.0,0.0,1879.0444570619502,0.0,0.0,4344.425491565566,1.0,296.44665117849934,1.0,1.0,0.0005331814845747074,0.0004686413299774446,0.0,18.0,1.0,1.0,46.392691834051966,0.0,1.0,1.0,1.0,36.0,36.0,0.0,1.0,1.0,1.0,1.0,1.0,1.0,1.0,1.0,1.0,1.0,1.0,0.00022461666053397853,6.0,6.0,1.0,5.0,10.416698801999443,418.8474009612425,1.9994668185154252,1.9995313586700227,16.0,22837.251856378043,6804.261468994289,0.9886905356443053,3586.9047875685783,0.0,0.0,0.0,1.0,0.0,0.0,1.0,0.0,6.0,1.0,1.0,0.00022461666053397853,0.00022461666053397853,1.0,2162.365893415129,-127.68608538702593,2290.0519788021547,2000.0,0.0,0.0,0.0,13.936059505429581,9.671736757173925,9.293810342710302,7.423825633789862,40.32543223910367,476.4794638829375,451.3743727981019,927.8538366810394,0.027609153654868206,0.025878806215398557,0.027609153654868206,0.025878806215398557,0.0,4344.425491565566,234.89015413747694,89.25985593850893,0.0,89.25985593850893,1.0,310.7291062904861,0.0,24.314372787507004,17.413744289150422,25.685627168209567,31.336497993169598,24.314372787507004,17.413744289150422,25.685627168209567,31.336497993169598,98.75024223803659,0.0,0.0,0.0,0.0,0.0,98.75024223803659,0.0,35.08426070022215,0.0,21,3960.0,0.0,1975.0048447607317,5543.562806329093,35.08426070022215,44.57464699974982,187.5395900011893,187.5395900011893,191.5291280805389,678.0580614138722,669.2653046713912,486.5289333333333,674.0685233345226,429.96335445768176,339.52308499268264,442.51564691180863,-127.68608538702593,2290.0519788021547,1.0,442.51564691180863,1.0,967.9862731922291,6897.538471962038,336.74858130228574
0.004954909900951793,0.0008002136661308112,1.0141606232288245,348.91125844526624,521.281,503.9049666666666,469.1529,6000.0,0.0,0.42857142857142855,1.0,0.0007611515251415568,0.000708540079714215,0.0,1.9992388484748584,1.9992914599202858,0.0007611515251415568,0.0,1.0,25.49506851562255,0.032993080924826876,0.031831211849103154,0.032993080924826876,0.031831211849103154,1.0,0.0007611515251415568,0.000708540079714215,4.340783291829936,1.9992388484748584,1.9992914599202858,0.0007611515251415568,5.684341886080802e-14,0.9703700799192495,81.2486162101293,0.032993080924826876,0.031831211849103154,0.032993080924826876,0.031831211849103154,1.0,0.0007611515251415568,0.000708540079714215,5.641106799656271,1.9992388484748584,1.9992914599202858,0.0007611515251415568,0.0,1.0,95.55217479621898,0.032993080924826876,0.031831211849103154,0.032993080924826876,0.031831211849103154,1.0,0.0007611515251415568,0.000708540079714215,0.0,1.9992388484748584,1.9992914599202858,0.000708540079714215,0.0,1.0,17.68817103056124,0.032993080924826876,0.031831211849103154,0.032993080924826876,0.031831211849103154,1.0,0.0007611515251415568,0.000708540079714215,0.0,1.9992388484748584,1.9992914599202858,0.000708540079714215,0.0,1.0,25.481322353381998,0.032993080924826876,0.031831211849103154,0.032993080924826876,0.031831211849103154,1.0,0.0007611515251415568,0.000708540079714215,0.0,1.9992388484748584,1.9992914599202858,0.000708540079714215,0.0,1.0,26.1194606803732,0.032993080924826876,0.031831211849103154,0.032993080924826876,0.031831211849103154,1.0,1.0,431.10994556709153,431.1319497611553,1.0,1.0,441.71075799532804,441.7327621893918,1.0,1.0,588.0167352193049,588.0387394133686,1.0,1.0,2469.3852564424747,2469.4072606365385,1.0,1.0,2524.3258976570664,2524.3479018511302,1.0,0.0,0.0,0.0,2027.5677852534986,0.0,0.0,4608.803999068508,1.0,306.012446881118,1.0,1.0,0.0005161014723503104,0.0004407368593804713,0.0,18.0,1.0,1.0,44.516477599946434,0.0,1.0,1.0,1.0,36.0,20.0,0.0,1.0,1.0,1.0,1.0,1.0,1.0,1.0,1.0,1.0,1.0,1.0,0.00035573224661552806,6.0,6.0,1.0,5.0,9.86204370088253,326.99020569665583,1.9994838985276497,1.9995592631406194,16.0,23754.39660754481,6529.083381325475,0.9973148868017003,3434.4485275494108,0.0,124.74863106814473,0.0,1.0,0.0,0.0,1.0,0.0,6.0,1.0,1.0,0.00035573224661552806,0.00035573224661552806,1.0,875.520226471428,-66.82646162727504,942.3466880987031,936.9910412395956,0.0,0.0,0.0,9.822880972156241,9.501597341402924,12.226025803951337,14.715637528174616,46.26614164568512,467.00677731249084,423.32277468643747,890.3295519989283,0.027162529553158895,0.025070237093652584,0.027162529553158895,0.025070237093652584,0.0,4608.803999068508,234.4990220250944,58.14667495488168,0.0,58.14667495488168,1.0,283.2141943730844,0.0,9.137002817730801,7.667815960202834,14.289474027590272,9.517827703048642,9.137002817730801,7.667815960202834,14.289474027590272,9.517827703048642,40.61212050857255,0.0,0.0,0.0,0.0,0.0,40.61212050857255,0.0,52.61881514653129,0.0,22,4140.0,124.74863106814473,812.242410171451,4110.515417614111,52.61881514653129,35.08426070022215,101.58847190693893,101.58847190693893,100.23969244091256,604.1446591075792,640.3316449445813,503.9049666666666,605.4934385736055,429.2473922425193,251.36615037603192,375.74047151768013,-66.82646162727504,942.3466880987031,1.0,375.74047151768013,1.0,834.6940609851558,7241.865222895612,353.6707434408572
0.0041011787711460745,0.0009762718009879712,1.0011526861584772,357.25568270369945,521.281,503.9049666666666,469.1529,6000.0,0.0,0.42857142857142855,1.0,0.0007226789458827376,0.0005456619548098729,0.0,1.9992773210541173,1.9994543380451901,0.0007226789458827376,0.0,1.0,22.977640105899418,0.032147563052523156,0.027930724256204797,0.032147563052523156,0.027930724256204797,1.0,0.0007226789458827376,0.0005456619548098729,0.0,1.9992773210541173,1.9994543380451901,0.0007226789458827376,0.0,1.0,29.9443051723294,0.032147563052523156,0.027930724256204797,0.032147563052523156,0.027930724256204797,1.0,0.0007226789458827376,0.0005456619548098729,0.0,1.9992773210541173,1.9994543380451901,0.0007226789458827376,0.0,1.0,31.29228910960234,0.032147563052523156,0.027930724256204797,0.032147563052523156,0.027930724256204797,1.0,0.0007226789458827376,0.0005456619548098729,0.0,1.9992773210541173,1.9994543380451901,0.0005456619548098729,0.0,1.0,16.33330878008957,0.032147563052523156,0.027930724256204797,0.032147563052523156,0.027930724256204797,1.0,0.0007226789458827376,0.0005456619548098729,0.0,1.9992773210541173,1.9994543380451901,0.0005456619548098729,0.0,1.0,19.406391108052887,0.032147563052523156,0.027930724256204797,0.032147563052523156,0.027930724256204797,1.0,0.0007226789458827376,0.0005456619548098729,0.0,1.9992773210541173,1.9994543380451901,0.0005456619548098729,0.0,1.0,19.966280304019655,0.032147563052523156,0.027930724256204797,0.032147563052523156,0.027930724256204797,1.0,1.0,456.8507766706925,456.91049638651424,1.0,1.0,498.3301290330979,498.38984874891963,1.0,1.0,610.9463761991896,611.0060959150113,1.0,1.0,2613.981481249112,2614.041200964934,1.0,1.0,2686.01598822584,2686.0757079416617,1.0,0.0,0.0,0.0,2083.7287016253376,0.0,0.0,4825.308335959578,1.0,257.50943163010635,1.0,1.0,0.000557503215236325,0.0004675818558301175,0.0,18.0,1.0,1.0,47.52130559904093,0.0,1.0,1.0,1.0,36.0,33.0,0.0,1.0,1.0,1.0,1.0,1.0,1.0,1.0,1.0,1.0,1.0,1.0,0.000988891874506729,6.0,5.0,1.0,5.0,10.422070274451306,421.25334130931634,1.9994424967847637,1.9995324181441698,16.0,25044.896599417116,6969.791487859333,0.9875892895619864,3696.640553194255,0.0,0.0,0.0,1.0,0.0,0.0,1.0,0.0,5.0,1.0,1.0,0.000988891874506729,0.000988891874506729,1.0,2356.231356668686,-133.95041741513162,2490.181774083818,3088.367824097949,0.0,0.0,0.0,14.03577574106786,15.616696270791621,11.512772739153876,8.189985430491756,49.355230181505114,491.7171457316576,458.7089662491605,950.426111980818,0.02821675669249063,0.02579011337932036,0.02821675669249063,0.02579011337932036,0.0,4825.308335959578,233.84981512238986,116.33249368209165,0.0,116.33249368209165,1.0,303.44177347588203,0.0,42.22599098877134,33.95603532032195,34.965994143675104,34.44738259744967,42.22599098877134,33.95603532032195,34.965994143675104,34.44738259744967,145.59540305021807,0.0,0.0,0.0,0.0,0.0,145.59540305021807,0.0,23.355905778404896,0.0,23,4320.0,0.0,2911.9080610043616,5456.613876569016,23.355905778404896,52.61881514653128,198.95688948954643,198.95688948954643,200.92562612269745,670.0785261226974,638.108926526142,469.1529,668.1097894895464,428.05902749965077,329.2496056242775,426.28079425955707,-133.95041741513162,2490.181774083818,1.0,426.28079425955707,1.0,933.4379051636214,7577.146827074462,370.2605804871755
0.005515564883220525,0.0009407115834778601,1.0160814354182548,396.4598237254582,521.281,503.9049666666666,469.1529,6000.0,0.0,0.42857142857142855,1.0,0.0008037643722309529,0.0007669395947293989,0.0,1.999196235627769,1.9992330604052706,0.0008037643722309529,0.0,1.0,23.55053572067042,0.03390509228215706,0.03311842613479096,0.03390509228215706,0.03311842613479096,1.0,0.0008037643722309529,0.0007669395947293989,8.666819425818936,1.999196235627769,1.9992330604052706,0.0008037643722309529,1.1368683772161603e-13,0.9408408230319526,128.8350136840083,0.03390509228215706,0.03311842613479096,0.03390509228215706,0.03311842613479096,1.0,0.0008037643722309529,0.0007669395947293989,9.787084507305366,1.999196235627769,1.9992330604052706,0.0008037643722309529,0.0,1.0,141.15792958035902,0.03390509228215706,0.03311842613479096,0.03390509228215706,0.03311842613479096,1.0,0.0008037643722309529,0.0007669395947293989,0.0,1.999196235627769,1.9992330604052706,0.0007669395947293989,0.0,1.0,18.38811774243049,0.03390509228215706,0.03311842613479096,0.03390509228215706,0.03311842613479096,1.0,0.0008037643722309529,0.0007669395947293989,0.0,1.999196235627769,1.9992330604052706,0.0007669395947293989,0.0,1.0,29.925500842558712,0.03390509228215706,0.03311842613479096,0.03390509228215706,0.03311842613479096,1.0,0.0008037643722309529,0.0007669395947293989,0.0,1.999196235627769,1.9992330604052706,0.0007669395947293989,0.0,1.0,29.88650751430387,0.03390509228215706,0.03311842613479096,0.03390509228215706,0.03311842613479096,1.0,1.0,472.0254225974984,472.15596114607126,1.0,1.0,517.1397527430556,517.2702912916285,1.0,1.0,628.4709103931663,628.6014489417391,1.0,1.0,2715.9496513703816,2716.0801899189546,1.0,1.0,2815.3382994010444,2815.4688379496174,1.0,0.0,0.0,0.0,2207.323372552245,0.0,0.0,5088.242572159983,1.0,265.20354308520155,1.0,1.0,0.000495763977017252,0.0005274503102992897,0.0,18.0,1.0,1.0,46.09742463300543,0.0,1.0,1.0,1.0,36.0,36.0,0.0,1.0,1.0,1.0,1.0,1.0,1.0,1.0,1.0,1.0,1.0,1.0,0.00024232896909598474,6.0,7.0,1.0,5.0,9.957373133962857,345.5732358510007,1.9995042360229829,1.9994725496897006,16.0,25969.998971047928,6760.955612840801,0.9747819426371274,3529.0418249314102,0.0,0.0,0.0,1.0,0.0,0.0,1.0,0.0,7.0,1.0,1.0,0.00024232896909598474,0.00024232896909598474,1.0,1411.537757282873,-111.60167822541253,1523.1394355082855,1833.7180677673812,0.0,0.0,0.0,7.815641914429457,5.9259024424663815,14.43863493918879,14.582140588936607,42.762319885021235,453.5316561597311,468.41683650037817,921.9484926601092,0.026611325015838565,0.027456656288344747,0.026611325015838565,0.027456656288344747,0.0,5088.242572159983,232.94653600580168,67.56874214098752,0.0,67.56874214098752,1.0,274.996347986857,0.0,24.457511038391115,29.36476790709392,16.488212301224095,7.825086321722816,24.457511038391115,29.36476790709392,16.488212301224095,7.825086321722816,78.13557756843194,0.0,0.0,0.0,0.0,0.0,78.13557756843194,0.0,12.789070350960491,0.0,24,4500.0,0.0,1562.7115513686388,3910.853229546355,12.789070350960491,23.355905778404896,167.9789340471031,167.9789340471031,167.4025173381188,653.9314506714521,660.3469055453947,486.5289333333333,654.5078673804364,426.4055868928873,269.8765094651993,397.3868837251722,-111.60167822541253,1523.1394355082855,1.0,397.3868837251722,1.0,848.7709367790483,7950.073812092664,388.42221861593373
0.005815599797527021,0.0009034630789496179,1.0144514389138655,412.2833686792047,521.281,503.9049666666666,469.1529,6000.0,0.0,0.42857142857142855,1.0,0.0006774073118251955,0.0006857334648133762,0.0,1.9993225926881748,1.9993142665351866,0.0006774073118251955,0.0,1.0,26.59500973882534,0.031123342244127983,0.03131421633378899,0.031123342244127983,0.03131421633378899,1.0,0.0006774073118251955,0.0006857334648133762,8.358032705599868,1.9993225926881748,1.9993142665351866,0.0006774073118251955,1.1368683772161603e-13,0.9429485822143354,125.43835976159855,0.031123342244127983,0.03131421633378899,0.031123342244127983,0.03131421633378899,1.0,0.0006774073118251955,0.0006857334648133762,10.911049023903558,1.9993225926881748,1.9993142665351866,0.0006774073118251955,0.0,1.0,153.52153926293914,0.031123342244127983,0.03131421633378899,0.031123342244127983,0.03131421633378899,1.0,0.0006774073118251955,0.0006857334648133762,0.0,1.9993225926881748,1.9993142665351866,0.0006857334648133762,0.0,1.0,16.88797109421043,0.031123342244127983,0.03131421633378899,0.031123342244127983,0.03131421633378899,1.0,0.0006774073118251955,0.0006857334648133762,0.0,1.9993225926881748,1.9993142665351866,0.0006857334648133762,0.0,1.0,23.797030644113175,0.031123342244127983,0.03131421633378899,0.031123342244127983,0.03131421633378899,1.0,0.0006774073118251955,0.0006857334648133762,0.0,1.9993225926881748,1.9993142665351866,0.0006857334648133762,0.0,1.0,24.183690760212645,0.031123342244127983,0.03131421633378899,0.031123342244127983,0.03131421633378899,1.0,1.0,471.2171142276311,471.36691174384487,1.0,1.0,536.3166649579603,536.466462474174,1.0,1.0,682.6994301535382,682.8492276697519,1.0,1.0,2867.3557875150777,2867.5055850312915,1.0,1.0,2995.0979315132845,2995.2477290294983,1.0,0.0,0.0,0.0,2358.2788836296663,0.0,0.0,5344.116562205085,1.0,282.11876418058375,1.0,1.0,0.0004662184724712039,0.00042414222106538596,0.0,18.0,1.0,1.0,43.27182619451241,0.0,1.0,1.0,1.0,36.0,36.0,0.0,1.0,1.0,1.0,1.0,1.0,1.0,1.0,1.0,1.0,1.0,1.0,0.0004559763180408432,6.0,6.0,1.0,5.0,9.221194752412986,312.5053418236402,1.999533781527529,1.9995758577789349,16.0,26913.10651331426,6346.534508528487,0.977643385705047,3361.338099977317,0.0,79.48222885243848,0.0,1.0,0.0,0.0,1.0,0.0,6.0,1.0,1.0,0.0004559763180408432,0.0004559763180408432,1.0,1197.3871098746913,-82.69881971734817,1280.0859295920395,1234.717032686881,0.0,0.0,0.0,13.595539101532376,11.76845045311647,6.961589402031798,6.838009510987224,39.163588467667864,446.8016816094423,418.6348422808059,865.4365238902483,0.025815077312104844,0.024611532707108676,0.025815077312104844,0.024611532707108676,0.0,5344.116562205085,231.79475369145436,56.978311738482866,0.0,56.978311738482866,1.0,252.63598632990562,0.0,16.297762051133418,13.156323668798466,14.571122193375867,8.821769684554079,16.297762051133418,13.156323668798466,14.571122193375867,8.821769684554079,52.84697759786183,0.0,0.0,0.0,0.0,0.0,52.84697759786183,0.0,16.920404491581532,0.0,25,4680.0,79.48222885243848,1056.9395519572365,3970.8858016240606,16.920404491581532,12.789070350960491,121.47937469588186,121.47937469588186,124.04822957602227,610.5771629093556,633.6201384901625,486.5289333333333,608.0083080292152,424.2972644333944,246.87763568524514,353.61635812192316,-82.69881971734817,1280.0859295920395,1.0,353.61635812192316,1.0,764.4966951646883,8310.403753863966,406.8279816477636
0.005192008773101858,0.0009125257479569715,1.003761645164874,453.81569829879743,521.281,503.9049666666666,469.1529,6000.0,0.0,0.42857142857142855,1.0,0.0006864785157323361,0.0005521903707621512,0.0,1.9993135214842677,1.9994478096292378,0.0006864785157323361,0.0,1.0,28.203323813088932,0.03133123989915063,0.028097443228336752,0.03133123989915063,0.028097443228336752,1.0,0.0006864785157323361,0.0005521903707621512,5.520393721289842,1.9993135214842677,1.9994478096292378,0.0006864785157323361,0.0,0.9623181315952911,94.22433093418826,0.03133123989915063,0.028097443228336752,0.03133123989915063,0.028097443228336752,1.0,0.0006864785157323361,0.0005521903707621512,7.97747855348112,1.9993135214842677,1.9994478096292378,0.0006864785157323361,0.0,1.0,121.25226408829232,0.03133123989915063,0.028097443228336752,0.03133123989915063,0.028097443228336752,1.0,0.0006864785157323361,0.0005521903707621512,0.0,1.9993135214842677,1.9994478096292378,0.0005521903707621512,0.0,1.0,16.19333759234743,0.03133123989915063,0.028097443228336752,0.03133123989915063,0.028097443228336752,1.0,0.0006864785157323361,0.0005521903707621512,0.0,1.9993135214842677,1.9994478096292378,0.0005521903707621512,0.0,1.0,20.002126056375158,0.03133123989915063,0.028097443228336752,0.03133123989915063,0.028097443228336752,1.0,0.0006864785157323361,0.0005521903707621512,0.0,1.9993135214842677,1.9994478096292378,0.0005521903707621512,0.0,1.0,20.157339235111223,0.03133123989915063,0.028097443228336752,0.03133123989915063,0.028097443228336752,1.0,1.0,519.5686867467869,519.609809459409,1.0,1.0,555.8893717629337,555.9304944755559,1.0,1.0,747.2490603059331,747.2901830185552,1.0,1.0,2990.482153811294,2990.523276523916,1.0,1.0,3143.5981231150954,3143.6392458277173,1.0,0.0,0.0,0.0,2473.976792135543,0.0,0.0,5584.963193461652,1.0,254.0733080124262,1.0,1.0,0.0004946226480347556,0.0003753079176710293,0.0,18.0,1.0,1.0,43.071840557009196,0.0,1.0,1.0,1.0,36.0,30.0,0.0,1.0,1.0,1.0,1.0,1.0,1.0,1.0,1.0,1.0,1.0,1.0,0.0006562400044295224,6.0,5.0,1.0,5.0,9.650688113303664,352.7733613669585,1.9995053773519653,1.999624692082329,16.0,28071.59499325011,6317.203281694684,0.9922836766693237,3363.156009305192,0.10542745840280077,0.0,0.0,1.0,0.0,0.0,1.0,0.0,5.0,1.0,1.0,0.0006562400044295224,0.0006562400044295224,1.0,1799.5262752476146,-91.71138621331113,1891.2376614609257,905.2945622715042,0.0,0.0,0.0,10.904511153179714,11.378045981408308,15.609736240170829,8.83191786784994,46.72421124260879,461.9349877147954,399.50182342538875,861.4368111401841,0.026590129573007677,0.023161052494647123,0.026590129573007677,0.023161052494647123,0.0,5584.963193461652,230.40156930032236,85.61340888791462,0.0,85.61340888791462,1.0,262.79704760457776,0.0,9.345846362574736,9.590920268611864,13.289153380672941,13.044079474635815,9.345846362574736,9.590920268611864,13.289153380672941,13.044079474635815,45.26999948649536,0.0,0.0,0.0,0.0,0.0,45.26999948649536,0.0,57.26381389300076,0.0,26,4860.0,0.10542745840280077,905.399989729907,5682.852131419777,57.26381389300076,16.920404491581532,137.81059494427217,137.81059494427217,137.5670793199667,606.7199793199667,610.0541921422299,469.1529,606.9634949442722,421.747058630223,253.12586256593943,324.7838840303456,-91.71138621331113,1891.2376614609257,1.0,324.7838840303456,1.0,769.5808658072059,8665.903480541467,424.71924087609
0.005678479622061139,0.0008878533345130779,1.0088930118085446,460.51508449785314,521.281,503.9049666666666,469.1529,6000.0,0.0,0.42857142857142855,1.0,0.0007317590231776805,0.0005350865911877278,0.0,1.9992682409768223,1.9994649134088123,0.0007317590231776805,0.0,1.0,23.331951678781593,0.0323491013349886,0.027658530943807828,0.0323491013349886,0.027658530943807828,1.0,0.0007317590231776805,0.0005350865911877278,0.0,1.9992682409768223,1.9994649134088123,0.0007317590231776805,0.0,1.0,31.31489719794125,0.0323491013349886,0.027658530943807828,0.0323491013349886,0.027658530943807828,1.0,0.0007317590231776805,0.0005350865911877278,0.9430706884877225,1.9992682409768223,1.9994649134088123,0.0007317590231776805,0.0,1.0,43.87377757336495,0.0323491013349886,0.027658530943807828,0.0323491013349886,0.027658530943807828,1.0,0.0007317590231776805,0.0005350865911877278,0.0,1.9992682409768223,1.9994649134088123,0.0005350865911877278,0.0,1.0,16.0750474234862,0.0323491013349886,0.027658530943807828,0.0323491013349886,0.027658530943807828,1.0,0.0007317590231776805,0.0005350865911877278,0.0,1.9992682409768223,1.9994649134088123,0.0005350865911877278,0.0,1.0,19.545811744084236,0.0323491013349886,0.027658530943807828,0.0323491013349886,0.027658530943807828,1.0,0.0007317590231776805,0.0005350865911877278,0.0,1.9992682409768223,1.9994649134088123,0.0005350865911877278,0.0,1.0,19.98174633177103,0.0323491013349886,0.027658530943807828,0.0323491013349886,0.027658530943807828,1.0,1.0,593.0530801820871,593.2512514900844,1.0,1.0,535.1537255265954,535.3518968345927,1.0,1.0,756.9953084191243,757.1934797271216,1.0,1.0,3144.679983780393,3144.87815508839,1.0,1.0,3311.2374986029217,3311.435669910919,1.0,0.0,0.0,0.0,2576.7538763862626,0.0,0.0,5823.758405434877,1.0,241.24506858431266,1.0,1.0,0.0005468827858251165,0.00042538191234569526,0.0,18.0,1.0,1.0,46.05256007681212,0.0,1.0,1.0,1.0,36.0,20.0,0.0,1.0,1.0,1.0,1.0,1.0,1.0,1.0,1.0,1.0,1.0,1.0,0.0007872714398168072,6.0,5.0,1.0,5.0,10.147541719744929,349.4591347152587,1.999453117214175,1.9995746180876541,16.0,29064.434789237523,6754.375477932443,0.9997944696941192,3551.9745896745244,0.0,0.0,0.0,1.0,0.0,0.0,1.0,0.0,5.0,1.0,1.0,0.0007872714398168072,0.0007872714398168072,1.0,1252.1449874904283,-106.9981127566678,1359.143100247096,2000.0,0.0,0.0,0.0,9.46483511871298,8.143351342621683,4.641009606196748,11.216330548267477,33.465526615798886,486.60559717268916,434.445604363553,921.0512015362422,0.02795607271531632,0.024635808365863467,0.02795607271531632,0.024635808365863467,0.0,5823.758405434877,228.77557227745794,90.8724436844687,0.0,90.8724436844687,1.0,286.8518853407373,0.0,29.358379423541574,17.067995441272405,20.632863776376276,32.923247758645424,29.358379423541574,17.067995441272405,20.632863776376276,32.923247758645424,99.98248639983568,0.0,0.0,0.0,0.0,0.0,99.98248639983568,0.0,48.15377117763375,0.0,27,5040.0,0.0,1999.6497279967136,6000.0,48.15377117763375,57.26381389300076,157.51247081503408,157.51247081503408,160.49716913500168,629.6500691350017,632.3100366545351,469.1529,626.6653708150341,418.7706923501796,278.614736641681,354.99250919192866,-106.9981127566678,1359.143100247096,1.0,354.99250919192866,1.0,815.1872151140178,9027.177652636174,442.56172811387563
0.003914529559937485,0.0008380906578106528,1.0010011777696477,487.80117746425844,521.281,503.9049666666666,469.1529,6000.0,0.0,0.42857142857142855,1.0,0.0008022895685269038,0.0006808687849384487,0.0,1.999197710431473,1.9993191312150616,0.0008022895685269038,0.0,1.0,20.10733357591483,0.03387393651768858,0.031202836535580165,0.03387393651768858,0.031202836535580165,1.0,0.0008022895685269038,0.0006808687849384487,0.0,1.999197710431473,1.9993191312150616,0.0008022895685269038,0.0,1.0,31.44103004019674,0.03387393651768858,0.031202836535580165,0.03387393651768858,0.031202836535580165,1.0,0.0008022895685269038,0.0006808687849384487,0.4487577051859546,1.999197710431473,1.9993191312150616,0.0008022895685269038,0.0,1.0,38.4363347570455,0.03387393651768858,0.031202836535580165,0.03387393651768858,0.031202836535580165,1.0,0.0008022895685269038,0.0006808687849384487,0.0,1.999197710431473,1.9993191312150616,0.0006808687849384487,0.0,1.0,17.053383211382613,0.03387393651768858,0.031202836535580165,0.03387393651768858,0.031202836535580165,1.0,0.0008022895685269038,0.0006808687849384487,0.0,1.999197710431473,1.9993191312150616,0.0006808687849384487,0.0,1.0,24.537552856776138,0.03387393651768858,0.031202836535580165,0.03387393651768858,0.031202836535580165,1.0,0.0008022895685269038,0.0006808687849384487,0.0,1.999197710431473,1.9993191312150616,0.0006808687849384487,0.0,1.0,25.050464725720815,0.03387393651768858,0.031202836535580165,0.03387393651768858,0.031202836535580165,1.0,1.0,583.2007055340414,583.2821103735997,1.0,1.0,541.8978394775397,541.979244317098,1.0,1.0,813.0444532917031,813.1258581312615,1.0,1.0,3300.767835705652,3300.8492405452103,1.0,1.0,3433.2743094353095,3433.3557142748678,1.0,0.0,0.0,0.0,2647.7082108749046,0.0,0.0,6030.8540213118995,1.0,257.10174475001986,1.0,1.0,0.0005540201538514076,0.0004836709258106851,0.0,18.0,1.0,1.0,47.05797990780817,0.0,1.0,1.0,1.0,36.0,3.0,0.0,1.0,1.0,1.0,1.0,1.0,1.0,1.0,1.0,1.0,1.0,1.0,0.0006894031511261777,6.0,5.0,1.0,5.0,10.01910264866464,400.24879242014833,1.9994459798461486,1.999516329074189,16.0,30210.439060588727,6901.837053145198,1.0,3574.000693984251,0.0,0.00011208704108867096,0.0,1.0,0.0,0.0,1.0,0.0,5.0,1.0,1.0,0.0006894031511261777,0.0006894031511261777,1.0,1961.3406857829932,-112.32488977530436,2073.6655755582974,2000.0,0.0,0.0,0.0,5.075088533421353,15.463450282404816,19.51226984839334,15.76580236344982,55.81661102766933,485.75299230506215,455.4066058511011,941.1595981561633,0.028143931168337973,0.02629494368055295,0.028143931168337973,0.02629494368055295,0.0,6030.8540213118995,226.9267874352058,104.76177447000182,0.0,104.76177447000182,1.0,302.1817581309987,0.0,24.709334303934973,18.50680628394785,25.290662893889,31.493190913876123,24.709334303934973,18.50680628394785,25.290662893889,31.493190913876123,99.99999439564795,0.0,0.0,0.0,0.0,0.0,99.99999439564795,0.0,52.91555125198761,0.0,28,5220.0,0.00011208704108867096,1999.999887912959,6000.0,52.91555125198761,48.15377117763374,172.21431250010176,172.21431250010176,168.48733466295653,672.3923013296231,657.8610908445423,503.9049666666666,676.1192791667684,415.38651588112253,310.7080618659768,371.92635864193767,-112.32488977530436,2073.6655755582974,1.0,371.92635864193767,1.0,864.2001720865559,9354.681511353574,459.79334183554346
0.003665054841588661,0.0008159717119359811,1.019541598209782,505.58925655495256,521.281,503.9049666666666,469.1529,6000.0,0.0,0.42857142857142855,1.0,0.0007915634140223116,0.0007032214575222184,0.0,1.9992084365859777,1.9992967785424778,0.0007915634140223116,0.0,1.0,19.553379193452578,0.03364647868793623,0.031711396396011796,0.03364647868793623,0.031711396396011796,1.0,0.0007915634140223116,0.0007032214575222184,0.0,1.9992084365859777,1.9992967785424778,0.0007915634140223116,0.0,1.0,29.777727238671478,0.03364647868793623,0.031711396396011796,0.03364647868793623,0.031711396396011796,1.0,0.0007915634140223116,0.0007032214575222184,0.0,1.9992084365859777,1.9992967785424778,0.0007915634140223116,0.0,1.0,31.730318091694528,0.03364647868793623,0.031711396396011796,0.03364647868793623,0.031711396396011796,1.0,0.0007915634140223116,0.0007032214575222184,0.0,1.9992084365859777,1.9992967785424778,0.0007032214575222184,0.0,1.0,17.08519994178044,0.03364647868793623,0.031711396396011796,0.03364647868793623,0.031711396396011796,1.0,0.0007915634140223116,0.0007032214575222184,0.0,1.9992084365859777,1.9992967785424778,0.0007032214575222184,0.0,1.0,24.951599200667985,0.03364647868793623,0.031711396396011796,0.03364647868793623,0.031711396396011796,1.0,0.0007915634140223116,0.0007032214575222184,0.0,1.9992084365859777,1.9992967785424778,0.0007032214575222184,0.0,1.0,25.76853294907646,0.03364647868793623,0.031711396396011796,0.03364647868793623,0.031711396396011796,1.0,1.0,596.3440800772166,596.348333364875,1.0,1.0,616.3121685871914,616.3164218748498,1.0,1.0,796.8547162991417,796.8589695868001,1.0,1.0,3408.551445849292,3408.5556991369504,1.0,1.0,3564.692741898793,3564.696995186451,1.0,0.0,0.0,0.0,2757.5541949209482,0.0,0.0,6254.921718645139,1.0,269.4218735637593,1.0,1.0,0.0005470791070885106,0.00048810330959888254,0.0,18.0,1.0,1.0,46.94408013591363,0.0,1.0,1.0,1.0,36.0,0.0,0.0,1.0,1.0,1.0,1.0,1.0,1.0,1.0,1.0,1.0,1.0,1.0,0.0006185930717648479,6.0,6.0,1.0,5.0,9.344023334468577,336.0876259942509,1.9994529208929113,1.999511896690401,16.0,31198.659989678294,6885.131753267331,1.0,3559.1304935245785,0.0,0.0,0.0,1.0,0.0,0.0,1.0,0.0,6.0,1.0,1.0,0.0006185930717648479,0.0006185930717648479,1.0,1481.5791090475705,-121.82859187436846,1603.4077009219388,2000.0,0.0,0.0,0.0,7.163670994978336,13.31411789990629,9.417066027355803,4.4233613217170085,34.31821624395744,482.6068780766648,456.2747246416077,938.8816027182725,0.027966906944637382,0.026415458357619492,0.027966906944637382,0.026415458357619492,0.0,6254.921718645139,224.86661314690178,77.1864133013712,0.0,77.1864133013712,1.0,262.0086705418724,0.0,27.320705551575305,30.330610684622652,22.679294448245358,19.669389315198014,27.320705551575305,30.330610684622652,22.679294448245358,19.669389315198014,99.99999999964135,0.0,0.0,0.0,0.0,0.0,99.99999999964135,0.0,30.1019645537175,0.0,29,5400.0,0.0,1999.9999999928264,5994.033712916663,30.1019645537175,52.91555125198761,175.13350254611908,175.13350254611908,182.7428878115527,686.6478544782193,686.0250574628803,503.9049666666666,679.0384692127857,411.6153937963363,272.3135358612365,365.4519881729909,-121.82859187436846,1603.4077009219388,1.0,365.4519881729909,1.0,800.4048242116309,9691.51438277887,476.6167763026358
0.004942472253812252,0.0007854126723261801,1.0336910890899718,558.965482326332,521.281,503.9049666666666,469.1529,6000.0,0.0,0.42857142857142855,1.0,0.0007790988011915356,0.0007004683036750947,0.0,1.9992209011988085,1.999299531696325,0.0007790988011915356,0.0,1.0,18.613983741155018,0.033380217105400574,0.03164919717351537,0.033380217105400574,0.03164919717351537,1.0,0.0007790988011915356,0.0007004683036750947,0.0,1.9992209011988085,1.999299531696325,0.0007790988011915356,1.1368683772161603e-13,1.0,28.13547474775637,0.033380217105400574,0.03164919717351537,0.033380217105400574,0.03164919717351537,1.0,0.0007790988011915356,0.0007004683036750947,0.0,1.9992209011988085,1.999299531696325,0.0007790988011915356,0.0,1.0,29.843953683059233,0.033380217105400574,0.03164919717351537,0.033380217105400574,0.03164919717351537,1.0,0.0007790988011915356,0.0007004683036750947,0.0,1.9992209011988085,1.999299531696325,0.0007004683036750947,0.0,1.0,16.91841608931533,0.033380217105400574,0.03164919717351537,0.033380217105400574,0.03164919717351537,1.0,0.0007790988011915356,0.0007004683036750947,0.0,1.9992209011988085,1.999299531696325,0.0007004683036750947,0.0,1.0,24.779364441339464,0.033380217105400574,0.03164919717351537,0.033380217105400574,0.03164919717351537,1.0,0.0007790988011915356,0.0007004683036750947,0.0,1.9992209011988085,1.999299531696325,0.0007004683036750947,0.0,1.0,25.63001095495509,0.033380217105400574,0.03164919717351537,0.033380217105400574,0.03164919717351537,1.0,1.0,612.1966116405566,612.302339397799,1.0,1.0,658.2970625164268,658.4027902736691,1.0,1.0,792.3167001276339,792.4224278848762,1.0,1.0,3549.234558641396,3549.340286398638,1.0,1.0,3713.9851176113525,3714.0908453685947,1.0,0.0,0.0,0.0,2844.260129042523,0.0,0.0,6477.158505678764,1.0,234.31495238763893,1.0,1.0,0.0005334019183207664,0.00047386322936555155,0.0,18.0,1.0,1.0,46.03693645005613,0.0,1.0,1.0,1.0,36.0,0.0,0.0,1.0,1.0,1.0,1.0,1.0,1.0,1.0,1.0,1.0,1.0,1.0,0.0007136396932258212,6.0,5.0,1.0,5.0,8.203231421989143,389.16432355455373,1.9994665980816793,1.9995261367706345,16.0,32190.833163705087,6752.084012674898,1.0,3489.5893669303987,0.0,0.0,0.0,1.0,0.0,0.0,1.0,0.0,5.0,1.0,1.0,0.0007136396932258212,0.0007136396932258212,1.0,2316.7597376271633,-147.41660420538338,2464.1763418325468,2000.0,0.0,0.0,0.0,26.452406082409038,8.988280810437056,14.638224527300626,18.310769938482434,68.38968135862915,476.0508481786862,444.6878808224362,920.7387290011224,0.02761465738493515,0.026024778001494924,0.02761465738493515,0.026024778001494924,0.0,6477.158505678764,222.60775107211086,82.44797265710913,0.0,82.44797265710913,1.0,273.32633667319556,0.0,17.3682115827577,21.740782212944495,32.63178841724225,17.71859709742908,17.3682115827577,21.740782212944495,32.63178841724225,17.71859709742908,89.45937931037352,0.0,0.0,0.0,0.0,0.0,89.45937931037352,0.0,23.090557900453128,0.0,30,5580.0,0.0,1789.1875862074703,4752.546091152501,23.090557900453128,30.1019645537175,225.67341837740776,225.67341837740776,221.12490630807508,725.0298729747417,709.702035901099,503.9049666666666,729.5783850440744,407.4805763174994,290.2376297607262,383.8332947303144,-147.41660420538338,2464.1763418325468,1.0,383.8332947303144,1.0,837.5916571756549,10050.997019765362,493.61385936646434
0.005220560467692564,0.0006334673652168554,1.034591112771202,571.5861782920998,521.281,503.9049666666666,469.1529,6000.0,0.0,0.5,1.0,0.0007571470986138529,0.0006277928702262958,0.0,1.9992428529013861,1.9993722071297737,0.0007571470986138529,0.0,1.0,18.10349890112944,0.03290608370233071,0.029960845366025644,0.03290608370233071,0.029960845366025644,1.0,0.0007571470986138529,0.0006277928702262958,0.0,1.9992428529013861,1.9993722071297737,0.0007571470986138529,0.0,1.0,26.964365742300895,0.03290608370233071,0.029960845366025644,0.03290608370233071,0.029960845366025644,1.0,0.0007571470986138529,0.0006277928702262958,0.0,1.9992428529013861,1.9993722071297737,0.0007571470986138529,0.0,1.0,28.31639393492545,0.03290608370233071,0.029960845366025644,0.03290608370233071,0.029960845366025644,1.0,0.0007571470986138529,0.0006277928702262958,0.0,1.9992428529013861,1.9993722071297737,0.0006277928702262958,0.0,1.0,15.958699717760302,0.03290608370233071,0.029960845366025644,0.03290608370233071,0.029960845366025644,1.0,0.0007571470986138529,0.0006277928702262958,0.0,1.9992428529013861,1.9993722071297737,0.0006277928702262958,0.0,1.0,21.87514131190667,0.03290608370233071,0.029960845366025644,0.03290608370233071,0.029960845366025644,1.0,0.0007571470986138529,0.0006277928702262958,0.0,1.9992428529013861,1.9993722071297737,0.0006277928702262958,0.0,1.0,21.899589268746546,0.03290608370233071,0.029960845366025644,0.03290608370233071,0.029960845366025644,1.0,1.0,611.5763389671237,611.6971829926255,1.0,1.0,720.7439181307972,720.864762156299,1.0,1.0,806.9633800381455,807.0842240636473,1.0,1.0,3656.39398640839,3656.514830433892,1.0,1.0,3871.4861014905905,3871.6069455160923,1.0,0.0,0.0,0.0,2980.7217465672306,0.0,0.0,6683.935121624975,1.0,270.7491950450103,1.0,1.0,0.0005586937813438898,0.00042751503482322634,0.0,18.0,1.0,1.0,45.91150245802151,0.0,1.0,1.0,1.0,36.0,11.0,0.0,1.0,1.0,1.0,1.0,1.0,1.0,1.0,1.0,1.0,1.0,1.0,0.00041079300386438983,6.0,6.0,1.0,5.0,7.811033737877412,300.01544634601305,1.9994413062186562,1.9995724849651768,16.0,33080.195062629624,6733.687027176487,0.9989599243095145,3501.0971470224026,0.0,0.0,1.0,1.0,0.0,0.0,1.0,0.0,6.0,1.0,1.0,0.00041079300386438983,0.00041079300386438983,1.0,609.1057521150497,-144.47697063169724,753.5827227467469,4268.230289834724,0.0,0.0,0.0,7.290034078114346,10.88600115083125,10.53564599843194,4.757826674009363,33.4695079013869,490.8506146057797,427.37943455465035,918.23004916043,0.02825637790241225,0.024719162598126274,0.02825637790241225,0.024719162598126274,0.0,6683.935121624975,220.16412784667185,100.96914225426896,0.0,100.96914225426896,1.0,269.5601587402606,0.0,36.35627574827868,17.51059954462241,38.39214065724776,23.249340303023207,36.35627574827868,17.51059954462241,38.39214065724776,23.249340303023207,115.50835625317205,0.0,0.0,0.0,0.0,0.0,115.50835625317205,0.0,8.551343901550037,0.0,31,5760.0,0.0,2310.167125063441,3176.7574879665285,8.551343901550037,23.090557900453128,214.49809531161947,214.49809531161947,216.71545594754588,685.8683559475459,699.1456034881217,469.1529,683.6509953116195,403.0075559693348,223.1297208140517,358.3464585842423,-144.47697063169724,753.5827227467469,1.0,358.3464585842423,1.0,761.1114457059334,10348.307863503826,509.74140231264585
0.004581412921860789,0.0005845663596742989,1.0292032411536394,585.3384015409227,521.281,503.9049666666666,469.1529,6000.0,0.0,0.5,1.0,0.000829564399502436,0.0006264203444452665,0.0,1.9991704356004976,1.9993735796555547,0.000829564399502436,0.0,1.0,19.871721803440266,0.03444558992789434,0.029928046786957433,0.03444558992789434,0.029928046786957433,1.0,0.000829564399502436,0.0006264203444452665,0.0,1.9991704356004976,1.9993735796555547,0.000829564399502436,0.0,1.0,32.350133268319844,0.03444558992789434,0.029928046786957433,0.03444558992789434,0.029928046786957433,1.0,0.000829564399502436,0.0006264203444452665,1.4451304092194022,1.9991704356004976,1.9993735796555547,0.000829564399502436,0.0,1.0,49.396434501413424,0.03444558992789434,0.029928046786957433,0.03444558992789434,0.029928046786957433,1.0,0.000829564399502436,0.0006264203444452665,0.0,1.9991704356004976,1.9993735796555547,0.0006264203444452665,0.0,1.0,15.925008012324476,0.03444558992789434,0.029928046786957433,0.03444558992789434,0.029928046786957433,1.0,0.000829564399502436,0.0006264203444452665,0.0,1.9991704356004976,1.9993735796555547,0.0006264203444452665,0.0,1.0,21.33445830434616,0.03444558992789434,0.029928046786957433,0.03444558992789434,0.029928046786957433,1.0,0.000829564399502436,0.0006264203444452665,0.0,1.9991704356004976,1.9993735796555547,0.0006264203444452665,0.0,1.0,21.87593663514652,0.03444558992789434,0.029928046786957433,0.03444558992789434,0.029928046786957433,1.0,1.0,659.6398255161508,659.6428374814304,1.0,1.0,743.5143493647239,743.5173613300035,1.0,1.0,833.5423133941132,833.5453253593928,1.0,1.0,3767.3853336914863,3767.388345656766,1.0,1.0,3983.935450837992,3983.9384628032717,1.0,0.0,0.0,0.0,3004.0788702241875,0.0,0.0,6873.889971470472,1.0,222.29928438768943,1.0,1.0,0.0005596447097852502,0.00044120290881438033,0.0,18.0,1.0,1.0,46.33980301713166,0.0,1.0,1.0,1.0,36.0,25.0,0.0,1.0,1.0,1.0,1.0,1.0,1.0,1.0,1.0,1.0,1.0,1.0,0.0009361434542519997,6.0,5.0,1.0,5.0,8.202213990154053,431.34642079299306,1.999440355290215,1.9995587970911854,16.0,34095.27779522421,6796.504442512644,0.9996144733469338,3510.559237720043,0.0,0.0,0.0,1.0,0.0,0.0,1.0,0.0,5.0,1.0,1.0,0.0009361434542519997,0.0009361434542519997,1.0,2238.446040523687,-196.1471853949233,2434.59322591861,2671.767468664073,0.0,0.0,0.0,15.018386346395515,11.094313583997357,13.828258897521241,16.53867521231687,56.479634040230984,488.94711518658016,437.84894515605316,926.7960603426333,0.028286347806854423,0.025108961426827215,0.028286347806854423,0.025108961426827215,0.0,6873.889971470472,217.55080922035685,123.91094527502605,0.0,123.91094527502605,1.0,319.4241187668087,0.0,19.560096791619827,22.167207342071542,45.540049124256356,31.773866394753743,19.560096791619827,22.167207342071542,45.540049124256356,31.773866394753743,119.04121965270147,0.0,0.0,0.0,0.0,0.0,119.04121965270147,0.0,13.42106952387461,0.0,32,5940.0,0.0,2380.8243930540293,4053.1172084630534,13.42106952387461,8.551343901550037,299.64097757812107,299.64097757812107,294.22077809238493,780.7497114257183,742.9184996878241,486.5289333333333,786.1699109114544,398.2239104097194,337.7565027789146,435.0778651613198,-196.1471853949233,2434.59322591861,1.0,435.0778651613198,1.0,957.7526818667833,10664.138752606115,525.4931833677352
0.004841294781673583,0.000633089205552051,1.029353333502341,625.9240435596716,521.281,503.9049666666666,469.1529,6000.0,0.0,0.5,1.0,0.0008081736293186204,0.0006805610578819454,0.0,1.9991918263706814,1.999319438942118,0.0008081736293186204,0.0,1.0,20.066369834732544,0.03399806994279579,0.03119577761687644,0.03399806994279579,0.03119577761687644,1.0,0.0008081736293186204,0.0006805610578819454,0.699422864239871,1.9991918263706814,1.999319438942118,0.0008081736293186204,0.0,0.9952257824966562,41.19365150663858,0.03399806994279579,0.03119577761687644,0.03399806994279579,0.03119577761687644,1.0,0.0008081736293186204,0.0006805610578819454,2.6220960743043946,1.9991918263706814,1.999319438942118,0.0008081736293186204,0.0,1.0,62.34305681734834,0.03399806994279579,0.03119577761687644,0.03399806994279579,0.03119577761687644,1.0,0.0008081736293186204,0.0006805610578819454,0.0,1.9991918263706814,1.999319438942118,0.0006805610578819454,0.0,1.0,16.336186075153375,0.03399806994279579,0.03119577761687644,0.03399806994279579,0.03119577761687644,1.0,0.0008081736293186204,0.0006805610578819454,0.0,1.9991918263706814,1.999319438942118,0.0006805610578819454,0.0,1.0,24.197547346185512,0.03399806994279579,0.03119577761687644,0.03399806994279579,0.03119577761687644,1.0,0.0008081736293186204,0.0006805610578819454,0.0,1.9991918263706814,1.999319438942118,0.0006805610578819454,0.0,1.0,25.200902840532347,0.03399806994279579,0.03119577761687644,0.03399806994279579,0.03119577761687644,1.0,1.0,677.2856436555272,677.4311129777677,1.0,1.0,764.5328541147153,764.6783234369558,1.0,1.0,838.9798896518232,839.1253589740637,1.0,1.0,3858.070707977399,3858.216177299639,1.0,1.0,4089.821287040401,4089.9667563626413,1.0,0.0,0.0,0.0,3139.8963202736827,0.0,0.0,7063.466617134558,1.0,281.9236099521501,1.0,1.0,0.0005299949172524743,0.00048803361055144775,0.0,18.0,1.0,1.0,46.57976417538784,0.0,1.0,1.0,1.0,36.0,15.0,0.0,1.0,1.0,1.0,1.0,1.0,1.0,1.0,1.0,1.0,1.0,1.0,0.0003077077481637668,6.0,6.0,1.0,5.0,8.180481199315373,299.60695133677746,1.9994700050827474,1.9995119663894485,16.0,34784.91357891704,6831.698745723549,0.9989622173118629,3482.9839653945724,0.0,0.0,1.0,1.0,0.0,0.0,1.0,0.0,6.0,1.0,1.0,0.0003077077481637668,0.0003077077481637668,1.0,31.53068044515112,-164.21740206019538,195.7480825053465,4000.0,0.0,0.0,0.0,16.009579981747898,9.877871029815225,9.356043158439507,7.021774812018185,42.265268982020814,471.56218118351194,460.0331023242448,931.5952835077567,0.02752117524157546,0.02641017300861709,0.02752117524157546,0.02641017300861709,0.0,7063.466617134558,214.78390717151373,104.62969883064497,0.0,104.62969883064497,1.0,298.0304173145199,0.0,20.123888698656586,42.67431370671281,31.760749454661692,18.753623601605202,20.123888698656586,42.67431370671281,31.760749454661692,18.753623601605202,113.31257546163629,0.0,0.0,0.0,0.0,0.0,113.31257546163629,0.0,4.738192892883295,0.0,33,6120.0,0.0,2266.2515092327258,2314.3357822457747,4.738192892883295,13.421069523874612,242.2337945777337,242.2337945777337,246.3261030902931,732.8550364236264,757.6566436446831,486.5289333333333,728.762727911067,393.15913240425164,232.06903761288905,374.7653075356742,-164.21740206019538,195.7480825053465,1.0,374.7653075356742,1.0,846.2481629337847,10932.125665319309,539.8851182957751
0.006090884045034828,0.0005691245245256771,1.0454336234517774,633.3866991043441,521.281,503.9049666666666,469.1529,6000.0,0.0,0.5,1.0,0.0007367158910298599,0.0007423723286454909,0.0,1.9992632841089701,1.9992576276713545,0.0007367158910298599,0.0,1.0,22.063603209186805,0.03245859644801143,0.032583097135159514,0.03245859644801143,0.032583097135159514,1.0,0.0007367158910298599,0.0007423723286454909,0.0,1.9992632841089701,1.9992576276713545,0.0007367158910298599,0.0,1.0,31.842230647334397,0.03245859644801143,0.032583097135159514,0.03245859644801143,0.032583097135159514,1.0,0.0007367158910298599,0.0007423723286454909,0.0,1.9992632841089701,1.9992576276713545,0.0007367158910298599,0.0,1.0,31.92517365857403,0.03245859644801143,0.032583097135159514,0.03245859644801143,0.032583097135159514,1.0,0.0007367158910298599,0.0007423723286454909,0.0,1.9992632841089701,1.9992576276713545,0.0007423723286454909,0.0,1.0,16.89322178214692,0.03245859644801143,0.032583097135159514,0.03245859644801143,0.032583097135159514,1.0,0.0007367158910298599,0.0007423723286454909,0.0,1.9992632841089701,1.9992576276713545,0.0007423723286454909,0.0,1.0,24.86929821036454,0.03245859644801143,0.032583097135159514,0.03245859644801143,0.032583097135159514,1.0,0.0007367158910298599,0.0007423723286454909,0.0,1.9992632841089701,1.9992576276713545,0.0007423723286454909,0.0,1.0,27.096466611180453,0.03245859644801143,0.032583097135159514,0.03245859644801143,0.032583097135159514,1.0,1.0,725.8968510785013,725.9439383746014,1.0,1.0,769.1529322714589,769.200019567559,1.0,1.0,864.1399564965252,864.1870437926253,1.0,1.0,3952.6421439198225,3952.6892312159225,1.0,1.0,4245.140146398785,4245.187233694885,1.0,0.0,0.0,0.0,3179.6874652938623,0.0,0.0,7246.867429418065,1.0,245.09055063361583,1.0,1.0,0.0005490673906765794,0.00048365516756012885,0.0,18.0,1.0,1.0,46.782400123691126,0.0,1.0,1.0,1.0,36.0,28.0,0.0,1.0,1.0,1.0,1.0,1.0,1.0,1.0,1.0,1.0,1.0,1.0,0.0007265008398827827,6.0,5.0,1.0,5.0,8.205903129696827,394.1684320225481,1.9994509326093235,1.9995163448324398,16.0,35589.0777546544,6861.418684808032,0.9988606134776856,3513.165364843202,0.0,0.0,1.0,1.0,0.0,0.0,1.0,0.0,5.0,1.0,1.0,0.0007265008398827827,0.0007265008398827827,1.0,1104.881743118427,-193.48261712072534,1298.3643602391523,3438.5110268430335,0.0,0.0,0.0,9.984394614003362,12.849292872981655,7.3277866504877425,15.953654911711022,46.115129049183786,487.6643471821232,447.98365529169934,935.6480024738225,0.02801028025406578,0.026290359567777002,0.02801028025406578,0.026290359567777002,0.0,7246.867429418065,211.8804805713618,127.37744847047512,0.0,127.37744847047512,1.0,338.9243448666267,0.0,39.54130774337296,28.22791954926475,31.059354243137424,20.64866801164365,39.54130774337296,28.22791954926475,31.059354243137424,20.64866801164365,119.47724954741878,0.0,0.0,0.0,0.0,0.0,119.47724954741878,0.0,12.638391815939618,0.0,34,6300.0,0.0,2389.5449909483755,3228.1622180880076,12.638391815939618,4.738192892883295,293.1393819614721,293.1393819614721,290.223925681088,776.7528590144213,757.1875475625662,486.5289333333333,779.6683152948054,387.8444479935447,306.77443771641674,437.72523323582527,-193.48261712072534,1298.3643602391523,1.0,437.72523323582527,1.0,954.8333171956514,11206.223210006732,553.530027301785
0.004799467512687616,0.0006772099507061369,1.0232953286569464,631.7444870233418,521.281,503.9049666666666,469.1529,6000.0,0.0,0.5,1.0,0.0008027135630541693,0.0006486170221062793,0.0,1.9991972864369458,1.9993513829778937,0.0008027135630541693,0.0,1.0,19.668641665903536,0.03388289647690546,0.03045415222528168,0.03388289647690546,0.03045415222528168,1.0,0.0008027135630541693,0.0006486170221062793,1.9433679238476884,1.9991972864369458,1.9993513829778937,0.0008027135630541693,0.0,0.9867346899396062,54.87704716232457,0.03388289647690546,0.03045415222528168,0.03388289647690546,0.03045415222528168,1.0,0.0008027135630541693,0.0006486170221062793,2.779636673660704,1.9991972864369458,1.9993513829778937,0.0008027135630541693,0.0,1.0,64.07600341026775,0.03388289647690546,0.03045415222528168,0.03388289647690546,0.03045415222528168,1.0,0.0008027135630541693,0.0006486170221062793,0.0,1.9991972864369458,1.9993513829778937,0.0006486170221062793,0.0,1.0,15.479202773326257,0.03388289647690546,0.03045415222528168,0.03388289647690546,0.03045415222528168,1.0,0.0008027135630541693,0.0006486170221062793,0.0,1.9991972864369458,1.9993513829778937,0.0006486170221062793,0.0,1.0,23.715965901881688,0.03388289647690546,0.03045415222528168,0.03388289647690546,0.03045415222528168,1.0,0.0008027135630541693,0.0006486170221062793,0.0,1.9991972864369458,1.9993513829778937,0.0006486170221062793,0.0,1.0,23.451817757145253,0.03388289647690546,0.03045415222528168,0.03388289647690546,0.03045415222528168,1.0,1.0,713.6422916359102,713.6641431970161,1.0,1.0,764.0819279208334,764.1037794819393,1.0,1.0,925.4535232428216,925.4753748039275,1.0,1.0,4020.744124780212,4020.765976341318,1.0,1.0,4344.17166474738,4344.193516308486,1.0,0.0,0.0,0.0,3239.8531614415356,0.0,0.0,7419.902038867443,1.0,274.18282525270587,1.0,1.0,0.0005227377205932656,0.0005016837503605882,0.0,18.0,1.0,1.0,47.064670674196606,0.0,1.0,1.0,1.0,36.0,17.0,0.0,1.0,1.0,1.0,1.0,1.0,1.0,1.0,1.0,1.0,1.0,1.0,0.0003161135548059172,6.0,6.0,1.0,5.0,8.599013421513861,368.0523944602156,1.9994772622794068,1.9994983162496394,16.0,36453.526528955,6902.8183655488365,0.9975385315987341,3501.94219753055,0.0,11.888602748037103,1.0,1.0,0.0,0.0,1.0,0.0,6.0,1.0,1.0,0.0003161135548059172,0.0003161135548059172,1.0,567.1510702541909,-204.77179199408954,771.9228622482805,4000.0,0.0,0.0,0.0,9.599590864365059,13.29379344500024,17.958273761442435,5.053808562779249,45.90546663358698,469.47751012620097,471.81590335773126,941.2934134839322,0.027328265454678105,0.026765829443543856,0.027328265454678105,0.026765829443543856,0.0,7419.902038867443,208.8584300103784,134.25431741323186,0.0,134.25431741323186,1.0,339.69484094750607,0.0,19.278831869638008,45.89755068092291,34.59650694539787,38.42749252657737,19.278831869638008,45.89755068092291,34.59650694539787,38.42749252657737,138.20038202253616,0.0,0.0,0.0,0.0,0.0,138.20038202253616,0.0,8.692327206635316,0.0,35,6480.0,11.888602748037103,2764.007640450723,3406.8153011650916,8.692327206635316,12.63839181593962,306.9706980317481,306.9706980317481,307.1576879911343,776.3105879911343,773.3698474358562,469.1529,776.1235980317481,382.3126239743028,290.27991897450886,406.2652046506238,-204.77179199408954,771.9228622482805,1.0,406.2652046506238,1.0,932.3856660139063,11435.878798340727,565.8863763875333
0.006107940309447307,0.0007647667715098283,1.0421422318348215,684.1005192029859,521.281,503.9049666666666,469.1529,6000.0,0.0,0.5,1.0,0.0007373100836449709,0.0007972511253360182,0.0,1.999262689916355,1.999202748874664,0.0007373100836449709,0.0,1.0,22.165817309956555,0.03247169723312311,0.033767281711911915,0.03247169723312311,0.033767281711911915,1.0,0.0007373100836449709,0.0007972511253360182,0.0,1.999262689916355,1.999202748874664,0.0007373100836449709,0.0,1.0,30.94341118053001,0.03247169723312311,0.033767281711911915,0.03247169723312311,0.033767281711911915,1.0,0.0007373100836449709,0.0007972511253360182,0.0,1.999262689916355,1.999202748874664,0.0007373100836449709,0.0,1.0,32.721445939917196,0.03247169723312311,0.033767281711911915,0.03247169723312311,0.033767281711911915,1.0,0.0007373100836449709,0.0007972511253360182,0.0,1.999262689916355,1.999202748874664,0.0007972511253360182,0.0,1.0,17.429734334547685,0.03247169723312311,0.033767281711911915,0.03247169723312311,0.033767281711911915,1.0,0.0007373100836449709,0.0007972511253360182,0.0,1.999262689916355,1.999202748874664,0.0007972511253360182,0.0,1.0,30.898531997859944,0.03247169723312311,0.033767281711911915,0.03247169723312311,0.033767281711911915,1.0,0.0007373100836449709,0.0007972511253360182,0.0,1.999262689916355,1.999202748874664,0.0007972511253360182,0.0,1.0,31.75347262283777,0.03247169723312311,0.033767281711911915,0.03247169723312311,0.033767281711911915,1.0,1.0,727.0919503149719,727.2008942425916,1.0,1.0,784.0084139397932,784.1173578674129,1.0,1.0,945.4032091519883,945.5121530796081,1.0,1.0,4141.287056205136,4141.396000132755,1.0,1.0,4429.878693752697,4429.987637680316,1.0,0.0,0.0,0.0,3324.299431195884,0.0,0.0,7626.402300626021,1.0,278.95299872121365,1.0,1.0,0.0004890575074952337,0.0005342688835031516,0.0,18.0,1.0,1.0,46.08425693643536,0.0,1.0,1.0,1.0,36.0,0.0,0.0,1.0,1.0,1.0,1.0,1.0,1.0,1.0,1.0,1.0,1.0,1.0,0.000490536882957932,6.0,6.0,1.0,5.0,7.724190753372473,345.10406716659946,1.9995109424925046,1.9994657311164967,16.0,36976.351869186874,6759.024350677187,1.0,3406.5777548258066,0.0,154.54338839027974,1.0,1.0,0.0,0.0,1.0,0.0,6.0,1.0,1.0,0.000490536882957932,0.000490536882957932,1.0,961.2610645493178,-180.43320768503202,1141.6942722343497,2856.5646637524774,0.0,0.0,0.0,12.435131471506267,10.028078849513498,12.238939706723864,18.250421012084335,52.952571039827966,447.884645531566,473.8004931971412,921.6851387287073,0.026418657786441563,0.02763339469193915,0.026418657786441563,0.02763339469193915,0.0,7626.402300626021,205.73638743520578,91.97365245279647,0.0,91.97365245279647,1.0,297.04101393913356,0.0,7.353987062516463,20.579334649293017,17.607782963626452,37.947631054991206,7.353987062516463,20.579334649293017,17.607782963626452,37.947631054991206,83.48873573042714,0.0,0.0,0.0,0.0,0.0,83.48873573042714,0.0,17.177243929004657,0.0,36,6660.0,154.54338839027974,1669.7747146085428,3501.1339540939043,17.177243929004657,8.692327206635316,273.7586879809584,273.7586879809584,270.649811527548,739.802711527548,766.53681932187,469.1529,742.9115879809584,376.5977658811225,259.2699438710395,363.58561171115264,-180.43320768503202,1141.6942722343497,1.0,363.58561171115264,1.0,846.584822090126,11693.613319802864,578.4655080693033
0.004811878778869794,0.0008496614741384523,1.0327200224244684,683.2440115891822,521.281,503.9049666666666,469.1529,6000.0,0.0,0.5,1.0,0.000602941645035493,0.0007421765453698992,0.0,1.9993970583549645,1.99925782345463,0.000602941645035493,0.0,1.0,16.251334841639256,0.029361334709488318,0.032578795774274145,0.029361334709488318,0.032578795774274145,1.0,0.000602941645035493,0.0007421765453698992,0.0,1.9993970583549645,1.99925782345463,0.000602941645035493,0.0,1.0,20.147055248104724,0.029361334709488318,0.032578795774274145,0.029361334709488318,0.032578795774274145,1.0,0.000602941645035493,0.0007421765453698992,0.0,1.9993970583549645,1.99925782345463,0.000602941645035493,0.0,1.0,21.917147004991712,0.029361334709488318,0.032578795774274145,0.029361334709488318,0.032578795774274145,1.0,0.000602941645035493,0.0007421765453698992,0.0,1.9993970583549645,1.99925782345463,0.0007421765453698992,0.0,1.0,16.094136770688696,0.029361334709488318,0.032578795774274145,0.029361334709488318,0.032578795774274145,1.0,0.000602941645035493,0.0007421765453698992,0.0,1.9993970583549645,1.99925782345463,0.0007421765453698992,2.2737367544323206e-13,1.0,25.551906220414814,0.029361334709488318,0.032578795774274145,0.029361334709488318,0.032578795774274145,1.0,0.000602941645035493,0.0007421765453698992,0.0,1.9993970583549645,1.99925782345463,0.0007421765453698992,0.0,1.0,27.301685608985448,0.029361334709488318,0.032578795774274145,0.029361334709488318,0.032578795774274145,1.0,1.0,748.4696758544006,748.4769516642909,1.0,1.0,807.4549133369285,807.4621891468188,1.0,1.0,948.9626113038871,948.9698871137774,1.0,1.0,4246.647425906975,4246.654701716865,1.0,1.0,4578.49308168952,4578.500357499411,1.0,0.0,0.0,0.0,3423.5956296314002,0.0,0.0,7771.347108552539,1.0,256.42091178727173,1.0,1.0,0.0004454768281720003,0.0005232970948881249,0.0,18.0,1.0,1.0,45.59630794555411,0.0,1.0,1.0,1.0,36.0,0.0,0.0,1.0,1.0,1.0,1.0,1.0,1.0,1.0,1.0,1.0,1.0,1.0,0.0008670657322633772,6.0,5.0,1.0,5.0,7.423739807603386,320.1459056506097,1.999554523171828,1.9994767029051117,16.0,37560.58489666473,6687.458498681271,1.0,3403.979206180552,0.0,149.1917179314566,1.0,1.0,0.0,0.0,1.0,0.0,5.0,1.0,1.0,0.0008670657322633772,0.0008670657322633772,1.0,134.35443699674397,-175.04914410391555,309.4035811006595,4000.0,0.0,0.0,0.0,14.311785061821183,13.708171654916052,10.179145568980791,10.507894085875707,48.70699637159373,437.39379929734025,474.532359613742,911.9261589110823,0.025226117213671285,0.027349295614127425,0.025226117213671285,0.027349295614127425,0.0,7771.347108552539,202.53360127650438,129.86670450234246,0.0,129.86670450234246,1.0,313.4281838007725,0.0,36.92799546196738,35.88920069340084,15.898788191602172,41.23348249762349,36.92799546196738,35.88920069340084,15.898788191602172,41.23348249762349,129.94946684459387,0.0,0.0,0.0,0.0,0.0,129.94946684459387,0.0,17.094481586753215,0.0,37,6840.0,149.1917179314566,2598.9893368918774,3783.13746222557,17.094481586753215,17.177243929004657,262.01950600319896,262.01950600319896,262.57371615587334,731.7266161558733,739.9617036897639,469.1529,731.172406003199,370.7351077145316,242.3133488163872,362.5469450141012,-175.04914410391555,309.4035811006595,1.0,362.5469450141012,1.0,829.2396020328689,11926.115144187137,590.9003581310247
0.0052480582617974725,0.0008243067219632638,1.0207528967254667,651.7421435372199,521.281,503.9049666666666,469.1529,6000.0,0.0,0.5,1.0,0.0006380701695622992,0.0007863111015560253,0.0,1.9993619298304377,1.999213688898444,0.0006380701695622992,0.0,1.0,15.421272534930397,0.030205309295802132,0.03353453851059965,0.030205309295802132,0.03353453851059965,1.0,0.0006380701695622992,0.0007863111015560253,0.0,1.9993619298304377,1.999213688898444,0.0006380701695622992,0.0,1.0,22.947353728619074,0.030205309295802132,0.03353453851059965,0.030205309295802132,0.03353453851059965,1.0,0.0006380701695622992,0.0007863111015560253,0.0,1.9993619298304377,1.999213688898444,0.0006380701695622992,0.0,1.0,22.583837023413643,0.030205309295802132,0.03353453851059965,0.030205309295802132,0.03353453851059965,1.0,0.0006380701695622992,0.0007863111015560253,0.0,1.9993619298304377,1.999213688898444,0.0007863111015560253,0.0,1.0,16.56159583706434,0.030205309295802132,0.03353453851059965,0.030205309295802132,0.03353453851059965,1.0,0.0006380701695622992,0.0007863111015560253,0.0,1.9993619298304377,1.999213688898444,0.0007863111015560253,0.0,1.0,27.85341538005181,0.030205309295802132,0.03353453851059965,0.030205309295802132,0.03353453851059965,1.0,0.0006380701695622992,0.0007863111015560253,0.0,1.9993619298304377,1.999213688898444,0.0007863111015560253,0.0,1.0,29.70334252989779,0.030205309295802132,0.03353453851059965,0.030205309295802132,0.03353453851059965,1.0,1.0,787.2690938508115,787.2923865558398,1.0,1.0,791.3056885092149,791.3289812142432,1.0,1.0,999.8606728406601,999.8839655456884,1.0,1.0,4335.212676016732,4335.23596872176,1.0,1.0,4649.920067955618,4649.943360660646,1.0,0.0,0.0,0.0,3479.3079427349244,0.0,0.0,7908.822773971061,1.0,240.82345270552756,1.0,1.0,0.0005119661421180637,0.0005225383243143576,0.0,18.0,1.0,1.0,47.33648817579842,0.0,1.0,1.0,1.0,36.0,0.0,0.0,1.0,1.0,1.0,1.0,1.0,1.0,1.0,1.0,1.0,1.0,1.0,0.0005625916178128155,6.0,6.0,1.0,5.0,7.720680414527836,351.3572375141527,1.999488033857882,1.9994774616756859,16.0,38327.40606695503,6942.684932450438,1.0,3492.878914030963,0.0,0.0,1.0,1.0,0.0,0.0,1.0,0.0,6.0,1.0,1.0,0.0005625916178128155,0.0005625916178128155,1.0,429.4105719760064,-188.23140388628897,617.6419758622953,6000.0,0.0,0.0,0.0,9.49032188275853,9.915840391839712,12.71407587275482,10.188517758664572,42.30875590601763,477.5620910583436,469.1676724576252,946.7297635159689,0.0270264682828961,0.027330177942153103,0.0270264682828961,0.027330177942153103,0.0,7908.822773971061,199.26981777597703,141.47028339649918,0.0,141.47028339649918,1.0,329.88670891535236,0.0,48.52236956601732,10.307533754928686,39.34755294787278,52.77658629268825,48.52236956601732,10.307533754928686,39.34755294787278,52.77658629268825,150.95404256150704,0.0,0.0,0.0,0.0,0.0,150.95404256150704,0.0,7.610722421745355,0.0,38,7020.0,0.0,3019.0808512301405,3019.0891298689694,7.610722421745355,17.094481586753215,280.39326528525163,280.39326528525163,282.3471058294335,768.8760391627668,758.8965019406228,486.5289333333333,766.922198618585,364.76079471165855,282.93321476237503,375.239148095476,-188.23140388628897,617.6419758622953,1.0,375.239148095476,1.0,860.8541993499595,12155.05291532457,602.0674129402868
0.004774087993742876,0.0007678749121812212,1.0227249029006917,667.1229565134785,521.281,503.9049666666666,469.1529,6000.0,0.0,0.5,1.0,0.000813862127977405,0.0007292416159669912,0.0,1.9991861378720226,1.999270758384033,0.000813862127977405,0.0,1.0,17.678528653896603,0.034117650281529306,0.032293351320053766,0.034117650281529306,0.032293351320053766,1.0,0.000813862127977405,0.0007292416159669912,0.0,1.9991861378720226,1.999270758384033,0.000813862127977405,0.0,1.0,29.730371835490143,0.034117650281529306,0.032293351320053766,0.034117650281529306,0.032293351320053766,1.0,0.000813862127977405,0.0007292416159669912,0.0,1.9991861378720226,1.999270758384033,0.000813862127977405,0.0,1.0,32.362437945399364,0.034117650281529306,0.032293351320053766,0.034117650281529306,0.032293351320053766,1.0,0.000813862127977405,0.0007292416159669912,0.0,1.9991861378720226,1.999270758384033,0.0007292416159669912,0.0,1.0,15.467981685518774,0.034117650281529306,0.032293351320053766,0.034117650281529306,0.032293351320053766,1.0,0.000813862127977405,0.0007292416159669912,0.0,1.9991861378720226,1.999270758384033,0.0007292416159669912,0.0,1.0,23.64626902703265,0.034117650281529306,0.032293351320053766,0.034117650281529306,0.032293351320053766,1.0,0.000813862127977405,0.0007292416159669912,0.0,1.9991861378720226,1.999270758384033,0.0007292416159669912,0.0,1.0,26.342211873009607,0.034117650281529306,0.032293351320053766,0.034117650281529306,0.032293351320053766,1.0,1.0,787.8017320422534,788.0679265174255,1.0,1.0,821.663078637618,821.92927311279,1.0,1.0,1043.3824494084527,1043.6486438836246,1.0,1.0,4440.214255707277,4440.480450182448,1.0,1.0,4686.752251433493,4687.018445908665,1.0,0.0,0.0,0.0,3502.9204268714393,0.0,0.0,8029.487449773829,1.0,258.11205055056297,1.0,1.0,0.0005508921938426954,0.00048688073866908084,0.0,18.0,1.0,1.0,46.84980145693008,0.0,1.0,1.0,1.0,36.0,2.0,0.0,1.0,1.0,1.0,1.0,1.0,1.0,1.0,1.0,1.0,1.0,1.0,0.0009593877647632781,6.0,5.0,1.0,5.0,8.245618930708394,379.51381744275767,1.9994491078061571,1.999513119261331,16.0,39030.661667053,6871.304213683076,1.0,3431.238866580321,0.0,101.15402693904534,1.0,1.0,0.0,0.0,1.0,0.0,5.0,1.0,1.0,0.0009593877647632781,0.0009593877647632781,1.0,93.98148552978,-223.35513382096008,317.3366193507401,5036.71015533397,0.0,0.0,0.0,7.081733471226715,13.386669661953265,10.807503597535247,13.138734349732143,44.41464108044737,483.8877232100327,453.1083059285686,936.9960291386012,0.028063501242595695,0.026376305124442164,0.028063501242595695,0.026376305124442164,0.0,8029.487449773829,195.9651592442227,159.99214982163627,0.0,159.99214982163627,1.0,374.81474316626867,0.0,28.235426782061275,31.931336714440278,50.16989208533346,34.65046941126342,28.235426782061275,31.931336714440278,50.16989208533346,34.65046941126342,144.98712499309843,0.0,0.0,0.0,0.0,0.0,144.98712499309843,0.0,22.615747250283206,0.0,39,7200.0,101.15402693904534,2899.7424998619686,3682.339168534954,22.615747250283206,7.610722421745355,336.993070815688,336.993070815688,335.0327007314401,804.1856007314401,788.8363219960087,469.1529,806.145970815688,358.711660498827,299.1972955235578,397.700635490508,-223.35513382096008,317.3366193507401,1.0,397.700635490508,1.0,969.0828552169305,12338.553847460957,612.1504252521984
