B_in,B_out,CV_boundary,MaxMin_boundary,OverflowRatio_boundary,boundary_balance_controllable,boundary_balance_degenerate,boundary_empty_ratio,boundary_in_empty_ratio,boundary_in_load_veh,boundary_in_saturation_ratio,boundary_out_empty_ratio,boundary_out_load_veh,boundary_out_saturation_ratio,boundary_out_sink_veh,boundary_saturation_ratio,buffer_down_end_rho_FW_E,buffer_down_end_rho_FW_W,buffer_down_max_rho_FW_E,buffer_down_max_rho_FW_W,buffer_up_max_rho_FW_E,buffer_up_max_rho_FW_W,capacity_drop_active,capacity_drop_lane_loss_FW_E_last,capacity_drop_lane_loss_FW_E_seg0,capacity_drop_lane_loss_FW_E_seg1,capacity_drop_lane_loss_FW_E_seg2,capacity_drop_lane_loss_FW_E_seg3,capacity_drop_lane_loss_FW_E_seg4,capacity_drop_lane_loss_FW_E_seg5,capacity_drop_lane_loss_FW_E_seg6,capacity_drop_lane_loss_FW_E_seg7,capacity_drop_lane_loss_FW_W_last,capacity_drop_lane_loss_FW_W_seg0,capacity_drop_lane_loss_FW_W_seg1,capacity_drop_lane_loss_FW_W_seg2,capacity_drop_lane_loss_FW_W_seg3,capacity_drop_lane_loss_FW_W_seg4,capacity_drop_lane_loss_FW_W_seg5,capacity_drop_lane_loss_FW_W_seg6,capacity_drop_lane_loss_FW_W_seg7,computation_time_sec,coupling_aggregate_urban_model,coupling_freeway_substeps,coupling_movement_urban_model,coupling_nested_order_active,coupling_offramp_arrivals_accepted_veh,coupling_offramp_arrivals_rejected_veh,coupling_offramp_storage_active,coupling_offramp_storage_ttt_moved_to_freeway,coupling_onramp_sync_active,coupling_onramp_two_reservoir_active,coupling_urban_substeps,cumulative_freeway_ttt,cumulative_total_ttt,cumulative_urban_ttt,density_exceedance_count,density_projection_count,inbound_service_veh,incident_lane_closure_active,lambda_eff_FW_E_last,lambda_eff_FW_E_seg0,lambda_eff_FW_E_seg1,lambda_eff_FW_E_seg2,lambda_eff_FW_E_seg3,lambda_eff_FW_E_seg4,lambda_eff_FW_E_seg5,lambda_eff_FW_E_seg6,lambda_eff_FW_E_seg7,lambda_eff_FW_W_last,lambda_eff_FW_W_seg0,lambda_eff_FW_W_seg1,lambda_eff_FW_W_seg2,lambda_eff_FW_W_seg3,lambda_eff_FW_W_seg4,lambda_eff_FW_W_seg5,lambda_eff_FW_W_seg6,lambda_eff_FW_W_seg7,mainline_exit_flow_total,mainline_origin_queue_total_veh,mean_ramp_receiving_factor,mean_segment_flow,metering_over_release_flow,metering_shortfall_flow,metering_target_infeasible,movement_queue_model_active,movement_queue_projection_protected_veh,movement_queue_projection_veh,net_inflow,net_inflow_target,net_inflow_tracking_error,nuf_target_flow,offramp_blocked_flow_FW_E,offramp_blocked_flow_FW_W,offramp_blocked_flow_OR_D_E,offramp_blocked_flow_OR_D_W,offramp_blocked_flow_OR_F_E,offramp_blocked_flow_OR_F_W,offramp_blocked_flow_total,offramp_departures_OR_D_E_veh,offramp_departures_OR_D_W_veh,offramp_departures_OR_F_E_veh,offramp_departures_OR_F_W_veh,offramp_departures_veh,offramp_flow_FW_E,offramp_flow_FW_W,offramp_flow_OR_D_E,offramp_flow_OR_D_W,offramp_flow_OR_F_E,offramp_flow_OR_F_W,offramp_flow_total,offramp_occupancy_ratio_OR_D_E,offramp_occupancy_ratio_OR_D_W,offramp_occupancy_ratio_OR_F_E,offramp_occupancy_ratio_OR_F_W,offramp_storage_binding,offramp_storage_occupancy_veh,offramp_storage_ttt,onramp_approach_queue_veh,onramp_arrivals_veh,onramp_green_release_request_veh,onramp_green_release_shortfall_veh,onramp_green_releases_veh,onramp_two_reservoir_active,outbound_service_veh,queue_overflow_count,ramp_metering_release_actual_R_D_E_veh,ramp_metering_release_actual_R_D_W_veh,ramp_metering_release_actual_R_F_E_veh,ramp_metering_release_actual_R_F_W_veh,ramp_metering_release_request_R_D_E_veh,ramp_metering_release_request_R_D_W_veh,ramp_metering_release_request_R_F_E_veh,ramp_metering_release_request_R_F_W_veh,ramp_metering_release_request_veh,ramp_metering_release_shortfall_R_D_E_veh,ramp_metering_release_shortfall_R_D_W_veh,ramp_metering_release_shortfall_R_F_E_veh,ramp_metering_release_shortfall_R_F_W_veh,ramp_metering_release_shortfall_veh,ramp_metering_releases_veh,ramp_queue_overflow_count,ramp_queue_veh,speed_projection_count,step,step_freeway_ttt,step_total_ttt,step_urban_ttt,time_sec,total_metering_error,total_metering_flow,total_no_meter_flow,total_ramp_queue_end_veh,total_ramp_queue_start_veh,urban_accumulation_abs_error_veh,urban_accumulation_error_veh,urban_accumulation_initial_error_veh,urban_accumulation_initial_veh,urban_accumulation_mean_veh,urban_accumulation_target_disabled,urban_accumulation_target_veh,urban_accumulation_veh,urban_demand_arrivals_veh,urban_gate_inflow_veh,urban_link_occupancy_veh,urban_net_inflow_target_veh,urban_net_inflow_target_veh_h,urban_net_inflow_tracking_error_veh_h,urban_storage_active,urban_storage_occupancy,urban_substep_active,urban_total_departures_veh,urban_total_vehicles_veh,urban_uncontrolled_node_movement_queue_veh,urban_uncontrolled_node_storage_occupancy_veh,urban_uncontrolled_node_ttt,urban_uncontrolled_node_vehicles_veh
0.10906752279580667,0.0006760411032990521,1.1415903434918246,6.666666666666665,0.0,1.0,0.0,0.42857142857142855,0.42857142857142855,23.333333333333332,0.0,0.0,10.033333333333335,0.0,93.55721963014263,0.0,87.18538985543594,87.17034156760886,252.65268413023549,252.3161201240298,65.69602905275929,62.55148929163214,1.0,0.0,0.0,0.0,0.0004197951529092414,0.0,0.003662414218557977,0.0,0.0,0.0,0.0,0.0,0.0,0.00041970654919147127,0.0,0.0036226953685099847,0.0,0.0,0.0,2.9499991796910763e-05,0.0,18.0,1.0,1.0,61.62578728097263,0.0,1.0,0.19144005025090896,1.0,1.0,36.0,15.509842259112897,24.785860738900226,9.276018479787327,0.0,0.0,290.42377841870416,0.0,2.0,2.0,2.0,1.999580204847091,2.0,1.9963375857814423,2.0,2.0,2.0,2.0,2.0,2.0,1.9995802934508085,2.0,1.99637730463149,2.0,2.0,2.0,1846.825954141759,0.0,1.0,1680.5383697346554,1681.6944444444443,0.0,0.0,1.0,0.0,0.0,3172.5268654021193,0.0,3172.5268654021193,0.0,0.0,0.0,0.0,0.0,0.0,0.0,0.0,11.380556216608838,11.352071265246565,18.709842103440614,18.564642166741535,60.00711175203756,618.4923127106008,614.0234329088514,233.47570540911252,232.63234950459935,385.01660730148825,381.3910834042521,1232.5157456194522,0.008061393105795468,0.00806083510031614,0.023172166297477568,0.02305254685745165,0.0,0.0,0.0,10.033333333333335,60.2,85.97395833333333,0.0,85.97395833333333,1.0,131.7974351485982,0.0,21.12083333333333,19.99305555555555,22.049305555555556,20.92152777777778,21.12083333333333,19.99305555555555,22.049305555555556,20.92152777777778,84.08472222222221,0.0,0.0,0.0,0.0,0.0,84.08472222222221,0.0,1.8892361111111113,0.0,0,15.509842259112897,24.785860738900226,9.276018479787327,180.0,1681.6944444444443,1681.6944444444443,1681.6944444444443,1.8892361111111113,0.0,0.0,0.0,0.0,160.78237238188436,131.74710570685758,1.0,0.0,161.05926712189546,113.75,213.95833333333331,134.8700310107844,0.0,0.0,3172.5268654021193,1.0,134.8700310107844,1.0,479.97611399367827,194.4259337885622,0.0,78.63435045376687,2.2299059464561557,78.63435045376687
0.19428571428571434,0.0009328734074558476,0.8055293050330398,5.416666666666668,0.0,0.0,1.0,0.5714285714285714,0.5714285714285714,14.583333333333336,0.0,0.0,14.654644097222222,0.0,121.7455211445722,0.0,172.64420104355827,169.36780351273376,173.83493123953275,170.53161854437826,68.44806141369591,65.13320505243219,1.0,0.0,0.0,0.0,0.0010016321120913415,0.0,0.0016942690983039713,0.0,0.0,0.0,0.0,0.0,0.0,0.0009097710388633483,0.0,0.001513260882745504,0.0,0.0,0.0,1.939997309818864e-05,0.0,18.0,1.0,1.0,36.64158882714051,0.0,1.0,0.21843505026613497,1.0,1.0,36.0,28.862461437183214,47.255340463324764,18.39287902614155,0.0,0.0,145.20771719852362,0.0,2.0,2.0,2.0,1.9989983678879086,2.0,1.998305730901696,2.0,2.0,2.0,2.0,2.0,2.0,1.9990902289611365,2.0,1.9984867391172547,2.0,2.0,2.0,4194.656865626395,0.0,1.0,1051.86753066108,1888.0782431927776,0.0,0.0,1.0,0.0,0.0,-1026.2679078093934,0.0,1026.2679078093934,0.0,0.0,0.0,0.0,0.0,0.0,0.0,0.0,4.999298799506313,4.769510451284425,6.635970698359998,6.302937249372917,22.707717198523653,375.58288600350653,357.2488905393035,161.26276475083867,153.76104824212308,214.32012125266792,203.48784229718038,732.83177654281,0.016127927205788248,0.015369905780309247,0.0212586361607649,0.0200552142751826,0.0,12.949450428973847,0.017985347818019234,14.654644097222222,60.2,94.87846915394303,0.0,94.87846915394303,1.0,196.5211125889933,0.0,23.78142835697055,22.381428356970552,24.820527722848887,23.420527722848885,23.78142835697055,22.381428356970552,24.820527722848887,23.420527722848885,94.40391215963888,0.0,0.0,0.0,0.0,0.0,94.40391215963888,0.0,2.3637931054152705,0.0,1,13.352619178070317,22.46947972442454,9.116860546354225,360.0,1888.0782431927776,1888.0782431927776,1888.0782431927776,2.3637931054152705,1.8892361111111111,0.0,0.0,0.0,145.9191448304998,163.63714701885715,1.0,0.0,145.22168325801465,113.75,109.58333333333334,121.06231852400833,0.0,0.0,1026.2679078093934,1.0,121.06231852400833,1.0,485.9664399925666,174.45966068857024,0.0,57.084406229636016,3.543124721575926,57.084406229636016
0.10906752279580667,0.00035961324532007843,0.7224459712047838,6.666666666666665,0.0,1.0,0.0,0.42857142857142855,0.42857142857142855,23.333333333333332,0.0,0.0,13.040077349789064,0.0,128.86789344053085,0.0,110.63543561846029,104.68844927165854,122.83736625273049,116.31892850165094,68.49254699926855,65.17170884443748,1.0,0.0,0.0,0.0,0.0006524100522219288,0.0,0.00109713224180388,0.0,0.0,0.0,0.0,0.0,0.0,0.0005912235581556007,0.0,0.000979464029604619,0.0,0.0,0.0,1.6599951777607203e-05,0.0,18.0,1.0,1.0,39.7159486063498,0.0,1.0,0.1279336102953954,1.0,1.0,36.0,41.394587290163344,68.15985492873696,26.765267638573626,0.0,0.0,157.92676933668213,0.0,2.0,2.0,2.0,1.999347589947778,2.0,1.9989028677581961,2.0,2.0,2.0,2.0,2.0,2.0,1.9994087764418442,2.0,1.9990205359703954,2.0,2.0,2.0,2678.5964616206275,0.0,1.0,1130.8281726409598,1898.8704879631618,0.0,0.0,1.0,0.0,0.0,-730.462844222443,0.0,730.462844222443,0.0,0.0,0.0,0.0,0.0,0.0,0.0,0.0,11.53371940239029,10.985520167160388,15.607140058517931,14.800389708613526,52.926769336682135,407.42116158141835,386.8978105455776,173.41879037368147,165.16112666839442,234.00237120773687,221.73668387718322,794.318972126996,0.009404198040304216,0.0089508902894802,0.012198302789802152,0.011501482803197141,0.0,0.0,0.0,13.040077349789064,60.2,94.4956625697408,0.0,94.4956625697408,1.0,194.44991154780428,0.0,23.686728660639773,22.28672866063977,25.185033538439285,23.785033538439283,23.686728660639773,22.28672866063977,25.185033538439285,23.785033538439283,94.9435243981581,0.0,0.0,0.0,0.0,0.0,94.9435243981581,0.0,1.9159312769979606,0.0,2,12.532125852980132,20.904514465412205,8.372388612432076,540.0,1898.8704879631618,1898.8704879631618,1898.8704879631623,1.9159312769979606,2.3637931054152705,0.0,0.0,0.0,141.89597153842095,147.25823001441137,1.0,0.0,141.599463331857,113.75,98.54166666666667,111.9171275014971,0.0,0.0,730.462844222443,1.0,111.9171275014971,1.0,462.47169477177744,177.97287401497942,0.0,53.44692610937295,2.7287518650601608,53.44692610937295
0.19428571428571434,0.0008558599289567037,0.7967613097769205,5.416666666666668,0.0,0.0,1.0,0.5714285714285714,0.5714285714285714,14.583333333333336,0.0,0.0,15.281607675512056,0.0,118.02564964895927,0.0,116.20205017911479,109.73294680416018,121.90295976929079,115.19436886834191,68.49294962065828,65.1720367656024,1.0,0.0,0.0,0.0,0.0013077921480305497,0.0,0.002196991535564482,0.0,0.0,0.0,0.0,0.0,0.0,0.0011852395639804102,0.0,0.001956539062291688,0.0,0.0,0.0,1.6700010746717453e-05,0.0,18.0,1.0,1.0,39.68734550254693,0.0,1.0,0.2537151525196853,1.0,1.0,36.0,54.12712638724971,88.97595036281948,34.848823975569765,0.0,0.0,148.93894052183887,0.0,2.0,2.0,2.0,1.9986922078519693,2.0,1.9978030084644354,2.0,2.0,2.0,2.0,2.0,2.0,1.9988147604360198,2.0,1.9980434609377085,2.0,2.0,2.0,2809.807492582915,0.0,1.0,1123.4704545121697,1882.1729099482077,0.0,0.0,1.0,0.0,0.0,-834.5613878553668,0.0,834.5613878553668,0.0,0.0,0.0,0.0,0.0,0.0,0.0,0.0,5.775728737746839,5.500695930233853,7.784861488649716,7.377654365208494,26.4389405218389,407.0792965115915,386.6676135393473,173.1477626984219,164.90324153614296,233.9315338131696,221.76437200320436,793.7469100509388,0.01883063019755719,0.017923992268634906,0.02447276858055246,0.0230467915043655,0.0,13.102962154922672,0.01819855854850371,15.281607675512056,60.2,94.60455450875146,0.0,94.60455450875146,1.0,190.6670099146072,0.0,23.69450796838105,22.29450796838105,24.75981478032414,23.359814780324143,23.69450796838105,22.29450796838105,24.75981478032414,23.359814780324143,94.10864549741038,0.0,0.0,0.0,0.0,0.0,94.10864549741038,0.0,2.4118402883390426,0.0,3,12.732539097086367,20.816095434082506,8.083556336996137,720.0,1882.1729099482077,1882.1729099482077,1882.1729099482077,2.4118402883390426,1.9159312769979604,0.0,0.0,0.0,135.57125506748602,143.3868249341491,1.0,0.0,135.86666937026106,113.75,109.58333333333334,112.1820641799421,0.0,0.0,834.5613878553668,1.0,112.1820641799421,1.0,452.1183120147034,165.73161037910648,0.0,54.77327482173766,2.790723785372706,54.77327482173766
0.10906752279580667,0.0003599262852426177,0.7140208202654614,6.666666666666665,0.0,1.0,0.0,0.42857142857142855,0.42857142857142855,23.333333333333332,0.0,0.0,13.028769405042967,0.0,121.94619755900202,0.0,114.90476798032574,108.40660481399512,121.1837516020251,114.51682512035008,68.49294845134229,65.17203578706793,1.0,0.0,0.0,0.0,0.0006536186846495755,0.0,0.0010873792629253229,0.0,0.0,0.0,0.0,0.0,0.0,0.0005923640355494827,0.0,0.0009680125621093463,0.0,0.0,0.0,3.139994805678725e-05,0.0,18.0,1.0,1.0,39.464657448239194,0.0,1.0,0.12769259509606268,1.0,1.0,36.0,66.6470613866984,109.70347290216282,43.056411515464426,0.0,0.0,157.7331034480562,0.0,2.0,2.0,2.0,1.9993463813153507,2.0,1.9989126207370747,2.0,2.0,2.0,2.0,2.0,2.0,1.9994076359644504,2.0,1.9990319874378908,2.0,2.0,2.0,2781.9551251669527,0.0,1.0,1119.0796324441949,1862.9441878490038,0.0,0.0,1.0,0.0,0.0,-571.1123777785315,0.0,571.1123777785315,0.0,0.0,0.0,0.0,0.0,0.0,0.0,0.0,11.550092271971963,11.000088103725552,15.49816165494014,14.684761417418564,52.73310344805622,404.8962906527544,384.3968583120295,173.3657691511219,165.10929347867747,231.53052150163253,219.28756483335204,789.293148964784,0.00941331868682233,0.008960049798814047,0.012167951042585294,0.011456321826742633,0.0,0.0,0.0,13.028769405042967,60.2,92.66554931475176,0.0,92.66554931475176,1.0,186.28872233698277,0.0,23.24805905135811,21.848059051358106,24.725545644866987,23.325545644866985,23.24805905135811,21.848059051358106,24.725545644866987,23.325545644866985,93.1472093924502,0.0,0.0,0.0,0.0,0.0,93.1472093924502,0.0,1.9301802106406156,0.0,4,12.519934999448681,20.72752253934334,8.207587539894659,900.0,1862.9441878490038,1862.9441878490038,1862.9441878490038,1.9301802106406156,2.4118402883390426,0.0,0.0,0.0,141.83958754923532,144.43721903926965,1.0,0.0,141.44086421503175,113.75,98.54166666666667,111.79346591639862,0.0,0.0,571.1123777785315,1.0,111.79346591639862,1.0,453.04390339620056,177.80296695340803,0.0,53.15657892696913,2.7678988036916876,53.15657892696913
0.19428571428571434,0.0008497008210889279,0.7974305314204928,5.416666666666668,0.0,0.0,1.0,0.5714285714285714,0.5714285714285714,14.583333333333336,0.0,0.0,15.333988544164615,0.0,118.30445679341304,0.0,114.59101263958284,108.11379856745083,121.03999003758418,114.37485830262516,68.49294605957903,65.17203377143731,1.0,0.0,0.0,0.0,0.0013074235982790548,0.0,0.002176823298288882,0.0,0.0,0.0,0.0,0.0,0.0,0.0011848995974516792,0.0,0.0019378413578362316,0.0,0.0,0.0,2.1299987565726042e-05,0.0,18.0,1.0,1.0,39.6417183554401,0.0,1.0,0.2529354030996348,1.0,1.0,36.0,79.31582511704195,130.4214816426267,51.105656525584756,0.0,0.0,148.8696427675539,0.0,2.0,2.0,2.0,1.998692576401721,2.0,1.997823176701711,2.0,2.0,2.0,2.0,2.0,2.0,1.998815100402548,2.0,1.9980621586421639,2.0,2.0,2.0,2771.4857533663653,0.0,1.0,1121.0961005023346,1883.2475046946727,0.0,0.0,1.0,0.0,0.0,-843.4489134303544,0.0,843.4489134303544,0.0,0.0,0.0,0.0,0.0,0.0,0.0,0.0,5.774982910726763,5.4999833971718886,7.7506681362198275,7.344008323435441,26.36964276755392,406.61727895525837,386.2170881535436,173.13448547164057,164.89097602625975,233.48279348361777,221.32611212728384,792.8343671088019,0.018828022917543614,0.017921445792882837,0.02435143119830847,0.022927426631774262,0.0,13.105469352996337,0.01820204076805047,15.333988544164615,60.2,94.64572628528181,0.0,94.64572628528181,1.0,191.04208843907162,0.0,23.705470006539514,22.305470006539515,24.775717610827304,23.3757176108273,23.705470006539514,22.305470006539515,24.775717610827304,23.3757176108273,94.16237523473363,0.0,0.0,0.0,0.0,0.0,94.16237523473363,0.0,2.4135312611887905,0.0,5,12.668763730343558,20.718008740463887,8.04924501012033,1080.0,1883.2475046946727,1883.2475046946727,1883.2475046946727,2.4135312611887905,1.9301802106406156,0.0,0.0,0.0,134.96117899136448,142.6778140271521,1.0,0.0,135.25510476476808,113.75,109.58333333333334,111.77936239262982,0.0,0.0,843.4489134303544,1.0,111.77936239262982,1.0,451.39248342398133,165.17242664226603,0.0,54.57053857502348,2.768730037162597,54.57053857502348
0.10636272659340781,0.0006486674299208128,0.9265559716088999,16.250000000000004,0.0,1.0,0.0,0.0,0.0,57.06944444444445,0.0,0.0,28.33328333550332,0.0,149.7499884330703,0.0,115.68635001092902,109.1705174887691,144.00555377093343,136.2199722452696,163.45651604254334,155.29425355663997,1.0,0.0,0.0,0.0,0.0006504262599013538,0.0,0.001489312584083814,0.0,0.0,0.0,0.0,0.0,0.0,0.0005891122371824986,0.0,0.001316671055202106,0.0,0.0,0.0,1.8899969290941954e-05,0.0,18.0,1.0,1.0,47.263766515478764,0.0,1.0,0.14089178590125007,1.0,1.0,36.0,96.84538828208707,160.0346414327205,63.18925315063343,0.0,0.0,289.476273589807,0.0,2.0,2.0,2.0,1.9993495737400986,2.0,1.9985106874159162,2.0,2.0,2.0,2.0,2.0,2.0,1.9994108877628176,2.0,1.998683328944798,2.0,2.0,2.0,2789.419264320068,0.0,1.0,1425.1363299765942,3506.5781365150074,0.0,0.0,1.0,0.0,0.0,195.25010180219942,0.0,195.25010180219942,0.0,0.0,0.0,0.0,0.0,0.0,0.0,0.0,12.28957422344866,11.713131278860914,17.950922892717756,17.008756305890792,58.96238470091812,484.34807705307725,460.92725325649764,194.50567249498422,185.6857150422634,289.84240455809305,275.24153821423425,945.275330309575,0.009390427502226538,0.008937152173040143,0.014274986426509838,0.013390290247931267,0.0,0.0,0.0,28.33328333550332,144.48000000000002,176.75049275206158,0.0,176.75049275206158,1.0,279.71376849969704,0.0,43.935881398919044,41.00365917669682,46.660794236178354,43.72857201395614,43.935881398919044,41.00365917669682,46.660794236178354,43.72857201395614,175.32890682575035,0.0,0.0,0.0,0.0,0.0,175.32890682575035,0.0,3.8351171875,0.0,6,17.52956316504511,29.613159790093782,12.083596625048669,1260.0,3506.5781365150074,3506.5781365150074,3506.5781365150074,3.8351171875,2.4135312611887905,0.0,0.0,0.0,229.62680719171158,191.72423838883736,1.0,0.0,229.71160237810506,273.0,215.01388888888889,184.72847910788704,0.0,0.0,195.25010180219942,1.0,184.72847910788704,1.0,692.1569211459278,315.11433015805284,0.0,86.29686200463732,3.5256083899153694,86.29686200463732
0.12730694069927517,0.004565139801887608,0.8604106537136692,20.795138888888893,0.0,1.0,0.0,0.0,0.0,65.09895833333333,0.0,0.0,69.28034222455999,0.0,238.31172635647388,0.0,165.44550532041922,157.20515095134402,249.52374303642262,236.20088735908027,274.09827062588363,259.0921313770926,1.0,0.0,0.0,0.0,0.006224310173599207,0.0,0.010520105691108814,0.0,0.0,0.0,0.0,0.0,0.0,0.0057170840820494435,0.0,0.009677762194881194,0.0,0.0,0.0,1.9899976905435324e-05,0.0,18.0,1.0,1.0,88.9266295137081,0.0,1.0,0.5576192605079157,1.0,1.0,36.0,128.27603115506278,212.48611251737594,84.21008136231316,0.0,0.0,478.1111879436917,0.0,2.0,2.0,2.0,1.9937756898264007,2.0,1.9894798943088914,2.0,2.0,2.0,2.0,2.0,2.0,1.9942829159179505,2.0,1.9903222378051189,2.0,2.0,2.0,3818.2658782070275,0.0,1.0,2518.6456751396277,5233.520836403549,0.0,0.0,1.0,0.0,0.0,477.6874382769165,0.0,477.6874382769165,0.0,0.0,0.0,0.0,0.0,0.0,0.0,0.0,12.040601444086308,11.536348951618626,15.537445408669686,14.776306028205983,53.8907018325806,908.2386359637896,870.2939543103722,396.2188984715687,379.5757024122665,512.0197374922209,490.71825189810573,1778.5325902741617,0.04036052131638956,0.03867748849699898,0.052962709454893654,0.050658761874596725,0.0,32.93567559813159,0.045743993886293875,69.28034222455999,228.76000000000002,284.2862790598441,0.0,284.2862790598441,1.0,454.2268160298459,0.0,65.67674088843447,64.21062977732336,66.62739113276537,65.16128002165426,65.67674088843447,64.21062977732336,66.62739113276537,65.16128002165426,261.67604182017743,0.0,0.0,0.0,0.0,0.0,261.67604182017743,0.0,26.445354427166627,0.0,7,31.43064287297572,52.45147108465545,21.020828211679735,1440.0,5233.520836403549,5233.520836403549,5233.520836403549,26.445354427166627,3.8351171875,0.0,0.0,0.0,373.38670821724173,319.2438631423518,1.0,0.0,373.0377260164252,432.24999999999994,379.6579861111111,325.2576302474837,0.0,0.0,477.6874382769165,1.0,325.2576302474837,1.0,1154.0498390215348,507.41702657431847,0.0,153.15193845170006,6.132649978215849,153.15193845170006
0.10609912310227382,0.010589109110959227,0.7811472217516151,32.97916666666666,0.0,1.0,0.0,0.0,0.0,104.26562499999999,0.0,0.0,117.93575835427079,0.0,363.40978893203436,0.0,259.13812434529297,249.34700204907736,373.9793581718968,363.8032711335459,298.1620803275151,279.56457520719215,1.0,0.0,0.0,0.0,0.007161777559389095,0.0,0.010428356129709358,0.0,0.0,0.0,0.0,0.0,0.0,0.006703817693985746,0.0,0.009966884924277442,0.0,0.0,0.0,1.8300022929906845e-05,0.0,18.0,1.0,1.0,126.6420228642124,0.0,1.0,0.4745984373018731,1.0,1.0,36.0,172.66373855961476,286.6880167411498,114.02427818153501,8.0,0.0,551.0305472404839,0.0,2.0,2.0,2.0,1.9928382224406107,2.0,1.9895716438702908,2.0,2.0,2.0,2.0,2.0,2.0,1.9932961823060142,2.0,1.9900331150757227,2.0,2.0,2.0,5667.553985225453,0.0,0.9995385998376344,3460.4048942113072,5937.795977432221,0.0,0.0,1.0,0.0,0.0,44.10391968838303,0.0,44.10391968838303,0.0,0.0,0.0,0.0,0.0,0.0,0.0,0.0,35.93085353791654,34.60732326073061,44.25939303210568,43.14964407639772,157.94721390715054,1284.9250148674582,1247.9154424167896,582.1539063030107,561.3375512859106,702.7711085644476,686.577891130879,2532.840457284248,0.03194625846947416,0.030749052520955222,0.04017998656654927,0.03904039878889722,0.0,0.0,0.0,117.93575835427079,228.76000000000002,285.875,0.0,285.875,1.0,548.8253512560648,0.0,74.49305555555556,73.24389871188612,74.88888888888889,74.26395571528052,74.49305555555556,73.24389871188612,74.88888888888889,74.26395571528052,296.8897988716111,0.0,0.0,0.0,0.0,0.0,296.8897988716111,0.0,15.43055555555553,0.0,8,44.38770740455198,74.20190422377382,29.81419681922185,1620.0,5937.795977432221,5937.795977432221,5937.795977432221,15.43055555555553,26.44535442716663,0.0,0.0,0.0,460.9032877193181,437.339281174645,1.0,0.0,454.88806819516816,432.24999999999994,368.5416666666667,347.59605023940946,0.0,0.0,44.10391968838303,1.0,347.59605023940946,1.0,1426.6460756211425,677.089451549439,0.0,161.82693211759963,8.330711293878247,161.82693211759963
0.06566632257958091,0.012881800633640306,0.5782884407962124,20.795138888888893,0.0,1.0,0.0,0.0,0.0,82.84895833333337,0.0,0.0,168.25599078884883,0.0,410.1734862395941,0.0,340.643096795104,334.6401880314548,474.8050530759049,465.59458201260594,303.1678254217642,283.3616332583329,1.0,0.0,0.0,0.0,0.017737624316121556,0.0,0.02548755775930937,0.0,0.0,0.0,0.0,0.0,0.0,0.016264810358509463,0.0,0.02456799599969776,0.0,0.0,0.0,1.71000137925148e-05,0.0,18.0,1.0,1.0,140.2825387208717,0.0,1.0,0.9627816141402954,1.0,1.0,36.0,225.78405412839768,374.43125136991125,148.64719724151354,63.0,0.0,546.5919593919549,0.0,2.0,2.0,2.0,1.9822623756838784,2.0,1.9745124422406906,2.0,2.0,2.0,2.0,2.0,2.0,1.9837351896414905,2.0,1.9754320040003022,2.0,2.0,2.0,6973.325498784122,0.0,0.9790239159957179,3761.5065894011473,5950.555555555555,0.0,0.0,1.0,0.0,0.0,-1794.8977478994948,0.0,1794.8977478994948,0.0,0.0,0.0,0.0,0.0,0.0,0.0,0.0,21.4536551431089,20.547234234753788,25.702834845248958,25.221568502176638,92.92529272528827,1423.5126851734215,1382.1380892440131,647.939416024625,619.8387387093179,775.5732691487966,762.2993505346952,2805.6507744174346,0.0709776372401138,0.0677567500051624,0.08660698945828559,0.08483228344466993,0.0,47.16197932205836,0.06550274905841438,168.25599078884883,228.76000000000002,310.4166666666667,0.0,310.4166666666667,1.0,636.3368467869296,0.0,73.9861111111111,73.9861111111111,74.77777777777777,74.77777777777777,73.9861111111111,73.9861111111111,74.77777777777777,74.77777777777777,297.52777777777777,0.0,0.0,0.0,0.0,0.0,297.52777777777777,0.0,28.319444444444436,0.0,9,53.12031556878292,87.74323462876146,34.62291905997853,1800.0,5950.555555555555,5950.555555555555,5950.555555555555,28.319444444444436,15.43055555555553,0.0,0.0,0.0,462.39952071851116,477.7495559203367,1.0,0.0,459.32964224628887,432.24999999999994,404.5833333333333,380.142418735451,0.0,0.0,1794.8977478994948,1.0,380.142418735451,1.0,1582.612305913231,710.434591368471,0.0,176.48441643157258,8.820404596188244,176.48441643157258
0.11660954545659624,0.013394330145928723,0.8680184106046116,43.64583333333345,0.0,1.0,0.0,0.0,0.0,122.01562500000009,0.0,0.0,226.55948994543425,0.0,438.58058045870047,0.0,394.74868949631343,391.680268626094,522.1472645208572,524.9832049193374,304.1391004359866,283.9435497404838,1.0,0.0,0.0,0.0,0.009246770171259473,0.0,0.013099137083093947,0.0,0.0,0.0,0.0,0.0,0.0,0.008407469201303764,0.0,0.013068040723299701,0.0,0.0,0.0,2.0799983758479357e-05,0.0,18.0,1.0,1.0,139.8552098351369,0.0,1.0,0.5744941618925207,1.0,1.0,36.0,283.9469922840015,471.69147668360455,187.74448439960304,144.0,0.0,580.3093685410414,0.0,2.0,2.0,2.0,1.9907532298287407,2.0,1.986900862916906,2.0,2.0,2.0,2.0,2.0,2.0,1.9915925307986961,2.0,1.9869319592767003,2.0,2.0,2.0,7614.443736945626,0.0,0.9393577741700054,3732.0343268992783,5975.277777777777,0.0,0.0,1.0,0.0,0.0,-661.5707989131552,0.0,661.5707989131552,0.0,0.0,0.0,0.0,0.0,0.0,0.0,0.0,43.60277792142777,41.64559854835078,50.95540770390643,51.0222510340231,187.2260352077081,1409.1978991439432,1387.906297558796,654.3150123829251,624.9833342065989,754.8828867610179,762.9229633521974,2797.1041967027395,0.03819241920404436,0.03605364931038105,0.04775779874986372,0.04758406151062271,0.0,0.0,0.0,226.55948994543425,228.76000000000002,285.875,0.0,285.875,1.0,613.3879084866992,0.0,74.49305555555556,74.49305555555556,74.88888888888889,74.88888888888889,74.49305555555556,74.49305555555556,74.88888888888889,74.88888888888889,298.76388888888886,0.0,0.0,0.0,0.0,0.0,298.76388888888886,0.0,15.43055555555553,0.0,10,58.16293815560385,97.26022531369334,39.09728715808949,1980.0,5975.277777777777,5975.277777777777,5975.277777777777,15.43055555555553,28.319444444444436,0.0,0.0,0.0,494.1738369765813,501.30177135483166,1.0,0.0,485.63993117204916,432.24999999999994,368.5416666666667,369.962194296833,0.0,0.0,661.5707989131552,1.0,369.962194296833,1.0,1571.9250861221117,834.2150461174836,0.0,172.2338209784974,9.202204858649566,172.2338209784974
0.04988856488145882,0.013823382666264206,0.5989677640498166,25.357638888889092,0.0,1.0,0.0,0.0,0.0,100.5989583333335,0.0,0.0,279.9904336587558,0.0,429.9840758526802,0.0,422.10156588315954,423.1401062804296,493.8394234737641,524.6348711965439,304.2503932761477,283.9874986767965,1.0,0.0,0.0,0.0,0.017557479353139227,0.0,0.014616508386068391,0.0,0.0,0.0,0.0,0.0,0.0,0.016560856997755186,0.0,0.020441134296254368,0.0,0.0,0.0,1.7099955584853888e-05,0.0,18.0,1.0,1.0,124.40648422647418,0.0,1.0,0.8722188842058429,1.0,1.0,36.0,347.3730600154568,576.9115278482243,229.53846783276742,160.0,0.0,540.7380803878257,0.0,2.0,2.0,2.0,1.9824425206468608,2.0,1.9853834916139317,2.0,2.0,2.0,2.0,2.0,2.0,1.9834391430022447,2.0,1.9795588657037457,2.0,2.0,2.0,7885.160527671881,0.0,0.8685031218163154,3458.47226902196,5950.555555555555,0.0,0.0,1.0,0.0,0.0,-2339.0133286459586,0.0,2339.0133286459586,0.0,0.0,0.0,0.0,0.0,0.0,0.0,0.0,21.624741595659888,20.801776648216507,20.721807176074734,23.923088301207947,87.07141372115908,1188.4124123905062,1299.7172721389773,639.093288127518,622.7286444885923,549.3191242629881,676.9886276503851,2488.1296845294837,0.07079663120010134,0.06850254999905364,0.06391561172220923,0.07725821158115478,0.0,38.848917152019496,0.053956829377804855,279.9904336587558,228.76000000000002,310.4166666666667,0.0,310.4166666666667,1.0,657.6887468201236,0.0,73.9861111111111,73.9861111111111,74.77777777777777,74.77777777777777,73.9861111111111,73.9861111111111,74.77777777777777,74.77777777777777,297.52777777777777,0.0,0.0,0.0,0.0,0.0,297.52777777777777,0.0,28.319444444444436,0.0,11,63.426067731455305,105.22005116461969,41.793983433164385,2160.0,5950.555555555555,5950.555555555555,5950.555555555555,28.319444444444436,15.43055555555553,0.0,0.0,0.0,466.12355857776527,493.3551977352449,1.0,0.0,461.3063253272122,432.24999999999994,404.5833333333333,379.10059526439227,0.0,0.0,2339.0133286459586,1.0,379.10059526439227,1.0,1614.3630079237564,841.8957173193014,0.0,176.0616262810989,8.964219698753492,176.0616262810989
0.128651224258164,0.01422089469217741,0.9694401594218067,54.31250000000026,0.0,1.0,0.0,0.0,0.0,139.76562500000017,0.0,0.0,338.1942013919588,0.0,416.00757570270605,0.0,423.59686883730456,432.84837306465465,429.1778915358539,463.2688669920967,304.79759629078126,284.0598024210986,1.0,0.0,0.0,0.0,0.003229129720996377,0.0,0.003559139952548788,0.0,0.0,0.0,0.0,0.0,0.0,0.007611105662172811,0.0,0.003987874331087666,0.0,0.0,0.0,1.780001912266016e-05,0.0,18.0,1.0,1.0,87.62515091639395,0.0,1.0,0.34829748412697314,1.0,1.0,36.0,415.9892141041314,690.1484095860059,274.15919548187446,150.0,0.0,521.622055603317,0.0,2.0,2.0,2.0,1.9967708702790037,2.0,1.996440860047451,2.0,2.0,2.0,2.0,2.0,2.0,1.9923888943378272,2.0,1.9960121256689125,2.0,2.0,2.0,7952.900266783485,0.0,0.7415853341281645,2940.4150411311452,5975.277777777777,0.0,0.0,1.0,0.0,0.0,-1727.2056133069618,0.0,1727.2056133069618,0.0,0.0,0.0,0.0,0.0,0.0,0.0,0.0,28.006337422526364,38.955911153293236,28.92230735235872,32.654166341805436,128.53872226998377,757.3499834304698,995.1530348974089,326.8667945639572,560.5393893792015,430.48318886651265,434.61364551820753,1752.5030183278789,0.0225133086182206,0.03412073630278492,0.02185993662392063,0.024311166069177364,0.0,0.0,0.0,338.1942013919588,228.76000000000002,285.875,0.0,285.875,1.0,607.9823362686651,0.0,74.49305555555556,74.49305555555556,74.88888888888889,74.88888888888889,74.49305555555556,74.49305555555556,74.88888888888889,74.88888888888889,298.76388888888886,0.0,0.0,0.0,0.0,0.0,298.76388888888886,0.0,15.43055555555553,7.0,12,68.61615408867459,113.23688173778163,44.62072764910703,2340.0,5975.277777777777,5975.277777777777,5975.277777777777,15.43055555555553,28.319444444444436,0.0,0.0,0.0,457.83207841495255,482.4024788124908,1.0,0.0,451.6020374946249,432.24999999999994,368.5416666666667,334.94376889941293,0.0,0.0,1727.2056133069618,1.0,334.94376889941293,1.0,1500.8292131261048,929.561863886584,0.0,154.7237123996055,8.77784067420559,154.7237123996055
0.051803859039638134,0.014776992819089008,0.778067819125828,36.02430555555592,0.0,1.0,0.0,0.0,0.0,118.3489583333336,0.0,0.0,389.4290649722345,0.0,394.9967245079002,0.0,390.97432630553,415.6419110015478,400.4807144385809,415.7044838939452,326.9957255142619,285.88752152407477,1.0,0.0,0.0,0.0,0.0015645421950834576,0.0,0.010721272006869577,0.0,0.0,0.0,0.0,0.0,0.0,0.0029813119837741103,0.0,0.008783199070696579,0.0,0.0,0.0,1.7499958630651236e-05,0.0,18.0,1.0,1.0,68.00241382068954,0.0,1.0,0.4620896055496649,1.0,1.0,36.0,492.4265623451102,812.6864207117897,320.2598583666795,176.0,0.0,498.6254724205655,0.0,2.0,2.0,2.0,1.9984354578049164,2.0,1.9892787279931303,2.0,2.0,2.0,2.0,2.0,2.0,1.997018688016226,2.0,1.9912168009293036,2.0,2.0,2.0,7762.430183521506,0.0,0.6859564656053382,2608.1422200448396,5950.555555555555,0.0,0.0,1.0,0.0,0.0,-2744.7971377283084,0.0,2744.7971377283084,0.0,0.0,0.0,0.0,0.0,0.0,0.0,0.0,6.489789513376742,7.161163282096721,16.513046119812802,14.794806838612605,44.95880575389887,700.12648869331,659.9217877204804,195.41890534831347,194.58891455342214,504.70758334499646,465.3328731670583,1360.0482764137903,0.02045687819603577,0.02794956578425552,0.0539975199435162,0.04850935221247141,0.0,23.1624383561888,0.03217005327248445,389.4290649722345,228.76000000000002,310.4166666666667,0.0,310.4166666666667,1.0,635.8653293069809,0.0,73.9861111111111,73.9861111111111,74.77777777777777,74.77777777777777,73.9861111111111,73.9861111111111,74.77777777777777,74.77777777777777,297.52777777777777,0.0,0.0,0.0,0.0,0.0,297.52777777777777,0.0,28.319444444444436,45.0,13,76.43734824097878,122.53801112578384,46.10066288480507,2520.0,5950.555555555555,5950.555555555555,5950.555555555555,28.319444444444436,15.43055555555553,0.0,0.0,0.0,425.29221542452865,451.1588204082887,1.0,0.0,422.3392551603533,432.24999999999994,404.5833333333333,358.7041019478344,0.0,0.0,2744.7971377283084,1.0,358.7041019478344,1.0,1512.216052279137,930.1172784659215,0.0,161.20446693276318,8.157689669448757,161.20446693276318
0.13540105071940772,0.01510077095656398,1.0721763789996237,64.97916666666711,0.0,1.0,0.0,0.0,0.0,160.1215730164796,0.0,0.0,444.47665894263116,0.0,368.5671472296606,0.0,359.6529750269146,373.86310866551315,401.1501028786326,398.37467000908384,832.8930597803127,341.1303865895753,1.0,0.0,0.0,0.0,0.0008182669371662085,0.0,0.006015713082828358,0.0,0.0,0.0,0.0,0.0,0.0,0.000799257695745391,0.0,0.0057648202224650745,0.0,0.0,0.0,1.7899961676448584e-05,0.0,18.0,1.0,1.0,71.89173025817533,0.0,1.0,0.2568668146581394,1.0,1.0,36.0,577.1096292626713,946.3577432407146,369.24811397804336,209.0,0.0,485.36848574282186,0.0,2.0,2.0,2.0,1.9991817330628336,2.0,1.9939842869171716,2.0,2.0,2.0,2.0,2.0,2.0,1.9992007423042546,2.0,1.994235179777535,2.0,2.0,2.0,7389.438630618525,0.0,0.7182819642590329,2396.4207581826618,5975.277777777777,0.0,0.0,1.0,0.0,0.0,-1727.5793204285637,0.0,1727.5793204285637,0.0,0.0,0.0,0.0,0.0,0.0,0.0,0.0,12.941092882056623,12.864981954025076,35.06415285466086,34.020872735225325,94.89110042596788,725.2045951026312,712.6300100608754,194.57302645995705,193.8050743553132,530.6315686426741,518.8249357055621,1437.8346051635065,0.01050607115419574,0.010389571577810577,0.029080789251439823,0.028222558221618437,0.0,0.0,0.0,444.47665894263116,228.76000000000002,285.875,0.0,285.875,1.0,571.7474517642501,0.0,74.49305555555556,74.49305555555556,74.88888888888889,74.88888888888889,74.49305555555556,74.49305555555556,74.88888888888889,74.88888888888889,298.76388888888886,0.0,0.0,0.0,0.0,0.0,298.76388888888886,0.0,15.43055555555553,93.0,14,84.6830669175611,133.67132252892497,48.98825561136387,2700.0,5975.277777777777,5975.277777777777,5975.277777777777,15.43055555555553,28.319444444444436,0.0,0.0,0.0,432.27247368576536,442.91127058669167,1.0,0.0,426.9779997031229,432.24999999999994,365.93571865018737,314.5630125981902,0.0,0.0,1727.5793204285637,1.0,314.5630125981902,1.0,1395.6327965592186,1031.5762316622336,0.0,146.19019002670206,8.088868598045257,146.19019002670206
0.03894831080179348,0.014324479803763335,0.8617687303451228,46.69097222222276,0.0,1.0,0.0,0.0,0.0,154.83737053362782,0.0,0.0,483.3968523346362,0.0,378.9930932384587,0.0,355.76224132738656,355.8616123830859,410.9959084592082,405.2294381193165,1766.7860116300797,1084.4137387436479,1.0,0.0,0.0,0.0,0.0022829766127510087,0.0,0.013062602964235559,0.0,0.0,0.0,0.0,0.0,0.0,0.0019245897811182393,0.0,0.012540291569757457,0.0,0.0,0.0,1.999997766688466e-05,0.0,18.0,1.0,1.0,77.1052707433084,0.0,1.0,0.5108581198733689,1.0,1.0,36.0,671.195861403958,1092.1930058242076,420.99714442024964,220.0,0.0,487.7857224509505,0.0,2.0,2.0,2.0,1.9977170233872488,2.0,1.9869373970357644,2.0,2.0,2.0,2.0,2.0,2.0,1.998075410218882,2.0,1.9874597084302426,2.0,2.0,2.0,7252.398478512339,0.0,0.756888234839052,2428.498648726502,5950.555555555555,0.0,0.0,1.0,0.0,0.0,-2610.125078336925,0.0,2610.125078336925,0.0,0.0,0.0,0.0,0.0,0.0,0.0,0.0,7.584740770549017,6.486091483956116,18.30428480113456,17.87640291245892,50.25151996809861,790.7694832602027,751.3359316059649,237.03559310569466,209.43294676239105,553.7338901545081,541.9029848435738,1542.1054148661676,0.024600313016650478,0.022625973973103078,0.06017126554396558,0.05883330068408554,0.0,26.4754429662595,0.036771448564249305,483.3968523346362,228.76000000000002,310.4166666666667,0.0,310.4166666666667,1.0,618.2919763677968,0.0,73.9861111111111,73.9861111111111,74.77777777777777,74.77777777777777,73.9861111111111,73.9861111111111,74.77777777777777,74.77777777777777,297.52777777777777,0.0,0.0,0.0,0.0,0.0,297.52777777777777,0.0,28.319444444444436,77.0,15,94.08623214128674,145.83526258349303,51.74903044220629,2880.0,5950.555555555555,5950.555555555555,5950.555555555555,28.319444444444436,15.43055555555553,0.0,0.0,0.0,417.6402834949959,434.73661820416044,1.0,0.0,415.1937688569479,432.24999999999994,388.4508691495186,351.5662345682923,0.0,0.0,2610.125078336925,1.0,351.5662345682923,1.0,1460.8048915748375,1053.427991725212,0.0,164.83994660930094,8.055636740270668,164.83994660930094
0.09661084407720374,0.013608230956325684,1.0450744794728393,75.64583333333397,0.0,1.0,0.0,0.0,0.0,218.25403720029468,0.0,0.0,524.684964016591,0.0,364.4160176973966,0.0,361.8753280554823,358.12241835178844,424.5591013743256,417.88802388906817,1793.8165296028785,1779.7537419043063,1.0,0.0,0.0,0.0,0.0016677165630077065,0.0,0.0069710693268472,0.0,0.0,0.0,0.0,0.0,0.0,0.0013327653701940248,0.0,0.006798435723172563,0.0,0.0,0.0,2.6300025638192892e-05,0.0,18.0,1.0,1.0,83.47983682002669,0.0,1.0,0.30324519437437475,1.0,1.0,36.0,773.7343379498211,1250.384075577611,476.64973762778976,247.0,0.0,478.4233697927323,0.0,2.0,2.0,2.0,1.9983322834369923,2.0,1.9930289306731528,2.0,2.0,2.0,2.0,2.0,2.0,1.998667234629806,2.0,1.9932015642768275,2.0,2.0,2.0,7296.17371382783,0.0,0.7907319725452369,2534.6425915476775,5975.277777777777,0.0,0.0,1.0,0.0,0.0,-1684.7219039243882,0.0,1684.7219039243882,0.0,0.0,0.0,0.0,0.0,0.0,0.0,0.0,17.985416314136074,16.498899590065193,37.81455334031158,37.29116721488609,109.59003645939893,850.7410358842305,818.8557005163026,280.1698576652033,255.13926414098069,570.5711782190272,563.7164363753219,1669.596736400533,0.014941118199244374,0.013361493676572416,0.032019763526795995,0.03148811411568341,0.0,0.0,0.0,524.684964016591,228.76000000000002,285.875,0.0,285.875,1.0,562.6594649889516,0.0,74.49305555555556,74.49305555555556,74.88888888888889,74.88888888888889,74.49305555555556,74.49305555555556,74.88888888888889,74.88888888888889,298.76388888888886,0.0,0.0,0.0,0.0,0.0,298.76388888888886,0.0,15.43055555555553,40.0,16,102.53847654586315,158.19106975340327,55.65259320754013,3060.0,5975.277777777777,5975.277777777777,5975.277777777777,15.43055555555553,28.319444444444436,0.0,0.0,0.0,435.1159307980853,438.4784886279351,1.0,0.0,430.7980092703335,432.24999999999994,344.2916666666667,302.76568308770686,0.0,0.0,1684.7219039243882,1.0,302.76568308770686,1.0,1360.984676408244,1173.7370104872193,0.0,140.16417791541022,7.96921686130708,140.16417791541022
0.051796474295566136,0.012925567056740694,0.9802411195585646,56.69030580411992,0.0,1.0,0.0,0.0,0.0,228.2436137984403,0.0,0.0,550.8341571982586,0.0,376.7218970929509,0.0,371.2741308304833,366.508533453681,436.3878374591623,431.4844250302598,1784.456541564729,1773.4135091449793,1.0,0.0,0.0,0.0,0.004615985687048562,0.0,0.014444597234273123,0.0,0.0,0.0,0.0,0.0,0.0,0.00402724546649871,0.0,0.014240410977924771,0.0,0.0,0.0,2.719997428357601e-05,0.0,18.0,1.0,1.0,90.02832710610659,0.0,1.0,0.5998664876716914,1.0,1.0,36.0,884.9471359105895,1420.7397153920538,535.7925794814643,252.0,0.0,481.3765663375405,0.0,2.0,2.0,2.0,1.9953840143129515,2.0,1.9855554027657272,2.0,2.0,2.0,2.0,2.0,2.0,1.9959727545335015,2.0,1.9857595890220752,2.0,2.0,2.0,7394.5627893458895,0.0,0.8162812206709981,2666.943720595454,5950.555555555555,0.0,0.0,1.0,0.0,0.0,-2646.213960776282,0.0,2646.213960776282,0.0,0.0,0.0,0.0,0.0,0.0,0.0,0.0,10.688039998340665,9.934458153283158,19.32431279055276,19.169331993509395,59.11614293568597,913.2253090620283,887.341233060103,331.8213022450602,309.88499865661436,581.404006816968,577.4562344034888,1800.5665421221313,0.035204500108444725,0.03284015849482961,0.06359766551237885,0.06309742499325838,0.0,30.603114426163287,0.04250432559189345,550.8341571982586,228.76000000000002,310.4166666666667,0.0,310.4166666666667,1.0,613.6872643763546,0.0,73.9861111111111,73.9861111111111,74.77777777777777,74.77777777777777,73.9861111111111,73.9861111111111,74.77777777777777,74.77777777777777,297.52777777777777,0.0,0.0,0.0,0.0,0.0,297.52777777777777,0.0,28.319444444444436,6.0,17,111.21279796076841,170.35563981444292,59.14284185367451,3240.0,5950.555555555555,5950.555555555555,5950.555555555555,28.319444444444436,15.43055555555553,0.0,0.0,0.0,430.7180643991668,441.6361090996357,1.0,0.0,427.64681866659413,432.24999999999994,373.1770900685213,338.29829287728614,0.0,0.0,2646.213960776282,1.0,338.29829287728614,1.0,1432.5387685394992,1206.724589663293,0.0,158.35415619954185,7.868794790503671,158.35415619954185
0.08874170708169049,0.012696948088726845,1.0872203416789281,86.31250000000081,0.0,1.0,0.0,0.0,0.0,300.85799722515947,0.0,0.0,583.8178800675889,0.0,367.0486160408888,0.0,380.3614378679058,376.3433077084392,442.49754958785746,440.6057229415329,1821.9247510746588,1771.2399817300777,1.0,0.0,0.0,0.0,0.00288004729146401,0.0,0.00734834166602331,0.0,0.0,0.0,0.0,0.0,0.0,0.0026890903780378717,0.0,0.007350467722081576,0.0,0.0,0.0,1.780001912266016e-05,0.0,18.0,1.0,1.0,94.39586925657754,0.0,1.0,0.3495110810948213,1.0,1.0,36.0,1003.5092891395907,1603.0276652687623,599.5183761291717,252.0,0.0,484.4701290265044,0.0,2.0,2.0,2.0,1.997119952708536,2.0,1.9926516583339766,2.0,2.0,2.0,2.0,2.0,2.0,1.997310909621962,2.0,1.9926495322779185,2.0,2.0,2.0,7496.7730769536365,0.0,0.8241174170125356,2788.2564598097233,5975.277777777777,0.0,0.0,1.0,0.0,0.0,-1509.9066787793472,0.0,1509.9066787793472,0.0,0.0,0.0,0.0,0.0,0.0,0.0,0.0,23.966487592994937,23.063944118248315,38.91843752258327,38.88564321939697,124.83451245322348,948.6295185476888,939.2878665838614,364.92365553073006,354.9269268798708,583.7058630169587,584.3609397039905,1887.91738513155,0.01973258511736095,0.019047951686581233,0.03317604985217984,0.03315711684941775,0.0,0.0,0.0,583.8178800675889,228.76000000000002,285.875,0.0,285.875,1.0,559.9654629654718,0.0,74.49305555555556,74.49305555555556,74.88888888888889,74.88888888888889,74.49305555555556,74.49305555555556,74.88888888888889,74.88888888888889,298.76388888888886,0.0,0.0,0.0,0.0,0.0,298.76388888888886,0.0,15.43055555555553,0.0,18,118.56215322900118,182.28794987670855,63.72579664770738,3420.0,5975.277777777777,5975.277777777777,5975.277777777777,15.43055555555553,28.319444444444436,0.0,0.0,0.0,458.87879112212494,457.51698982428036,1.0,0.0,454.9696087828845,432.24999999999994,335.09394990661434,298.87405513832664,0.0,0.0,1509.9066787793472,1.0,298.87405513832664,1.0,1354.9587332033152,1339.6454860756328,0.0,139.03183451826735,7.9174076224607814,139.03183451826735
0.06519625128077869,0.013627233771164482,1.1129818721770761,84.19671359689926,0.0,1.0,0.0,0.0,0.0,320.5908317811182,0.0,0.0,599.3726414800213,0.0,377.23425356699545,0.0,386.3112176963866,384.1173394775859,442.58127159520643,443.1285374693534,1891.6567444103694,1802.4056156552938,1.0,0.0,0.0,0.0,0.005641875194087024,0.0,0.014294817018699132,0.0,0.0,0.0,0.0,0.0,0.0,0.0058094365582948004,0.0,0.01445998959431939,0.0,0.0,0.0,1.8400023691356182e-05,0.0,18.0,1.0,1.0,94.24937779984778,0.0,1.0,0.6348988398929427,1.0,1.0,36.0,1129.8674439696579,1796.935179859795,667.0677358901371,252.0,0.0,475.6797950493957,0.0,2.0,2.0,2.0,1.9943581248059128,2.0,1.9857051829813008,2.0,2.0,2.0,2.0,2.0,2.0,1.994190563441705,2.0,1.9855400104056808,2.0,2.0,2.0,7569.643459255751,0.0,0.8192600813114598,2837.833146536522,5950.555555555555,0.0,0.0,1.0,0.0,0.0,-2750.619827000517,0.0,2750.619827000517,0.0,0.0,0.0,0.0,0.0,0.0,0.0,0.0,12.166803180788927,12.312691687965541,19.281761404897807,19.40137333170205,63.162629605354326,937.3880197793902,947.5995362175646,360.76333434893246,367.46763879885435,576.6246854304578,580.1318974187102,1884.9875559969546,0.03910438948479669,0.03967551726450689,0.06329877906008255,0.06369301386307599,0.0,31.240689861033736,0.04338984702921352,599.3726414800213,228.76000000000002,310.4166666666667,0.0,310.4166666666667,1.0,613.2107863994215,0.0,73.9861111111111,73.9861111111111,74.77777777777777,74.77777777777777,73.9861111111111,73.9861111111111,74.77777777777777,74.77777777777777,297.52777777777777,0.0,0.0,0.0,0.0,0.0,297.52777777777777,0.0,28.319444444444436,0.0,19,126.35815483006715,193.90751459103262,67.54935976096547,3600.0,5950.555555555555,5950.555555555555,5950.555555555555,28.319444444444436,15.43055555555553,0.0,0.0,0.0,459.32047565841253,467.19838107678453,1.0,0.0,456.2037221861901,432.24999999999994,363.43383211070807,332.50578965447124,0.0,0.0,2750.619827000517,1.0,332.50578965447124,1.0,1412.9694044676687,1376.1671954473297,0.0,157.45341144566336,7.832286804515514,157.45341144566336
0.08153590149890291,0.014477094092751885,1.1223303224721606,119.0717135968993,0.0,1.0,0.0,0.0,0.0,403.3417272154231,0.0,0.0,622.5533698012633,0.0,359.787849256868,0.0,388.08888520642387,387.76224561910504,440.4114581960814,441.2496492984526,2349.7350286234755,1862.6357352673035,1.0,0.0,0.0,0.0,0.002538048113308612,0.0,0.0070388562273068465,0.0,0.0,0.0,0.0,0.0,0.0,0.0026304344341000732,0.0,0.007068144709691946,0.0,0.0,0.0,1.6900012269616127e-05,0.0,18.0,1.0,1.0,91.82214151945195,0.0,1.0,0.34031154196156155,1.0,1.0,36.0,1263.1696028486308,2002.5467384038748,739.377135555244,252.0,0.0,472.62059084204424,0.0,2.0,2.0,2.0,1.9974619518866912,2.0,1.992961143772693,2.0,2.0,2.0,2.0,2.0,2.0,1.9973695655658998,2.0,1.992931855290308,2.0,2.0,2.0,7599.509049018043,0.0,0.8146943341371267,2798.899333376054,5975.277777777777,0.0,0.0,1.0,0.0,0.0,-1606.1599985592366,0.0,1606.1599985592366,0.0,0.0,0.0,0.0,0.0,0.0,0.0,0.0,23.097578070920495,23.539325214572294,38.18696150005271,38.29762149080359,123.12148627634909,915.2092375466176,921.2335928424213,342.9490071382413,348.06023629762814,572.2602304083762,573.1733565447933,1836.442830389039,0.018535260227887904,0.018880371873778935,0.0323129374986382,0.03241525943346475,0.0,0.0,0.0,622.5533698012633,228.76000000000002,285.875,0.0,285.875,1.0,552.928590770006,0.0,74.49305555555556,74.49305555555556,74.88888888888889,74.88888888888889,74.49305555555556,74.49305555555556,74.88888888888889,74.88888888888889,298.76388888888886,0.0,0.0,0.0,0.0,0.0,298.76388888888886,0.0,15.43055555555553,0.0,20,133.3021588789729,205.6115585440798,72.30939966510691,3780.0,5975.277777777777,5975.277777777777,5975.277777777777,15.43055555555553,28.319444444444436,0.0,0.0,0.0,492.60539984296764,484.7648950656221,1.0,0.0,488.74073545012914,432.24999999999994,324.95743789902855,287.9782990463725,0.0,0.0,1606.1599985592366,1.0,287.9782990463725,1.0,1318.982019782693,1514.6358324668156,0.0,133.07382361108722,7.715153197388554,133.07382361108722
0.0638479798853073,0.01631414404891207,1.181733486074612,120.07171359689936,0.0,1.0,0.0,0.0,0.0,433.97928859339703,0.0,0.0,627.576995125097,0.0,369.0310110384291,0.0,387.2396604792911,387.7231035446923,439.7302183284226,439.8359217059425,2933.235481510023,2202.0857410526855,1.0,0.0,0.0,0.0,0.0050845971543088675,0.0,0.014081407109151907,0.0,0.0,0.0,0.0,0.0,0.0,0.005051712581380485,0.0,0.014055529059376496,0.0,0.0,0.0,1.680001150816679e-05,0.0,18.0,1.0,1.0,91.63908052512615,0.0,1.0,0.6150697597059726,1.0,1.0,36.0,1404.2627175740238,2220.075209260581,815.8124916865572,252.0,0.0,462.5983801266883,0.0,2.0,2.0,2.0,1.9949154028456912,2.0,1.9859185928908483,2.0,2.0,2.0,2.0,2.0,2.0,1.9949482874186195,2.0,1.9859444709406233,2.0,2.0,2.0,7596.344531502259,0.0,0.8157488842257923,2776.096399799817,5950.555555555555,0.0,0.0,1.0,0.0,0.0,-2867.6897760812953,0.0,2867.6897760812953,0.0,0.0,0.0,0.0,0.0,0.0,0.0,0.0,11.4247586123174,11.38636700892087,19.09757937605243,19.07723650737146,60.98594150466215,917.432884860255,915.3487256422676,344.2145535129227,342.7133175030324,573.2183313473321,572.6354081392352,1832.7816105025222,0.03708062226044479,0.03696378203320544,0.06275166959423742,0.06268927729601073,0.0,30.651613533258313,0.04257168546285877,627.576995125097,228.76000000000002,310.4166666666667,0.0,310.4166666666667,1.0,605.982868930753,0.0,73.9861111111111,73.9861111111111,74.77777777777777,74.77777777777777,73.9861111111111,73.9861111111111,74.77777777777777,74.77777777777777,297.52777777777777,0.0,0.0,0.0,0.0,0.0,297.52777777777777,0.0,28.319444444444436,0.0,21,141.0931147253929,217.52847085670612,76.43535613131324,3960.0,5950.555555555555,5950.555555555555,5950.555555555555,28.319444444444436,15.43055555555553,0.0,0.0,0.0,496.55371094614395,500.35669074099303,1.0,0.0,495.6278125478924,432.24999999999994,352.52910528869285,331.97411726381245,0.0,0.0,2867.6897760812953,1.0,331.97411726381245,1.0,1373.9113458381357,1557.1840962663864,0.0,160.26197119768472,7.578994030016673,160.26197119768472
0.07310909592236142,0.01743709132925564,1.139226290074756,153.48838026356609,0.0,1.0,0.0,0.0,0.0,522.5719699671304,0.0,0.0,647.1615232062339,0.0,349.8931022097343,0.0,386.37105906107956,386.6461500434667,439.89515423284143,439.8289816844677,3110.7728157753822,2734.754009670035,1.0,0.0,0.0,0.0,0.0025901986809800815,0.0,0.007085274210128241,0.0,0.0,0.0,0.0,0.0,0.0,0.002582994667301423,0.0,0.007083051806467449,0.0,0.0,0.0,1.6600009985268116e-05,0.0,18.0,1.0,1.0,91.98365318781137,0.0,1.0,0.34026314344467273,1.0,1.0,36.0,1552.3668869623166,2449.7841781046427,897.4172911423259,252.0,0.0,466.25728281777447,0.0,2.0,2.0,2.0,1.9974098013190198,2.0,1.9929147257898718,2.0,2.0,2.0,2.0,2.0,2.0,1.9974170053326985,2.0,1.9929169481935327,2.0,2.0,2.0,7586.33978572756,198.53389379956621,0.8159373436843809,2787.6189202831843,5975.277777777777,0.0,0.0,1.0,0.0,0.0,-1544.5173165152355,0.0,1544.5173165152355,0.0,0.0,0.0,0.0,0.0,0.0,0.0,0.0,23.0780177053144,23.022565449699936,38.256479058298545,38.24290197819495,122.59996419150784,920.0606406360823,919.6124231201443,346.1168181282937,345.7382163725713,573.9438225077886,573.8742067475729,1839.6730637562266,0.018718842579847298,0.018690851902433317,0.03242769621116229,0.032417800518986954,0.0,0.0,0.0,647.1615232062339,228.76000000000002,285.875,0.0,285.875,1.0,543.4831486435363,0.0,74.49305555555556,74.49305555555556,74.88888888888889,74.88888888888889,74.49305555555556,74.49305555555556,74.88888888888889,74.88888888888889,298.76388888888886,0.0,0.0,0.0,0.0,0.0,298.76388888888886,0.0,15.43055555555553,0.0,22,148.10416938829283,229.70896884406153,81.60479945576871,4140.0,5975.277777777777,5975.277777777777,5975.277777777777,15.43055555555553,28.319444444444436,0.0,0.0,0.0,538.3717761220918,526.6270947681262,1.0,0.0,535.2924650747996,432.24999999999994,319.11565195960003,283.07442818217106,0.0,0.0,1544.5173165152355,1.0,283.07442818217106,1.0,1291.3316504616805,1705.0259582481638,0.0,130.82089042724533,7.568090190766197,130.82089042724533
0.06357063999059212,0.019527017655842582,1.210113171668949,154.4883802635656,0.0,1.0,0.0,0.0,0.0,555.0722936880135,0.0,0.0,650.1096773528282,0.0,366.0592259517315,0.0,386.2144796076511,386.23847773417333,439.96822391214397,439.96197949120926,3129.583279654204,3027.4147619429455,1.0,0.0,0.0,0.0,0.005160732940256775,0.0,0.014114464194122791,0.0,0.0,0.0,0.0,0.0,0.0,0.0051671024504782075,0.0,0.014116102935990712,0.0,0.0,0.0,1.7600017599761486e-05,0.0,18.0,1.0,1.0,92.0149762024535,0.0,1.0,0.6180855153935785,1.0,1.0,36.0,1708.280594070579,2691.7357998345033,983.4552057639243,252.0,0.0,461.0811943520336,0.0,2.0,2.0,2.0,1.9948392670597432,2.0,1.9858855358058771,2.0,2.0,2.0,2.0,2.0,2.0,1.994832897549522,2.0,1.9858838970640091,2.0,2.0,2.0,7583.120327731722,997.0578705052171,0.8161420114046272,2789.0772497252005,5950.555555555555,0.0,0.0,1.0,0.0,0.0,-2831.283411874416,0.0,2831.283411874416,0.0,0.0,0.0,0.0,0.0,0.0,0.0,0.0,11.533766466138454,11.544428304615662,19.125765824798844,19.12755747736411,61.33151807291706,920.0370340960219,920.2624899530482,346.3134367256061,346.5135094563756,573.7235973704157,573.7489804966725,1840.29952404907,0.03736704141225099,0.037390697626044044,0.06283716423261126,0.06284153746386066,0.0,30.714887317421002,0.04265956571864028,650.1096773528282,228.76000000000002,310.4166666666667,0.0,310.4166666666667,1.0,602.6453649457544,0.0,73.9861111111111,73.9861111111111,74.77777777777777,74.77777777777777,73.9861111111111,73.9861111111111,74.77777777777777,74.77777777777777,297.52777777777777,0.0,0.0,0.0,0.0,0.0,297.52777777777777,0.0,28.319444444444436,0.0,23,155.91370710826232,241.95162172986073,86.0379146215984,4320.0,5950.555555555555,5950.555555555555,5950.555555555555,28.319444444444436,15.43055555555553,0.0,0.0,0.0,546.6372118720496,548.5898490210755,1.0,0.0,545.709612661845,432.24999999999994,350.66634294578324,329.255340922487,0.0,0.0,2831.283411874416,1.0,329.255340922487,1.0,1363.6355365941643,1750.8915837026868,0.0,159.5583798183365,7.522026495244391,159.5583798183365
0.07035026552233886,0.02074482535192368,1.1627034090471169,187.90504693023183,0.0,1.0,0.0,0.0,0.0,644.217281637508,0.0,0.0,668.2727168895705,0.0,348.402484955355,0.0,386.25325378129247,386.24198886994566,439.95331698888083,439.94457130963025,3138.6787438887686,3113.7224918372217,1.0,0.0,0.0,0.0,0.0025807306246339065,0.0,0.007081743261886363,0.0,0.0,0.0,0.0,0.0,0.0,0.002577991087416545,0.0,0.007080927000235733,0.0,0.0,0.0,1.7199956346303225e-05,0.0,18.0,1.0,1.0,91.93995616473555,0.0,1.0,0.3401095889786821,1.0,1.0,36.0,1871.215703979461,2946.0199560265933,1074.8042520471322,252.0,0.0,465.7307357925481,0.0,2.0,2.0,2.0,1.997419269375366,2.0,1.9929182567381136,2.0,2.0,2.0,2.0,2.0,2.0,1.9974220089125834,2.0,1.9929190729997641,2.0,2.0,2.0,7583.300307876304,2246.8998085049056,0.8158618464636949,2787.0963157367246,5975.277777777777,0.0,0.0,1.0,0.0,0.0,-1519.9514643421135,0.0,1519.9514643421135,0.0,0.0,0.0,0.0,0.0,0.0,0.0,0.0,23.064553907137523,23.058033652699724,38.25231389569896,38.25082228650687,122.62572374204308,919.4808246705153,919.3182986241962,345.64384258420796,345.50479583924727,573.8369820863073,573.813502784949,1838.7991232947118,0.018684209627138744,0.01867414756993271,0.0324190644648233,0.03241683362773159,0.0,0.0,0.0,668.2727168895705,228.76000000000002,285.875,0.0,285.875,1.0,541.7283090096538,0.0,74.49305555555556,74.49305555555556,74.88888888888889,74.88888888888889,74.49305555555556,74.49305555555556,74.88888888888889,74.88888888888889,298.76388888888886,0.0,0.0,0.0,0.0,0.0,298.76388888888886,0.0,15.43055555555553,0.0,24,162.9351099088821,254.28415619209005,91.34904628320795,4500.0,5975.277777777777,5975.277777777777,5975.277777777777,15.43055555555553,28.319444444444436,0.0,0.0,0.0,591.5923100693869,578.4679991077194,1.0,0.0,587.7598239622998,432.24999999999994,318.5633453838384,281.6915687786096,0.0,0.0,1519.9514643421135,1.0,281.6915687786096,1.0,1287.0650222358145,1900.2498224893784,0.0,130.1777705251059,7.552872230922537,130.1777705251059
0.06477763001285733,0.02295584579926596,1.2349160381422062,188.90504693023135,0.0,1.0,0.0,0.0,0.0,677.0391276581739,0.0,0.0,670.9154827053142,0.0,364.7994534311228,0.0,386.2685496845283,386.2614779431472,439.9807375271258,439.98011306203307,3143.8113706442327,3129.831682814825,1.0,0.0,0.0,0.0,0.005163530567222716,0.0,0.014115335101829126,0.0,0.0,0.0,0.0,0.0,0.0,0.005164369073705075,0.0,0.014115960377718846,0.0,0.0,0.0,1.6700010746717453e-05,0.0,18.0,1.0,1.0,92.02567947064864,0.0,1.0,0.6180786158409151,1.0,1.0,36.0,2041.963579262319,3212.6029869132904,1170.6394076509714,252.0,0.0,460.7567991105145,0.0,2.0,2.0,2.0,1.9948364694327774,2.0,1.985884664898171,2.0,2.0,2.0,2.0,2.0,2.0,1.9948356309262951,2.0,1.985884039622281,2.0,2.0,2.0,7583.477091377672,4114.815610692472,0.816185753293278,2788.533026834802,5950.555555555555,0.0,0.0,1.0,0.0,0.0,-2817.6596402609193,0.0,2817.6596402609193,0.0,0.0,0.0,0.0,0.0,0.0,0.0,0.0,11.537007929300552,11.537910459330641,19.126612235306528,19.127114507242993,61.328645131180714,920.2265409529549,920.2870484600179,346.47425034994467,346.5194382495626,573.7522906030102,573.7676102104555,1840.5135894129728,0.0373766234864258,0.03737952242474795,0.06283913825598136,0.06284062257884798,0.0,30.724637783597814,0.04267310803277474,670.9154827053142,228.76000000000002,310.4166666666667,0.0,310.4166666666667,1.0,601.6397811235605,0.0,73.9861111111111,73.9861111111111,74.77777777777777,74.77777777777777,73.9861111111111,73.9861111111111,74.77777777777777,74.77777777777777,297.52777777777777,0.0,0.0,0.0,0.0,0.0,297.52777777777777,0.0,28.319444444444436,0.0,25,170.74787528285782,266.58303088669714,95.83515560383933,4680.0,5950.555555555555,5950.555555555555,5950.555555555555,28.319444444444436,15.43055555555553,0.0,0.0,0.0,600.3451909061888,601.711850578648,1.0,0.0,599.4177371592853,432.24999999999994,350.3448206460005,328.852742439078,0.0,0.0,2817.6596402609193,1.0,328.852742439078,1.0,1361.2426399712929,1947.3723475227735,0.0,159.4359446948917,7.513443279540067,159.4359446948917
0.069841403609601,0.02415658434666934,1.187847104229142,222.32171359689758,0.0,1.0,0.0,0.0,0.0,766.2531539296386,0.0,0.0,688.8943624084877,0.0,348.6051297258215,0.0,386.2773280899505,386.2741627294953,439.9563120435359,439.9578674222202,3147.0621202843995,3138.905075651251,1.0,0.0,0.0,0.0,0.0025805643082558913,0.0,0.007081185037102668,0.0,0.0,0.0,0.0,0.0,0.0,0.0025806626595866744,0.0,0.007081157440857232,0.0,0.0,0.0,2.2099993657320738e-05,0.0,18.0,1.0,1.0,91.94420099488933,0.0,1.0,0.34014774486952704,1.0,1.0,36.0,2219.731092574216,3491.5308132819937,1271.7997207077776,252.0,0.0,465.67796604571424,0.0,2.0,2.0,2.0,1.997419435691744,2.0,1.9929188149628974,2.0,2.0,2.0,2.0,2.0,2.0,1.9974193373404132,2.0,1.9929188425591429,2.0,2.0,2.0,7583.596680263355,6286.559898609853,0.8158392392460738,2787.631731949505,5975.277777777777,0.0,0.0,1.0,0.0,0.0,-1524.946172164804,0.0,1524.946172164804,0.0,0.0,0.0,0.0,0.0,0.0,0.0,0.0,23.06827622455837,23.06978509884229,38.25185509712481,38.25207589665382,122.64199231717929,919.4406827255399,919.4433371722464,345.6252346353817,345.62930845424654,573.8154480901582,573.8140287179998,1838.8840198977862,0.018683866318738706,0.01868429905884438,0.032417866569949626,0.032417914200772606,0.0,0.0,0.0,688.8943624084877,228.76000000000002,285.875,0.0,285.875,1.0,541.9252746539545,0.0,74.49305555555556,74.49305555555556,74.88888888888889,74.88888888888889,74.49305555555556,74.49305555555556,74.88888888888889,74.88888888888889,298.76388888888886,0.0,0.0,0.0,0.0,0.0,298.76388888888886,0.0,15.43055555555553,0.0,26,177.76751331189672,278.9278263687029,101.16031305680613,4860.0,5975.277777777777,5975.277777777777,5975.277777777777,15.43055555555553,28.319444444444436,0.0,0.0,0.0,645.2211222193936,631.9731597333152,1.0,0.0,641.3966937760079,432.24999999999994,318.4943070618683,281.5678851081131,0.0,0.0,1524.946172164804,1.0,281.5678851081131,1.0,1286.8945147509312,2096.5442101141343,0.0,130.0989924176638,7.544400691401601,130.0989924176638
0.06633008635559032,0.02645507311511347,1.2574220356564032,223.32171359689713,0.0,1.0,0.0,0.0,0.0,799.1151902377771,0.0,0.0,691.4989596899168,0.0,364.6987281170923,0.0,386.2761653610969,386.27631736259934,439.9749863788475,439.974357774207,3149.100155289578,3144.01917357253,1.0,0.0,0.0,0.0,0.005161739688344386,0.0,0.014114730239480018,0.0,0.0,0.0,0.0,0.0,0.0,0.005161387755724685,0.0,0.014114609012061815,0.0,0.0,0.0,1.850002445280552e-05,0.0,18.0,1.0,1.0,92.01607297057546,0.0,1.0,0.6180071593862042,1.0,1.0,36.0,2405.311177472086,3782.7631213920326,1377.4519439199466,252.0,0.0,460.7081107396112,0.0,2.0,2.0,2.0,1.9948382603116555,2.0,1.9858852697605203,2.0,2.0,2.0,2.0,2.0,2.0,1.9948386122442754,2.0,1.9858853909879381,2.0,2.0,2.0,7583.5981617017405,8636.92203500039,0.8161731270494008,2788.2003935530597,5950.555555555555,0.0,0.0,1.0,0.0,0.0,-2816.6744996863,0.0,2816.6744996863,0.0,0.0,0.0,0.0,0.0,0.0,0.0,0.0,11.534345411343116,11.533805043021035,19.126054902368345,19.125941691017523,61.32014704775001,920.166800149621,920.1546592618884,346.42333947712444,346.4130831985031,573.7434606724966,573.7415760633853,1840.3214594115093,0.03736993241814869,0.037368624860633526,0.0628375515111532,0.06283723544861247,0.0,30.722857622261515,0.042670635586474326,691.4989596899168,228.76000000000002,310.4166666666667,0.0,310.4166666666667,1.0,601.5418357239262,0.0,73.9861111111111,73.9861111111111,74.77777777777777,74.77777777777777,73.9861111111111,73.9861111111111,74.77777777777777,74.77777777777777,297.52777777777777,0.0,0.0,0.0,0.0,0.0,297.52777777777777,0.0,28.319444444444436,0.0,27,185.58008489787036,291.23230811003936,105.65222321216898,5040.0,5950.555555555555,5950.555555555555,5950.555555555555,28.319444444444436,15.43055555555553,0.0,0.0,0.0,654.0722334529537,655.3863886852193,1.0,0.0,653.1448124504354,432.24999999999994,350.30463035852785,328.7965780416167,0.0,0.0,2816.6744996863,1.0,328.7965780416167,1.0,1360.9643519972026,2143.758962378129,0.0,159.41648135929532,7.511510392130635,159.41648135929532
0.07929045457956457,0.03360338120977546,1.2517410230324253,234.6099080413412,0.0,1.0,0.0,0.0,0.0,780.5766451045732,0.0,0.0,631.4953457438211,0.0,327.5257922484762,0.0,386.2760905471795,386.2759085597901,439.95572358135416,439.95592274838697,3150.4651117484987,3147.1440889186197,1.0,0.0,0.0,0.0,0.0025809019723948496,0.0,0.0070813415680945286,0.0,0.0,0.0,0.0,0.0,0.0,0.002580989998063924,0.0,0.007081368011307876,0.0,0.0,0.0,1.7899961676448584e-05,0.0,18.0,1.0,1.0,91.96450200474477,0.0,1.0,0.34015695948138375,1.0,1.0,36.0,2594.516793722217,4077.33916380191,1482.8223700796937,252.0,0.0,414.18223297362454,0.0,2.0,2.0,2.0,1.9974190980276052,2.0,1.9929186584319056,2.0,2.0,2.0,2.0,2.0,2.0,1.9974190100019362,2.0,1.9929186319886922,2.0,2.0,2.0,7583.603762927486,9968.888052616854,0.8160822175156508,2787.6577713640836,5916.388888888887,0.0,0.0,1.0,0.0,0.0,-2289.2391798755634,0.0,2289.2391798755634,0.0,0.0,0.0,0.0,0.0,0.0,0.0,0.0,23.069543421559164,23.069745852551026,38.252177831520676,38.25222073479039,122.64368784042125,919.6422032877949,919.6478368071007,345.79054687829654,345.7953985954255,573.8516564094983,573.8524382116751,1839.2900400948954,0.018685100482792576,0.018685425000035342,0.032418284257334014,0.032418354073856216,0.0,0.0,0.0,631.4953457438211,144.48000000000002,276.8333333333333,0.0,276.8333333333333,1.0,528.6441919674027,0.0,73.63194444444443,73.63194444444444,74.27777777777777,74.27777777777777,73.63194444444443,73.63194444444444,74.27777777777777,74.27777777777777,295.8194444444444,0.0,0.0,0.0,0.0,0.0,295.8194444444444,0.0,9.333333333333336,0.0,28,189.2056162501308,294.5760424098778,105.37042615974704,5220.0,5916.388888888887,5916.388888888887,5916.388888888887,9.333333333333336,28.319444444444436,0.0,0.0,0.0,670.247744174194,672.3089860338591,1.0,0.0,667.4515337883481,273.0,276.0385451332033,268.9144009328023,0.0,0.0,2289.2391798755634,1.0,268.9144009328023,1.0,1232.4397691743607,2079.5235246367424,0.0,122.59242519041234,7.38493485297953,122.59242519041234
0.10871737692266548,0.0519148218046705,1.4483314664291516,203.57870824308202,0.0,1.0,0.0,0.0,0.0,628.1075062670213,0.0,0.0,496.127267763621,0.0,290.20875453906365,0.0,386.3459106472215,386.3457383392703,441.95587338928,441.9561709322825,3151.3916361485,3149.17205609583,1.0,0.0,0.0,0.0,0.005911109344113356,0.0,0.014981250007197681,0.0,0.0,0.0,0.0,0.0,0.0,0.005911106156786139,0.0,0.014981244253952926,0.0,0.0,0.0,1.7700018361210823e-05,0.0,18.0,1.0,1.0,96.78035676473434,0.0,1.0,0.6450039749294061,1.0,1.0,36.0,2781.3461044631636,4358.865314668755,1577.5192102055912,252.0,0.0,329.5973937097019,0.0,2.0,2.0,2.0,1.9940888906558867,2.0,1.9850187499928025,2.0,2.0,2.0,2.0,2.0,2.0,1.994088893843214,2.0,1.9850187557460472,2.0,2.0,2.0,7584.138492914719,9238.18187946541,0.8317039364358165,2846.5513806179238,5455.494337230637,0.0,0.0,1.0,0.0,0.0,-3915.6812273874893,0.0,3915.6812273874893,0.0,0.0,0.0,0.0,0.0,0.0,0.0,0.0,12.11327994569176,12.113298398289652,19.575840948218396,19.57583557995025,63.37825487215006,967.8039592049079,967.8031760897787,373.7447939881921,373.7441726603025,594.0591652167157,594.0590034294762,1935.6071352946865,0.039864988139533826,0.03986499778666738,0.06472978600786533,0.06472977292999166,0.0,33.02182794544925,0.04586364992423508,496.127267763621,60.2,271.86673075042074,0.0,271.86673075042074,1.0,525.3814550790764,0.0,69.37847222222223,64.28513352819851,69.55555555555556,69.55555555555556,69.37847222222223,64.28513352819851,69.55555555555556,69.55555555555556,272.7747168615319,0.0,0.0,0.0,0.0,0.0,272.7747168615319,0.0,8.425347222222216,0.0,29,186.82931074094674,281.52615086684426,94.69684012589752,5400.0,5455.494337230637,5455.494337230637,5455.494337230637,8.425347222222216,9.333333333333336,0.0,0.0,0.0,632.7505121388765,653.0090118093109,1.0,0.0,630.5415201887685,113.75,248.7816388375519,299.7959861428619,0.0,0.0,3915.6812273874893,1.0,299.7959861428619,1.0,1180.6560450608529,1754.7762942194108,0.0,147.18673383762578,7.025204188750371,147.18673383762578
0.13913231485625277,0.06445419961692778,1.5145170310510438,197.91355457300165,0.0,1.0,0.0,0.2857142857142857,0.2857142857142857,526.6228513743159,0.0,0.0,422.6441817739642,0.0,284.5389494123813,0.0,388.0449188622829,388.0471119033034,447.9528911589225,449.0761661536858,3152.012009255148,3150.50019039887,1.0,0.0,0.0,0.0,0.003757254945685561,0.0,0.00824281682873429,0.0,0.0,0.0,0.0,0.0,0.0,0.004799090697713609,0.0,0.008525898234350559,0.0,0.0,0.0,1.7599959392100573e-05,0.0,18.0,1.0,1.0,108.40400188045001,0.0,1.0,0.4000974266615251,1.0,1.0,36.0,2960.949757448859,4620.4753917635935,1659.5256343147348,252.0,0.0,355.7982493939987,0.0,2.0,2.0,2.0,1.9962427450543143,2.0,1.9917571831712655,2.0,2.0,2.0,2.0,2.0,2.0,1.9952009093022864,2.0,1.9914741017656494,2.0,2.0,2.0,7599.386585095419,7546.331146515652,0.8588088558607685,3033.88530656856,5069.97727970474,0.0,0.0,1.0,0.0,0.0,-2568.076856466708,0.0,2568.076856466708,0.0,0.0,0.0,0.0,0.0,0.0,0.0,0.0,27.224659727243296,30.96787551456512,40.87454169354225,41.49651756594276,140.56359450129344,1035.791445290664,1132.2885923183367,418.036559619461,500.49873517408196,617.7548856712029,631.7898571442547,2168.0800376090006,0.022538055014955066,0.025530895422191006,0.0354875646916519,0.03616130784129253,0.0,0.0,0.0,422.6441817739642,60.2,254.40685009634814,0.0,254.40685009634814,1.0,484.2020922173341,0.0,67.06944444444444,51.87386398523703,67.27777777777777,67.27777777777777,67.06944444444444,51.87386398523703,67.27777777777777,67.27777777777777,253.49886398523702,0.0,0.0,0.0,0.0,0.0,253.49886398523702,0.0,9.333333333333336,0.0,30,179.60365298569553,261.6100770948392,82.00642410914364,5580.0,5069.97727970474,5069.97727970474,5069.97727970474,9.333333333333336,8.425347222222216,0.0,0.0,0.0,592.4524589412241,625.9624657777996,1.0,0.0,581.0770560636955,113.75,208.77632155937192,252.51443619623038,0.0,0.0,2568.076856466708,1.0,252.51443619623038,1.0,1153.3975972008266,1530.3440892119759,0.0,137.73965585005755,7.167204653327425,137.73965585005755
0.18971158182314624,0.05449839176105503,1.6309513932501913,160.2656999601837,0.0,1.0,0.0,0.14285714285714285,0.14285714285714285,387.7493023170529,0.0,0.0,358.6524144044181,0.0,252.17222470404747,0.0,392.75798062152774,393.00295501432515,453.1224224637368,460.52237717678986,3151.768283803625,3150.678466195283,1.0,0.0,0.0,0.0,0.008529534982237987,0.0,0.0169066014188523,0.0,0.0,0.0,0.0,0.0,0.0,0.015146273014286048,0.0,0.019414027077283038,0.0,0.0,0.0,1.810002140700817e-05,0.0,18.0,1.0,1.0,118.45151812970427,0.0,1.0,0.7954737140235322,1.0,1.0,36.0,3132.363081003189,4862.448153119368,1730.0850721161785,252.0,0.0,330.84612833779596,0.0,2.0,2.0,2.0,1.9914704650177621,2.0,1.9830933985811479,2.0,2.0,2.0,2.0,2.0,2.0,1.9848537269857138,2.0,1.9805859729227169,2.0,2.0,2.0,7644.703857924756,5878.27368125322,0.8745687932895646,3251.7023616073807,4489.393369015341,0.0,0.0,1.0,0.0,0.0,-2113.3963410374654,0.0,2113.3963410374654,0.0,0.0,0.0,0.0,0.0,0.0,0.0,0.0,14.75994623373342,19.924815649416825,20.901606290912273,22.636211106470455,78.22257928053297,1074.032316487397,1294.9980461066882,445.8405135934704,607.5092061254165,628.1918028939266,687.4888399812717,2369.030362594085,0.048111583828807154,0.06508703446991833,0.06921110336837268,0.07445947039866632,0.0,39.95448478283628,0.05549233997616151,358.6524144044181,60.2,221.66446011743372,0.0,221.66446011743372,1.0,436.51594538966924,0.0,68.28472222222223,43.32957333889164,68.38888888888889,44.46648400076429,68.28472222222223,43.32957333889164,68.38888888888889,44.46648400076429,224.46966845076705,0.0,0.0,0.0,0.0,0.0,224.46966845076705,0.0,6.528124999999996,0.0,31,171.4133235543298,241.97276135577357,70.55943780144376,5760.0,4489.393369015341,4489.393369015341,4489.393369015341,6.528124999999996,9.333333333333336,0.0,0.0,0.0,563.4797248511127,588.4602431304388,1.0,0.0,562.2782669495579,113.75,239.70688239059635,285.736769202481,0.0,0.0,2113.3963410374654,1.0,285.736769202481,1.0,1117.2836592651215,1308.6799836710288,0.0,126.64451415086145,7.00240898894848,126.64451415086145
0.2212100516127946,0.06346055646826798,1.7705025061035684,148.7740332935169,0.0,1.0,0.0,0.2857142857142857,0.2857142857142857,311.8548578726085,0.0,0.0,293.45069108775556,0.0,297.8241476869323,0.0,397.7722078538517,402.625667996653,454.95595466016795,463.8089285932699,3148.5938043738847,3145.9252810513267,1.0,0.0,0.0,0.0,0.00431922400742446,0.0,0.008555574126299457,0.0,0.0,0.0,0.0,0.0,0.0,0.008920145449076563,0.0,0.011035680838114669,0.0,0.0,0.0,1.9899976905435324e-05,0.0,18.0,1.0,1.0,123.43406566890592,0.0,1.0,0.47425855590219795,1.0,1.0,36.0,3293.8660126617565,5084.262886652331,1790.3968739905745,235.0,0.0,352.7657640587189,0.0,2.0,2.0,2.0,1.9956807759925757,2.0,1.9914444258737005,2.0,2.0,2.0,2.0,2.0,2.0,1.9910798545509236,2.0,1.9889643191618853,2.0,2.0,2.0,7712.293694298718,4164.100799491786,0.88690120346514,3351.358328022702,4708.549652765039,0.0,0.0,1.0,0.0,0.0,-2484.5615698320826,0.0,2484.5615698320826,0.0,0.0,0.0,0.0,0.0,0.0,0.0,0.0,29.966201427858188,43.16671143467034,41.910577256666734,48.07782949507948,163.12131961427474,1078.791519860862,1389.889793517256,450.33073462673354,659.0959273377891,628.4607852341285,730.7938661794668,2468.681313378118,0.024224202580824396,0.03725475815554078,0.03642911409543004,0.04247285300816015,0.0,0.0,0.0,293.45069108775556,60.2,238.23269097158533,0.0,238.23269097158533,1.0,476.99384255032305,0.0,64.67601749634957,51.87535348769097,67.27777777777777,51.59833387643365,64.67601749634957,51.87535348769097,67.27777777777777,51.59833387643365,235.42748263825197,0.0,0.0,0.0,0.0,0.0,235.42748263825197,0.0,9.333333333333332,0.0,32,161.50293165856732,221.81473353296326,60.311801874395954,5940.0,4708.549652765039,4708.549652765039,4708.549652765039,9.333333333333332,6.528124999999995,0.0,0.0,0.0,514.7022031961732,545.5817210894238,1.0,0.0,504.38891566642417,113.75,183.18611111111088,284.2147876482701,0.0,0.0,2484.5615698320826,1.0,284.2147876482701,1.0,1145.5929084048028,1109.694464626788,0.0,142.34363693008697,6.648333147510813,142.34363693008697
0.3173390428682102,0.052006423552027004,1.7896641247541163,106.68482820933052,0.0,1.0,0.0,0.42857142857142855,0.42857142857142855,208.8099896929658,0.0,0.0,279.11052603070107,0.0,254.54135651181937,0.0,400.7352744055755,414.0299143661422,457.21162632608275,456.24774877817407,3142.41761976912,3079.9502737848366,1.0,0.0,0.0,0.0,0.011301892496708543,0.0,0.017675823012920935,0.0,0.0,0.0,0.0,0.0,0.0,0.017533281357690524,0.0,0.02199831745364246,0.0,0.0,0.0,1.6700010746717453e-05,0.0,18.0,1.0,1.0,127.19420213312225,0.0,1.0,0.8583838952207282,1.0,1.0,36.0,3445.1245664040844,5285.895287053185,1840.7707206491007,232.0,0.0,301.0552795653941,0.0,2.0,2.0,2.0,1.9886981075032917,2.0,1.9823241769870792,2.0,2.0,2.0,2.0,2.0,2.0,1.9824667186423095,2.0,1.9780016825463573,2.0,2.0,2.0,7779.024642072616,2886.5311137539584,0.9005352195552688,3405.339882419734,3830.714466867451,0.0,0.0,1.0,0.0,0.0,-1934.2897186063847,0.0,1934.2897186063847,0.0,0.0,0.0,0.0,0.0,0.0,0.0,0.0,16.850988399736824,21.744391987779743,21.29684434717341,24.368186651061762,84.26041138575174,1172.3655813027517,1371.5184613596928,528.2947950518057,644.3441168983478,644.0707862509462,727.1743444613448,2543.8840426624447,0.05534283897906545,0.07078602756598479,0.07084556565579372,0.07995456546236865,0.0,42.7035428289918,0.0593104761513775,279.11052603070107,60.2,185.52020537634593,0.0,185.52020537634593,1.0,397.7697654957133,0.0,44.655135282247805,43.76069083780336,61.54072429678946,41.579172926531946,44.655135282247805,43.76069083780336,61.54072429678946,41.579172926531946,191.53572334337258,0.0,0.0,0.0,0.0,0.0,191.53572334337258,0.0,3.317815366306684,0.0,33,151.25855374232773,201.6324004008539,50.37384665852616,6120.0,3830.714466867451,3830.714466867451,3830.714466867451,3.317815366306684,9.333333333333332,0.0,0.0,0.0,442.2351355085416,488.5014760060779,1.0,0.0,439.92279840070927,113.75,203.87820151297572,249.29856915241717,0.0,0.0,1934.2897186063847,1.0,249.29856915241717,1.0,1047.1203492966954,927.8433141243762,0.0,106.81870900155744,6.444279665368032,106.81870900155744
0.3000486611621279,0.10021401125071022,1.951760319248838,94.04593932044142,0.0,1.0,0.0,0.2857142857142857,0.2857142857142857,166.3655452485211,0.0,0.0,221.1951013109939,0.0,294.00388189566985,0.0,402.4863850922275,418.88533004302474,465.3148147435216,449.5417992892302,3136.724696319992,2681.5474094356928,1.0,0.0,0.0,0.0,0.00794569614996083,0.0,0.010235884675767625,0.0,0.0,0.0,0.0,0.0,0.0,0.008784595895348166,0.0,0.01141539702705695,0.0,0.0,0.0,1.7200014553964138e-05,0.0,18.0,1.0,1.0,136.6601529325529,0.0,1.0,0.5264614316450924,1.0,1.0,36.0,3583.9587137046324,5467.115880424338,1883.1571667197052,223.0,0.0,335.00221172386483,0.0,2.0,2.0,2.0,1.992054303850039,2.0,1.9897641153242323,2.0,2.0,2.0,2.0,2.0,2.0,1.9912154041046517,2.0,1.988584602972943,2.0,2.0,2.0,7810.182053990785,1857.5502172363988,0.9277618857653,3531.278696837251,4155.256412543702,0.0,0.0,1.0,0.0,0.0,-2220.1347767075677,0.0,2220.1347767075677,0.0,0.0,0.0,0.0,0.0,0.0,0.0,0.0,40.42250183369057,43.31349411990817,46.02994607640897,49.04182524941273,178.80776727942043,1334.5678697795727,1398.6351888714862,627.2333439556554,657.1172718886914,707.3345258239173,741.5179169827948,2733.2030586510587,0.03447616244717544,0.03704307084699464,0.0403887670169652,0.043591557297002245,0.0,0.0,0.0,221.1951013109939,60.2,213.77833859421176,0.0,213.77833859421176,1.0,446.0089505592432,0.0,52.726875819564974,52.24076470845387,51.65036782736091,51.14481227180535,52.726875819564974,52.24076470845387,51.65036782736091,51.14481227180535,207.7628206271851,0.0,0.0,0.0,0.0,0.0,207.7628206271851,0.0,9.333333333333334,0.0,34,138.8341473005481,181.22059337115263,42.38644607060454,6300.0,4155.256412543702,4155.256412543702,4155.256412543702,9.333333333333334,3.3178153663066836,0.0,0.0,0.0,391.3386344695511,422.75342175620165,1.0,0.0,385.25821435440184,113.75,149.73611111111111,279.6129476111241,0.0,0.0,2220.1347767075677,1.0,279.6129476111241,1.0,1075.28365308752,772.8188609139168,0.0,131.6857010169653,5.98619470851123,131.6857010169653
0.27851648628231235,0.11101394391374636,1.38175687320639,50.490383764885735,0.0,1.0,0.0,0.42857142857142855,0.42857142857142855,103.5322119151876,0.0,0.0,222.27575134868073,0.0,242.78255953224954,0.0,409.05118812041843,417.88884942167044,463.6943057092975,447.5090468229892,3131.6599475792864,2154.7116893620555,1.0,0.0,0.0,0.0,0.017828831308416407,0.0,0.02186746683424619,0.0,0.0,0.0,0.0,0.0,0.0,0.02005482672292676,0.0,0.023557684223409054,0.0,0.0,0.0,1.7200014553964138e-05,0.0,18.0,1.0,1.0,141.60210948487585,0.0,1.0,0.9604813034916371,1.0,1.0,36.0,3710.21586603867,5628.295189413343,1918.079323374673,215.0,0.0,270.5309179180953,0.0,2.0,2.0,2.0,1.9821711686915837,2.0,1.978132533165754,2.0,2.0,2.0,2.0,2.0,2.0,1.9799451732770734,2.0,1.9764423157765911,2.0,2.0,2.0,7835.364281504777,740.5904213298265,0.9405672283723151,3643.925885998112,3258.8663012016286,0.0,0.0,1.0,0.0,0.0,-1625.858691853593,0.0,1625.858691853593,0.0,0.0,0.0,0.0,0.0,0.0,0.0,0.0,21.885103658155366,22.739325838470485,24.272384766697794,25.050770321438378,93.94758458476203,1380.7282889522676,1451.3139007452498,654.8958389419412,696.591019259859,725.8324500103265,754.7228814853909,2832.0421896975176,0.0713139575988804,0.07561874695483203,0.07964962229699245,0.08291454131155693,0.0,47.34317210373936,0.065754405699638,222.27575134868073,60.2,156.54431419702166,0.0,156.54431419702166,1.0,351.82385251077494,0.0,42.81597110313756,36.586400301900404,42.217694049743955,41.323249605299516,42.81597110313756,36.586400301900404,42.217694049743955,41.323249605299516,162.94331506008143,0.0,0.0,0.0,0.0,0.0,162.94331506008143,0.0,2.9343324702735543,0.0,35,126.2571523340375,161.17930898900534,34.92215665496782,6480.0,3258.8663012016286,3258.8663012016286,3258.8663012016286,2.9343324702735543,9.333333333333334,0.0,0.0,0.0,316.3605911138767,354.83680263778473,1.0,0.0,315.58160850554015,113.75,163.66666666666666,209.64411818039684,0.0,0.0,1625.858691853593,1.0,209.64411818039684,1.0,917.420842705962,641.3895717694083,0.0,90.67427735405843,5.5245874125664125,90.67427735405843
0.3005313376941002,0.16497851579499712,1.5915867337066762,37.462605987108,0.0,1.0,0.0,0.2857142857142857,0.2857142857142857,60.69887858185429,0.0,0.0,177.67689099955356,0.0,278.7019612811579,0.0,417.72390044606743,416.59370561670426,457.7483030856586,462.7805344833794,3081.7061255691497,1607.3229932214754,1.0,0.0,0.0,0.0,0.009098461996261421,0.0,0.011385368840012634,0.0,0.0,0.0,0.0,0.0,0.0,0.013011984342943903,0.0,0.012716009481285004,0.0,0.0,0.0,2.1099986042827368e-05,0.0,18.0,1.0,1.0,147.21100767928456,0.0,1.0,0.5928523468014895,1.0,1.0,36.0,3821.955325206352,5769.7080423939315,1947.7527171875795,171.0,0.0,350.97525226007605,0.0,2.0,2.0,2.0,1.9909015380037387,2.0,1.9886146311599875,2.0,2.0,2.0,2.0,2.0,2.0,1.986988015657056,2.0,1.9872839905187147,2.0,2.0,2.0,7867.539536908919,8.42424192063328,0.9645687320543281,3735.797577308474,3594.7068016224066,0.0,0.0,1.0,0.0,0.0,-923.990376252531,0.0,923.990376252531,0.0,0.0,0.0,0.0,0.0,0.0,0.0,0.0,44.07566368353814,50.173870765156344,48.99395955669333,51.14842492135492,194.39191892674273,1404.9465269977895,1539.2736265879018,664.9218835191602,768.6568460598178,740.0246434786293,770.6167805280841,2944.2201535856916,0.03790052037411303,0.046860248324090054,0.04353207551282266,0.046824757069030415,0.0,0.0,0.0,177.67689099955356,60.2,184.33164762615428,0.0,184.33164762615428,1.0,397.1747710727026,0.0,51.80125882877176,25.63384072523962,51.40289804133225,50.8973424857767,51.80125882877176,25.63384072523962,51.40289804133225,50.8973424857767,179.73534008112034,0.0,0.0,0.0,0.0,0.0,179.73534008112034,0.0,7.530640015307501,0.0,36,111.73945916768221,141.4128529805886,29.673393812906404,6660.0,3594.7068016224066,3594.7068016224066,3594.7068016224066,7.530640015307501,2.9343324702735543,0.0,0.0,0.0,313.2823156544335,325.40992178368293,1.0,0.0,308.3221122074325,113.75,150.125,270.81954990781287,0.0,0.0,923.990376252531,1.0,270.81954990781287,1.0,1002.2402770506874,546.6978817888403,0.0,127.28643123043588,5.7114493829042265,127.28643123043588
0.19428571428571434,0.20071712175613365,0.8403579827530685,13.532705265066985,0.0,0.0,1.0,0.5714285714285714,0.5714285714285714,14.583333333333336,0.0,0.0,169.7443624589891,0.0,237.5470496291691,0.0,420.4445613494953,422.5806869123734,451.4337836855605,471.2724249707991,2635.416192499741,1140.8431317356792,1.0,0.0,0.0,0.0,0.018242696772381835,0.0,0.022648913753913005,0.0,0.0,0.0,0.0,0.0,0.0,0.026676001713424484,0.0,0.023415253826544732,0.0,0.0,0.0,1.7599959392100573e-05,0.0,18.0,1.0,1.0,146.85616396353203,0.0,1.0,1.0101126446231168,1.0,1.0,36.0,3919.5671703801004,5891.444215317417,1971.877044937317,132.0,0.0,257.9246737965449,0.0,2.0,2.0,2.0,1.9817573032276181,2.0,1.977351086246087,2.0,2.0,2.0,2.0,2.0,2.0,1.9733239982865756,2.0,1.9765847461734554,2.0,2.0,2.0,7901.45542282345,1.9984014443252818e-15,0.9716475224666404,3751.498346317288,3038.21934604331,0.0,0.0,1.0,0.0,0.0,-1540.5223807374277,0.0,1540.5223807374277,0.0,0.0,0.0,0.0,0.0,0.0,0.0,0.0,22.02888118743117,26.20513823137663,24.653030243598767,25.172078885617374,98.05912854802395,1400.0322190873546,1537.0910601832857,661.2607735622855,787.2075483975304,738.771445525069,749.8835117857553,2937.1232792706405,0.07217359185430312,0.0889445644766608,0.08119531980162321,0.08296129404950991,0.0,48.68440328055252,0.06761722677854518,169.7443624589891,60.2,147.23033401668377,0.0,147.23033401668377,1.0,334.95079283341624,0.0,42.993412605766764,25.916168223455504,41.94791545869384,41.053471014249396,42.993412605766764,25.916168223455504,41.94791545869384,41.053471014249396,151.91096730216552,0.0,0.0,0.0,0.0,0.0,151.91096730216552,0.0,2.85000672982577,0.0,37,97.6118451737484,121.73617292348582,24.124327749737414,6840.0,3038.21934604331,3038.21934604331,3038.21934604331,2.85000672982577,7.530640015307501,0.0,0.0,0.0,250.05284499551536,286.40747203815266,1.0,0.0,249.60193089868994,113.75,146.94887858185433,176.73483518537083,0.0,0.0,1540.5223807374277,1.0,176.73483518537083,1.0,838.6191445039077,433.92962669101234,0.30758998632142687,86.41964481937254,5.344422263373306,86.72723480569397
0.10906752279580667,0.3969030033237604,0.7257213716715206,6.666666666666665,0.0,1.0,0.0,0.42857142857142855,0.42857142857142855,23.333333333333332,0.0,0.0,101.34297727361034,0.0,263.2119322545271,0.0,419.35979282690244,437.62987611054996,452.87254460589486,456.4444071655726,2075.4990044717406,926.6323772556135,1.0,0.0,0.0,0.0,0.010146095326923319,0.0,0.01221953289759529,0.0,0.0,0.0,0.0,0.0,0.0,0.014153453398245117,0.0,0.011703305214015068,0.0,0.0,0.0,1.639995025470853e-05,0.0,18.0,1.0,1.0,150.43303165801976,0.0,1.0,0.6106195618529711,1.0,1.0,36.0,4001.8931081098476,5993.651485411492,1991.7583773016445,106.0,0.0,303.89803432189524,0.0,2.0,2.0,2.0,1.9898539046730765,2.0,1.9877804671024046,2.0,2.0,2.0,2.0,2.0,2.0,1.9858465466017547,2.0,1.988296694785985,2.0,2.0,2.0,7954.785359109348,1.9984014443252818e-15,0.9817514699373971,3783.661988506594,3367.064617532652,0.0,0.0,1.0,0.0,0.0,-1133.7526319821582,0.0,1133.7526319821582,0.0,0.0,0.0,0.0,0.0,0.0,0.0,0.0,46.126260645983585,52.790505097210065,50.38508403469265,49.596184544008985,198.8980343218953,1470.363212621496,1538.297420538899,706.3446954632307,793.6594247109459,764.0185171582652,744.6379958279529,3008.660633160395,0.0402525108421042,0.04997390984953812,0.04550280530050652,0.044577094038716236,0.0,0.0,0.0,101.34297727361034,60.2,171.263243720341,0.0,171.263243720341,1.0,360.58566592100317,0.0,42.20904046108221,24.33549597038967,51.157125000358135,50.651569444802576,42.20904046108221,24.33549597038967,51.157125000358135,50.651569444802576,168.35323087663258,0.0,0.0,0.0,0.0,0.0,168.35323087663258,0.0,5.760019573534157,0.0,38,82.32593772974732,102.20727009407503,19.881332364327697,7020.0,3367.064617532652,3367.064617532652,3367.064617532652,5.760019573534157,2.85000672982577,0.0,0.0,0.0,249.862416976626,258.7838087136001,1.0,0.0,247.6261744310966,113.75,98.54166666666667,219.03648291081888,0.0,0.0,1133.7526319821582,1.0,219.03648291081888,1.0,866.6156225892893,372.30248503804023,0.0,108.17909580693706,5.169775471946932,108.17909580693706
0.19428571428571434,0.47646952597321024,0.8283773470631188,9.245864388211109,0.0,0.0,1.0,0.5714285714285714,0.5714285714285714,14.583333333333336,0.0,0.0,79.84977890285315,0.0,210.93186574109438,0.0,418.76034170646574,444.49735267459914,465.60005605606386,444.8392766525761,1569.5583984546304,221.84548046933966,1.0,0.0,0.0,0.0,0.025207442333510847,0.0,0.024578009501315747,0.0,0.0,0.0,0.0,0.0,0.0,0.02274690740610863,0.0,0.023018855384147892,0.0,0.0,0.0,1.7599959392100573e-05,0.0,18.0,1.0,1.0,149.57693178799298,0.0,1.0,1.044534816062446,1.0,1.0,36.0,4068.6711776928346,6077.083122852418,2008.411945159583,78.0,0.0,225.78636108518785,0.0,2.0,2.0,2.0,1.9747925576664889,2.0,1.9754219904986843,2.0,2.0,2.0,2.0,2.0,2.0,1.9772530925938914,2.0,1.976981144615852,2.0,2.0,2.0,7984.8335592245985,1.9984014443252818e-15,0.9945438177180324,3709.489836304542,2637.128347030265,0.0,0.0,1.0,0.0,0.0,-1370.1559481042068,0.0,1370.1559481042068,0.0,0.0,0.0,0.0,0.0,0.0,0.0,0.0,25.40304507507024,27.348954488422553,25.73090370819426,24.80345781350083,103.28636108518788,1538.9809471315264,1452.5576886283338,771.3142448192143,713.8345483374286,767.666702312312,738.7231402909051,2991.53863575986,0.08596559774622896,0.08270737304459512,0.0851211698394088,0.0821560058273019,0.0,47.62010501034051,0.06613903473658404,79.84977890285315,60.2,128.7120432762918,0.0,128.7120432762918,1.0,294.2941584903982,0.0,26.00564807215758,24.586203627713132,41.98954705228641,39.27501859935614,26.00564807215758,24.586203627713132,41.98954705228641,39.27501859935614,131.85641735151327,0.0,0.0,0.0,0.0,0.0,131.85641735151327,0.0,2.615645498312719,0.0,39,66.77806958298699,83.43163744092556,16.653567857938565,7200.0,2637.128347030265,2637.128347030265,2637.128347030265,2.615645498312719,5.760019573534158,0.0,0.0,0.0,215.45074507236149,238.05850079028065,1.0,0.0,215.46182486965597,113.75,109.58333333333334,157.93022042447208,0.0,0.0,1370.1559481042068,1.0,157.93022042447208,1.0,721.2933079091996,309.8949371058425,0.0,82.28135005733117,4.579708432183054,82.28135005733117
0.10906752279580667,0.40978963584758743,0.7271342585222701,6.666666666666665,0.0,1.0,0.0,0.42857142857142855,0.42857142857142855,23.333333333333332,0.0,0.0,49.87591757716166,0.0,227.43885823177197,0.0,424.2206010764458,432.31288375185295,481.4195155096743,432.31288375185295,1103.3665315529968,65.3353279319841,1.0,0.0,0.0,0.0,0.01403163879586918,0.0,0.012288789445906254,0.0,0.0,0.0,0.0,0.0,0.0,0.0006586702777365838,0.0,0.001885588211882425,0.0,0.0,0.0,1.6599951777607203e-05,0.0,18.0,1.0,1.0,102.46838622173485,0.0,1.0,0.42214278354883533,1.0,1.0,36.0,4119.199450894939,6142.363516661966,2023.1640657670268,31.0,0.0,256.7892272320675,0.0,2.0,2.0,2.0,1.9859683612041306,2.0,1.9877112105540935,2.0,2.0,2.0,2.0,2.0,2.0,1.9993413297222635,2.0,1.9981144117881178,2.0,2.0,2.0,7964.449226978374,1.9984014443252818e-15,0.9994215888744988,2750.0561455692987,2487.775838245136,0.0,0.0,1.0,0.0,0.0,-734.1949079423139,0.0,734.1949079423139,0.0,0.0,0.0,0.0,0.0,0.0,0.0,0.0,52.52465597163172,19.316850517314876,50.61732735280034,29.330393390320623,151.78922723206756,1549.1746151685595,500.19310926613747,790.6216799295527,183.97899072652774,758.5529352390068,316.21411853960973,2049.367724434697,0.049659117399832,0.009850877582314043,0.04599934807104051,0.01778188151162787,0.0,0.0,0.0,49.87591757716166,60.2,125.77385941726304,0.0,125.77385941726304,1.0,293.4989726291832,0.0,24.770781970035262,23.370781970035264,51.255749400474,24.99147857171228,24.770781970035262,23.370781970035264,51.255749400474,24.99147857171228,124.3887919122568,0.0,0.0,0.0,0.0,0.0,124.3887919122568,0.0,4.000713003318962,0.0,40,50.528273202104664,65.2803938095486,14.752120607443937,7380.0,2487.775838245136,2487.775838245136,2487.775838245136,4.000713003318962,2.615645498312719,0.0,0.0,0.0,210.5260189620044,224.54678495929429,1.0,0.0,209.21219577838107,113.75,98.54166666666667,180.51481960269632,0.0,0.0,734.1949079423139,1.0,180.51481960269632,1.0,726.2873049996327,282.4214466888761,0.0,88.323947789877,4.442045202636262,88.323947789877
0.19428571428571434,0.2690275300951248,0.7654015012798363,6.4493736313250185,0.0,0.0,1.0,0.5714285714285714,0.5714285714285714,14.583333333333336,0.0,0.0,39.59745813335797,0.0,174.57815078381037,0.0,439.7845224130105,267.8507384542411,466.26215678350087,267.8507384542411,868.1722172037265,65.17210881975694,1.0,0.0,0.0,0.0,0.02719113056067346,0.0,0.023008611082273193,0.0,0.0,0.0,0.0,0.0,0.0,0.0011860930088411676,0.0,0.002028042637069411,0.0,0.0,0.0,1.7700018361210823e-05,0.0,18.0,1.0,1.0,96.5772812188136,0.0,1.0,0.6592258222876,1.0,1.0,36.0,4156.187863324065,6191.642989289769,2035.4551259657042,9.0,0.0,186.9303361816058,0.0,2.0,2.0,2.0,1.9728088694393264,2.0,1.976991388917727,2.0,2.0,2.0,2.0,2.0,2.0,1.9988139069911588,2.0,1.9979719573629307,2.0,2.0,2.0,6961.4157958872265,1.9984014443252818e-15,1.0,2519.06747366662,2314.6979658795913,0.0,0.0,1.0,0.0,0.0,-1374.194634378321,0.0,1374.194634378321,0.0,0.0,0.0,0.0,0.0,0.0,0.0,0.0,26.46361491484045,5.501083885869882,24.88960185605645,7.576035524839048,64.43033618160582,1539.239241366931,392.30638300934044,795.508756777258,164.88484994086173,743.730484589673,227.42153306847874,1931.5456243762715,0.08989204964766767,0.01793478624108643,0.08215463685917274,0.02349180314622916,0.0,31.976395118367506,0.04441165988662154,39.59745813335797,60.2,114.31729394059113,0.0,114.31729394059113,1.0,255.64006790052187,0.0,25.318199137662464,23.918199137662462,41.47961809127146,25.01888192738318,25.318199137662464,23.918199137662462,41.47961809127146,25.01888192738318,115.73489829397957,0.0,0.0,0.0,0.0,0.0,115.73489829397957,0.0,2.583108649930533,0.0,41,36.98841242912603,49.27947262780324,12.29106019867721,7560.0,2314.6979658795913,2314.6979658795913,2314.6979658795913,2.583108649930533,4.000713003318962,0.0,0.0,0.0,177.40314529466946,196.68460911755255,1.0,0.0,177.72554667938917,113.75,109.58333333333334,136.4689100923156,0.0,0.0,1374.194634378321,1.0,136.4689100923156,1.0,606.9856587935772,231.90633814608043,0.0,68.41312357626487,3.732397934149836,68.41312357626487
0.10906752279580667,0.00036283628246391864,0.7158690247614323,6.666666666666665,0.0,1.0,0.0,0.42857142857142855,0.42857142857142855,23.333333333333332,0.0,0.0,13.16248684853172,0.0,185.03184234235678,0.0,451.06859360566267,114.8807426815616,452.726779095092,118.91669327114988,173.3513025758445,65.17204663807017,1.0,0.0,0.0,0.0,0.015287648067288637,0.0,0.012216376731276747,0.0,0.0,0.0,0.0,0.0,0.0,0.0005929676237051243,0.0,0.0010050451903016826,0.0,0.0,0.0,1.7200014553964138e-05,0.0,18.0,1.0,1.0,89.392410837988,0.0,1.0,0.39253162211448495,1.0,1.0,36.0,4183.312362020976,6229.901471834923,2046.5891098139464,1.0,0.0,228.55070484322067,0.0,2.0,2.0,2.0,1.9847123519327114,2.0,1.9877836232687234,2.0,2.0,2.0,2.0,2.0,2.0,1.999407032376295,2.0,1.9989949548096984,2.0,2.0,2.0,5499.080117591791,1.9984014443252818e-15,1.0,2275.6615160310116,2406.3110202051444,0.0,0.0,1.0,0.0,0.0,-510.1843948153628,0.0,510.1843948153628,0.0,0.0,0.0,0.0,0.0,0.0,0.0,0.0,48.25351294982073,11.000544449253773,49.3006206065879,14.99602683755829,123.5507048432207,1398.952600511025,388.8956162487356,669.0286724466979,165.1384936063126,729.9239280643271,223.75712264242304,1787.8482167597606,0.052106699751186966,0.008966127729823475,0.04563411674784728,0.011692005473750903,0.0,0.0,0.0,13.16248684853172,60.2,119.81785478447814,0.0,119.81785478447814,1.0,254.0599245839888,0.0,24.19370194855815,22.79370194855815,49.0181947226685,24.309952390472407,24.19370194855815,22.79370194855815,49.0181947226685,24.309952390472407,120.31555101025721,0.0,0.0,0.0,0.0,0.0,120.31555101025721,0.0,2.0854124241514644,0.0,42,27.12449869691126,38.258482545153555,11.133983848242291,7740.0,2406.3110202051444,2406.3110202051444,2406.3110202051444,2.0854124241514644,2.583108649930533,0.0,0.0,0.0,188.90926400654547,192.15713283326923,1.0,0.0,188.06152568060074,113.75,98.54166666666667,158.11755521936735,0.0,0.0,510.1843948153628,1.0,158.11755521936735,1.0,629.7553558815706,224.55734586246578,0.0,77.55733695965708,3.7648606829941844,77.55733695965708
0.19428571428571434,0.000786386924323923,0.7990620189507723,5.912766498986196,0.0,0.0,1.0,0.5714285714285714,0.5714285714285714,14.583333333333336,0.0,0.0,15.824793090349345,0.0,149.89150233398692,0.0,442.8394565298921,111.48991657969677,442.8394565298921,117.37587900473463,68.57221697163838,65.1720425688348,1.0,0.0,0.0,0.0,0.001725264651934233,0.0,0.005419691902933763,0.0,0.0,0.0,0.0,0.0,0.0,0.001185387046228022,0.0,0.0019868402784370596,0.0,0.0,0.0,2.9199989512562752e-05,0.0,18.0,1.0,1.0,43.39335066263864,0.0,1.0,0.3042022342155063,1.0,1.0,36.0,4203.194773835682,6259.319747251474,2056.124973415792,0.0,0.0,153.56250662789273,0.0,2.0,2.0,2.0,1.9982747353480659,2.0,1.994580308097066,2.0,2.0,2.0,2.0,2.0,2.0,1.998814612953772,2.0,1.998013159721563,2.0,2.0,2.0,5431.394355366367,1.9984014443252818e-15,1.0,1341.8808626549671,1966.4531804407036,0.0,0.0,1.0,0.0,0.0,-1436.2306339115516,0.0,1436.2306339115516,0.0,0.0,0.0,0.0,0.0,0.0,0.0,0.0,6.501403440538416,5.500463894239161,11.592428832933901,7.468210460181263,31.06250662789274,478.1994460357298,389.6675672170431,182.9190765092967,164.87217516926765,295.2803695264331,224.79539204777547,867.867013252773,0.02169452942231058,0.017927596576789582,0.037343229438869294,0.023237139528035394,0.0,13.246092978753623,0.018397351359380032,15.824793090349345,60.2,98.72298770402541,0.0,98.72298770402541,1.0,225.37403832347033,0.0,24.69513229520919,23.29513229520919,25.866197215808402,24.4661972158084,24.69513229520919,23.29513229520919,25.866197215808402,24.4661972158084,98.32265902203518,0.0,0.0,0.0,0.0,0.0,98.32265902203518,0.0,2.485741106141689,0.0,43,19.88241181470541,29.41827541655072,9.53586360184531,7920.0,1966.4531804407036,1966.4531804407036,1966.4531804407036,2.485741106141689,2.0854124241514644,0.0,0.0,0.0,150.0377484604639,171.95638203426773,1.0,0.0,150.54723602866238,113.75,109.58333333333334,119.3239740460518,0.0,0.0,1436.2306339115516,1.0,119.3239740460518,1.0,523.4134981562154,180.95536245234507,0.0,57.665389526271326,3.287060256534657,57.665389526271326
0.10906752279580667,0.000348528802069481,0.7162391526895221,6.666666666666665,0.0,1.0,0.0,0.42857142857142855,0.42857142857142855,23.333333333333332,0.0,0.0,13.215563604092587,0.0,132.77007012979294,0.0,272.5850613325428,111.00055900103062,272.5850613325428,116.80394529710628,68.49298992023611,65.17204275120375,1.0,0.0,0.0,0.0,0.000654082854347155,0.0,0.0011103068794262965,0.0,0.0,0.0,0.0,0.0,0.0,0.0005927703879450173,0.0,0.0009887490478410138,0.0,0.0,0.0,1.850002445280552e-05,0.0,18.0,1.0,1.0,39.71148023220804,0.0,1.0,0.128739810788972,1.0,1.0,36.0,4217.139472317596,6281.835402063033,2064.695929745437,0.0,0.0,158.16412332250513,0.0,2.0,2.0,2.0,1.9993459171456527,2.0,1.9988896931205735,2.0,2.0,2.0,2.0,2.0,2.0,1.999407229612055,2.0,1.999011250952159,2.0,2.0,2.0,4360.820687451149,1.9984014443252818e-15,1.0,1131.3784659633593,1894.6389821995872,0.0,0.0,1.0,0.0,0.0,-803.4361658567523,0.0,803.4361658567523,0.0,0.0,0.0,0.0,0.0,0.0,0.0,0.0,11.555580508909735,11.000252968783634,15.746334002483074,14.861955842328701,53.16412332250515,407.43143979961803,386.7981648445427,173.40346118760334,165.1386943356382,234.02797861201466,221.65947050890452,794.2296046441608,0.009417459982753427,0.008963907834068007,0.012306621483101684,0.011589044015347279,0.0,0.0,0.0,13.215563604092587,60.2,94.28377071597868,0.0,94.28377071597868,1.0,198.33593161534276,0.0,23.68232032942967,22.282320329429666,25.083654225560014,23.683654225560012,23.68232032942967,22.282320329429666,25.083654225560014,23.683654225560012,94.73194910997935,0.0,0.0,0.0,0.0,0.0,94.73194910997935,0.0,2.0375627121410127,0.0,44,13.944698481914175,22.515654811559287,8.57095632964511,8100.0,1894.6389821995872,1894.6389821995872,1894.6389821995872,2.0375627121410127,2.485741106141689,0.0,0.0,0.0,144.83815591623582,151.40523968578884,1.0,0.0,144.46674799165177,113.75,98.54166666666667,114.37485696736167,0.0,0.0,803.4361658567523,1.0,114.37485696736167,1.0,473.17761607983425,181.01564492907764,0.0,54.10776182784258,2.845443791752271,54.10776182784258
0.19428571428571434,0.0008405259989179847,0.7949639112649454,5.416666666666668,0.0,0.0,1.0,0.5714285714285714,0.5714285714285714,14.583333333333336,0.0,0.0,15.411595501036352,0.0,119.94861609036357,0.0,118.17033545127742,109.6116212593009,122.46061394412573,115.3564423097007,68.49294988573106,65.17203695425628,1.0,0.0,0.0,0.0,0.001308143433148951,0.0,0.002206831569833836,0.0,0.0,0.0,0.0,0.0,0.0,0.0011855654261115284,0.0,0.0019655971630584412,0.0,0.0,0.0,2.3800006601959467e-05,0.0,18.0,1.0,1.0,39.7449304930519,0.0,1.0,0.2541232891944642,1.0,1.0,36.0,4229.896181279376,6302.724911349825,2072.8287300704487,0.0,0.0,148.9581786497853,0.0,2.0,2.0,2.0,1.9986918565668512,2.0,1.9977931684301662,2.0,2.0,2.0,2.0,2.0,2.0,1.9988144345738885,2.0,1.9980344028369414,2.0,2.0,2.0,2840.232097229926,1.9984014443252818e-15,1.0,1126.154426336665,1899.0997359028152,0.0,0.0,1.0,0.0,0.0,-887.1857387704472,0.0,887.1857387704472,0.0,0.0,0.0,0.0,0.0,0.0,0.0,0.0,5.775144951650894,5.5001377311210575,7.794841683965982,7.388054283047401,26.458178649785335,407.6539273115531,387.2446825494848,173.14622804246676,164.9018573201984,234.50769926908632,222.34282522928646,794.8986098610379,0.018834040960385257,0.017927329310741195,0.024537147307302797,0.02310948460891292,0.0,13.139856554070128,0.018249800769541847,15.411595501036352,60.2,95.33647740799165,0.0,95.33647740799165,1.0,193.31746558830767,0.0,23.913273030489954,22.51327303048996,24.964220367080422,23.564220367080424,23.913273030489954,22.51327303048996,24.964220367080422,23.564220367080424,94.95498679514075,0.0,0.0,0.0,0.0,0.0,94.95498679514075,0.0,2.4190533249919093,0.0,45,12.756708961779239,20.889509286791032,8.132800325011795,8280.0,1899.0997359028152,1899.0997359028152,1899.0997359028152,2.4190533249919093,2.0375627121410127,0.0,0.0,0.0,135.8556080310088,144.16858168099802,1.0,0.0,136.14380124613714,113.75,109.58333333333334,112.43254044285658,0.0,0.0,887.1857387704472,1.0,112.43254044285658,1.0,455.72347520966156,166.13873008050683,0.0,54.97578525177923,2.7960626234356947,54.97578525177923
0.10906752279580667,0.0003602361624536199,0.7134764014689702,6.666666666666665,0.0,1.0,0.0,0.42857142857142855,0.42857142857142855,23.333333333333332,0.0,0.0,13.021691643731161,0.0,122.12756016180806,0.0,115.3492096359658,108.84769401384945,121.48541862040227,114.80422259198677,68.49294974882223,65.17203686648676,1.0,0.0,0.0,0.0,0.000653749256399272,0.0,0.0010906286502781531,0.0,0.0,0.0,0.0,0.0,0.0,0.0005924843167717366,0.0,0.0009709783039964196,0.0,0.0,0.0,1.7099955584853888e-05,0.0,18.0,1.0,1.0,39.48232490340101,0.0,1.0,0.1278607604679013,1.0,1.0,36.0,4242.437392400507,6323.485806725412,2081.048414324905,0.0,0.0,157.79270112548218,0.0,2.0,2.0,2.0,1.9993462507436008,2.0,1.998909371349722,2.0,2.0,2.0,2.0,2.0,2.0,1.9994075156832283,2.0,1.9990290216960034,2.0,2.0,2.0,2792.2061142005255,1.9984014443252818e-15,1.0,1120.0403254871603,1865.3949294871402,0.0,0.0,1.0,0.0,0.0,-575.2473024961387,0.0,575.2473024961387,0.0,0.0,0.0,0.0,0.0,0.0,0.0,0.0,11.550798886294842,11.000767835327899,15.527494283011922,14.713640120847533,52.792701125482196,405.074618772069,384.5718792959511,173.3695739527957,165.1128244216561,231.7050448192733,219.45905487429496,789.64649806802,0.009414366991822225,0.008961069667565012,0.01218939276679894,0.011477139351483258,0.0,0.0,0.0,13.021691643731161,60.2,92.78089131204877,0.0,92.78089131204877,1.0,186.55506625028912,0.0,23.28036117595811,21.880361175958107,24.754512061220396,23.354512061220394,23.28036117595811,21.880361175958107,24.754512061220396,23.354512061220394,93.269746474357,0.0,0.0,0.0,0.0,0.0,93.269746474357,0.0,1.9301981626836777,0.0,46,12.541211121130639,20.7608953755868,8.219684254456158,8460.0,1865.3949294871402,1865.3949294871402,1865.3949294871402,1.9301981626836777,2.4190533249919093,0.0,0.0,0.0,142.01687956489693,144.672799798663,1.0,0.0,141.61795475506653,113.75,98.54166666666667,111.93086640607274,0.0,0.0,575.2473024961387,1.0,111.93086640607274,1.0,453.5976220752323,177.972979732131,0.0,53.23873687711529,2.774788718230852,53.23873687711529
0.19428571428571434,0.0008489501421320433,0.7974040311515603,5.416666666666668,0.0,0.0,1.0,0.5714285714285714,0.5714285714285714,14.583333333333336,0.0,0.0,15.340821670031808,0.0,118.4342140498471,0.0,114.71561909070205,108.23264990843884,121.0535274427413,114.38909378377087,68.49294613247352,65.17203382964547,1.0,0.0,0.0,0.0,0.0013074138098323103,0.0,0.0021767270817638997,0.0,0.0,0.0,0.0,0.0,0.0,0.0011848903921235128,0.0,0.0019377545857795558,0.0,0.0,0.0,1.680001150816679e-05,0.0,18.0,1.0,1.0,39.64176564407727,0.0,1.0,0.2529324594974829,1.0,1.0,36.0,4255.108708660718,6344.208819361799,2089.1001107010816,0.0,0.0,148.86974978320026,0.0,2.0,2.0,2.0,1.9986925861901677,2.0,1.997823272918236,2.0,2.0,2.0,2.0,2.0,2.0,1.9988151096078763,2.0,1.9980622454142205,2.0,2.0,2.0,2774.717031238724,1.9984014443252818e-15,1.0,1121.1146717419806,1883.4035118261809,0.0,0.0,1.0,0.0,0.0,-846.0946256374286,0.0,846.0946256374286,0.0,0.0,0.0,0.0,0.0,0.0,0.0,0.0,5.775007649258612,5.50000667320154,7.750708218076875,7.34402724266325,26.369749783200277,406.6177645439823,386.2175483375628,173.13452452761933,164.89101042852113,233.483240016363,221.3265379090416,792.8353128815451,0.018828003122133712,0.017921424953114117,0.024350723437189643,0.02292671052328516,0.0,13.105659849068381,0.01820230534592831,15.340821670031808,60.2,94.65364870829863,0.0,94.65364870829863,1.0,191.1744810650717,0.0,23.708046537939854,22.308046537939852,24.777041257714668,23.37704125771467,23.708046537939854,22.308046537939852,24.777041257714668,23.37704125771467,94.17017559130905,0.0,0.0,0.0,0.0,0.0,94.17017559130905,0.0,2.413671279673264,0.0,47,12.671316260211052,20.723012636387487,8.051696376176436,8640.0,1883.4035118261809,1883.4035118261809,1883.4035118261809,2.413671279673264,1.930198162683678,0.0,0.0,0.0,134.9869156376691,142.72412027535938,1.0,0.0,135.28071175381916,113.75,109.58333333333334,111.80599774445443,0.0,0.0,846.0946256374286,1.0,111.80599774445443,1.0,451.60573944631744,165.20486675718428,0.0,54.57981287513189,2.7689957610119746,54.57981287513189
0.10906752279580667,0.00036068454269988504,0.7143450954601752,6.666666666666665,0.0,1.0,0.0,0.42857142857142855,0.42857142857142855,23.333333333333332,0.0,0.0,13.015532585484216,0.0,121.55004720360425,0.0,114.65975914933001,108.17899677818419,121.2072315587452,114.53431875497131,68.49294857017865,65.17203588857893,1.0,0.0,0.0,0.0,0.0006537078653278128,0.0,0.0010881686129654814,0.0,0.0,0.0,0.0,0.0,0.0,0.0005924461921257654,0.0,0.0009686953715225544,0.0,0.0,0.0,1.6899954061955214e-05,0.0,18.0,1.0,1.0,39.463130000424606,0.0,1.0,0.1277352361896551,1.0,1.0,36.0,4267.625369732052,6364.920010278773,2097.2946405467214,0.0,0.0,157.73556204119257,0.0,2.0,2.0,2.0,1.9993462921346723,2.0,1.9989118313870344,2.0,2.0,2.0,2.0,2.0,2.0,1.9994075538078744,2.0,1.9990313046284776,2.0,2.0,2.0,2775.2414945963646,1.9984014443252818e-15,1.0,1119.0347185106061,1862.1631758728242,0.0,0.0,1.0,0.0,0.0,-562.2258801672901,0.0,562.2258801672901,0.0,0.0,0.0,0.0,0.0,0.0,0.0,0.0,11.550013038073537,11.00001254915496,15.499439089522511,14.686097364441569,52.73556204119258,404.8813705681215,384.3812294403699,173.36576796889545,165.1092548574966,231.51560259922604,219.27197458287324,789.2626000084914,0.00941400394726049,0.008960715621654392,0.012174274706238495,0.011462284853696962,0.0,0.0,0.0,13.015532585484216,60.2,92.62463381733383,0.0,92.62463381733383,1.0,185.8468560495571,0.0,23.23944885979453,21.839448859794526,24.714630537026082,23.314630537026076,23.23944885979453,21.839448859794526,24.714630537026082,23.314630537026076,93.10815879364121,0.0,0.0,0.0,0.0,0.0,93.10815879364121,0.0,1.9301463033658763,0.0,48,12.516661071334205,20.711190916974125,8.19452984563992,8820.0,1862.1631758728242,1862.1631758728242,1862.1631758728242,1.9301463033658763,2.413671279673264,0.0,0.0,0.0,141.76556036489637,144.19013050945287,1.0,0.0,141.36688185862027,113.75,98.54166666666667,111.74815307533459,0.0,0.0,562.2258801672901,1.0,111.74815307533459,1.0,452.3849829174037,177.7157477774378,0.0,53.15227988458889,2.766754593411485,53.15227988458889
0.19428571428571434,0.0008497085402000004,0.797499141405359,5.416666666666668,0.0,0.0,1.0,0.5714285714285714,0.5714285714285714,14.583333333333336,0.0,0.0,15.334127263579687,0.0,118.26485676099293,0.0,114.56672725955245,108.0888950517181,121.00270273842968,114.33977187520449,68.49294591346447,65.17203364781311,1.0,0.0,0.0,0.0,0.001307406107018368,0.0,0.0021759186924345717,0.0,0.0,0.0,0.0,0.0,0.0,0.0011848834744407775,0.0,0.0019370032583860706,0.0,0.0,0.0,1.750001683831215e-05,0.0,18.0,1.0,1.0,39.63757077577414,0.0,1.0,0.25290183405434163,1.0,1.0,36.0,4280.29166293981,6385.631959852215,2105.3402969124054,0.0,0.0,148.86666135853466,0.0,2.0,2.0,2.0,1.9986925938929818,2.0,1.9978240813075654,2.0,2.0,2.0,2.0,2.0,2.0,1.998815116525559,2.0,1.998062996741614,2.0,2.0,2.0,2770.9912905678916,1.9984014443252818e-15,1.0,1120.9109094073006,1882.7206872664106,0.0,0.0,1.0,0.0,0.0,-842.2170210087584,0.0,842.2170210087584,0.0,0.0,0.0,0.0,0.0,0.0,0.0,0.0,5.775002726073936,5.500002615461767,7.7491622755663325,7.34249374143265,26.366661358534685,406.57572946575647,386.1756860497263,173.13447724738222,164.89097338531494,233.44125221837425,221.2847126644114,792.7514155154827,0.01882793295168225,0.017921357852081488,0.024345946841074134,0.022922013000278664,0.0,13.10447902634062,0.018200665314361972,15.334127263579687,60.2,94.6195895029324,0.0,94.6195895029324,1.0,190.9775124089726,0.0,23.69875050630633,22.298750506306327,24.76926667535394,23.369266675353938,23.69875050630633,22.298750506306327,24.76926667535394,23.369266675353938,94.13603436332053,0.0,0.0,0.0,0.0,0.0,94.13603436332053,0.0,2.4137014429777417,0.0,49,12.66629320775805,20.711949573441906,8.045656365683858,9000.0,1882.7206872664106,1882.7206872664106,1882.7206872664106,2.4137014429777417,1.9301463033658763,0.0,0.0,0.0,134.93673305932185,142.61031438784676,1.0,0.0,135.2305022751335,113.75,109.58333333333334,111.7636627017244,0.0,0.0,842.2170210087584,1.0,111.7636627017244,1.0,451.28055123513667,165.1479628720465,0.0,54.56228694735873,2.7676378603398857,54.56228694735873
0.10906752279580667,0.0003607421863103255,0.7144315366120871,6.666666666666665,0.0,1.0,0.0,0.42857142857142855,0.42857142857142855,23.333333333333332,0.0,0.0,13.014533125481503,0.0,121.52183581063143,0.0,114.6281921232215,108.14833467108643,121.18933075931535,114.51714681310176,68.49294850089726,65.17203583051057,1.0,0.0,0.0,0.0,0.0006537026096814132,0.0,0.0010879128989042838,0.0,0.0,0.0,0.0,0.0,0.0,0.0005924413268727749,0.0,0.0009684582833980018,0.0,0.0,0.0,1.73999578692019e-05,0.0,18.0,1.0,1.0,39.461588045493954,0.0,1.0,0.12772396047809143,1.0,1.0,36.0,4292.8069486344375,6406.340096617472,2113.5331479830343,0.0,0.0,157.73258515437604,0.0,2.0,2.0,2.0,1.9993462973903187,2.0,1.9989120871010957,2.0,2.0,2.0,2.0,2.0,2.0,1.999407558673127,2.0,1.999031541716602,2.0,2.0,2.0,2774.458950894662,1.9984014443252818e-15,1.0,1118.958204356296,1861.904678312258,0.0,0.0,1.0,0.0,0.0,-561.4817765267467,0.0,561.4817765267467,0.0,0.0,0.0,0.0,0.0,0.0,0.0,0.0,11.550000864606346,11.000000817404313,15.497958775131174,14.684624697234216,52.73258515437605,404.8658826915513,384.3658782183278,173.36558174735825,165.10908130584275,231.50030094419304,219.25679691248507,789.2317609098791,0.00941396285295459,0.008960675366850123,0.012172697059905273,0.011460733360722113,0.0,0.0,0.0,13.014533125481503,60.2,92.6116865449981,0.0,92.6116865449981,1.0,185.80667398071338,0.0,23.236164544662266,21.836164544662267,24.711452413144187,23.311452413144185,23.236164544662266,21.836164544662267,24.711452413144187,23.311452413144185,93.09523391561291,0.0,0.0,0.0,0.0,0.0,93.09523391561291,0.0,1.9301540723629256,0.0,50,12.515285694628341,20.70813676525728,8.192851070628937,9180.0,1861.904678312258,1861.904678312258,1861.904678312258,1.9301540723629256,2.4137014429777417,0.0,0.0,0.0,141.7477992269036,144.15818297614967,1.0,0.0,141.3491592119776,113.75,98.54166666666667,111.73733653490658,0.0,0.0,561.4817765267467,1.0,111.73733653490658,1.0,452.31038566225607,177.6970256707924,0.0,53.14503977117931,2.7661321906870184,53.14503977117931
0.19428571428571434,0.0008497402555804334,0.7975114610226188,5.416666666666668,0.0,0.0,1.0,0.5714285714285714,0.5714285714285714,14.583333333333336,0.0,0.0,15.333859055513477,0.0,118.2526601629053,0.0,114.55566972959973,108.07811555966333,120.9973501723029,114.33461201468627,68.49294589419834,65.17203363173132,1.0,0.0,0.0,0.0,0.001307404967507993,0.0,0.0021758087471303155,0.0,0.0,0.0,0.0,0.0,0.0,0.001184882421242607,0.0,0.00193690070572171,0.0,0.0,0.0,2.0600040443241596e-05,0.0,18.0,1.0,1.0,39.637132867642464,0.0,1.0,0.25289762755246836,1.0,1.0,36.0,4305.472817547666,6427.051173339604,2121.5783557919385,0.0,0.0,148.86622490864016,0.0,2.0,2.0,2.0,1.998692595032492,2.0,1.9978241912528698,2.0,2.0,2.0,2.0,2.0,2.0,1.9988151175787574,2.0,1.9980630992942783,2.0,2.0,2.0,2770.7168987156883,1.9984014443252818e-15,1.0,1120.8895627864101,1882.6676112368086,0.0,0.0,1.0,0.0,0.0,-841.9319374676793,0.0,841.9319374676793,0.0,0.0,0.0,0.0,0.0,0.0,0.0,0.0,5.775000190638266,5.500000182751734,7.748945665831647,7.342278869418527,26.366224908640174,406.5713323263682,386.17132502648116,173.13443377777355,164.89093313723893,233.4368985485946,221.2803918892422,792.7426573528493,0.01882792369074327,0.01792134876258504,0.024345291027470555,0.022921365091611134,0.0,13.104411686593686,0.018200571786935675,15.333859055513477,60.2,94.61693261109035,0.0,94.61693261109035,1.0,190.96282178202412,0.0,23.698060076435613,22.29806007643561,24.768630204484605,23.368630204484603,23.698060076435613,22.29806007643561,24.768630204484605,23.368630204484603,94.13338056184043,0.0,0.0,0.0,0.0,0.0,94.13338056184043,0.0,2.413706121612839,0.0,51,12.66586891322788,20.711076722132262,8.045207808904383,9360.0,1882.6676112368086,1882.6676112368086,1882.6676112368086,2.413706121612839,1.9301540723629256,0.0,0.0,0.0,134.93269973725074,142.60169287292462,1.0,0.0,135.22646541658906,113.75,109.58333333333334,111.76095183802428,0.0,0.0,841.9319374676793,1.0,111.76095183802428,1.0,451.2560494964978,165.1436578054359,0.0,54.561226364369645,2.76750274356062,54.561226364369645
0.10906752279580667,0.00036074469446756297,0.7144368099271465,6.666666666666665,0.0,1.0,0.0,0.42857142857142855,0.42857142857142855,23.333333333333332,0.0,0.0,13.014491970487592,0.0,121.51932235855337,0.0,114.62534409672564,108.14557752536524,121.18823731519619,114.51609151969083,68.49294849665557,65.17203582696922,1.0,0.0,0.0,0.0,0.0006537024229449351,0.0,0.0010879006022881388,0.0,0.0,0.0,0.0,0.0,0.0,0.000592441154207621,0.0,0.0009684468445875597,0.0,0.0,0.0,1.8300022929906845e-05,0.0,18.0,1.0,1.0,39.46149546498542,0.0,1.0,0.12772341491477562,1.0,1.0,36.0,4317.988005255659,6447.759095050474,2129.7710897948145,0.0,0.0,157.73241082144506,0.0,2.0,2.0,2.0,1.999346297577055,2.0,1.9989120993977119,2.0,2.0,2.0,2.0,2.0,2.0,1.9994075588457925,2.0,1.9990315531554126,2.0,2.0,2.0,2774.387227166781,1.9984014443252818e-15,1.0,1118.9536501767138,1861.8903126987072,0.0,0.0,1.0,0.0,0.0,-561.4215258116651,0.0,561.4215258116651,0.0,0.0,0.0,0.0,0.0,0.0,0.0,0.0,11.550000102586786,11.000000098173636,15.497872013522539,14.68453860716211,52.73241082144507,404.864952875877,384.3649564238311,173.36557109176343,165.10907138374046,231.49938178411355,219.25588504009065,789.2299092997081,0.009413961366889882,0.008960673911087002,0.01217262255831923,0.011460659908791943,0.0,0.0,0.0,13.014491970487592,60.2,92.61096332667906,0.0,92.61096332667906,1.0,185.8034871120283,0.0,23.23598170836325,21.835981708363253,24.711276109104436,23.311276109104433,23.23598170836325,21.835981708363253,24.711276109104436,23.311276109104433,93.09451563493538,0.0,0.0,0.0,0.0,0.0,93.09451563493538,0.0,1.930153813356524,0.0,52,12.515187707993213,20.707921710869126,8.192734002875913,9540.0,1861.8903126987072,1861.8903126987072,1861.8903126987072,1.930153813356524,2.413706121612839,0.0,0.0,0.0,141.74659619533392,144.15594577572244,1.0,0.0,141.34795763782674,113.75,98.54166666666667,111.73654091153477,0.0,0.0,561.4215258116651,1.0,111.73654091153477,1.0,452.3047055270751,177.69578294164765,0.0,53.14459208160565,2.766098228002204,53.14459208160565
0.19428571428571434,0.000849742012964505,0.7975122247952062,5.416666666666668,0.0,0.0,1.0,0.5714285714285714,0.5714285714285714,14.583333333333336,0.0,0.0,15.333844170852545,0.0,118.25188437574079,0.0,114.55500364458041,108.07746793562895,120.99701369845445,114.33429377924202,68.49294589295519,65.17203363069284,1.0,0.0,0.0,0.0,0.0013074048320683583,0.0,0.00217580006500674,0.0,0.0,0.0,0.0,0.0,0.0,0.001184882295786295,0.0,0.0019368926296348368,0.0,0.0,0.0,1.750001683831215e-05,0.0,18.0,1.0,1.0,39.63710381940463,0.0,1.0,0.25289729226222885,1.0,1.0,36.0,4330.653847522504,6468.470113934292,2137.816266411788,0.0,0.0,148.86619842881305,0.0,2.0,2.0,2.0,1.9986925951679315,2.0,1.9978241999349935,2.0,2.0,2.0,2.0,2.0,2.0,1.9988151177042137,2.0,1.998063107370365,2.0,2.0,2.0,2770.7003683069915,1.9984014443252818e-15,1.0,1120.8881428130007,1882.66378894828,0.0,0.0,1.0,0.0,0.0,-841.9132901276012,0.0,841.9132901276012,0.0,0.0,0.0,0.0,0.0,0.0,0.0,0.0,5.77500000897561,5.500000008552206,7.748932542390127,7.342265868895117,26.36619842881306,406.5710405698815,386.1710358182107,173.13443047361227,164.89093007271845,233.43661009626925,221.28010574549228,792.7420763880923,0.01882792261888491,0.017921347710810238,0.02434523830993966,0.02292131311495836,0.0,13.104403902809032,0.018200560976123655,15.333844170852545,60.2,94.6167412422131,0.0,94.6167412422131,1.0,190.96186293519312,0.0,23.698009991125552,22.298009991125554,24.768584732581452,23.36858473258145,23.698009991125552,22.298009991125554,24.768584732581452,23.36858473258145,94.13318944741401,0.0,0.0,0.0,0.0,0.0,94.13318944741401,0.0,2.4137056081556048,0.0,53,12.665842266845543,20.7110188838192,8.045176616973658,9720.0,1882.66378894828,1882.66378894828,1882.66378894828,2.4137056081556048,1.9301538133565237,0.0,0.0,0.0,134.93241200997775,142.6011010937847,1.0,0.0,135.2261782483197,113.75,109.58333333333334,111.76074944329184,0.0,0.0,841.9132901276012,1.0,111.76074944329184,1.0,451.25440541024193,165.14335575250553,0.0,54.56113490449806,2.767492050817561,54.56113490449806
0.10906752279580667,0.0003607448676912761,0.7144370974727846,6.666666666666665,0.0,1.0,0.0,0.42857142857142855,0.42857142857142855,23.333333333333332,0.0,0.0,13.014489088511304,0.0,121.51913465309299,0.0,114.62514687365537,108.14538562673263,121.18814244176701,114.5159986834155,68.4929484962714,65.17203582664777,1.0,0.0,0.0,0.0,0.0006537024130585964,0.0,0.0010878998489231633,0.0,0.0,0.0,0.0,0.0,0.0,0.0005924411451521734,0.0,0.0009684461443412667,0.0,0.0,0.0,1.8199963960796595e-05,0.0,18.0,1.0,1.0,39.46148880641765,0.0,1.0,0.12772337862604097,1.0,1.0,36.0,4343.16902772387,6489.178019904502,2146.0089921806316,0.0,0.0,157.73239457037758,0.0,2.0,2.0,2.0,1.9993462975869416,2.0,1.9989121001510766,2.0,2.0,2.0,2.0,2.0,2.0,1.9994075588548479,2.0,1.9990315538556587,2.0,2.0,2.0,2774.382333737516,1.9984014443252818e-15,1.0,1118.9532988172255,1861.8893840586488,0.0,0.0,1.0,0.0,0.0,-561.4173109118665,0.0,561.4173109118665,0.0,0.0,0.0,0.0,0.0,0.0,0.0,0.0,11.550000006638975,11.000000006352899,15.497863947718972,14.684530609666744,52.73239457037759,404.8648857948158,384.36489033353723,173.36556978122283,165.1090701633517,231.4993160135929,219.25582017018556,789.229776128353,0.009413961285568226,0.008960673832115445,0.01217261804186705,0.011460655461983939,0.0,0.0,0.0,13.014489088511304,60.2,92.61091738669386,0.0,92.61091738669386,1.0,185.80326011597091,0.0,23.235969913184825,21.835969913184822,24.7112646882814,23.311264688281398,23.235969913184825,21.835969913184822,24.7112646882814,23.311264688281398,93.09446920293244,0.0,0.0,0.0,0.0,0.0,93.09446920293244,0.0,1.9301537919170262,0.0,54,12.515180201365798,20.70790597020934,8.192725768843543,9900.0,1861.8893840586488,1861.8893840586488,1861.8893840586488,1.9301537919170262,2.4137056081556048,0.0,0.0,0.0,141.74651433785334,144.15578712043487,1.0,0.0,141.3478758612506,113.75,98.54166666666667,111.73648540151655,0.0,0.0,561.4173109118665,1.0,111.73648540151655,1.0,452.30430167506984,177.69569828309523,0.0,53.14456539545506,2.766095590098769,53.14456539545506
0.19428571428571434,0.0008497421916641157,0.7975122838035459,5.416666666666668,0.0,0.0,1.0,0.5714285714285714,0.5714285714285714,14.583333333333336,0.0,0.0,15.333842613186869,0.0,118.25183106484997,0.0,114.5549540592392,108.07741996429529,120.99699221356572,114.33427332940065,68.49294589287386,65.17203363062495,1.0,0.0,0.0,0.0,0.001307404824595509,0.0,0.00217579958034084,0.0,0.0,0.0,0.0,0.0,0.0,0.0011848822888912425,0.0,0.0019368921791684441,0.0,0.0,0.0,1.7000013031065464e-05,0.0,18.0,1.0,1.0,39.63710205468477,0.0,1.0,0.2528972735867987,1.0,1.0,36.0,4355.834868197415,6509.889034851223,2154.0541666538084,0.0,0.0,148.8661968567778,0.0,2.0,2.0,2.0,1.9986925951754044,2.0,1.9978242004196594,2.0,2.0,2.0,2.0,2.0,2.0,1.9988151177111086,2.0,1.9980631078208317,2.0,2.0,2.0,2770.6991234115317,1.9984014443252818e-15,1.0,1120.888055913352,1882.6635576712786,0.0,0.0,1.0,0.0,0.0,-841.9120336383585,0.0,841.9120336383585,0.0,0.0,0.0,0.0,0.0,0.0,0.0,0.0,5.775000000707394,5.500000000673765,7.748931761304268,7.342265094092403,26.36619685677783,406.5710228470915,386.171018246604,173.1344302966137,164.89092990899368,233.43659255047785,221.28008833761027,792.7420410936954,0.01882792255905387,0.01792134765233273,0.024345235377137776,0.02292131022620872,0.0,13.104403444154883,0.018200560339104006,15.333842613186869,60.2,94.61672966753083,0.0,94.61672966753083,1.0,190.96179853869572,0.0,23.698006899499045,22.298006899499047,24.768582042282922,23.36858204228292,23.698006899499045,22.298006899499047,24.768582042282922,23.36858204228292,94.13317788356393,0.0,0.0,0.0,0.0,0.0,94.13317788356393,0.0,2.413705575883927,0.0,55,12.665840473544216,20.71101494672093,8.045174473176715,10080.0,1882.6635576712786,1882.6635576712786,1882.6635576712786,2.413705575883927,1.9301537919170264,0.0,0.0,0.0,134.93239218379983,142.60106030922444,1.0,0.0,135.22615846097068,113.75,109.58333333333334,111.76073523968267,0.0,0.0,841.9120336383585,1.0,111.76073523968267,1.0,451.2542930959437,165.14333440749087,0.0,54.56112819037378,2.767491385374299,54.56112819037378
0.10906752279580667,0.0003607448816609904,0.71443711761777,6.666666666666665,0.0,1.0,0.0,0.42857142857142855,0.42857142857142855,23.333333333333332,0.0,0.0,13.01448885352408,0.0,121.5191222305641,0.0,114.62513467617084,108.14537378055657,121.18813634167108,114.51599277355372,68.49294849624738,65.17203582662768,1.0,0.0,0.0,0.0,0.0006537024121203223,0.0,0.0010878997765492787,0.0,0.0,0.0,0.0,0.0,0.0,0.0005924411442824987,0.0,0.0009684460769136107,0.0,0.0,0.0,1.8300022929906845e-05,0.0,18.0,1.0,1.0,39.46148830355103,0.0,1.0,0.12772337541133424,1.0,1.0,36.0,4368.350047910945,6530.596939761728,2162.246891850783,0.0,0.0,157.73239352714833,0.0,2.0,2.0,2.0,1.9993462975878797,2.0,1.9989121002234507,2.0,2.0,2.0,2.0,2.0,2.0,1.9994075588557176,2.0,1.9990315539230865,2.0,2.0,2.0,2774.3820306410116,1.9984014443252818e-15,1.0,1118.95327367743,1861.8893024272309,0.0,0.0,1.0,0.0,0.0,-561.4170107624177,0.0,561.4170107624177,0.0,0.0,0.0,0.0,0.0,0.0,0.0,0.0,11.550000000379569,11.00000000036183,15.497863430013886,14.684530096393065,52.732393527148346,404.86488074288565,384.36488532813496,173.36556972103108,165.10907010733044,231.4993110218546,219.25581522080455,789.2297660710207,0.00941396127808048,0.008960673824756446,0.012172617606857937,0.01146065503258497,0.0,0.0,0.0,13.01448885352408,60.2,92.61091333587807,0.0,92.61091333587807,1.0,185.8032440652692,0.0,23.235968870907946,21.835968870907948,24.711263689772824,23.311263689772822,23.235968870907946,21.835968870907948,24.711263689772824,23.311263689772822,93.09446512136154,0.0,0.0,0.0,0.0,0.0,93.09446512136154,0.0,1.93015379040046,0.0,56,12.515179713530483,20.707904910505135,8.192725196974653,10260.0,1861.8893024272309,1861.8893024272309,1861.8893024272309,1.93015379040046,2.413705575883927,0.0,0.0,0.0,141.74650865231388,144.15577619755916,1.0,0.0,141.34787018133883,113.75,98.54166666666667,111.73648143594102,0.0,0.0,561.4170107624177,1.0,111.73648143594102,1.0,452.30427357638655,177.6956923681962,0.0,53.14456320555345,2.766095398540156,53.14456320555345
0.19428571428571434,0.000849742202256587,0.7975122878010187,5.416666666666668,0.0,0.0,1.0,0.5714285714285714,0.5714285714285714,14.583333333333336,0.0,0.0,15.333842521560038,0.0,118.25182730775975,0.0,114.55495039631394,108.07741639876522,120.99699059312168,114.33427177284983,68.49294589286762,65.17203363061974,1.0,0.0,0.0,0.0,0.0013074048241456834,0.0,0.0021757995471056476,0.0,0.0,0.0,0.0,0.0,0.0,0.0011848822884773884,0.0,0.001936892148258799,0.0,0.0,0.0,1.839996548369527e-05,0.0,18.0,1.0,1.0,39.63710192661741,0.0,1.0,0.2528972723116894,1.0,1.0,36.0,4381.015888248769,6551.307954424964,2170.2920661761946,0.0,0.0,148.86619673859326,0.0,2.0,2.0,2.0,1.9986925951758545,2.0,1.997824200452894,2.0,2.0,2.0,2.0,2.0,2.0,1.9988151177115228,2.0,1.998063107851741,2.0,2.0,2.0,2770.6990325024276,1.9984014443252818e-15,1.0,1120.888049551341,1882.663541078357,0.0,0.0,1.0,0.0,0.0,-841.9119449552263,0.0,841.9119449552263,0.0,0.0,0.0,0.0,0.0,0.0,0.0,0.0,5.775000000059599,5.500000000057085,7.748931702592467,7.342265035884138,26.36619673859329,406.57102156091344,386.17101697143477,173.1344302844275,164.890929897746,233.43659127648593,221.28008707368875,792.7420385323481,0.018827922555402745,0.017921347648771895,0.024345235177402627,0.022921310029410908,0.0,13.104403416154021,0.018200560300213917,15.333842521560038,60.2,94.61672883651791,0.0,94.61672883651791,1.0,190.96179398635456,0.0,23.69800668050379,22.298006680503793,24.76858184645513,23.36858184645513,23.69800668050379,22.298006680503793,24.76858184645513,23.36858184645513,94.13317705391785,0.0,0.0,0.0,0.0,0.0,94.13317705391785,0.0,2.4137055730005263,0.0,57,12.665840337824486,20.711014663235936,8.045174325411448,10440.0,1882.663541078357,1882.663541078357,1882.663541078357,2.4137055730005263,1.93015379040046,0.0,0.0,0.0,134.9323908270779,142.60105748009042,1.0,0.0,135.2261571076175,113.75,109.58333333333334,111.7607342914769,0.0,0.0,841.9119449552263,1.0,111.7607342914769,1.0,451.2542852936928,165.14333296251084,0.0,54.56112779218341,2.7674913394189375,54.56112779218341
0.10906752279580667,0.0003607448827447346,0.7144371192342006,6.666666666666665,0.0,1.0,0.0,0.42857142857142855,0.42857142857142855,23.333333333333332,0.0,0.0,13.014488834974882,0.0,121.51912138111031,0.0,114.62513379005995,108.14537292213153,121.1881359562696,114.5159924002312,68.49294849624586,65.17203582662641,1.0,0.0,0.0,0.0,0.000653702412057385,0.0,0.0010878997724063336,0.0,0.0,0.0,0.0,0.0,0.0,0.0005924411442243846,0.0,0.0009684460730617905,0.0,0.0,0.0,1.7900019884109497e-05,0.0,18.0,1.0,1.0,39.46148827254512,0.0,1.0,0.12772337522404487,1.0,1.0,36.0,4393.53106792979,6572.015859263641,2178.484791333851,0.0,0.0,157.73239346274457,0.0,2.0,2.0,2.0,1.9993462975879426,2.0,1.9989121002275938,2.0,2.0,2.0,2.0,2.0,2.0,1.9994075588557756,2.0,1.9990315539269383,2.0,2.0,2.0,2774.382008467938,1.9984014443252818e-15,1.0,1118.9532721222888,1861.8892974533928,0.0,0.0,1.0,0.0,0.0,-561.4169906971015,0.0,561.4169906971015,0.0,0.0,0.0,0.0,0.0,0.0,0.0,0.0,11.550000000029584,11.000000000028209,15.497863398021146,14.684530064665637,52.732393462744575,404.864880431297,384.3648850196053,173.36556971703615,165.10907010361154,231.49931071426084,219.25581491599374,789.2297654509024,0.009413961277578152,0.008960673824265027,0.012172617581801378,0.011460655007897643,0.0,0.0,0.0,13.014488834974882,60.2,92.61091308996613,0.0,92.61091308996613,1.0,185.80324299759965,0.0,23.235968807180782,21.835968807180784,24.71126362915404,23.311263629154038,23.235968807180782,21.835968807180784,24.71126362915404,23.311263629154038,93.09446487266965,0.0,0.0,0.0,0.0,0.0,93.09446487266965,0.0,1.930153790297025,0.0,58,12.515179681020552,20.707904838676804,8.192725157656252,10620.0,1861.8892974533928,1861.8892974533928,1861.8892974533928,1.930153790297025,2.4137055730005263,0.0,0.0,0.0,141.74650825641228,144.15577544548583,1.0,0.0,141.34786978586968,113.75,98.54166666666667,111.73648117427408,0.0,0.0,561.4169906971015,1.0,111.73648117427408,1.0,452.30427168408056,177.6956919541779,0.0,53.14456306104671,2.7660953860658917,53.14456306104671
0.19428571428571434,0.0008497422029218327,0.7975122880706339,5.416666666666668,0.0,0.0,1.0,0.5714285714285714,0.5714285714285714,14.583333333333336,0.0,0.0,15.333842515868113,0.0,118.25182704651499,0.0,114.55495016803278,108.0774161768074,120.9969904783212,114.33427166342739,68.4929458928672,65.17203363061938,1.0,0.0,0.0,0.0,0.0013074048241090708,0.0,0.002175799544405252,0.0,0.0,0.0,0.0,0.0,0.0,0.0011848822884435019,0.0,0.0019368921457448964,0.0,0.0,0.0,1.7400016076862812e-05,0.0,18.0,1.0,1.0,39.637101916787515,0.0,1.0,0.2528972722079871,1.0,1.0,36.0,4406.1969082585265,6592.726873907583,2186.529965649056,0.0,0.0,148.86619672935868,0.0,2.0,2.0,2.0,1.9986925951758907,2.0,1.9978242004555946,2.0,2.0,2.0,2.0,2.0,2.0,1.9988151177115563,2.0,1.9980631078542552,2.0,2.0,2.0,2770.699026836928,1.9984014443252818e-15,1.0,1120.8880490713257,1882.6635398388632,0.0,0.0,1.0,0.0,0.0,-841.9119387320684,0.0,841.9119387320684,0.0,0.0,0.0,0.0,0.0,0.0,0.0,0.0,5.775000000003111,5.500000000002963,7.74893169801082,7.342265031341805,26.3661967293587,406.571021462197,386.1710168735532,173.13443028339714,164.8909298967915,233.43659117879986,221.28008697676168,792.7420383357502,0.018827922555109882,0.01792134764848477,0.024345235161150357,0.022921310013379683,0.0,13.104403413985999,0.018200560297202777,15.333842515868113,60.2,94.61672877446885,0.0,94.61672877446885,1.0,190.9617936659621,0.0,23.698006664241387,22.298006664241385,24.76858183173019,23.368581831730193,23.698006664241387,22.298006664241385,24.76858183173019,23.368581831730193,94.13317699194316,0.0,0.0,0.0,0.0,0.0,94.13317699194316,0.0,2.4137055728227264,0.0,59,12.665840328736879,20.71101464394232,8.04517431520544,10800.0,1882.6635398388632,1882.6635398388632,1882.6635398388632,2.4137055728227264,1.930153790297025,0.0,0.0,0.0,134.9323907326046,142.60105728539492,1.0,0.0,135.22615701334996,113.75,109.58333333333334,111.76073422621639,0.0,0.0,841.9119387320684,1.0,111.76073422621639,1.0,451.2542847441098,165.14333286255143,0.0,54.56112776385464,2.767491336037835,54.56112776385464
0.10906752279580667,0.00036074488280468664,0.7144371193411267,6.666666666666665,0.0,1.0,0.0,0.42857142857142855,0.42857142857142855,23.333333333333332,0.0,0.0,13.014488833965194,0.0,121.51912132059446,0.0,114.62513372470225,108.1453728586559,121.1881359274279,114.51599237217319,68.49294849624573,65.17203582662631,1.0,0.0,0.0,0.0,0.0006537024120535362,0.0,0.0010878997721352171,0.0,0.0,0.0,0.0,0.0,0.0,0.0005924411442208442,0.0,0.0009684460728097575,0.0,0.0,0.0,2.9900053050369024e-05,0.0,18.0,1.0,1.0,39.46148827037102,0.0,1.0,0.12772337521151053,1.0,1.0,36.0,4418.712087937156,6613.434778741157,2194.722690804001,0.0,0.0,157.73239345792786,0.0,2.0,2.0,2.0,1.9993462975879466,2.0,1.9989121002278647,2.0,2.0,2.0,2.0,2.0,2.0,1.9994075588557791,2.0,1.9990315539271901,2.0,2.0,2.0,2774.3820068363852,1.9984014443252818e-15,1.0,1118.953272010665,1861.889297132012,0.0,0.0,1.0,0.0,0.0,-561.416989305249,0.0,561.416989305249,0.0,0.0,0.0,0.0,0.0,0.0,0.0,0.0,11.550000000002242,11.000000000002125,15.497863395629214,14.684530062294282,52.73239345792786,404.86488040942425,384.36488499799606,173.36556971668995,165.1090701032892,231.49931069273427,219.25581489470682,789.2297654074202,0.009413961277546987,0.008960673824234579,0.012172617580167933,0.01146065500628854,0.0,0.0,0.0,13.014488833965194,60.2,92.61091307406882,0.0,92.61091307406882,1.0,185.8032429231903,0.0,23.23596880307452,21.835968803074522,24.711263625225783,23.31126362522578,23.23596880307452,21.835968803074522,24.711263625225783,23.31126362522578,93.09446485660061,0.0,0.0,0.0,0.0,0.0,93.09446485660061,0.0,1.930153790290947,0.0,60,12.515179678629321,20.70790483357457,8.192725154945249,10980.0,1861.889297132012,1861.889297132012,1861.889297132012,1.930153790290947,2.4137055728227264,0.0,0.0,0.0,141.74650822902973,144.1557753933749,1.0,0.0,141.34786975851634,113.75,98.54166666666667,111.73648115590558,0.0,0.0,561.416989305249,1.0,111.73648115590558,1.0,452.3042715515669,177.69569192581486,0.0,53.14456305157816,2.766095385216274,53.14456305157816
0.19428571428571434,0.0008497422029736246,0.7975122880890605,5.416666666666668,0.0,0.0,1.0,0.5714285714285714,0.5714285714285714,14.583333333333336,0.0,0.0,15.333842515422555,0.0,118.25182702864242,0.0,114.5549501520521,108.0774161613155,120.99699047106449,114.33427165651628,68.49294589286717,65.17203363061937,1.0,0.0,0.0,0.0,0.0013074048241066406,0.0,0.002175799544237177,0.0,0.0,0.0,0.0,0.0,0.0,0.0011848822884412444,0.0,0.0019368921455885275,0.0,0.0,0.0,1.7199956346303225e-05,0.0,18.0,1.0,1.0,39.637101916172426,0.0,1.0,0.25289727220153213,1.0,1.0,36.0,4431.377928265294,6634.145793383792,2202.767865118498,0.0,0.0,148.8661967288172,0.0,2.0,2.0,2.0,1.9986925951758936,2.0,1.9978242004557627,2.0,2.0,2.0,2.0,2.0,2.0,1.9988151177115587,2.0,1.9980631078544115,2.0,2.0,2.0,2770.699026437478,1.9984014443252818e-15,1.0,1120.8880490412787,1882.663539756912,0.0,0.0,1.0,0.0,0.0,-841.9119383067537,0.0,841.9119383067537,0.0,0.0,0.0,0.0,0.0,0.0,0.0,0.0,5.77500000000024,5.500000000000213,7.748931697741805,7.34226503107495,26.366196728817208,406.5710214560216,386.1710168674268,173.13443028333947,164.89092989673816,233.4365911726821,221.28008697068856,792.7420383234482,0.018827922555090356,0.017921347648465633,0.02434523516013587,0.022921310012379792,0.0,13.104403413825182,0.01820056029697942,15.333842515422555,60.2,94.61672877036612,0.0,94.61672877036612,1.0,190.96179364415488,0.0,23.698006663157493,22.298006663157494,24.768581830765307,23.368581830765308,23.698006663157493,22.298006663157494,24.768581830765307,23.368581830765308,94.1331769878456,0.0,0.0,0.0,0.0,0.0,94.1331769878456,0.0,2.413705572811476,0.0,61,12.665840328138223,20.71101464263483,8.045174314496608,11160.0,1882.663539756912,1882.663539756912,1882.663539756912,2.413705572811476,1.9301537902909471,0.0,0.0,0.0,134.9323907261078,142.60105727192277,1.0,0.0,135.2261570068666,113.75,109.58333333333334,111.7607342215706,0.0,0.0,841.9119383067537,1.0,111.7607342215706,1.0,451.2542847066213,165.14333285562248,0.0,54.561127761725345,2.7674913358118736,54.561127761725345
0.10906752279580667,0.0003607448828090165,0.7144371193479501,6.666666666666665,0.0,1.0,0.0,0.42857142857142855,0.42857142857142855,23.333333333333332,0.0,0.0,13.014488833891342,0.0,121.51912131647923,0.0,114.62513372048751,108.14537285455864,121.18813592536756,114.51599237016974,68.49294849624573,65.1720358266263,1.0,0.0,0.0,0.0,0.0006537024120532772,0.0,0.0010878997721141476,0.0,0.0,0.0,0.0,0.0,0.0,0.0005924411442205605,0.0,0.000968446072790119,0.0,0.0,0.0,1.750001683831215e-05,0.0,18.0,1.0,1.0,39.461488270211696,0.0,1.0,0.12772337521054758,1.0,1.0,36.0,4443.893107943759,6654.8536982170135,2210.960590273255,0.0,0.0,157.7323934575756,0.0,2.0,2.0,2.0,1.9993462975879466,2.0,1.998912100227886,2.0,2.0,2.0,2.0,2.0,2.0,1.9994075588557796,2.0,1.9990315539272099,2.0,2.0,2.0,2774.3820067317556,1.9984014443252818e-15,1.0,1118.9532720025386,1861.8892971075272,0.0,0.0,1.0,0.0,0.0,-561.416989208587,0.0,561.416989208587,0.0,0.0,0.0,0.0,0.0,0.0,0.0,0.0,11.550000000000118,11.000000000000128,15.497863395454395,14.684530062120967,52.73239345757561,404.86488040782194,384.3648849964118,173.3655697166665,165.10907010326736,231.4993106911555,219.25581489314445,789.2297654042337,0.009413961277544678,0.008960673824232348,0.012172617580041173,0.011460655006163509,0.0,0.0,0.0,13.014488833891342,60.2,92.61091307285538,0.0,92.61091307285538,1.0,185.80324291800494,0.0,23.235968802761988,21.835968802761986,24.7112636249262,23.311263624926198,23.235968802761988,21.835968802761986,24.7112636249262,23.311263624926198,93.09446485537637,0.0,0.0,0.0,0.0,0.0,93.09446485537637,0.0,1.9301537902904942,0.0,62,12.51517967846466,20.70790483322198,8.192725154757321,11340.0,1861.8892971075272,1861.8892971075272,1861.8892971075272,1.9301537902904942,2.413705572811476,0.0,0.0,0.0,141.74650822714912,144.1557753897729,1.0,0.0,141.34786975663755,113.75,98.54166666666667,111.73648115461683,0.0,0.0,561.416989208587,1.0,111.73648115461683,1.0,452.3042715424,177.69569192386223,0.0,53.14456305089615,2.7660953851542707,53.14456305089615
0.19428571428571434,0.0008497422029772883,0.7975122880903875,5.416666666666668,0.0,0.0,1.0,0.5714285714285714,0.5714285714285714,14.583333333333336,0.0,0.0,15.333842515390558,0.0,118.25182702740463,0.0,114.55495015088171,108.07741616017896,120.99699047054634,114.33427165602039,68.49294589286717,65.17203363061935,1.0,0.0,0.0,0.0,0.0013074048241064557,0.0,0.00217579954422605,0.0,0.0,0.0,0.0,0.0,0.0,0.001184882288441121,0.0,0.001936892145578178,0.0,0.0,0.0,1.7200014553964138e-05,0.0,18.0,1.0,1.0,39.637101916130625,0.0,1.0,0.25289727220110453,1.0,1.0,36.0,4456.558948271854,6675.564712859557,2219.0057645877027,0.0,0.0,148.86619672877887,0.0,2.0,2.0,2.0,1.9986925951758936,2.0,1.9978242004557738,2.0,2.0,2.0,2.0,2.0,2.0,1.9988151177115592,2.0,1.9980631078544218,2.0,2.0,2.0,2770.6990264083015,1.9984014443252818e-15,1.0,1120.8880490392123,1882.6635397514979,0.0,0.0,1.0,0.0,0.0,-841.9119382775771,0.0,841.9119382775771,0.0,0.0,0.0,0.0,0.0,0.0,0.0,0.0,5.775000000000013,5.500000000000021,7.74893169772278,7.342265031056092,26.366196728778906,406.5710214556018,386.1710168670106,173.13443028333535,164.89092989673438,233.43659117226647,221.28008697027624,792.7420383226124,0.018827922555089097,0.01792134764846444,0.024345235160068826,0.022921310012313668,0.0,13.104403413815561,0.018200560296966057,15.333842515390558,60.2,94.61672877009504,0.0,94.61672877009504,1.0,190.96179364265774,0.0,23.698006663085735,22.298006663085733,24.76858183070172,23.368581830701718,23.698006663085735,22.298006663085733,24.76858183070172,23.368581830701718,94.1331769875749,0.0,0.0,0.0,0.0,0.0,94.1331769875749,0.0,2.413705572810626,0.0,63,12.665840328095062,20.711014642542708,8.045174314447648,11520.0,1882.6635397514979,1882.6635397514979,1882.6635397514979,2.413705572810626,1.9301537902904942,0.0,0.0,0.0,134.93239072565666,142.60105727098718,1.0,0.0,135.22615700641649,113.75,109.58333333333334,111.76073422125239,0.0,0.0,841.9119382775771,1.0,111.76073422125239,1.0,451.25428470404205,165.1433328551404,0.0,54.56112776158639,2.7674913357965822,54.56112776158639
0.10906752279580667,0.0003607448828094051,0.7144371193484532,6.666666666666665,0.0,1.0,0.0,0.42857142857142855,0.42857142857142855,23.333333333333332,0.0,0.0,13.014488833885661,0.0,121.51912131619754,0.0,114.62513372019967,108.14537285427949,121.1881359252349,114.51599237004118,68.49294849624573,65.1720358266263,1.0,0.0,0.0,0.0,0.0006537024120532278,0.0,0.0010878997721126796,0.0,0.0,0.0,0.0,0.0,0.0,0.0005924411442205605,0.0,0.0009684460727887743,0.0,0.0,0.0,2.7300033252686262e-05,0.0,18.0,1.0,1.0,39.46148827020097,0.0,1.0,0.12772337521048172,1.0,1.0,36.0,4469.074127950308,6696.272617692755,2227.198489742447,0.0,0.0,157.73239345755334,0.0,2.0,2.0,2.0,1.999346297587947,2.0,1.9989121002278876,2.0,2.0,2.0,2.0,2.0,2.0,1.9994075588557796,2.0,1.9990315539272112,2.0,2.0,2.0,2774.382006724571,1.9984014443252818e-15,1.0,1118.9532720019997,1861.8892971058149,0.0,0.0,1.0,0.0,0.0,-561.4169892018831,0.0,561.4169892018831,0.0,0.0,0.0,0.0,0.0,0.0,0.0,0.0,11.550000000000011,11.000000000000007,15.497863395443336,14.684530062110003,52.73239345755336,404.86488040771405,384.36488499630497,173.36556971666508,165.10907010326605,231.49931069104898,219.25581489303892,789.229765404019,0.00941396127754452,0.008960673824232178,0.012172617580032324,0.011460655006154792,0.0,0.0,0.0,13.014488833885661,60.2,92.61091307277059,0.0,92.61091307277059,1.0,185.80324291764748,0.0,23.23596880274008,21.83596880274008,24.711263624905296,23.311263624905294,23.23596880274008,21.83596880274008,24.711263624905296,23.311263624905294,93.09446485529075,0.0,0.0,0.0,0.0,0.0,93.09446485529075,0.0,1.9301537902904604,0.0,64,12.515179678453745,20.707904833198004,8.19272515474426,11700.0,1861.8892971058149,1861.8892971058149,1861.8892971058149,1.9301537902904604,2.413705572810626,0.0,0.0,0.0,141.74650822701722,144.15577538952306,1.0,0.0,141.34786975650587,113.75,98.54166666666667,111.73648115452738,0.0,0.0,561.4169892018831,1.0,111.73648115452738,1.0,452.304271541769,177.69569192372487,0.0,53.144563050847694,2.7660953851500696,53.144563050847694
0.19428571428571434,0.0008497422029776214,0.7975122880904766,5.416666666666668,0.0,0.0,1.0,0.5714285714285714,0.5714285714285714,14.583333333333336,0.0,0.0,15.333842515388607,0.0,118.2518270273188,0.0,114.55495015080318,108.07741616010259,120.99699047050913,114.33427165598484,68.49294589286717,65.17203363061935,1.0,0.0,0.0,0.0,0.0013074048241064557,0.0,0.0021757995442251987,0.0,0.0,0.0,0.0,0.0,0.0,0.001184882288441121,0.0,0.0019368921455774008,0.0,0.0,0.0,1.7700018361210823e-05,0.0,18.0,1.0,1.0,39.63710191612755,0.0,1.0,0.2528972722010726,1.0,1.0,36.0,4481.7399682784,6716.98363233529,2235.243664056891,0.0,0.0,148.86619672877603,0.0,2.0,2.0,2.0,1.9986925951758936,2.0,1.9978242004557747,2.0,2.0,2.0,2.0,2.0,2.0,1.9988151177115592,2.0,1.9980631078544226,2.0,2.0,2.0,2770.6990264063506,1.9984014443252818e-15,1.0,1120.8880490390607,1882.6635397511027,0.0,0.0,1.0,0.0,0.0,-841.9119382755407,0.0,841.9119382755407,0.0,0.0,0.0,0.0,0.0,0.0,0.0,0.0,5.774999999999999,5.500000000000007,7.748931697721362,7.342265031054678,26.366196728776046,406.5710214555708,386.1710168669798,173.13443028333506,164.89092989673406,233.43659117223575,221.28008697024575,792.7420383225506,0.018827922555089006,0.01792134764846437,0.02434523516006382,0.02292131001230875,0.0,13.104403413814872,0.0182005602969651,15.333842515388607,60.2,94.61672877007524,0.0,94.61672877007524,1.0,190.96179364255306,0.0,23.698006663080534,22.298006663080532,24.768581830697038,23.368581830697035,23.698006663080534,22.298006663080532,24.768581830697038,23.368581830697035,94.13317698755513,0.0,0.0,0.0,0.0,0.0,94.13317698755513,0.0,2.4137055728105645,0.0,65,12.665840328092038,20.71101464253624,8.045174314444202,11880.0,1882.6635397511027,1882.6635397511027,1882.6635397511027,2.4137055728105645,1.9301537902904604,0.0,0.0,0.0,134.93239072562406,142.60105727092125,1.0,0.0,135.22615700638394,113.75,109.58333333333334,111.7607342212292,0.0,0.0,841.9119382755407,1.0,111.7607342212292,1.0,451.2542847038623,165.1433328551059,0.0,54.56112776157693,2.767491335795486,54.56112776157693
0.10906752279580667,0.0003607448828094051,0.7144371193484889,6.666666666666665,0.0,1.0,0.0,0.42857142857142855,0.42857142857142855,23.333333333333332,0.0,0.0,13.014488833885295,0.0,121.51912131617753,0.0,114.62513372017877,108.14537285425921,121.18813592522562,114.51599237003218,68.49294849624573,65.1720358266263,1.0,0.0,0.0,0.0,0.0006537024120532278,0.0,0.001087899772112581,0.0,0.0,0.0,0.0,0.0,0.0,0.0005924411442205605,0.0,0.000968446072788688,0.0,0.0,0.0,1.7600017599761486e-05,0.0,18.0,1.0,1.0,39.46148827020024,0.0,1.0,0.1277233752104775,1.0,1.0,36.0,4494.255147956853,6737.691537168486,2243.436389211634,0.0,0.0,157.73239345755178,0.0,2.0,2.0,2.0,1.999346297587947,2.0,1.9989121002278876,2.0,2.0,2.0,2.0,2.0,2.0,1.9994075588557796,2.0,1.9990315539272112,2.0,2.0,2.0,2774.3820067240495,1.9984014443252818e-15,1.0,1118.9532720019631,1861.8892971057055,0.0,0.0,1.0,0.0,0.0,-561.4169892014243,0.0,561.4169892014243,0.0,0.0,0.0,0.0,0.0,0.0,0.0,0.0,11.549999999999983,11.000000000000014,15.497863395442572,14.684530062109229,52.732393457551794,404.86488040770683,384.3648849962978,173.365569716665,165.10907010326594,231.49931069104184,219.25581489303187,789.2297654040046,0.009413961277544486,0.008960673824232185,0.012172617580031764,0.011460655006154253,0.0,0.0,0.0,13.014488833885295,60.2,92.61091307276516,0.0,92.61091307276516,1.0,185.803242917623,0.0,23.235968802738675,21.835968802738677,24.711263624903957,23.311263624903958,23.235968802738675,21.835968802738677,24.711263624903957,23.311263624903958,93.09446485528527,0.0,0.0,0.0,0.0,0.0,93.09446485528527,0.0,1.9301537902904582,0.0,66,12.515179678452974,20.707904833196253,8.192725154743279,12060.0,1861.8892971057055,1861.8892971057055,1861.8892971057055,1.9301537902904582,2.4137055728105645,0.0,0.0,0.0,141.74650822700636,144.15577538950419,1.0,0.0,141.34786975649496,113.75,98.54166666666667,111.73648115451948,0.0,0.0,561.4169892014243,1.0,111.73648115451948,1.0,452.30427154172554,177.69569192371364,0.0,53.14456305084428,2.7660953851497796,53.14456305084428
0.19428571428571434,0.0008497422029775104,0.7975122880904827,5.416666666666668,0.0,0.0,1.0,0.5714285714285714,0.5714285714285714,14.583333333333336,0.0,0.0,15.333842515388467,0.0,118.25182702731283,0.0,114.5549501507979,108.07741616009747,120.99699047050666,114.33427165598246,68.49294589286717,65.17203363061935,1.0,0.0,0.0,0.0,0.0013074048241064557,0.0,0.0021757995442251124,0.0,0.0,0.0,0.0,0.0,0.0,0.001184882288441121,0.0,0.0019368921455773513,0.0,0.0,0.0,1.780001912266016e-05,0.0,18.0,1.0,1.0,39.63710191612734,0.0,1.0,0.25289727220107033,1.0,1.0,36.0,4506.9209882849445,6758.402551811023,2251.481563526078,0.0,0.0,148.86619672877583,0.0,2.0,2.0,2.0,1.9986925951758936,2.0,1.9978242004557751,2.0,2.0,2.0,2.0,2.0,2.0,1.9988151177115592,2.0,1.9980631078544226,2.0,2.0,2.0,2770.6990264062197,1.9984014443252818e-15,1.0,1120.8880490390502,1882.6635397510754,0.0,0.0,1.0,0.0,0.0,-841.9119382754002,0.0,841.9119382754002,0.0,0.0,0.0,0.0,0.0,0.0,0.0,0.0,5.7749999999999915,5.500000000000007,7.748931697721249,7.342265031054593,26.36619672877584,406.57102145556865,386.1710168669777,173.13443028333504,164.89092989673406,233.43659117223368,221.28008697024367,792.7420383225465,0.018827922555089006,0.01792134764846437,0.024345235160063386,0.022921310012308453,0.0,13.104403413814822,0.01820056029696503,15.333842515388467,60.2,94.61672877007388,0.0,94.61672877007388,1.0,190.96179364254584,0.0,23.69800666308017,22.298006663080173,24.768581830696714,23.368581830696712,23.69800666308017,22.298006663080173,24.768581830696714,23.368581830696712,94.13317698755377,0.0,0.0,0.0,0.0,0.0,94.13317698755377,0.0,2.413705572810561,0.0,67,12.665840328091843,20.711014642535716,8.045174314443871,12240.0,1882.6635397510754,1882.6635397510754,1882.6635397510754,2.413705572810561,1.9301537902904582,0.0,0.0,0.0,134.9323907256199,142.6010572709149,1.0,0.0,135.22615700637976,113.75,109.58333333333334,111.76073422122568,0.0,0.0,841.9119382754002,1.0,111.76073422122568,1.0,451.25428470384986,165.14333285510162,0.0,54.56112776157599,2.7674913357953996,54.56112776157599
0.10906752279580667,0.0003607448828094051,0.7144371193484912,6.666666666666665,0.0,1.0,0.0,0.42857142857142855,0.42857142857142855,23.333333333333332,0.0,0.0,13.01448883388527,0.0,121.51912131617625,0.0,114.62513372017735,108.14537285425783,121.18813592522497,114.51599237003151,68.49294849624573,65.1720358266263,1.0,0.0,0.0,0.0,0.0006537024120532278,0.0,0.0010878997721125439,0.0,0.0,0.0,0.0,0.0,0.0,0.0005924411442205605,0.0,0.0009684460727886757,0.0,0.0,0.0,1.7599959392100573e-05,0.0,18.0,1.0,1.0,39.461488270200185,0.0,1.0,0.127723375210477,1.0,1.0,36.0,4519.436167963398,6779.110456644219,2259.674288680821,0.0,0.0,157.73239345755164,0.0,2.0,2.0,2.0,1.999346297587947,2.0,1.9989121002278876,2.0,2.0,2.0,2.0,2.0,2.0,1.9994075588557796,2.0,1.9990315539272114,2.0,2.0,2.0,2774.382006724014,1.9984014443252818e-15,1.0,1118.9532720019606,1861.8892971056973,0.0,0.0,1.0,0.0,0.0,-561.4169892013929,0.0,561.4169892013929,0.0,0.0,0.0,0.0,0.0,0.0,0.0,0.0,11.54999999999999,11.000000000000014,15.497863395442472,14.684530062109186,52.732393457551666,404.8648804077063,384.3648849962973,173.36556971666496,165.10907010326594,231.49931069104136,219.25581489303138,789.2297654040036,0.009413961277544486,0.008960673824232185,0.012172617580031653,0.011460655006154227,0.0,0.0,0.0,13.01448883388527,60.2,92.61091307276477,0.0,92.61091307276477,1.0,185.80324291762128,0.0,23.235968802738576,21.835968802738577,24.71126362490386,23.31126362490386,23.235968802738576,21.835968802738577,24.71126362490386,23.31126362490386,93.09446485528487,0.0,0.0,0.0,0.0,0.0,93.09446485528487,0.0,1.930153790290458,0.0,68,12.515179678452919,20.70790483319604,8.192725154743123,12420.0,1861.8892971056973,1861.8892971056973,1861.8892971056973,1.930153790290458,2.413705572810561,0.0,0.0,0.0,141.74650822700403,144.1557753895011,1.0,0.0,141.34786975649266,113.75,98.54166666666667,111.73648115451732,0.0,0.0,561.4169892013929,1.0,111.73648115451732,1.0,452.30427154172247,177.69569192371125,0.0,53.14456305084383,2.766095385149745,53.14456305084383
0.19428571428571434,0.0008497422029775659,0.7975122880904831,5.416666666666668,0.0,0.0,1.0,0.5714285714285714,0.5714285714285714,14.583333333333336,0.0,0.0,15.333842515388456,0.0,118.25182702731254,0.0,114.55495015079754,108.07741616009712,120.99699047050647,114.33427165598229,68.49294589286717,65.17203363061935,1.0,0.0,0.0,0.0,0.0013074048241064557,0.0,0.0021757995442251124,0.0,0.0,0.0,0.0,0.0,0.0,0.001184882288441121,0.0,0.0019368921455773513,0.0,0.0,0.0,1.7600017599761486e-05,0.0,18.0,1.0,1.0,39.63710191612733,0.0,1.0,0.25289727220107017,1.0,1.0,36.0,4532.102008291489,6799.821471286754,2267.7194629952646,0.0,0.0,148.8661967287758,0.0,2.0,2.0,2.0,1.9986925951758936,2.0,1.9978242004557751,2.0,2.0,2.0,2.0,2.0,2.0,1.9988151177115592,2.0,1.9980631078544226,2.0,2.0,2.0,2770.69902640621,1.9984014443252818e-15,1.0,1120.8880490390495,1882.6635397510736,0.0,0.0,1.0,0.0,0.0,-841.9119382753906,0.0,841.9119382753906,0.0,0.0,0.0,0.0,0.0,0.0,0.0,0.0,5.7749999999999915,5.500000000000007,7.748931697721238,7.342265031054593,26.36619672877583,406.5710214555686,386.1710168669776,173.13443028333504,164.89092989673406,233.43659117223353,221.28008697024356,792.7420383225461,0.01882792255508897,0.01792134764846437,0.024345235160063348,0.022921310012308453,0.0,13.104403413814815,0.018200560296965023,15.333842515388456,60.2,94.61672877007378,0.0,94.61672877007378,1.0,190.96179364254533,0.0,23.698006663080147,22.298006663080148,24.768581830696693,23.36858183069669,23.698006663080147,22.298006663080148,24.768581830696693,23.36858183069669,94.13317698755368,0.0,0.0,0.0,0.0,0.0,94.13317698755368,0.0,2.4137055728105605,0.0,69,12.665840328091821,20.71101464253559,8.04517431444377,12600.0,1882.6635397510736,1882.6635397510736,1882.6635397510736,2.4137055728105605,1.930153790290458,0.0,0.0,0.0,134.93239072561823,142.60105727091292,1.0,0.0,135.2261570063781,113.75,109.58333333333334,111.76073422122403,0.0,0.0,841.9119382753906,1.0,111.76073422122403,1.0,451.254284703849,165.1433328550999,0.0,54.561127761575705,2.7674913357953814,54.561127761575705
0.10906752279580667,0.0003607448828094051,0.7144371193484913,6.666666666666665,0.0,1.0,0.0,0.42857142857142855,0.42857142857142855,23.333333333333332,0.0,0.0,13.014488833885268,0.0,121.51912131617622,0.0,114.62513372017725,108.14537285425773,121.1881359252249,114.5159923700315,68.49294849624573,65.1720358266263,1.0,0.0,0.0,0.0,0.0006537024120532278,0.0,0.0010878997721125439,0.0,0.0,0.0,0.0,0.0,0.0,0.0005924411442205605,0.0,0.0009684460727886757,0.0,0.0,0.0,2.4900014977902174e-05,0.0,18.0,1.0,1.0,39.46148827020018,0.0,1.0,0.127723375210477,1.0,1.0,36.0,4544.617187969942,6820.52937611995,2275.9121881500078,0.0,0.0,157.73239345755164,0.0,2.0,2.0,2.0,1.999346297587947,2.0,1.9989121002278876,2.0,2.0,2.0,2.0,2.0,2.0,1.9994075588557796,2.0,1.9990315539272114,2.0,2.0,2.0,2774.3820067240113,1.9984014443252818e-15,1.0,1118.9532720019604,1861.8892971056969,0.0,0.0,1.0,0.0,0.0,-561.4169892013906,0.0,561.4169892013906,0.0,0.0,0.0,0.0,0.0,0.0,0.0,0.0,11.549999999999983,11.000000000000014,15.497863395442472,14.684530062109186,52.73239345755165,404.8648804077063,384.3648849962973,173.36556971666496,165.10907010326594,231.49931069104136,219.25581489303136,789.2297654040036,0.009413961277544486,0.008960673824232185,0.012172617580031653,0.011460655006154227,0.0,0.0,0.0,13.014488833885268,60.2,92.61091307276475,0.0,92.61091307276475,1.0,185.80324291762116,0.0,23.23596880273857,21.83596880273857,24.711263624903854,23.311263624903855,23.23596880273857,21.83596880273857,24.711263624903854,23.311263624903855,93.09446485528484,0.0,0.0,0.0,0.0,0.0,93.09446485528484,0.0,1.930153790290458,0.0,70,12.515179678452913,20.707904833195954,8.192725154743043,12780.0,1861.8892971056969,1861.8892971056969,1861.8892971056969,1.930153790290458,2.4137055728105605,0.0,0.0,0.0,141.74650822700247,144.15577538949952,1.0,0.0,141.34786975649106,113.75,98.54166666666667,111.73648115451579,0.0,0.0,561.4169892013906,1.0,111.73648115451579,1.0,452.3042715417223,177.6956919237097,0.0,53.14456305084363,2.7660953851497347,53.14456305084363
0.19428571428571434,0.0008497422029775659,0.7975122880904831,5.416666666666668,0.0,0.0,1.0,0.5714285714285714,0.5714285714285714,14.583333333333336,0.0,0.0,15.333842515388456,0.0,118.25182702731254,0.0,114.5549501507975,108.07741616009709,120.99699047050646,114.3342716559823,68.49294589286717,65.17203363061935,1.0,0.0,0.0,0.0,0.0013074048241064557,0.0,0.0021757995442250877,0.0,0.0,0.0,0.0,0.0,0.0,0.001184882288441121,0.0,0.0019368921455773513,0.0,0.0,0.0,2.4500011932104826e-05,0.0,18.0,1.0,1.0,39.63710191612733,0.0,1.0,0.25289727220106994,1.0,1.0,36.0,4557.283028298034,6841.240390762485,2283.9573624644513,0.0,0.0,148.8661967287758,0.0,2.0,2.0,2.0,1.9986925951758936,2.0,1.9978242004557751,2.0,2.0,2.0,2.0,2.0,2.0,1.9988151177115592,2.0,1.9980631078544226,2.0,2.0,2.0,2770.6990264062097,1.9984014443252818e-15,1.0,1120.8880490390495,1882.6635397510736,0.0,0.0,1.0,0.0,0.0,-841.9119382753897,0.0,841.9119382753897,0.0,0.0,0.0,0.0,0.0,0.0,0.0,0.0,5.7749999999999915,5.500000000000007,7.748931697721234,7.342265031054593,26.366196728775826,406.5710214555686,386.1710168669776,173.13443028333504,164.89092989673406,233.43659117223353,221.28008697024356,792.7420383225461,0.01882792255508897,0.01792134764846437,0.024345235160063306,0.022921310012308453,0.0,13.104403413814808,0.018200560296965013,15.333842515388456,60.2,94.61672877007378,0.0,94.61672877007378,1.0,190.9617936425453,0.0,23.698006663080147,22.298006663080148,24.768581830696693,23.36858183069669,23.698006663080147,22.298006663080148,24.768581830696693,23.36858183069669,94.13317698755367,0.0,0.0,0.0,0.0,0.0,94.13317698755367,0.0,2.4137055728105605,0.0,71,12.66584032809182,20.71101464253551,8.045174314443692,12960.0,1882.6635397510736,1882.6635397510736,1882.6635397510736,2.4137055728105605,1.930153790290458,0.0,0.0,0.0,134.93239072561659,142.60105727091133,1.0,0.0,135.22615700637647,113.75,109.58333333333334,111.7607342212224,0.0,0.0,841.9119382753897,1.0,111.7607342212224,1.0,451.2542847038489,165.14333285509827,0.0,54.56112776157545,2.76749133579537,54.56112776157545
0.10906752279580667,0.0003607448828094051,0.7144371193484913,6.666666666666665,0.0,1.0,0.0,0.42857142857142855,0.42857142857142855,23.333333333333332,0.0,0.0,13.014488833885268,0.0,121.51912131617622,0.0,114.62513372017723,108.14537285425773,121.18813592522491,114.5159923700315,68.49294849624573,65.1720358266263,1.0,0.0,0.0,0.0,0.0006537024120532278,0.0,0.0010878997721125439,0.0,0.0,0.0,0.0,0.0,0.0,0.0005924411442205605,0.0,0.0009684460727886757,0.0,0.0,0.0,2.6800029445439577e-05,0.0,18.0,1.0,1.0,39.46148827020018,0.0,1.0,0.127723375210477,1.0,1.0,36.0,4569.798207976487,6861.948295595681,2292.1500876191944,0.0,0.0,157.73239345755164,0.0,2.0,2.0,2.0,1.999346297587947,2.0,1.9989121002278876,2.0,2.0,2.0,2.0,2.0,2.0,1.9994075588557796,2.0,1.9990315539272114,2.0,2.0,2.0,2774.3820067240113,1.9984014443252818e-15,1.0,1118.9532720019604,1861.8892971056969,0.0,0.0,1.0,0.0,0.0,-561.4169892013906,0.0,561.4169892013906,0.0,0.0,0.0,0.0,0.0,0.0,0.0,0.0,11.549999999999983,11.000000000000014,15.497863395442469,14.684530062109186,52.73239345755165,404.8648804077063,384.3648849962973,173.36556971666496,165.10907010326594,231.49931069104136,219.25581489303136,789.2297654040036,0.009413961277544486,0.008960673824232185,0.012172617580031653,0.011460655006154227,0.0,0.0,0.0,13.014488833885268,60.2,92.61091307276475,0.0,92.61091307276475,1.0,185.80324291762116,0.0,23.23596880273857,21.83596880273857,24.711263624903854,23.311263624903855,23.23596880273857,21.83596880273857,24.711263624903854,23.311263624903855,93.09446485528484,0.0,0.0,0.0,0.0,0.0,93.09446485528484,0.0,1.930153790290458,0.0,72,12.515179678452913,20.707904833195876,8.192725154742963,13140.0,1861.8892971056969,1861.8892971056969,1861.8892971056969,1.930153790290458,2.4137055728105605,0.0,0.0,0.0,141.74650822700082,144.15577538949788,1.0,0.0,141.34786975648942,113.75,98.54166666666667,111.73648115451414,0.0,0.0,561.4169892013906,1.0,111.73648115451414,1.0,452.30427154172224,177.69569192370804,0.0,53.144563050843345,2.7660953851497205,53.144563050843345
0.19428571428571434,0.0008497422029775659,0.7975122880904831,5.416666666666668,0.0,0.0,1.0,0.5714285714285714,0.5714285714285714,14.583333333333336,0.0,0.0,15.333842515388456,0.0,118.25182702731254,0.0,114.5549501507975,108.07741616009709,120.99699047050646,114.3342716559823,68.49294589286717,65.17203363061935,1.0,0.0,0.0,0.0,0.0013074048241064557,0.0,0.0021757995442250877,0.0,0.0,0.0,0.0,0.0,0.0,0.001184882288441121,0.0,0.0019368921455773513,0.0,0.0,0.0,2.629996743053198e-05,0.0,18.0,1.0,1.0,39.63710191612732,0.0,1.0,0.25289727220106994,1.0,1.0,36.0,4582.464048304579,6882.659310238217,2300.195261933638,0.0,0.0,148.8661967287758,0.0,2.0,2.0,2.0,1.9986925951758936,2.0,1.9978242004557751,2.0,2.0,2.0,2.0,2.0,2.0,1.9988151177115592,2.0,1.9980631078544226,2.0,2.0,2.0,2770.6990264062097,1.9984014443252818e-15,1.0,1120.8880490390495,1882.6635397510736,0.0,0.0,1.0,0.0,0.0,-841.9119382753897,0.0,841.9119382753897,0.0,0.0,0.0,0.0,0.0,0.0,0.0,0.0,5.7749999999999915,5.500000000000007,7.748931697721234,7.342265031054593,26.366196728775826,406.5710214555686,386.1710168669776,173.13443028333504,164.89092989673406,233.43659117223353,221.28008697024356,792.7420383225461,0.01882792255508897,0.01792134764846437,0.024345235160063306,0.022921310012308453,0.0,13.104403413814808,0.018200560296965013,15.333842515388456,60.2,94.61672877007378,0.0,94.61672877007378,1.0,190.9617936425453,0.0,23.698006663080147,22.298006663080148,24.768581830696693,23.36858183069669,23.698006663080147,22.298006663080148,24.768581830696693,23.36858183069669,94.13317698755367,0.0,0.0,0.0,0.0,0.0,94.13317698755367,0.0,2.4137055728105605,0.0,73,12.665840328091821,20.71101464253543,8.045174314443612,13320.0,1882.6635397510736,1882.6635397510736,1882.6635397510736,2.4137055728105605,1.930153790290458,0.0,0.0,0.0,134.93239072561497,142.60105727090973,1.0,0.0,135.22615700637485,113.75,109.58333333333334,111.76073422122079,0.0,0.0,841.9119382753897,1.0,111.76073422122079,1.0,451.2542847038489,165.14333285509665,0.0,54.56112776157519,2.767491335795357,54.56112776157519
0.10906752279580667,0.0003607448828094051,0.7144371193484913,6.666666666666665,0.0,1.0,0.0,0.42857142857142855,0.42857142857142855,23.333333333333332,0.0,0.0,13.014488833885268,0.0,121.51912131617622,0.0,114.62513372017725,108.14537285425773,121.1881359252249,114.5159923700315,68.49294849624573,65.1720358266263,1.0,0.0,0.0,0.0,0.0006537024120532278,0.0,0.0010878997721125439,0.0,0.0,0.0,0.0,0.0,0.0,0.0005924411442205605,0.0,0.0009684460727886757,0.0,0.0,0.0,2.6100024115294218e-05,0.0,18.0,1.0,1.0,39.46148827020018,0.0,1.0,0.127723375210477,1.0,1.0,36.0,4594.979227983032,6903.367215071412,2308.3879870883807,0.0,0.0,157.73239345755164,0.0,2.0,2.0,2.0,1.999346297587947,2.0,1.9989121002278876,2.0,2.0,2.0,2.0,2.0,2.0,1.9994075588557796,2.0,1.9990315539272114,2.0,2.0,2.0,2774.3820067240113,1.9984014443252818e-15,1.0,1118.9532720019604,1861.8892971056969,0.0,0.0,1.0,0.0,0.0,-561.4169892013906,0.0,561.4169892013906,0.0,0.0,0.0,0.0,0.0,0.0,0.0,0.0,11.549999999999983,11.000000000000014,15.497863395442469,14.684530062109186,52.73239345755165,404.8648804077063,384.3648849962973,173.36556971666496,165.10907010326594,231.49931069104136,219.25581489303136,789.2297654040036,0.009413961277544486,0.008960673824232185,0.012172617580031653,0.011460655006154227,0.0,0.0,0.0,13.014488833885268,60.2,92.61091307276475,0.0,92.61091307276475,1.0,185.80324291762116,0.0,23.23596880273857,21.83596880273857,24.711263624903854,23.311263624903855,23.23596880273857,21.83596880273857,24.711263624903854,23.311263624903855,93.09446485528484,0.0,0.0,0.0,0.0,0.0,93.09446485528484,0.0,1.930153790290458,0.0,74,12.515179678452913,20.70790483319579,8.19272515474288,13500.0,1861.8892971056969,1861.8892971056969,1861.8892971056969,1.930153790290458,2.4137055728105605,0.0,0.0,0.0,141.7465082269992,144.15577538949626,1.0,0.0,141.3478697564878,113.75,98.54166666666667,111.73648115451252,0.0,0.0,561.4169892013906,1.0,111.73648115451252,1.0,452.30427154172224,177.69569192370642,0.0,53.14456305084309,2.7660953851497077,53.14456305084309
0.19428571428571434,0.0008497422029775659,0.7975122880904831,5.416666666666668,0.0,0.0,1.0,0.5714285714285714,0.5714285714285714,14.583333333333336,0.0,0.0,15.333842515388456,0.0,118.25182702731254,0.0,114.5549501507975,108.07741616009709,120.99699047050646,114.3342716559823,68.49294589286717,65.17203363061935,1.0,0.0,0.0,0.0,0.0013074048241064557,0.0,0.0021757995442250877,0.0,0.0,0.0,0.0,0.0,0.0,0.001184882288441121,0.0,0.0019368921455773513,0.0,0.0,0.0,1.7400016076862812e-05,0.0,18.0,1.0,1.0,39.63710191612733,0.0,1.0,0.25289727220106994,1.0,1.0,36.0,4607.645068311123,6924.078229713948,2316.433161402824,0.0,0.0,148.8661967287758,0.0,2.0,2.0,2.0,1.9986925951758936,2.0,1.9978242004557751,2.0,2.0,2.0,2.0,2.0,2.0,1.9988151177115592,2.0,1.9980631078544226,2.0,2.0,2.0,2770.699026406209,1.9984014443252818e-15,1.0,1120.8880490390495,1882.6635397510736,0.0,0.0,1.0,0.0,0.0,-841.9119382753897,0.0,841.9119382753897,0.0,0.0,0.0,0.0,0.0,0.0,0.0,0.0,5.7749999999999915,5.500000000000007,7.748931697721234,7.342265031054593,26.366196728775826,406.5710214555686,386.1710168669776,173.13443028333504,164.89092989673406,233.43659117223353,221.28008697024356,792.7420383225461,0.01882792255508897,0.01792134764846437,0.024345235160063306,0.022921310012308453,0.0,13.104403413814808,0.018200560296965013,15.333842515388456,60.2,94.61672877007378,0.0,94.61672877007378,1.0,190.9617936425453,0.0,23.698006663080147,22.298006663080148,24.768581830696693,23.36858183069669,23.698006663080147,22.298006663080148,24.768581830696693,23.36858183069669,94.13317698755367,0.0,0.0,0.0,0.0,0.0,94.13317698755367,0.0,2.4137055728105605,0.0,75,12.66584032809182,20.71101464253535,8.04517431444353,13680.0,1882.6635397510736,1882.6635397510736,1882.6635397510736,2.4137055728105605,1.930153790290458,0.0,0.0,0.0,134.93239072561335,142.6010572709081,1.0,0.0,135.22615700637323,113.75,109.58333333333334,111.76073422121917,0.0,0.0,841.9119382753897,1.0,111.76073422121917,1.0,451.2542847038489,165.14333285509503,0.0,54.56112776157494,2.767491335795344,54.56112776157494
0.10906752279580667,0.0003607448828094051,0.7144371193484913,6.666666666666665,0.0,1.0,0.0,0.42857142857142855,0.42857142857142855,23.333333333333332,0.0,0.0,13.014488833885268,0.0,121.51912131617622,0.0,114.62513372017723,108.14537285425773,121.18813592522491,114.5159923700315,68.49294849624573,65.1720358266263,1.0,0.0,0.0,0.0,0.0006537024120532278,0.0,0.0010878997721125439,0.0,0.0,0.0,0.0,0.0,0.0,0.0005924411442205605,0.0,0.0009684460727886757,0.0,0.0,0.0,2.069998299703002e-05,0.0,18.0,1.0,1.0,39.46148827020018,0.0,1.0,0.127723375210477,1.0,1.0,36.0,4620.160247989576,6944.786134547143,2324.625886557567,0.0,0.0,157.73239345755164,0.0,2.0,2.0,2.0,1.999346297587947,2.0,1.9989121002278876,2.0,2.0,2.0,2.0,2.0,2.0,1.9994075588557796,2.0,1.9990315539272114,2.0,2.0,2.0,2774.3820067240113,1.9984014443252818e-15,1.0,1118.9532720019604,1861.8892971056969,0.0,0.0,1.0,0.0,0.0,-561.4169892013906,0.0,561.4169892013906,0.0,0.0,0.0,0.0,0.0,0.0,0.0,0.0,11.549999999999983,11.000000000000014,15.497863395442469,14.684530062109186,52.73239345755165,404.8648804077063,384.3648849962973,173.36556971666496,165.10907010326594,231.49931069104136,219.25581489303136,789.2297654040036,0.009413961277544486,0.008960673824232185,0.012172617580031653,0.011460655006154227,0.0,0.0,0.0,13.014488833885268,60.2,92.61091307276475,0.0,92.61091307276475,1.0,185.80324291762116,0.0,23.23596880273857,21.83596880273857,24.711263624903854,23.311263624903855,23.23596880273857,21.83596880273857,24.711263624903854,23.311263624903855,93.09446485528484,0.0,0.0,0.0,0.0,0.0,93.09446485528484,0.0,1.930153790290458,0.0,76,12.515179678452913,20.707904833195713,8.1927251547428,13860.0,1861.8892971056969,1861.8892971056969,1861.8892971056969,1.930153790290458,2.4137055728105605,0.0,0.0,0.0,141.74650822699758,144.1557753894946,1.0,0.0,141.34786975648618,113.75,98.54166666666667,111.7364811545109,0.0,0.0,561.4169892013906,1.0,111.7364811545109,1.0,452.30427154172224,177.6956919237048,0.0,53.144563050842834,2.766095385149695,53.144563050842834
0.19428571428571434,0.0008497422029775659,0.7975122880904831,5.416666666666668,0.0,0.0,1.0,0.5714285714285714,0.5714285714285714,14.583333333333336,0.0,0.0,15.333842515388456,0.0,118.25182702731254,0.0,114.5549501507975,108.07741616009709,120.99699047050646,114.3342716559823,68.49294589286717,65.17203363061935,1.0,0.0,0.0,0.0,0.0013074048241064557,0.0,0.0021757995442250877,0.0,0.0,0.0,0.0,0.0,0.0,0.001184882288441121,0.0,0.0019368921455773513,0.0,0.0,0.0,2.619996666908264e-05,0.0,18.0,1.0,1.0,39.63710191612732,0.0,1.0,0.25289727220106994,1.0,1.0,36.0,4632.826088317668,6965.497149189679,2332.6710608720105,0.0,0.0,148.8661967287758,0.0,2.0,2.0,2.0,1.9986925951758936,2.0,1.9978242004557751,2.0,2.0,2.0,2.0,2.0,2.0,1.9988151177115592,2.0,1.9980631078544226,2.0,2.0,2.0,2770.6990264062097,1.9984014443252818e-15,1.0,1120.8880490390495,1882.6635397510736,0.0,0.0,1.0,0.0,0.0,-841.9119382753897,0.0,841.9119382753897,0.0,0.0,0.0,0.0,0.0,0.0,0.0,0.0,5.7749999999999915,5.500000000000007,7.748931697721234,7.342265031054593,26.366196728775826,406.5710214555686,386.1710168669776,173.13443028333504,164.89092989673406,233.43659117223353,221.28008697024356,792.7420383225461,0.01882792255508897,0.01792134764846437,0.024345235160063306,0.022921310012308453,0.0,13.104403413814808,0.018200560296965013,15.333842515388456,60.2,94.61672877007378,0.0,94.61672877007378,1.0,190.9617936425453,0.0,23.698006663080147,22.298006663080148,24.768581830696693,23.36858183069669,23.698006663080147,22.298006663080148,24.768581830696693,23.36858183069669,94.13317698755367,0.0,0.0,0.0,0.0,0.0,94.13317698755367,0.0,2.4137055728105605,0.0,77,12.665840328091821,20.71101464253527,8.04517431444345,14040.0,1882.6635397510736,1882.6635397510736,1882.6635397510736,2.4137055728105605,1.930153790290458,0.0,0.0,0.0,134.93239072561173,142.6010572709065,1.0,0.0,135.2261570063716,113.75,109.58333333333334,111.76073422121755,0.0,0.0,841.9119382753897,1.0,111.76073422121755,1.0,451.2542847038489,165.1433328550934,0.0,54.56112776157468,2.7674913357953312,54.56112776157468
0.10906752279580667,0.0003607448828094051,0.7144371193484913,6.666666666666665,0.0,1.0,0.0,0.42857142857142855,0.42857142857142855,23.333333333333332,0.0,0.0,13.014488833885268,0.0,121.51912131617622,0.0,114.62513372017725,108.14537285425773,121.1881359252249,114.5159923700315,68.49294849624573,65.1720358266263,1.0,0.0,0.0,0.0,0.0006537024120532278,0.0,0.0010878997721125439,0.0,0.0,0.0,0.0,0.0,0.0,0.0005924411442205605,0.0,0.0009684460727886757,0.0,0.0,0.0,2.74000340141356e-05,0.0,18.0,1.0,1.0,39.46148827020018,0.0,1.0,0.127723375210477,1.0,1.0,36.0,4645.341267996121,6986.205054022874,2340.863786026753,0.0,0.0,157.73239345755164,0.0,2.0,2.0,2.0,1.999346297587947,2.0,1.9989121002278876,2.0,2.0,2.0,2.0,2.0,2.0,1.9994075588557796,2.0,1.9990315539272114,2.0,2.0,2.0,2774.3820067240113,1.9984014443252818e-15,1.0,1118.9532720019604,1861.8892971056969,0.0,0.0,1.0,0.0,0.0,-561.4169892013906,0.0,561.4169892013906,0.0,0.0,0.0,0.0,0.0,0.0,0.0,0.0,11.549999999999983,11.000000000000014,15.497863395442469,14.684530062109186,52.73239345755165,404.8648804077063,384.3648849962973,173.36556971666496,165.10907010326594,231.49931069104136,219.25581489303136,789.2297654040036,0.009413961277544486,0.008960673824232185,0.012172617580031653,0.011460655006154227,0.0,0.0,0.0,13.014488833885268,60.2,92.61091307276475,0.0,92.61091307276475,1.0,185.80324291762116,0.0,23.23596880273857,21.83596880273857,24.711263624903854,23.311263624903855,23.23596880273857,21.83596880273857,24.711263624903854,23.311263624903855,93.09446485528484,0.0,0.0,0.0,0.0,0.0,93.09446485528484,0.0,1.930153790290458,0.0,78,12.515179678452913,20.70790483319563,8.192725154742718,14220.0,1861.8892971056969,1861.8892971056969,1861.8892971056969,1.930153790290458,2.4137055728105605,0.0,0.0,0.0,141.74650822699596,144.155775389493,1.0,0.0,141.34786975648456,113.75,98.54166666666667,111.73648115450928,0.0,0.0,561.4169892013906,1.0,111.73648115450928,1.0,452.30427154172224,177.69569192370318,0.0,53.14456305084258,2.7660953851496823,53.14456305084258
0.19428571428571434,0.0008497422029775659,0.7975122880904831,5.416666666666668,0.0,0.0,1.0,0.5714285714285714,0.5714285714285714,14.583333333333336,0.0,0.0,15.333842515388456,0.0,118.25182702731254,0.0,114.5549501507975,108.07741616009709,120.99699047050646,114.3342716559823,68.49294589286717,65.17203363061935,1.0,0.0,0.0,0.0,0.0013074048241064557,0.0,0.0021757995442250877,0.0,0.0,0.0,0.0,0.0,0.0,0.001184882288441121,0.0,0.0019368921455773513,0.0,0.0,0.0,1.92999723367393e-05,0.0,18.0,1.0,1.0,39.63710191612733,0.0,1.0,0.25289727220106994,1.0,1.0,36.0,4658.007108324213,7006.9160686654095,2348.9089603411967,0.0,0.0,148.8661967287758,0.0,2.0,2.0,2.0,1.9986925951758936,2.0,1.9978242004557751,2.0,2.0,2.0,2.0,2.0,2.0,1.9988151177115592,2.0,1.9980631078544226,2.0,2.0,2.0,2770.699026406209,1.9984014443252818e-15,1.0,1120.8880490390495,1882.6635397510736,0.0,0.0,1.0,0.0,0.0,-841.9119382753897,0.0,841.9119382753897,0.0,0.0,0.0,0.0,0.0,0.0,0.0,0.0,5.7749999999999915,5.500000000000007,7.748931697721234,7.342265031054593,26.366196728775826,406.5710214555686,386.1710168669776,173.13443028333504,164.89092989673406,233.43659117223353,221.28008697024356,792.7420383225461,0.01882792255508897,0.01792134764846437,0.024345235160063306,0.022921310012308453,0.0,13.104403413814808,0.018200560296965013,15.333842515388456,60.2,94.61672877007378,0.0,94.61672877007378,1.0,190.9617936425453,0.0,23.698006663080147,22.298006663080148,24.768581830696693,23.36858183069669,23.698006663080147,22.298006663080148,24.768581830696693,23.36858183069669,94.13317698755367,0.0,0.0,0.0,0.0,0.0,94.13317698755367,0.0,2.4137055728105605,0.0,79,12.66584032809182,20.71101464253519,8.045174314443369,14400.0,1882.6635397510736,1882.6635397510736,1882.6635397510736,2.4137055728105605,1.930153790290458,0.0,0.0,0.0,134.9323907256101,142.60105727090485,1.0,0.0,135.22615700637,113.75,109.58333333333334,111.76073422121593,0.0,0.0,841.9119382753897,1.0,111.76073422121593,1.0,451.2542847038489,165.14333285509178,0.0,54.561127761574426,2.7674913357953184,54.561127761574426
