N_P_star,N_UF_star,computation_time_sec,leader_candidate_count,leader_full_evaluated_count,leader_serial_override,solver_evaluations,step,sup_pick_pfo,sup_v_pfo,sup_v_pstack,wu_b2_price_A,wu_b2_price_B,wu_b2_price_C,wu_b2_price_D,wu_b2_price_F,wu_b2_price_delta_sec,wu_b2_price_enabled,wu_b2_price_ref_A,wu_b2_price_ref_B,wu_b2_price_ref_C,wu_b2_price_ref_D,wu_b2_price_ref_F,wu_b2_price_refresh_count,wu_b2_price_refreshed,wu_b2_price_skipped,wu_b2_price_trust_sec,wu_b3_cliff_both_FW_E,wu_b3_cliff_both_FW_W,wu_b3_meter_fd3_R_D_E_base,wu_b3_meter_fd3_R_D_E_cliffup,wu_b3_meter_fd3_R_D_E_curv,wu_b3_meter_fd3_R_D_E_hi,wu_b3_meter_fd3_R_D_E_lo,wu_b3_meter_fd3_R_D_E_nonlin,wu_b3_meter_fd3_R_D_W_base,wu_b3_meter_fd3_R_D_W_cliffup,wu_b3_meter_fd3_R_D_W_curv,wu_b3_meter_fd3_R_D_W_hi,wu_b3_meter_fd3_R_D_W_lo,wu_b3_meter_fd3_R_D_W_nonlin,wu_b3_meter_fd3_R_F_E_base,wu_b3_meter_fd3_R_F_E_cliffup,wu_b3_meter_fd3_R_F_E_curv,wu_b3_meter_fd3_R_F_E_hi,wu_b3_meter_fd3_R_F_E_lo,wu_b3_meter_fd3_R_F_E_nonlin,wu_b3_meter_fd3_R_F_W_base,wu_b3_meter_fd3_R_F_W_cliffup,wu_b3_meter_fd3_R_F_W_curv,wu_b3_meter_fd3_R_F_W_hi,wu_b3_meter_fd3_R_F_W_lo,wu_b3_meter_fd3_R_F_W_nonlin,wu_b3_meter_price_R_D_E,wu_b3_meter_price_R_D_W,wu_b3_meter_price_R_F_E,wu_b3_meter_price_R_F_W,wu_b3_meter_price_enabled,wu_b3_meter_price_ref_R_D_E,wu_b3_meter_price_ref_R_D_W,wu_b3_meter_price_ref_R_F_E,wu_b3_meter_price_ref_R_F_W,wu_b3_release_ratio_FW_E,wu_b3_release_ratio_FW_W,wu_b3_release_refresh,wu_b3_vsl_price_FW_E__seg0,wu_b3_vsl_price_FW_E__seg1,wu_b3_vsl_price_FW_E__seg2,wu_b3_vsl_price_FW_E__seg3,wu_b3_vsl_price_FW_E__seg4,wu_b3_vsl_price_FW_E__seg5,wu_b3_vsl_price_FW_E__seg6,wu_b3_vsl_price_FW_E__seg7,wu_b3_vsl_price_FW_W__seg0,wu_b3_vsl_price_FW_W__seg1,wu_b3_vsl_price_FW_W__seg2,wu_b3_vsl_price_FW_W__seg3,wu_b3_vsl_price_FW_W__seg4,wu_b3_vsl_price_FW_W__seg5,wu_b3_vsl_price_FW_W__seg6,wu_b3_vsl_price_FW_W__seg7,wu_b3_vsl_price_enabled,wu_b3_vsl_price_ref_FW_E__seg0,wu_b3_vsl_price_ref_FW_E__seg1,wu_b3_vsl_price_ref_FW_E__seg2,wu_b3_vsl_price_ref_FW_E__seg3,wu_b3_vsl_price_ref_FW_E__seg4,wu_b3_vsl_price_ref_FW_E__seg5,wu_b3_vsl_price_ref_FW_E__seg6,wu_b3_vsl_price_ref_FW_E__seg7,wu_b3_vsl_price_ref_FW_W__seg0,wu_b3_vsl_price_ref_FW_W__seg1,wu_b3_vsl_price_ref_FW_W__seg2,wu_b3_vsl_price_ref_FW_W__seg3,wu_b3_vsl_price_ref_FW_W__seg4,wu_b3_vsl_price_ref_FW_W__seg5,wu_b3_vsl_price_ref_FW_W__seg6,wu_b3_vsl_price_ref_FW_W__seg7,wu_b4_barrier_enabled,wu_f3_offset_inner_iters_A,wu_f3_offset_inner_iters_B,wu_f3_offset_inner_iters_C,wu_f3_offset_price_A,wu_f3_offset_price_B,wu_f3_offset_price_C,wu_f3_offset_price_enabled,wu_f3_offset_ref_A,wu_f3_offset_ref_B,wu_f3_offset_ref_C,wu_f3_offset_walk_from_A,wu_f3_offset_walk_from_B,wu_f3_offset_walk_from_C,wu_faithful_active,wu_faithful_np_bias_ratio,wu_faithful_np_cand_lambda,wu_faithful_np_cand_lambda_applied,wu_faithful_np_feasible_max,wu_faithful_np_feasible_max_veh,wu_faithful_np_feasible_min,wu_faithful_np_feasible_min_veh,wu_faithful_np_original_target,wu_faithful_np_original_target_veh,wu_faithful_np_pd_exit,wu_faithful_np_pd_iters,wu_faithful_np_pd_lam_entry,wu_faithful_np_pd_residual,wu_faithful_np_predictor_current_interval,wu_faithful_np_predictor_legacy,wu_faithful_np_predictor_mode_code,wu_faithful_np_predictor_phase_substep,wu_faithful_np_predictor_storage_aware,wu_faithful_np_projected_target,wu_faithful_np_projected_target_veh,wu_faithful_np_projection_residual,wu_faithful_np_realized_sum_nin_veh,wu_faithful_np_sum_nin,wu_faithful_np_target,wu_faithful_np_target_error,wu_seg13_active,wu_seg13_budget_FW_E,wu_seg13_budget_FW_W,wu_seg13_evals_FW_E,wu_seg13_evals_FW_W,wu_seg13_floor_alpha_FW_E,wu_seg13_floor_alpha_FW_W,wu_seg13_floor_cong_FW_E,wu_seg13_floor_cong_FW_W,wu_seg13_meter_box_edge_FW_E,wu_seg13_meter_box_edge_FW_W,wu_seg13_meter_box_r_FW_E,wu_seg13_meter_box_r_FW_W,wu_seg13_meter_box_total_FW_E,wu_seg13_meter_box_total_FW_W,wu_seg13_postsplit_FW_E,wu_seg13_postsplit_FW_W,wu_seg13_presplit_FW_E,wu_seg13_presplit_FW_W,wu_seg13_traj_used_FW_E,wu_seg13_traj_used_FW_W,wu_seg13_vsl_box_r_FW_E,wu_seg13_vsl_box_r_FW_W
0.0,0.0,3.23000131174922e-05,0.0,0.0,0.0,0.0,0,,,,,,,,,,,,,,,,,,,,,,,,,,,,,,,,,,,,,,,,,,,,,,,,,,,,,,,,,,,,,,,,,,,,,,,,,,,,,,,,,,,,,,,,,,,,,,,,,,,,,,,,,0.0,,,,,,,,,,,,,,,,,,,,,,,,,,,,,,,,,,,,,,,,,,,,,,,,
0.0,0.0,5.099998088553548e-05,0.0,0.0,0.0,0.0,1,,,,,,,,,,,,,,,,,,,,,,,,,,,,,,,,,,,,,,,,,,,,,,,,,,,,,,,,,,,,,,,,,,,,,,,,,,,,,,,,,,,,,,,,,,,,,,,,,,,,,,,,,0.0,,,,,,,,,,,,,,,,,,,,,,,,,,,,,,,,,,,,,,,,,,,,,,,,
0.0,0.0,4.549999721348286e-05,0.0,0.0,0.0,0.0,2,,,,,,,,,,,,,,,,,,,,,,,,,,,,,,,,,,,,,,,,,,,,,,,,,,,,,,,,,,,,,,,,,,,,,,,,,,,,,,,,,,,,,,,,,,,,,,,,,,,,,,,,,0.0,,,,,,,,,,,,,,,,,,,,,,,,,,,,,,,,,,,,,,,,,,,,,,,,
0.0,0.0,2.269999822601676e-05,0.0,0.0,0.0,0.0,3,,,,,,,,,,,,,,,,,,,,,,,,,,,,,,,,,,,,,,,,,,,,,,,,,,,,,,,,,,,,,,,,,,,,,,,,,,,,,,,,,,,,,,,,,,,,,,,,,,,,,,,,,0.0,,,,,,,,,,,,,,,,,,,,,,,,,,,,,,,,,,,,,,,,,,,,,,,,
0.0,0.0,4.850002005696297e-05,0.0,0.0,0.0,0.0,4,,,,,,,,,,,,,,,,,,,,,,,,,,,,,,,,,,,,,,,,,,,,,,,,,,,,,,,,,,,,,,,,,,,,,,,,,,,,,,,,,,,,,,,,,,,,,,,,,,,,,,,,,0.0,,,,,,,,,,,,,,,,,,,,,,,,,,,,,,,,,,,,,,,,,,,,,,,,
459.6955537746088,5400.0,41.91492220002692,49.0,5.0,1.0,215.0,5,0.0,97.97365907964031,96.94099535065526,-0.00024973469708374375,-0.021415478209464083,-0.009755688812712843,0.0077616543053966956,-0.028878045084592813,6.0,1.0,56.0,56.0,56.0,56.0,56.0,1.0,1.0,0.0,6.0,0.0,0.0,322.7490734684422,0.0,0.5578641546434255,322.7490734684422,323.3069376230857,0.0,322.7490734684422,0.0,0.4323234502279547,322.7490734684422,323.1813969186701,0.0,322.7490734684422,0.0,0.7086889476877332,322.7490734684422,323.4577624161299,0.0,322.7490734684422,0.0,0.6363881330161121,322.7490734684422,323.38546160145836,0.0,-0.0018595471821449413,-0.0014410781674263262,-0.002362296492292444,-0.002121293776720563,1.0,1500.0,1500.0,1500.0,1500.0,1.0,1.0,0.0,0.05379923130898554,0.054213921523806795,0.05461408149450513,0.054845817503771245,0.05506651117584758,0.054767552789872644,0.05424068266632159,0.05298096376393167,0.05320253864345341,0.0535829951704625,0.053940211198867785,0.05419512062596814,0.054380558489900116,0.05416890683784885,0.053636971549946025,0.052415474285314276,1.0,115.0,115.0,115.0,115.0,115.0,115.0,115.0,115.0,115.0,115.0,115.0,115.0,115.0,115.0,115.0,115.0,0.0,4.0,4.0,4.0,-0.021028124958519974,-0.004478108387013293,-0.023077747489738815,1.0,0.0,0.0,0.0,0.0,0.0,0.0,1.0,1.0,10.0,1.0,518.3555537746088,459.6955537746088,385.07352792989144,459.6955537746088,-1502.7004046019936,-1502.7004046019936,2.0,2.0,0.0,41.30151938353805,0.0,1.0,0.0,0.0,0.0,418.39403439107076,459.6955537746088,-1921.0944389930644,459.6955537746088,459.6955537746088,-1502.7004046019936,41.30151938353805,1.0,2684.9313209395323,2715.0686790604673,24.0,24.0,,,,,2.0,2.0,300.0,300.0,2.0,2.0,2684.9313209395323,2715.0686790604673,3000.0,3000.0,1.0,1.0,15.0,15.0
582.1370097978195,6000.0,45.92639949999284,49.0,5.0,0.0,518.0,6,0.0,143.4118673942042,142.41551771370382,0.000607063794312598,-0.0424715551723854,-0.013278726155827519,0.04509366925013574,0.009194483431918124,6.0,1.0,56.0,56.0,56.0,56.0,56.0,2.0,1.0,0.0,6.0,0.0,0.0,390.7420950886278,0.0,0.04321293000020887,390.7336244032321,390.7937787040238,0.0,390.7420950886278,0.0,0.030029498444946512,390.737037908723,390.7771817669776,0.0,390.7420950886278,0.0,0.049110095109426766,390.7306932508286,390.80260702153646,0.0,390.7420950886278,0.0,0.035254780271543495,390.73528275317534,390.78416220435184,0.0,-0.00013147494208509626,-9.072762440367152e-05,-0.00015717677230891124,-0.00011047060945838878,1.0,1342.4656604697661,1357.5343395302336,1342.4656604697661,1357.5343395302336,,,0.0,0.09839789101395979,0.09804991547204019,0.09720892914075688,0.09901401658868955,0.09869406356858529,0.09941242354786493,0.09898334583873147,0.09839659954252404,0.09843447218171004,0.09809013053128535,0.09727691319590033,0.09998127708110723,0.09963262545083768,0.09933757805206848,0.09900524510370765,0.09855887502385609,1.0,115.0,115.0,115.0,115.0,115.0,115.0,115.0,115.0,115.0,115.0,115.0,115.0,115.0,115.0,115.0,115.0,0.0,4.0,4.0,4.0,-0.02231966614993078,-0.012119189451861693,-0.022713934061376145,1.0,0.0,0.0,0.0,0.0,0.0,0.0,1.0,1.0,0.0,0.0,0.0,,0.0,,0.0,,-1.0,0.0,0.0,0.0,0.0,1.0,0.0,0.0,0.0,0.0,,0.0,,582.1370097978195,0.0,582.1370097978195,1.0,,,32.0,28.0,,,,,2.0,2.0,300.0,300.0,2.0,2.0,,,,,1.0,1.0,15.0,15.0
727.351833156659,6000.0,48.31007639999734,49.0,5.0,0.0,488.0,7,0.0,191.3572244525899,190.63675840030044,0.017865859784799598,-0.08360709289385719,-0.006920606529420614,-0.06767042480844873,-0.12237121776799746,6.0,1.0,56.0,56.0,56.0,56.0,56.0,3.0,1.0,0.0,6.0,0.0,0.0,452.63168854053833,0.0,0.6604232209053862,452.63168854053833,453.2921117614437,0.0,452.63168854053833,0.0,0.27555554344553457,452.63168854053833,452.90724408398387,0.0,452.63168854053833,0.0,1.0446033363450624,452.63168854053833,453.67629187688334,0.0,452.63168854053833,0.0,0.637232109267984,452.63168854053833,453.2689206498063,0.0,-0.0022014107363512872,-0.0009185184781517818,-0.0033971786793889672,-0.00212410703089328,1.0,1500.0,1500.0,1500.0,1500.0,,,0.0,0.09576224326989369,0.09509871592211461,0.0946690511167489,0.09977241209971766,0.09975539240348574,0.09993806194352857,0.09991746913765419,0.0998127332686053,0.09583366528770688,0.09526152663461077,0.09483529143245058,0.09969907822220209,0.09956159944384382,0.09994185261346082,0.09992615134475996,0.09971798181355496,1.0,115.0,115.0,115.0,115.0,115.0,115.0,115.0,115.0,115.0,115.0,115.0,115.0,115.0,115.0,115.0,115.0,0.0,4.0,4.0,4.0,-0.013626602397737551,-0.03604576127298394,-0.008081479232722162,1.0,0.0,0.0,0.0,0.0,0.0,0.0,1.0,1.0,0.0,0.0,0.0,,0.0,,0.0,,-1.0,0.0,0.0,0.0,0.0,1.0,0.0,0.0,0.0,0.0,,0.0,,727.351833156659,0.0,727.351833156659,1.0,,,24.0,24.0,,,,,2.0,2.0,300.0,300.0,2.0,2.0,,,,,1.0,1.0,15.0,15.0
829.5175229865837,5916.19039978183,45.57278700004099,49.0,5.0,1.0,601.0,8,0.0,225.8538336585978,225.7308926074304,0.015111542894944985,-0.09018060190945354,-0.07537172498177962,0.07440835315301582,0.25662253795416406,6.0,1.0,56.0,56.0,56.0,56.0,62.0,4.0,1.0,0.0,6.0,0.0,0.0,500.5815694295152,0.0,0.6026147041051217,500.5815694295152,501.1841841336203,0.0,500.5815694295152,0.0,0.5898766338449377,500.5815694295152,501.1714460633601,0.0,500.5815694295152,0.0,1.1786282214166022,500.5815694295152,501.7601976509318,0.0,500.5815694295152,0.0,1.4200574006146098,500.5815694295152,502.0016268301298,0.0,-0.0018255212859984717,-0.0019662554461497925,-0.0015516520617282008,-0.0035704302860316995,1.0,1500.0,1500.0,1500.0,1500.0,1.0,1.0,0.0,0.09999566057321516,0.09987651691750407,0.09980897653498459,0.1,0.1,0.1,0.1,0.1,0.09988003823045055,0.0996521307570152,0.09962283641953817,0.1,0.1,0.1,0.1,0.1,1.0,115.0,115.0,115.0,115.0,115.0,115.0,115.0,115.0,115.0,115.0,115.0,115.0,115.0,115.0,115.0,115.0,0.0,4.0,4.0,4.0,-0.0033801552304795653,-0.025806773888177904,-0.03092834649037073,1.0,0.0,0.0,0.0,0.0,0.0,0.0,1.0,1.0,0.0,1.0,1033.0005109756983,829.5175229865837,614.2791583830572,829.5175229865837,830.9793285421393,830.9793285421393,1.0,3.0,10.0,-1.4618055555556566,0.0,1.0,0.0,0.0,0.0,830.9793285421393,829.5175229865837,0.0,829.5175229865837,829.5175229865837,830.9793285421393,-1.4618055555556566,1.0,2916.1903997818304,3000.0,24.0,24.0,,0.0,,0.6961708909818565,2.0,2.0,300.0,300.0,2.0,2.0,2916.1903997818304,3000.0,3000.0,3000.0,1.0,1.0,15.0,15.0
889.8843253263449,5616.1903999999995,54.71538970002439,49.0,5.0,1.0,529.0,9,0.0,247.24818620891196,247.00939272499474,0.030798181600429096,-0.19233123296061178,-0.20856628832180438,0.00977196903044697,0.11836722666175051,6.0,1.0,56.0,56.0,52.0,56.0,56.0,5.0,1.0,0.0,6.0,0.0,0.0,532.4926476124787,0.0,0.29848454223315457,532.5677651890388,532.1190454936853,0.0,532.4926476124787,0.0,0.22152524962075404,532.4926476124787,532.7141728620994,0.0,532.4926476124787,0.0,0.1396658232763457,532.8215659915702,532.0240634101108,0.0,532.4926476124787,0.0,0.37250692572956723,532.4926476124787,532.8651545382083,0.0,0.001948765600181466,-0.0007384174987358468,0.0033153034771751487,-8.897949562135439e-05,1.0,1458.0951998909152,1500.0,1458.0951998909152,1500.0,0.9136193399394091,1.0,0.0,0.1,0.1,0.1,0.0,0.0,0.1,0.0,0.0,0.1,0.1,0.1,0.0016235539162305912,0.0,0.0,0.0,0.0,1.0,115.0,115.0,115.0,100.0,100.0,115.0,100.0,100.0,115.0,115.0,115.0,100.0,100.0,100.0,100.0,100.0,0.0,4.0,4.0,4.0,0.0010515004972988518,-0.0577199075073641,-0.002022296884269671,1.0,0.0,0.0,0.0,0.0,0.0,0.0,1.0,1.0,0.0,1.0,1027.3240566455934,889.8843253263449,662.600116994628,889.8843253263449,886.3843253263449,886.3843253263449,1.0,1.0,0.0,3.5,0.0,1.0,0.0,0.0,0.0,886.3843253263449,889.8843253263449,0.0,889.8843253263449,889.8843253263449,886.3843253263449,3.5,1.0,2863.5453362595244,3000.0,35.0,33.0,0.5705978638115989,0.4887408022119666,0.963352860220738,0.9255726779439846,0.0,2.0,300.0,300.0,2.0,2.0,2616.1904,3000.0,2616.1904,3000.0,1.0,1.0,15.0,15.0
0.0,0.0,76.48538930003997,0.0,0.0,0.0,416.0,10,1.0,261.4595494552516,261.48824836749645,,,,,,,,,,,,,,,,,,,,,,,,,,,,,,,,,,,,,,,,,,,,,,,,,,,,,,,,,,,,,,,,,,,,,,,,,,,,,,,,,,,,,,,,,,,,,,,,,,,,,,1.0,1.0,0.0,0.0,0.0,,0.0,,0.0,,-1.0,0.0,0.0,0.0,0.0,1.0,0.0,0.0,0.0,0.0,,0.0,,886.4880346544696,0.0,886.4880346544696,,,,,,,,,,,,,,,,,,,,,,,
0.0,0.0,54.58951399999205,0.0,0.0,0.0,357.0,11,1.0,273.3188290836405,273.5679795873319,,,,,,,,,,,,,,,,,,,,,,,,,,,,,,,,,,,,,,,,,,,,,,,,,,,,,,,,,,,,,,,,,,,,,,,,,,,,,,,,,,,,,,,,,,,,,,,,,,,,,,1.0,1.0,0.0,0.0,0.0,,0.0,,0.0,,-1.0,0.0,0.0,0.0,0.0,1.0,0.0,0.0,0.0,0.0,,0.0,,873.1335881349582,0.0,873.1335881349582,,,,,,,,,,,,,,,,,,,,,,,
0.0,0.0,57.68909389997134,0.0,0.0,0.0,402.0,12,1.0,284.4277966868849,284.98996416710247,,,,,,,,,,,,,,,,,,,,,,,,,,,,,,,,,,,,,,,,,,,,,,,,,,,,,,,,,,,,,,,,,,,,,,,,,,,,,,,,,,,,,,,,,,,,,,,,,,,,,,1.0,1.0,0.0,0.0,0.0,,0.0,,0.0,,-1.0,0.0,0.0,0.0,0.0,1.0,0.0,0.0,0.0,0.0,,0.0,,884.2976558332736,0.0,884.2976558332736,,,,,,,,,,,,,,,,,,,,,,,
910.3054346461242,5850.0,46.51467890001368,49.0,5.0,0.0,644.0,13,0.0,295.0842422788346,294.9088054724183,0.03130295209492835,0.104572824094889,-0.07485124931055509,0.02008480695288753,0.4728718496371363,6.0,1.0,56.0,62.0,56.0,56.0,62.0,9.0,1.0,0.0,6.0,0.0,0.0,620.134370600843,0.0,0.9563611477221912,619.4453446319199,621.7797577174882,0.0,620.134370600843,0.0,0.6839104715156736,620.0886885829865,620.8639630902153,0.0,620.134370600843,0.0,1.262718593159434,620.8582227169636,620.6732370778818,1.0,620.134370600843,0.0,0.4457812659202318,621.8178556161658,618.8966668514404,0.0,-0.0059173888111594885,-0.008907151531100527,-0.0025347276422958173,-0.00678669642463106,1.0,1050.0,1350.0,1350.0,1350.0,,,0.0,-0.0015562299477764443,3.563054095820969e-05,0.0027333480189732032,0.0009680052669722273,0.0,0.0,0.0,0.0,-0.018132090759482012,-0.02051047198870215,-0.02022499511570359,0.0,0.0,0.0,0.0,0.0,1.0,100.0,100.0,100.0,100.0,100.0,100.0,100.0,100.0,100.0,100.0,100.0,100.0,100.0,100.0,100.0,100.0,0.0,4.0,4.0,4.0,0.00010692905324745892,-0.0485929747219629,-0.009803189274509256,1.0,0.0,0.0,0.0,0.0,0.0,0.0,1.0,1.0,0.0,0.0,0.0,,0.0,,0.0,,-1.0,0.0,0.0,0.0,0.0,1.0,0.0,0.0,0.0,0.0,,0.0,,910.3054346461242,0.0,910.3054346461242,1.0,,,45.0,42.0,,,,,2.0,2.0,300.0,300.0,2.0,2.0,,,,,1.0,1.0,15.0,15.0
0.0,0.0,46.80754359997809,0.0,0.0,0.0,378.0,14,1.0,305.1268379394727,305.4135547752277,,,,,,,,,,,,,,,,,,,,,,,,,,,,,,,,,,,,,,,,,,,,,,,,,,,,,,,,,,,,,,,,,,,,,,,,,,,,,,,,,,,,,,,,,,,,,,,,,,,,,,1.0,1.0,0.0,0.0,0.0,,0.0,,0.0,,-1.0,0.0,0.0,0.0,0.0,1.0,0.0,0.0,0.0,0.0,,0.0,,933.0455819853121,0.0,933.0455819853121,,,,,,,,,,,,,,,,,,,,,,,
0.0,0.0,47.70267860003514,0.0,0.0,0.0,431.0,15,1.0,315.14845982625377,315.4751668472839,,,,,,,,,,,,,,,,,,,,,,,,,,,,,,,,,,,,,,,,,,,,,,,,,,,,,,,,,,,,,,,,,,,,,,,,,,,,,,,,,,,,,,,,,,,,,,,,,,,,,,1.0,1.0,0.0,0.0,0.0,,0.0,,0.0,,-1.0,0.0,0.0,0.0,0.0,1.0,0.0,0.0,0.0,0.0,,0.0,,955.8001024926459,0.0,955.8001024926459,,,,,,,,,,,,,,,,,,,,,,,
0.0,0.0,47.624094799975865,0.0,0.0,0.0,438.0,16,1.0,324.9692557354965,325.18112719186786,,,,,,,,,,,,,,,,,,,,,,,,,,,,,,,,,,,,,,,,,,,,,,,,,,,,,,,,,,,,,,,,,,,,,,,,,,,,,,,,,,,,,,,,,,,,,,,,,,,,,,1.0,1.0,0.0,0.0,0.0,,0.0,,0.0,,-1.0,0.0,0.0,0.0,0.0,1.0,0.0,0.0,0.0,0.0,,0.0,,1017.8625010519108,0.0,1017.8625010519108,,,,,,,,,,,,,,,,,,,,,,,
0.0,0.0,47.54287669999758,0.0,0.0,0.0,402.0,17,1.0,334.54156025679606,334.90496921827787,,,,,,,,,,,,,,,,,,,,,,,,,,,,,,,,,,,,,,,,,,,,,,,,,,,,,,,,,,,,,,,,,,,,,,,,,,,,,,,,,,,,,,,,,,,,,,,,,,,,,,1.0,1.0,0.0,0.0,0.0,,0.0,,0.0,,-1.0,0.0,0.0,0.0,0.0,1.0,0.0,0.0,0.0,0.0,,0.0,,1038.1247309459268,0.0,1038.1247309459268,,,,,,,,,,,,,,,,,,,,,,,
0.0,0.0,46.82833440002287,0.0,0.0,0.0,438.0,18,1.0,343.694032459823,343.990375098584,,,,,,,,,,,,,,,,,,,,,,,,,,,,,,,,,,,,,,,,,,,,,,,,,,,,,,,,,,,,,,,,,,,,,,,,,,,,,,,,,,,,,,,,,,,,,,,,,,,,,,1.0,1.0,0.0,0.0,0.0,,0.0,,0.0,,-1.0,0.0,0.0,0.0,0.0,1.0,0.0,0.0,0.0,0.0,,0.0,,1092.2439994374574,0.0,1092.2439994374574,,,,,,,,,,,,,,,,,,,,,,,
0.0,0.0,47.08911800000351,0.0,0.0,0.0,402.0,19,1.0,352.6813521087105,352.88192037849376,,,,,,,,,,,,,,,,,,,,,,,,,,,,,,,,,,,,,,,,,,,,,,,,,,,,,,,,,,,,,,,,,,,,,,,,,,,,,,,,,,,,,,,,,,,,,,,,,,,,,,1.0,1.0,0.0,0.0,0.0,,0.0,,0.0,,-1.0,0.0,0.0,0.0,0.0,1.0,0.0,0.0,0.0,0.0,,0.0,,1109.7580304104968,0.0,1109.7580304104968,,,,,,,,,,,,,,,,,,,,,,,
1131.5219199172757,4500.0,65.85680200002389,75.0,11.0,1.0,736.0,20,0.0,361.8388516037945,361.63448214920504,0.025397451557373572,-0.17837456181632388,0.039918902414298366,0.044840600071765976,-0.2097838899641354,6.0,1.0,56.0,56.0,57.0,56.0,56.0,16.0,1.0,0.0,6.0,0.0,0.0,753.9837787770725,1.0,3.5806589686912957,756.7467105333576,754.8015059894788,1.0,753.9837787770725,0.0,1.8428258510991782,754.9069951587533,754.903388246491,1.0,753.9837787770725,0.0,1.1652560353386434,753.9837787770725,752.8185227417339,0.0,753.9837787770725,0.0,0.9634240350878827,753.9837787770725,753.0203547419845,0.0,-0.007840881833169035,-0.0087259431412467,-0.012282833892405117,-0.005526562257714857,1.0,1200.0,1200.0,1500.0,1500.0,1.0,0.9999999999999998,0.0,-0.016673285290347905,-0.01940915614286425,-0.018020920870406344,0.0,0.0,0.0,0.0,0.0,-0.01393465479254772,-0.013268471764659395,-0.009208322753442388,0.0,0.0,0.0,0.0,0.0,1.0,100.0,100.0,100.0,100.0,100.0,100.0,100.0,100.0,100.0,100.0,100.0,100.0,100.0,100.0,100.0,100.0,0.0,4.0,4.0,4.0,0.007748754999139724,-0.01951275991017963,0.043834687293652114,1.0,0.0,0.0,0.0,0.0,0.0,0.0,1.0,1.0,0.0,1.0,1176.420317870392,1131.5219199172757,810.4299060283867,1131.5219199172757,1176.420317870392,1176.420317870392,2.0,2.0,10.0,-44.89839795311627,0.0,1.0,0.0,0.0,0.0,1176.420317870392,1131.5219199172757,0.0,1131.5219199172757,1131.5219199172757,1176.420317870392,-44.89839795311627,1.0,2179.417073429927,2320.5829265700736,42.0,42.0,,,,,2.0,2.0,300.0,300.0,2.0,2.0,2179.417073429927,2320.582926570073,3000.0,3000.0,1.0,1.0,15.0,15.0
0.0,0.0,45.95601040002657,0.0,0.0,0.0,477.0,21,1.0,370.7152882262326,370.8035343887608,,,,,,,,,,,,,,,,,,,,,,,,,,,,,,,,,,,,,,,,,,,,,,,,,,,,,,,,,,,,,,,,,,,,,,,,,,,,,,,,,,,,,,,,,,,,,,,,,,,,,,1.0,1.0,0.0,0.0,0.0,,0.0,,0.0,,-1.0,0.0,0.0,0.0,0.0,1.0,0.0,0.0,0.0,0.0,,0.0,,1206.629380096403,0.0,1206.629380096403,,,,,,,,,,,,,,,,,,,,,,,
0.0,0.0,55.78817439998966,0.0,0.0,0.0,392.0,22,1.0,380.2784340346607,380.4619508340488,,,,,,,,,,,,,,,,,,,,,,,,,,,,,,,,,,,,,,,,,,,,,,,,,,,,,,,,,,,,,,,,,,,,,,,,,,,,,,,,,,,,,,,,,,,,,,,,,,,,,,1.0,1.0,0.0,0.0,0.0,,0.0,,0.0,,-1.0,0.0,0.0,0.0,0.0,1.0,0.0,0.0,0.0,0.0,,0.0,,1236.114882723478,0.0,1236.114882723478,,,,,,,,,,,,,,,,,,,,,,,
0.0,0.0,45.959546999947634,0.0,0.0,0.0,421.0,23,1.0,389.903417143826,390.3548604071977,,,,,,,,,,,,,,,,,,,,,,,,,,,,,,,,,,,,,,,,,,,,,,,,,,,,,,,,,,,,,,,,,,,,,,,,,,,,,,,,,,,,,,,,,,,,,,,,,,,,,,1.0,1.0,0.0,0.0,0.0,,0.0,,0.0,,-1.0,0.0,0.0,0.0,0.0,1.0,0.0,0.0,0.0,0.0,,0.0,,1267.9693013663496,0.0,1267.9693013663496,,,,,,,,,,,,,,,,,,,,,,,
1258.1504441927204,4952.944715333335,45.66075749997981,49.0,5.0,1.0,406.0,24,0.0,400.213743284985,400.1281451352769,0.06023042565431606,0.012155821383740273,-0.005194548257794788,-0.27472329950890995,-0.2675019902071802,6.0,1.0,56.0,62.0,56.0,50.0,56.0,20.0,1.0,0.0,6.0,0.0,0.0,800.200763496148,0.0,3.5682811718002085,800.5698113620176,803.3999968020787,1.0,800.200763496148,0.0,2.069427166440164,801.3976092603052,801.0733448984312,1.0,800.200763496148,0.0,1.1776374179978575,800.200763496148,799.0231260781502,0.0,800.200763496148,0.0,1.142684432711576,800.200763496148,799.0580790634365,0.0,-0.015257527692561132,-0.009592322207630047,-0.009410033934925649,-0.00921521589602347,1.0,1129.417073,1270.582927,1500.0,1500.0,1.0,1.0,0.0,-0.016166030290749946,-0.017527980328443958,-0.014644119005561862,-7.524854289613359e-05,-6.773847474050854e-07,0.0,0.0,0.0,-0.015095906614580911,-0.016116204879114096,-0.014446685611374476,-4.038661654703901e-05,0.0,0.0,0.0,0.0,1.0,100.0,100.0,100.0,100.0,100.0,100.0,100.0,100.0,100.0,100.0,100.0,100.0,100.0,100.0,100.0,100.0,0.0,4.0,4.0,4.0,0.07101184754586125,-0.023327862042210202,0.062423037841112715,1.0,0.0,0.0,0.0,0.0,0.0,0.0,1.0,1.0,10.0,1.0,1318.9073886371646,1258.1504441927204,936.9677636960705,1258.1504441927204,-2281.7644377410516,-2281.7644377410516,2.0,1.0,10.0,225.69777426137648,0.0,1.0,0.0,0.0,0.0,1032.452669931344,1258.1504441927204,-3314.2171076723953,1258.1504441927204,1258.1504441927204,-2281.7644377410516,225.69777426137648,1.0,2447.53598656381,2505.4087287695247,42.0,42.0,,,,,2.0,2.0,300.0,300.0,2.0,2.0,2447.53598656381,2505.4087287695247,2929.417073,3000.0,1.0,1.0,15.0,15.0
1292.6805246159524,5994.281879,50.532418399991,49.0,5.0,0.0,663.0,25,0.0,410.49823741083003,410.15235479383415,0.07878486008287774,0.02857044062464724,-0.19295372754374718,-0.3235490237082116,-0.08499415496329496,6.0,1.0,56.0,62.0,50.0,56.0,62.0,21.0,1.0,0.0,6.0,0.0,0.0,762.4298464275347,0.0,0.4697708129704097,761.8957251786287,763.4337384894112,0.0,762.4298464275347,0.0,0.41485217329022817,762.1921839343239,763.0823610940356,0.0,762.4298464275347,0.0,0.4502318587526588,762.9445234455386,762.3654012682836,0.0,762.4298464275347,0.0,0.6089526475821003,762.7463711006612,762.7222744019903,1.0,-0.0025133046865389494,0.0008849449231243176,-0.001672359145869987,8.474337753087716e-05,1.0,1194.281878883625,1252.7043643847624,1253.2541076801854,1252.7043643847624,,,0.0,0.002064088562675437,0.0043393869875615115,0.006397956995793664,-0.00040859805766899624,-0.000276461345157486,-3.5910213171064243e-06,-8.867205167462089e-07,-5.000306259717036e-07,0.0017036702131008503,0.0036898432344703025,0.005798475324862552,-0.0004552882802272507,-0.00033588631861221075,-3.785712067383429e-06,-1.6909355906591372e-06,-1.7243881188733213e-06,1.0,100.0,100.0,100.0,100.0,100.0,100.0,100.0,100.0,100.0,100.0,100.0,100.0,100.0,100.0,100.0,100.0,0.0,4.0,4.0,4.0,0.04716965761435779,-0.04933873139114717,0.014984732175340377,1.0,0.0,0.0,0.0,0.0,0.0,0.0,1.0,1.0,0.0,0.0,0.0,,0.0,,0.0,,-1.0,0.0,0.0,0.0,0.0,1.0,0.0,0.0,0.0,0.0,,0.0,,1292.6805246159524,0.0,1292.6805246159524,1.0,,,48.0,48.0,,,,,2.0,2.0,300.0,300.0,2.0,2.0,,,,,1.0,1.0,15.0,15.0
1211.3364272928527,6000.0,45.50980589998653,49.0,5.0,0.0,579.0,26,0.0,413.0699797483962,412.76430933396,0.00020766394178872716,-0.03606353417983111,0.009203640388072348,0.08420005403726036,-0.18875303750502978,6.0,1.0,56.0,62.0,56.0,62.0,62.0,22.0,1.0,0.0,6.0,0.0,0.0,712.4326521037349,0.0,1.9868243421835814,712.4888506974057,710.3896291678805,0.0,712.4326521037349,0.0,1.372632939701134,712.4326521037349,711.0600191640337,0.0,712.4326521037349,0.0,3.5946803695132985,712.4326521037349,708.8379717342217,0.0,712.4326521037349,0.0,2.3347360600268985,712.4326521037349,710.097916043708,0.0,-0.002551432769478075,-0.005875491765601263,-0.01170511042482346,-0.015684811388674003,1.0,1494.281879,1500.0,1500.0,1500.0,,,0.0,-0.0067138036232606176,-0.014108280998140543,-0.016871230569324068,0.0,0.0,0.0,0.0,0.0,-0.009820964626776174,-0.01788767949889021,-0.027258635014491262,0.0,0.0,0.0,0.0,0.0,1.0,100.0,100.0,100.0,100.0,100.0,100.0,100.0,100.0,100.0,100.0,100.0,100.0,100.0,100.0,100.0,100.0,0.0,4.0,4.0,4.0,-0.0038534539787172285,-0.013441363541328782,0.03811041158052315,1.0,0.0,0.0,0.0,0.0,0.0,0.0,1.0,1.0,0.0,0.0,0.0,,0.0,,0.0,,-1.0,0.0,0.0,0.0,0.0,1.0,0.0,0.0,0.0,0.0,,0.0,,1211.3364272928527,0.0,1211.3364272928527,1.0,,,39.0,36.0,,,,,2.0,2.0,300.0,300.0,2.0,2.0,,,,,1.0,1.0,15.0,15.0
0.0,0.0,48.519883000000846,0.0,0.0,0.0,339.0,27,1.0,394.4459420288108,395.19630372001916,,,,,,,,,,,,,,,,,,,,,,,,,,,,,,,,,,,,,,,,,,,,,,,,,,,,,,,,,,,,,,,,,,,,,,,,,,,,,,,,,,,,,,,,,,,,,,,,,,,,,,1.0,1.0,0.0,0.0,0.0,,0.0,,0.0,,-1.0,0.0,0.0,0.0,0.0,1.0,0.0,0.0,0.0,0.0,,0.0,,990.9343738602995,0.0,990.9343738602995,,,,,,,,,,,,,,,,,,,,,,,
782.7514980825545,5400.0,51.087485200027004,49.0,5.0,1.0,670.0,28,0.0,352.474437816625,351.4206275873064,0.03473610365517136,-0.0828321154511414,0.0885112488749756,-0.014040936734501724,-0.3413831709437929,6.0,1.0,56.0,62.0,56.0,50.0,56.0,24.0,1.0,0.0,6.0,0.0,0.0,548.2451650444666,0.0,1.9069856252294812,545.2769752718169,553.1203404423459,0.0,548.2451650444666,0.0,1.2096062643215646,543.7969191019647,553.9030172512901,0.0,548.2451650444666,0.0,3.7310319165567307,547.9661818825082,552.2551801229818,0.0,548.2451650444666,0.0,2.380513472641951,545.27817250179,553.5926710597852,0.0,-0.019630721622731738,-0.012152397941965064,-0.0197044054067054,-0.01173741735964479,1.0,1200.0,1200.0,1200.0,1200.0,1.0,1.0,0.0,-0.021757377149132395,-0.03005883451467071,-0.04319564101212521,-0.01999632705478689,-0.0108927048824242,-0.004172737266691229,-0.005569298059629091,-0.006161372292223177,-0.002147322052789135,-0.0020365132071273,-0.00250729654642008,-0.0035884926968225983,-0.003591214449981806,-0.005963862207110182,-0.0072349942152701635,-0.008099623370617691,1.0,100.0,100.0,100.0,100.0,100.0,100.0,100.0,100.0,100.0,100.0,100.0,100.0,100.0,100.0,100.0,100.0,0.0,4.0,4.0,4.0,0.05191198621232006,-0.029298923184399618,0.06773851786876696,1.0,0.0,0.0,0.0,0.0,0.0,0.0,1.0,1.0,10.0,1.0,788.6379864461333,782.7514980825545,660.837782046106,782.7514980825545,-2445.7141513670554,-2445.7141513670554,2.0,1.0,10.0,89.96366493644166,0.0,1.0,0.0,0.0,0.0,692.7878331461128,782.7514980825545,-3138.5019845131683,782.7514980825545,782.7514980825545,-2445.7141513670554,89.96366493644166,1.0,2469.504011062585,2930.495988937415,48.0,48.0,,,,,2.0,2.0,300.0,300.0,2.0,2.0,2469.504011062585,2930.495988937415,3000.0,3000.0,1.0,1.0,15.0,15.0
590.1301800194123,5873.521949476217,50.01284449995728,49.0,4.0,1.0,616.0,29,0.0,294.364369590334,293.9330163916116,0.025221473129044582,-0.07989652496195938,0.041631710725559636,-0.02038329716969815,-0.13702757901103862,6.0,1.0,56.0,62.0,50.0,50.0,62.0,25.0,1.0,0.0,6.0,0.0,0.0,445.7851762610286,0.0,0.3411287553446982,444.3833212371205,447.5281600402814,0.0,445.7851762610286,0.0,0.6430737538653375,445.72697647971717,446.4864497962054,0.0,445.7851762610286,0.0,0.41155892468827915,444.81613553013085,447.16577591661456,0.0,445.7851762610286,0.0,0.34983270922521115,445.78216882208255,446.13801640919985,0.0,-0.002084123691029556,0.0012752512557073809,-0.0037962645329343947,0.00018807323469933785,1.0,1234.7520055312925,1465.2479944687075,1234.7520055312925,1465.2479944687075,1.0,1.0,0.0,-0.005891668433098829,-0.007383159224840341,-0.010807935313022909,-0.009103830843494622,-0.007358219383377929,-0.004457530672996057,-0.006861608785573026,-0.008470897925769095,-0.005031183315191967,-0.006291637986803167,-0.00875821129456682,-0.005083217178099985,-0.0023173652580556594,-0.004420543176278357,-0.005279929655986848,-0.005848670069886808,1.0,100.0,100.0,100.0,100.0,100.0,100.0,100.0,100.0,100.0,100.0,100.0,100.0,100.0,100.0,100.0,100.0,0.0,4.0,1.0,0.0,0.03357333914622044,-0.017550277274740695,0.00516220748432703,1.0,0.0,15.0,0.0,0.0,0.0,0.0,1.0,1.0,10.0,1.0,608.9107594888559,590.1301800194123,516.2878883527464,590.1301800194123,590.1301800194123,590.1301800194123,1.0,1.0,10.0,0.0,0.0,1.0,0.0,0.0,0.0,590.1301800194123,590.1301800194123,0.0,590.1301800194123,590.1301800194123,590.1301800194123,0.0,1.0,2873.5219494762173,3000.0,48.0,42.0,,0.65,,1.4063994832685196,2.0,2.0,300.0,300.0,2.0,2.0,2873.5219494762173,3000.0,3000.0,3000.0,1.0,1.0,15.0,15.0
370.82207004839853,6000.0,66.23404060001485,75.0,9.0,0.0,590.0,30,0.0,237.5867515041057,237.5867515041057,0.005015063075584729,-0.06034604742944143,-0.000692957499247804,0.020339844386869046,0.004151289529475605,6.0,1.0,56.0,62.0,50.0,50.0,62.0,26.0,1.0,0.0,6.0,0.0,0.0,353.3037623527384,0.0,0.7287845342044648,352.2541204892104,355.0821887504708,0.0,353.3037623527384,0.0,0.45954299553966393,353.3037623527384,353.7633053482781,0.0,353.3037623527384,0.0,0.5434959738948919,352.4346903418769,354.7163303374947,0.0,353.3037623527384,0.0,0.20362816056137945,353.3037623527384,353.5073905132998,0.0,-0.004856303129089928,0.002060666429574051,-0.005928425471244489,0.002245540604320387,1.0,1436.7609747381086,1500.0,1436.7609747381086,1500.0,,,0.0,-0.006250391557851387,-0.008110681306059674,-0.012847258384264749,-0.012122508677850162,-0.010398736302429157,-0.0017821491018764845,-0.005635476869837319,-0.007234075768997883,-0.0036117252856126213,-0.00411794483774397,-0.005190608664599062,-0.004731126224888095,-0.0024718637272162173,-0.005392986756210761,-0.006399732131836978,-0.007421988577364225,1.0,100.0,100.0,100.0,100.0,100.0,100.0,100.0,100.0,100.0,100.0,100.0,100.0,100.0,100.0,100.0,100.0,0.0,4.0,4.0,4.0,0.022990500910217086,-0.017348913318404834,-0.0017260941130764706,1.0,0.0,0.0,0.0,0.0,0.0,0.0,1.0,1.0,0.0,0.0,0.0,,0.0,,0.0,,-1.0,0.0,0.0,0.0,0.0,1.0,0.0,0.0,0.0,0.0,,0.0,,370.82207004839853,0.0,370.82207004839853,1.0,,,42.0,36.0,,,,,2.0,2.0,300.0,300.0,2.0,2.0,,,,,1.0,1.0,15.0,15.0
275.7125140016308,6000.0,55.78636060003191,49.0,4.0,0.0,525.0,31,0.0,187.33625413585943,187.33625413585943,0.0048790204968374535,-0.05322337041705779,0.009933504377281483,-0.006596260081001816,-0.0629170467800444,6.0,1.0,56.0,62.0,50.0,50.0,62.0,27.0,1.0,0.0,6.0,0.0,0.0,279.6542483285296,0.0,2.2421855655200034,279.6542483285296,281.8964338940496,0.0,279.6542483285296,0.0,0.32491005286703967,279.6542483285296,279.97915838139664,0.0,279.6542483285296,0.0,1.9164857005436033,279.6542483285296,281.5707340290732,0.0,279.6542483285296,0.0,0.22047092670675283,279.6542483285296,279.8747192552363,0.0,-0.0009615446998281624,0.0015389461966650113,-0.00018842452696910938,0.003376670076276795,1.0,1500.0,1500.0,1500.0,1500.0,,,0.0,-0.003913923305981015,-0.00451927221378341,-0.006635193615995761,-0.006844061550459912,-0.00840428799684716,-0.0014834313887092776,-0.0053313625881326486,-0.007578877901412895,-0.0025943314023724184,-0.0021181406296493684,-0.0011569275803575245,-0.0013273066091921137,0.0002659494238585573,-0.007171414476276006,-0.007232892610042895,-0.008527449526198971,1.0,100.0,100.0,100.0,100.0,100.0,100.0,100.0,100.0,100.0,100.0,100.0,100.0,100.0,100.0,100.0,100.0,0.0,4.0,4.0,4.0,0.016955047181920004,-0.02429420388507474,-0.00711655027505184,1.0,0.0,0.0,0.0,0.0,0.0,0.0,1.0,1.0,0.0,0.0,0.0,,0.0,,0.0,,-1.0,0.0,0.0,0.0,0.0,1.0,0.0,0.0,0.0,0.0,,0.0,,275.7125140016308,0.0,275.7125140016308,1.0,,,36.0,36.0,,,,,2.0,2.0,300.0,300.0,2.0,2.0,,,,,1.0,1.0,15.0,15.0
225.3455212649444,6000.0,53.39170939999167,49.0,4.0,0.0,531.0,32,0.0,145.14410114731922,145.14410114731922,-5.248518847480077e-05,-0.03636641963490794,-0.03165765860121803,-0.04256494426561286,0.07130395274386503,6.0,1.0,56.0,62.0,50.0,50.0,68.0,28.0,1.0,0.0,6.0,0.0,0.0,223.301081625974,0.0,2.357058003869099,223.301081625974,225.6581396298431,0.0,223.301081625974,0.0,0.041994839801304806,223.301081625974,223.3430764657753,0.0,223.301081625974,0.0,1.8768499697646348,223.301081625974,225.17793159573864,0.0,223.301081625974,0.0,0.11724163136329935,223.301081625974,223.4183232573373,0.0,-0.000684272016473979,-0.00011528215741346178,0.001372822075763812,-0.0001700015992147108,1.0,1500.0,1500.0,1500.0,1500.0,,,0.0,-0.004445953929081626,-0.004946549632693831,-0.006737926647762292,-0.006893469864563073,-0.008525531685723564,-0.005233959130967492,-0.00772817224726694,-0.010174110943908589,-0.004099511582966286,-0.003772503960413864,-0.003792419951166171,-0.003659865685288999,-0.003518037606434276,-0.0054580526824434365,-0.006388691524071887,-0.008740346032613288,1.0,100.0,100.0,100.0,100.0,100.0,100.0,100.0,100.0,100.0,100.0,100.0,100.0,100.0,100.0,100.0,100.0,0.0,4.0,4.0,4.0,0.017297340585573577,-0.012830448663531724,-0.013069260108190628,1.0,0.0,0.0,0.0,0.0,0.0,0.0,1.0,1.0,0.0,0.0,0.0,,0.0,,0.0,,-1.0,0.0,0.0,0.0,0.0,1.0,0.0,0.0,0.0,0.0,,0.0,,225.3455212649444,0.0,225.3455212649444,1.0,,,36.0,36.0,,,,,2.0,2.0,300.0,300.0,2.0,2.0,,,,,1.0,1.0,15.0,15.0
248.078839978883,6000.0,33.92238529998576,49.0,4.0,0.0,516.0,33,0.0,113.59283419411155,113.57353295701776,-5.248518847480077e-05,-0.03636641963490794,-0.03165765860121803,-0.04256494426561286,0.07130395274386503,6.0,1.0,56.0,62.0,50.0,50.0,68.0,28.0,0.0,0.0,6.0,0.0,0.0,223.301081625974,0.0,2.357058003869099,223.301081625974,225.6581396298431,0.0,223.301081625974,0.0,0.041994839801304806,223.301081625974,223.3430764657753,0.0,223.301081625974,0.0,1.8768499697646348,223.301081625974,225.17793159573864,0.0,223.301081625974,0.0,0.11724163136329935,223.301081625974,223.4183232573373,0.0,-0.000684272016473979,-0.00011528215741346178,0.001372822075763812,-0.0001700015992147108,1.0,1500.0,1500.0,1500.0,1500.0,,,0.0,-0.004445953929081626,-0.004946549632693831,-0.006737926647762292,-0.006893469864563073,-0.008525531685723564,-0.005233959130967492,-0.00772817224726694,-0.010174110943908589,-0.004099511582966286,-0.003772503960413864,-0.003792419951166171,-0.003659865685288999,-0.003518037606434276,-0.0054580526824434365,-0.006388691524071887,-0.008740346032613288,1.0,100.0,100.0,100.0,100.0,100.0,100.0,100.0,100.0,100.0,100.0,100.0,100.0,100.0,100.0,100.0,100.0,0.0,4.0,4.0,4.0,0.017297340585573577,-0.012830448663531724,-0.013069260108190628,1.0,0.0,0.0,0.0,0.0,0.0,0.0,1.0,1.0,0.0,0.0,0.0,,0.0,,0.0,,-1.0,0.0,0.0,0.0,0.0,1.0,0.0,0.0,0.0,0.0,,0.0,,248.078839978883,0.0,248.078839978883,1.0,,,36.0,36.0,,,,,2.0,2.0,300.0,300.0,2.0,2.0,,,,,1.0,1.0,15.0,15.0
205.36422395198358,6000.0,32.91120120004052,49.0,4.0,0.0,531.0,34,0.0,92.11144988345609,92.11144988345609,-5.248518847480077e-05,-0.03636641963490794,-0.03165765860121803,-0.04256494426561286,0.07130395274386503,6.0,1.0,56.0,62.0,50.0,50.0,68.0,28.0,0.0,0.0,6.0,0.0,0.0,223.301081625974,0.0,2.357058003869099,223.301081625974,225.6581396298431,0.0,223.301081625974,0.0,0.041994839801304806,223.301081625974,223.3430764657753,0.0,223.301081625974,0.0,1.8768499697646348,223.301081625974,225.17793159573864,0.0,223.301081625974,0.0,0.11724163136329935,223.301081625974,223.4183232573373,0.0,-0.000684272016473979,-0.00011528215741346178,0.001372822075763812,-0.0001700015992147108,1.0,1500.0,1500.0,1500.0,1500.0,,,0.0,-0.004445953929081626,-0.004946549632693831,-0.006737926647762292,-0.006893469864563073,-0.008525531685723564,-0.005233959130967492,-0.00772817224726694,-0.010174110943908589,-0.004099511582966286,-0.003772503960413864,-0.003792419951166171,-0.003659865685288999,-0.003518037606434276,-0.0054580526824434365,-0.006388691524071887,-0.008740346032613288,1.0,100.0,100.0,100.0,100.0,100.0,100.0,100.0,100.0,100.0,100.0,100.0,100.0,100.0,100.0,100.0,100.0,0.0,4.0,4.0,4.0,0.017297340585573577,-0.012830448663531724,-0.013069260108190628,1.0,0.0,0.0,0.0,0.0,0.0,0.0,1.0,1.0,0.0,0.0,0.0,,0.0,,0.0,,-1.0,0.0,0.0,0.0,0.0,1.0,0.0,0.0,0.0,0.0,,0.0,,205.36422395198358,0.0,205.36422395198358,1.0,,,36.0,36.0,,,,,2.0,2.0,300.0,300.0,2.0,2.0,,,,,1.0,1.0,15.0,15.0
272.79273803388355,6000.0,28.312633399968036,49.0,4.0,0.0,537.0,35,0.0,78.11520336296601,78.11520336296601,-5.248518847480077e-05,-0.03636641963490794,-0.03165765860121803,-0.04256494426561286,0.07130395274386503,6.0,1.0,56.0,62.0,50.0,50.0,68.0,28.0,0.0,0.0,6.0,0.0,0.0,223.301081625974,0.0,2.357058003869099,223.301081625974,225.6581396298431,0.0,223.301081625974,0.0,0.041994839801304806,223.301081625974,223.3430764657753,0.0,223.301081625974,0.0,1.8768499697646348,223.301081625974,225.17793159573864,0.0,223.301081625974,0.0,0.11724163136329935,223.301081625974,223.4183232573373,0.0,-0.000684272016473979,-0.00011528215741346178,0.001372822075763812,-0.0001700015992147108,1.0,1500.0,1500.0,1500.0,1500.0,,,0.0,-0.004445953929081626,-0.004946549632693831,-0.006737926647762292,-0.006893469864563073,-0.008525531685723564,-0.005233959130967492,-0.00772817224726694,-0.010174110943908589,-0.004099511582966286,-0.003772503960413864,-0.003792419951166171,-0.003659865685288999,-0.003518037606434276,-0.0054580526824434365,-0.006388691524071887,-0.008740346032613288,1.0,100.0,100.0,100.0,100.0,100.0,100.0,100.0,100.0,100.0,100.0,100.0,100.0,100.0,100.0,100.0,100.0,0.0,4.0,4.0,4.0,0.017297340585573577,-0.012830448663531724,-0.013069260108190628,1.0,0.0,0.0,0.0,0.0,0.0,0.0,1.0,1.0,0.0,0.0,0.0,,0.0,,0.0,,-1.0,0.0,0.0,0.0,0.0,1.0,0.0,0.0,0.0,0.0,,0.0,,272.79273803388355,0.0,272.79273803388355,1.0,,,36.0,36.0,,,,,2.0,2.0,300.0,300.0,2.0,2.0,,,,,1.0,1.0,15.0,15.0
275.5668114906118,6000.0,27.951311300043017,49.0,4.0,0.0,533.0,36,0.0,69.13762374699589,69.13762374699589,-5.248518847480077e-05,-0.03636641963490794,-0.03165765860121803,-0.04256494426561286,0.07130395274386503,6.0,1.0,56.0,62.0,50.0,50.0,68.0,28.0,0.0,0.0,6.0,0.0,0.0,223.301081625974,0.0,2.357058003869099,223.301081625974,225.6581396298431,0.0,223.301081625974,0.0,0.041994839801304806,223.301081625974,223.3430764657753,0.0,223.301081625974,0.0,1.8768499697646348,223.301081625974,225.17793159573864,0.0,223.301081625974,0.0,0.11724163136329935,223.301081625974,223.4183232573373,0.0,-0.000684272016473979,-0.00011528215741346178,0.001372822075763812,-0.0001700015992147108,1.0,1500.0,1500.0,1500.0,1500.0,,,0.0,-0.004445953929081626,-0.004946549632693831,-0.006737926647762292,-0.006893469864563073,-0.008525531685723564,-0.005233959130967492,-0.00772817224726694,-0.010174110943908589,-0.004099511582966286,-0.003772503960413864,-0.003792419951166171,-0.003659865685288999,-0.003518037606434276,-0.0054580526824434365,-0.006388691524071887,-0.008740346032613288,1.0,100.0,100.0,100.0,100.0,100.0,100.0,100.0,100.0,100.0,100.0,100.0,100.0,100.0,100.0,100.0,100.0,0.0,4.0,4.0,4.0,0.017297340585573577,-0.012830448663531724,-0.013069260108190628,1.0,0.0,0.0,0.0,0.0,0.0,0.0,1.0,1.0,0.0,0.0,0.0,,0.0,,0.0,,-1.0,0.0,0.0,0.0,0.0,1.0,0.0,0.0,0.0,0.0,,0.0,,275.5668114906118,0.0,275.5668114906118,1.0,,,36.0,36.0,,,,,2.0,2.0,300.0,300.0,2.0,2.0,,,,,1.0,1.0,15.0,15.0
286.89187123017786,6000.0,28.173851599975023,49.0,4.0,0.0,533.0,37,0.0,65.04635040554567,65.04635040554567,-5.248518847480077e-05,-0.03636641963490794,-0.03165765860121803,-0.04256494426561286,0.07130395274386503,6.0,1.0,56.0,62.0,50.0,50.0,68.0,28.0,0.0,0.0,6.0,0.0,0.0,223.301081625974,0.0,2.357058003869099,223.301081625974,225.6581396298431,0.0,223.301081625974,0.0,0.041994839801304806,223.301081625974,223.3430764657753,0.0,223.301081625974,0.0,1.8768499697646348,223.301081625974,225.17793159573864,0.0,223.301081625974,0.0,0.11724163136329935,223.301081625974,223.4183232573373,0.0,-0.000684272016473979,-0.00011528215741346178,0.001372822075763812,-0.0001700015992147108,1.0,1500.0,1500.0,1500.0,1500.0,,,0.0,-0.004445953929081626,-0.004946549632693831,-0.006737926647762292,-0.006893469864563073,-0.008525531685723564,-0.005233959130967492,-0.00772817224726694,-0.010174110943908589,-0.004099511582966286,-0.003772503960413864,-0.003792419951166171,-0.003659865685288999,-0.003518037606434276,-0.0054580526824434365,-0.006388691524071887,-0.008740346032613288,1.0,100.0,100.0,100.0,100.0,100.0,100.0,100.0,100.0,100.0,100.0,100.0,100.0,100.0,100.0,100.0,100.0,0.0,4.0,4.0,4.0,0.017297340585573577,-0.012830448663531724,-0.013069260108190628,1.0,0.0,0.0,0.0,0.0,0.0,0.0,1.0,1.0,0.0,0.0,0.0,,0.0,,0.0,,-1.0,0.0,0.0,0.0,0.0,1.0,0.0,0.0,0.0,0.0,,0.0,,286.89187123017786,0.0,286.89187123017786,1.0,,,36.0,36.0,,,,,2.0,2.0,300.0,300.0,2.0,2.0,,,,,1.0,1.0,15.0,15.0
258.6732622301272,6000.0,27.660493900009897,49.0,4.0,0.0,548.0,38,0.0,64.0940222163847,64.0940222163847,-5.248518847480077e-05,-0.03636641963490794,-0.03165765860121803,-0.04256494426561286,0.07130395274386503,6.0,1.0,56.0,62.0,50.0,50.0,68.0,28.0,0.0,0.0,6.0,0.0,0.0,223.301081625974,0.0,2.357058003869099,223.301081625974,225.6581396298431,0.0,223.301081625974,0.0,0.041994839801304806,223.301081625974,223.3430764657753,0.0,223.301081625974,0.0,1.8768499697646348,223.301081625974,225.17793159573864,0.0,223.301081625974,0.0,0.11724163136329935,223.301081625974,223.4183232573373,0.0,-0.000684272016473979,-0.00011528215741346178,0.001372822075763812,-0.0001700015992147108,1.0,1500.0,1500.0,1500.0,1500.0,,,0.0,-0.004445953929081626,-0.004946549632693831,-0.006737926647762292,-0.006893469864563073,-0.008525531685723564,-0.005233959130967492,-0.00772817224726694,-0.010174110943908589,-0.004099511582966286,-0.003772503960413864,-0.003792419951166171,-0.003659865685288999,-0.003518037606434276,-0.0054580526824434365,-0.006388691524071887,-0.008740346032613288,1.0,100.0,100.0,100.0,100.0,100.0,100.0,100.0,100.0,100.0,100.0,100.0,100.0,100.0,100.0,100.0,100.0,0.0,4.0,4.0,4.0,0.017297340585573577,-0.012830448663531724,-0.013069260108190628,1.0,0.0,0.0,0.0,0.0,0.0,0.0,1.0,1.0,0.0,0.0,0.0,,0.0,,0.0,,-1.0,0.0,0.0,0.0,0.0,1.0,0.0,0.0,0.0,0.0,,0.0,,258.6732622301272,0.0,258.6732622301272,1.0,,,36.0,36.0,,,,,2.0,2.0,300.0,300.0,2.0,2.0,,,,,1.0,1.0,15.0,15.0
268.7450140560674,6000.0,27.75226629996905,49.0,4.0,0.0,537.0,39,0.0,63.96110823712056,63.96110823712056,-5.248518847480077e-05,-0.03636641963490794,-0.03165765860121803,-0.04256494426561286,0.07130395274386503,6.0,1.0,56.0,62.0,50.0,50.0,68.0,28.0,0.0,0.0,6.0,0.0,0.0,223.301081625974,0.0,2.357058003869099,223.301081625974,225.6581396298431,0.0,223.301081625974,0.0,0.041994839801304806,223.301081625974,223.3430764657753,0.0,223.301081625974,0.0,1.8768499697646348,223.301081625974,225.17793159573864,0.0,223.301081625974,0.0,0.11724163136329935,223.301081625974,223.4183232573373,0.0,-0.000684272016473979,-0.00011528215741346178,0.001372822075763812,-0.0001700015992147108,1.0,1500.0,1500.0,1500.0,1500.0,,,0.0,-0.004445953929081626,-0.004946549632693831,-0.006737926647762292,-0.006893469864563073,-0.008525531685723564,-0.005233959130967492,-0.00772817224726694,-0.010174110943908589,-0.004099511582966286,-0.003772503960413864,-0.003792419951166171,-0.003659865685288999,-0.003518037606434276,-0.0054580526824434365,-0.006388691524071887,-0.008740346032613288,1.0,100.0,100.0,100.0,100.0,100.0,100.0,100.0,100.0,100.0,100.0,100.0,100.0,100.0,100.0,100.0,100.0,0.0,4.0,4.0,4.0,0.017297340585573577,-0.012830448663531724,-0.013069260108190628,1.0,0.0,0.0,0.0,0.0,0.0,0.0,1.0,1.0,0.0,0.0,0.0,,0.0,,0.0,,-1.0,0.0,0.0,0.0,0.0,1.0,0.0,0.0,0.0,0.0,,0.0,,268.7450140560674,0.0,268.7450140560674,1.0,,,36.0,36.0,,,,,2.0,2.0,300.0,300.0,2.0,2.0,,,,,1.0,1.0,15.0,15.0
259.1067202572628,6000.0,64.87930769997183,75.0,9.0,0.0,557.0,40,0.0,63.949610884632236,63.949610884632236,0.0007005367751312663,-0.009608692067070268,-0.05796130496569685,0.006367861732812322,0.06155919616585171,6.0,1.0,56.0,62.0,51.0,50.0,68.0,29.0,1.0,0.0,6.0,0.0,0.0,127.8738179997976,0.0,0.001183564099932255,127.8738179997976,127.87500156389751,0.0,127.8738179997976,0.0,0.0009726426198142235,127.8738179997976,127.87479064241742,0.0,127.8738179997976,0.0,0.0020539257059510874,127.8738179997976,127.87587192550355,0.0,127.8738179997976,0.0,0.001722771645887633,127.8738179997976,127.8755407714435,0.0,-3.94521366639348e-06,-3.242142066094781e-06,-6.846419019836958e-06,-5.742572153006146e-06,1.0,1500.0,1500.0,1500.0,1500.0,,,0.0,-0.004924535231748095,-0.0052541636405524,-0.0061798868878291556,-0.007871860247765296,-0.008940968227291932,-0.010199604954597598,-0.011427790095871871,-0.013148960686206435,-0.00467610336935751,-0.005003480128480575,-0.005893340637802025,-0.007497401705488116,-0.008539299782696385,-0.009856311516631643,-0.010972287531184666,-0.01250006157370316,1.0,100.0,100.0,100.0,100.0,100.0,100.0,100.0,100.0,100.0,100.0,100.0,100.0,100.0,100.0,100.0,100.0,0.0,4.0,4.0,4.0,0.016747081989084967,-0.0073118915392707574,-0.013695218304086909,1.0,0.0,0.0,0.0,0.0,0.0,0.0,1.0,1.0,0.0,0.0,0.0,,0.0,,0.0,,-1.0,0.0,0.0,0.0,0.0,1.0,0.0,0.0,0.0,0.0,,0.0,,259.1067202572628,0.0,259.1067202572628,1.0,,,36.0,36.0,,,,,2.0,2.0,300.0,300.0,2.0,2.0,,,,,1.0,1.0,15.0,15.0
268.55501506711346,6000.0,27.68807549995836,49.0,4.0,0.0,543.0,41,0.0,63.92673820360493,63.92673820360493,0.0007005367751312663,-0.009608692067070268,-0.05796130496569685,0.006367861732812322,0.06155919616585171,6.0,1.0,56.0,62.0,51.0,50.0,68.0,29.0,0.0,0.0,6.0,0.0,0.0,127.8738179997976,0.0,0.001183564099932255,127.8738179997976,127.87500156389751,0.0,127.8738179997976,0.0,0.0009726426198142235,127.8738179997976,127.87479064241742,0.0,127.8738179997976,0.0,0.0020539257059510874,127.8738179997976,127.87587192550355,0.0,127.8738179997976,0.0,0.001722771645887633,127.8738179997976,127.8755407714435,0.0,-3.94521366639348e-06,-3.242142066094781e-06,-6.846419019836958e-06,-5.742572153006146e-06,1.0,1500.0,1500.0,1500.0,1500.0,,,0.0,-0.004924535231748095,-0.0052541636405524,-0.0061798868878291556,-0.007871860247765296,-0.008940968227291932,-0.010199604954597598,-0.011427790095871871,-0.013148960686206435,-0.00467610336935751,-0.005003480128480575,-0.005893340637802025,-0.007497401705488116,-0.008539299782696385,-0.009856311516631643,-0.010972287531184666,-0.01250006157370316,1.0,100.0,100.0,100.0,100.0,100.0,100.0,100.0,100.0,100.0,100.0,100.0,100.0,100.0,100.0,100.0,100.0,0.0,4.0,4.0,4.0,0.016747081989084967,-0.0073118915392707574,-0.013695218304086909,1.0,0.0,0.0,0.0,0.0,0.0,0.0,1.0,1.0,0.0,0.0,0.0,,0.0,,0.0,,-1.0,0.0,0.0,0.0,0.0,1.0,0.0,0.0,0.0,0.0,,0.0,,268.55501506711346,0.0,268.55501506711346,1.0,,,36.0,36.0,,,,,2.0,2.0,300.0,300.0,2.0,2.0,,,,,1.0,1.0,15.0,15.0
259.0962198890105,6000.0,28.118235400004778,49.0,4.0,0.0,557.0,42,0.0,63.93991932566122,63.93991932566122,0.0007005367751312663,-0.009608692067070268,-0.05796130496569685,0.006367861732812322,0.06155919616585171,6.0,1.0,56.0,62.0,51.0,50.0,68.0,29.0,0.0,0.0,6.0,0.0,0.0,127.8738179997976,0.0,0.001183564099932255,127.8738179997976,127.87500156389751,0.0,127.8738179997976,0.0,0.0009726426198142235,127.8738179997976,127.87479064241742,0.0,127.8738179997976,0.0,0.0020539257059510874,127.8738179997976,127.87587192550355,0.0,127.8738179997976,0.0,0.001722771645887633,127.8738179997976,127.8755407714435,0.0,-3.94521366639348e-06,-3.242142066094781e-06,-6.846419019836958e-06,-5.742572153006146e-06,1.0,1500.0,1500.0,1500.0,1500.0,,,0.0,-0.004924535231748095,-0.0052541636405524,-0.0061798868878291556,-0.007871860247765296,-0.008940968227291932,-0.010199604954597598,-0.011427790095871871,-0.013148960686206435,-0.00467610336935751,-0.005003480128480575,-0.005893340637802025,-0.007497401705488116,-0.008539299782696385,-0.009856311516631643,-0.010972287531184666,-0.01250006157370316,1.0,100.0,100.0,100.0,100.0,100.0,100.0,100.0,100.0,100.0,100.0,100.0,100.0,100.0,100.0,100.0,100.0,0.0,4.0,4.0,4.0,0.016747081989084967,-0.0073118915392707574,-0.013695218304086909,1.0,0.0,0.0,0.0,0.0,0.0,0.0,1.0,1.0,0.0,0.0,0.0,,0.0,,0.0,,-1.0,0.0,0.0,0.0,0.0,1.0,0.0,0.0,0.0,0.0,,0.0,,259.0962198890105,0.0,259.0962198890105,1.0,,,36.0,36.0,,,,,2.0,2.0,300.0,300.0,2.0,2.0,,,,,1.0,1.0,15.0,15.0
268.56174896662185,6000.0,28.746309700014535,49.0,4.0,0.0,543.0,43,0.0,63.92420711516536,63.92420711516536,0.0007005367751312663,-0.009608692067070268,-0.05796130496569685,0.006367861732812322,0.06155919616585171,6.0,1.0,56.0,62.0,51.0,50.0,68.0,29.0,0.0,0.0,6.0,0.0,0.0,127.8738179997976,0.0,0.001183564099932255,127.8738179997976,127.87500156389751,0.0,127.8738179997976,0.0,0.0009726426198142235,127.8738179997976,127.87479064241742,0.0,127.8738179997976,0.0,0.0020539257059510874,127.8738179997976,127.87587192550355,0.0,127.8738179997976,0.0,0.001722771645887633,127.8738179997976,127.8755407714435,0.0,-3.94521366639348e-06,-3.242142066094781e-06,-6.846419019836958e-06,-5.742572153006146e-06,1.0,1500.0,1500.0,1500.0,1500.0,,,0.0,-0.004924535231748095,-0.0052541636405524,-0.0061798868878291556,-0.007871860247765296,-0.008940968227291932,-0.010199604954597598,-0.011427790095871871,-0.013148960686206435,-0.00467610336935751,-0.005003480128480575,-0.005893340637802025,-0.007497401705488116,-0.008539299782696385,-0.009856311516631643,-0.010972287531184666,-0.01250006157370316,1.0,100.0,100.0,100.0,100.0,100.0,100.0,100.0,100.0,100.0,100.0,100.0,100.0,100.0,100.0,100.0,100.0,0.0,4.0,4.0,4.0,0.016747081989084967,-0.0073118915392707574,-0.013695218304086909,1.0,0.0,0.0,0.0,0.0,0.0,0.0,1.0,1.0,0.0,0.0,0.0,,0.0,,0.0,,-1.0,0.0,0.0,0.0,0.0,1.0,0.0,0.0,0.0,0.0,,0.0,,268.56174896662185,0.0,268.56174896662185,1.0,,,36.0,36.0,,,,,2.0,2.0,300.0,300.0,2.0,2.0,,,,,1.0,1.0,15.0,15.0
259.0972086557902,6000.0,28.207342399982736,49.0,4.0,0.0,557.0,44,0.0,63.93922911580839,63.93922911580839,0.0007005367751312663,-0.009608692067070268,-0.05796130496569685,0.006367861732812322,0.06155919616585171,6.0,1.0,56.0,62.0,51.0,50.0,68.0,29.0,0.0,0.0,6.0,0.0,0.0,127.8738179997976,0.0,0.001183564099932255,127.8738179997976,127.87500156389751,0.0,127.8738179997976,0.0,0.0009726426198142235,127.8738179997976,127.87479064241742,0.0,127.8738179997976,0.0,0.0020539257059510874,127.8738179997976,127.87587192550355,0.0,127.8738179997976,0.0,0.001722771645887633,127.8738179997976,127.8755407714435,0.0,-3.94521366639348e-06,-3.242142066094781e-06,-6.846419019836958e-06,-5.742572153006146e-06,1.0,1500.0,1500.0,1500.0,1500.0,,,0.0,-0.004924535231748095,-0.0052541636405524,-0.0061798868878291556,-0.007871860247765296,-0.008940968227291932,-0.010199604954597598,-0.011427790095871871,-0.013148960686206435,-0.00467610336935751,-0.005003480128480575,-0.005893340637802025,-0.007497401705488116,-0.008539299782696385,-0.009856311516631643,-0.010972287531184666,-0.01250006157370316,1.0,100.0,100.0,100.0,100.0,100.0,100.0,100.0,100.0,100.0,100.0,100.0,100.0,100.0,100.0,100.0,100.0,0.0,4.0,4.0,4.0,0.016747081989084967,-0.0073118915392707574,-0.013695218304086909,1.0,0.0,0.0,0.0,0.0,0.0,0.0,1.0,1.0,0.0,0.0,0.0,,0.0,,0.0,,-1.0,0.0,0.0,0.0,0.0,1.0,0.0,0.0,0.0,0.0,,0.0,,259.0972086557902,0.0,259.0972086557902,1.0,,,36.0,36.0,,,,,2.0,2.0,300.0,300.0,2.0,2.0,,,,,1.0,1.0,15.0,15.0
268.56196423188015,6000.0,27.97941999998875,49.0,4.0,0.0,543.0,45,0.0,63.9240241651527,63.9240241651527,0.0007005367751312663,-0.009608692067070268,-0.05796130496569685,0.006367861732812322,0.06155919616585171,6.0,1.0,56.0,62.0,51.0,50.0,68.0,29.0,0.0,0.0,6.0,0.0,0.0,127.8738179997976,0.0,0.001183564099932255,127.8738179997976,127.87500156389751,0.0,127.8738179997976,0.0,0.0009726426198142235,127.8738179997976,127.87479064241742,0.0,127.8738179997976,0.0,0.0020539257059510874,127.8738179997976,127.87587192550355,0.0,127.8738179997976,0.0,0.001722771645887633,127.8738179997976,127.8755407714435,0.0,-3.94521366639348e-06,-3.242142066094781e-06,-6.846419019836958e-06,-5.742572153006146e-06,1.0,1500.0,1500.0,1500.0,1500.0,,,0.0,-0.004924535231748095,-0.0052541636405524,-0.0061798868878291556,-0.007871860247765296,-0.008940968227291932,-0.010199604954597598,-0.011427790095871871,-0.013148960686206435,-0.00467610336935751,-0.005003480128480575,-0.005893340637802025,-0.007497401705488116,-0.008539299782696385,-0.009856311516631643,-0.010972287531184666,-0.01250006157370316,1.0,100.0,100.0,100.0,100.0,100.0,100.0,100.0,100.0,100.0,100.0,100.0,100.0,100.0,100.0,100.0,100.0,0.0,4.0,4.0,4.0,0.016747081989084967,-0.0073118915392707574,-0.013695218304086909,1.0,0.0,0.0,0.0,0.0,0.0,0.0,1.0,1.0,0.0,0.0,0.0,,0.0,,0.0,,-1.0,0.0,0.0,0.0,0.0,1.0,0.0,0.0,0.0,0.0,,0.0,,268.56196423188015,0.0,268.56196423188015,1.0,,,36.0,36.0,,,,,2.0,2.0,300.0,300.0,2.0,2.0,,,,,1.0,1.0,15.0,15.0
259.0972825590542,6000.0,27.79917439998826,49.0,4.0,0.0,557.0,46,0.0,63.93918243633465,63.93918243633465,0.0007005367751312663,-0.009608692067070268,-0.05796130496569685,0.006367861732812322,0.06155919616585171,6.0,1.0,56.0,62.0,51.0,50.0,68.0,29.0,0.0,0.0,6.0,0.0,0.0,127.8738179997976,0.0,0.001183564099932255,127.8738179997976,127.87500156389751,0.0,127.8738179997976,0.0,0.0009726426198142235,127.8738179997976,127.87479064241742,0.0,127.8738179997976,0.0,0.0020539257059510874,127.8738179997976,127.87587192550355,0.0,127.8738179997976,0.0,0.001722771645887633,127.8738179997976,127.8755407714435,0.0,-3.94521366639348e-06,-3.242142066094781e-06,-6.846419019836958e-06,-5.742572153006146e-06,1.0,1500.0,1500.0,1500.0,1500.0,,,0.0,-0.004924535231748095,-0.0052541636405524,-0.0061798868878291556,-0.007871860247765296,-0.008940968227291932,-0.010199604954597598,-0.011427790095871871,-0.013148960686206435,-0.00467610336935751,-0.005003480128480575,-0.005893340637802025,-0.007497401705488116,-0.008539299782696385,-0.009856311516631643,-0.010972287531184666,-0.01250006157370316,1.0,100.0,100.0,100.0,100.0,100.0,100.0,100.0,100.0,100.0,100.0,100.0,100.0,100.0,100.0,100.0,100.0,0.0,4.0,4.0,4.0,0.016747081989084967,-0.0073118915392707574,-0.013695218304086909,1.0,0.0,0.0,0.0,0.0,0.0,0.0,1.0,1.0,0.0,0.0,0.0,,0.0,,0.0,,-1.0,0.0,0.0,0.0,0.0,1.0,0.0,0.0,0.0,0.0,,0.0,,259.0972825590542,0.0,259.0972825590542,1.0,,,36.0,36.0,,,,,2.0,2.0,300.0,300.0,2.0,2.0,,,,,1.0,1.0,15.0,15.0
268.56198252855984,6000.0,27.722708699991927,49.0,4.0,0.0,543.0,47,0.0,63.924011709360045,63.924011709360045,0.0007005367751312663,-0.009608692067070268,-0.05796130496569685,0.006367861732812322,0.06155919616585171,6.0,1.0,56.0,62.0,51.0,50.0,68.0,29.0,0.0,0.0,6.0,0.0,0.0,127.8738179997976,0.0,0.001183564099932255,127.8738179997976,127.87500156389751,0.0,127.8738179997976,0.0,0.0009726426198142235,127.8738179997976,127.87479064241742,0.0,127.8738179997976,0.0,0.0020539257059510874,127.8738179997976,127.87587192550355,0.0,127.8738179997976,0.0,0.001722771645887633,127.8738179997976,127.8755407714435,0.0,-3.94521366639348e-06,-3.242142066094781e-06,-6.846419019836958e-06,-5.742572153006146e-06,1.0,1500.0,1500.0,1500.0,1500.0,,,0.0,-0.004924535231748095,-0.0052541636405524,-0.0061798868878291556,-0.007871860247765296,-0.008940968227291932,-0.010199604954597598,-0.011427790095871871,-0.013148960686206435,-0.00467610336935751,-0.005003480128480575,-0.005893340637802025,-0.007497401705488116,-0.008539299782696385,-0.009856311516631643,-0.010972287531184666,-0.01250006157370316,1.0,100.0,100.0,100.0,100.0,100.0,100.0,100.0,100.0,100.0,100.0,100.0,100.0,100.0,100.0,100.0,100.0,0.0,4.0,4.0,4.0,0.016747081989084967,-0.0073118915392707574,-0.013695218304086909,1.0,0.0,0.0,0.0,0.0,0.0,0.0,1.0,1.0,0.0,0.0,0.0,,0.0,,0.0,,-1.0,0.0,0.0,0.0,0.0,1.0,0.0,0.0,0.0,0.0,,0.0,,268.56198252855984,0.0,268.56198252855984,1.0,,,36.0,36.0,,,,,2.0,2.0,300.0,300.0,2.0,2.0,,,,,1.0,1.0,15.0,15.0
259.0972862421522,6000.0,27.91262730001472,49.0,4.0,0.0,557.0,48,0.0,63.93917915886419,63.93917915886419,0.0007005367751312663,-0.009608692067070268,-0.05796130496569685,0.006367861732812322,0.06155919616585171,6.0,1.0,56.0,62.0,51.0,50.0,68.0,29.0,0.0,0.0,6.0,0.0,0.0,127.8738179997976,0.0,0.001183564099932255,127.8738179997976,127.87500156389751,0.0,127.8738179997976,0.0,0.0009726426198142235,127.8738179997976,127.87479064241742,0.0,127.8738179997976,0.0,0.0020539257059510874,127.8738179997976,127.87587192550355,0.0,127.8738179997976,0.0,0.001722771645887633,127.8738179997976,127.8755407714435,0.0,-3.94521366639348e-06,-3.242142066094781e-06,-6.846419019836958e-06,-5.742572153006146e-06,1.0,1500.0,1500.0,1500.0,1500.0,,,0.0,-0.004924535231748095,-0.0052541636405524,-0.0061798868878291556,-0.007871860247765296,-0.008940968227291932,-0.010199604954597598,-0.011427790095871871,-0.013148960686206435,-0.00467610336935751,-0.005003480128480575,-0.005893340637802025,-0.007497401705488116,-0.008539299782696385,-0.009856311516631643,-0.010972287531184666,-0.01250006157370316,1.0,100.0,100.0,100.0,100.0,100.0,100.0,100.0,100.0,100.0,100.0,100.0,100.0,100.0,100.0,100.0,100.0,0.0,4.0,4.0,4.0,0.016747081989084967,-0.0073118915392707574,-0.013695218304086909,1.0,0.0,0.0,0.0,0.0,0.0,0.0,1.0,1.0,0.0,0.0,0.0,,0.0,,0.0,,-1.0,0.0,0.0,0.0,0.0,1.0,0.0,0.0,0.0,0.0,,0.0,,259.0972862421522,0.0,259.0972862421522,1.0,,,36.0,36.0,,,,,2.0,2.0,300.0,300.0,2.0,2.0,,,,,1.0,1.0,15.0,15.0
268.5619836444224,6000.0,27.559889400028624,49.0,4.0,0.0,543.0,49,0.0,63.924010865892285,63.924010865892285,0.0007005367751312663,-0.009608692067070268,-0.05796130496569685,0.006367861732812322,0.06155919616585171,6.0,1.0,56.0,62.0,51.0,50.0,68.0,29.0,0.0,0.0,6.0,0.0,0.0,127.8738179997976,0.0,0.001183564099932255,127.8738179997976,127.87500156389751,0.0,127.8738179997976,0.0,0.0009726426198142235,127.8738179997976,127.87479064241742,0.0,127.8738179997976,0.0,0.0020539257059510874,127.8738179997976,127.87587192550355,0.0,127.8738179997976,0.0,0.001722771645887633,127.8738179997976,127.8755407714435,0.0,-3.94521366639348e-06,-3.242142066094781e-06,-6.846419019836958e-06,-5.742572153006146e-06,1.0,1500.0,1500.0,1500.0,1500.0,,,0.0,-0.004924535231748095,-0.0052541636405524,-0.0061798868878291556,-0.007871860247765296,-0.008940968227291932,-0.010199604954597598,-0.011427790095871871,-0.013148960686206435,-0.00467610336935751,-0.005003480128480575,-0.005893340637802025,-0.007497401705488116,-0.008539299782696385,-0.009856311516631643,-0.010972287531184666,-0.01250006157370316,1.0,100.0,100.0,100.0,100.0,100.0,100.0,100.0,100.0,100.0,100.0,100.0,100.0,100.0,100.0,100.0,100.0,0.0,4.0,4.0,4.0,0.016747081989084967,-0.0073118915392707574,-0.013695218304086909,1.0,0.0,0.0,0.0,0.0,0.0,0.0,1.0,1.0,0.0,0.0,0.0,,0.0,,0.0,,-1.0,0.0,0.0,0.0,0.0,1.0,0.0,0.0,0.0,0.0,,0.0,,268.5619836444224,0.0,268.5619836444224,1.0,,,36.0,36.0,,,,,2.0,2.0,300.0,300.0,2.0,2.0,,,,,1.0,1.0,15.0,15.0
259.09728651968857,6000.0,65.28300269995816,75.0,9.0,0.0,557.0,50,0.0,63.93917893399939,63.93917893399939,0.0007007396822906744,-0.009610181232950543,-0.05793374330548001,0.006365655536712117,0.061554403800791656,6.0,1.0,56.0,62.0,51.0,50.0,68.0,30.0,1.0,0.0,6.0,0.0,0.0,127.86318973723625,0.0,0.0011827913071158491,127.86318973723625,127.86437252854337,0.0,127.86318973723625,0.0,0.0009718622691536893,127.86318973723625,127.86416159950542,0.0,127.86318973723625,0.0,0.002051913031635877,127.86318973723625,127.86524165026788,0.0,127.86318973723625,0.0,0.0017207275672888045,127.86318973723625,127.86491046480353,0.0,-3.9426376903861635e-06,-3.239540897226334e-06,-6.839710105405554e-06,-5.735758557581979e-06,1.0,1500.0,1500.0,1500.0,1500.0,,,0.0,-0.004924539820303142,-0.005254160138011788,-0.006179891001132054,-0.007871756106071402,-0.008940862291529817,-0.010199557434247273,-0.01142753779482324,-0.013148306213934459,-0.00467610203937765,-0.005003471090798195,-0.005893337640859909,-0.007497282934777295,-0.00853917766048471,-0.00985618934034451,-0.010971976795557347,-0.012499368109510424,1.0,100.0,100.0,100.0,100.0,100.0,100.0,100.0,100.0,100.0,100.0,100.0,100.0,100.0,100.0,100.0,100.0,0.0,4.0,4.0,4.0,0.016751975392797165,-0.007305733083363034,-0.013693086348445963,1.0,0.0,0.0,0.0,0.0,0.0,0.0,1.0,1.0,0.0,0.0,0.0,,0.0,,0.0,,-1.0,0.0,0.0,0.0,0.0,1.0,0.0,0.0,0.0,0.0,,0.0,,259.09728651968857,0.0,259.09728651968857,1.0,,,36.0,36.0,,,,,2.0,2.0,300.0,300.0,2.0,2.0,,,,,1.0,1.0,15.0,15.0
268.5619837301538,6000.0,27.925816099974327,49.0,4.0,0.0,543.0,51,0.0,63.924010807273916,63.924010807273916,0.0007007396822906744,-0.009610181232950543,-0.05793374330548001,0.006365655536712117,0.061554403800791656,6.0,1.0,56.0,62.0,51.0,50.0,68.0,30.0,0.0,0.0,6.0,0.0,0.0,127.86318973723625,0.0,0.0011827913071158491,127.86318973723625,127.86437252854337,0.0,127.86318973723625,0.0,0.0009718622691536893,127.86318973723625,127.86416159950542,0.0,127.86318973723625,0.0,0.002051913031635877,127.86318973723625,127.86524165026788,0.0,127.86318973723625,0.0,0.0017207275672888045,127.86318973723625,127.86491046480353,0.0,-3.9426376903861635e-06,-3.239540897226334e-06,-6.839710105405554e-06,-5.735758557581979e-06,1.0,1500.0,1500.0,1500.0,1500.0,,,0.0,-0.004924539820303142,-0.005254160138011788,-0.006179891001132054,-0.007871756106071402,-0.008940862291529817,-0.010199557434247273,-0.01142753779482324,-0.013148306213934459,-0.00467610203937765,-0.005003471090798195,-0.005893337640859909,-0.007497282934777295,-0.00853917766048471,-0.00985618934034451,-0.010971976795557347,-0.012499368109510424,1.0,100.0,100.0,100.0,100.0,100.0,100.0,100.0,100.0,100.0,100.0,100.0,100.0,100.0,100.0,100.0,100.0,0.0,4.0,4.0,4.0,0.016751975392797165,-0.007305733083363034,-0.013693086348445963,1.0,0.0,0.0,0.0,0.0,0.0,0.0,1.0,1.0,0.0,0.0,0.0,,0.0,,0.0,,-1.0,0.0,0.0,0.0,0.0,1.0,0.0,0.0,0.0,0.0,,0.0,,268.5619837301538,0.0,268.5619837301538,1.0,,,36.0,36.0,,,,,2.0,2.0,300.0,300.0,2.0,2.0,,,,,1.0,1.0,15.0,15.0
259.09728654257174,6000.0,26.34016719995998,49.0,4.0,0.0,557.0,52,0.0,63.93917891875406,63.93917891875406,0.0007007396822906744,-0.009610181232950543,-0.05793374330548001,0.006365655536712117,0.061554403800791656,6.0,1.0,56.0,62.0,51.0,50.0,68.0,30.0,0.0,0.0,6.0,0.0,0.0,127.86318973723625,0.0,0.0011827913071158491,127.86318973723625,127.86437252854337,0.0,127.86318973723625,0.0,0.0009718622691536893,127.86318973723625,127.86416159950542,0.0,127.86318973723625,0.0,0.002051913031635877,127.86318973723625,127.86524165026788,0.0,127.86318973723625,0.0,0.0017207275672888045,127.86318973723625,127.86491046480353,0.0,-3.9426376903861635e-06,-3.239540897226334e-06,-6.839710105405554e-06,-5.735758557581979e-06,1.0,1500.0,1500.0,1500.0,1500.0,,,0.0,-0.004924539820303142,-0.005254160138011788,-0.006179891001132054,-0.007871756106071402,-0.008940862291529817,-0.010199557434247273,-0.01142753779482324,-0.013148306213934459,-0.00467610203937765,-0.005003471090798195,-0.005893337640859909,-0.007497282934777295,-0.00853917766048471,-0.00985618934034451,-0.010971976795557347,-0.012499368109510424,1.0,100.0,100.0,100.0,100.0,100.0,100.0,100.0,100.0,100.0,100.0,100.0,100.0,100.0,100.0,100.0,100.0,0.0,4.0,4.0,4.0,0.016751975392797165,-0.007305733083363034,-0.013693086348445963,1.0,0.0,0.0,0.0,0.0,0.0,0.0,1.0,1.0,0.0,0.0,0.0,,0.0,,0.0,,-1.0,0.0,0.0,0.0,0.0,1.0,0.0,0.0,0.0,0.0,,0.0,,259.09728654257174,0.0,259.09728654257174,1.0,,,36.0,36.0,,,,,2.0,2.0,300.0,300.0,2.0,2.0,,,,,1.0,1.0,15.0,15.0
268.56198373608777,6000.0,25.931503599975258,49.0,4.0,0.0,543.0,53,0.0,63.92401080323687,63.92401080323687,0.0007007396822906744,-0.009610181232950543,-0.05793374330548001,0.006365655536712117,0.061554403800791656,6.0,1.0,56.0,62.0,51.0,50.0,68.0,30.0,0.0,0.0,6.0,0.0,0.0,127.86318973723625,0.0,0.0011827913071158491,127.86318973723625,127.86437252854337,0.0,127.86318973723625,0.0,0.0009718622691536893,127.86318973723625,127.86416159950542,0.0,127.86318973723625,0.0,0.002051913031635877,127.86318973723625,127.86524165026788,0.0,127.86318973723625,0.0,0.0017207275672888045,127.86318973723625,127.86491046480353,0.0,-3.9426376903861635e-06,-3.239540897226334e-06,-6.839710105405554e-06,-5.735758557581979e-06,1.0,1500.0,1500.0,1500.0,1500.0,,,0.0,-0.004924539820303142,-0.005254160138011788,-0.006179891001132054,-0.007871756106071402,-0.008940862291529817,-0.010199557434247273,-0.01142753779482324,-0.013148306213934459,-0.00467610203937765,-0.005003471090798195,-0.005893337640859909,-0.007497282934777295,-0.00853917766048471,-0.00985618934034451,-0.010971976795557347,-0.012499368109510424,1.0,100.0,100.0,100.0,100.0,100.0,100.0,100.0,100.0,100.0,100.0,100.0,100.0,100.0,100.0,100.0,100.0,0.0,4.0,4.0,4.0,0.016751975392797165,-0.007305733083363034,-0.013693086348445963,1.0,0.0,0.0,0.0,0.0,0.0,0.0,1.0,1.0,0.0,0.0,0.0,,0.0,,0.0,,-1.0,0.0,0.0,0.0,0.0,1.0,0.0,0.0,0.0,0.0,,0.0,,268.56198373608777,0.0,268.56198373608777,1.0,,,36.0,36.0,,,,,2.0,2.0,300.0,300.0,2.0,2.0,,,,,1.0,1.0,15.0,15.0
259.0972865439164,6000.0,27.052120700012892,49.0,4.0,0.0,557.0,54,0.0,63.93917891770117,63.93917891770117,0.0007007396822906744,-0.009610181232950543,-0.05793374330548001,0.006365655536712117,0.061554403800791656,6.0,1.0,56.0,62.0,51.0,50.0,68.0,30.0,0.0,0.0,6.0,0.0,0.0,127.86318973723625,0.0,0.0011827913071158491,127.86318973723625,127.86437252854337,0.0,127.86318973723625,0.0,0.0009718622691536893,127.86318973723625,127.86416159950542,0.0,127.86318973723625,0.0,0.002051913031635877,127.86318973723625,127.86524165026788,0.0,127.86318973723625,0.0,0.0017207275672888045,127.86318973723625,127.86491046480353,0.0,-3.9426376903861635e-06,-3.239540897226334e-06,-6.839710105405554e-06,-5.735758557581979e-06,1.0,1500.0,1500.0,1500.0,1500.0,,,0.0,-0.004924539820303142,-0.005254160138011788,-0.006179891001132054,-0.007871756106071402,-0.008940862291529817,-0.010199557434247273,-0.01142753779482324,-0.013148306213934459,-0.00467610203937765,-0.005003471090798195,-0.005893337640859909,-0.007497282934777295,-0.00853917766048471,-0.00985618934034451,-0.010971976795557347,-0.012499368109510424,1.0,100.0,100.0,100.0,100.0,100.0,100.0,100.0,100.0,100.0,100.0,100.0,100.0,100.0,100.0,100.0,100.0,0.0,4.0,4.0,4.0,0.016751975392797165,-0.007305733083363034,-0.013693086348445963,1.0,0.0,0.0,0.0,0.0,0.0,0.0,1.0,1.0,0.0,0.0,0.0,,0.0,,0.0,,-1.0,0.0,0.0,0.0,0.0,1.0,0.0,0.0,0.0,0.0,,0.0,,259.0972865439164,0.0,259.0972865439164,1.0,,,36.0,36.0,,,,,2.0,2.0,300.0,300.0,2.0,2.0,,,,,1.0,1.0,15.0,15.0
268.5619837364979,6000.0,26.160944600007497,49.0,4.0,0.0,543.0,55,0.0,63.92401080296226,63.92401080296226,0.0007007396822906744,-0.009610181232950543,-0.05793374330548001,0.006365655536712117,0.061554403800791656,6.0,1.0,56.0,62.0,51.0,50.0,68.0,30.0,0.0,0.0,6.0,0.0,0.0,127.86318973723625,0.0,0.0011827913071158491,127.86318973723625,127.86437252854337,0.0,127.86318973723625,0.0,0.0009718622691536893,127.86318973723625,127.86416159950542,0.0,127.86318973723625,0.0,0.002051913031635877,127.86318973723625,127.86524165026788,0.0,127.86318973723625,0.0,0.0017207275672888045,127.86318973723625,127.86491046480353,0.0,-3.9426376903861635e-06,-3.239540897226334e-06,-6.839710105405554e-06,-5.735758557581979e-06,1.0,1500.0,1500.0,1500.0,1500.0,,,0.0,-0.004924539820303142,-0.005254160138011788,-0.006179891001132054,-0.007871756106071402,-0.008940862291529817,-0.010199557434247273,-0.01142753779482324,-0.013148306213934459,-0.00467610203937765,-0.005003471090798195,-0.005893337640859909,-0.007497282934777295,-0.00853917766048471,-0.00985618934034451,-0.010971976795557347,-0.012499368109510424,1.0,100.0,100.0,100.0,100.0,100.0,100.0,100.0,100.0,100.0,100.0,100.0,100.0,100.0,100.0,100.0,100.0,0.0,4.0,4.0,4.0,0.016751975392797165,-0.007305733083363034,-0.013693086348445963,1.0,0.0,0.0,0.0,0.0,0.0,0.0,1.0,1.0,0.0,0.0,0.0,,0.0,,0.0,,-1.0,0.0,0.0,0.0,0.0,1.0,0.0,0.0,0.0,0.0,,0.0,,268.5619837364979,0.0,268.5619837364979,1.0,,,36.0,36.0,,,,,2.0,2.0,300.0,300.0,2.0,2.0,,,,,1.0,1.0,15.0,15.0
259.09728654400647,6000.0,26.599931799981277,49.0,4.0,0.0,557.0,56,0.0,63.93917891762821,63.93917891762821,0.0007007396822906744,-0.009610181232950543,-0.05793374330548001,0.006365655536712117,0.061554403800791656,6.0,1.0,56.0,62.0,51.0,50.0,68.0,30.0,0.0,0.0,6.0,0.0,0.0,127.86318973723625,0.0,0.0011827913071158491,127.86318973723625,127.86437252854337,0.0,127.86318973723625,0.0,0.0009718622691536893,127.86318973723625,127.86416159950542,0.0,127.86318973723625,0.0,0.002051913031635877,127.86318973723625,127.86524165026788,0.0,127.86318973723625,0.0,0.0017207275672888045,127.86318973723625,127.86491046480353,0.0,-3.9426376903861635e-06,-3.239540897226334e-06,-6.839710105405554e-06,-5.735758557581979e-06,1.0,1500.0,1500.0,1500.0,1500.0,,,0.0,-0.004924539820303142,-0.005254160138011788,-0.006179891001132054,-0.007871756106071402,-0.008940862291529817,-0.010199557434247273,-0.01142753779482324,-0.013148306213934459,-0.00467610203937765,-0.005003471090798195,-0.005893337640859909,-0.007497282934777295,-0.00853917766048471,-0.00985618934034451,-0.010971976795557347,-0.012499368109510424,1.0,100.0,100.0,100.0,100.0,100.0,100.0,100.0,100.0,100.0,100.0,100.0,100.0,100.0,100.0,100.0,100.0,0.0,4.0,4.0,4.0,0.016751975392797165,-0.007305733083363034,-0.013693086348445963,1.0,0.0,0.0,0.0,0.0,0.0,0.0,1.0,1.0,0.0,0.0,0.0,,0.0,,0.0,,-1.0,0.0,0.0,0.0,0.0,1.0,0.0,0.0,0.0,0.0,,0.0,,259.09728654400647,0.0,259.09728654400647,1.0,,,36.0,36.0,,,,,2.0,2.0,300.0,300.0,2.0,2.0,,,,,1.0,1.0,15.0,15.0
268.5619837365251,6000.0,26.218787499994505,49.0,4.0,0.0,543.0,57,0.0,63.924010802943116,63.924010802943116,0.0007007396822906744,-0.009610181232950543,-0.05793374330548001,0.006365655536712117,0.061554403800791656,6.0,1.0,56.0,62.0,51.0,50.0,68.0,30.0,0.0,0.0,6.0,0.0,0.0,127.86318973723625,0.0,0.0011827913071158491,127.86318973723625,127.86437252854337,0.0,127.86318973723625,0.0,0.0009718622691536893,127.86318973723625,127.86416159950542,0.0,127.86318973723625,0.0,0.002051913031635877,127.86318973723625,127.86524165026788,0.0,127.86318973723625,0.0,0.0017207275672888045,127.86318973723625,127.86491046480353,0.0,-3.9426376903861635e-06,-3.239540897226334e-06,-6.839710105405554e-06,-5.735758557581979e-06,1.0,1500.0,1500.0,1500.0,1500.0,,,0.0,-0.004924539820303142,-0.005254160138011788,-0.006179891001132054,-0.007871756106071402,-0.008940862291529817,-0.010199557434247273,-0.01142753779482324,-0.013148306213934459,-0.00467610203937765,-0.005003471090798195,-0.005893337640859909,-0.007497282934777295,-0.00853917766048471,-0.00985618934034451,-0.010971976795557347,-0.012499368109510424,1.0,100.0,100.0,100.0,100.0,100.0,100.0,100.0,100.0,100.0,100.0,100.0,100.0,100.0,100.0,100.0,100.0,0.0,4.0,4.0,4.0,0.016751975392797165,-0.007305733083363034,-0.013693086348445963,1.0,0.0,0.0,0.0,0.0,0.0,0.0,1.0,1.0,0.0,0.0,0.0,,0.0,,0.0,,-1.0,0.0,0.0,0.0,0.0,1.0,0.0,0.0,0.0,0.0,,0.0,,268.5619837365251,0.0,268.5619837365251,1.0,,,36.0,36.0,,,,,2.0,2.0,300.0,300.0,2.0,2.0,,,,,1.0,1.0,15.0,15.0
259.0972865440131,6000.0,25.948473900032695,49.0,4.0,0.0,557.0,58,0.0,63.939178917623,63.939178917623,0.0007007396822906744,-0.009610181232950543,-0.05793374330548001,0.006365655536712117,0.061554403800791656,6.0,1.0,56.0,62.0,51.0,50.0,68.0,30.0,0.0,0.0,6.0,0.0,0.0,127.86318973723625,0.0,0.0011827913071158491,127.86318973723625,127.86437252854337,0.0,127.86318973723625,0.0,0.0009718622691536893,127.86318973723625,127.86416159950542,0.0,127.86318973723625,0.0,0.002051913031635877,127.86318973723625,127.86524165026788,0.0,127.86318973723625,0.0,0.0017207275672888045,127.86318973723625,127.86491046480353,0.0,-3.9426376903861635e-06,-3.239540897226334e-06,-6.839710105405554e-06,-5.735758557581979e-06,1.0,1500.0,1500.0,1500.0,1500.0,,,0.0,-0.004924539820303142,-0.005254160138011788,-0.006179891001132054,-0.007871756106071402,-0.008940862291529817,-0.010199557434247273,-0.01142753779482324,-0.013148306213934459,-0.00467610203937765,-0.005003471090798195,-0.005893337640859909,-0.007497282934777295,-0.00853917766048471,-0.00985618934034451,-0.010971976795557347,-0.012499368109510424,1.0,100.0,100.0,100.0,100.0,100.0,100.0,100.0,100.0,100.0,100.0,100.0,100.0,100.0,100.0,100.0,100.0,0.0,4.0,4.0,4.0,0.016751975392797165,-0.007305733083363034,-0.013693086348445963,1.0,0.0,0.0,0.0,0.0,0.0,0.0,1.0,1.0,0.0,0.0,0.0,,0.0,,0.0,,-1.0,0.0,0.0,0.0,0.0,1.0,0.0,0.0,0.0,0.0,,0.0,,259.0972865440131,0.0,259.0972865440131,1.0,,,36.0,36.0,,,,,2.0,2.0,300.0,300.0,2.0,2.0,,,,,1.0,1.0,15.0,15.0
268.561983736527,6000.0,25.71682020003209,49.0,4.0,0.0,543.0,59,0.0,63.92401080294158,63.92401080294158,0.0007007396822906744,-0.009610181232950543,-0.05793374330548001,0.006365655536712117,0.061554403800791656,6.0,1.0,56.0,62.0,51.0,50.0,68.0,30.0,0.0,0.0,6.0,0.0,0.0,127.86318973723625,0.0,0.0011827913071158491,127.86318973723625,127.86437252854337,0.0,127.86318973723625,0.0,0.0009718622691536893,127.86318973723625,127.86416159950542,0.0,127.86318973723625,0.0,0.002051913031635877,127.86318973723625,127.86524165026788,0.0,127.86318973723625,0.0,0.0017207275672888045,127.86318973723625,127.86491046480353,0.0,-3.9426376903861635e-06,-3.239540897226334e-06,-6.839710105405554e-06,-5.735758557581979e-06,1.0,1500.0,1500.0,1500.0,1500.0,,,0.0,-0.004924539820303142,-0.005254160138011788,-0.006179891001132054,-0.007871756106071402,-0.008940862291529817,-0.010199557434247273,-0.01142753779482324,-0.013148306213934459,-0.00467610203937765,-0.005003471090798195,-0.005893337640859909,-0.007497282934777295,-0.00853917766048471,-0.00985618934034451,-0.010971976795557347,-0.012499368109510424,1.0,100.0,100.0,100.0,100.0,100.0,100.0,100.0,100.0,100.0,100.0,100.0,100.0,100.0,100.0,100.0,100.0,0.0,4.0,4.0,4.0,0.016751975392797165,-0.007305733083363034,-0.013693086348445963,1.0,0.0,0.0,0.0,0.0,0.0,0.0,1.0,1.0,0.0,0.0,0.0,,0.0,,0.0,,-1.0,0.0,0.0,0.0,0.0,1.0,0.0,0.0,0.0,0.0,,0.0,,268.561983736527,0.0,268.561983736527,1.0,,,36.0,36.0,,,,,2.0,2.0,300.0,300.0,2.0,2.0,,,,,1.0,1.0,15.0,15.0
259.09728654401357,6000.0,59.51133750000736,75.0,9.0,0.0,557.0,60,0.0,63.93917891762246,63.93917891762246,0.0007007396813723161,-0.009610181233080939,-0.05793374327660033,0.00636565553669736,0.061554403794238086,6.0,1.0,56.0,62.0,51.0,50.0,68.0,31.0,1.0,0.0,6.0,0.0,0.0,127.86318972056361,0.0,0.001182791304870534,127.86318972056361,127.8643725118685,0.0,127.86318972056361,0.0,0.000971862267135748,127.86318972056361,127.86416158283075,0.0,127.86318972056361,0.0,0.002051913029077923,127.86318972056361,127.86524163359269,0.0,127.86318972056361,0.0,0.0017207275646455855,127.86318972056361,127.86491044812824,0.0,-3.94263768294915e-06,-3.2395408904524934e-06,-6.83971009692641e-06,-5.735758548771249e-06,1.0,1500.0,1500.0,1500.0,1500.0,,,0.0,-0.004924539820277074,-0.005254160137961693,-0.006179891000978621,-0.007871756105754102,-0.008940862291201859,-0.010199557434070038,-0.011427537794344113,-0.01314830621288392,-0.004676102039354912,-0.0050034710907264305,-0.005893337640698659,-0.007497282934410254,-0.008539177660137388,-0.009856189340044131,-0.01097197679496813,-0.012499368108405084,1.0,100.0,100.0,100.0,100.0,100.0,100.0,100.0,100.0,100.0,100.0,100.0,100.0,100.0,100.0,100.0,100.0,0.0,4.0,4.0,4.0,0.016751975384117337,-0.007305733077660333,-0.013693086348906359,1.0,0.0,0.0,0.0,0.0,0.0,0.0,1.0,1.0,0.0,0.0,0.0,,0.0,,0.0,,-1.0,0.0,0.0,0.0,0.0,1.0,0.0,0.0,0.0,0.0,,0.0,,259.09728654401357,0.0,259.09728654401357,1.0,,,36.0,36.0,,,,,2.0,2.0,300.0,300.0,2.0,2.0,,,,,1.0,1.0,15.0,15.0
268.5619837365271,6000.0,25.60075520002283,49.0,4.0,0.0,543.0,61,0.0,63.92401080294132,63.92401080294132,0.0007007396813723161,-0.009610181233080939,-0.05793374327660033,0.00636565553669736,0.061554403794238086,6.0,1.0,56.0,62.0,51.0,50.0,68.0,31.0,0.0,0.0,6.0,0.0,0.0,127.86318972056361,0.0,0.001182791304870534,127.86318972056361,127.8643725118685,0.0,127.86318972056361,0.0,0.000971862267135748,127.86318972056361,127.86416158283075,0.0,127.86318972056361,0.0,0.002051913029077923,127.86318972056361,127.86524163359269,0.0,127.86318972056361,0.0,0.0017207275646455855,127.86318972056361,127.86491044812824,0.0,-3.94263768294915e-06,-3.2395408904524934e-06,-6.83971009692641e-06,-5.735758548771249e-06,1.0,1500.0,1500.0,1500.0,1500.0,,,0.0,-0.004924539820277074,-0.005254160137961693,-0.006179891000978621,-0.007871756105754102,-0.008940862291201859,-0.010199557434070038,-0.011427537794344113,-0.01314830621288392,-0.004676102039354912,-0.0050034710907264305,-0.005893337640698659,-0.007497282934410254,-0.008539177660137388,-0.009856189340044131,-0.01097197679496813,-0.012499368108405084,1.0,100.0,100.0,100.0,100.0,100.0,100.0,100.0,100.0,100.0,100.0,100.0,100.0,100.0,100.0,100.0,100.0,0.0,4.0,4.0,4.0,0.016751975384117337,-0.007305733077660333,-0.013693086348906359,1.0,0.0,0.0,0.0,0.0,0.0,0.0,1.0,1.0,0.0,0.0,0.0,,0.0,,0.0,,-1.0,0.0,0.0,0.0,0.0,1.0,0.0,0.0,0.0,0.0,,0.0,,268.5619837365271,0.0,268.5619837365271,1.0,,,36.0,36.0,,,,,2.0,2.0,300.0,300.0,2.0,2.0,,,,,1.0,1.0,15.0,15.0
259.0972865440136,6000.0,25.69948310003383,49.0,4.0,0.0,557.0,62,0.0,63.93917891762228,63.93917891762228,0.0007007396813723161,-0.009610181233080939,-0.05793374327660033,0.00636565553669736,0.061554403794238086,6.0,1.0,56.0,62.0,51.0,50.0,68.0,31.0,0.0,0.0,6.0,0.0,0.0,127.86318972056361,0.0,0.001182791304870534,127.86318972056361,127.8643725118685,0.0,127.86318972056361,0.0,0.000971862267135748,127.86318972056361,127.86416158283075,0.0,127.86318972056361,0.0,0.002051913029077923,127.86318972056361,127.86524163359269,0.0,127.86318972056361,0.0,0.0017207275646455855,127.86318972056361,127.86491044812824,0.0,-3.94263768294915e-06,-3.2395408904524934e-06,-6.83971009692641e-06,-5.735758548771249e-06,1.0,1500.0,1500.0,1500.0,1500.0,,,0.0,-0.004924539820277074,-0.005254160137961693,-0.006179891000978621,-0.007871756105754102,-0.008940862291201859,-0.010199557434070038,-0.011427537794344113,-0.01314830621288392,-0.004676102039354912,-0.0050034710907264305,-0.005893337640698659,-0.007497282934410254,-0.008539177660137388,-0.009856189340044131,-0.01097197679496813,-0.012499368108405084,1.0,100.0,100.0,100.0,100.0,100.0,100.0,100.0,100.0,100.0,100.0,100.0,100.0,100.0,100.0,100.0,100.0,0.0,4.0,4.0,4.0,0.016751975384117337,-0.007305733077660333,-0.013693086348906359,1.0,0.0,0.0,0.0,0.0,0.0,0.0,1.0,1.0,0.0,0.0,0.0,,0.0,,0.0,,-1.0,0.0,0.0,0.0,0.0,1.0,0.0,0.0,0.0,0.0,,0.0,,259.0972865440136,0.0,259.0972865440136,1.0,,,36.0,36.0,,,,,2.0,2.0,300.0,300.0,2.0,2.0,,,,,1.0,1.0,15.0,15.0
268.5619837365271,6000.0,25.22706720000133,49.0,4.0,0.0,543.0,63,0.0,63.92401080294115,63.92401080294115,0.0007007396813723161,-0.009610181233080939,-0.05793374327660033,0.00636565553669736,0.061554403794238086,6.0,1.0,56.0,62.0,51.0,50.0,68.0,31.0,0.0,0.0,6.0,0.0,0.0,127.86318972056361,0.0,0.001182791304870534,127.86318972056361,127.8643725118685,0.0,127.86318972056361,0.0,0.000971862267135748,127.86318972056361,127.86416158283075,0.0,127.86318972056361,0.0,0.002051913029077923,127.86318972056361,127.86524163359269,0.0,127.86318972056361,0.0,0.0017207275646455855,127.86318972056361,127.86491044812824,0.0,-3.94263768294915e-06,-3.2395408904524934e-06,-6.83971009692641e-06,-5.735758548771249e-06,1.0,1500.0,1500.0,1500.0,1500.0,,,0.0,-0.004924539820277074,-0.005254160137961693,-0.006179891000978621,-0.007871756105754102,-0.008940862291201859,-0.010199557434070038,-0.011427537794344113,-0.01314830621288392,-0.004676102039354912,-0.0050034710907264305,-0.005893337640698659,-0.007497282934410254,-0.008539177660137388,-0.009856189340044131,-0.01097197679496813,-0.012499368108405084,1.0,100.0,100.0,100.0,100.0,100.0,100.0,100.0,100.0,100.0,100.0,100.0,100.0,100.0,100.0,100.0,100.0,0.0,4.0,4.0,4.0,0.016751975384117337,-0.007305733077660333,-0.013693086348906359,1.0,0.0,0.0,0.0,0.0,0.0,0.0,1.0,1.0,0.0,0.0,0.0,,0.0,,0.0,,-1.0,0.0,0.0,0.0,0.0,1.0,0.0,0.0,0.0,0.0,,0.0,,268.5619837365271,0.0,268.5619837365271,1.0,,,36.0,36.0,,,,,2.0,2.0,300.0,300.0,2.0,2.0,,,,,1.0,1.0,15.0,15.0
259.0972865440136,6000.0,26.11667280003894,49.0,4.0,0.0,557.0,64,0.0,63.939178917622115,63.939178917622115,0.0007007396813723161,-0.009610181233080939,-0.05793374327660033,0.00636565553669736,0.061554403794238086,6.0,1.0,56.0,62.0,51.0,50.0,68.0,31.0,0.0,0.0,6.0,0.0,0.0,127.86318972056361,0.0,0.001182791304870534,127.86318972056361,127.8643725118685,0.0,127.86318972056361,0.0,0.000971862267135748,127.86318972056361,127.86416158283075,0.0,127.86318972056361,0.0,0.002051913029077923,127.86318972056361,127.86524163359269,0.0,127.86318972056361,0.0,0.0017207275646455855,127.86318972056361,127.86491044812824,0.0,-3.94263768294915e-06,-3.2395408904524934e-06,-6.83971009692641e-06,-5.735758548771249e-06,1.0,1500.0,1500.0,1500.0,1500.0,,,0.0,-0.004924539820277074,-0.005254160137961693,-0.006179891000978621,-0.007871756105754102,-0.008940862291201859,-0.010199557434070038,-0.011427537794344113,-0.01314830621288392,-0.004676102039354912,-0.0050034710907264305,-0.005893337640698659,-0.007497282934410254,-0.008539177660137388,-0.009856189340044131,-0.01097197679496813,-0.012499368108405084,1.0,100.0,100.0,100.0,100.0,100.0,100.0,100.0,100.0,100.0,100.0,100.0,100.0,100.0,100.0,100.0,100.0,0.0,4.0,4.0,4.0,0.016751975384117337,-0.007305733077660333,-0.013693086348906359,1.0,0.0,0.0,0.0,0.0,0.0,0.0,1.0,1.0,0.0,0.0,0.0,,0.0,,0.0,,-1.0,0.0,0.0,0.0,0.0,1.0,0.0,0.0,0.0,0.0,,0.0,,259.0972865440136,0.0,259.0972865440136,1.0,,,36.0,36.0,,,,,2.0,2.0,300.0,300.0,2.0,2.0,,,,,1.0,1.0,15.0,15.0
268.56198373652717,6000.0,26.020966899988707,49.0,4.0,0.0,543.0,65,0.0,63.92401080294099,63.92401080294099,0.0007007396813723161,-0.009610181233080939,-0.05793374327660033,0.00636565553669736,0.061554403794238086,6.0,1.0,56.0,62.0,51.0,50.0,68.0,31.0,0.0,0.0,6.0,0.0,0.0,127.86318972056361,0.0,0.001182791304870534,127.86318972056361,127.8643725118685,0.0,127.86318972056361,0.0,0.000971862267135748,127.86318972056361,127.86416158283075,0.0,127.86318972056361,0.0,0.002051913029077923,127.86318972056361,127.86524163359269,0.0,127.86318972056361,0.0,0.0017207275646455855,127.86318972056361,127.86491044812824,0.0,-3.94263768294915e-06,-3.2395408904524934e-06,-6.83971009692641e-06,-5.735758548771249e-06,1.0,1500.0,1500.0,1500.0,1500.0,,,0.0,-0.004924539820277074,-0.005254160137961693,-0.006179891000978621,-0.007871756105754102,-0.008940862291201859,-0.010199557434070038,-0.011427537794344113,-0.01314830621288392,-0.004676102039354912,-0.0050034710907264305,-0.005893337640698659,-0.007497282934410254,-0.008539177660137388,-0.009856189340044131,-0.01097197679496813,-0.012499368108405084,1.0,100.0,100.0,100.0,100.0,100.0,100.0,100.0,100.0,100.0,100.0,100.0,100.0,100.0,100.0,100.0,100.0,0.0,4.0,4.0,4.0,0.016751975384117337,-0.007305733077660333,-0.013693086348906359,1.0,0.0,0.0,0.0,0.0,0.0,0.0,1.0,1.0,0.0,0.0,0.0,,0.0,,0.0,,-1.0,0.0,0.0,0.0,0.0,1.0,0.0,0.0,0.0,0.0,,0.0,,268.56198373652717,0.0,268.56198373652717,1.0,,,36.0,36.0,,,,,2.0,2.0,300.0,300.0,2.0,2.0,,,,,1.0,1.0,15.0,15.0
259.09728654401357,6000.0,25.857921299990267,49.0,4.0,0.0,557.0,66,0.0,63.939178917621966,63.939178917621966,0.0007007396813723161,-0.009610181233080939,-0.05793374327660033,0.00636565553669736,0.061554403794238086,6.0,1.0,56.0,62.0,51.0,50.0,68.0,31.0,0.0,0.0,6.0,0.0,0.0,127.86318972056361,0.0,0.001182791304870534,127.86318972056361,127.8643725118685,0.0,127.86318972056361,0.0,0.000971862267135748,127.86318972056361,127.86416158283075,0.0,127.86318972056361,0.0,0.002051913029077923,127.86318972056361,127.86524163359269,0.0,127.86318972056361,0.0,0.0017207275646455855,127.86318972056361,127.86491044812824,0.0,-3.94263768294915e-06,-3.2395408904524934e-06,-6.83971009692641e-06,-5.735758548771249e-06,1.0,1500.0,1500.0,1500.0,1500.0,,,0.0,-0.004924539820277074,-0.005254160137961693,-0.006179891000978621,-0.007871756105754102,-0.008940862291201859,-0.010199557434070038,-0.011427537794344113,-0.01314830621288392,-0.004676102039354912,-0.0050034710907264305,-0.005893337640698659,-0.007497282934410254,-0.008539177660137388,-0.009856189340044131,-0.01097197679496813,-0.012499368108405084,1.0,100.0,100.0,100.0,100.0,100.0,100.0,100.0,100.0,100.0,100.0,100.0,100.0,100.0,100.0,100.0,100.0,0.0,4.0,4.0,4.0,0.016751975384117337,-0.007305733077660333,-0.013693086348906359,1.0,0.0,0.0,0.0,0.0,0.0,0.0,1.0,1.0,0.0,0.0,0.0,,0.0,,0.0,,-1.0,0.0,0.0,0.0,0.0,1.0,0.0,0.0,0.0,0.0,,0.0,,259.09728654401357,0.0,259.09728654401357,1.0,,,36.0,36.0,,,,,2.0,2.0,300.0,300.0,2.0,2.0,,,,,1.0,1.0,15.0,15.0
268.5619837365271,6000.0,25.709287700010464,49.0,4.0,0.0,543.0,67,0.0,63.92401080294084,63.92401080294084,0.0007007396813723161,-0.009610181233080939,-0.05793374327660033,0.00636565553669736,0.061554403794238086,6.0,1.0,56.0,62.0,51.0,50.0,68.0,31.0,0.0,0.0,6.0,0.0,0.0,127.86318972056361,0.0,0.001182791304870534,127.86318972056361,127.8643725118685,0.0,127.86318972056361,0.0,0.000971862267135748,127.86318972056361,127.86416158283075,0.0,127.86318972056361,0.0,0.002051913029077923,127.86318972056361,127.86524163359269,0.0,127.86318972056361,0.0,0.0017207275646455855,127.86318972056361,127.86491044812824,0.0,-3.94263768294915e-06,-3.2395408904524934e-06,-6.83971009692641e-06,-5.735758548771249e-06,1.0,1500.0,1500.0,1500.0,1500.0,,,0.0,-0.004924539820277074,-0.005254160137961693,-0.006179891000978621,-0.007871756105754102,-0.008940862291201859,-0.010199557434070038,-0.011427537794344113,-0.01314830621288392,-0.004676102039354912,-0.0050034710907264305,-0.005893337640698659,-0.007497282934410254,-0.008539177660137388,-0.009856189340044131,-0.01097197679496813,-0.012499368108405084,1.0,100.0,100.0,100.0,100.0,100.0,100.0,100.0,100.0,100.0,100.0,100.0,100.0,100.0,100.0,100.0,100.0,0.0,4.0,4.0,4.0,0.016751975384117337,-0.007305733077660333,-0.013693086348906359,1.0,0.0,0.0,0.0,0.0,0.0,0.0,1.0,1.0,0.0,0.0,0.0,,0.0,,0.0,,-1.0,0.0,0.0,0.0,0.0,1.0,0.0,0.0,0.0,0.0,,0.0,,268.5619837365271,0.0,268.5619837365271,1.0,,,36.0,36.0,,,,,2.0,2.0,300.0,300.0,2.0,2.0,,,,,1.0,1.0,15.0,15.0
259.0972865440136,6000.0,25.8393809000263,49.0,4.0,0.0,557.0,68,0.0,63.93917891762181,63.93917891762181,0.0007007396813723161,-0.009610181233080939,-0.05793374327660033,0.00636565553669736,0.061554403794238086,6.0,1.0,56.0,62.0,51.0,50.0,68.0,31.0,0.0,0.0,6.0,0.0,0.0,127.86318972056361,0.0,0.001182791304870534,127.86318972056361,127.8643725118685,0.0,127.86318972056361,0.0,0.000971862267135748,127.86318972056361,127.86416158283075,0.0,127.86318972056361,0.0,0.002051913029077923,127.86318972056361,127.86524163359269,0.0,127.86318972056361,0.0,0.0017207275646455855,127.86318972056361,127.86491044812824,0.0,-3.94263768294915e-06,-3.2395408904524934e-06,-6.83971009692641e-06,-5.735758548771249e-06,1.0,1500.0,1500.0,1500.0,1500.0,,,0.0,-0.004924539820277074,-0.005254160137961693,-0.006179891000978621,-0.007871756105754102,-0.008940862291201859,-0.010199557434070038,-0.011427537794344113,-0.01314830621288392,-0.004676102039354912,-0.0050034710907264305,-0.005893337640698659,-0.007497282934410254,-0.008539177660137388,-0.009856189340044131,-0.01097197679496813,-0.012499368108405084,1.0,100.0,100.0,100.0,100.0,100.0,100.0,100.0,100.0,100.0,100.0,100.0,100.0,100.0,100.0,100.0,100.0,0.0,4.0,4.0,4.0,0.016751975384117337,-0.007305733077660333,-0.013693086348906359,1.0,0.0,0.0,0.0,0.0,0.0,0.0,1.0,1.0,0.0,0.0,0.0,,0.0,,0.0,,-1.0,0.0,0.0,0.0,0.0,1.0,0.0,0.0,0.0,0.0,,0.0,,259.0972865440136,0.0,259.0972865440136,1.0,,,36.0,36.0,,,,,2.0,2.0,300.0,300.0,2.0,2.0,,,,,1.0,1.0,15.0,15.0
268.56198373652717,6000.0,25.888259300030768,49.0,4.0,0.0,543.0,69,0.0,63.924010802940685,63.924010802940685,0.0007007396813723161,-0.009610181233080939,-0.05793374327660033,0.00636565553669736,0.061554403794238086,6.0,1.0,56.0,62.0,51.0,50.0,68.0,31.0,0.0,0.0,6.0,0.0,0.0,127.86318972056361,0.0,0.001182791304870534,127.86318972056361,127.8643725118685,0.0,127.86318972056361,0.0,0.000971862267135748,127.86318972056361,127.86416158283075,0.0,127.86318972056361,0.0,0.002051913029077923,127.86318972056361,127.86524163359269,0.0,127.86318972056361,0.0,0.0017207275646455855,127.86318972056361,127.86491044812824,0.0,-3.94263768294915e-06,-3.2395408904524934e-06,-6.83971009692641e-06,-5.735758548771249e-06,1.0,1500.0,1500.0,1500.0,1500.0,,,0.0,-0.004924539820277074,-0.005254160137961693,-0.006179891000978621,-0.007871756105754102,-0.008940862291201859,-0.010199557434070038,-0.011427537794344113,-0.01314830621288392,-0.004676102039354912,-0.0050034710907264305,-0.005893337640698659,-0.007497282934410254,-0.008539177660137388,-0.009856189340044131,-0.01097197679496813,-0.012499368108405084,1.0,100.0,100.0,100.0,100.0,100.0,100.0,100.0,100.0,100.0,100.0,100.0,100.0,100.0,100.0,100.0,100.0,0.0,4.0,4.0,4.0,0.016751975384117337,-0.007305733077660333,-0.013693086348906359,1.0,0.0,0.0,0.0,0.0,0.0,0.0,1.0,1.0,0.0,0.0,0.0,,0.0,,0.0,,-1.0,0.0,0.0,0.0,0.0,1.0,0.0,0.0,0.0,0.0,,0.0,,268.56198373652717,0.0,268.56198373652717,1.0,,,36.0,36.0,,,,,2.0,2.0,300.0,300.0,2.0,2.0,,,,,1.0,1.0,15.0,15.0
259.09728654401357,6000.0,59.976925700029824,75.0,9.0,0.0,557.0,70,0.0,63.93917891762166,63.93917891762166,0.0007007396813735005,-0.009610181233084472,-0.05793374327660387,0.006365655536698536,0.06155440379424046,6.0,1.0,56.0,62.0,51.0,50.0,68.0,32.0,1.0,0.0,6.0,0.0,0.0,127.86318972056202,0.0,0.0011827913048421124,127.86318972056202,127.86437251186686,0.0,127.86318972056202,0.0,0.0009718622671073263,127.86318972056202,127.86416158282913,0.0,127.86318972056202,0.0,0.002051913029077923,127.86318972056202,127.8652416335911,0.0,127.86318972056202,0.0,0.0017207275646171638,127.86318972056202,127.86491044812664,0.0,-3.942637682807041e-06,-3.239540890357754e-06,-6.83971009692641e-06,-5.73575854872388e-06,1.0,1500.0,1500.0,1500.0,1500.0,,,0.0,-0.0049245398202756975,-0.005254160137959563,-0.006179891000977867,-0.007871756105754102,-0.008940862291201813,-0.010199557434070083,-0.011427537794341271,-0.013148306212886717,-0.004676102039354823,-0.005003471090726386,-0.0058933376406999916,-0.007497282934410921,-0.008539177660139386,-0.009856189340046928,-0.01097197679496813,-0.012499368108403665,1.0,100.0,100.0,100.0,100.0,100.0,100.0,100.0,100.0,100.0,100.0,100.0,100.0,100.0,100.0,100.0,100.0,0.0,4.0,4.0,4.0,0.016751975384116387,-0.0073057330776588976,-0.01369308634890825,1.0,0.0,0.0,0.0,0.0,0.0,0.0,1.0,1.0,0.0,0.0,0.0,,0.0,,0.0,,-1.0,0.0,0.0,0.0,0.0,1.0,0.0,0.0,0.0,0.0,,0.0,,259.09728654401357,0.0,259.09728654401357,1.0,,,36.0,36.0,,,,,2.0,2.0,300.0,300.0,2.0,2.0,,,,,1.0,1.0,15.0,15.0
268.5619837365271,6000.0,26.13726139999926,49.0,4.0,0.0,543.0,71,0.0,63.924010802940536,63.924010802940536,0.0007007396813735005,-0.009610181233084472,-0.05793374327660387,0.006365655536698536,0.06155440379424046,6.0,1.0,56.0,62.0,51.0,50.0,68.0,32.0,0.0,0.0,6.0,0.0,0.0,127.86318972056202,0.0,0.0011827913048421124,127.86318972056202,127.86437251186686,0.0,127.86318972056202,0.0,0.0009718622671073263,127.86318972056202,127.86416158282913,0.0,127.86318972056202,0.0,0.002051913029077923,127.86318972056202,127.8652416335911,0.0,127.86318972056202,0.0,0.0017207275646171638,127.86318972056202,127.86491044812664,0.0,-3.942637682807041e-06,-3.239540890357754e-06,-6.83971009692641e-06,-5.73575854872388e-06,1.0,1500.0,1500.0,1500.0,1500.0,,,0.0,-0.0049245398202756975,-0.005254160137959563,-0.006179891000977867,-0.007871756105754102,-0.008940862291201813,-0.010199557434070083,-0.011427537794341271,-0.013148306212886717,-0.004676102039354823,-0.005003471090726386,-0.0058933376406999916,-0.007497282934410921,-0.008539177660139386,-0.009856189340046928,-0.01097197679496813,-0.012499368108403665,1.0,100.0,100.0,100.0,100.0,100.0,100.0,100.0,100.0,100.0,100.0,100.0,100.0,100.0,100.0,100.0,100.0,0.0,4.0,4.0,4.0,0.016751975384116387,-0.0073057330776588976,-0.01369308634890825,1.0,0.0,0.0,0.0,0.0,0.0,0.0,1.0,1.0,0.0,0.0,0.0,,0.0,,0.0,,-1.0,0.0,0.0,0.0,0.0,1.0,0.0,0.0,0.0,0.0,,0.0,,268.5619837365271,0.0,268.5619837365271,1.0,,,36.0,36.0,,,,,2.0,2.0,300.0,300.0,2.0,2.0,,,,,1.0,1.0,15.0,15.0
259.0972865440136,6000.0,25.293591999972705,49.0,4.0,0.0,557.0,72,0.0,63.939178917621504,63.939178917621504,0.0007007396813735005,-0.009610181233084472,-0.05793374327660387,0.006365655536698536,0.06155440379424046,6.0,1.0,56.0,62.0,51.0,50.0,68.0,32.0,0.0,0.0,6.0,0.0,0.0,127.86318972056202,0.0,0.0011827913048421124,127.86318972056202,127.86437251186686,0.0,127.86318972056202,0.0,0.0009718622671073263,127.86318972056202,127.86416158282913,0.0,127.86318972056202,0.0,0.002051913029077923,127.86318972056202,127.8652416335911,0.0,127.86318972056202,0.0,0.0017207275646171638,127.86318972056202,127.86491044812664,0.0,-3.942637682807041e-06,-3.239540890357754e-06,-6.83971009692641e-06,-5.73575854872388e-06,1.0,1500.0,1500.0,1500.0,1500.0,,,0.0,-0.0049245398202756975,-0.005254160137959563,-0.006179891000977867,-0.007871756105754102,-0.008940862291201813,-0.010199557434070083,-0.011427537794341271,-0.013148306212886717,-0.004676102039354823,-0.005003471090726386,-0.0058933376406999916,-0.007497282934410921,-0.008539177660139386,-0.009856189340046928,-0.01097197679496813,-0.012499368108403665,1.0,100.0,100.0,100.0,100.0,100.0,100.0,100.0,100.0,100.0,100.0,100.0,100.0,100.0,100.0,100.0,100.0,0.0,4.0,4.0,4.0,0.016751975384116387,-0.0073057330776588976,-0.01369308634890825,1.0,0.0,0.0,0.0,0.0,0.0,0.0,1.0,1.0,0.0,0.0,0.0,,0.0,,0.0,,-1.0,0.0,0.0,0.0,0.0,1.0,0.0,0.0,0.0,0.0,,0.0,,259.0972865440136,0.0,259.0972865440136,1.0,,,36.0,36.0,,,,,2.0,2.0,300.0,300.0,2.0,2.0,,,,,1.0,1.0,15.0,15.0
268.56198373652717,6000.0,23.89737869997043,49.0,4.0,0.0,543.0,73,0.0,63.92401080294037,63.92401080294037,0.0007007396813735005,-0.009610181233084472,-0.05793374327660387,0.006365655536698536,0.06155440379424046,6.0,1.0,56.0,62.0,51.0,50.0,68.0,32.0,0.0,0.0,6.0,0.0,0.0,127.86318972056202,0.0,0.0011827913048421124,127.86318972056202,127.86437251186686,0.0,127.86318972056202,0.0,0.0009718622671073263,127.86318972056202,127.86416158282913,0.0,127.86318972056202,0.0,0.002051913029077923,127.86318972056202,127.8652416335911,0.0,127.86318972056202,0.0,0.0017207275646171638,127.86318972056202,127.86491044812664,0.0,-3.942637682807041e-06,-3.239540890357754e-06,-6.83971009692641e-06,-5.73575854872388e-06,1.0,1500.0,1500.0,1500.0,1500.0,,,0.0,-0.0049245398202756975,-0.005254160137959563,-0.006179891000977867,-0.007871756105754102,-0.008940862291201813,-0.010199557434070083,-0.011427537794341271,-0.013148306212886717,-0.004676102039354823,-0.005003471090726386,-0.0058933376406999916,-0.007497282934410921,-0.008539177660139386,-0.009856189340046928,-0.01097197679496813,-0.012499368108403665,1.0,100.0,100.0,100.0,100.0,100.0,100.0,100.0,100.0,100.0,100.0,100.0,100.0,100.0,100.0,100.0,100.0,0.0,4.0,4.0,4.0,0.016751975384116387,-0.0073057330776588976,-0.01369308634890825,1.0,0.0,0.0,0.0,0.0,0.0,0.0,1.0,1.0,0.0,0.0,0.0,,0.0,,0.0,,-1.0,0.0,0.0,0.0,0.0,1.0,0.0,0.0,0.0,0.0,,0.0,,268.56198373652717,0.0,268.56198373652717,1.0,,,36.0,36.0,,,,,2.0,2.0,300.0,300.0,2.0,2.0,,,,,1.0,1.0,15.0,15.0
259.09728654401357,6000.0,24.221470899996348,49.0,4.0,0.0,557.0,74,0.0,63.93917891762135,63.93917891762135,0.0007007396813735005,-0.009610181233084472,-0.05793374327660387,0.006365655536698536,0.06155440379424046,6.0,1.0,56.0,62.0,51.0,50.0,68.0,32.0,0.0,0.0,6.0,0.0,0.0,127.86318972056202,0.0,0.0011827913048421124,127.86318972056202,127.86437251186686,0.0,127.86318972056202,0.0,0.0009718622671073263,127.86318972056202,127.86416158282913,0.0,127.86318972056202,0.0,0.002051913029077923,127.86318972056202,127.8652416335911,0.0,127.86318972056202,0.0,0.0017207275646171638,127.86318972056202,127.86491044812664,0.0,-3.942637682807041e-06,-3.239540890357754e-06,-6.83971009692641e-06,-5.73575854872388e-06,1.0,1500.0,1500.0,1500.0,1500.0,,,0.0,-0.0049245398202756975,-0.005254160137959563,-0.006179891000977867,-0.007871756105754102,-0.008940862291201813,-0.010199557434070083,-0.011427537794341271,-0.013148306212886717,-0.004676102039354823,-0.005003471090726386,-0.0058933376406999916,-0.007497282934410921,-0.008539177660139386,-0.009856189340046928,-0.01097197679496813,-0.012499368108403665,1.0,100.0,100.0,100.0,100.0,100.0,100.0,100.0,100.0,100.0,100.0,100.0,100.0,100.0,100.0,100.0,100.0,0.0,4.0,4.0,4.0,0.016751975384116387,-0.0073057330776588976,-0.01369308634890825,1.0,0.0,0.0,0.0,0.0,0.0,0.0,1.0,1.0,0.0,0.0,0.0,,0.0,,0.0,,-1.0,0.0,0.0,0.0,0.0,1.0,0.0,0.0,0.0,0.0,,0.0,,259.09728654401357,0.0,259.09728654401357,1.0,,,36.0,36.0,,,,,2.0,2.0,300.0,300.0,2.0,2.0,,,,,1.0,1.0,15.0,15.0
268.5619837365271,6000.0,24.85272189998068,49.0,4.0,0.0,543.0,75,0.0,63.924010802940224,63.924010802940224,0.0007007396813735005,-0.009610181233084472,-0.05793374327660387,0.006365655536698536,0.06155440379424046,6.0,1.0,56.0,62.0,51.0,50.0,68.0,32.0,0.0,0.0,6.0,0.0,0.0,127.86318972056202,0.0,0.0011827913048421124,127.86318972056202,127.86437251186686,0.0,127.86318972056202,0.0,0.0009718622671073263,127.86318972056202,127.86416158282913,0.0,127.86318972056202,0.0,0.002051913029077923,127.86318972056202,127.8652416335911,0.0,127.86318972056202,0.0,0.0017207275646171638,127.86318972056202,127.86491044812664,0.0,-3.942637682807041e-06,-3.239540890357754e-06,-6.83971009692641e-06,-5.73575854872388e-06,1.0,1500.0,1500.0,1500.0,1500.0,,,0.0,-0.0049245398202756975,-0.005254160137959563,-0.006179891000977867,-0.007871756105754102,-0.008940862291201813,-0.010199557434070083,-0.011427537794341271,-0.013148306212886717,-0.004676102039354823,-0.005003471090726386,-0.0058933376406999916,-0.007497282934410921,-0.008539177660139386,-0.009856189340046928,-0.01097197679496813,-0.012499368108403665,1.0,100.0,100.0,100.0,100.0,100.0,100.0,100.0,100.0,100.0,100.0,100.0,100.0,100.0,100.0,100.0,100.0,0.0,4.0,4.0,4.0,0.016751975384116387,-0.0073057330776588976,-0.01369308634890825,1.0,0.0,0.0,0.0,0.0,0.0,0.0,1.0,1.0,0.0,0.0,0.0,,0.0,,0.0,,-1.0,0.0,0.0,0.0,0.0,1.0,0.0,0.0,0.0,0.0,,0.0,,268.5619837365271,0.0,268.5619837365271,1.0,,,36.0,36.0,,,,,2.0,2.0,300.0,300.0,2.0,2.0,,,,,1.0,1.0,15.0,15.0
259.0972865440136,6000.0,24.375258199987,49.0,4.0,0.0,557.0,76,0.0,63.93917891762119,63.93917891762119,0.0007007396813735005,-0.009610181233084472,-0.05793374327660387,0.006365655536698536,0.06155440379424046,6.0,1.0,56.0,62.0,51.0,50.0,68.0,32.0,0.0,0.0,6.0,0.0,0.0,127.86318972056202,0.0,0.0011827913048421124,127.86318972056202,127.86437251186686,0.0,127.86318972056202,0.0,0.0009718622671073263,127.86318972056202,127.86416158282913,0.0,127.86318972056202,0.0,0.002051913029077923,127.86318972056202,127.8652416335911,0.0,127.86318972056202,0.0,0.0017207275646171638,127.86318972056202,127.86491044812664,0.0,-3.942637682807041e-06,-3.239540890357754e-06,-6.83971009692641e-06,-5.73575854872388e-06,1.0,1500.0,1500.0,1500.0,1500.0,,,0.0,-0.0049245398202756975,-0.005254160137959563,-0.006179891000977867,-0.007871756105754102,-0.008940862291201813,-0.010199557434070083,-0.011427537794341271,-0.013148306212886717,-0.004676102039354823,-0.005003471090726386,-0.0058933376406999916,-0.007497282934410921,-0.008539177660139386,-0.009856189340046928,-0.01097197679496813,-0.012499368108403665,1.0,100.0,100.0,100.0,100.0,100.0,100.0,100.0,100.0,100.0,100.0,100.0,100.0,100.0,100.0,100.0,100.0,0.0,4.0,4.0,4.0,0.016751975384116387,-0.0073057330776588976,-0.01369308634890825,1.0,0.0,0.0,0.0,0.0,0.0,0.0,1.0,1.0,0.0,0.0,0.0,,0.0,,0.0,,-1.0,0.0,0.0,0.0,0.0,1.0,0.0,0.0,0.0,0.0,,0.0,,259.0972865440136,0.0,259.0972865440136,1.0,,,36.0,36.0,,,,,2.0,2.0,300.0,300.0,2.0,2.0,,,,,1.0,1.0,15.0,15.0
268.56198373652717,6000.0,25.015493499988224,49.0,4.0,0.0,543.0,77,0.0,63.92401080294007,63.92401080294007,0.0007007396813735005,-0.009610181233084472,-0.05793374327660387,0.006365655536698536,0.06155440379424046,6.0,1.0,56.0,62.0,51.0,50.0,68.0,32.0,0.0,0.0,6.0,0.0,0.0,127.86318972056202,0.0,0.0011827913048421124,127.86318972056202,127.86437251186686,0.0,127.86318972056202,0.0,0.0009718622671073263,127.86318972056202,127.86416158282913,0.0,127.86318972056202,0.0,0.002051913029077923,127.86318972056202,127.8652416335911,0.0,127.86318972056202,0.0,0.0017207275646171638,127.86318972056202,127.86491044812664,0.0,-3.942637682807041e-06,-3.239540890357754e-06,-6.83971009692641e-06,-5.73575854872388e-06,1.0,1500.0,1500.0,1500.0,1500.0,,,0.0,-0.0049245398202756975,-0.005254160137959563,-0.006179891000977867,-0.007871756105754102,-0.008940862291201813,-0.010199557434070083,-0.011427537794341271,-0.013148306212886717,-0.004676102039354823,-0.005003471090726386,-0.0058933376406999916,-0.007497282934410921,-0.008539177660139386,-0.009856189340046928,-0.01097197679496813,-0.012499368108403665,1.0,100.0,100.0,100.0,100.0,100.0,100.0,100.0,100.0,100.0,100.0,100.0,100.0,100.0,100.0,100.0,100.0,0.0,4.0,4.0,4.0,0.016751975384116387,-0.0073057330776588976,-0.01369308634890825,1.0,0.0,0.0,0.0,0.0,0.0,0.0,1.0,1.0,0.0,0.0,0.0,,0.0,,0.0,,-1.0,0.0,0.0,0.0,0.0,1.0,0.0,0.0,0.0,0.0,,0.0,,268.56198373652717,0.0,268.56198373652717,1.0,,,36.0,36.0,,,,,2.0,2.0,300.0,300.0,2.0,2.0,,,,,1.0,1.0,15.0,15.0
259.09728654401357,6000.0,24.05838220001897,49.0,4.0,0.0,557.0,78,0.0,63.939178917621035,63.939178917621035,0.0007007396813735005,-0.009610181233084472,-0.05793374327660387,0.006365655536698536,0.06155440379424046,6.0,1.0,56.0,62.0,51.0,50.0,68.0,32.0,0.0,0.0,6.0,0.0,0.0,127.86318972056202,0.0,0.0011827913048421124,127.86318972056202,127.86437251186686,0.0,127.86318972056202,0.0,0.0009718622671073263,127.86318972056202,127.86416158282913,0.0,127.86318972056202,0.0,0.002051913029077923,127.86318972056202,127.8652416335911,0.0,127.86318972056202,0.0,0.0017207275646171638,127.86318972056202,127.86491044812664,0.0,-3.942637682807041e-06,-3.239540890357754e-06,-6.83971009692641e-06,-5.73575854872388e-06,1.0,1500.0,1500.0,1500.0,1500.0,,,0.0,-0.0049245398202756975,-0.005254160137959563,-0.006179891000977867,-0.007871756105754102,-0.008940862291201813,-0.010199557434070083,-0.011427537794341271,-0.013148306212886717,-0.004676102039354823,-0.005003471090726386,-0.0058933376406999916,-0.007497282934410921,-0.008539177660139386,-0.009856189340046928,-0.01097197679496813,-0.012499368108403665,1.0,100.0,100.0,100.0,100.0,100.0,100.0,100.0,100.0,100.0,100.0,100.0,100.0,100.0,100.0,100.0,100.0,0.0,4.0,4.0,4.0,0.016751975384116387,-0.0073057330776588976,-0.01369308634890825,1.0,0.0,0.0,0.0,0.0,0.0,0.0,1.0,1.0,0.0,0.0,0.0,,0.0,,0.0,,-1.0,0.0,0.0,0.0,0.0,1.0,0.0,0.0,0.0,0.0,,0.0,,259.09728654401357,0.0,259.09728654401357,1.0,,,36.0,36.0,,,,,2.0,2.0,300.0,300.0,2.0,2.0,,,,,1.0,1.0,15.0,15.0
268.5619837365271,6000.0,23.528676999965683,49.0,4.0,0.0,543.0,79,0.0,63.92401080293992,63.92401080293992,0.0007007396813735005,-0.009610181233084472,-0.05793374327660387,0.006365655536698536,0.06155440379424046,6.0,1.0,56.0,62.0,51.0,50.0,68.0,32.0,0.0,0.0,6.0,0.0,0.0,127.86318972056202,0.0,0.0011827913048421124,127.86318972056202,127.86437251186686,0.0,127.86318972056202,0.0,0.0009718622671073263,127.86318972056202,127.86416158282913,0.0,127.86318972056202,0.0,0.002051913029077923,127.86318972056202,127.8652416335911,0.0,127.86318972056202,0.0,0.0017207275646171638,127.86318972056202,127.86491044812664,0.0,-3.942637682807041e-06,-3.239540890357754e-06,-6.83971009692641e-06,-5.73575854872388e-06,1.0,1500.0,1500.0,1500.0,1500.0,,,0.0,-0.0049245398202756975,-0.005254160137959563,-0.006179891000977867,-0.007871756105754102,-0.008940862291201813,-0.010199557434070083,-0.011427537794341271,-0.013148306212886717,-0.004676102039354823,-0.005003471090726386,-0.0058933376406999916,-0.007497282934410921,-0.008539177660139386,-0.009856189340046928,-0.01097197679496813,-0.012499368108403665,1.0,100.0,100.0,100.0,100.0,100.0,100.0,100.0,100.0,100.0,100.0,100.0,100.0,100.0,100.0,100.0,100.0,0.0,4.0,4.0,4.0,0.016751975384116387,-0.0073057330776588976,-0.01369308634890825,1.0,0.0,0.0,0.0,0.0,0.0,0.0,1.0,1.0,0.0,0.0,0.0,,0.0,,0.0,,-1.0,0.0,0.0,0.0,0.0,1.0,0.0,0.0,0.0,0.0,,0.0,,268.5619837365271,0.0,268.5619837365271,1.0,,,36.0,36.0,,,,,2.0,2.0,300.0,300.0,2.0,2.0,,,,,1.0,1.0,15.0,15.0
