B_in,B_out,CV_boundary,MaxMin_boundary,N_P_crit,N_P_max,N_P_min,N_UF_max,N_UF_min,OverflowRatio_boundary,boundary_balance_controllable,boundary_balance_degenerate,boundary_empty_ratio,boundary_in_empty_ratio,boundary_in_load_veh,boundary_in_saturation_ratio,boundary_out_empty_ratio,boundary_out_load_veh,boundary_out_saturation_ratio,boundary_out_sink_veh,boundary_saturation_ratio,calib_fingerprint_mismatch_count,capacity_drop_active,capacity_drop_lane_loss_FW_E_last,capacity_drop_lane_loss_FW_E_seg0,capacity_drop_lane_loss_FW_E_seg1,capacity_drop_lane_loss_FW_E_seg2,capacity_drop_lane_loss_FW_E_seg3,capacity_drop_lane_loss_FW_E_seg4,capacity_drop_lane_loss_FW_E_seg5,capacity_drop_lane_loss_FW_E_seg6,capacity_drop_lane_loss_FW_E_seg7,capacity_drop_lane_loss_FW_W_last,capacity_drop_lane_loss_FW_W_seg0,capacity_drop_lane_loss_FW_W_seg1,capacity_drop_lane_loss_FW_W_seg2,capacity_drop_lane_loss_FW_W_seg3,capacity_drop_lane_loss_FW_W_seg4,capacity_drop_lane_loss_FW_W_seg5,capacity_drop_lane_loss_FW_W_seg6,capacity_drop_lane_loss_FW_W_seg7,computation_time_sec,coupling_aggregate_urban_model,coupling_freeway_substeps,coupling_movement_urban_model,coupling_nested_order_active,coupling_offramp_arrivals_accepted_veh,coupling_offramp_arrivals_rejected_veh,coupling_offramp_storage_active,coupling_offramp_storage_ttt_moved_to_freeway,coupling_onramp_sync_active,coupling_onramp_two_reservoir_active,coupling_urban_substeps,cumulative_freeway_ttt,cumulative_total_ttt,cumulative_urban_ttt,density_exceedance_count,density_projection_count,distributed_response_rollout_freeway_ttt,distributed_response_rollout_ttt,distributed_response_rollout_urban_ttt,inbound_service_veh,incident_lane_closure_active,lambda_eff_FW_E_last,lambda_eff_FW_E_seg0,lambda_eff_FW_E_seg1,lambda_eff_FW_E_seg2,lambda_eff_FW_E_seg3,lambda_eff_FW_E_seg4,lambda_eff_FW_E_seg5,lambda_eff_FW_E_seg6,lambda_eff_FW_E_seg7,lambda_eff_FW_W_last,lambda_eff_FW_W_seg0,lambda_eff_FW_W_seg1,lambda_eff_FW_W_seg2,lambda_eff_FW_W_seg3,lambda_eff_FW_W_seg4,lambda_eff_FW_W_seg5,lambda_eff_FW_W_seg6,lambda_eff_FW_W_seg7,leader_base_accumulation,leader_beta_hat,leader_boundary_in_queue_penalty,leader_boundary_in_queue_veh,leader_boundary_leg_excluded_veh,leader_candidate_best_N_P_star,leader_candidate_best_N_UF_star,leader_candidate_best_index,leader_candidate_best_intent_N_P_star,leader_candidate_best_intent_N_UF_star,leader_candidate_best_objective,leader_candidate_best_projected_N_P_star,leader_candidate_best_realized_N_P_star,leader_candidate_best_realized_N_UF_star,leader_candidate_best_stage_coarse,leader_candidate_best_stage_fallback,leader_candidate_best_stage_refined,leader_candidate_coarse_count,leader_candidate_coarse_evaluated_count,leader_candidate_coarse_global,leader_candidate_coarse_local,leader_candidate_count,leader_candidate_follower_early_terminated_candidates,leader_candidate_follower_early_terminated_candidates_total,leader_candidate_full_evaluated_count,leader_candidate_global_refresh,leader_candidate_incumbent_active,leader_candidate_incumbent_any_active,leader_candidate_incumbent_objective,leader_candidate_intent_N_P_star,leader_candidate_intent_N_UF_star,leader_candidate_objective_gap,leader_candidate_objective_spread,leader_candidate_parallel_backend_process,leader_candidate_parallel_backend_serial,leader_candidate_parallel_backend_thread,leader_candidate_parallel_workers,leader_candidate_prefilter_active,leader_candidate_prefilter_scope_global,leader_candidate_prefilter_scope_local,leader_candidate_prefilter_selected_count,leader_candidate_prefilter_top_k,leader_candidate_process_pool_reuse_enabled,leader_candidate_process_pool_reused_existing,leader_candidate_projected_N_P_star,leader_candidate_proxy_best_index,leader_candidate_proxy_best_objective,leader_candidate_proxy_evaluated_count,leader_candidate_proxy_objective_gap,leader_candidate_proxy_objective_spread,leader_candidate_proxy_second_index,leader_candidate_proxy_second_objective,leader_candidate_raw_N_P_star,leader_candidate_raw_N_UF_star,leader_candidate_realized_N_P_star,leader_candidate_realized_N_UF_star,leader_candidate_refined_count,leader_candidate_refined_evaluated_count,leader_candidate_refined_prefilter_active,leader_candidate_refined_prefilter_scope_global,leader_candidate_refined_prefilter_scope_local,leader_candidate_refined_prefilter_selected_count,leader_candidate_refined_prefilter_top_k,leader_candidate_refined_proxy_best_index,leader_candidate_refined_proxy_best_objective,leader_candidate_refined_proxy_evaluated_count,leader_candidate_refined_proxy_objective_gap,leader_candidate_refined_proxy_objective_spread,leader_candidate_refined_proxy_second_index,leader_candidate_refined_proxy_second_objective,leader_candidate_refinement_active,leader_candidate_second_N_P_star,leader_candidate_second_N_UF_star,leader_candidate_second_index,leader_candidate_second_intent_N_P_star,leader_candidate_second_intent_N_UF_star,leader_candidate_second_objective,leader_candidate_second_projected_N_P_star,leader_candidate_second_realized_N_P_star,leader_candidate_second_realized_N_UF_star,leader_candidate_second_stage_coarse,leader_candidate_second_stage_fallback,leader_candidate_second_stage_refined,leader_candidate_solver_N_P_star,leader_candidate_solver_N_UF_star,leader_candidate_wu_metered_serial_override,leader_density_effective_lane_weight_count,leader_density_excess,leader_density_penalty,leader_fallback_best_completed_proxy_veh,leader_fallback_best_objective,leader_fallback_best_stage_no_control,leader_fallback_best_stage_pfo,leader_fallback_best_terminal_proxy_veh,leader_fallback_candidate_count,leader_fallback_enabled,leader_fallback_evaluated_count,leader_fallback_guard_active,leader_fallback_guard_beta_applied,leader_fallback_guard_beta_hat,leader_fallback_guard_completed_severe,leader_fallback_guard_completed_worse,leader_fallback_guard_fallback_completed_proxy_veh,leader_fallback_guard_fallback_objective,leader_fallback_guard_fallback_rollout_ttt,leader_fallback_guard_fallback_terminal_proxy_veh,leader_fallback_guard_insufficient_gain,leader_fallback_guard_leader_completed_proxy_veh,leader_fallback_guard_leader_objective,leader_fallback_guard_leader_rollout_ttt,leader_fallback_guard_leader_rollout_ttt_beta,leader_fallback_guard_leader_terminal_proxy_veh,leader_fallback_guard_metric_ttt,leader_fallback_guard_objective_gain,leader_fallback_guard_objective_worse,leader_fallback_guard_rejected_leader,leader_fallback_guard_required_gain,leader_fallback_guard_selected,leader_fallback_guard_selected_no_control,leader_fallback_guard_selected_pfo,leader_fallback_guard_terminal_severe,leader_fallback_guard_terminal_worse,leader_fallback_guard_ttt_worse,leader_fallback_incumbent_objective,leader_fallback_incumbent_seed_active,leader_fallback_pfo_completed_proxy_veh,leader_fallback_pfo_objective,leader_fallback_pfo_terminal_proxy_veh,leader_follower_response_objective_used,leader_follower_ttt_base,leader_forecast_boundary_first_veh_h,leader_forecast_boundary_future_mean_veh_h,leader_forecast_boundary_peak_veh_h,leader_forecast_mainline_first_veh_h,leader_forecast_mainline_future_mean_veh_h,leader_forecast_mainline_peak_veh_h,leader_forecast_ramp_first_veh_h,leader_forecast_ramp_future_mean_veh_h,leader_forecast_ramp_peak_veh_h,leader_forecast_steps,leader_forecast_total_first_veh_h,leader_forecast_total_future_mean_veh_h,leader_forecast_total_peak_veh_h,leader_intent_N_P_star,leader_intent_N_UF_star,leader_lambda_np_committed,leader_lambda_uf_committed,leader_mfd_boundary_queue_capacity_veh,leader_mfd_link_excess_veh,leader_mfd_movement_excess_veh,leader_mfd_penalty_mode_all_urban_halfcap,leader_mfd_penalty_mode_protected_exceed,leader_mfd_storage_excess_veh,leader_mfd_storage_penalty,leader_mfd_storage_threshold_ratio,leader_nonconvergence_control_residual_component,leader_nonconvergence_obj_residual_component,leader_nonconvergence_penalty,leader_np_bound_lower,leader_np_bound_upper,leader_np_capacity_lower,leader_np_capacity_max_net_flow_veh_h,leader_np_capacity_min_net_flow_veh_h,leader_np_capacity_upper,leader_np_feasible_horizon_h,leader_np_feasible_predictor_mode_code,leader_np_feasible_sigma_max_veh,leader_np_feasible_sigma_min_veh,leader_np_follower_feasible_max,leader_np_follower_feasible_min,leader_np_follower_feasible_projection_active,leader_np_follower_feasible_projection_cap_mode,leader_np_follower_feasible_projection_failed,leader_np_movement_lower,leader_np_movement_lower_active,leader_np_movement_max_net_flow_veh_h,leader_np_movement_min_net_flow_veh_h,leader_np_movement_upper,leader_np_movement_upper_active,leader_np_projected_N_P_star,leader_np_projection_applied,leader_np_projection_residual,leader_np_raw_N_P_star,leader_nuf_arrival_target,leader_nuf_bound_lower,leader_nuf_bound_upper,leader_nuf_heuristic_target,leader_nuf_omega_FW_E,leader_nuf_omega_FW_W,leader_nuf_queue_drain_target,leader_objective,leader_objective_base,leader_output_closure_applied,leader_pfo_incumbent_N_P_clipped,leader_pfo_incumbent_N_P_star,leader_pfo_incumbent_N_UF_clipped,leader_pfo_incumbent_N_UF_star,leader_pfo_incumbent_active,leader_pfo_incumbent_candidate,leader_pfo_incumbent_enabled,leader_pfo_incumbent_local_center_used,leader_pfo_incumbent_objective,leader_pfo_incumbent_raw_N_P_star,leader_pfo_incumbent_raw_N_UF_star,leader_pfo_incumbent_selected,leader_pfo_incumbent_tie_break_selected,leader_pred_horizon_ttt,leader_pred_interval_ttt,leader_projected_N_P_star,leader_ramp_queue_penalty,leader_ramp_queue_veh,leader_realized_N_P_star,leader_realized_N_UF_star,leader_realized_interval_ttt,leader_recalib_needed,leader_regret_active,leader_regret_forced_commit,leader_regret_gap,leader_regret_incumbent_pred_interval_ttt,leader_regret_window_len,leader_response_N_P_star_projection_residual,leader_response_N_P_star_realization_residual,leader_response_N_UF_star_realization_residual,leader_response_closure_applied,leader_response_closure_changed_N_P,leader_response_closure_use_rollout_objective,leader_response_net_inflow_source_allocation_projected,leader_response_net_inflow_source_distributed_projected,leader_response_net_inflow_source_leader_realized,leader_response_net_inflow_source_none,leader_response_net_inflow_source_projected_only,leader_response_net_inflow_source_wu_projected,leader_response_net_inflow_source_wu_sum_nin,leader_response_proxy_state_count,leader_rollout_objective_base_used,leader_rollout_prediction_used,leader_search_demand_stress,leader_search_density_stress,leader_search_incident_stress,leader_search_mode_continuous,leader_search_mode_grid,leader_search_ramp_queue_stress,leader_search_stress_index,leader_search_urban_storage_stress,leader_selected_N_P_star,leader_selected_N_UF_star,leader_selected_intent_N_P_star,leader_selected_intent_N_UF_star,leader_selected_objective,leader_selected_projected_N_P_star,leader_selected_realized_N_P_star,leader_selected_realized_N_UF_star,leader_selected_stage_coarse,leader_selected_stage_fallback,leader_selected_stage_fallback_no_control,leader_selected_stage_fallback_pfo,leader_selected_stage_refined,leader_smoothness_penalty,leader_solver_N_P_star,leader_solver_N_UF_star,leader_state_accumulation_base,leader_target_penalty,leader_total_objective,mainline_exit_flow_total,mainline_origin_queue_total_veh,mean_ramp_receiving_factor,mean_segment_flow,metering_over_release_flow,metering_shortfall_flow,metering_target_infeasible,movement_queue_model_active,movement_queue_projection_protected_veh,movement_queue_projection_veh,nash_converged,nash_iterations,nash_residual_control,nash_residual_objective,net_inflow,net_inflow_target,net_inflow_tracking_error,nuf_target_flow,offramp_blocked_flow_FW_E,offramp_blocked_flow_FW_W,offramp_blocked_flow_OR_D_E,offramp_blocked_flow_OR_D_W,offramp_blocked_flow_OR_F_E,offramp_blocked_flow_OR_F_W,offramp_blocked_flow_total,offramp_departures_OR_D_E_veh,offramp_departures_OR_D_W_veh,offramp_departures_OR_F_E_veh,offramp_departures_OR_F_W_veh,offramp_departures_veh,offramp_flow_FW_E,offramp_flow_FW_W,offramp_flow_OR_D_E,offramp_flow_OR_D_W,offramp_flow_OR_F_E,offramp_flow_OR_F_W,offramp_flow_total,offramp_occupancy_ratio_OR_D_E,offramp_occupancy_ratio_OR_D_W,offramp_occupancy_ratio_OR_F_E,offramp_occupancy_ratio_OR_F_W,offramp_storage_binding,offramp_storage_occupancy_veh,offramp_storage_ttt,onramp_approach_queue_veh,onramp_arrivals_veh,onramp_green_release_request_veh,onramp_green_release_shortfall_veh,onramp_green_releases_veh,onramp_two_reservoir_active,outbound_service_veh,queue_overflow_count,ramp_metering_release_actual_R_D_E_veh,ramp_metering_release_actual_R_D_W_veh,ramp_metering_release_actual_R_F_E_veh,ramp_metering_release_actual_R_F_W_veh,ramp_metering_release_request_R_D_E_veh,ramp_metering_release_request_R_D_W_veh,ramp_metering_release_request_R_F_E_veh,ramp_metering_release_request_R_F_W_veh,ramp_metering_release_request_veh,ramp_metering_release_shortfall_R_D_E_veh,ramp_metering_release_shortfall_R_D_W_veh,ramp_metering_release_shortfall_R_F_E_veh,ramp_metering_release_shortfall_R_F_W_veh,ramp_metering_release_shortfall_veh,ramp_metering_releases_veh,ramp_queue_overflow_count,ramp_queue_veh,speed_projection_count,step,step_freeway_ttt,step_total_ttt,step_urban_ttt,time_sec,total_metering_error,total_metering_flow,total_no_meter_flow,total_ramp_queue_end_veh,total_ramp_queue_start_veh,urban_accumulation_abs_error_veh,urban_accumulation_error_veh,urban_accumulation_initial_error_veh,urban_accumulation_initial_veh,urban_accumulation_mean_veh,urban_accumulation_target_disabled,urban_accumulation_target_veh,urban_accumulation_veh,urban_demand_arrivals_veh,urban_gate_inflow_veh,urban_link_occupancy_veh,urban_net_inflow_original_target_veh,urban_net_inflow_target_veh,urban_net_inflow_target_veh_h,urban_net_inflow_tracking_error_veh_h,urban_storage_active,urban_storage_occupancy,urban_substep_active,urban_total_departures_veh,urban_total_vehicles_veh,urban_uncontrolled_node_movement_queue_veh,urban_uncontrolled_node_storage_occupancy_veh,urban_uncontrolled_node_ttt,urban_uncontrolled_node_vehicles_veh,wu_b2_price_A,wu_b2_price_B,wu_b2_price_C,wu_b2_price_D,wu_b2_price_F,wu_b2_price_delta_sec,wu_b2_price_enabled,wu_b2_price_ref_A,wu_b2_price_ref_B,wu_b2_price_ref_C,wu_b2_price_ref_D,wu_b2_price_ref_F,wu_b2_price_refresh_count,wu_b2_price_refreshed,wu_b2_price_skipped,wu_b2_price_trust_sec,wu_b3_cliff_both_FW_E,wu_b3_cliff_both_FW_W,wu_b3_meter_fd3_R_D_E_base,wu_b3_meter_fd3_R_D_E_cliffup,wu_b3_meter_fd3_R_D_E_curv,wu_b3_meter_fd3_R_D_E_hi,wu_b3_meter_fd3_R_D_E_lo,wu_b3_meter_fd3_R_D_E_nonlin,wu_b3_meter_fd3_R_D_W_base,wu_b3_meter_fd3_R_D_W_cliffup,wu_b3_meter_fd3_R_D_W_curv,wu_b3_meter_fd3_R_D_W_hi,wu_b3_meter_fd3_R_D_W_lo,wu_b3_meter_fd3_R_D_W_nonlin,wu_b3_meter_fd3_R_F_E_base,wu_b3_meter_fd3_R_F_E_cliffup,wu_b3_meter_fd3_R_F_E_curv,wu_b3_meter_fd3_R_F_E_hi,wu_b3_meter_fd3_R_F_E_lo,wu_b3_meter_fd3_R_F_E_nonlin,wu_b3_meter_fd3_R_F_W_base,wu_b3_meter_fd3_R_F_W_cliffup,wu_b3_meter_fd3_R_F_W_curv,wu_b3_meter_fd3_R_F_W_hi,wu_b3_meter_fd3_R_F_W_lo,wu_b3_meter_fd3_R_F_W_nonlin,wu_b3_meter_price_R_D_E,wu_b3_meter_price_R_D_W,wu_b3_meter_price_R_F_E,wu_b3_meter_price_R_F_W,wu_b3_meter_price_enabled,wu_b3_meter_price_ref_R_D_E,wu_b3_meter_price_ref_R_D_W,wu_b3_meter_price_ref_R_F_E,wu_b3_meter_price_ref_R_F_W,wu_b3_release_ratio_FW_E,wu_b3_release_ratio_FW_W,wu_b3_release_refresh,wu_b3_vsl_price_FW_E__seg0,wu_b3_vsl_price_FW_E__seg1,wu_b3_vsl_price_FW_E__seg2,wu_b3_vsl_price_FW_E__seg3,wu_b3_vsl_price_FW_E__seg4,wu_b3_vsl_price_FW_E__seg5,wu_b3_vsl_price_FW_E__seg6,wu_b3_vsl_price_FW_E__seg7,wu_b3_vsl_price_FW_W__seg0,wu_b3_vsl_price_FW_W__seg1,wu_b3_vsl_price_FW_W__seg2,wu_b3_vsl_price_FW_W__seg3,wu_b3_vsl_price_FW_W__seg4,wu_b3_vsl_price_FW_W__seg5,wu_b3_vsl_price_FW_W__seg6,wu_b3_vsl_price_FW_W__seg7,wu_b3_vsl_price_enabled,wu_b3_vsl_price_ref_FW_E__seg0,wu_b3_vsl_price_ref_FW_E__seg1,wu_b3_vsl_price_ref_FW_E__seg2,wu_b3_vsl_price_ref_FW_E__seg3,wu_b3_vsl_price_ref_FW_E__seg4,wu_b3_vsl_price_ref_FW_E__seg5,wu_b3_vsl_price_ref_FW_E__seg6,wu_b3_vsl_price_ref_FW_E__seg7,wu_b3_vsl_price_ref_FW_W__seg0,wu_b3_vsl_price_ref_FW_W__seg1,wu_b3_vsl_price_ref_FW_W__seg2,wu_b3_vsl_price_ref_FW_W__seg3,wu_b3_vsl_price_ref_FW_W__seg4,wu_b3_vsl_price_ref_FW_W__seg5,wu_b3_vsl_price_ref_FW_W__seg6,wu_b3_vsl_price_ref_FW_W__seg7,wu_b3cert_R_D_E,wu_b3cert_R_D_W,wu_b3cert_R_F_E,wu_b3cert_R_F_W,wu_b4_barrier_enabled,wu_f3_offset_inner_iters_A,wu_f3_offset_inner_iters_B,wu_f3_offset_inner_iters_C,wu_f3_offset_price_A,wu_f3_offset_price_B,wu_f3_offset_price_C,wu_f3_offset_price_enabled,wu_f3_offset_ref_A,wu_f3_offset_ref_B,wu_f3_offset_ref_C,wu_f3_offset_walk_from_A,wu_f3_offset_walk_from_B,wu_f3_offset_walk_from_C,wu_faithful_follower_active,wu_faithful_lambda_P,wu_faithful_lambda_next,wu_faithful_local_evals,wu_faithful_np_bias_ratio,wu_faithful_np_cand_lambda,wu_faithful_np_cand_lambda_applied,wu_faithful_np_feasible_max,wu_faithful_np_feasible_max_veh,wu_faithful_np_feasible_min,wu_faithful_np_feasible_min_veh,wu_faithful_np_original_target,wu_faithful_np_original_target_veh,wu_faithful_np_pd_exit,wu_faithful_np_pd_iters,wu_faithful_np_pd_lam_entry,wu_faithful_np_pd_residual,wu_faithful_np_predictor_current_interval,wu_faithful_np_predictor_legacy,wu_faithful_np_predictor_mode_code,wu_faithful_np_predictor_phase_substep,wu_faithful_np_predictor_storage_aware,wu_faithful_np_projected_target,wu_faithful_np_projected_target_veh,wu_faithful_np_projection_residual,wu_faithful_np_realized_sum_nin_veh,wu_faithful_np_sum_nin,wu_faithful_np_target,wu_faithful_np_target_error,wu_faithful_offset_evals,wu_faithful_offset_ttt_off,wu_faithful_offset_ttt_on,wu_faithful_offsets_off_zero,wu_faithful_offsets_searched_off_zero,wu_faithful_solve_time_sec,wu_faithful_sum_nin,wu_price_rollout_count,wu_seg13_active,wu_seg13_budget_FW_E,wu_seg13_budget_FW_W,wu_seg13_evals_FW_E,wu_seg13_evals_FW_W,wu_seg13_floor_alpha_FW_E,wu_seg13_floor_alpha_FW_W,wu_seg13_floor_cong_FW_E,wu_seg13_floor_cong_FW_W,wu_seg13_meter_box_edge_FW_E,wu_seg13_meter_box_edge_FW_W,wu_seg13_meter_box_r_FW_E,wu_seg13_meter_box_r_FW_W,wu_seg13_meter_box_total_FW_E,wu_seg13_meter_box_total_FW_W,wu_seg13_postsplit_FW_E,wu_seg13_postsplit_FW_W,wu_seg13_presplit_FW_E,wu_seg13_presplit_FW_W,wu_seg13_traj_used_FW_E,wu_seg13_traj_used_FW_W,wu_seg13_vsl_box_r_FW_E,wu_seg13_vsl_box_r_FW_W
0.10906752279580667,0.0006760411032990521,1.1415903434918246,6.666666666666665,,,,,,0.0,1.0,0.0,0.42857142857142855,0.42857142857142855,23.333333333333332,0.0,0.0,10.033333333333335,0.0,96.60987959841991,0.0,,1.0,0.0,0.0,0.0,0.001993419343210253,0.0,0.004680818906775593,0.0,0.0,0.0,0.0,0.0,0.0,0.0019147547951679684,0.0,0.00460538280629092,0.0,0.0,0.0,1.2300006346777081e-05,0.0,18.0,1.0,1.0,77.44320474743706,0.0,1.0,0.26351360936798196,1.0,1.0,36.0,8.850935799227075,18.217474009143395,9.366538209916317,0.0,0.0,,,,305.3078493408329,0.0,2.0,2.0,2.0,1.9980065806567897,2.0,1.9953191810932245,2.0,2.0,2.0,2.0,2.0,2.0,1.9980852452048319,2.0,1.995394617193709,2.0,2.0,2.0,,,,,,,,,,,,,,,,,,,,,,,,,,,,,,,,,,,,,,,,,,,,,,,,,,,,,,,,,,,,,,,,,,,,,,,,,,,,,,,,,,,,,,,,,,,,,,,,,,,,,,,,,,,,,,,,,,,,,,,,,,,,,,,,,,,,,,,,,,,,,,,,,,,,,,,,,,,,,,,,,,,,,,,,,,,,,,,,,,,,,,,,,,,,,,,,,,,,,,,,,,,,,,,,,,,,,,,,,,,,,,,,,,,,,,,,,,,,,,,,,,,,,,,,,,,,,,,,,,,,,,,,5361.210895562345,0.0,1.0,1995.2157478304507,1681.6944444444443,0.0,0.0,1.0,0.0,0.0,,,,,3493.9061681707476,0.0,3493.9061681707476,0.0,0.0,0.0,0.0,0.0,0.0,0.0,0.0,16.284402374481665,16.02813812863588,21.425405084822298,21.153237086226415,74.89118267416626,780.4184970911176,768.445597857624,335.7928548576004,330.1827911508506,444.6256422335171,438.2628067067733,1548.8640949487415,0.01689795133551088,0.0165767989705181,0.02567099330772013,0.025478641400959595,0.0,0.0,0.0,10.033333333333335,60.2,85.97395833333333,0.0,85.97395833333333,1.0,130.61254093229547,0.0,21.12083333333333,19.99305555555555,22.049305555555556,20.92152777777778,21.12083333333333,19.99305555555555,22.049305555555556,20.92152777777778,84.08472222222221,0.0,0.0,0.0,0.0,0.0,84.08472222222221,0.0,1.8892361111111113,0.0,0,8.850935799227075,18.217474009143395,9.366538209916317,180.0,1681.6944444444443,1681.6944444444443,1681.6944444444443,1.8892361111111113,0.0,0.0,0.0,0.0,172.9269006319688,133.55750030943747,1.0,0.0,172.89067807574673,113.75,213.95833333333331,146.70144196463568,,0.0,0.0,3493.9061681707476,1.0,146.70144196463568,1.0,492.49039648320155,206.25734474241347,0.0,82.87190463834713,2.260688865815128,82.87190463834713,,,,,,,,,,,,,,,,,,,,,,,,,,,,,,,,,,,,,,,,,,,,,,,,,,,,,,,,,,,,,,,,,,,,,,,,,,,,,,,,,,,,,,,,,,,,,,,,,,,,,,,,,,,,,,,,,,,,,,,,,,,,,,,,,,,,,,,,,,,,,,,,,,,,,,,,,,,,,,,,,,,,,
0.19428571428571434,0.0009328734074558476,0.8021699918407383,5.416666666666668,,,,,,0.0,0.0,1.0,0.5714285714285714,0.5714285714285714,14.583333333333336,0.0,0.0,14.654644097222222,0.0,130.35021775933558,0.0,,1.0,0.0,0.0,0.0,0.001326198690855534,0.0,0.002540754040239087,0.0,0.0,0.0,0.0,0.0,0.0,0.0012020019905309987,0.0,0.0022799002208213994,0.0,0.0,0.0,1.1600001016631722e-05,0.0,18.0,1.0,1.0,40.575193834958846,0.0,1.0,0.26493098499999257,1.0,1.0,36.0,14.258076090746542,33.25871662973969,19.000640538993146,0.0,0.0,,,,150.0287015536414,0.0,2.0,2.0,2.0,1.9986738013091445,2.0,1.997459245959761,2.0,2.0,2.0,2.0,2.0,2.0,1.998797998009469,2.0,1.9977200997791786,2.0,2.0,2.0,,,,,,,,,,,,,,,,,,,,,,,,,,,,,,,,,,,,,,,,,,,,,,,,,,,,,,,,,,,,,,,,,,,,,,,,,,,,,,,,,,,,,,,,,,,,,,,,,,,,,,,,,,,,,,,,,,,,,,,,,,,,,,,,,,,,,,,,,,,,,,,,,,,,,,,,,,,,,,,,,,,,,,,,,,,,,,,,,,,,,,,,,,,,,,,,,,,,,,,,,,,,,,,,,,,,,,,,,,,,,,,,,,,,,,,,,,,,,,,,,,,,,,,,,,,,,,,,,,,,,,,,3170.2746371173557,0.0,1.0,1182.5766842496148,1898.844196524756,0.0,0.0,1.0,0.0,0.0,,,,,-1086.3483817129595,0.0,1086.3483817129595,0.0,0.0,0.0,0.0,0.0,0.0,0.0,0.0,5.817292065388919,5.54000000955476,8.294598615526157,7.8768108631715865,27.528701553641422,416.08244429698675,395.4214324021898,173.66642561752312,165.38742038074136,242.41601867946363,230.03401202144843,811.5038766991765,0.018971249722137,0.018057701659094063,0.02610992391295075,0.024701387697576224,0.0,13.206223474147293,0.018341977047426797,14.654644097222222,60.2,95.43800283673778,0.0,95.43800283673778,1.0,204.34612063928938,0.0,23.86386792341945,22.463867923419446,25.007236989699457,23.607236989699455,23.86386792341945,22.463867923419446,25.007236989699457,23.607236989699455,94.94220982623781,0.0,0.0,0.0,0.0,0.0,94.94220982623781,0.0,2.385029121611087,0.0,1,5.4071402915194655,15.041242620596293,9.634102329076828,360.0,1898.844196524756,1898.844196524756,1898.844196524756,2.385029121611087,1.8892361111111111,0.0,0.0,0.0,153.4054647825915,173.96240236453576,1.0,0.0,152.70984826942535,113.75,109.58333333333334,124.77469508893799,,0.0,0.0,1086.3483817129595,1.0,124.77469508893799,1.0,508.47408768431393,181.94782569998097,0.0,58.80235766109601,3.761175825888004,58.80235766109601,,,,,,,,,,,,,,,,,,,,,,,,,,,,,,,,,,,,,,,,,,,,,,,,,,,,,,,,,,,,,,,,,,,,,,,,,,,,,,,,,,,,,,,,,,,,,,,,,,,,,,,,,,,,,,,,,,,,,,,,,,,,,,,,,,,,,,,,,,,,,,,,,,,,,,,,,,,,,,,,,,,,,
0.10906752279580667,0.0003549112316720837,0.7212151762466982,6.666666666666665,,,,,,0.0,1.0,0.0,0.42857142857142855,0.42857142857142855,23.333333333333332,0.0,0.0,13.153044347188924,0.0,134.66900087229493,0.0,,1.0,0.0,0.0,0.0,0.0006517451419517157,0.0,0.0011015033438958291,0.0,0.0,0.0,0.0,0.0,0.0,0.0005905576206657326,0.0,0.0009874132543948126,0.0,0.0,0.0,1.3999990187585354e-05,0.0,18.0,1.0,1.0,39.755386080522015,0.0,1.0,0.12730106780220762,1.0,1.0,36.0,19.327555008460795,46.87782866096974,27.550273652508945,0.0,0.0,,,,158.16169588842783,0.0,2.0,2.0,2.0,1.9993482548580483,2.0,1.9988984966561043,2.0,2.0,2.0,2.0,2.0,2.0,1.999409442379334,2.0,1.9990125867456052,2.0,2.0,2.0,,,,,,,,,,,,,,,,,,,,,,,,,,,,,,,,,,,,,,,,,,,,,,,,,,,,,,,,,,,,,,,,,,,,,,,,,,,,,,,,,,,,,,,,,,,,,,,,,,,,,,,,,,,,,,,,,,,,,,,,,,,,,,,,,,,,,,,,,,,,,,,,,,,,,,,,,,,,,,,,,,,,,,,,,,,,,,,,,,,,,,,,,,,,,,,,,,,,,,,,,,,,,,,,,,,,,,,,,,,,,,,,,,,,,,,,,,,,,,,,,,,,,,,,,,,,,,,,,,,,,,,,2845.0381832923285,0.0,1.0,1133.3207358054515,1902.33471958361,0.0,0.0,1.0,0.0,0.0,,,,,-842.7305666027496,0.0,842.7305666027496,0.0,0.0,0.0,0.0,0.0,0.0,0.0,0.0,11.550259010629034,11.000252761691058,15.71223452887909,14.89894958722865,53.16169588842783,407.7878901572934,387.3198314531466,173.46254288305514,165.20155569370434,234.32534727423828,222.11827575944224,795.10772161044,0.009399271553691493,0.008945390929864773,0.012090490856636939,0.011426830272855466,0.0,0.0,0.0,13.153044347188924,60.2,94.69064579209807,0.0,94.69064579209807,1.0,200.2982242185653,0.0,23.748482611583338,22.348482611583336,25.209885378006916,23.809885378006918,23.748482611583338,22.348482611583336,25.209885378006916,23.809885378006918,95.1167359791805,0.0,0.0,0.0,0.0,0.0,95.1167359791805,0.0,1.9589389345286468,0.0,2,5.069478917714252,13.619112031230053,8.5496331135158,540.0,1902.33471958361,1902.33471958361,1902.33471958361,1.9589389345286468,2.385029121611087,0.0,0.0,0.0,143.4971368567531,150.74599081514563,1.0,0.0,143.2134972434921,113.75,98.54166666666667,113.16751413011653,,0.0,0.0,842.7305666027496,1.0,113.16751413011653,1.0,472.51902744079933,179.6998749240144,0.0,53.68290783645213,2.7608028890533403,53.68290783645213,,,,,,,,,,,,,,,,,,,,,,,,,,,,,,,,,,,,,,,,,,,,,,,,,,,,,,,,,,,,,,,,,,,,,,,,,,,,,,,,,,,,,,,,,,,,,,,,,,,,,,,,,,,,,,,,,,,,,,,,,,,,,,,,,,,,,,,,,,,,,,,,,,,,,,,,,,,,,,,,,,,,,
0.19428571428571434,0.0008454791543181517,0.7956103275389759,5.416666666666668,,,,,,0.0,0.0,1.0,0.5714285714285714,0.5714285714285714,14.583333333333336,0.0,0.0,15.338573818135442,0.0,119.01706492176947,0.0,,1.0,0.0,0.0,0.0,0.0013065420034800033,0.0,0.0021911219563765455,0.0,0.0,0.0,0.0,0.0,0.0,0.0011838839917652406,0.0,0.001958587120214005,0.0,0.0,0.0,1.4699995517730713e-05,0.0,18.0,1.0,1.0,39.74966201944982,0.0,1.0,0.25191261666956094,1.0,1.0,36.0,24.497190489833095,60.16777010847516,35.670579618642066,0.0,0.0,,,,148.9633873206056,0.0,2.0,2.0,2.0,1.99869345799652,2.0,1.9978088780436234,2.0,2.0,2.0,2.0,2.0,2.0,1.9988161160082347,2.0,1.998041412879786,2.0,2.0,2.0,,,,,,,,,,,,,,,,,,,,,,,,,,,,,,,,,,,,,,,,,,,,,,,,,,,,,,,,,,,,,,,,,,,,,,,,,,,,,,,,,,,,,,,,,,,,,,,,,,,,,,,,,,,,,,,,,,,,,,,,,,,,,,,,,,,,,,,,,,,,,,,,,,,,,,,,,,,,,,,,,,,,,,,,,,,,,,,,,,,,,,,,,,,,,,,,,,,,,,,,,,,,,,,,,,,,,,,,,,,,,,,,,,,,,,,,,,,,,,,,,,,,,,,,,,,,,,,,,,,,,,,,2793.7157991780205,0.0,1.0,1126.1381026621361,1889.8828204901754,0.0,0.0,1.0,0.0,0.0,,,,,-860.6306747608278,0.0,860.6306747608278,0.0,0.0,0.0,0.0,0.0,0.0,0.0,0.0,5.775432152711595,5.500404542049864,7.79720585644103,7.390344769403134,26.463387320605623,407.7206970756846,387.27254331331153,173.14829312546698,164.9032765735197,234.57240395021765,222.36926673979184,794.9932403889961,0.01882096615889894,0.017912328894182757,0.024163998109742547,0.022802772381522642,0.0,13.192738592675816,0.01832324804538308,15.338573818135442,60.2,94.9600703670955,0.0,94.9600703670955,1.0,191.99492105864698,0.0,23.800700728881296,22.400700728881297,24.84636978337309,23.44636978337309,23.800700728881296,22.400700728881297,24.84636978337309,23.44636978337309,94.49414102450878,0.0,0.0,0.0,0.0,0.0,94.49414102450878,0.0,2.4248682771153707,0.0,3,5.169635481372298,13.28994144750542,8.120305966133122,720.0,1889.8828204901754,1889.8828204901754,1889.8828204901754,2.4248682771153707,1.9589389345286468,0.0,0.0,0.0,135.95651963949507,144.02899938536288,1.0,0.0,136.21421980428516,113.75,109.58333333333334,112.47783932981986,,0.0,0.0,860.6306747608278,1.0,112.47783932981986,1.0,454.3148765306832,166.136126955754,0.0,54.91533045762708,2.802247326437695,54.91533045762708,,,,,,,,,,,,,,,,,,,,,,,,,,,,,,,,,,,,,,,,,,,,,,,,,,,,,,,,,,,,,,,,,,,,,,,,,,,,,,,,,,,,,,,,,,,,,,,,,,,,,,,,,,,,,,,,,,,,,,,,,,,,,,,,,,,,,,,,,,,,,,,,,,,,,,,,,,,,,,,,,,,,,
0.10906752279580667,0.0003619680034273598,0.714003452539298,6.666666666666665,,,,,,0.0,1.0,0.0,0.42857142857142855,0.42857142857142855,23.333333333333332,0.0,0.0,13.025910929278144,0.0,122.17203124730962,0.0,,1.0,0.0,0.0,0.0,0.0006529431692464301,0.0,0.001084197141613588,0.0,0.0,0.0,0.0,0.0,0.0,0.0005916440349646754,0.0,0.0009686422700450552,0.0,0.0,0.0,1.759998849593103e-05,0.0,18.0,1.0,1.0,39.45983981025125,0.0,1.0,0.12666420663008404,1.0,1.0,36.0,29.49877036660951,73.38667462454951,43.88790425794001,0.0,0.0,,,,157.76110898259847,0.0,2.0,2.0,2.0,1.9993470568307536,2.0,1.9989158028583864,2.0,2.0,2.0,2.0,2.0,2.0,1.9994083559650353,2.0,1.999031357729955,2.0,2.0,2.0,,,,,,,,,,,,,,,,,,,,,,,,,,,,,,,,,,,,,,,,,,,,,,,,,,,,,,,,,,,,,,,,,,,,,,,,,,,,,,,,,,,,,,,,,,,,,,,,,,,,,,,,,,,,,,,,,,,,,,,,,,,,,,,,,,,,,,,,,,,,,,,,,,,,,,,,,,,,,,,,,,,,,,,,,,,,,,,,,,,,,,,,,,,,,,,,,,,,,,,,,,,,,,,,,,,,,,,,,,,,,,,,,,,,,,,,,,,,,,,,,,,,,,,,,,,,,,,,,,,,,,,,2778.0771119252513,0.0,1.0,1119.0647550862057,1864.9724109960396,0.0,0.0,1.0,0.0,0.0,,,,,-577.4041242620933,0.0,577.4041242620933,0.0,0.0,0.0,0.0,0.0,0.0,0.0,0.0,11.550604257339984,11.000573003533049,15.51172098959697,14.698210732128484,52.761108982598486,404.82756708241783,384.36922912260724,173.3681361389796,165.1120458685379,231.45943094343824,219.2571832540693,789.1967962050251,0.009407997395240432,0.008953786666882334,0.012013552573731162,0.011333522648044398,0.0,0.0,0.0,13.025910929278144,60.2,92.7539166055325,0.0,92.7539166055325,1.0,186.63131519570314,0.0,23.276399586505324,21.876399586505322,24.747910688395667,23.347910688395665,23.276399586505324,21.876399586505322,24.747910688395667,23.347910688395665,93.24862054980197,0.0,0.0,0.0,0.0,0.0,93.24862054980197,0.0,1.930164332845898,0.0,4,5.001579876776415,13.218904516074353,8.217324639297939,900.0,1864.9724109960396,1864.9724109960396,1864.9724109960396,1.930164332845898,2.4248682771153707,0.0,0.0,0.0,141.9312384886974,144.62487541400236,1.0,0.0,141.56204382289778,113.75,98.54166666666667,111.9254459707638,,0.0,0.0,577.4041242620933,1.0,111.9254459707638,1.0,453.65288591063535,177.92128808550925,0.0,53.184752076892124,2.7711884239290154,53.184752076892124,,,,,,,,,,,,,,,,,,,,,,,,,,,,,,,,,,,,,,,,,,,,,,,,,,,,,,,,,,,,,,,,,,,,,,,,,,,,,,,,,,,,,,,,,,,,,,,,,,,,,,,,,,,,,,,,,,,,,,,,,,,,,,,,,,,,,,,,,,,,,,,,,,,,,,,,,,,,,,,,,,,,,
0.19428571428571434,0.0008455620136643138,0.797476681984133,5.416666666666668,,,,,,0.0,0.0,1.0,0.5714285714285714,0.5714285714285714,14.583333333333336,0.0,0.0,15.338872782836287,0.0,118.39094500177657,0.0,,1.0,0.0,0.0,0.0,0.001306004698752984,0.0,0.0021664776000078273,0.0,0.0,0.0,0.0,0.0,0.0,0.0011833961341704742,0.0,0.001935446289264453,0.0,0.0,0.0,1.1199997970834374e-05,0.0,18.0,1.0,1.0,39.65786421293257,0.0,1.0,0.2509660381515084,1.0,1.0,36.0,34.64878560088897,86.58711804831303,51.93833244742406,0.0,0.0,,,,148.87083355521085,0.0,2.0,2.0,2.0,1.9986939953012468,2.0,1.9978335223999923,2.0,2.0,2.0,2.0,2.0,2.0,1.9988166038658295,2.0,1.9980645537107355,2.0,2.0,2.0,,,,,,,,,,,,,,,,,,,,,,,,,,,,,,,,,,,,,,,,,,,,,,,,,,,,,,,,,,,,,,,,,,,,,,,,,,,,,,,,,,,,,,,,,,,,,,,,,,,,,,,,,,,,,,,,,,,,,,,,,,,,,,,,,,,,,,,,,,,,,,,,,,,,,,,,,,,,,,,,,,,,,,,,,,,,,,,,,,,,,,,,,,,,,,,,,,,,,,,,,,,,,,,,,,,,,,,,,,,,,,,,,,,,,,,,,,,,,,,,,,,,,,,,,,,,,,,,,,,,,,,,2771.6697805463064,0.0,1.0,1121.7851234864631,1883.2919132286215,0.0,0.0,1.0,0.0,0.0,,,,,-845.6744042367905,0.0,845.6744042367905,0.0,0.0,0.0,0.0,0.0,0.0,0.0,0.0,5.7749936483238145,5.499993038473761,7.751260115316336,7.344586753096971,26.370833555210883,406.79998599091823,386.35729826773337,173.13383733656525,164.8897778452492,233.66614865435298,221.46752042248417,793.1572842586515,0.018816826334015387,0.017908371788001656,0.024017935290475186,0.02265774315006953,0.0,13.180161333011036,0.018305779629181996,15.338872782836287,60.2,94.65642671889913,0.0,94.65642671889913,1.0,191.15455376705037,0.0,23.7032170394596,22.303217039459597,24.779080791255943,23.37908079125594,23.7032170394596,22.303217039459597,24.779080791255943,23.37908079125594,94.16459566143108,0.0,0.0,0.0,0.0,0.0,94.16459566143108,0.0,2.4219953903139437,0.0,5,5.150015234279463,13.200443423763513,8.05042818948405,1080.0,1883.2919132286215,1883.2919132286215,1883.2919132286215,2.4219953903139437,1.930164332845898,0.0,0.0,0.0,135.00409873750482,142.69996135295779,1.0,0.0,135.272543803874,113.75,109.58333333333334,111.81845587248833,,0.0,0.0,845.6744042367905,1.0,111.81845587248833,1.0,451.51768124093775,165.19474992004365,0.0,54.536651928918076,2.769123677924477,54.536651928918076,,,,,,,,,,,,,,,,,,,,,,,,,,,,,,,,,,,,,,,,,,,,,,,,,,,,,,,,,,,,,,,,,,,,,,,,,,,,,,,,,,,,,,,,,,,,,,,,,,,,,,,,,,,,,,,,,,,,,,,,,,,,,,,,,,,,,,,,,,,,,,,,,,,,,,,,,,,,,,,,,,,,,
0.10906752279580667,0.0003629564017753051,0.7147554295257483,6.666666666666665,,,,,,0.0,1.0,0.0,0.42857142857142855,0.42857142857142855,23.333333333333332,0.0,0.0,13.010314648378637,0.0,121.54373712253611,0.0,,1.0,0.0,0.0,0.0,0.0006530080538173068,0.0,0.0010826760301952338,0.0,0.0,0.0,0.0,0.0,0.0,0.0005917034267239885,0.0,0.0009671933182505082,0.0,0.0,0.0,1.0500021744519472e-05,0.0,18.0,1.0,1.0,39.447155329783435,0.0,1.0,0.12660479810275005,1.0,1.0,36.0,39.64680147049871,99.77770091246197,60.13089944196326,0.0,0.0,,,,157.73446729930617,0.0,2.0,2.0,2.0,1.9993469919461826,2.0,1.9989173239698046,2.0,2.0,2.0,2.0,2.0,2.0,1.999408296573276,2.0,1.9990328066817495,2.0,2.0,2.0,,,,,,,,,,,,,,,,,,,,,,,,,,,,,,,,,,,,,,,,,,,,,,,,,,,,,,,,,,,,,,,,,,,,,,,,,,,,,,,,,,,,,,,,,,,,,,,,,,,,,,,,,,,,,,,,,,,,,,,,,,,,,,,,,,,,,,,,,,,,,,,,,,,,,,,,,,,,,,,,,,,,,,,,,,,,,,,,,,,,,,,,,,,,,,,,,,,,,,,,,,,,,,,,,,,,,,,,,,,,,,,,,,,,,,,,,,,,,,,,,,,,,,,,,,,,,,,,,,,,,,,,2774.9531530170693,0.0,1.0,1118.378396049497,1862.1826012495662,0.0,0.0,1.0,0.0,0.0,,,,,-562.8949390291518,0.0,562.8949390291518,0.0,0.0,0.0,0.0,0.0,0.0,0.0,0.0,11.55003055075234,11.000028919311227,15.498876425759935,14.685531403482685,52.73446729930619,404.7003640857021,384.24274250996643,173.36650007375815,165.11052699471162,231.33386401194397,219.1322155152548,788.9431065956685,0.009408442205588986,0.008954214938763232,0.012005858378231732,0.011325780824988939,0.0,0.0,0.0,13.010314648378637,60.2,92.6172512821684,0.0,92.6172512821684,1.0,185.87921425076377,0.0,23.241693265836588,21.84169326583659,24.71287176540256,23.312871765402562,23.241693265836588,21.84169326583659,24.71287176540256,23.312871765402562,93.1091300624783,0.0,0.0,0.0,0.0,0.0,93.1091300624783,0.0,1.9301166100040452,0.0,6,4.998015869609738,13.190582864148935,8.192566994539197,1260.0,1862.1826012495662,1862.1826012495662,1862.1826012495662,1.9301166100040452,2.4219953903139437,0.0,0.0,0.0,141.73048593413256,144.15414090719958,1.0,0.0,141.3745808329325,113.75,98.54166666666667,111.79800273034027,,0.0,0.0,562.8949390291518,1.0,111.79800273034027,1.0,452.4440359962868,177.71822881464445,0.0,53.12795248396296,2.765634464408382,53.12795248396296,,,,,,,,,,,,,,,,,,,,,,,,,,,,,,,,,,,,,,,,,,,,,,,,,,,,,,,,,,,,,,,,,,,,,,,,,,,,,,,,,,,,,,,,,,,,,,,,,,,,,,,,,,,,,,,,,,,,,,,,,,,,,,,,,,,,,,,,,,,,,,,,,,,,,,,,,,,,,,,,,,,,,
0.19428571428571434,0.0008459270258628915,0.7976299475342005,5.416666666666668,,,,,,0.0,0.0,1.0,0.5714285714285714,0.5714285714285714,14.583333333333336,0.0,0.0,15.335783392491992,0.0,118.27690836302833,0.0,,1.0,0.0,0.0,0.0,0.0013060098194044053,0.0,0.0021651977355595653,0.0,0.0,0.0,0.0,0.0,0.0,0.0011834011627387397,0.0,0.0019342430537378189,0.0,0.0,0.0,1.0000017937272787e-05,0.0,18.0,1.0,1.0,39.65199388093844,0.0,1.0,0.25092019360016127,1.0,1.0,36.0,44.79547692521069,112.97172788441,68.17625095919931,0.0,0.0,,,,148.86625380111752,0.0,2.0,2.0,2.0,1.9986939901805956,2.0,1.9978348022644405,2.0,2.0,2.0,2.0,2.0,2.0,1.9988165988372613,2.0,1.9980657569462623,2.0,2.0,2.0,,,,,,,,,,,,,,,,,,,,,,,,,,,,,,,,,,,,,,,,,,,,,,,,,,,,,,,,,,,,,,,,,,,,,,,,,,,,,,,,,,,,,,,,,,,,,,,,,,,,,,,,,,,,,,,,,,,,,,,,,,,,,,,,,,,,,,,,,,,,,,,,,,,,,,,,,,,,,,,,,,,,,,,,,,,,,,,,,,,,,,,,,,,,,,,,,,,,,,,,,,,,,,,,,,,,,,,,,,,,,,,,,,,,,,,,,,,,,,,,,,,,,,,,,,,,,,,,,,,,,,,,2770.4290205170414,0.0,1.0,1121.5139032448924,1882.4869830569,0.0,0.0,1.0,0.0,0.0,,,,,-842.4645224370629,0.0,842.4645224370629,0.0,0.0,0.0,0.0,0.0,0.0,0.0,0.0,5.775001401718669,5.500001325229356,7.748959110133297,7.342291964036226,26.366253801117548,406.7411850507391,386.2986925680297,173.1337068715489,164.8896645860251,233.60747817919022,221.4090279820046,793.0398776187689,0.01881683345215164,0.01790838132533457,0.024010758409526028,0.022650618104163748,0.0,13.1787636204607,0.018303838361750972,15.335783392491992,60.2,94.61641604184024,0.0,94.61641604184024,1.0,190.98947992297067,0.0,23.692683191575057,22.292683191575055,24.769491384847452,23.36949138484745,23.692683191575057,22.292683191575055,24.769491384847452,23.36949138484745,94.12434915284501,0.0,0.0,0.0,0.0,0.0,94.12434915284501,0.0,2.4221834989992703,0.0,7,5.148675454711985,13.194026971948038,8.045351517236053,1440.0,1882.4869830569,1882.4869830569,1882.4869830569,2.4221834989992703,1.9301166100040452,0.0,0.0,0.0,134.95377992388745,142.6047829197851,1.0,0.0,135.2220414850672,113.75,109.58333333333334,111.78293857073541,,0.0,0.0,842.4645224370629,1.0,111.78293857073541,1.0,451.24121018043775,165.14115821089248,0.0,54.52075255127542,2.767658202962851,54.52075255127542,,,,,,,,,,,,,,,,,,,,,,,,,,,,,,,,,,,,,,,,,,,,,,,,,,,,,,,,,,,,,,,,,,,,,,,,,,,,,,,,,,,,,,,,,,,,,,,,,,,,,,,,,,,,,,,,,,,,,,,,,,,,,,,,,,,,,,,,,,,,,,,,,,,,,,,,,,,,,,,,,,,,,
0.10906752279580667,0.0003630213221689216,0.7148335375240016,6.666666666666665,,,,,,0.0,1.0,0.0,0.42857142857142855,0.42857142857142855,23.333333333333332,0.0,0.0,13.00924466879318,0.0,121.51212866276434,0.0,,1.0,0.0,0.0,0.0,0.0006530049252970985,0.0,0.0010825647007116387,0.0,0.0,0.0,0.0,0.0,0.0,0.0005917005974689236,0.0,0.0009670892964824077,0.0,0.0,0.0,1.069999416358769e-05,0.0,18.0,1.0,1.0,39.44619713450185,0.0,1.0,0.1265992747818523,1.0,1.0,36.0,49.79324498152384,126.16051002983272,76.36726504830888,0.0,0.0,,,,157.73197703906783,0.0,2.0,2.0,2.0,1.9993469950747027,2.0,1.9989174352992884,2.0,2.0,2.0,2.0,2.0,2.0,1.999408299402531,2.0,1.9990329107035174,2.0,2.0,2.0,,,,,,,,,,,,,,,,,,,,,,,,,,,,,,,,,,,,,,,,,,,,,,,,,,,,,,,,,,,,,,,,,,,,,,,,,,,,,,,,,,,,,,,,,,,,,,,,,,,,,,,,,,,,,,,,,,,,,,,,,,,,,,,,,,,,,,,,,,,,,,,,,,,,,,,,,,,,,,,,,,,,,,,,,,,,,,,,,,,,,,,,,,,,,,,,,,,,,,,,,,,,,,,,,,,,,,,,,,,,,,,,,,,,,,,,,,,,,,,,,,,,,,,,,,,,,,,,,,,,,,,,2774.6885674633318,0.0,1.0,1118.3263414805847,1862.0409214181261,0.0,0.0,1.0,0.0,0.0,,,,,-562.176984239185,0.0,562.176984239185,0.0,0.0,0.0,0.0,0.0,0.0,0.0,0.0,11.55000136610716,11.000001282777163,15.497654155562419,14.684320234621108,52.73197703906785,404.6907342288641,384.23320846117275,173.36633690809225,165.11037618467466,231.32439732077182,219.12283227649806,788.9239426900368,0.009408416679875598,0.008954190626128752,0.012005184547482305,0.011325114992190993,0.0,0.0,0.0,13.00924466879318,60.2,92.60998085000108,0.0,92.60998085000108,1.0,185.8408262510271,0.0,23.23987221799336,21.839872217993356,24.7111508174598,23.311150817459797,23.23987221799336,21.839872217993356,24.7111508174598,23.311150817459797,93.10204607090631,0.0,0.0,0.0,0.0,0.0,93.10204607090631,0.0,1.9301182780940356,0.0,8,4.9977680563131495,13.188782145422724,8.191014089109576,1620.0,1862.0409214181261,1862.0409214181261,1862.0409214181261,1.9301182780940356,2.4221834989992703,0.0,0.0,0.0,141.7143504383511,144.12396324411563,1.0,0.0,141.35844773506736,113.75,98.54166666666667,111.78798154942362,,0.0,0.0,562.176984239185,1.0,111.78798154942362,1.0,452.3734599711179,177.70102573719387,0.0,53.12297306898847,2.7650871676253814,53.12297306898847,,,,,,,,,,,,,,,,,,,,,,,,,,,,,,,,,,,,,,,,,,,,,,,,,,,,,,,,,,,,,,,,,,,,,,,,,,,,,,,,,,,,,,,,,,,,,,,,,,,,,,,,,,,,,,,,,,,,,,,,,,,,,,,,,,,,,,,,,,,,,,,,,,,,,,,,,,,,,,,,,,,,,
0.19428571428571434,0.0008459612686687601,0.7976407511880264,5.416666666666668,,,,,,0.0,0.0,1.0,0.5714285714285714,0.5714285714285714,14.583333333333336,0.0,0.0,15.335481359769787,0.0,118.26566340994103,0.0,,1.0,0.0,0.0,0.0,0.0013060093485129192,0.0,0.0021651100228596474,0.0,0.0,0.0,0.0,0.0,0.0,0.0011834007390928065,0.0,0.0019341604359245615,0.0,0.0,0.0,1.1199997970834374e-05,0.0,18.0,1.0,1.0,39.65158401140813,0.0,1.0,0.2509169524353601,1.0,1.0,36.0,54.94182819274018,139.35405780800644,84.41222961526627,0.0,0.0,,,,148.86590564201222,0.0,2.0,2.0,2.0,1.9986939906514871,2.0,1.9978348899771403,2.0,2.0,2.0,2.0,2.0,2.0,1.998816599260907,2.0,1.9980658395640754,2.0,2.0,2.0,,,,,,,,,,,,,,,,,,,,,,,,,,,,,,,,,,,,,,,,,,,,,,,,,,,,,,,,,,,,,,,,,,,,,,,,,,,,,,,,,,,,,,,,,,,,,,,,,,,,,,,,,,,,,,,,,,,,,,,,,,,,,,,,,,,,,,,,,,,,,,,,,,,,,,,,,,,,,,,,,,,,,,,,,,,,,,,,,,,,,,,,,,,,,,,,,,,,,,,,,,,,,,,,,,,,,,,,,,,,,,,,,,,,,,,,,,,,,,,,,,,,,,,,,,,,,,,,,,,,,,,,2770.346365318355,0.0,1.0,1121.4952551760712,1882.4339130741953,0.0,0.0,1.0,0.0,0.0,,,,,-842.1958523158296,0.0,842.1958523158296,0.0,0.0,0.0,0.0,0.0,0.0,0.0,0.0,5.775000147193872,5.500000138240722,7.748786043906813,7.342119312670841,26.365905642012248,406.7370812479692,386.29459898019365,173.13368406908108,164.8896433867045,233.60339717888806,221.40495559348915,793.0316802281627,0.018816829398937654,0.017908377466026075,0.024010252028149933,0.02265011396545175,0.0,13.178681054737808,0.018303723687135846,15.335481359769787,60.2,94.61376166112252,0.0,94.61376166112252,1.0,190.9756982578037,0.0,23.69199328169493,22.29199328169493,24.768854545159957,23.36885454515996,23.69199328169493,22.29199328169493,24.768854545159957,23.36885454515996,94.12169565370978,0.0,0.0,0.0,0.0,0.0,94.12169565370978,0.0,2.4221842855067894,0.0,9,5.148583211216341,13.19354777817373,8.04496456695739,1800.0,1882.4339130741953,1882.4339130741953,1882.4339130741953,2.4221842855067894,1.9301182780940356,0.0,0.0,0.0,134.95042995930282,142.59742246515947,1.0,0.0,135.218691615038,113.75,109.58333333333334,111.78060953070019,,0.0,0.0,842.1958523158296,1.0,111.78060953070019,1.0,451.21880825584526,165.13750630814116,0.0,54.51980302325205,2.7675405941964533,54.51980302325205,,,,,,,,,,,,,,,,,,,,,,,,,,,,,,,,,,,,,,,,,,,,,,,,,,,,,,,,,,,,,,,,,,,,,,,,,,,,,,,,,,,,,,,,,,,,,,,,,,,,,,,,,,,,,,,,,,,,,,,,,,,,,,,,,,,,,,,,,,,,,,,,,,,,,,,,,,,,,,,,,,,,,
0.10906752279580667,0.0003630232159890223,0.7148381397121111,6.666666666666665,,,,,,0.0,1.0,0.0,0.42857142857142855,0.42857142857142855,23.333333333333332,0.0,0.0,13.009214662690233,0.0,121.51002670493973,0.0,,1.0,0.0,0.0,0.0,0.0006530046372795503,0.0,0.0010825529807825499,0.0,0.0,0.0,0.0,0.0,0.0,0.0005917003361347471,0.0,0.0009670783137986083,0.0,0.0,0.0,1.3400014722719789e-05,0.0,18.0,1.0,1.0,39.44610503964087,0.0,1.0,0.12659874050718034,1.0,1.0,36.0,59.93957391377318,152.54271780887817,92.60314389510499,0.0,0.0,,,,157.73178675486858,0.0,2.0,2.0,2.0,1.9993469953627203,2.0,1.9989174470192177,2.0,2.0,2.0,2.0,2.0,2.0,1.9994082996638651,2.0,1.9990329216862013,2.0,2.0,2.0,,,,,,,,,,,,,,,,,,,,,,,,,,,,,,,,,,,,,,,,,,,,,,,,,,,,,,,,,,,,,,,,,,,,,,,,,,,,,,,,,,,,,,,,,,,,,,,,,,,,,,,,,,,,,,,,,,,,,,,,,,,,,,,,,,,,,,,,,,,,,,,,,,,,,,,,,,,,,,,,,,,,,,,,,,,,,,,,,,,,,,,,,,,,,,,,,,,,,,,,,,,,,,,,,,,,,,,,,,,,,,,,,,,,,,,,,,,,,,,,,,,,,,,,,,,,,,,,,,,,,,,,2774.665579699997,0.0,1.0,1118.3216356290277,1862.0284132669165,0.0,0.0,1.0,0.0,0.0,,,,,-562.1274777863641,0.0,562.1274777863641,0.0,0.0,0.0,0.0,0.0,0.0,0.0,0.0,11.550000088636523,11.000000083654534,15.497559973829222,14.684226608748311,52.731786754868594,404.6898100874137,384.2322907054036,173.36631965241315,165.11036007372255,231.32349043500056,219.12193063168104,788.9221007928173,0.009408414396979245,0.008954188444961144,0.012005113977152072,0.011325045048975515,0.0,0.0,0.0,13.009214662690233,60.2,92.60935448023226,0.0,92.60935448023226,1.0,185.8381606441868,0.0,23.239709334082292,21.83970933408229,24.711000997590624,23.31100099759062,23.239709334082292,21.83970933408229,24.711000997590624,23.31100099759062,93.10142066334582,0.0,0.0,0.0,0.0,0.0,93.10142066334582,0.0,1.9301181023932177,0.0,10,4.997745721033,13.188660000871717,8.190914279838717,1980.0,1862.0284132669165,1862.0284132669165,1862.0284132669165,1.9301181023932177,2.4221842855067894,0.0,0.0,0.0,141.71326554716632,144.1220372261547,1.0,0.0,141.35736388181314,113.75,98.54166666666667,111.78726213495335,,0.0,0.0,562.1274777863641,1.0,111.78726213495335,1.0,452.36856867603285,177.69991187783668,0.0,53.12257167562842,2.76505380549779,53.12257167562842,,,,,,,,,,,,,,,,,,,,,,,,,,,,,,,,,,,,,,,,,,,,,,,,,,,,,,,,,,,,,,,,,,,,,,,,,,,,,,,,,,,,,,,,,,,,,,,,,,,,,,,,,,,,,,,,,,,,,,,,,,,,,,,,,,,,,,,,,,,,,,,,,,,,,,,,,,,,,,,,,,,,,
0.19428571428571434,0.0008459631682581903,0.7976413867859891,5.416666666666668,,,,,,0.0,0.0,1.0,0.5714285714285714,0.5714285714285714,14.583333333333336,0.0,0.0,15.335465059918267,0.0,118.26494191104689,0.0,,1.0,0.0,0.0,0.0,0.001306009256729696,0.0,0.0021651047726239073,0.0,0.0,0.0,0.0,0.0,0.0,0.0011834006561602444,0.0,0.001934155511071826,0.0,0.0,0.0,1.1099997209385037e-05,0.0,18.0,1.0,1.0,39.65156217282328,0.0,1.0,0.2509167530562992,1.0,1.0,36.0,65.08815189554895,165.73623277682185,100.64808088127289,0.0,0.0,,,,148.86588782628195,0.0,2.0,2.0,2.0,1.9986939907432704,2.0,1.9978348952273761,2.0,2.0,2.0,2.0,2.0,2.0,1.9988165993438396,2.0,1.998065844488928,2.0,2.0,2.0,,,,,,,,,,,,,,,,,,,,,,,,,,,,,,,,,,,,,,,,,,,,,,,,,,,,,,,,,,,,,,,,,,,,,,,,,,,,,,,,,,,,,,,,,,,,,,,,,,,,,,,,,,,,,,,,,,,,,,,,,,,,,,,,,,,,,,,,,,,,,,,,,,,,,,,,,,,,,,,,,,,,,,,,,,,,,,,,,,,,,,,,,,,,,,,,,,,,,,,,,,,,,,,,,,,,,,,,,,,,,,,,,,,,,,,,,,,,,,,,,,,,,,,,,,,,,,,,,,,,,,,,2770.34139754715,0.0,1.0,1121.4941959450098,1882.4308668195454,0.0,0.0,1.0,0.0,0.0,,,,,-842.1788446163309,0.0,842.1788446163309,0.0,0.0,0.0,0.0,0.0,0.0,0.0,0.0,5.775000015210097,5.50000001435906,7.748777234414375,7.342110562298446,26.365887826281977,406.73686230996077,386.29438114650503,173.13368188934825,164.88964136676896,233.60318042061252,221.40473977973613,793.0312434564659,0.018816828649338077,0.017908376752200268,0.024010220959133455,0.022650083153085157,0.0,13.178675086319217,0.01830371539766558,15.335465059918267,60.2,94.61360917073279,0.0,94.61360917073279,1.0,190.9748300570985,0.0,23.691953116767706,22.291953116767708,24.768818553720923,23.368818553720924,23.691953116767706,22.291953116767708,24.768818553720923,23.368818553720924,94.12154334097725,0.0,0.0,0.0,0.0,0.0,94.12154334097725,0.0,2.422183932148743,0.0,11,5.14857798177577,13.193514967943674,8.044936986167903,2160.0,1882.4308668195454,1882.4308668195454,1882.4308668195454,2.422183932148743,1.9301181023932177,0.0,0.0,0.0,134.95018813841529,142.59689643671135,1.0,0.0,135.21845022908636,113.75,109.58333333333334,111.78042985611859,,0.0,0.0,842.1788446163309,1.0,111.78042985611859,1.0,451.217340853243,165.13724862233798,0.0,54.519722802416055,2.767532110756505,54.519722802416055,,,,,,,,,,,,,,,,,,,,,,,,,,,,,,,,,,,,,,,,,,,,,,,,,,,,,,,,,,,,,,,,,,,,,,,,,,,,,,,,,,,,,,,,,,,,,,,,,,,,,,,,,,,,,,,,,,,,,,,,,,,,,,,,,,,,,,,,,,,,,,,,,,,,,,,,,,,,,,,,,,,,,
0.10906752279580667,0.0003630233756617973,0.7148383889653293,6.666666666666665,,,,,,0.0,1.0,0.0,0.42857142857142855,0.42857142857142855,23.333333333333332,0.0,0.0,13.009212112091681,0.0,121.50987542260934,0.0,,1.0,0.0,0.0,0.0,0.0006530046246775692,0.0,0.00108255221995975,0.0,0.0,0.0,0.0,0.0,0.0,0.0005917003247445867,0.0,0.0009670775997045159,0.0,0.0,0.0,1.0300020221620798e-05,0.0,18.0,1.0,1.0,39.4460986485841,0.0,1.0,0.12659870592462635,1.0,1.0,36.0,70.08589604507772,178.92488418227714,108.83898813719941,0.0,0.0,,,,157.73177330330842,0.0,2.0,2.0,2.0,1.9993469953753222,2.0,1.9989174477800402,2.0,2.0,2.0,2.0,2.0,2.0,1.9994082996752551,2.0,1.9990329224002954,2.0,2.0,2.0,,,,,,,,,,,,,,,,,,,,,,,,,,,,,,,,,,,,,,,,,,,,,,,,,,,,,,,,,,,,,,,,,,,,,,,,,,,,,,,,,,,,,,,,,,,,,,,,,,,,,,,,,,,,,,,,,,,,,,,,,,,,,,,,,,,,,,,,,,,,,,,,,,,,,,,,,,,,,,,,,,,,,,,,,,,,,,,,,,,,,,,,,,,,,,,,,,,,,,,,,,,,,,,,,,,,,,,,,,,,,,,,,,,,,,,,,,,,,,,,,,,,,,,,,,,,,,,,,,,,,,,,2774.664007915975,0.0,1.0,1118.3213098615681,1862.0274613818656,0.0,0.0,1.0,0.0,0.0,,,,,-562.1238812084935,0.0,562.1238812084935,0.0,0.0,0.0,0.0,0.0,0.0,0.0,0.0,11.550000005989922,11.0000000056355,15.497553313736752,14.684219977946249,52.73177330330842,404.6897459711386,384.232227000543,173.36631844708353,165.11035894677607,231.3234275240551,219.1218680537669,788.9219729716816,0.00940841429499075,0.008954188347819846,0.012005109485107779,0.011325040591434004,0.0,0.0,0.0,13.009212112091681,60.2,92.6093072218133,0.0,92.6093072218133,1.0,185.8379673637331,0.0,23.239697159047648,21.83969715904765,24.710989375498993,23.31098937549899,23.239697159047648,21.83969715904765,24.710989375498993,23.31098937549899,93.10137306909328,0.0,0.0,0.0,0.0,0.0,93.10137306909328,0.0,1.930118084868756,0.0,12,4.997744149528768,13.188651405455278,8.190907255926511,2340.0,1862.0274613818656,1862.0274613818656,1862.0274613818656,1.930118084868756,2.422183932148743,0.0,0.0,0.0,141.71319542278414,144.1219030720082,1.0,0.0,141.3572938357976,113.75,98.54166666666667,111.78721440908674,,0.0,0.0,562.1238812084935,1.0,111.78721440908674,1.0,452.36822723096697,177.69983928122258,0.0,53.12254568794697,2.765051491562363,53.12254568794697,,,,,,,,,,,,,,,,,,,,,,,,,,,,,,,,,,,,,,,,,,,,,,,,,,,,,,,,,,,,,,,,,,,,,,,,,,,,,,,,,,,,,,,,,,,,,,,,,,,,,,,,,,,,,,,,,,,,,,,,,,,,,,,,,,,,,,,,,,,,,,,,,,,,,,,,,,,,,,,,,,,,,
0.19428571428571434,0.0008459632993314536,0.7976414373236091,5.416666666666668,,,,,,0.0,0.0,1.0,0.5714285714285714,0.5714285714285714,14.583333333333336,0.0,0.0,15.33546391615815,0.0,118.26489593487844,0.0,,1.0,0.0,0.0,0.0,0.0013060092481509287,0.0,0.002165104362885232,0.0,0.0,0.0,0.0,0.0,0.0,0.0011834006483965782,0.0,0.0019341551270025804,0.0,0.0,0.0,1.2200005585327744e-05,0.0,18.0,1.0,1.0,39.65156057056278,0.0,1.0,0.25091673725379826,1.0,1.0,36.0,75.23447364449115,192.11839690967525,116.88392326518411,0.0,0.0,,,,148.86588633332448,0.0,2.0,2.0,2.0,1.9986939907518488,2.0,1.9978348956371148,2.0,2.0,2.0,2.0,2.0,2.0,1.9988165993516036,2.0,1.9980658448729973,2.0,2.0,2.0,,,,,,,,,,,,,,,,,,,,,,,,,,,,,,,,,,,,,,,,,,,,,,,,,,,,,,,,,,,,,,,,,,,,,,,,,,,,,,,,,,,,,,,,,,,,,,,,,,,,,,,,,,,,,,,,,,,,,,,,,,,,,,,,,,,,,,,,,,,,,,,,,,,,,,,,,,,,,,,,,,,,,,,,,,,,,,,,,,,,,,,,,,,,,,,,,,,,,,,,,,,,,,,,,,,,,,,,,,,,,,,,,,,,,,,,,,,,,,,,,,,,,,,,,,,,,,,,,,,,,,,,2770.341003885055,0.0,1.0,1121.494116281371,1882.4306753349624,0.0,0.0,1.0,0.0,0.0,,,,,-842.1777722768602,0.0,842.1777722768602,0.0,0.0,0.0,0.0,0.0,0.0,0.0,0.0,5.775000000871927,5.500000000822432,7.748776499307928,7.342109832322214,26.3658863333245,406.7368462363694,386.2943651748865,173.1336816381735,164.88964113277495,233.6031645981959,221.40472404211152,793.0312114112559,0.01881682858025426,0.017908376686340235,0.024010218515226053,0.022650080730718967,0.0,13.178674745830627,0.01830371492476476,15.33546391615815,60.2,94.61359957654824,0.0,94.61359957654824,1.0,190.97477494716748,0.0,23.691950569277857,22.29195056927786,24.768816314096213,23.36881631409621,23.691950569277857,22.29195056927786,24.768816314096213,23.36881631409621,94.12153376674813,0.0,0.0,0.0,0.0,0.0,94.12153376674813,0.0,2.4221838946688585,0.0,13,5.148577599413436,13.193512727398131,8.044935127984695,2520.0,1882.4306753349624,1882.4306753349624,1882.4306753349629,2.4221838946688585,1.930118084868756,0.0,0.0,0.0,134.95017071941376,142.59686076627267,1.0,0.0,135.21843285362803,113.75,109.58333333333334,111.78041765732743,,0.0,0.0,842.1777722768602,1.0,111.78041765732743,1.0,451.2172441815259,165.1372301031195,0.0,54.51971745693152,2.767531513396433,54.51971745693152,,,,,,,,,,,,,,,,,,,,,,,,,,,,,,,,,,,,,,,,,,,,,,,,,,,,,,,,,,,,,,,,,,,,,,,,,,,,,,,,,,,,,,,,,,,,,,,,,,,,,,,,,,,,,,,,,,,,,,,,,,,,,,,,,,,,,,,,,,,,,,,,,,,,,,,,,,,,,,,,,,,,,
0.10906752279580667,0.0003630233893046064,0.71483840782723,6.666666666666665,,,,,,0.0,1.0,0.0,0.42857142857142855,0.42857142857142855,23.333333333333332,0.0,0.0,13.00921188843541,0.0,121.50986444417616,0.0,,1.0,0.0,0.0,0.0,0.0006530046238423114,0.0,0.0010825521686158703,0.0,0.0,0.0,0.0,0.0,0.0,0.0005917003239870692,0.0,0.0009670775514601813,0.0,0.0,0.0,1.0200019460171461e-05,0.0,18.0,1.0,1.0,39.4460982374671,0.0,1.0,0.12659870364412174,1.0,1.0,36.0,80.23221769281832,205.30704771918167,125.07483002636334,0.0,0.0,,,,157.7317724948604,0.0,2.0,2.0,2.0,1.9993469953761576,2.0,1.998917447831384,2.0,2.0,2.0,2.0,2.0,2.0,1.9994082996760127,2.0,1.9990329224485397,2.0,2.0,2.0,,,,,,,,,,,,,,,,,,,,,,,,,,,,,,,,,,,,,,,,,,,,,,,,,,,,,,,,,,,,,,,,,,,,,,,,,,,,,,,,,,,,,,,,,,,,,,,,,,,,,,,,,,,,,,,,,,,,,,,,,,,,,,,,,,,,,,,,,,,,,,,,,,,,,,,,,,,,,,,,,,,,,,,,,,,,,,,,,,,,,,,,,,,,,,,,,,,,,,,,,,,,,,,,,,,,,,,,,,,,,,,,,,,,,,,,,,,,,,,,,,,,,,,,,,,,,,,,,,,,,,,,2774.663911368592,0.0,1.0,1118.3212892209128,1862.0273957875434,0.0,0.0,1.0,0.0,0.0,,,,,-562.123619868421,0.0,562.123619868421,0.0,0.0,0.0,0.0,0.0,0.0,0.0,0.0,11.550000000514487,11.000000000484938,15.49755291369495,14.684219580166019,52.731772494860394,404.68974184829113,384.2322229010505,173.3663183838119,165.11035888771514,231.32342346447928,219.12186401333534,788.9219647493416,0.009408414288250587,0.00895418834137917,0.012005109181499012,0.011325040289811107,0.0,0.0,0.0,13.00921188843541,60.2,92.60930397818933,0.0,92.60930397818933,1.0,185.83795348828144,0.0,23.23969631922701,21.83969631922701,24.710988575461574,23.31098857546157,23.23969631922701,21.83969631922701,24.710988575461574,23.31098857546157,93.10136978937716,0.0,0.0,0.0,0.0,0.0,93.10136978937716,0.0,1.9301180834810254,0.0,14,4.997744048327175,13.188650809506417,8.190906761179242,2700.0,1862.0273957875434,1862.0273957875434,1862.0273957875434,1.9301180834810254,2.4221838946688585,0.0,0.0,0.0,141.71319053540233,144.12189362570302,1.0,0.0,141.35728895384466,113.75,98.54166666666667,111.78721112658636,,0.0,0.0,562.123619868421,1.0,111.78721112658636,1.0,452.36820294378447,177.69983417561343,0.0,53.122543887757814,2.7650513370176553,53.122543887757814,,,,,,,,,,,,,,,,,,,,,,,,,,,,,,,,,,,,,,,,,,,,,,,,,,,,,,,,,,,,,,,,,,,,,,,,,,,,,,,,,,,,,,,,,,,,,,,,,,,,,,,,,,,,,,,,,,,,,,,,,,,,,,,,,,,,,,,,,,,,,,,,,,,,,,,,,,,,,,,,,,,,,
0.19428571428571434,0.0008459633072059325,0.7976414406125037,5.416666666666668,,,,,,0.0,0.0,1.0,0.5714285714285714,0.5714285714285714,14.583333333333336,0.0,0.0,15.335463848368395,0.0,118.26489273636258,0.0,,1.0,0.0,0.0,0.0,0.0013060092476023675,0.0,0.0021651043326476297,0.0,0.0,0.0,0.0,0.0,0.0,0.0011834006478998768,0.0,0.0019341550986240958,0.0,0.0,0.0,1.0899995686486363e-05,0.0,18.0,1.0,1.0,39.651560447565025,0.0,1.0,0.25091673609760096,1.0,1.0,36.0,85.38079526331647,218.50056029037313,133.11976502705667,0.0,0.0,,,,148.86588622340395,0.0,2.0,2.0,2.0,1.9986939907523977,2.0,1.9978348956673524,2.0,2.0,2.0,2.0,2.0,2.0,1.9988165993521,2.0,1.998065844901376,2.0,2.0,2.0,,,,,,,,,,,,,,,,,,,,,,,,,,,,,,,,,,,,,,,,,,,,,,,,,,,,,,,,,,,,,,,,,,,,,,,,,,,,,,,,,,,,,,,,,,,,,,,,,,,,,,,,,,,,,,,,,,,,,,,,,,,,,,,,,,,,,,,,,,,,,,,,,,,,,,,,,,,,,,,,,,,,,,,,,,,,,,,,,,,,,,,,,,,,,,,,,,,,,,,,,,,,,,,,,,,,,,,,,,,,,,,,,,,,,,,,,,,,,,,,,,,,,,,,,,,,,,,,,,,,,,,,2770.3409754042314,0.0,1.0,1121.4941103169847,1882.430660090535,0.0,0.0,1.0,0.0,0.0,,,,,-842.1776959180988,0.0,842.1776959180988,0.0,0.0,0.0,0.0,0.0,0.0,0.0,0.0,5.775000000056181,5.500000000052992,7.748776444991014,7.342109778303792,26.36588622340398,406.7368450032835,386.29436394801655,173.13368162255045,164.88964111821662,233.60316338073304,221.40472282979994,793.0312089513002,0.018816828575828955,0.017908376682119326,0.024010218335873836,0.022650080552745158,0.0,13.178674718299071,0.018303714886526486,15.335463848368395,60.2,94.61359881310862,0.0,94.61359881310862,1.0,190.9747710193089,0.0,23.691950368992455,22.291950368992456,24.768816133270917,23.368816133270915,23.691950368992455,22.291950368992456,24.768816133270917,23.368816133270915,94.12153300452675,0.0,0.0,0.0,0.0,0.0,94.12153300452675,0.0,2.422183892062904,0.0,15,5.148577570498152,13.19351257119149,8.04493500069334,2880.0,1882.430660090535,1882.430660090535,1882.430660090535,2.422183892062904,1.9301180834810254,0.0,0.0,0.0,134.9501695306362,142.59685833778528,1.0,0.0,135.21843166784362,113.75,109.58333333333334,111.78041682343556,,0.0,0.0,842.1776959180988,1.0,111.78041682343556,1.0,451.2172374079375,165.13722884954532,0.0,54.51971709341052,2.7675314716621617,54.51971709341052,,,,,,,,,,,,,,,,,,,,,,,,,,,,,,,,,,,,,,,,,,,,,,,,,,,,,,,,,,,,,,,,,,,,,,,,,,,,,,,,,,,,,,,,,,,,,,,,,,,,,,,,,,,,,,,,,,,,,,,,,,,,,,,,,,,,,,,,,,,,,,,,,,,,,,,,,,,,,,,,,,,,,
0.10906752279580667,0.00036302339021709873,0.7148384092076027,6.666666666666665,,,,,,0.0,1.0,0.0,0.42857142857142855,0.42857142857142855,23.333333333333332,0.0,0.0,13.009211873831994,0.0,121.50986368883862,0.0,,1.0,0.0,0.0,0.0,0.0006530046237865165,0.0,0.0010825521654931952,0.0,0.0,0.0,0.0,0.0,0.0,0.000591700323936665,0.0,0.0009670775485320545,0.0,0.0,0.0,1.5799974789842963e-05,0.0,18.0,1.0,1.0,39.44609821044986,0.0,1.0,0.1265987034997607,1.0,1.0,36.0,90.3785393049461,231.68921105894248,141.31067175399636,0.0,0.0,,,,157.73177243594944,0.0,2.0,2.0,2.0,1.9993469953762135,2.0,1.9989174478345069,2.0,2.0,2.0,2.0,2.0,2.0,1.9994082996760634,2.0,1.999032922451468,2.0,2.0,2.0,,,,,,,,,,,,,,,,,,,,,,,,,,,,,,,,,,,,,,,,,,,,,,,,,,,,,,,,,,,,,,,,,,,,,,,,,,,,,,,,,,,,,,,,,,,,,,,,,,,,,,,,,,,,,,,,,,,,,,,,,,,,,,,,,,,,,,,,,,,,,,,,,,,,,,,,,,,,,,,,,,,,,,,,,,,,,,,,,,,,,,,,,,,,,,,,,,,,,,,,,,,,,,,,,,,,,,,,,,,,,,,,,,,,,,,,,,,,,,,,,,,,,,,,,,,,,,,,,,,,,,,,2774.663904595592,0.0,1.0,1118.3212878290879,1862.02739174164,0.0,0.0,1.0,0.0,0.0,,,,,-562.1236024465056,0.0,562.1236024465056,0.0,0.0,0.0,0.0,0.0,0.0,0.0,0.0,11.550000000035617,11.00000000003358,15.497552884613231,14.68421955126703,52.73177243594946,404.6897415771484,384.23222263184886,173.36631837890621,165.11035888314166,231.32342319824218,219.1218637487072,788.9219642089972,0.009408414287796438,0.00895418834094693,0.012005109163011913,0.011325040271482591,0.0,0.0,0.0,13.009211873831994,60.2,92.609303778415,0.0,92.609303778415,1.0,185.83795255827474,0.0,23.239696267445325,21.839696267445323,24.71098852609568,23.310988526095677,23.239696267445325,21.839696267445323,24.71098852609568,23.310988526095677,93.101369587082,0.0,0.0,0.0,0.0,0.0,93.101369587082,0.0,1.930118083395904,0.0,16,4.997744041629634,13.188650768569318,8.190906726939684,3060.0,1862.02739174164,1862.02739174164,1862.02739174164,1.930118083395904,2.422183892062904,0.0,0.0,0.0,141.71319019226416,144.12189296850883,1.0,0.0,141.357288611075,113.75,98.54166666666667,111.78721089884712,,0.0,0.0,562.1236024465056,1.0,111.78721089884712,1.0,452.36820129153597,177.69983381824036,0.0,53.12254376973149,2.7650513262903345,53.12254376973149,,,,,,,,,,,,,,,,,,,,,,,,,,,,,,,,,,,,,,,,,,,,,,,,,,,,,,,,,,,,,,,,,,,,,,,,,,,,,,,,,,,,,,,,,,,,,,,,,,,,,,,,,,,,,,,,,,,,,,,,,,,,,,,,,,,,,,,,,,,,,,,,,,,,,,,,,,,,,,,,,,,,,
0.19428571428571434,0.0008459633078430895,0.7976414408471316,5.416666666666668,,,,,,0.0,0.0,1.0,0.5714285714285714,0.5714285714285714,14.583333333333336,0.0,0.0,15.335463842853114,0.0,118.26489251123982,0.0,,1.0,0.0,0.0,0.0,0.0013060092475658783,0.0,0.0021651043306076196,0.0,0.0,0.0,0.0,0.0,0.0,0.001183400647866854,0.0,0.001934155096708702,0.0,0.0,0.0,1.1600001016631722e-05,0.0,18.0,1.0,1.0,39.65156043929188,0.0,1.0,0.2509167360197092,1.0,1.0,36.0,95.52711687350491,244.8827236193414,149.35560674583647,0.0,0.0,,,,148.86588621618148,0.0,2.0,2.0,2.0,1.998693990752434,2.0,1.9978348956693925,2.0,2.0,2.0,2.0,2.0,2.0,1.9988165993521332,2.0,1.9980658449032913,2.0,2.0,2.0,,,,,,,,,,,,,,,,,,,,,,,,,,,,,,,,,,,,,,,,,,,,,,,,,,,,,,,,,,,,,,,,,,,,,,,,,,,,,,,,,,,,,,,,,,,,,,,,,,,,,,,,,,,,,,,,,,,,,,,,,,,,,,,,,,,,,,,,,,,,,,,,,,,,,,,,,,,,,,,,,,,,,,,,,,,,,,,,,,,,,,,,,,,,,,,,,,,,,,,,,,,,,,,,,,,,,,,,,,,,,,,,,,,,,,,,,,,,,,,,,,,,,,,,,,,,,,,,,,,,,,,,2770.340973524715,0.0,1.0,1121.4941099190137,1882.4306590428387,0.0,0.0,1.0,0.0,0.0,,,,,-842.1776905573943,0.0,842.1776905573943,0.0,0.0,0.0,0.0,0.0,0.0,0.0,0.0,5.775000000003686,5.5000000000034746,7.748776441421247,7.3421097747530855,26.365886216181494,406.7368449203581,386.2943638654791,173.1336816215552,164.88964111728876,233.60316329880294,221.40472274819035,793.0312087858372,0.018816828575535224,0.017908376681838895,0.024010218323773497,0.02265008054073271,0.0,13.178674716324267,0.018303714883783705,15.335463842853114,60.2,94.61359876066598,0.0,94.61359876066598,1.0,190.9747707440512,0.0,23.69195035515443,22.29195035515443,24.76881612091654,23.368816120916538,23.69195035515443,22.29195035515443,24.76881612091654,23.368816120916538,94.12153295214193,0.0,0.0,0.0,0.0,0.0,94.12153295214193,0.0,2.422183891919951,0.0,17,5.14857756855881,13.19351256039892,8.04493499184011,3240.0,1882.4306590428387,1882.4306590428387,1882.4306590428387,2.422183891919951,1.930118083395904,0.0,0.0,0.0,134.95016944895258,142.59685816933361,1.0,0.0,135.21843158632842,113.75,109.58333333333334,111.7804167657142,,0.0,0.0,842.1776905573943,1.0,111.7804167657142,1.0,451.2172369362338,165.13722876251487,0.0,54.51971706754617,2.7675314688050197,54.51971706754617,,,,,,,,,,,,,,,,,,,,,,,,,,,,,,,,,,,,,,,,,,,,,,,,,,,,,,,,,,,,,,,,,,,,,,,,,,,,,,,,,,,,,,,,,,,,,,,,,,,,,,,,,,,,,,,,,,,,,,,,,,,,,,,,,,,,,,,,,,,,,,,,,,,,,,,,,,,,,,,,,,,,,
0.10906752279580667,0.0003630233902762736,0.7148384092981079,6.666666666666665,,,,,,0.0,1.0,0.0,0.42857142857142855,0.42857142857142855,23.333333333333332,0.0,0.0,13.009211872892935,0.0,121.50986363693313,0.0,,1.0,0.0,0.0,0.0,0.0006530046237820016,0.0,0.0010825521652509569,0.0,0.0,0.0,0.0,0.0,0.0,0.0005917003239325696,0.0,0.0009670775483047919,0.0,0.0,0.0,1.2500007869675756e-05,0.0,18.0,1.0,1.0,39.446098208450174,0.0,1.0,0.12659870348866414,1.0,1.0,36.0,100.52486091464029,258.0713743850585,157.54651347041823,0.0,0.0,,,,157.73177243164636,0.0,2.0,2.0,2.0,1.999346995376218,2.0,1.998917447834749,2.0,2.0,2.0,2.0,2.0,2.0,1.9994082996760676,2.0,1.9990329224516954,2.0,2.0,2.0,,,,,,,,,,,,,,,,,,,,,,,,,,,,,,,,,,,,,,,,,,,,,,,,,,,,,,,,,,,,,,,,,,,,,,,,,,,,,,,,,,,,,,,,,,,,,,,,,,,,,,,,,,,,,,,,,,,,,,,,,,,,,,,,,,,,,,,,,,,,,,,,,,,,,,,,,,,,,,,,,,,,,,,,,,,,,,,,,,,,,,,,,,,,,,,,,,,,,,,,,,,,,,,,,,,,,,,,,,,,,,,,,,,,,,,,,,,,,,,,,,,,,,,,,,,,,,,,,,,,,,,,2774.663904096818,0.0,1.0,1118.321287726403,1862.027391444622,0.0,0.0,1.0,0.0,0.0,,,,,-562.1236012350537,0.0,562.1236012350537,0.0,0.0,0.0,0.0,0.0,0.0,0.0,0.0,11.5500000000023,11.000000000002174,15.497552882488048,14.684219549153848,52.73177243164637,404.68974155708213,384.23222261192103,173.3663183785394,165.1103588827993,231.32342317854273,219.1218637291217,788.9219641690031,0.009408414287759832,0.008954188340912075,0.012005109161573664,0.011325040270055875,0.0,0.0,0.0,13.009211872892935,60.2,92.60930376370149,0.0,92.60930376370149,1.0,185.83795249339903,0.0,23.23969626364666,21.83969626364666,24.71098852246889,23.310988522468893,23.23969626364666,21.83969626364666,24.71098852246889,23.310988522468893,93.10136957223109,0.0,0.0,0.0,0.0,0.0,93.10136957223109,0.0,1.930118083390336,0.0,18,4.997744041135373,13.188650765717137,8.190906724581763,3420.0,1862.027391444622,1862.027391444622,1862.027391444622,1.930118083390336,2.422183891919951,0.0,0.0,0.0,141.7131901684641,144.12189292324663,1.0,0.0,141.35728858729902,113.75,98.54166666666667,111.78721088277285,,0.0,0.0,562.1236012350537,1.0,111.78721088277285,1.0,452.36820117633937,177.69983379352527,0.0,53.12254376126606,2.7650513255234714,53.12254376126606,,,,,,,,,,,,,,,,,,,,,,,,,,,,,,,,,,,,,,,,,,,,,,,,,,,,,,,,,,,,,,,,,,,,,,,,,,,,,,,,,,,,,,,,,,,,,,,,,,,,,,,,,,,,,,,,,,,,,,,,,,,,,,,,,,,,,,,,,,,,,,,,,,,,,,,,,,,,,,,,,,,,,
0.19428571428571434,0.0008459633078883311,0.7976414408633051,5.416666666666668,,,,,,0.0,0.0,1.0,0.5714285714285714,0.5714285714285714,14.583333333333336,0.0,0.0,15.335463842460662,0.0,118.26489249556158,0.0,,1.0,0.0,0.0,0.0,0.001306009247563485,0.0,0.0021651043304755768,0.0,0.0,0.0,0.0,0.0,0.0,0.001183400647864658,0.0,0.0019341550965848626,0.0,0.0,0.0,1.1600001016631722e-05,0.0,18.0,1.0,1.0,39.6515604387463,0.0,1.0,0.2509167360146694,1.0,1.0,36.0,105.67343848307019,271.2648869447129,165.5914484616427,0.0,0.0,,,,148.86588621570613,0.0,2.0,2.0,2.0,1.9986939907524368,2.0,1.9978348956695244,2.0,2.0,2.0,2.0,2.0,2.0,1.9988165993521352,2.0,1.9980658449034152,2.0,2.0,2.0,,,,,,,,,,,,,,,,,,,,,,,,,,,,,,,,,,,,,,,,,,,,,,,,,,,,,,,,,,,,,,,,,,,,,,,,,,,,,,,,,,,,,,,,,,,,,,,,,,,,,,,,,,,,,,,,,,,,,,,,,,,,,,,,,,,,,,,,,,,,,,,,,,,,,,,,,,,,,,,,,,,,,,,,,,,,,,,,,,,,,,,,,,,,,,,,,,,,,,,,,,,,,,,,,,,,,,,,,,,,,,,,,,,,,,,,,,,,,,,,,,,,,,,,,,,,,,,,,,,,,,,,2770.3409733984063,0.0,1.0,1121.4941098925256,1882.430658973019,0.0,0.0,1.0,0.0,0.0,,,,,-842.17769018644,0.0,842.17769018644,0.0,0.0,0.0,0.0,0.0,0.0,0.0,0.0,5.775000000000283,5.500000000000284,7.7487764411861715,7.342109774519395,26.365886215706134,406.7368449148883,386.2943638600378,173.13368162149075,164.88964111722882,233.6031632933976,221.40472274280896,793.0312087749261,0.018816828575515816,0.01790837668182048,0.024010218322991,0.022650080539956534,0.0,13.178674716195253,0.018303714883604518,15.335463842460662,60.2,94.61359875717059,0.0,94.61359875717059,1.0,190.97477072502812,0.0,23.69195035423012,22.291950354230117,24.768816120095355,23.368816120095353,23.69195035423012,22.291950354230117,24.768816120095355,23.368816120095353,94.12153294865094,0.0,0.0,0.0,0.0,0.0,94.12153294865094,0.0,2.4221838919099823,0.0,19,5.148577568429893,13.193512559654351,8.044934991224459,3600.0,1882.430658973019,1882.430658973019,1882.430658973019,2.4221838919099823,1.9301180833903357,0.0,0.0,0.0,134.95016944331704,142.59685815759124,1.0,0.0,135.21843158070476,113.75,109.58333333333334,111.78041676169383,,0.0,0.0,842.17769018644,1.0,111.78041676169383,1.0,451.21723690359255,165.13722875649876,0.0,54.51971706576157,2.7675314686120562,54.51971706576157,,,,,,,,,,,,,,,,,,,,,,,,,,,,,,,,,,,,,,,,,,,,,,,,,,,,,,,,,,,,,,,,,,,,,,,,,,,,,,,,,,,,,,,,,,,,,,,,,,,,,,,,,,,,,,,,,,,,,,,,,,,,,,,,,,,,,,,,,,,,,,,,,,,,,,,,,,,,,,,,,,,,,
0.10906752279580667,0.00036302339028049246,0.7148384093044144,6.666666666666665,1142.058,1969.8789855072455,-1142.9641113556381,6000.0,1200.0,0.0,1.0,0.0,0.42857142857142855,0.42857142857142855,23.333333333333332,0.0,0.0,13.00921187282417,0.0,121.83325923516723,0.0,3.0,1.0,0.0,0.0,0.0,0.0006530048721515734,0.0,0.0006558036825707511,0.0,0.0,0.0,0.0,0.0,0.0,0.0005917005040939739,0.0,0.0005919223755114346,0.0,0.0,0.0,38.874079899978824,0.0,18.0,1.0,1.0,39.44922254688039,0.0,1.0,0.10571033994157429,1.0,1.0,36.0,110.64855977740703,284.46095774074996,173.81239796334293,0.0,0.0,27.9742183678797,67.09699876221958,39.122780394339884,157.73601019865418,0.0,2.0,2.0,2.0,1.9993469951278486,2.0,1.9993441963174294,2.0,2.0,2.0,2.0,2.0,2.0,1.999408299495906,2.0,1.9994080776244887,2.0,2.0,2.0,3912.6156699535018,,0.0,425.55034722222246,690.6811459108468,438.68187163913217,6000.0,1000000.0,438.68187163913217,6000.0,231.45335252503202,438.68187163913217,438.68187163913217,6000.0,0.0,1.0,0.0,50.0,5.0,1.0,0.0,75.0,,0.0,9.0,1.0,,1.0,,,,0.015491095188650661,4.729410017693823,0.0,1.0,0.0,,1.0,1.0,0.0,5.0,4.0,0.0,0.0,,1.0,203.9981321939162,50.0,0.0,80.65584535015654,3.0,203.9981321939162,,,,,25.0,4.0,1.0,0.0,1.0,4.0,4.0,1.0,203.9981321939162,25.0,0.0,80.65584535015654,14.0,203.9981321939162,1.0,438.68187163913217,5982.690474051939,1.0,-1142.9641113556381,6000.0,231.46884362022067,438.68187163913217,438.68187163913217,5982.690474051939,1.0,0.0,0.0,,,,12.0,0.0,0.0,0.0,231.45335252503202,0.0,1.0,0.0,1.0,1.0,1.0,1.0,0.0,0.0,0.0,0.0,0.0,231.45335252503202,67.09699876221958,0.0,1.0,0.0,231.46884362022067,67.09819348794657,67.09819348794657,0.0,1.0,0.0,1.0,1.0,11.5726676262516,1.0,0.0,1.0,0.0,0.0,0.0,231.45335252503202,1.0,0.0,231.45335252503202,0.0,1.0,231.45335252503202,4130.0,11068.4,12803.0,1691.25,4532.549999999999,5242.875,1204.0,3226.7200000000003,3732.4,3.0,7025.25,18827.67,21778.275,438.68187163913217,6000.0,0.0,0.0,220.0,0.0,0.0,1.0,0.0,0.0,0.0,0.5,0.0,0.0,0.0,-1142.9641113556381,1969.8789855072455,-3315.000000000001,37566.666666666664,-22100.000000000004,5635.000000000001,,,,,,,,,,-412.9437504419735,1.0,4920.222222222222,-2752.958336279823,738.0333333333334,1.0,,,,,3732.4,1200.0,6000.0,5083.94355769988,0.4971150790086566,0.5028849209913433,3780.8436778381997,231.45335252503202,231.45335252503202,1.0,0.0,438.68187163913217,0.0,6000.0,1.0,1.0,1.0,1.0,231.45335252503202,438.68187163913217,6000.0,1.0,1.0,67.09699876221958,22.365666254073194,438.68187163913217,0.0,55.002303069603556,438.68187163913217,6000.0,,1.0,0.0,0.0,0.0,22.365666254073194,0.0,,,,,,,,,,,,,,6.0,0.0,1.0,0.2515527950310557,0.0,0.0,0.0,1.0,0.00336414429431942,0.2515527950310557,0.0,438.68187163913217,6000.0,438.68187163913217,6000.0,231.45335252503202,438.68187163913217,438.68187163913217,6000.0,0.0,1.0,0.0,1.0,0.0,0.0,,,3912.6156699535018,0.0,231.45335252503202,2779.937780069656,0.0,1.0,1118.882566126422,0.0,0.0,1.0,1.0,0.0,0.0,1.0,1.0,0.0,0.0,-571.1362839539165,2924.5458109275473,3495.682094881464,6000.0,0.0,0.0,0.0,0.0,0.0,0.0,0.0,11.549987762309527,10.999990129671545,15.49983259728036,14.686199709392758,52.73601019865419,404.72340093764046,384.2610499999674,173.36614464189145,165.1102167684292,231.357256295749,219.15083323153814,788.9844509376078,0.009408415619199206,0.008954189353910917,0.008523420795017994,0.008089375012606034,0.0,0.0,0.0,13.00921187282417,60.2,92.6093037626428,0.0,92.6093037626428,1.0,186.29282439635003,0.0,23.239696263373123,21.839696263373124,24.710988522208307,23.31098852220831,23.239696263373123,21.839696263373124,24.710988522208307,23.31098852220831,93.10136957116286,0.0,0.0,0.0,0.0,0.0,93.10136957116286,0.0,1.9301180833899232,0.0,20,4.975121294336844,13.196070796037066,8.220949501700222,3780.0,0.0,1862.027391423257,1862.0273914232575,1.9301180833899232,2.4221838919099823,0.0,0.0,0.0,141.39574463807804,144.39529056311162,1.0,0.0,141.03813075118472,113.75,98.54166666666667,111.4680530471905,438.68187163913217,438.68187163913217,2924.5458109275473,3495.682094881464,1.0,111.4680530471905,1.0,453.31876521062276,177.38067595734225,0.0,52.9910674550068,2.76180606338779,52.9910674550068,-0.008302510421244524,-0.034947871519006954,-0.019982492792651442,-0.0384452339450833,-0.10812194391289649,6.0,1.0,56.0,56.0,56.0,56.0,56.0,1.0,1.0,0.0,6.0,0.0,0.0,203.50598325231005,0.0,1.0207490103328496,203.50598325231005,204.5267322626429,0.0,203.50598325231005,0.0,0.6844871159555623,203.50598325231005,204.1904703682656,0.0,203.50598325231005,0.0,1.5967533371452873,203.50598325231005,205.10273658945533,0.0,203.50598325231005,0.0,1.4224565237359457,203.50598325231005,204.928439776046,0.0,-0.0034024967011094987,-0.0022816237198518743,-0.005322511123817625,-0.004741521745786486,1.0,1500.0,1500.0,1500.0,1500.0,,,0.0,0.06021242925078818,0.060871785384049026,0.06151790854680579,0.061808551733313524,0.06224197257758686,0.061972622765789076,0.06145785903712761,0.05999975193918576,0.05591545674778873,0.05652165567309941,0.05710172808623524,0.05741302014685106,0.057804688387200896,0.057620619505639147,0.05711378019974287,0.05569289667070842,1.0,100.0,100.0,100.0,100.0,100.0,100.0,100.0,100.0,100.0,100.0,100.0,100.0,100.0,100.0,100.0,100.0,0.0,0.0,0.0,0.0,0.0,4.0,4.0,4.0,-0.009240493520699316,0.002359269056746608,-0.016221495196080373,1.0,0.0,0.0,0.0,0.0,0.0,0.0,1.0,0.0,,134.0,1.0,0.0,0.0,0.0,,0.0,,0.0,,-1.0,0.0,0.0,0.0,0.0,1.0,0.0,0.0,0.0,0.0,,0.0,,438.68187163913217,0.0,438.68187163913217,60.0,67.09699876221958,67.50198968864986,0.0,3.0,0.6475989999889862,438.68187163913217,63.0,1.0,,,24.0,24.0,,,,,2.0,2.0,300.0,300.0,2.0,2.0,,,,,,,10.0,10.0
0.18343294806494304,0.0010680580785800142,0.9275344447621423,12.32013888888889,1142.058,560.401107082763,-1236.556562831986,6000.0,1200.0,0.0,1.0,0.0,0.0,0.0,33.80659722222222,0.0,0.0,34.66887785619817,0.0,144.14204679488026,0.0,3.0,1.0,0.0,0.0,0.0,0.0038470009636385224,0.0,0.005211795766293072,0.0,0.0,0.0,0.0,0.0,0.0,0.003518834721792473,0.0,0.004642748826381703,0.0,0.0,0.0,31.230948299984448,0.0,18.0,1.0,1.0,65.40387789671016,0.0,1.0,0.38585361328266465,1.0,1.0,36.0,119.65941599757869,305.1199613819799,185.46054538440123,0.0,0.0,42.072064161479844,96.70570860197867,54.633644440498834,282.1248507592404,0.0,2.0,2.0,2.0,1.9961529990363616,2.0,1.994788204233707,2.0,2.0,2.0,2.0,2.0,2.0,1.9964811652782073,2.0,1.9953572511736182,2.0,2.0,2.0,4938.735425384697,,0.0,304.49322916666665,555.5260745274114,560.401107082763,6000.0,1000000.0,560.401107082763,6000.0,281.24154180138,560.401107082763,560.401107082763,6000.0,0.0,1.0,0.0,49.0,5.0,0.0,1.0,49.0,,0.0,5.0,0.0,,1.0,,,,5.739639452424228,19.682248000179754,0.0,1.0,0.0,,1.0,0.0,1.0,5.0,4.0,0.0,0.0,,12.0,241.55822686814943,49.0,0.0,112.80311492688426,25.0,241.55822686814943,,,,,0.0,0.0,,,,,,,,,,,,,0.0,560.401107082763,5400.0,0.0,560.401107082763,6000.0,286.9811812538042,560.401107082763,560.401107082763,5400.0,1.0,0.0,0.0,,,,18.0,60.9331111326418,3.04665555663209,0.0,281.24154180138,0.0,1.0,0.0,1.0,1.0,1.0,1.0,0.0,0.0,0.0,0.0,0.0,281.24154180138,96.70570860197867,0.0,1.0,0.0,286.9811812538042,97.18097875214661,97.18097875214661,0.0,1.0,0.0,1.0,1.0,14.062077090069,1.0,0.0,1.0,0.0,0.0,0.0,281.24154180138,1.0,0.0,281.24154180138,0.0,1.0,278.19488624474786,9333.8,12803.0,12803.0,3822.2249999999995,5242.875,5242.875,2721.04,3732.4,3732.4,3.0,15877.064999999999,21778.275,21778.275,560.401107082763,6000.0,0.0,0.0,220.0,0.0,0.0,1.0,0.0,0.0,0.0,0.5,0.019145553782042295,0.0,9.572776891021148,-1236.556562831986,2155.2132246376805,-3315.000000000001,37566.666666666664,-22100.000000000004,5635.000000000001,,,,,,,,,,-537.9925860244797,1.0,6571.055555555555,-3586.6172401631975,985.6583333333333,1.0,,,,,3732.4,1200.0,6000.0,4782.65705118602,0.4971566342506723,0.5028433657493278,3771.0023616677986,281.24154180138,278.19488624474786,1.0,0.0,560.401107082763,0.0,6000.0,1.0,1.0,1.0,1.0,281.24154180138,560.401107082763,6000.0,1.0,1.0,96.70570860197867,32.23523620065956,560.401107082763,0.0,68.52612300903073,560.401107082763,6000.0,13.090945825400247,1.0,0.0,0.0,0.0,32.23523620065956,1.0,,,,,,,,,,,,,,6.0,0.0,1.0,0.2515527950310557,0.0,0.0,0.0,1.0,0.0026807195602637822,0.2515527950310557,0.0,560.401107082763,6000.0,560.401107082763,6000.0,281.24154180138,560.401107082763,560.401107082763,6000.0,0.0,1.0,0.0,1.0,0.0,0.0,,,4938.735425384697,0.0,281.24154180138,3499.083936445549,0.0,1.0,1794.3014513333926,0.0,0.00044508436237933313,1.0,1.0,0.0,0.0,0.0,5.0,0.019145553782042295,0.0,151.6348401414898,3736.0073805517527,3584.372540410263,6000.0,0.0,0.0,0.0,0.0,0.0,0.0,0.0,8.791736964402125,8.4428146433334,9.350509114174672,8.938053926219117,35.523114648129315,668.9094010607689,639.1681568734342,314.57527910714697,301.3714802294028,354.33412195362195,337.79667664403144,1308.0775579342032,0.03023797840805393,0.0289313431403236,0.03562333893538465,0.03356986956640375,0.0,27.025256421710758,0.037535078363487163,34.66887785619817,136.052,169.69018894451816,0.0,169.69018894451816,1.0,274.54310875216595,0.0,42.102095054255486,39.32503949869992,44.08887486991388,41.311819314358324,42.102095054255486,39.32503949869992,44.08887486991388,41.311819314358324,166.82782873722763,0.0,0.0,0.0,0.0,0.0,166.82782873722763,0.0,4.792478290680457,0.0,21,9.010856220171666,20.65900364122996,11.64814742105829,3960.0,0.00044508436237933313,3336.5565747445526,3336.5565747445526,4.792478290680457,1.9301180833899232,0.0,0.0,0.0,223.22466479249897,189.44966094616814,1.0,0.0,223.7230797876526,257.07500000000005,221.47881944444447,191.06209796072176,560.401107082763,560.401107082763,3736.0073805517527,3584.372540410263,1.0,191.06209796072176,1.0,679.785181743085,292.19855486607304,0.0,90.21029363405441,3.536349530584668,90.21029363405441,-0.0046929134997085176,-0.046730193146652735,-0.024624333031726175,-0.06311006398806059,0.17104842301570483,6.0,1.0,56.0,56.0,56.0,56.0,62.0,2.0,1.0,0.0,6.0,0.0,0.0,239.38218541373894,0.0,0.02832553640024571,239.38218541373894,239.35385987733872,0.0,239.38218541373894,0.0,0.004258439541160897,239.38218541373894,239.38644385328007,0.0,239.38218541373894,0.0,0.045808019965704716,239.38218541373894,239.3363773937732,0.0,239.38218541373894,0.0,0.0244984685987788,239.38218541373894,239.40668388233775,0.0,9.441845466739097e-05,-1.4194798470441583e-05,0.00015269339988577713,-8.166156199602408e-05,1.0,1500.0,1500.0,1500.0,1500.0,,,0.0,0.10570316468098788,0.11143619667488239,0.11118747292674946,0.10867132660751544,0.10890059641593997,0.1087168037598131,0.10881616970534971,0.09993703127122248,0.10191580223256641,0.10289307582935124,0.10304218270195324,0.10405015732447342,0.1041729699166959,0.100757255774454,0.10081838540497028,0.10067182910420804,1.0,100.0,100.0,100.0,100.0,100.0,100.0,100.0,100.0,100.0,100.0,100.0,100.0,100.0,100.0,100.0,100.0,0.0,0.0,0.0,0.0,0.0,4.0,4.0,4.0,-0.016714679334653825,-0.01074257554433422,-0.05161995045488677,1.0,0.0,0.0,0.0,0.0,0.0,0.0,1.0,0.0,,467.0,1.0,0.0,0.0,0.0,,0.0,,0.0,,-1.0,0.0,0.0,0.0,0.0,1.0,0.0,0.0,0.0,0.0,,0.0,,560.401107082763,0.0,560.401107082763,60.0,96.70570860197867,96.78169741406242,0.0,2.0,1.3548328999895602,560.401107082763,63.0,1.0,,,24.0,24.0,,,,,2.0,2.0,300.0,300.0,2.0,2.0,,,,,1.0,1.0,10.0,10.0
0.10428181059664107,0.0004424901361794187,0.8435933217770595,22.020138888888873,1142.058,736.5135909697975,-1294.058061721298,6000.0,1200.0,0.0,1.0,0.0,0.0,0.0,75.55399305555555,0.0,0.0,38.7112819241781,0.0,244.55436828212078,0.0,3.0,1.0,0.0,0.0,0.0,0.005442763468635505,0.0,0.004021874569875116,0.0,0.0,0.0,0.0,0.0,0.0,0.004900875440032173,0.0,0.003577458861813043,0.0,0.0,0.0,30.832830999977887,0.0,18.0,1.0,1.0,103.1022377680428,0.0,1.0,0.3169889302696264,1.0,1.0,36.0,134.06023556961074,338.7161671634474,204.6559315938366,0.0,0.0,53.068671689515625,121.9233767298513,68.85470504033567,439.531812793201,0.0,2.0,2.0,2.0,1.9945572365313646,2.0,1.995978125430125,2.0,2.0,2.0,2.0,2.0,2.0,1.9950991245599679,2.0,1.996422541138187,2.0,2.0,2.0,5075.371911009599,,0.0,532.8378472222225,891.991030770491,736.5135909697975,5933.641476216564,0.0,736.5135909697975,6000.0,311.293667767247,736.5135909697975,736.5135909697975,5933.641476216564,1.0,0.0,0.0,49.0,5.0,0.0,1.0,49.0,0.0,0.0,5.0,0.0,1.0,1.0,311.612835847005,736.5135909697975,6000.0,0.31916807975801476,1.2067707102098097,0.0,1.0,0.0,1.0,1.0,0.0,1.0,5.0,4.0,0.0,0.0,736.5135909697975,10.0,274.7054795337299,49.0,0.0,129.6017196965995,23.0,274.7054795337299,736.5135909697975,6000.0,736.5135909697975,5933.641476216564,0.0,0.0,,,,,,,,,,,,,0.0,736.5135909697975,5700.0,11.0,-1294.058061721298,5700.0,311.612835847005,736.5135909697975,736.5135909697975,5700.0,1.0,0.0,0.0,736.5135909697975,6000.0,1.0,12.0,73.84650604201923,3.6923253021009614,0.0,311.8027348674376,0.0,1.0,0.0,1.0,1.0,1.0,1.0,0.0,0.0,0.0,0.0,0.0,311.8027348674376,121.89999714264087,0.0,1.0,0.0,311.293667767247,121.9233767298513,121.9233767298513,0.0,1.0,0.5090671001906344,0.0,0.0,15.59013674337188,0.0,0.0,0.0,0.0,0.0,0.0,311.8027348674376,1.0,0.0,311.8027348674376,0.0,1.0,307.601342465146,12803.0,12803.0,12803.0,5242.875,5242.875,5242.875,3732.4,3732.4,3732.4,3.0,21778.275,21778.275,21778.275,736.5135909697975,6000.0,1.0,0.0,220.0,0.0,0.0,1.0,0.0,0.0,0.0,0.5,0.0,0.0,0.0,-1294.058061721298,2234.5660401570044,-3315.000000000001,37566.666666666664,-22100.000000000004,5635.000000000001,0.15000000000000002,0.0,912.5859174248146,575.0028053551512,912.5859174248146,575.0028053551512,1.0,1.0,0.0,-614.820314830946,1.0,7277.877314814814,-4098.802098872973,1091.6815972222223,1.0,736.5135909697975,0.0,0.0,736.5135909697975,3732.4,1200.0,6000.0,5700.0,0.4889402460360941,0.5110597539639058,3828.249565813609,311.293667767247,307.601342465146,1.0,,736.5135909697975,,6000.0,1.0,,1.0,1.0,311.8027348674376,,,0.0,0.0,121.9233767298513,40.6411255766171,736.5135909697975,0.0,83.26577582327322,736.5135909697975,5933.641476216564,19.246705389084855,1.0,0.0,0.0,0.0,40.63333238088029,2.0,0.0,0.0,66.35852378343588,1.0,0.0,1.0,0.0,0.0,0.0,0.0,0.0,0.0,1.0,6.0,0.0,1.0,0.2515527950310557,0.0,0.0,0.0,1.0,0.006656219848167302,0.2515527950310557,0.0,736.5135909697975,5933.641476216564,736.5135909697975,6000.0,311.293667767247,736.5135909697975,736.5135909697975,5933.641476216564,1.0,0.0,0.0,0.0,0.0,0.0,736.5135909697975,6000.0,5075.371911009599,0.0,311.293667767247,5986.063299326245,0.0,1.0,2816.2605755618224,0.0,83.73505010559319,1.0,1.0,0.0,0.0,1.0,1.0,2.1967761443340556e-06,0.0,498.1041459990556,4910.090606465316,4411.986460466261,5933.641476216564,0.0,0.0,0.0,0.0,0.0,0.0,0.0,30.25576758287536,28.831980737903162,35.64657856484401,33.91988174091186,128.6542086265344,1055.8457407273052,1006.1990146335507,485.7437410515712,462.6322637232979,570.101999675734,543.5667509102527,2062.0447553608556,0.027232677476520497,0.025749550471145882,0.02146729186817131,0.020202054811413763,0.0,0.0,0.0,38.7112819241781,186.62,250.08017070010075,0.0,250.08017070010075,1.0,414.6266054932482,0.0,61.41211086013066,58.149365386037275,65.12295316396995,62.29378649730329,61.41211086013066,58.149365386037275,65.12295316396995,62.29378649730329,246.97821590744118,0.0,0.0,0.0,0.0,0.0,246.97821590744118,0.0,7.894433083340035,0.0,22,14.400819572032061,33.596205781467454,19.195386209435394,4140.0,83.73505010559319,4939.564318148823,4958.696882992448,7.894433083340035,4.792478290680457,0.0,0.0,0.0,351.9046454421619,305.53185712739946,1.0,0.0,351.19794953065485,352.625,290.8567708333333,284.03588188373,736.5135909697975,736.5135909697975,4910.090606465316,4411.986460466261,1.0,284.03588188373,1.0,1061.9630664876354,465.4632245103885,0.0,136.4496560241016,5.919563471515968,136.4496560241016,0.0164433373598748,-0.0653063209567402,-0.0012541469727369945,-0.07063763622786981,-0.22358805217123476,6.0,1.0,56.0,56.0,56.0,56.0,56.0,3.0,1.0,0.0,6.0,0.0,0.0,270.7312425517876,0.0,0.36301928892339674,270.7312425517876,271.094261840711,0.0,270.7312425517876,0.0,0.12567320108962576,270.7312425517876,270.85691575287717,0.0,270.7312425517876,0.0,0.5618734417026872,270.7312425517876,271.29311599349023,0.0,270.7312425517876,0.0,0.29655896488623057,270.7312425517876,271.0278015166739,0.0,-0.0012100642964113224,-0.00041891067029856306,-0.001872911472342101,-0.0009885298829542914,1.0,1500.0,1500.0,1500.0,1500.0,1.0,1.0,0.0,-0.006736611214369147,-0.007726205113944753,-0.0002849792275871014,-0.004813098543459304,0.0013851239326809761,-0.004048174997573283,-0.0046499019209541356,0.1,0.09856223165942808,-0.01470486290877986,-0.01707266868772308,0.0019337223719743338,-0.0006126716389699641,0.09999776367962987,0.1,0.1,1.0,90.0,90.0,90.0,90.0,90.0,90.0,90.0,100.0,100.0,90.0,90.0,90.0,90.0,100.0,100.0,100.0,0.0,0.0,0.0,0.0,0.0,4.0,4.0,4.0,-0.0020202584832956557,-0.003986612734662852,0.0019521988812756103,1.0,0.0,0.0,0.0,0.0,0.0,0.0,1.0,0.0,0.0,155.0,1.0,0.0,1.0,912.5859174248146,736.5135909697975,575.0028053551512,736.5135909697975,736.5135909697975,736.5135909697975,1.0,1.0,0.0,0.0,0.0,1.0,0.0,0.0,0.0,736.5135909697975,736.5135909697975,0.0,736.5135909697975,736.5135909697975,736.5135909697975,0.0,63.0,121.9233767298513,122.80583107069123,0.0,3.0,0.6657514999969862,736.5135909697975,63.0,1.0,2933.6414762165646,3000.0,35.0,30.0,,0.0,,0.43831335872149463,2.0,2.0,300.0,300.0,2.0,2.0,2933.6414762165646,3000.0,3000.0,3000.0,,,10.0,10.0
0.1757192934539229,0.001945601621240134,0.8017997863125252,16.899305555555557,1142.058,844.8004588659853,-1307.2913558697019,6000.0,1200.0,0.0,1.0,0.0,0.0,0.0,47.44010416666667,0.0,0.0,54.55813072604568,0.0,315.00844498471713,0.0,3.0,1.0,0.0,0.0,0.0,0.012125285962899968,0.0,0.019351800012485043,0.0,0.0,0.0,0.0,0.0,0.0,0.01106343825006485,0.0,0.017817840172245452,0.0,0.0,0.0,39.06317219999619,0.0,18.0,1.0,1.0,118.37877710004925,0.0,1.0,0.8015099028957513,1.0,1.0,36.0,152.73699468187596,381.09270047684606,228.35570579497008,0.0,0.0,60.13512141909186,136.22224111080874,76.0871196917169,459.05611879360043,0.0,2.0,2.0,2.0,1.9878747140371,2.0,1.9806481999875147,2.0,2.0,2.0,2.0,2.0,2.0,1.9889365617499353,2.0,1.9821821598277545,2.0,2.0,2.0,5432.31468730238,0.9619352364910894,0.0,308.79340277777777,611.0765024380883,844.8004588659853,6000.0,1000000.0,844.8004588659853,6000.0,316.3930825844825,844.8004588659853,844.8004588659853,6000.0,0.0,1.0,0.0,49.0,5.0,0.0,1.0,49.0,,0.0,5.0,0.0,,1.0,,,,2.25304499335914,22.00178591847964,0.0,1.0,0.0,,1.0,0.0,1.0,5.0,4.0,0.0,0.0,,9.0,296.0706303610155,49.0,0.0,130.13911611834783,22.0,296.0706303610155,,,,,0.0,0.0,,,,,,,,,,,,,0.0,844.8004588659853,5666.820738,0.0,844.8004588659853,6000.0,318.64612757784164,844.8004588659853,844.8004588659853,5666.820738,1.0,0.0,0.0,,,,18.0,48.651585092375896,2.432579254618795,0.0,316.3930825844825,0.0,1.0,0.0,1.0,1.0,1.0,1.0,0.0,0.0,0.0,0.0,0.0,316.3930825844825,136.22224111080874,0.0,1.0,0.0,318.64612757784164,137.3096494606207,137.3096494606207,0.0,1.0,0.0,1.0,1.0,15.819654129224126,1.0,0.0,1.0,0.0,0.0,1.0,316.3930825844825,1.0,0.0,316.3930825844825,0.0,1.0,313.9605033298637,12803.0,12803.0,12803.0,5242.875,5242.875,5242.875,3732.4,3732.4,3732.4,3.0,21778.275,21778.275,21778.275,844.8004588659853,6000.0,0.0,0.0,220.0,0.0,0.0,1.0,0.0,0.0,0.0,0.5,0.010898829170454628,0.0,5.449414585227315,-1307.2913558697019,2265.811761883195,-3315.000000000001,37566.666666666664,-22100.000000000004,5635.000000000001,,,,,,,,,,-632.5013136516353,1.0,7556.1932870370365,-4216.675424344235,1133.4289930555556,1.0,,,,,3732.4,1200.0,6000.0,5700.0,0.47723006804191964,0.5227699319580804,3890.2886616668006,316.3930825844825,313.9605033298637,1.0,0.0,844.8004588659853,0.0,6000.0,1.0,1.0,1.0,1.0,316.3930825844825,844.8004588659853,6000.0,1.0,0.0,136.22224111080874,45.40741370360291,844.8004588659853,0.0,76.78337522885838,844.8004588659853,6000.0,32.20531615769291,1.0,0.0,0.0,-40.21469094699634,45.40741370360291,3.0,,,,,,,,,,,,,,6.0,0.0,1.0,0.2515527950310557,0.0,0.0,0.0,1.0,0.010964490393527825,0.2515527950310557,0.0,844.8004588659853,6000.0,844.8004588659853,6000.0,316.3930825844825,844.8004588659853,844.8004588659853,6000.0,0.0,1.0,0.0,1.0,0.0,0.0,,,5432.31468730238,0.0,316.3930825844825,7413.5483145449,0.0,1.0,3251.0663571823275,0.0,23.83240163904057,1.0,1.0,0.0,0.0,0.0,5.0,0.010898829170454628,0.0,-1314.472065376547,5632.003059106568,6946.475124483115,6000.0,0.0,0.0,0.0,0.0,0.0,0.0,0.0,17.714686507289237,16.923294965430973,22.330534811597452,21.348713620393976,78.31722990471164,1210.2560878949562,1157.3194541060288,532.5851158896867,508.2166057724305,677.6709720052694,649.1028483335983,2367.575542000985,0.0578093810846011,0.05498088850540564,0.07441496313053655,0.07125009847112534,0.0,39.881850863801354,0.055391459533057436,54.55813072604568,186.62,277.61683301244005,0.0,277.61683301244005,1.0,524.7797220624278,0.0,69.3159536145026,65.93466194903054,70.51685160335231,67.68379604779675,69.3159536145026,65.93466194903054,70.51685160335231,67.68379604779675,273.4512632146822,0.0,0.0,0.0,0.0,0.0,273.4512632146822,0.0,12.060002881097844,0.0,23,18.676759112265213,42.37653331339867,23.699774201133458,4320.0,23.83240163904057,5469.025264293644,5469.025264293644,12.060002881097844,7.894433083340035,0.0,0.0,0.0,387.87920399696844,390.3570446415423,1.0,0.0,388.40194152523395,352.625,340.6972222222222,324.39360699112257,844.8004588659853,844.8004588659853,5632.003059106568,6946.475124483115,1.0,324.39360699112257,1.0,1305.7017780076599,490.40017641794617,0.0,157.38813916514567,7.565471977185229,157.38813916514567,0.019242427548019227,-0.030357510961623202,0.0032716537317489455,0.04818175235635615,0.0846481798078346,6.0,1.0,56.0,56.0,56.0,56.0,62.0,4.0,1.0,0.0,6.0,0.0,0.0,292.75510280158915,0.0,1.2012530060922018,291.6314883595535,292.6774642375326,1.0,292.75510280158915,0.0,0.21279641677733707,292.75510280158915,292.9678992183665,0.0,292.75510280158915,0.0,0.03399125621240273,293.262353956462,292.28184290292876,0.0,292.75510280158915,0.0,1.276029218065105,292.75510280158915,294.0311320196543,0.0,-0.0031393786997434923,-0.0007093213892577902,0.00294289340808942,-0.004253430726883872,1.0,1466.8207381082823,1500.0,1466.8207381082823,1500.0,,,0.0,0.049635139714818345,0.042463916128738254,0.0009802009300830857,-0.006700610369062155,-4.527173450696864e-06,0.0,0.0,0.0,0.09911048002283386,-0.018326158232865274,-0.0062762876732843885,0.01494261792701188,0.006520879138538405,0.1,0.0,0.0,1.0,90.0,90.0,90.0,90.0,90.0,90.0,90.0,90.0,100.0,90.0,90.0,90.0,90.0,100.0,90.0,90.0,0.0,0.0,0.0,0.0,0.0,4.0,4.0,4.0,0.0014076887559592247,-0.013426357447021798,-0.03517617425547373,1.0,0.0,0.0,0.0,0.0,0.0,0.0,1.0,0.0,,578.0,1.0,0.0,0.0,0.0,,0.0,,0.0,,-1.0,0.0,0.0,0.0,0.0,1.0,0.0,0.0,0.0,0.0,,0.0,,844.8004588659853,0.0,844.8004588659853,51.0,136.22224111080874,137.59835509598466,0.0,3.0,1.6337003000080585,844.8004588659853,63.0,1.0,,,42.0,32.0,,,,,2.0,2.0,300.0,300.0,2.0,2.0,,,,,1.0,1.0,10.0,10.0
0.12552990582568002,0.009618082457952093,0.6295393166129027,18.447916666666664,1142.058,814.7228379563991,-1323.3795810753245,6000.0,1200.0,0.0,1.0,0.0,0.14285714285714285,0.14285714285714285,55.64149305555555,0.0,0.0,71.74771115424666,0.0,364.86793802467116,0.0,3.0,1.0,0.0,0.0,0.0,0.008924586715708751,0.0,0.015387116457671471,0.0,0.0,0.0,0.0,0.0,0.0,0.008503658036814275,0.0,0.014997220341874439,0.0,0.0,0.0,38.389588799997,0.0,18.0,1.0,1.0,119.18010428965842,0.0,1.0,0.6228873686248129,1.0,1.0,36.0,172.70320232247929,427.0778615119517,254.37465918947242,1.0,0.0,62.49723154106007,143.92638328785,81.42915174678993,496.8970915116951,0.0,2.0,2.0,2.0,1.9910754132842914,2.0,1.9846128835423285,2.0,2.0,2.0,2.0,2.0,2.0,1.9914963419631857,2.0,1.9850027796581255,2.0,2.0,2.0,5852.606963065225,0.9611096849640625,0.0,280.12807758684534,573.60930733759,814.7228379563991,6000.0,1000000.0,814.7228379563991,6000.0,330.83810977820315,814.7228379563991,814.7228379563991,6000.0,0.0,1.0,0.0,49.0,5.0,0.0,1.0,49.0,,0.0,5.0,0.0,,1.0,,,,5.7791659250075895,14.623605428672988,0.0,1.0,0.0,,1.0,0.0,1.0,5.0,4.0,0.0,0.0,,10.0,306.6246505681484,49.0,0.0,126.20594107148776,23.0,306.6246505681484,,,,,0.0,0.0,,,,,,,,,,,,,0.0,814.7228379563991,5400.0,0.0,814.7228379563991,6000.0,336.61727570321074,814.7228379563991,814.7228379563991,5400.0,1.0,0.0,0.0,,,,24.0,6.371792185198373,0.3185896092599187,0.0,330.83810977820315,0.0,1.0,0.0,1.0,1.0,1.0,1.0,0.0,0.0,0.0,0.0,0.0,330.83810977820315,143.92638328785,0.0,1.0,0.0,336.61727570321074,144.8349845946005,144.8349845946005,0.0,1.0,0.0,1.0,1.0,16.541905488910157,1.0,0.0,1.0,0.0,0.0,0.0,330.83810977820315,1.0,0.0,330.83810977820315,0.0,1.0,330.51952016894325,12803.0,12803.0,12803.0,5242.875,5242.875,5242.875,3732.4,3732.4,3732.4,3.0,21778.275,21778.275,21778.275,814.7228379563991,6000.0,0.0,0.0,220.0,0.0,0.0,1.0,0.0,0.0,0.0,0.5,0.004458145043449866,0.0,2.229072521724933,-1323.3795810753245,2244.770000323498,-3315.000000000001,37566.666666666664,-22100.000000000004,5635.000000000001,,,,,,,,,,-653.9967846732555,1.0,7368.7673611111095,-4359.97856448837,1105.3151041666665,1.0,,,,,3732.4,1200.0,6000.0,5065.627067059363,0.45884298562778125,0.5411570143722189,3973.600057621957,330.83810977820315,330.51952016894325,1.0,0.0,814.7228379563991,0.0,6000.0,1.0,1.0,1.0,1.0,330.83810977820315,814.7228379563991,6000.0,1.0,1.0,143.92638328785,47.97546109595,814.7228379563991,0.0,78.11923697592806,814.7228379563991,6000.0,41.17342940026203,1.0,0.0,0.0,-37.478129566617255,47.97546109595,3.0,,,,,,,,,,,,,,6.0,0.0,1.0,0.2515527950310557,0.0,0.0,0.0,1.0,0.016750004001524786,0.2515527950310557,0.0,814.7228379563991,6000.0,814.7228379563991,6000.0,330.83810977820315,814.7228379563991,814.7228379563991,6000.0,0.0,1.0,0.0,1.0,0.0,0.0,,,5852.606963065225,0.0,330.83810977820315,7812.950331614442,0.0,0.9999733297895921,3307.7630551946672,0.0,0.0,1.0,1.0,0.0,0.0,0.0,5.0,0.004458145043449866,0.0,-1105.0474590855738,5431.485586375993,6536.533045461567,6000.0,0.0,0.0,0.0,0.0,0.0,0.0,0.0,33.78708374566228,32.63297728834313,43.6639414903469,42.38947787623176,152.47348040058407,1208.180630113206,1175.4214556799625,526.9131248833052,511.2219517778724,681.2675052299007,664.1995039020901,2383.6020857931685,0.03984538108392175,0.03860620963709843,0.0553706143848121,0.05440182164781929,0.0,6.583811229434332,0.00914418226310324,71.74771115424666,186.62,273.87511273548205,0.0,273.87511273548205,1.0,552.1494644659738,0.0,66.65354367792696,64.31417955391649,69.59702952570156,66.70369619236823,66.65354367792696,64.31417955391649,69.59702952570156,66.70369619236823,267.26844894991325,0.0,0.0,0.0,0.0,0.0,267.26844894991325,0.0,18.666666666666664,0.0,24,19.966207640603326,45.98516103510567,26.018953394502343,4500.0,0.0,5345.3689789982645,5345.3689789982645,18.666666666666664,12.060002881097843,0.0,0.0,0.0,413.3236426525034,420.56433384541566,1.0,0.0,415.98640184857817,352.625,315.06944444444446,328.4964603856588,814.7228379563991,814.7228379563991,5431.485586375993,6536.533045461567,1.0,328.4964603856588,1.0,1369.7720868928602,543.3756060583802,0.0,151.6790271234365,7.992922988828473,151.6790271234365,0.036191981381646476,-0.17344569189528142,0.02084668919912262,0.8200121174651279,0.7868901516506007,6.0,1.0,56.0,56.0,56.0,54.0,56.0,5.0,1.0,0.0,6.0,0.0,0.0,309.1222233069322,0.0,1.3332493446226863,309.1222233069322,307.78897396230957,0.0,309.1222233069322,0.0,0.07833802281732005,309.1222233069322,309.2005613297495,0.0,309.1222233069322,0.0,0.1739428959391489,309.1222233069322,308.9482804109931,0.0,309.1222233069322,0.0,0.6340027455363497,309.1222233069322,309.75622605246855,0.0,0.004444164482075431,-0.0002611267427244002,0.0006235411850177286,-0.0021133424851211657,1.0,1500.0,1500.0,1500.0,1500.0,,,0.0,0.12669423160759125,-0.02277477744569545,0.19515189453029932,0.00011570378531260417,0.0,0.0,-0.0007707532743097545,0.0,0.09834367512088421,-0.014021859091834798,-0.003325378692638381,0.000755683613525804,0.0006822034275463906,0.0,0.0,0.0,1.0,90.0,90.0,90.0,90.0,90.0,90.0,90.0,90.0,100.0,90.0,90.0,90.0,90.0,90.0,90.0,90.0,0.0,0.0,0.0,0.0,0.0,4.0,4.0,4.0,0.032119017142978684,-0.04917847914216467,0.032667556577876636,1.0,0.0,0.0,0.0,0.0,0.0,0.0,1.0,0.0,,540.0,1.0,0.0,0.0,0.0,,0.0,,0.0,,-1.0,0.0,0.0,0.0,0.0,1.0,0.0,0.0,0.0,0.0,,0.0,,814.7228379563991,0.0,814.7228379563991,60.0,143.92638328785,144.6380946565717,0.0,3.0,1.5672297999844886,814.7228379563991,63.0,1.0,,,36.0,35.0,,,,,2.0,2.0,300.0,300.0,2.0,2.0,,,,,1.0,1.0,10.0,10.0
0.17546922517228497,0.007910150929923088,0.7639169624039089,16.899305555555557,1142.058,811.0585098529529,-1343.0087262107863,6000.0,1200.0,0.0,1.0,0.0,0.0,0.0,45.89149305555556,0.0,0.0,110.09605368063517,0.0,362.32488817563154,0.0,3.0,1.0,0.0,0.0,0.0,0.018042591657737472,0.0,0.030291777135038042,0.0,0.0,0.0,0.0,0.0,0.0,0.016867389432968023,0.0,0.02909629235581732,0.0,0.0,0.0,37.17033759999322,0.0,18.0,1.0,1.0,119.27900876623342,0.0,1.0,1.066804257758448,1.0,1.0,36.0,193.94987971466188,475.11201366681564,281.1621339521538,43.0,0.0,63.43790540832269,149.659784933413,86.22187952509029,441.7966708672458,0.0,2.0,2.0,2.0,1.9819574083422624,2.0,1.9697082228649618,2.0,2.0,2.0,2.0,2.0,2.0,1.983132610567032,2.0,1.9709037076441827,2.0,2.0,2.0,6178.15353984635,0.9631447944448962,0.0,304.3333697750781,589.4366510055393,811.0585098529529,6000.0,1000000.0,811.0585098529529,6000.0,344.59206474653746,811.0585098529529,811.0585098529529,6000.0,0.0,1.0,0.0,49.0,5.0,0.0,1.0,49.0,,0.0,5.0,0.0,,1.0,,,,0.5084442463190157,13.475340098765173,0.0,1.0,0.0,,1.0,0.0,1.0,5.0,4.0,0.0,0.0,,11.0,318.005083544097,49.0,0.0,123.83696666148404,24.0,318.005083544097,,,,,0.0,0.0,,,,,,,,,,,,,0.0,811.0585098529529,5607.8163866528375,0.0,811.0585098529529,6000.0,345.1005089928565,811.0585098529529,811.0585098529529,5607.8163866528375,1.0,0.0,0.0,,,,24.0,4.663085670795773,0.23315428353978868,0.0,344.59206474653746,0.0,1.0,0.0,1.0,1.0,1.0,1.0,0.0,0.0,0.0,0.0,0.0,344.59206474653746,149.659784933413,0.0,1.0,0.0,345.1005089928565,149.86272073582091,149.86272073582091,0.0,1.0,0.0,1.0,1.0,17.229603237326874,1.0,0.0,1.0,0.0,0.0,0.0,344.59206474653746,1.0,0.0,344.59206474653746,0.0,1.0,344.00484049842913,12803.0,12803.0,12803.0,5242.875,5242.875,5242.875,3732.4,3732.4,3732.4,3.0,21778.275,21778.275,21778.275,811.0585098529529,6000.0,0.0,0.0,220.0,0.0,7.081399291371213,1.0,0.0,7.081399291371213,0.35406996456856066,0.5,0.0025851064026199445,0.0,1.2925532013099723,-1343.0087262107863,2250.9083069142507,-3315.000000000001,37566.666666666664,-22100.000000000004,5635.000000000001,,,,,,,,,,-680.2232773438725,1.0,7423.443287037037,-4534.821848959149,1113.5164930555559,1.0,,,,,3732.4,1200.0,6000.0,4188.717694479774,0.4346360644421396,0.5653639355578606,4105.733333333334,344.59206474653746,344.00484049842913,1.0,0.0,811.0585098529529,0.0,6000.0,1.0,1.0,1.0,1.0,344.59206474653746,811.0585098529529,6000.0,1.0,1.0,149.659784933413,49.88659497780433,811.0585098529529,0.0,63.23541581010518,811.0585098529529,6000.0,45.04362974021801,1.0,0.0,0.0,-28.995452600303608,49.88659497780433,3.0,,,,,,,,,,,,,,6.0,0.0,1.0,0.2515527950310557,0.0,0.0,0.0,1.0,0.02592592592592593,0.2515527950310557,0.0,811.0585098529529,6000.0,811.0585098529529,6000.0,344.59206474653746,811.0585098529529,811.0585098529529,6000.0,0.0,1.0,0.0,1.0,0.0,0.0,,,6178.15353984635,0.0,344.59206474653746,7891.267519374916,0.0,0.997689554736489,3319.318553600396,0.0,0.0,1.0,1.0,0.0,0.0,0.0,5.0,0.0025851064026199445,0.0,-1918.5515390767232,5407.056732353019,7325.608271429742,6000.0,0.0,0.0,0.0,0.0,0.0,0.0,0.0,17.52065814033923,17.041370614604276,22.643632095593162,22.21601001670915,79.42167086724581,1207.6867861802175,1177.8933891444515,527.7476774071482,510.5028637519776,679.9391087730692,667.3905253924739,2385.5801753246687,0.07528479943042705,0.07259690651563273,0.0997344571890751,0.09757401680236323,0.0,46.45517329855066,0.0645210740257648,110.09605368063517,186.62,249.60861174193184,0.0,249.60861174193184,1.0,537.7242478210819,0.0,66.27412871061678,63.441073155061225,67.56205216034913,64.72899660479358,66.27412871061678,63.441073155061225,67.56205216034913,64.72899660479358,262.0062506308207,0.0,0.0,0.0,0.0,0.0,262.0062506308207,0.0,6.269027777777778,0.0,25,21.246677392182583,48.034152154863975,26.78747476268139,4680.0,0.0,5240.125012616414,5240.125012616414,6.269027777777778,18.666666666666664,0.0,0.0,0.0,394.2803014524316,417.6937683210306,1.0,0.0,394.1212302718762,352.625,331.6666666666667,326.16802468086314,811.0585098529529,811.0585098529529,5407.056732353019,7325.608271429742,1.0,326.16802468086314,1.0,1338.8708355630597,550.1087770080668,0.0,156.7583363567829,7.9755710671479045,156.7583363567829,0.05663572106658925,-0.07955468521343434,0.045131931240744994,0.3640141408141109,0.8240036881489422,6.0,1.0,56.0,62.0,56.0,50.0,50.0,6.0,1.0,0.0,6.0,0.0,0.0,318.5206708604329,0.0,0.9981866315052912,318.5206708604329,319.5188574919382,0.0,318.5206708604329,0.0,0.18338655974196172,318.5206708604329,318.7040574201749,0.0,318.5206708604329,0.0,2.6163506335361717,318.5206708604329,321.1370214939691,0.0,318.5206708604329,0.0,0.3805272798731494,318.5206708604329,318.90119814030606,0.0,-0.0029541504141400547,-0.0005859045799087899,-0.008937612802731962,-0.0009422114518263431,1.0,1500.0,1500.0,1500.0,1500.0,,,0.0,0.0700428111547275,0.03416882404364827,0.14863499726695154,0.0,-8.856997146722278e-06,0.0,0.0,0.0,0.09943930452094137,-0.011575111057685205,-0.013076295838479092,0.0008358243302081902,0.0,0.0,0.0,0.0,1.0,80.0,90.0,80.0,90.0,90.0,90.0,90.0,90.0,100.0,90.0,90.0,90.0,90.0,90.0,90.0,90.0,0.0,0.0,0.0,0.0,0.0,4.0,4.0,4.0,0.018601860567876237,-0.07368594184385628,0.07154412409754522,1.0,0.0,0.0,0.0,0.0,0.0,0.0,1.0,0.0,,493.0,1.0,0.0,0.0,0.0,,0.0,,0.0,,-1.0,0.0,0.0,0.0,0.0,1.0,0.0,0.0,0.0,0.0,,0.0,,811.0585098529529,0.0,811.0585098529529,42.0,149.659784933413,150.1846883685862,0.0,3.0,1.490457299980335,811.0585098529529,63.0,1.0,,,36.0,35.0,,,,,2.0,2.0,300.0,300.0,2.0,2.0,,,,,1.0,1.0,10.0,10.0
0.12552990582568002,0.012145766910682976,0.6498920561377949,18.447916666666664,1142.058,792.0636889817997,-1367.7627555650183,6000.0,1200.0,0.0,1.0,0.0,0.14285714285714285,0.14285714285714285,55.64149305555555,0.0,0.0,128.12840181962278,0.0,375.6587868039511,0.0,3.0,1.0,0.0,0.0,0.0,0.009567073905490275,0.0,0.015445820616829408,0.0,0.0,0.0,0.0,0.0,0.0,0.008522784749056964,0.0,0.014994162442283675,0.0,0.0,0.0,30.380317800008925,0.0,18.0,1.0,1.0,119.20997715813425,0.0,1.0,0.6424272962037623,1.0,1.0,36.0,215.0523953558444,525.1988300270216,310.14643467117713,35.0,0.0,66.06373367562952,155.91727706334734,89.85354338771782,501.8876673127835,0.0,2.0,2.0,2.0,1.9904329260945097,2.0,1.9845541793831707,2.0,2.0,2.0,2.0,2.0,2.0,1.991477215250943,2.0,1.9850058375577164,2.0,2.0,2.0,6009.61046414906,0.9663075554392733,0.0,433.015625,782.59657230787,792.0636889817997,5481.637866436043,0.0,792.0636889817997,6000.0,367.7580153193397,792.0636889817997,792.0636889817997,5481.637866436043,1.0,0.0,0.0,49.0,5.0,0.0,1.0,49.0,0.0,0.0,5.0,0.0,1.0,1.0,368.4485114473589,792.0636889817997,6000.0,0.6904961280192197,96.90102571709514,0.0,1.0,0.0,1.0,1.0,0.0,1.0,5.0,4.0,0.0,0.0,792.0636889817997,12.0,330.4982581273732,49.0,0.0,121.41181803955897,25.0,330.4982581273732,792.0636889817997,6000.0,792.0636889817997,5481.637866436043,0.0,0.0,,,,,,,,,,,,,0.0,792.0636889817997,5400.0,12.0,-1367.7627555650183,5750.0,368.4485114473589,792.0636889817997,792.0636889817997,5400.0,1.0,0.0,0.0,792.0636889817997,6000.0,1.0,16.0,88.53292118188398,4.426646059094199,0.0,464.6590410364348,0.0,1.0,0.0,1.0,1.0,1.0,1.0,0.0,0.0,0.0,0.0,0.0,464.6590410364348,154.96805610034778,0.0,0.0,0.0,367.7580153193397,155.91727706334734,155.91727706334734,0.0,1.0,96.90102571709514,0.0,0.0,23.23295205182174,0.0,0.0,0.0,0.0,0.0,0.0,464.6590410364348,1.0,0.0,464.6590410364348,0.0,1.0,363.3313692602455,12803.0,12803.0,12803.0,5242.875,5242.875,5242.875,3732.4,3732.4,3732.4,3.0,21778.275,21778.275,21778.275,792.0636889817997,6000.0,1.0,0.0,220.0,0.0,0.0,1.0,0.0,0.0,0.0,0.5,0.0,0.0,0.0,-1367.7627555650183,2243.610946665803,-3315.000000000001,37566.666666666664,-22100.000000000004,5635.000000000001,0.15000000000000002,0.0,959.2324915570264,578.8107132510183,959.2324915570264,578.8107132510183,1.0,1.0,0.0,-713.2971256926804,1.0,7358.443287037035,-4755.314171284535,1103.7664930555554,1.0,792.0636889817997,0.0,0.0,792.0636889817997,3732.4,1200.0,6000.0,4275.0,0.4136063110726738,0.5863936889273261,3857.7805555555556,367.7580153193397,363.3313692602455,1.0,,792.0636889817997,,6000.0,1.0,,1.0,1.0,464.6590410364348,,,0.0,0.0,155.91727706334734,51.97242568778245,792.0636889817997,0.0,456.91805322053904,792.0636889817997,5481.637866436043,47.13887522677237,1.0,0.0,0.0,-24.240482387840558,51.65601870011593,3.0,0.0,0.0,518.3621335639573,1.0,0.0,1.0,0.0,0.0,0.0,0.0,0.0,0.0,1.0,6.0,0.0,1.0,0.2515527950310557,0.0,0.0,0.0,1.0,0.008706983024691358,0.2515527950310557,0.0,792.0636889817997,5481.637866436043,792.0636889817997,6000.0,367.7580153193397,792.0636889817997,792.0636889817997,5481.637866436043,1.0,0.0,0.0,0.0,0.0,0.0,792.0636889817997,6000.0,6009.61046414906,0.0,367.7580153193397,7914.621768072668,0.0,0.9992321113751527,3290.0293118263567,0.0,248.14901196542968,1.0,1.0,0.0,0.0,1.0,1.0,2.8829092928626076e-06,0.0,-1196.6221249164064,5280.4245932119975,6477.046718128404,5481.637866436043,0.0,0.0,0.0,0.0,0.0,0.0,0.0,35.767621224934175,34.099178428721665,44.97435579549726,44.17151186363044,159.01266731278355,1211.5424305973133,1172.6571125653709,539.2126626497277,512.2767125512039,672.3297679475857,660.380400014167,2384.1995431626838,0.04204441572717423,0.03926165701981246,0.05652459410657973,0.055414686831349466,0.0,6.6603597609966485,0.009250499668050902,128.12840181962278,186.62,275.5369030045426,0.0,275.5369030045426,1.0,561.7187735586039,0.0,58.16262152777778,64.61290195350516,62.22062494281313,65.44978565987724,58.16262152777778,64.61290195350516,62.22062494281313,65.44978565987724,250.4459340839733,0.0,0.0,0.0,0.0,0.0,250.4459340839733,0.0,31.359996698347064,0.0,26,21.10251564118252,50.086816360205844,28.984300719023327,4860.0,248.14901196542968,5008.918681679466,5487.371807823203,31.359996698347064,6.269027777777778,0.0,0.0,0.0,409.98003873161804,423.3575075366706,1.0,0.0,413.40085963718167,352.625,313.5208333333333,333.19104997415786,792.0636889817997,792.0636889817997,5280.4245932119975,6477.046718128404,1.0,333.19104997415786,1.0,1389.227316280376,597.17075451236,0.0,153.25637345738147,8.017586463042342,153.25637345738147,0.06041652846521521,-0.10823407393589553,-0.001354553144721585,-0.09369532059964336,0.06566286560697762,6.0,1.0,56.0,62.0,56.0,44.0,44.0,7.0,1.0,0.0,6.0,0.0,0.0,327.6665134344638,0.0,0.18565258346893643,327.6665134344638,327.4808608509948,0.0,327.6665134344638,0.0,0.18466560028309686,327.6665134344638,327.85117903474696,0.0,327.6665134344638,0.0,0.0027661630183501984,327.6665134344638,327.66927959748216,0.0,327.6665134344638,0.0,0.2429703628754396,327.6665134344638,327.9094837973393,0.0,0.0006188419448966442,-0.0006155520009438457,-9.22054339450066e-06,-0.0008099012095849882,1.0,1500.0,1500.0,1500.0,1500.0,1.0,1.0,0.0,-0.03097571606437697,0.019136426824196383,-0.055968674955734696,9.666956899785361e-05,-8.862642669384967e-05,-0.003596328813262062,-0.0028395907884288365,0.0,0.09890749408197479,-0.01574237362731683,-0.017755728161191975,0.00229908709451454,0.003442648263035153,0.0,0.0,0.0,1.0,80.0,90.0,70.0,90.0,90.0,90.0,90.0,90.0,100.0,90.0,90.0,90.0,90.0,90.0,90.0,90.0,0.0,0.0,0.0,0.0,0.0,4.0,0.0,4.0,0.08399041947066528,-0.003424203895073777,0.07562627752893286,1.0,0.0,0.0,0.0,0.0,0.0,0.0,1.0,0.0,0.0,157.0,1.0,0.0,1.0,959.2324915570264,792.0636889817997,578.8107132510183,792.0636889817997,792.0636889817997,792.0636889817997,1.0,1.0,0.0,0.0,0.0,1.0,0.0,0.0,0.0,792.0636889817997,792.0636889817997,0.0,792.0636889817997,792.0636889817997,792.0636889817997,0.0,60.0,155.91727706334734,155.80826442505656,0.0,2.0,0.7035933000151999,792.0636889817997,61.0,1.0,2481.6378664360427,3000.0,36.0,35.0,,0.5070600286947473,,0.9340277055514218,2.0,2.0,300.0,300.0,2.0,2.0,2481.6378664360427,3000.0,2700.0,3000.0,,,10.0,10.0
0.17546922517228497,0.011768718888662377,0.7739119917250621,16.899305555555557,1142.058,770.7468953114098,-1382.7214546486202,6000.0,1200.0,0.0,1.0,0.0,0.0,0.0,45.89149305555556,0.0,0.0,157.4320322529472,0.0,363.22236876011374,0.0,3.0,1.0,0.0,0.0,0.0,0.018822217094747493,0.0,0.03024320871511537,0.0,0.0,0.0,0.0,0.0,0.0,0.016824907097617105,0.0,0.029172633594128028,0.0,0.0,0.0,39.42379569998593,0.0,18.0,1.0,1.0,119.68171488626555,0.0,1.0,1.0720490970364411,1.0,1.0,36.0,237.4037464455774,577.0807444865184,339.67699804094093,42.0,0.0,68.28498620258605,161.14995129796532,92.86496509537926,442.0638862453418,0.0,2.0,2.0,2.0,1.9811777829052524,2.0,1.9697567912848848,2.0,2.0,2.0,2.0,2.0,2.0,1.9831750929023828,2.0,1.970827366405872,2.0,2.0,2.0,6370.667993584861,0.9692331433268625,0.0,304.5989583333333,600.2036016361187,770.7468953114098,5624.306898566891,0.0,770.7468953114098,6000.0,371.8328436561954,770.7468953114098,770.7468953114098,5624.306898566891,1.0,0.0,0.0,49.0,5.0,0.0,1.0,49.0,0.0,0.0,5.0,0.0,1.0,1.0,383.15499141323534,770.7468953114098,6000.0,11.322147757039943,125.02081291488088,0.0,1.0,0.0,1.0,1.0,0.0,1.0,5.0,4.0,0.0,0.0,770.7468953114098,11.0,341.6336315122783,49.0,0.0,123.05903617799754,24.0,341.6336315122783,770.7468953114098,6000.0,770.7468953114098,5624.306898566891,0.0,0.0,,,,,,,,,,,,,0.0,758.361226190485,5405.614657019649,11.0,-1382.7214546486202,5500.0,383.15499141323534,758.361226190485,758.361226190485,5405.614657019649,1.0,0.0,0.0,770.7468953114098,6000.0,1.0,24.0,108.38186000496754,5.4190930002483775,0.0,496.85365657107627,0.0,1.0,0.0,1.0,1.0,1.0,1.0,0.0,0.0,0.0,0.0,0.0,496.85365657107627,160.67084317294433,0.0,0.0,0.0,371.8328436561954,161.14995129796532,161.14995129796532,0.0,1.0,125.02081291488088,0.0,0.0,24.842682828553816,0.0,0.0,0.0,0.0,0.0,0.0,496.85365657107627,1.0,0.0,496.85365657107627,0.0,1.0,366.413750655947,12803.0,12803.0,12803.0,5242.875,5242.875,5242.875,3732.4,3732.4,3732.4,3.0,21778.275,21778.275,21778.275,770.7468953114098,6000.0,1.0,0.0,220.0,0.0,0.0,1.0,0.0,0.0,0.0,0.5,0.0017670706490115079,0.0,0.8835353245057539,-1382.7214546486202,2250.9083069142507,-3315.000000000001,37566.666666666664,-22100.000000000004,5635.000000000001,0.15000000000000002,0.0,933.8093809242514,571.9098243232844,933.8093809242514,571.9098243232844,1.0,1.0,0.0,-733.2834373313518,1.0,7423.443287037037,-4888.556248875678,1113.5164930555559,1.0,770.7468953114098,0.0,0.0,770.7468953114098,3732.4,1200.0,6000.0,3762.1060862441664,0.4373844830944817,0.5626155169055184,4359.5999339669415,371.8328436561954,366.413750655947,1.0,,770.7468953114098,,6000.0,1.0,,1.0,1.0,496.85365657107627,,,0.0,0.0,161.14995129796532,53.71665043265511,770.7468953114098,0.0,250.19733925567272,770.7468953114098,5624.306898566891,48.99999304936506,1.0,0.0,0.0,-23.28738423490185,53.556947724314774,3.0,0.0,0.0,375.6931014331094,1.0,0.0,1.0,0.0,0.0,0.0,0.0,0.0,0.0,1.0,6.0,0.0,1.0,0.2515527950310557,0.0,0.0,0.0,1.0,0.04355555096992648,0.2515527950310557,0.0,770.7468953114098,5624.306898566891,770.7468953114098,6000.0,371.8328436561954,770.7468953114098,770.7468953114098,5624.306898566891,1.0,0.0,0.0,0.0,0.0,0.0,770.7468953114098,6000.0,6370.667993584861,0.0,371.8328436561954,7888.392887818519,0.0,0.998482760743302,3318.4030382975934,0.0,93.87248272633536,1.0,1.0,0.0,0.0,0.0,5.0,0.0017670706490115079,0.0,-2091.2159433990582,5138.312635409398,7229.528578808457,5624.306898566891,0.0,0.0,0.0,0.0,0.0,0.0,0.0,17.850237777111932,17.029331864447226,22.593429793424534,22.215886810358125,79.68888624534182,1215.496944923973,1178.1373528013373,535.6588719602455,509.9736259407733,679.8380729637273,668.1637268605641,2393.63429772531,0.07703348683047442,0.07250568086369184,0.0996510563165399,0.09768305978651895,0.0,46.6809926711086,0.06483471204320639,157.4320322529472,186.62,258.5972435411543,0.0,258.5972435411543,1.0,546.6246834152947,0.0,65.60767246417225,65.60786516138681,65.60767246417225,66.81346494252367,65.60767246417225,65.60786516138681,65.60767246417225,66.81346494252367,263.63667503225497,0.0,0.0,0.0,0.0,0.0,263.63667503225497,0.0,26.320565207246357,0.0,27,22.35135108973301,51.881914459496784,29.530563369763776,5040.0,93.87248272633536,5272.733500645099,5648.42660207821,26.320565207246357,31.359996698347064,0.0,0.0,0.0,392.2234389118233,415.7335244821246,1.0,0.0,390.9615031479345,352.625,331.66666666666663,324.23671383333584,770.7468953114098,770.7468953114098,5138.312635409398,7229.528578808457,1.0,324.23671383333584,1.0,1346.0299335987813,594.2850284564372,0.0,156.1669459389739,7.9076124964170775,156.1669459389739,0.020334983990950052,-0.09013086855929153,0.009508616167570852,0.019323405232706994,0.06913683695750893,6.0,1.0,56.0,62.0,56.0,50.0,50.0,8.0,1.0,0.0,6.0,0.0,0.0,340.25731833983224,0.0,0.7034374747232732,338.1504074193703,341.6607917855709,0.0,340.25731833983224,0.0,0.0816112547998955,340.25731833983224,340.3389295946322,0.0,340.25731833983224,0.0,1.3475861469195252,337.5224233158483,341.6446272168967,0.0,340.25731833983224,0.0,0.1934043163878414,340.25731833983224,340.4507226562201,0.0,-0.005549617306716463,-0.0002162110998436617,-0.008068985724121503,-0.000444490288751022,1.0,1200.0,1500.0,1281.6378664360427,1500.0,1.0,1.0,0.0,-0.02501831230393172,-0.00947880988425105,-0.05587510378176823,0.0,0.0,0.0,0.0,0.0,0.10207534887466992,-0.00706129831835316,-0.00663843064889953,0.0017422911259245665,0.0,0.0,0.0,0.0,1.0,80.0,90.0,70.0,90.0,90.0,90.0,90.0,90.0,100.0,90.0,90.0,90.0,90.0,90.0,90.0,90.0,0.0,0.0,0.0,0.0,0.0,4.0,4.0,4.0,0.04872292637139399,-0.045303904019774896,0.04969956871484342,1.0,0.0,0.0,0.0,0.0,0.0,0.0,1.0,0.0,0.0,565.0,1.0,0.0,1.0,933.8093809242514,770.7468953114098,571.9098243232844,770.7468953114098,770.7468953114098,770.7468953114098,1.0,1.0,0.0,0.0,0.0,1.0,0.0,0.0,0.0,770.7468953114098,770.7468953114098,0.0,770.7468953114098,770.7468953114098,770.7468953114098,0.0,45.0,161.14995129796532,161.72653162186265,0.0,3.0,1.6201368999900296,770.7468953114098,63.0,1.0,2624.30689856689,3000.0,48.0,35.0,,0.49922379103055065,,0.9304109804756387,2.0,2.0,300.0,300.0,2.0,2.0,2624.30689856689,3000.0,3000.0,3000.0,1.0,1.0,10.0,10.0
0.11988712360302495,0.013123151501789276,0.6986206316663204,21.18055555555555,1142.058,771.3645772792385,-1392.3947406158645,6000.0,1200.0,0.0,1.0,0.0,0.14285714285714285,0.14285714285714285,64.97482638888889,0.0,0.0,171.60363976264688,0.0,373.20762723122476,0.0,3.0,1.0,0.0,0.0,0.0,0.008859639439535986,0.0,0.010423855164800044,0.0,0.0,0.0,0.0,0.0,0.0,0.008538831190116855,0.0,0.01007935786044081,0.0,0.0,0.0,39.18297349999193,0.0,18.0,1.0,1.0,119.01023525183213,0.0,1.0,0.5488240643797472,1.0,1.0,36.0,259.79561089687445,630.7917220473214,370.996111150447,40.0,0.0,70.41907324128684,166.37163469561682,95.95256145432998,496.3677557804902,0.0,2.0,2.0,2.0,1.9911403605604638,2.0,1.9895761448352,2.0,2.0,2.0,2.0,2.0,2.0,1.9914611688098833,2.0,1.989920642139559,2.0,2.0,2.0,7281.370862305778,0.9718023363463519,0.0,432.37673611111114,766.3797184709733,771.3645772792385,4724.306898,0.0,771.3645772792385,6000.0,407.4112958112033,771.3645772792385,771.3645772792385,4724.306898,1.0,0.0,0.0,49.0,5.0,0.0,1.0,49.0,,0.0,5.0,0.0,,1.0,,,,8.407147486779195,217.8058770534389,0.0,1.0,0.0,,1.0,0.0,1.0,5.0,4.0,0.0,0.0,,11.0,352.8003932618217,49.0,0.0,121.59739177214072,24.0,352.8003932618217,,,,,0.0,0.0,,,,,,,,,,,,,0.0,758.7146626725954,4724.306898,11.0,-1392.3947406158645,5500.0,415.81844329798247,758.7146626725954,758.7146626725954,4724.306898,1.0,0.0,0.0,,,,18.0,1066.857990854777,53.34289954273885,0.0,625.2171728646422,0.0,1.0,0.0,1.0,1.0,1.0,1.0,0.0,0.0,0.0,0.0,0.0,625.2171728646422,166.37163469561682,0.0,0.0,0.0,407.4112958112033,168.25382025528268,168.25382025528268,0.0,1.0,217.8058770534389,0.0,1.0,31.260858643232112,1.0,0.0,1.0,0.0,0.0,1.0,625.2171728646422,1.0,0.0,625.2171728646422,0.0,1.0,571.8742733219033,12803.0,12803.0,12803.0,5242.875,5242.875,5242.875,3732.4,3732.4,3732.4,3.0,21778.275,21778.275,21778.275,771.3645772792385,6000.0,0.0,0.0,220.0,0.0,0.0,1.0,0.0,0.0,0.0,0.5,0.004660372857913459,0.0,2.3301864289567296,-1392.3947406158645,2243.610946665803,-3315.000000000001,37566.666666666664,-22100.000000000004,5635.000000000001,,,,,,,,,,-746.2079106983755,1.0,7358.443287037035,-4974.719404655836,1103.7664930555554,1.0,,,,,3732.4,1200.0,6000.0,3686.445170440414,0.43372454122751236,0.5662754587724876,4258.811304144927,625.2171728646422,571.8742733219033,1.0,0.0,771.3645772792385,0.0,6000.0,1.0,1.0,1.0,1.0,625.2171728646422,771.3645772792385,6000.0,1.0,0.0,166.37163469561682,55.457211565205604,771.3645772792385,0.0,236.12024706385952,771.3645772792385,6000.0,50.838879878242764,1.0,0.0,0.0,-23.63176938807834,55.457211565205604,3.0,,,,,,,,,,,,,,6.0,0.0,1.0,0.2515527950310557,0.0,0.0,0.0,1.0,0.03655634056561994,0.2515527950310557,0.0,771.3645772792385,6000.0,771.3645772792385,6000.0,625.2171728646422,771.3645772792385,771.3645772792385,4724.306898,0.0,1.0,0.0,1.0,0.0,0.0,,,7281.370862305778,0.0,625.2171728646422,7943.307995234647,0.0,0.9916213124511134,3341.660311296104,0.0,0.0,1.0,1.0,0.0,0.0,0.0,5.0,0.004660372857913459,0.0,-1208.4193767368452,5142.430515194922,6350.849891931767,6000.0,0.0,0.0,0.0,0.0,0.0,0.0,0.0,34.8020652037275,34.08877629009445,47.697119012809836,46.238128607191804,162.8260891138236,1203.7297802410824,1176.4749247955594,516.6600766097059,512.3994774548869,687.0697036313763,664.0754473406726,2380.204705036642,0.040397465032531214,0.039291724977522945,0.04200994074633306,0.041077361562942546,0.0,2.880840235338596,0.004001166993525828,171.60363976264688,186.62,274.2818500108146,0.0,274.2818500108146,1.0,556.7887246173325,0.0,75.0,64.39669890224808,75.0,67.61485110315922,75.0,64.39669890224808,75.0,67.61485110315922,282.0115500054073,0.0,0.0,0.0,0.0,0.0,282.0115500054073,0.0,18.59086521265362,0.0,28,22.391864451297042,53.71097756080314,31.319113109506095,5220.0,0.0,5640.231000108146,5640.231000108146,18.59086521265362,26.32056520724636,0.0,0.0,0.0,413.50482810351326,423.7326917095742,1.0,0.0,412.28817417668944,352.625,308.8541666666667,325.6469128617655,771.3645772792385,771.3645772792385,5142.430515194922,6350.849891931767,1.0,325.6469128617655,1.0,1376.985834799031,648.8666403282251,0.0,151.82122283595263,8.064579243882678,151.82122283595263,0.018715153994723455,-0.10857278273220541,0.002105483155064203,0.1323549386147492,0.06323663472258972,6.0,1.0,56.0,62.0,56.0,50.0,50.0,9.0,1.0,0.0,6.0,1.0,0.0,349.73618385492534,1.0,13.502702761630871,363.67092904093266,349.30414143054884,0.0,349.73618385492534,0.0,0.018804136460630616,349.73618385492534,349.7173797184647,0.0,349.73618385492534,1.0,15.0824657933764,364.9918540963059,349.5629794069212,0.0,349.73618385492534,0.0,0.1792266354120784,349.73618385492534,349.9154104903374,0.0,0.029735547109451865,6.268045486876873e-05,0.03183200956314129,-0.0005974221180402613,1.0,1312.153449283445,1500.0,1312.153449283445,1500.0,,,0.0,-0.01612891425694052,0.1232646372240005,0.2207646157562856,0.0,0.0,0.011833587092138487,0.0,0.0,-0.004347318681050716,-0.006783935922278595,-0.0011880834603344333,0.005278565881843101,0.001320936963937136,0.0,0.0,0.0,1.0,80.0,90.0,70.0,90.0,90.0,90.0,90.0,90.0,90.0,90.0,90.0,90.0,90.0,90.0,90.0,90.0,0.0,0.0,0.0,0.0,0.0,4.0,0.0,4.0,0.05249261433269797,-0.012807420838990113,0.047105835326895086,1.0,0.0,0.0,0.0,0.0,0.0,0.0,1.0,0.0,,609.0,1.0,0.0,0.0,0.0,,0.0,,0.0,,-1.0,0.0,0.0,0.0,0.0,1.0,0.0,0.0,0.0,0.0,,0.0,,771.3645772792385,0.0,771.3645772792385,60.0,166.37163469561682,166.45421279809767,0.0,2.0,1.7137797999894246,771.3645772792385,61.0,1.0,,,48.0,36.0,,,,,2.0,2.0,300.0,300.0,2.0,2.0,,,,,1.0,1.0,10.0,10.0
0.17546922517228497,0.011545820662268336,0.7839800786343823,16.899305555555557,1142.058,778.1478210502083,-1411.6471945787139,6000.0,1200.0,0.0,1.0,0.0,0.0,0.0,45.89149305555556,0.0,0.0,195.3319994785315,0.0,363.9013195084281,0.0,3.0,1.0,0.0,0.0,0.0,0.018353530497972663,0.0,0.024561063268320266,0.0,0.0,0.0,0.0,0.0,0.0,0.016803422853774317,0.0,0.02421667505318696,0.0,0.0,0.0,38.3014334999898,0.0,18.0,1.0,1.0,119.41027009661899,0.0,1.0,0.9948670658408517,1.0,1.0,36.0,283.5399692371705,686.0934743036491,402.5535050664786,78.0,0.0,73.2122722792018,171.880032786609,98.66776050740721,447.7864374109219,0.0,2.0,2.0,2.0,1.981646469502027,2.0,1.9754389367316796,2.0,2.0,2.0,2.0,2.0,2.0,1.9831965771462257,2.0,1.975783324946813,2.0,2.0,2.0,6822.974563111442,0.9732410682521169,0.0,358.65696495912346,640.2811389550207,778.1478210502083,5400.0,0.0,778.1478210502083,6000.0,392.0489225770452,778.1478210502083,778.1478210502083,5400.0,1.0,0.0,0.0,49.0,5.0,0.0,1.0,49.0,0.0,0.0,5.0,0.0,1.0,1.0,466.1885916449095,778.1478210502083,6000.0,74.1396690678643,437.68351693056985,0.0,1.0,0.0,1.0,1.0,0.0,1.0,5.0,4.0,0.0,0.0,778.1478210502083,11.0,363.24936674439925,49.0,0.0,116.01263597212176,24.0,363.24936674439925,778.1478210502083,6000.0,778.1478210502083,5400.0,0.0,0.0,,,,,,,,,,,,,0.0,739.9997387136108,5400.0,11.0,-1411.6471945787139,5500.0,466.1885916449095,739.9997387136108,739.9997387136108,5400.0,1.0,0.0,0.0,778.1478210502083,6000.0,1.0,24.0,58.11515158395313,2.9057575791976564,0.0,829.732439507615,0.0,1.0,0.0,1.0,1.0,1.0,1.0,0.0,0.0,0.0,0.0,0.0,829.732439507615,174.64761806289502,0.0,0.0,0.0,392.0489225770452,171.880032786609,171.880032786609,0.0,1.0,437.68351693056985,0.0,0.0,41.48662197538076,0.0,0.0,0.0,0.0,0.0,0.0,829.732439507615,1.0,0.0,829.732439507615,0.0,1.0,387.9527098336056,12803.0,12803.0,12803.0,5242.875,5242.875,5242.875,3732.4,3732.4,3732.4,3.0,21778.275,21778.275,21778.275,778.1478210502083,6000.0,1.0,0.0,220.0,0.0,23.809103284838883,1.0,0.0,23.809103284838883,1.1904551642419443,0.5,0.0017971200055520204,0.0,0.8985600027760102,-1411.6471945787139,2257.8938141606277,-3315.000000000001,37566.666666666664,-22100.000000000004,5635.000000000001,0.15000000000000002,0.0,941.552412198021,562.1890901674115,941.552412198021,562.1890901674115,1.0,1.0,0.0,-771.9311064495682,1.0,7485.665509259258,-5146.207376330454,1122.849826388889,1.0,778.1478210502083,0.0,0.0,778.1478210502083,3732.4,1200.0,6000.0,3059.172661819094,0.3973856111929212,0.6026143888070787,4104.217304253072,392.0489225770452,387.9527098336056,1.0,,778.1478210502083,,6000.0,1.0,,1.0,1.0,829.732439507615,,,0.0,0.0,171.880032786609,57.293344262203,778.1478210502083,0.0,345.4176032127445,778.1478210502083,5400.0,52.80351700516972,1.0,0.0,0.0,-24.094805855822386,58.21587268763167,3.0,0.0,0.0,600.0,1.0,0.0,1.0,0.0,0.0,0.0,0.0,0.0,0.0,1.0,6.0,0.0,1.0,0.2515527950310557,0.08974387795345873,0.0,0.0,1.0,0.025820646128685586,0.2515527950310557,0.0,778.1478210502083,5400.0,778.1478210502083,6000.0,392.0489225770452,778.1478210502083,778.1478210502083,5400.0,1.0,0.0,0.0,0.0,0.0,0.0,778.1478210502083,6000.0,6822.974563111442,0.0,392.0489225770452,7934.567171011267,0.0,0.990193166499381,3312.1764008547607,0.0,264.49580465798675,1.0,1.0,0.0,0.0,0.0,5.0,0.0017971200055520204,0.0,-2253.933040793707,5187.6521403347215,7441.585181128428,5400.0,0.0,0.0,0.0,0.0,0.0,0.0,0.0,17.469729169024223,17.04129594519916,21.279765667290064,20.287313296075155,76.0781040775886,1212.4940904563096,1175.7113114760696,530.5474837283647,509.96115212969494,681.946606727945,665.7501593463746,2388.2054019323787,0.07600508634778498,0.07245936162425572,0.08723329383615476,0.08624078308440368,0.0,46.331717031679254,0.06434960698844341,195.3319994785315,186.62,268.50142723075766,0.0,268.50142723075766,1.0,560.4830894506073,0.0,60.0,65.77191192906687,60.0,69.26817668631196,60.0,65.77191192906687,60.0,69.26817668631196,255.04008861537883,0.0,0.0,0.0,0.0,0.0,255.04008861537883,0.0,32.05220382803244,0.0,29,23.744358340296085,55.301752256327674,31.557393916031593,5400.0,264.49580465798675,5100.801772307576,5700.801772307576,32.05220382803244,18.59086521265362,0.0,0.0,0.0,391.4573853408784,416.11842031659364,1.0,0.0,390.563505132545,352.625,336.3333333333333,325.8692488595724,778.1478210502083,778.1478210502083,5187.6521403347215,7441.585181128428,1.0,325.8692488595724,1.0,1365.5735155837253,631.7869976666319,0.0,156.6867148974436,7.8879810649329105,156.6867148974436,0.0396120012920577,-0.09747507354093154,0.025237874502775332,0.262777627618665,0.5999688744508666,6.0,1.0,56.0,62.0,56.0,50.0,56.0,10.0,1.0,0.0,6.0,0.0,0.0,425.9749394826668,0.0,7.068370211294109,425.9749394826668,418.9065692713727,0.0,425.9749394826668,0.0,0.9201857554561457,425.9749394826668,426.895125238123,0.0,425.9749394826668,0.0,19.87969519036858,425.9749394826668,406.0952442922983,0.0,425.9749394826668,0.0,0.6962796468712895,425.9749394826668,426.6712191295381,0.0,0.015143322169074741,-0.003031875953250586,0.05113206748205384,-0.0016636669085430592,1.0,1500.0,1500.0,1500.0,1500.0,1.0065789719945586,1.0,0.0,0.0995359856842459,0.03759432481652318,0.48884782679990335,0.0,-5.9167543050975266e-05,0.0,-1.8912539141524574e-05,0.0,0.010245870475216278,-0.03612866727346677,-0.030672152685620447,-0.029543640177787545,0.0,0.0,0.0,0.0,1.0,80.0,80.0,60.0,90.0,90.0,90.0,90.0,90.0,90.0,90.0,90.0,90.0,90.0,90.0,90.0,90.0,0.0,0.0,0.0,0.0,0.0,4.0,4.0,4.0,0.03797925490727358,-0.05099387664419408,-0.004152619451184208,1.0,0.0,0.0,0.0,0.0,0.0,0.0,1.0,0.0,0.0,534.0,1.0,0.0,1.0,941.552412198021,778.1478210502083,562.1890901674115,778.1478210502083,778.1478210502083,778.1478210502083,1.0,1.0,0.0,0.0,0.0,1.0,0.0,0.0,0.0,778.1478210502083,778.1478210502083,0.0,778.1478210502083,778.1478210502083,778.1478210502083,0.0,54.0,171.880032786609,172.537349283215,0.0,3.0,1.5448850999819115,778.1478210502083,63.0,1.0,2384.313667157527,3000.0,36.0,36.0,,0.630411394360058,,0.9909591050892576,2.0,2.0,300.0,300.0,2.0,2.0,2400.0,3000.0,2400.0,3000.0,1.0,1.0,10.0,10.0
0.10575493760629034,0.015354074024103992,0.7009756371910661,21.18055555555555,1142.058,2243.610946665803,-1401.6656675108457,6000.0,1200.0,0.0,1.0,0.0,0.14285714285714285,0.14285714285714285,74.30815972222223,0.0,0.0,205.4692243706596,0.0,373.28444298048,0.0,3.0,1.0,0.0,0.0,0.0,0.0066171569121128305,0.0,0.010277623222942024,0.0,0.0,0.0,0.0,0.0,0.0,0.005628728843747445,0.0,0.01007566194573443,0.0,0.0,0.0,43.402919499989366,0.0,18.0,1.0,1.0,120.24469336643874,0.0,1.0,0.4867849227848777,1.0,1.0,36.0,307.701255843253,743.4567165073819,435.75546066412886,65.0,0.0,78.41130793907791,178.90983435852945,100.49852641945155,490.69855068419173,0.0,2.0,2.0,2.0,1.9933828430878873,2.0,1.9897223767770578,2.0,2.0,2.0,2.0,2.0,2.0,1.9943712711562525,2.0,1.9899243380542657,2.0,2.0,2.0,7161.420398529293,0.9749967314675947,0.0,529.512641286462,925.2841643881588,762.2181382026141,4448.059133191222,50.0,762.2181382026141,4500.0,445.54850276723977,762.2181382026141,762.2181382026141,4448.059133191222,0.0,0.0,1.0,50.0,6.0,1.0,0.0,75.0,0.0,0.0,12.0,1.0,1.0,1.0,445.71048046967326,762.2181382026141,4500.0,0.1619777024334894,853.0459892715853,0.0,1.0,0.0,1.0,1.0,1.0,0.0,6.0,4.0,0.0,0.0,762.2181382026141,14.0,375.5951255650445,50.0,0.0,116.7520393706788,29.0,375.5951255650445,762.2181382026141,4500.0,762.2181382026141,4448.059133191222,25.0,6.0,1.0,0.0,1.0,6.0,4.0,10.0,375.5951255650445,25.0,0.0,116.7520393706788,20.0,375.5951255650445,1.0,762.2181382026141,4500.0,14.0,0.0,5400.0,445.71048046967326,762.2181382026141,762.2181382026141,4500.0,1.0,0.0,0.0,762.2181382026141,4500.0,1.0,12.0,6.968112805114956,0.34840564025574783,0.0,1298.5944920388251,0.0,1.0,0.0,1.0,1.0,1.0,1.0,0.0,0.0,0.0,0.0,0.0,1298.5944920388251,181.26989217398557,0.0,0.0,0.0,445.54850276723977,178.90983435852945,178.90983435852945,0.0,1.0,853.0459892715853,0.0,0.0,64.92972460194126,0.0,0.0,0.0,0.0,0.0,0.0,1298.5944920388251,1.0,0.0,1298.5944920388251,0.0,1.0,445.200097126984,12803.0,12803.0,12803.0,5242.875,5242.875,5242.875,3732.4,3732.4,3732.4,3.0,21778.275,21778.275,21778.275,762.2181382026141,4500.0,1.0,0.0,220.0,0.0,0.0,1.0,0.0,0.0,0.0,0.5,0.0,0.0,0.0,-1401.6656675108457,2243.610946665803,-3315.000000000001,37566.666666666664,-22100.000000000004,5635.000000000001,0.15000000000000002,0.0,961.9024633587875,542.5399169982272,961.9024633587875,542.5399169982272,1.0,1.0,0.0,-758.5947922759021,1.0,7358.443287037035,-5057.29861517268,1103.7664930555554,1.0,762.2181382026141,0.0,0.0,762.2181382026141,3732.4,1200.0,6000.0,3316.7526860550875,0.4115424148463952,0.5884575851536048,4373.444076560649,445.54850276723977,445.200097126984,1.0,,762.2181382026141,,6000.0,1.0,,1.0,1.0,1298.5944920388251,,,0.0,0.0,178.90983435852945,59.63661145284315,762.2181382026141,0.0,1595.3157100806166,762.2181382026141,4448.059133191222,54.60997907494523,1.0,0.0,0.0,-25.700659216509592,60.423297391328525,3.0,0.0,0.0,51.94086680877808,1.0,0.0,1.0,0.0,0.0,0.0,0.0,0.0,0.0,1.0,6.0,0.0,1.0,0.2515527950310557,0.10786024888421775,0.0,0.0,1.0,0.044516949761156166,0.2515527950310557,0.0,762.2181382026141,4448.059133191222,762.2181382026141,4500.0,445.54850276723977,762.2181382026141,762.2181382026141,4448.059133191222,0.0,0.0,0.0,0.0,1.0,0.0,762.2181382026141,4500.0,7161.420398529293,0.0,445.54850276723977,7872.589356964583,0.0,0.9968028072585161,3263.2229854262564,0.0,144.46328846001052,1.0,1.0,0.0,0.0,1.0,1.0,4.5605404110581005e-09,0.0,-1281.5628107348512,5081.454254684093,6363.017065418944,4448.059133191222,0.0,0.0,0.0,0.0,0.0,0.0,0.0,38.23860581892058,35.43513564511964,46.04507248443025,46.77140340238799,166.49021735085844,1217.4358173343371,1187.4580499944377,554.6103187419715,511.72556369234945,662.8254985923656,675.7324863020881,2404.893867328775,0.031552356090096406,0.028479107048609096,0.04158444620598044,0.04115578855320193,0.0,0.0,0.0,205.4692243706596,186.62,274.29068071089705,0.0,274.29068071089705,1.0,554.7766912209344,0.0,45.0,66.75303876433837,45.0,58.426753472222224,45.0,66.75303876433837,45.0,58.426753472222224,215.1797922365606,0.0,0.0,0.0,0.0,0.0,215.1797922365606,0.0,91.16309230236882,0.0,30,24.16128660608251,57.36324220373281,33.201955597650304,5580.0,144.46328846001052,4303.595844731211,5795.801641066984,91.16309230236882,32.05220382803244,0.0,0.0,0.0,416.51438990866876,424.35935981338037,1.0,0.0,410.169707233235,352.625,304.1875,319.393108623193,762.2181382026141,762.2181382026141,5081.454254684093,6363.017065418944,1.0,319.393108623193,1.0,1372.4412564006138,689.9470913261168,0.0,149.0539098580888,8.064062725817644,149.0539098580888,0.033504181734263096,-0.08406387861542189,-0.00165186955922203,0.06498193642081196,-0.007831480307189609,6.0,1.0,56.0,62.0,56.0,50.0,50.0,11.0,1.0,0.0,6.0,1.0,0.0,371.6084489441434,1.0,19.943685935387634,389.78318378893147,373.377400034743,1.0,371.6084489441434,0.0,0.022096999278460316,371.6084489441434,371.6305459434219,0.0,371.6084489441434,1.0,50.2033748798018,420.01374042870003,373.4065323393886,1.0,371.6084489441434,0.0,0.19149079241753952,371.6084489441434,371.4169581517258,0.0,0.025963359011227153,-7.365666426172386e-05,0.07270423742423951,0.0006383026413919879,1.0,1200.0,1500.0,1200.0,1500.0,0.9719532800751454,1.0000000000000002,0.0,-0.0291954487511525,0.005311865369471392,-0.18106318902583285,0.0,0.0,0.0,0.0,0.0,-0.008642892158721337,-0.01453049834622835,-0.009276241481025595,0.01768081839059068,0.0008643338047352956,0.0,0.0,0.0,1.0,80.0,80.0,50.0,90.0,90.0,90.0,90.0,90.0,90.0,90.0,90.0,90.0,90.0,90.0,90.0,90.0,0.0,0.0,0.0,0.0,0.0,4.0,0.0,4.0,0.050628918846047026,-0.01016991352757916,0.04861627474948234,1.0,0.0,0.0,0.0,0.0,0.0,0.0,1.0,0.0,0.0,169.0,1.0,0.0,1.0,961.9024633587875,762.2181382026141,542.5399169982272,762.2181382026141,762.2181382026141,762.2181382026141,1.0,1.0,0.0,0.0,0.0,1.0,0.0,0.0,0.0,762.2181382026141,762.2181382026141,0.0,762.2181382026141,762.2181382026141,762.2181382026141,0.0,60.0,178.90983435852945,179.23182136679898,0.0,2.0,0.6952034999849275,762.2181382026141,61.0,1.0,1851.9408668087783,2648.0591331912215,47.0,36.0,0.65,,1.2466989230107324,,2.0,2.0,300.0,300.0,2.0,2.0,1800.0,2648.059133191222,1800.0,2700.0,,,10.0,10.0
0.17546922517228497,0.017378397818726687,0.8175912820794491,16.899305555555557,1142.058,816.3704457033664,-1430.0486575246493,6000.0,1200.0,0.0,1.0,0.0,0.0,0.0,45.89149305555556,0.0,0.0,214.58961242427372,0.0,366.2874351751321,0.0,3.0,1.0,0.0,0.0,0.0,0.012331040703200137,0.0,0.017977711708300165,0.0,0.0,0.0,0.0,0.0,0.0,0.011222517845795052,0.0,0.019070770906885644,0.0,0.0,0.0,40.474591900012456,0.0,18.0,1.0,1.0,118.24103938364027,0.0,1.0,0.8042889457578283,1.0,1.0,36.0,333.9151458469591,802.8510731496381,468.93592730267903,49.0,0.0,82.31744361941638,183.80740112600813,101.48995750659176,459.63863857284394,0.0,2.0,2.0,2.0,1.9876689592967998,2.0,1.9820222882916998,2.0,2.0,2.0,2.0,2.0,2.0,1.9887774821542048,2.0,1.9809292290931144,2.0,2.0,2.0,7250.425820558632,0.9771189163557643,0.0,360.5989583333333,663.1797591532368,816.3704457033664,5159.65857129394,0.0,816.3704457033664,5400.0,433.91324181204914,816.3704457033664,816.3704457033664,5159.65857129394,1.0,0.0,0.0,49.0,5.0,0.0,1.0,49.0,0.0,0.0,5.0,0.0,1.0,1.0,450.0210999573561,816.3704457033664,5400.0,16.107858145306977,35.947127034946504,0.0,1.0,0.0,1.0,1.0,0.0,1.0,5.0,4.0,0.0,0.0,816.3704457033664,9.0,387.6338107978109,49.0,0.0,125.63061436402955,23.0,387.6338107978109,816.3704457033664,5400.0,816.3704457033664,5159.65857129394,0.0,0.0,,,,,,,,,,,,,0.0,792.7957929255886,4929.687023686111,9.0,-1430.0486575246493,4950.0,450.0210999573561,792.7957929255886,792.7957929255886,4929.687023686111,1.0,0.0,0.0,816.3704457033664,5400.0,1.0,12.0,125.41693990234016,6.270846995117008,0.0,469.86036884699564,0.0,1.0,0.0,1.0,1.0,1.0,1.0,0.0,0.0,0.0,0.0,0.0,469.86036884699564,183.47804927197922,0.0,0.0,0.0,433.91324181204914,183.80740112600813,183.80740112600813,0.0,1.0,35.947127034946504,0.0,0.0,23.493018442349783,0.0,0.0,0.0,0.0,0.0,0.0,469.86036884699564,1.0,0.0,469.86036884699564,0.0,1.0,427.64239481693215,12803.0,12803.0,12803.0,5242.875,5242.875,5242.875,3732.4,3732.4,3732.4,3.0,21778.275,21778.275,21778.275,816.3704457033664,5400.0,1.0,0.0,220.0,0.0,0.0,1.0,0.0,0.0,0.0,0.5,0.0012723874874310363,0.0,0.6361937437155182,-1430.0486575246493,2264.879321407004,-3315.000000000001,37566.666666666664,-22100.000000000004,5635.000000000001,0.15000000000000002,0.0,935.6423754017136,577.4063127241529,935.6423754017136,577.4063127241529,1.0,1.0,0.0,-796.5172934561708,1.0,7547.887731481481,-5310.115289707805,1132.1831597222224,1.0,816.3704457033664,0.0,0.0,816.3704457033664,3732.4,1200.0,6000.0,4658.947117323569,0.4889521164270482,0.5110478835729518,5555.6618460473765,433.91324181204914,427.64239481693215,1.0,,816.3704457033664,,5400.0,1.0,,1.0,1.0,469.86036884699564,,,0.0,0.0,183.80740112600813,61.26913370866938,816.3704457033664,0.0,1089.6841867712858,816.3704457033664,5159.65857129394,56.563660801887615,1.0,0.0,0.0,-27.528862926579848,61.1593497573264,3.0,0.0,0.0,240.34142870605956,1.0,0.0,1.0,0.0,0.0,0.0,0.0,0.0,0.0,1.0,6.0,0.0,1.0,0.2515527950310557,0.0,0.0,0.0,1.0,0.12661540597551224,0.2515527950310557,0.0,816.3704457033664,5159.65857129394,816.3704457033664,5400.0,433.91324181204914,816.3704457033664,816.3704457033664,5159.65857129394,1.0,0.0,0.0,0.0,0.0,0.0,816.3704457033664,5400.0,7250.425820558632,0.0,433.91324181204914,7913.661916240311,0.0,0.9972873241720119,3288.1319045978757,0.0,24.45803168389375,0.0,1.0,0.0,0.0,0.0,5.0,0.0012723874874310363,0.0,-2457.9026372930384,5442.469638022441,7900.37227531548,5159.65857129394,0.0,0.0,0.0,0.0,0.0,0.0,0.0,17.85749887305067,17.088102379981024,21.555893540225625,22.09547711292003,78.59697190617734,1188.5494412197538,1176.271346453051,535.1805121435153,512.2238605514244,653.3689290762383,664.0474859016266,2364.8207876728047,0.05841961453812334,0.055450788963724455,0.07147528965134414,0.07392811169492125,0.0,39.5615132084789,0.054946546122887366,214.58961242427372,186.62,286.93534553394653,0.0,286.93534553394653,1.0,582.533770437496,0.0,60.0,62.7893269313102,60.0,73.9707000491921,60.0,62.7893269313102,60.0,73.9707000491921,256.7600269805023,0.0,0.0,0.0,0.0,0.0,256.7600269805023,0.0,121.33841085581318,0.0,31,26.213890003706073,59.394356642256255,33.18046663855018,5760.0,24.45803168389375,5135.200539610047,5963.333333333333,121.33841085581318,91.16309230236881,0.0,0.0,0.0,393.5787208801961,417.30931771635073,1.0,0.0,394.0851770433906,352.625,340.99999999999994,334.69334426124703,816.3704457033664,816.3704457033664,5442.469638022441,7900.37227531548,1.0,334.69334426124703,1.0,1396.3770557167973,654.5662825232198,0.0,161.35837285322074,7.844594497257359,161.35837285322074,0.03472761831175819,-0.0675421151805293,0.022080482939236996,-0.10315191906230523,-0.0011915045012873549,6.0,1.0,56.0,62.0,56.0,56.0,56.0,12.0,1.0,0.0,6.0,0.0,0.0,403.6001619219186,0.0,2.9963045378215156,397.4824284178144,406.7215908882013,0.0,403.6001619219186,0.0,1.5241318171379135,403.6613465375232,402.0148454891761,0.0,403.6001619219186,0.0,4.180105376099618,396.03127860983756,406.98893985789994,0.0,403.6001619219186,0.0,0.3101863908412952,401.71731203771697,405.1728254152789,0.0,-0.010113840297644821,0.005724602523452364,-0.012560950454933793,-0.004668899699618206,1.0,900.0,1448.0591331912217,900.0,1200.0,0.9089733524259234,1.0000000000000002,0.0,-0.020871906923924398,-0.026914737425885345,-0.0455928478336908,-0.002638083819689996,-0.003821375012442019,0.0,-2.5013173683419154e-06,-7.704165005009144e-05,-0.006303936900902584,-0.010001103275986623,-0.011497217399037751,0.0,0.0,0.0,0.0,0.0,1.0,80.0,80.0,60.0,90.0,90.0,90.0,90.0,90.0,90.0,90.0,90.0,90.0,90.0,90.0,90.0,90.0,1.0,0.0,1.0,0.0,0.0,4.0,4.0,0.0,0.008271985280224266,-0.042826506745280435,0.01420032054203871,1.0,0.0,0.0,0.0,0.0,0.0,0.0,1.0,0.0,0.0,655.0,1.0,0.0,1.0,935.6423754017136,816.3704457033664,577.4063127241529,816.3704457033664,816.3704457033664,816.3704457033664,1.0,1.0,0.0,0.0,0.0,1.0,0.0,0.0,0.0,816.3704457033664,816.3704457033664,0.0,816.3704457033664,816.3704457033664,816.3704457033664,0.0,60.0,183.80740112600813,184.52798040414507,0.0,3.0,1.8197730999963824,816.3704457033664,61.0,1.0,2640.3414287060605,2759.65857129394,48.0,45.0,0.65,,1.0266444740326521,,2.0,1.0,300.0,300.0,2.0,2.0,2400.0,2759.6585712939404,2400.0,2798.0591329999997,1.0,1.0,10.0,10.0
0.11495120988031154,0.022459089007817234,0.6592322326024601,19.80815972222222,1142.058,845.407715571585,-1398.8039692660132,6000.0,1200.0,0.0,1.0,0.0,0.14285714285714285,0.14285714285714285,64.97482638888889,0.0,0.0,230.43223134971993,0.0,367.9566871946072,0.0,3.0,1.0,0.0,0.0,0.0,0.005968884149475717,0.0,0.015583326691096473,0.0,0.0,0.0,0.0,0.0,0.0,0.00550556962269534,0.0,0.015436857564645424,0.0,0.0,0.0,41.26508680000552,0.0,18.0,1.0,1.0,120.45829241995791,0.0,1.0,0.5600815373751349,1.0,1.0,36.0,360.94221088444505,864.0487781914667,503.1065673070217,66.0,0.0,83.30875602001149,188.16720224138365,104.85844622137216,489.5936900614934,0.0,2.0,2.0,2.0,1.9940311158505242,2.0,1.9844166733089037,2.0,2.0,2.0,2.0,2.0,2.0,1.9944944303773045,2.0,1.9845631424353545,2.0,2.0,2.0,8016.2104811354875,0.9792162305546641,0.0,453.37414708695354,738.4631124973517,823.3940824020262,4740.78975927658,7.0,-1398.8039692660132,5000.0,463.21920889409853,823.3940824020262,823.3940824020262,4740.78975927658,1.0,0.0,0.0,49.0,5.0,0.0,1.0,49.0,,0.0,5.0,0.0,,1.0,,,,0.0,163.8583772607517,0.0,1.0,0.0,,1.0,0.0,1.0,5.0,4.0,0.0,0.0,,7.0,399.30448950002034,49.0,0.0,125.54819064003738,19.0,399.30448950002034,,,,,0.0,0.0,,,,,,,,,,,,,0.0,823.3940824020262,4740.78975927658,19.0,-754.7712784384081,5000.0,463.21920889409853,823.3940824020262,823.3940824020262,4740.78975927658,1.0,0.0,0.0,,,,18.0,992.0778695623228,49.60389347811614,0.0,627.0775861548502,0.0,1.0,0.0,1.0,1.0,1.0,1.0,0.0,0.0,0.0,0.0,0.0,627.0775861548502,188.16720224138365,0.0,0.0,0.0,463.21920889409853,190.65742211573897,190.65742211573897,0.0,1.0,163.8583772607517,0.0,1.0,31.353879307742513,1.0,0.0,1.0,0.0,0.0,1.0,627.0775861548502,1.0,0.0,627.0775861548502,0.0,1.0,575.1444227540516,12803.0,12803.0,12803.0,5242.875,5242.875,5242.875,3732.4,3732.4,3732.4,3.0,21778.275,21778.275,21778.275,845.407715571585,6000.0,0.0,0.0,220.0,0.0,46.58539845365189,1.0,0.0,46.58539845365189,2.329269922682595,0.5,0.0077144964567553995,0.0,3.8572482283776997,-1398.8039692660132,2243.610946665803,-3315.000000000001,37566.666666666664,-22100.000000000004,5635.000000000001,,,,,,,,,,-754.7712784384081,1.0,7358.443287037035,-5031.80852292272,1103.7664930555554,1.0,,,,,3732.4,1200.0,6000.0,3925.2709404450125,0.4862262376553161,0.513773762344684,6000.0,627.0775861548502,575.1444227540516,1.0,0.0,845.407715571585,0.0,6000.0,1.0,1.0,1.0,1.0,627.0775861548502,845.407715571585,6000.0,1.0,0.0,188.16720224138365,62.722400747127885,845.407715571585,0.0,459.53545376728573,845.407715571585,6000.0,58.57602366916532,1.0,0.0,0.0,-28.02870827391709,62.722400747127885,3.0,,,,,,,,,,,,,,6.0,0.0,1.0,0.2515527950310557,0.0,0.0,0.0,1.0,0.16852557063307386,0.2515527950310557,0.0,845.407715571585,6000.0,-1398.8039692660132,5000.0,627.0775861548502,823.3940824020262,823.3940824020262,4740.78975927658,0.0,1.0,0.0,1.0,0.0,0.0,,,8016.2104811354875,0.0,627.0775861548502,8022.384918663397,0.0,0.9897239413955048,3376.7338317566064,0.0,0.0,1.0,1.0,0.0,0.0,0.0,5.0,0.0077144964567553995,0.0,-1271.6318163417563,5636.0514371438985,6907.683253485655,6000.0,0.0,0.0,0.0,0.0,0.0,0.0,0.0,35.37741961337682,33.93192610096823,43.2744975976677,43.46818008281405,156.0520233948268,1214.0301647155507,1195.1356836836076,528.8934544926284,508.302828463616,685.1367102229221,686.8328552199916,2409.165848399158,0.029117820534090733,0.02757864442023688,0.05563865954543407,0.055514759839209844,0.0,3.987070374426189,0.005537597742258596,230.43223134971993,186.62,273.8502426578592,0.0,273.8502426578592,1.0,553.1752808785812,0.0,75.0,74.24415377191852,75.0,71.88478646236995,75.0,74.24415377191852,75.0,71.88478646236995,296.12894023428845,0.0,0.0,0.0,0.0,0.0,296.12894023428845,0.0,99.05971327938364,0.0,32,27.027065037485958,61.197705041828584,34.17064000434263,5940.0,0.0,5922.578804685769,5922.578804685769,99.05971327938364,121.3384108558132,0.0,0.0,0.0,414.868794446024,423.2359115306781,1.0,0.0,412.64931832697505,352.625,308.8541666666667,317.29411398120556,845.407715571585,845.407715571585,5636.0514371438985,6907.683253485655,1.0,317.29411398120556,1.0,1366.394630743028,708.0563760655839,0.0,145.63228361812023,8.011052765265974,145.63228361812023,0.03420466763186636,-0.07526081745321703,0.010437516942352324,0.09850176642062491,1.474257463983372,6.0,1.0,56.0,62.0,56.0,56.0,56.0,13.0,1.0,0.0,6.0,0.0,0.0,400.54564547211646,0.0,0.5415529497029183,398.7796940536567,402.8531498402792,0.0,400.54564547211646,1.0,9.925302294550875,413.2132571344064,397.80333610437737,0.0,400.54564547211646,0.0,0.724322858748792,398.7043644448174,403.1112493581643,0.0,400.54564547211646,0.0,3.4807465194070346,398.8902520898157,398.7202923350102,1.0,-0.004446875715448127,0.030643289096271717,-0.006107182466941008,0.0008282076527976995,1.0,1200.0,1280.2445703100982,1200.0,1479.414000983842,,,0.0,-0.011745501294582895,-0.01595360088988045,-0.04168733102866398,0.0,0.0,0.0,0.0,0.0,0.06913459014741807,-0.023893560517637625,-0.0613568785679126,0.0006988099772591739,0.0008006589380613605,2.8047116015272876e-05,-4.872309792745e-05,0.0,1.0,80.0,80.0,60.0,90.0,90.0,90.0,90.0,90.0,90.0,90.0,90.0,90.0,90.0,90.0,90.0,90.0,0.0,0.0,0.0,0.0,0.0,4.0,4.0,4.0,0.017000140044034887,0.006832415958253938,0.025826940735165657,1.0,0.0,0.0,0.0,0.0,0.0,0.0,1.0,0.0,,651.0,1.0,0.0,0.0,0.0,,0.0,,0.0,,-1.0,0.0,0.0,0.0,0.0,1.0,0.0,0.0,0.0,0.0,,0.0,,845.407715571585,0.0,845.407715571585,60.0,188.16720224138365,188.19531299617125,0.0,3.0,1.8456843000021763,845.407715571585,63.0,1.0,,,48.0,45.0,,,,,2.0,2.0,300.0,300.0,2.0,2.0,,,,,1.0,1.0,10.0,10.0
0.17546922517228497,0.025153084215701116,0.7695788224223781,16.899305555555557,1142.058,843.5513186667713,-1431.0409759329636,6000.0,1200.0,0.0,1.0,0.0,0.0,0.0,45.89149305555556,0.0,0.0,258.00212383050575,0.0,362.1592142364141,0.0,3.0,1.0,0.0,0.0,0.0,0.014672260358154708,0.0,0.03065770690475335,0.0,0.0,0.0,0.0,0.0,0.0,0.014145087700790988,0.0,0.029561800418069367,0.0,0.0,0.0,38.426854999997886,0.0,18.0,1.0,1.0,118.31914476181011,0.0,1.0,1.0166056377957267,1.0,1.0,36.0,389.2553384042298,926.8708311347889,537.615492730559,66.0,0.0,86.12987256137194,194.4366731288411,108.30680056746915,447.5639008138123,0.0,2.0,2.0,2.0,1.9853277396418454,2.0,1.9693422930952467,2.0,2.0,2.0,2.0,2.0,2.0,1.985854912299209,2.0,1.9704381995819307,2.0,2.0,2.0,7748.572884343459,0.9794580417617871,0.0,533.4960820469396,795.247977928922,843.5513186667713,4800.0,0.0,843.5513186667713,6000.0,449.4053887738265,843.5513186667713,843.5513186667713,4800.0,1.0,0.0,0.0,49.0,5.0,0.0,1.0,49.0,0.0,0.0,5.0,0.0,1.0,1.0,473.66768458664984,843.5513186667713,6000.0,24.262295812823368,227.84996731249788,0.0,1.0,0.0,1.0,1.0,0.0,1.0,5.0,4.0,0.0,0.0,843.5513186667713,5.0,431.95061147226676,49.0,0.0,114.7216258399539,18.0,431.95061147226676,843.5513186667713,6000.0,843.5513186667713,4800.0,0.0,0.0,,,,,,,,,,,,,0.0,805.421697018116,4800.0,5.0,-1431.0409759329636,4500.0,473.66768458664984,805.421697018116,805.421697018116,4800.0,1.0,0.0,0.0,843.5513186667713,6000.0,1.0,24.0,12.836820580836012,0.6418410290418006,0.0,677.2553560863244,0.0,1.0,0.0,1.0,1.0,1.0,1.0,0.0,0.0,0.0,0.0,0.0,677.2553560863244,193.63493774655194,0.0,0.0,0.0,449.4053887738265,194.4366731288411,194.4366731288411,0.0,1.0,227.84996731249788,0.0,0.0,33.86276780431622,0.0,0.0,0.0,0.0,0.0,0.0,677.2553560863244,1.0,0.0,677.2553560863244,0.0,1.0,443.79632518005576,12803.0,12803.0,12803.0,5242.875,5242.875,5242.875,3732.4,3732.4,3732.4,3.0,21778.275,21778.275,21778.275,843.5513186667713,6000.0,1.0,0.0,220.0,0.0,99.34445129457815,1.0,0.0,99.34445129457815,4.967222564728908,0.5,0.0036944192055308202,0.0,1.8472096027654101,-1431.0409759329636,2257.8938141606277,-3315.000000000001,37566.666666666664,-22100.000000000004,5635.000000000001,0.15000000000000002,0.0,929.7984798763525,578.1613678650397,929.7984798763525,578.1613678650397,1.0,1.0,0.0,-797.8431296697694,1.0,7485.66550925926,-5318.954197798462,1122.8498263888891,1.0,843.5513186667713,0.0,0.0,843.5513186667713,3732.4,1200.0,6000.0,2850.0,0.4265945820517539,0.5734054179482461,5713.594265587673,449.4053887738265,443.79632518005576,1.0,,843.5513186667713,,6000.0,1.0,,1.0,1.0,677.2553560863244,,,0.0,0.0,194.4366731288411,64.81222437628037,843.5513186667713,0.0,704.760936180936,843.5513186667713,4800.0,60.268041153727545,1.0,0.0,0.0,-27.32782706058063,64.54497924885065,3.0,0.0,0.0,1200.0,1.0,0.0,1.0,0.0,0.0,0.0,0.0,0.0,0.0,1.0,6.0,0.0,1.0,0.2515527950310557,0.11292130967530079,0.0,0.0,1.0,0.13758293511025504,0.2515527950310557,0.0,843.5513186667713,4800.0,843.5513186667713,6000.0,449.4053887738265,843.5513186667713,843.5513186667713,4800.0,1.0,0.0,0.0,0.0,0.0,0.0,843.5513186667713,6000.0,7748.572884343459,0.0,449.4053887738265,7987.648451450035,0.0,0.9905466238729377,3285.8543916425715,0.0,20.0,0.0,1.0,0.0,0.0,0.0,5.0,0.0036944192055308202,0.0,-2137.4833550994954,5623.675457778474,7761.1588128779695,4800.0,0.0,0.0,0.0,0.0,0.0,0.0,0.0,15.323121164166903,15.561673945677796,22.667167953669754,22.303604416964564,75.85556748047901,1189.9669247567367,1176.4159704794663,514.8184803883382,510.8767322451687,675.1484443683983,665.5392382342975,2366.382895236203,0.06568593660097403,0.06450591818202228,0.1006925734820045,0.09833557815015706,0.0,46.58714062566898,0.06470436198009581,258.00212383050575,186.62,263.5898528900724,0.0,263.5898528900724,1.0,554.4380685687871,0.0,60.0,59.0,60.0,60.0,60.0,59.0,60.0,60.0,239.0,0.0,0.0,0.0,0.0,0.0,239.0,0.0,123.64956616945622,0.0,33,28.31312751978475,62.82205294332209,34.50892542353734,6120.0,20.0,4780.0,5963.333333333333,123.64956616945622,99.05971327938364,0.0,0.0,0.0,392.7638797592133,418.0450901710143,1.0,0.0,393.51425953351867,352.625,336.3333333333333,327.6160321469785,843.5513186667713,843.5513186667713,5623.675457778474,7761.1588128779695,1.0,327.6160321469785,1.0,1358.5630637756385,697.4078764195799,0.0,157.69970203657826,7.941808139868322,157.69970203657826,0.031814725437780855,-0.058280256225524976,0.01075958893887104,0.9223458932450271,1.5234332285470271,6.0,1.0,56.0,62.0,56.0,56.0,50.0,14.0,1.0,0.0,6.0,0.0,0.0,481.8046131976033,0.0,10.594444539509595,481.8046131976033,471.2101686580937,0.0,481.8046131976033,0.0,14.229073098870003,481.8046131976033,467.5755400987333,0.0,481.8046131976033,0.0,15.635390528487846,481.8046131976033,466.16922266911547,0.0,481.8046131976033,0.0,12.689792084658393,481.8046131976033,469.11482111294487,0.0,0.018840246563978577,0.04543536064427409,0.027388055346518784,0.04099170755583145,1.0,1500.0,1500.0,1500.0,1500.0,0.9376584158105236,0.8,0.0,0.1590235953953325,0.2327636662390518,0.15945850524580898,0.0,-0.004991073675150303,0.0,0.0,0.0,0.008308522101405202,0.07963032483002337,0.3539003125914807,0.0,0.0,2.9890676967880835e-05,0.00021246489618924612,0.0,1.0,80.0,80.0,60.0,90.0,90.0,90.0,90.0,90.0,90.0,90.0,90.0,90.0,90.0,90.0,90.0,90.0,0.0,0.0,0.0,0.0,0.0,4.0,4.0,4.0,0.007617133741682217,-0.06273749347465077,0.03609545327250476,1.0,0.0,0.0,0.0,0.0,0.0,0.0,1.0,0.0,0.0,526.0,1.0,0.0,1.0,929.7984798763525,843.5513186667713,578.1613678650397,843.5513186667713,843.5513186667713,843.5513186667713,1.0,1.0,0.0,0.0,0.0,1.0,0.0,0.0,0.0,843.5513186667713,843.5513186667713,0.0,843.5513186667713,843.5513186667713,843.5513186667713,0.0,51.0,194.4366731288411,195.13764404974972,0.0,3.0,1.532417299982626,843.5513186667713,63.0,1.0,2559.5674923105234,3000.0,36.0,36.0,0.65,0.65,1.1505503336851364,1.195936525122037,2.0,2.0,300.0,300.0,2.0,2.0,2400.0,2400.0,2400.0,2400.0,1.0,1.0,10.0,10.0
0.12552990582568002,0.026972426598422028,0.6386118766341788,18.447916666666664,1142.058,847.2565362430472,-1404.18903077427,6000.0,1200.0,0.0,1.0,0.0,0.14285714285714285,0.14285714285714285,55.64149305555555,0.0,0.0,276.4894697078385,0.0,373.79101102010605,0.0,3.0,1.0,0.0,0.0,0.0,0.009611952128398073,0.0,0.016570452390364858,0.0,0.0,0.0,0.0,0.0,0.0,0.008537968280383137,0.0,0.01392146162167687,0.0,0.0,0.0,41.56039990001591,0.0,18.0,1.0,1.0,120.86048619189974,0.0,1.0,0.6452279083143344,1.0,1.0,36.0,417.63005010386235,991.6730036250667,574.0429535212044,92.0,0.0,87.56638254968857,199.94714023260934,112.38075768292079,503.2007825235035,0.0,2.0,2.0,2.0,1.990388047871602,2.0,1.983429547609635,2.0,2.0,2.0,2.0,2.0,2.0,1.991462031719617,2.0,1.9860785383783233,2.0,2.0,2.0,9732.449379130936,0.9802335501449886,0.0,377.71006944444434,675.3494911006264,836.7565362430472,4750.0,6.0,-1404.18903077427,4750.0,612.394303043304,836.7565362430472,836.7565362430472,4750.0,1.0,0.0,0.0,49.0,5.0,0.0,1.0,49.0,,0.0,5.0,0.0,,1.0,,,,0.0,606.5050867261277,0.0,1.0,0.0,,1.0,0.0,1.0,5.0,4.0,0.0,0.0,,6.0,435.76953706329846,49.0,0.0,114.51369964089679,18.0,435.76953706329846,,,,,0.0,0.0,,,,,,,,,,,,,0.0,836.7565362430472,4750.0,18.0,-761.9662568851245,4750.0,612.394303043304,836.7565362430472,836.7565362430472,4750.0,1.0,0.0,0.0,,,,20.0,2064.0617139182154,103.20308569591077,0.0,1218.8993897694318,0.0,1.0,0.0,1.0,1.0,1.0,1.0,0.0,0.0,0.0,0.0,0.0,1218.8993897694318,199.94714023260934,0.0,0.0,0.0,612.394303043304,201.38075752618462,201.38075752618462,0.0,1.0,606.5050867261277,0.0,1.0,60.94496948847159,1.0,0.0,1.0,0.0,0.0,1.0,1218.8993897694318,1.0,0.0,1218.8993897694318,0.0,1.0,1115.6963040735209,12803.0,12803.0,12803.0,5242.875,5242.875,5242.875,3732.4,3732.4,3732.4,3.0,21778.275,21778.275,21778.275,847.2565362430472,6000.0,0.0,0.0,220.0,0.0,0.0,1.0,0.0,0.0,0.0,0.5,0.006112329649401388,0.0,3.0561648247006943,-1404.18903077427,2243.610946665803,-3315.000000000001,37566.666666666664,-22100.000000000004,5635.000000000001,,,,,,,,,,-761.9662568851245,1.0,7358.443287037035,-5079.775045900829,1103.7664930555554,1.0,,,,,3732.4,1200.0,6000.0,3299.071985134142,0.4131410153660864,0.5868589846339136,6000.0,1218.8993897694318,1115.6963040735209,1.0,0.0,847.2565362430472,0.0,6000.0,1.0,1.0,1.0,1.0,1218.8993897694318,847.2565362430472,6000.0,1.0,0.0,199.94714023260934,66.64904674420312,847.2565362430472,0.0,892.7265177887056,847.2565362430472,6000.0,61.90029324764884,1.0,0.0,0.0,-26.525044658093748,66.64904674420312,3.0,,,,,,,,,,,,,,6.0,0.0,1.0,0.2515527950310557,0.06465925458437893,0.0,0.0,1.0,0.1717355085686892,0.2515527950310557,0.0,847.2565362430472,6000.0,-1404.18903077427,4750.0,1218.8993897694318,836.7565362430472,836.7565362430472,4750.0,0.0,1.0,0.0,1.0,0.0,0.0,,,9732.449379130936,0.0,1218.8993897694318,7954.63993601855,0.0,0.9772626651217872,3366.5042759103617,0.0,0.0,1.0,1.0,0.0,0.0,0.0,5.0,0.006112329649401388,0.0,-1105.40713321992,5648.37690828698,6753.7840415069,6000.0,0.0,0.0,0.0,0.0,0.0,0.0,0.0,35.889575164583896,33.91243264544683,45.67080247774608,44.85297223572674,160.32578252350353,1227.667284927177,1189.5424389108177,539.3086027908158,507.70890415164314,688.358682136361,681.8335347591747,2417.2097238379947,0.04220608549504309,0.03938487848203429,0.058616419919466395,0.05381355784236612,0.0,7.075340568585268,0.009826861900812873,276.4894697078385,186.62,274.93178419453847,0.0,274.93178419453847,1.0,558.4711391844995,0.0,75.0,73.69824515695883,75.0,69.88924005201326,75.0,73.69824515695883,75.0,69.88924005201326,293.5874852089721,0.0,0.0,0.0,0.0,0.0,293.5874852089721,0.0,104.99386515502235,0.0,34,28.37471169963257,64.80217249027787,36.4274607906453,6300.0,0.0,5871.749704179442,5871.749704179442,104.99386515502235,123.64956616945622,0.0,0.0,0.0,413.0376720319499,424.2664195962967,1.0,0.0,416.12490096504973,352.625,313.5208333333333,332.98231129564,847.2565362430472,847.2565362430472,5648.37690828698,6753.7840415069,1.0,332.98231129564,1.0,1388.8671234719445,748.2558637284437,0.0,153.90848204070522,8.035116908227481,153.90848204070522,0.019397231092008305,-0.09877875047746032,0.024185809819603683,0.17926173393917302,-0.15069840666067752,6.0,1.0,56.0,62.0,56.0,50.0,44.0,15.0,1.0,0.0,6.0,0.0,0.0,422.8586358486167,0.0,0.3067811050949558,421.36959510555715,424.6544576967712,0.0,422.8586358486167,0.0,0.5231245443833359,421.0938774192408,425.14651882237587,0.0,422.8586358486167,0.0,0.02345896307372186,420.89923244214725,424.84149821815987,0.0,422.8586358486167,0.0,2.0030125071308476,422.7258155607592,424.99446864360505,0.0,-0.004194585263844139,-0.005171239392490652,-0.007377798135027558,-0.0032634158505849224,1.0,1200.0,1200.0,1200.0,1200.0,,,0.0,-0.01611084576388748,-0.02742762066093398,-0.14689642806129372,0.0,0.0,0.0,0.0,0.0,0.002682784883107737,-0.025065982918809127,-0.04894645808908589,0.0012234064151304125,0.00021775774255292646,0.0,0.0,0.0,1.0,70.0,70.0,50.0,90.0,90.0,90.0,90.0,90.0,90.0,90.0,80.0,90.0,90.0,90.0,90.0,90.0,0.0,0.0,0.0,0.0,0.0,4.0,4.0,4.0,0.05838273833035597,-0.016765541732016484,0.08236438828565225,1.0,0.0,0.0,0.0,0.0,0.0,0.0,1.0,0.0,,663.0,1.0,0.0,0.0,0.0,,0.0,,0.0,,-1.0,0.0,0.0,0.0,0.0,1.0,0.0,0.0,0.0,0.0,,0.0,,847.2565362430472,0.0,847.2565362430472,60.0,199.94714023260934,200.8023319513035,0.0,3.0,1.9090987000090536,847.2565362430472,63.0,1.0,,,47.0,48.0,,,,,2.0,2.0,300.0,300.0,2.0,2.0,,,,,1.0,1.0,10.0,10.0
0.15699149401057033,0.023643755637401898,0.741201571905702,16.899305555555557,1142.058,850.3982980760809,-1427.3231593787705,6000.0,1200.0,0.0,1.0,0.0,0.0,0.0,47.3984375,0.0,0.0,314.6650708941587,0.0,365.2548980552449,0.0,3.0,1.0,0.0,0.0,0.0,0.019440123226844717,0.0,0.03175404967782905,0.0,0.0,0.0,0.0,0.0,0.0,0.016885635230424523,0.0,0.029577006230102287,0.0,0.0,0.0,37.721926500002155,0.0,18.0,1.0,1.0,121.47630836931954,0.0,1.0,1.0887775389625958,1.0,1.0,36.0,446.8618401121044,1057.9845660081285,611.122725896024,82.0,0.0,87.47505199956055,204.5748635656859,117.09981156612534,442.29981608149785,0.0,2.0,2.0,2.0,1.9805598767731551,2.0,1.9682459503221708,2.0,2.0,2.0,2.0,2.0,2.0,1.9831143647695757,2.0,1.9704229937698976,2.0,2.0,2.0,8000.887605679522,0.9816032759210661,0.0,719.3008856138326,969.4722131555707,850.3982980760809,4800.0,0.0,850.3982980760809,6000.0,480.14582354197074,850.3982980760809,850.3982980760809,4800.0,1.0,0.0,0.0,49.0,5.0,0.0,1.0,49.0,0.0,0.0,5.0,0.0,1.0,1.0,493.5268056520157,850.3982980760809,6000.0,13.380982110044954,494.93582797337825,0.0,1.0,0.0,1.0,1.0,0.0,1.0,5.0,4.0,0.0,0.0,850.3982980760809,4.0,459.16388400691807,49.0,0.0,156.44131980367325,17.0,459.16388400691807,850.3982980760809,6000.0,850.3982980760809,4800.0,0.0,0.0,,,,,,,,,,,,,0.0,804.8109439520082,4800.0,4.0,-1427.3231593787705,3732.4,493.5268056520157,804.8109439520082,804.8109439520082,4800.0,1.0,0.0,0.0,850.3982980760809,6000.0,1.0,24.0,92.17026019979227,4.608513009989614,0.0,975.081651515349,0.0,1.0,0.0,1.0,1.0,1.0,1.0,0.0,0.0,0.0,0.0,0.0,975.081651515349,209.47015913574222,0.0,0.0,0.0,480.14582354197074,204.5748635656859,204.5748635656859,0.0,1.0,494.93582797337825,0.0,0.0,48.754082575767455,0.0,0.0,0.0,0.0,0.0,0.0,975.081651515349,1.0,0.0,975.081651515349,0.0,1.0,466.9397801979939,12803.0,12803.0,12803.0,5242.875,5242.875,5242.875,3732.4,3732.4,3732.4,3.0,21778.275,21778.275,21778.275,850.3982980760809,6000.0,1.0,0.0,220.0,0.0,171.9506066797445,1.0,0.0,171.9506066797445,8.597530333987226,0.5,0.003816204858868545,0.0,1.9081024294342726,-1427.3231593787705,2250.9083069142507,-3315.000000000001,37566.666666666664,-22100.000000000004,5635.000000000001,0.15000000000000002,0.0,928.8739636181142,554.4471316794318,928.8739636181142,554.4471316794318,1.0,1.0,0.0,-792.8757565143741,1.0,7423.443287037037,-5285.838376762493,1113.5164930555559,1.0,850.3982980760809,0.0,0.0,850.3982980760809,3732.4,1200.0,6000.0,2633.882222479547,0.3838405787480044,0.6161594212519956,5832.277303100447,480.14582354197074,466.9397801979939,1.0,,850.3982980760809,,6000.0,1.0,,1.0,1.0,975.081651515349,,,0.0,0.0,204.5748635656859,68.19162118856197,850.3982980760809,0.0,603.123635979982,850.3982980760809,4800.0,63.568157608157144,1.0,0.0,0.0,-27.57157740466633,69.82338637858074,3.0,0.0,0.0,1200.0,1.0,0.0,1.0,0.0,0.0,0.0,0.0,0.0,0.0,1.0,6.0,0.0,1.0,0.2515527950310557,0.18983505279809165,0.0,0.0,1.0,0.14582481271530884,0.2515527950310557,0.0,850.3982980760809,4800.0,850.3982980760809,6000.0,480.14582354197074,850.3982980760809,850.3982980760809,4800.0,1.0,0.0,0.0,0.0,0.0,0.0,850.3982980760809,6000.0,8000.887605679522,0.0,480.14582354197074,7947.12112918055,0.0,0.9796048194419646,3339.9495516143697,0.0,0.0,0.0,1.0,0.0,0.0,0.0,5.0,0.003816204858868545,0.0,-1942.391495722357,5669.321987173872,7611.713482896229,4800.0,0.0,0.0,0.0,0.0,0.0,0.0,0.0,18.23436887282931,16.901012123043337,24.003461487700783,22.29291804236892,81.43176052594235,1261.5832326043299,1167.9429347820596,549.6409938323818,507.8319492815985,711.9422387719479,660.1109855004611,2429.5261673863893,0.07839921019428073,0.07271832932551649,0.10282068857341317,0.09808808974028042,0.0,46.8531073815051,0.06507376025209041,314.6650708941587,186.62,249.77863557631383,0.0,249.77863557631383,1.0,539.4193908676157,0.0,60.0,60.0,60.000000000000014,60.0,60.0,60.0,60.000000000000014,60.0,240.0,0.0,0.0,0.0,0.0,0.0,240.0,0.0,114.77250073133635,2.0,35,29.231790008242072,66.31156238306167,37.07977237481959,6480.0,0.0,4800.0,5990.475525915181,114.77250073133635,104.99386515502235,0.0,0.0,0.0,393.27199715922796,418.580289785554,1.0,0.0,391.83558222867225,352.625,330.15972222222223,323.75253960758096,850.3982980760809,850.3982980760809,5669.321987173872,7611.713482896229,1.0,323.75253960758096,1.0,1338.7160463287626,753.8990906228312,0.0,156.98212784206686,7.9987890537057655,156.98212784206686,0.02101233794936771,-0.08665676411193277,0.028316014198555305,0.5179737795292749,0.9973311973023705,6.0,1.0,56.0,62.0,56.0,50.0,50.0,16.0,1.0,0.0,6.0,0.0,0.0,542.8633469086465,0.0,9.802948464543078,542.8633469086465,533.0603984441034,0.0,542.8633469086465,0.0,11.691417908471976,542.8633469086465,531.1719290001745,0.0,542.8633469086465,0.0,15.180628647555295,542.8633469086465,527.6827182610912,0.0,542.8633469086465,0.0,12.515920404889357,542.8633469086465,530.3474265037571,0.0,0.012328371035886698,0.03790579805909412,0.006503578327984295,0.038525785796189024,1.0,1500.0,1500.0,1500.0,1500.0,1.0420993041035518,0.8,0.0,-0.2704735297561484,0.06381819975113673,0.07839729042611907,-5.36832134002907e-05,-0.0006967439973024625,0.0,0.0,0.0,0.056327528762197335,0.05754669200244642,0.16220384804384302,0.0,0.0006689019638088211,3.5032601673279375e-05,0.0007557936527060605,0.0,1.0,70.0,70.0,60.0,90.0,90.0,90.0,90.0,90.0,90.0,90.0,80.0,90.0,90.0,90.0,90.0,90.0,0.0,0.0,0.0,0.0,0.0,4.0,4.0,4.0,0.043607601094825595,-0.06435384784899945,0.04949445718751286,1.0,0.0,0.0,0.0,0.0,0.0,0.0,1.0,0.0,0.0,510.0,1.0,0.0,1.0,928.8739636181142,850.3982980760809,554.4471316794318,850.3982980760809,850.3982980760809,850.3982980760809,1.0,1.0,0.0,0.0,0.0,1.0,0.0,0.0,0.0,850.3982980760809,850.3982980760809,0.0,850.3982980760809,850.3982980760809,850.3982980760809,0.0,45.0,204.5748635656859,205.04144142935016,0.0,3.0,1.562418700021226,850.3982980760809,63.0,1.0,2303.0434724880265,3000.0,36.0,36.0,,0.65,,1.2176077469571065,2.0,2.0,300.0,300.0,2.0,2.0,2400.0,2400.0,2700.0,2400.0,1.0,1.0,10.0,10.0
0.1369227791454513,0.02457507193880204,0.7014672996138335,21.46180555555555,1142.058,871.259640683676,-1411.4495912957284,6000.0,1200.0,0.0,1.0,0.0,0.14285714285714285,0.14285714285714285,58.655381944444436,0.0,0.0,330.92094524876643,0.0,374.8569803334517,0.0,3.0,1.0,0.0,0.0,0.0,0.01005367561359242,0.0,0.014155893107736609,0.0,0.0,0.0,0.0,0.0,0.0,0.008642937713128986,0.0,0.014459872983132881,0.0,0.0,0.0,41.40223490001517,0.0,18.0,1.0,1.0,120.37941309187825,0.0,1.0,0.6368191320492153,1.0,1.0,36.0,476.0685779599334,1126.406948590977,650.3383706310435,71.0,0.0,91.57692731387647,212.40571833358138,120.82879101970491,499.3164164290573,0.0,2.0,2.0,2.0,1.9899463243864075,2.0,1.9858441068922634,2.0,2.0,2.0,2.0,2.0,2.0,1.9913570622868708,2.0,1.9855401270168673,2.0,2.0,2.0,9141.118765696317,0.9814783409664374,0.0,499.09597479616707,829.5208710314749,860.759640683676,4500.0,5.0,-1411.4495912957284,4500.0,670.6688042959094,860.759640683676,860.759640683676,4500.0,1.0,0.0,0.0,49.0,5.0,0.0,1.0,49.0,0.0,0.0,5.0,0.0,1.0,1.0,1522.6553377136258,-1411.4495912957284,4500.0,0.0,851.9865334177165,0.0,1.0,0.0,1.0,1.0,0.0,1.0,5.0,4.0,0.0,0.0,860.759640683676,5.0,466.4430510233039,49.0,0.0,106.93560424849608,17.0,466.4430510233039,-1411.4495912957284,4500.0,860.759640683676,4500.0,0.0,0.0,,,,,,,,,,,,,0.0,860.759640683676,4499.999999999999,17.0,-771.6670887851645,4500.0,670.6688042959094,860.759640683676,860.759640683676,4499.999999999999,1.0,0.0,0.0,-1411.4495912957284,4500.0,1.0,16.0,725.0263966594108,36.251319832970545,0.0,1522.6553377136258,0.0,1.0,0.0,1.0,1.0,1.0,1.0,0.0,0.0,0.0,0.0,0.0,1522.6553377136258,217.44102466633504,0.0,0.0,0.0,670.6688042959094,212.40571833358138,212.40571833358138,0.0,1.0,851.9865334177165,0.0,0.0,76.13276688568129,0.0,0.0,0.0,0.0,0.0,0.0,1522.6553377136258,1.0,0.0,1522.6553377136258,0.0,1.0,634.0299646224953,12803.0,12803.0,12803.0,5242.875,5242.875,5242.875,3732.4,3732.4,3732.4,3.0,21778.275,21778.275,21778.275,-1411.4495912957284,4500.0,1.0,0.0,220.0,0.0,7.7503968088702635,1.0,0.0,7.7503968088702635,0.3875198404435132,0.5,0.002125280557795256,0.0,1.062640278897628,-1411.4495912957284,2244.738815023291,-3315.000000000001,37566.666666666664,-22100.000000000004,5635.000000000001,0.15000000000000002,0.0,962.9026505529127,578.7476771958443,962.9026505529127,578.7476771958443,1.0,1.0,0.0,-771.6670887851645,1.0,7368.489583333332,-5144.447258567763,1105.2734375,1.0,-1411.4495912957284,0.0,0.0,-1411.4495912957284,3732.4,1200.0,6000.0,3650.199055759918,0.4030715926018148,0.5969284073981851,6000.0,670.6688042959094,634.0299646224953,1.0,,871.259640683676,,6000.0,1.0,,1.0,1.0,1522.6553377136258,,,0.0,0.0,212.40571833358138,70.80190611119379,860.759640683676,0.0,1852.49844499029,860.759640683676,4500.0,65.26976476198035,1.0,0.0,0.0,-30.38093799101165,72.48034155544501,3.0,-2272.2092319794046,-2272.2092319794046,0.0,1.0,1.0,1.0,0.0,0.0,0.0,0.0,0.0,0.0,1.0,6.0,0.0,1.0,0.2515527950310557,0.14155194813271077,0.0,0.0,1.0,0.1594062510157449,0.2515527950310557,0.0,860.759640683676,4500.0,-1411.4495912957284,4500.0,670.6688042959094,860.759640683676,860.759640683676,4500.0,1.0,0.0,0.0,0.0,0.0,0.0,-1411.4495912957284,4500.0,9141.118765696317,0.0,670.6688042959094,7927.512490861477,0.0,0.9803591659883464,3272.543012781943,0.0,0.0,0.0,1.0,0.0,0.0,0.0,5.0,0.002125280557795256,0.0,-1246.0115664940968,5738.397604557839,6984.409171051936,4500.0,0.0,0.0,0.0,0.0,0.0,0.0,0.0,36.48021617257275,34.00695750602734,44.7225794417234,42.7386077531783,157.9483608735018,1204.6429982678774,1202.9452635696873,545.8237954884215,509.46979757853455,658.8192027794556,693.4754659911528,2407.5882618375645,0.0433885134622186,0.039618588839428086,0.05404529023652472,0.054301356470343884,0.0,6.751707449100103,0.009377371457083476,330.92094524876643,186.62,275.33502698525405,0.0,275.33502698525405,1.0,561.6169947537621,0.0,45.691108335408316,67.15444583229583,45.000000000000014,67.15444583229583,45.691108335408316,67.15444583229583,45.000000000000014,67.15444583229583,225.0,0.0,0.0,0.0,0.0,0.0,225.0,0.0,165.10752771659045,6.0,36,29.20673784782901,68.42238258284851,39.2156447350195,6660.0,0.0,4500.0,5985.292094346074,165.10752771659045,114.77250073133635,0.0,0.0,0.0,407.1901740460943,421.34896629002577,1.0,0.0,411.3241169844203,352.625,312.0138888888889,329.35069665749984,-1411.4495912957284,860.759640683676,5738.397604557839,6984.409171051936,1.0,329.35069665749984,1.0,1384.1177210497929,800.9004441776311,0.0,152.8887226648938,8.032215074948503,152.8887226648938,0.04733203659950206,-0.10046339128655013,0.029466818711690955,0.13623965528333165,-0.29823246453170305,6.0,1.0,56.0,62.0,56.0,44.0,44.0,17.0,1.0,0.0,6.0,1.0,0.0,444.6653293545131,1.0,15.526291183947478,458.3661539687499,446.49079592422373,1.0,444.6653293545131,0.0,0.6712275051913821,443.5292535442692,446.4726326699485,0.0,444.6653293545131,1.0,44.67811388534096,487.9582230576843,446.0505495366829,1.0,444.6653293545131,0.0,3.5703877421751713,446.31886466906394,446.58218178213747,1.0,0.010517647660637714,-0.004471147995726917,0.04671583674153387,-0.00018154571688010419,1.0,1200.0,1200.0,1200.0000000000002,1200.0,1.0,1.0,0.0,-0.051370663833302646,-0.07050745166192378,-0.05785330244191264,0.0,0.0019825511859572487,-0.04431262853552056,-0.03715558606165068,0.0,-0.0004892167451679089,-0.007014802303187829,-0.052761844884552114,0.0013547239644111642,0.00036979523470446194,0.0,0.0,0.0,1.0,80.0,70.0,60.0,90.0,90.0,90.0,90.0,90.0,90.0,90.0,70.0,90.0,90.0,90.0,90.0,90.0,0.0,0.0,0.0,0.0,0.0,4.0,0.0,4.0,0.08622815757736084,-0.013236453784095038,0.07628347083208797,1.0,0.0,0.0,0.0,0.0,0.0,0.0,1.0,10.0,5.0,1036.0,1.0,10.0,1.0,962.9026505529127,860.759640683676,578.7476771958443,860.759640683676,-1411.4495912957284,-1411.4495912957284,2.0,2.0,0.0,185.97322014856468,0.0,1.0,0.0,0.0,0.0,674.7864205351113,860.759640683676,-2086.2360118308397,860.759640683676,860.759640683676,-1411.4495912957284,185.97322014856468,60.0,212.40571833358138,212.21654464711474,0.0,2.0,2.8142971000052057,860.759640683676,61.0,1.0,1813.8221667081666,2686.177833291833,48.0,48.0,0.65,,1.2778783299383536,,1.0,2.0,300.0,300.0,2.0,2.0,1813.8221667081666,2686.177833291833,2100.0,3000.0,1.0,1.0,10.0,10.0
0.10233310184189856,0.020392245721901125,0.7238234052238773,16.899305555555557,1142.058,867.4217007486598,-1431.4024686877701,6000.0,1200.0,0.0,1.0,0.0,0.0,0.0,62.24168469974628,0.0,0.0,361.88155545293216,0.0,359.67011962625895,0.0,3.0,1.0,0.0,0.0,0.0,0.01890602479289701,0.0,0.027509562586236307,0.0,0.0,0.0,0.0,0.0,0.0,0.015834736663593845,0.0,0.033491413573517384,0.0,0.0,0.0,33.074695099989185,0.0,18.0,1.0,1.0,115.25395049662488,0.0,1.0,1.0730496510311764,1.0,1.0,36.0,506.5097440417753,1196.6382324118663,690.1284883700908,39.0,0.0,92.46437217874177,218.9183424527165,126.45397027397473,428.50679683663486,0.0,2.0,2.0,2.0,1.981093975207103,2.0,1.9724904374137635,2.0,2.0,2.0,2.0,2.0,2.0,1.9841652633364062,2.0,1.9665085864264826,2.0,2.0,2.0,8476.358075618058,0.9810035736553084,0.0,949.7109163286007,1184.6296321443506,867.4217007486598,5413.822167,1000000.0,867.4217007486598,5413.822167,518.537207058687,867.4217007486598,867.4217007486598,5413.822167,0.0,1.0,0.0,49.0,5.0,0.0,1.0,49.0,,0.0,5.0,0.0,,1.0,,,,11.733339717250828,40.012077401110446,0.0,1.0,0.0,,1.0,0.0,1.0,5.0,4.0,0.0,0.0,,6.0,477.3355834631846,49.0,0.0,131.11187552309894,20.0,477.3355834631846,,,,,0.0,0.0,,,,,,,,,,,,,0.0,864.1404507486598,4443.296312922535,0.0,867.4217007486598,5413.822167,530.2705467759379,864.1404507486598,864.1404507486598,4443.296312922535,1.0,0.0,0.0,,,,24.0,57.93704080166199,2.8968520400831,0.0,518.537207058687,0.0,1.0,0.0,1.0,1.0,1.0,1.0,0.0,0.0,0.0,0.0,0.0,518.537207058687,218.9183424527165,0.0,1.0,0.0,530.2705467759379,219.20048484060948,219.20048484060948,0.0,1.0,0.0,1.0,1.0,25.926860352934355,1.0,0.0,1.0,0.0,0.0,0.0,518.537207058687,1.0,0.0,518.537207058687,0.0,1.0,504.3598618951994,12803.0,12803.0,12803.0,5242.875,5242.875,5242.875,3732.4,3732.4,3732.4,3.0,21778.275,21778.275,21778.275,867.4217007486598,5413.822167,0.0,0.0,220.0,0.0,225.60986246809009,1.0,0.0,225.60986246809009,11.280493123404504,0.5,0.0051857989461832526,0.0,2.5928994730916264,-1431.4024686877701,2253.164043629227,-3315.000000000001,37566.666666666664,-22100.000000000004,5635.000000000001,,,,,,,,,,-798.3261199894689,1.0,7443.5358796296305,-5322.174133263125,1116.5303819444448,1.0,,,,,3732.4,1200.0,6000.0,4275.0,0.4353889740395189,0.5646110259604811,6000.0,518.537207058687,504.3598618951994,1.0,0.0,867.4217007486598,0.0,5413.822167,1.0,1.0,1.0,1.0,518.537207058687,867.4217007486598,5413.822167,1.0,1.0,218.9183424527165,72.97278081757217,867.4217007486598,0.0,886.8939475495426,867.4217007486598,5413.822167,66.93122327566677,1.0,0.0,0.0,-34.07890650024751,72.97278081757217,3.0,,,,,,,,,,,,,,6.0,0.0,1.0,0.2515527950310557,0.0169608890123345,0.0,0.0,1.0,0.22931601071748672,0.2515527950310557,0.0,867.4217007486598,5413.822167,867.4217007486598,5413.822167,518.537207058687,867.4217007486598,867.4217007486598,5413.822167,0.0,1.0,0.0,1.0,0.0,0.0,,,8476.358075618058,0.0,518.537207058687,7603.255822460292,0.0,0.9813897720033702,3239.1321365521526,0.0,131.71664720754077,1.0,1.0,0.0,0.0,0.0,5.0,0.0051857989461832526,0.0,-2099.9097276755656,5782.811338324397,7882.721065999963,5413.822167,0.0,0.0,0.0,0.0,0.0,0.0,0.0,17.876064463824594,16.263954381121803,21.540102736251804,23.78797801073851,79.4680995919367,1190.1527787396574,1114.9262311928405,534.9369342530996,490.75856566021764,655.2158444865578,624.1676655326229,2305.079009932498,0.07724366862184412,0.07022659750564907,0.09440693568475805,0.10544118980131519,0.0,44.99967439982201,0.06249954777753058,361.88155545293216,186.62,248.913005826083,0.0,248.913005826083,1.0,533.5022832204131,0.0,60.69110835,64.06400894863732,60.0,67.56897524726314,60.69110835,64.06400894863732,60.0,67.56897524726314,252.32409254590047,0.0,0.0,0.0,0.0,0.0,252.32409254590047,0.0,161.69644099677308,4.0,37,30.441166081841928,70.23128382088927,39.790117739047346,6840.0,131.71664720754077,5046.4818509180095,5632.659683918009,161.69644099677308,165.10752771659045,0.0,0.0,0.0,389.2185930951067,412.0887391311211,1.0,0.0,386.9071781645512,352.625,318.3303639113648,310.2956053245051,867.4217007486598,867.4217007486598,5782.811338324397,7882.721065999963,1.0,310.2956053245051,1.0,1302.6653312062383,811.0304183172295,0.0,154.10725447974616,7.874848703784773,154.10725447974616,0.025184961756006114,-0.08377570766348078,0.049455914320254646,0.6835933096811241,0.4908327274477203,6.0,1.0,56.0,62.0,56.0,50.0,50.0,18.0,1.0,0.0,6.0,0.0,0.0,515.8790126828051,0.0,18.98552548151315,493.796967136877,518.97553274722,0.0,515.8790126828051,0.0,47.21842467033014,513.3822137875756,471.15738690770445,1.0,515.8790126828051,0.0,20.12579970570937,492.2586013464896,519.3736243134111,0.0,515.8790126828051,0.0,41.55970709156827,520.7784752096221,469.41984306441975,0.0,-0.03669528508620383,0.08791482594629596,-0.039419041330706124,0.103989536754828,1.0,913.8221667081664,1343.0889166459165,900.0000000000002,1343.0889166459165,,,0.0,-0.020984495595328313,-0.03375450455903817,-0.04614199287276364,-0.0015061991947845853,-0.002872188411180687,-2.7810576767706152e-05,-4.228559815260269e-05,-3.958192801860605e-05,0.17826798776899758,0.31733885033962106,0.9636773302485492,0.0,0.04470332371619712,0.051773011996967,0.3198560281476972,0.0,1.0,80.0,70.0,60.0,90.0,90.0,90.0,90.0,90.0,90.0,90.0,70.0,90.0,90.0,90.0,90.0,90.0,1.0,0.0,1.0,0.0,0.0,4.0,4.0,4.0,0.05076462426411659,-0.05391092526341759,0.06791582265229854,1.0,0.0,0.0,0.0,0.0,0.0,0.0,1.0,0.0,,622.0,1.0,0.0,0.0,0.0,,0.0,,0.0,,-1.0,0.0,0.0,0.0,0.0,1.0,0.0,0.0,0.0,0.0,,0.0,,867.4217007486598,0.0,867.4217007486598,45.0,218.9183424527165,219.40416963246963,0.0,3.0,1.7897540999983903,867.4217007486598,63.0,1.0,,,48.0,48.0,,,,,2.0,2.0,300.0,300.0,2.0,2.0,,,,,1.0,1.0,10.0,10.0
0.2239427208271646,0.01937497464617871,1.0536702590182545,43.83977497752404,1142.058,984.3179019962823,-1411.3463644124652,6000.0,1200.0,0.0,1.0,0.0,0.14285714285714285,0.14285714285714285,83.19508191447699,0.0,0.0,366.48134923643784,0.0,361.3431305572693,0.0,3.0,1.0,0.0,0.0,0.0,0.009506363811371044,0.0,0.01535715710184176,0.0,0.0,0.0,0.0,0.0,0.0,0.007562742068404127,0.0,0.012983084351411081,0.0,0.0,0.0,32.795345599995926,0.0,18.0,1.0,1.0,115.10649467963394,0.0,1.0,0.6167544431530568,1.0,1.0,36.0,537.3701299502252,1269.7211831371692,732.3510531869439,38.0,0.0,96.01213090159908,227.48349421373075,131.47136331213167,486.3176994340386,0.0,2.0,2.0,2.0,1.990493636188629,2.0,1.9846428428981584,2.0,2.0,2.0,2.0,2.0,2.0,1.9924372579315959,2.0,1.987016915648589,2.0,2.0,2.0,8391.287317185528,0.9817670263033967,0.0,586.8415494645519,902.5767840255412,942.3179019962823,4969.318634710775,7.0,-1411.3463644124652,5000.0,502.26371326985867,942.3179019962823,942.3179019962823,4969.318634710775,1.0,0.0,0.0,49.0,5.0,0.0,1.0,49.0,0.0,0.0,5.0,0.0,1.0,1.0,604.1908025633877,-1411.3463644124652,5000.0,0.0,101.92708929352904,0.0,1.0,0.0,1.0,1.0,0.0,1.0,5.0,4.0,0.0,0.0,942.3179019962823,7.0,469.60875391964345,49.0,0.0,128.35057138136375,19.0,469.60875391964345,-1411.3463644124652,5000.0,942.3179019962823,4969.318634710775,0.0,0.0,,,,,,,,,,,,,0.0,942.3179019962823,4969.318634710775,19.0,-771.5291673892692,5000.0,502.26371326985867,942.3179019962823,942.3179019962823,4969.318634710775,1.0,0.0,0.0,-1411.3463644124652,5000.0,1.0,16.0,46.73954774068534,2.336977387034267,0.0,604.1908025633877,0.0,1.0,0.0,1.0,1.0,1.0,1.0,0.0,0.0,0.0,0.0,0.0,604.1908025633877,226.7253867287239,0.0,0.0,0.0,502.26371326985867,227.48349421373075,227.48349421373075,0.0,1.0,101.92708929352904,0.0,0.0,30.209540128169387,0.0,0.0,0.0,0.0,0.0,0.0,604.1908025633877,1.0,0.0,604.1908025633877,0.0,1.0,499.59061702875147,12803.0,12803.0,12803.0,5242.875,5242.875,5242.875,3732.4,3732.4,3732.4,3.0,21778.275,21778.275,21778.275,-1411.3463644124652,5000.0,1.0,0.0,220.0,0.0,6.722377081459143,1.0,0.0,6.722377081459143,0.33611885407295716,0.5,0.004083262217697308,0.0,2.041631108848654,-1411.3463644124652,2255.848201902604,-3315.000000000001,37566.666666666664,-22100.000000000004,5635.000000000001,0.15000000000000002,0.0,1015.6993259582706,635.3050701807904,1015.6993259582706,635.3050701807904,1.0,1.0,0.0,-771.5291673892692,1.0,7467.444564664973,-5143.527782595127,1120.1166846997462,1.0,-1411.3463644124652,0.0,0.0,-1411.3463644124652,3732.4,1200.0,6000.0,4531.4108645843135,0.513863726942155,0.48613627305784507,6000.0,502.26371326985867,499.59061702875147,1.0,,984.3179019962823,,6000.0,1.0,,1.0,1.0,604.1908025633877,,,0.0,0.0,227.48349421373075,75.82783140457691,942.3179019962823,0.0,1633.6730236763733,942.3179019962823,4969.318634710775,69.26860030694539,1.0,0.0,0.0,-35.33457128216523,75.57512890957463,3.0,-2353.6642664087476,-2353.6642664087476,30.68136528922514,1.0,1.0,1.0,0.0,0.0,0.0,0.0,0.0,0.0,1.0,6.0,0.0,1.0,0.2515527950310557,0.10084485820331057,0.0,0.0,1.0,0.22457839027329596,0.2515527950310557,0.0,942.3179019962823,4969.318634710775,-1411.3463644124652,5000.0,502.26371326985867,942.3179019962823,942.3179019962823,4969.318634710775,1.0,0.0,0.0,0.0,0.0,0.0,-1411.3463644124652,5000.0,8391.287317185528,0.0,502.26371326985867,7734.607105272352,0.0,0.9872327708978583,3203.1401471777813,0.0,69.90416666666715,1.0,1.0,0.0,0.0,0.0,5.0,0.004083262217697308,0.0,-1256.0075932177951,6282.119346641881,7538.126939859676,4969.318634710775,0.0,0.0,0.0,0.0,0.0,0.0,0.0,35.62221992531189,32.73724772414847,44.623708670270894,41.662920329038094,154.64609664876934,1207.2613201443596,1094.8685734483183,534.2021339153722,487.9053473594856,673.0591862289874,606.9632260888329,2302.129893592678,0.04196566927282162,0.0366109948879928,0.0560846219185247,0.0507106901134913,0.0,6.150044211537754,0.008541728071580214,366.48134923643784,186.62,274.90215025336767,0.0,274.90215025336767,1.0,549.1180790949284,0.0,64.23296586776937,58.10234375,64.23296586776937,58.40244791666667,64.23296586776937,58.10234375,64.23296586776937,58.40244791666667,244.9707234022054,0.0,0.0,0.0,0.0,0.0,244.9707234022054,0.0,191.62786784793525,3.0,38,30.860385908449885,73.08295072530291,42.222564816853016,7020.0,69.90416666666715,4899.414468044108,5885.651388888889,191.62786784793525,161.69644099677308,0.0,0.0,0.0,414.64992702588705,417.8900230278539,1.0,0.0,418.9998030044507,352.625,302.31743611860264,317.1497160147253,-1411.3463644124652,942.3179019962823,6282.119346641881,7538.126939859676,1.0,317.1497160147253,1.0,1335.744867188487,868.6762341553654,0.0,143.14212310150026,7.708999684184128,143.14212310150026,0.04513838645956628,-0.08937215423976257,0.01153200898344083,2.2769715938135913,2.7736293184499927,6.0,1.0,56.0,62.0,56.0,44.0,44.0,19.0,1.0,0.0,6.0,0.0,0.0,483.8965665471388,0.0,11.483448356735948,470.1754032812306,486.13428145631104,0.0,483.8965665471388,0.0,16.79378775216776,483.8965665471388,467.10277879497096,0.0,483.8965665471388,0.0,10.058408439384493,471.2519568179481,486.48276783694496,0.0,483.8965665471388,0.0,13.480933298277819,483.8965665471388,470.41563324886096,0.0,-0.025056388638671878,0.05597929250722605,-0.023986524999048662,0.04493644432759273,1.0,1213.822167,1500.0,1200.0,1500.0,1.0,0.9873774630737854,0.0,-0.014336178202302109,-0.025495834725848,-0.04606749577476954,-0.00010597193380874614,-6.924874286653448e-05,0.0,0.0,0.0,0.4401416530984281,0.4369072128073027,1.1981528026334867,0.0001863026512957333,0.2503636436461475,0.10123240894626236,-0.13754293736969778,0.0,1.0,80.0,70.0,60.0,90.0,90.0,90.0,90.0,90.0,80.0,80.0,60.0,90.0,90.0,90.0,80.0,90.0,0.0,0.0,0.0,0.0,0.0,4.0,4.0,4.0,0.09265658661264908,-0.10176430143724438,0.07794688571475525,1.0,0.0,0.0,0.0,0.0,0.0,0.0,1.0,10.0,5.0,618.0,1.0,10.0,1.0,1015.6993259582706,942.3179019962823,635.3050701807904,942.3179019962823,-1411.3463644124652,-1411.3463644124652,2.0,1.0,10.0,211.91426787112187,0.0,1.0,0.0,0.0,0.0,730.4036341251605,942.3179019962823,-2141.7499985376257,942.3179019962823,942.3179019962823,-1411.3463644124652,211.91426787112187,63.0,227.48349421373075,228.3219989600068,0.0,3.0,1.7471598999982234,942.3179019962823,63.0,1.0,2569.318634710775,2430.681365289225,48.0,36.0,,0.65,,1.7550358375814041,2.0,2.0,300.0,300.0,2.0,2.0,2569.318634710775,2400.0,3000.0,2400.0,1.0,1.0,10.0,10.0
0.1747354136859257,0.01727155803133934,1.1364420889511235,42.96402705898485,1142.058,953.8761051184777,-1474.8192126392778,6000.0,1200.0,0.0,1.0,0.0,0.0,0.0,90.6144728848267,0.0,0.0,370.4665419785533,0.0,354.1360468562333,0.0,3.0,1.0,0.0,0.0,0.0,0.015529022300432047,0.0,0.02495386511842157,0.0,0.0,0.0,0.0,0.0,0.0,0.014373617312424048,0.0,0.022050793373789887,0.0,0.0,0.0,30.722354900004575,0.0,18.0,1.0,1.0,119.43432938867137,0.0,1.0,0.9320316791665307,1.0,1.0,36.0,569.6504314383322,1345.5536995633192,775.9032681249871,39.0,0.0,99.53850236063528,234.55394792094907,135.0154455603138,431.70169017970704,0.0,2.0,2.0,2.0,1.9844709776995682,2.0,1.9750461348815784,2.0,2.0,2.0,2.0,2.0,2.0,1.985626382687576,2.0,1.97794920662621,2.0,2.0,2.0,8077.988203376155,0.9816739165631714,0.0,633.9641619945148,968.8675336805175,941.9665264157252,5250.0,8.0,-1474.8192126392778,5250.0,529.8162001127685,941.9665264157252,941.9665264157252,5250.0,1.0,0.0,0.0,49.0,5.0,0.0,1.0,49.0,0.0,0.0,5.0,0.0,1.0,1.0,913.9926029703304,-1474.8192126392778,5250.0,0.0,537.7796683309195,0.0,1.0,0.0,1.0,1.0,0.0,1.0,5.0,4.0,0.0,0.0,941.9665264157252,8.0,446.8528962339106,49.0,0.0,136.3869598831016,20.0,446.8528962339106,-1474.8192126392778,5250.0,941.9665264157252,5250.0,0.0,0.0,,,,,,,,,,,,,0.0,941.9665264157252,5250.0,20.0,-807.4298874294018,5250.0,529.8162001127685,941.9665264157252,941.9665264157252,5250.0,1.0,0.0,0.0,-1474.8192126392778,5250.0,1.0,12.0,437.6113500937622,21.880567504688113,0.0,913.9926029703304,0.0,1.0,0.0,1.0,1.0,1.0,1.0,0.0,0.0,0.0,0.0,0.0,913.9926029703304,233.66118602713718,0.0,0.0,0.0,529.8162001127685,234.55394792094907,234.55394792094907,0.0,1.0,384.1764028575619,0.0,0.0,45.69963014851652,0.0,0.0,0.0,0.0,0.0,0.0,913.9926029703304,1.0,0.0,913.9926029703304,0.0,1.0,507.5995137540074,12803.0,12803.0,12803.0,5242.875,5242.875,5242.875,3732.4,3732.4,3732.4,3.0,21778.275,21778.275,21778.275,-1474.8192126392778,5250.0,1.0,0.0,220.0,0.0,6.722377081459143,1.0,0.0,6.722377081459143,0.33611885407295716,0.5,0.0019886887229662075,0.0,0.9943443614831038,-1474.8192126392778,2337.1287047766646,-3315.000000000001,37566.666666666664,-22100.000000000004,5635.000000000001,0.15000000000000002,0.0,1032.6976799261656,644.2081715937259,1032.6976799261656,644.2081715937259,1.0,1.0,0.0,-807.4298874294018,1.0,7607.133879429845,-5382.865916196011,1141.070081914477,1.0,-1474.8192126392778,0.0,0.0,-1474.8192126392778,3732.4,1200.0,6000.0,4817.222383486739,0.48993314374095887,0.5100668562590411,6000.0,529.8162001127685,507.5995137540074,1.0,,953.8761051184777,,6000.0,1.0,,1.0,1.0,913.9926029703304,,,0.0,0.0,234.55394792094907,78.18464930698302,941.9665264157252,0.0,1509.8337983843421,941.9665264157252,5250.0,72.23422166930273,1.0,0.0,0.0,-34.69703115893614,77.88706200904572,3.0,-2416.785739055003,-2416.785739055003,0.0,1.0,1.0,1.0,0.0,0.0,0.0,0.0,0.0,0.0,1.0,6.0,0.0,1.0,0.2515527950310557,0.10774971707822623,0.0,0.0,1.0,0.2661498164554656,0.2661498164554656,0.0,941.9665264157252,5250.0,-1474.8192126392778,5250.0,529.8162001127685,941.9665264157252,941.9665264157252,5250.0,1.0,0.0,0.0,0.0,0.0,0.0,-1474.8192126392778,5250.0,8077.988203376155,0.0,529.8162001127685,7828.539625548398,0.0,0.9865771030486415,3302.06949265341,0.0,0.0,0.0,1.0,0.0,0.0,0.0,5.0,0.0019886887229662075,0.0,-2242.9530352219244,6279.7768427715,8522.729877993424,5250.0,0.0,0.0,0.0,0.0,0.0,0.0,0.0,19.350909170965306,18.712417433859994,24.52102786941283,23.911726675818574,86.49608115005671,1216.1216373995094,1172.5649503739196,536.0025088518586,518.1826372824394,680.1191285476507,654.38231309148,2388.686587773429,0.0672860931069629,0.0644170129777698,0.08713476976682319,0.08134770306031186,0.0,39.352129592561674,0.05465573554522455,370.4665419785533,186.62,266.6631008954339,0.0,266.6631008954339,1.0,543.8493419408032,0.0,64.30372511600085,66.94627488399915,64.30372511600085,66.94627488399915,64.30372511600085,66.94627488399915,64.30372511600085,66.94627488399915,262.5,0.0,0.0,0.0,0.0,0.0,262.5,0.0,195.79096874336966,2.0,39,32.28030148810709,75.83251642615032,43.55221493804323,7200.0,0.0,5250.0,6000.0,195.79096874336966,191.62786784793528,0.0,0.0,0.0,414.7743488709346,423.66830904764583,1.0,0.0,412.5371526903789,352.625,314.49727569631705,320.3137109976524,-1474.8192126392778,941.9665264157252,6279.7768427715,8522.729877993424,1.0,320.3137109976524,1.0,1302.6130733353582,873.618167553759,0.0,155.05861687278562,7.579565920838921,155.05861687278562,0.025042737498523926,-0.0890892812803252,0.03271583107180638,0.11674347877586773,-0.2913392332156845,6.0,1.0,56.0,62.0,56.0,50.0,50.0,20.0,1.0,0.0,6.0,0.0,0.0,444.26520826715296,0.0,0.09828026812010648,442.3291034496051,446.1030328165807,0.0,444.26520826715296,0.0,0.29978109836497424,441.93512427722754,446.2955111587134,0.0,444.26520826715296,0.0,0.185661065498266,442.10553035845254,446.2392251103551,0.0,444.26520826715296,0.0,1.030214176648542,443.2386424459503,446.32198826500417,0.0,-0.006785427711625145,-0.006665774116003126,-0.009279443392841326,-0.006022476469426401,1.0,1284.6593173553874,1200.0,1284.6593173553874,1200.0,1.0,1.0,0.0,-0.024657305352415195,-0.04327535129100433,-0.04834003736913495,-0.0013489319094105666,-0.001175223117448354,-9.976259462973758e-07,0.0,0.0,-0.015510440235155087,-0.030378727235576972,-0.14731328774375357,-0.002301475637275985,-0.02409253817767869,0.009439569268884184,-0.0004052217313727624,-0.0003509583992922671,1.0,80.0,70.0,60.0,90.0,90.0,90.0,90.0,90.0,70.0,70.0,50.0,90.0,80.0,80.0,90.0,90.0,0.0,0.0,0.0,0.0,0.0,4.0,4.0,4.0,0.05493803863337545,-0.05211608349195185,0.06316467256512066,1.0,0.0,0.0,0.0,0.0,0.0,0.0,1.0,10.0,5.0,609.0,1.0,10.0,1.0,1032.6976799261656,941.9665264157252,644.2081715937259,941.9665264157252,-1474.8192126392778,-1474.8192126392778,2.0,1.0,10.0,200.63597773888932,0.0,1.0,0.0,0.0,0.0,741.3305486768359,941.9665264157252,-2216.1497613161137,941.9665264157252,941.9665264157252,-1474.8192126392778,200.63597773888932,39.0,234.55394792094907,235.10713686066217,0.0,3.0,1.8135018000029959,941.9665264157252,63.0,1.0,2572.149004640034,2677.850995359966,48.0,47.0,,,,,2.0,2.0,300.0,300.0,2.0,2.0,2572.149004640034,2677.850995359966,3000.0,3000.0,1.0,1.0,10.0,10.0
0.2760646939491643,0.016707998001933344,1.2897539950213848,66.94389615527092,1142.058,2333.7313560972166,-1450.6717554355337,6000.0,1200.0,0.0,1.0,0.0,0.14285714285714285,0.14285714285714285,116.18420309222397,0.0,0.0,372.99846571397774,0.0,359.0295361303557,0.0,3.0,1.0,0.0,0.0,0.0,0.009450238986567038,0.0,0.006535437593509386,0.0,0.0,0.0,0.0,0.0,0.0,0.0077725165856677375,0.0,0.0055770072388245445,0.0,0.0,0.0,53.4013655000017,0.0,18.0,1.0,1.0,118.45781293199171,0.0,1.0,0.4604029056647666,1.0,1.0,36.0,602.4705778408808,1423.752326597994,821.2817487571132,61.0,0.0,101.98697016349486,239.4196651789855,137.43269501549065,481.57543280182404,0.0,2.0,2.0,2.0,1.9905497610134328,2.0,1.9934645624064906,2.0,2.0,2.0,2.0,2.0,2.0,1.9922274834143323,2.0,1.9944229927611754,2.0,2.0,2.0,7325.716215239045,0.9832490933871483,0.0,417.69199624551504,692.7622561834972,935.1345238039717,4820.796172556389,5.0,935.1345238039717,6000.0,431.0517501600072,935.1345238039717,935.1345238039717,4820.796172556389,1.0,0.0,0.0,50.0,6.0,1.0,0.0,75.0,0.0,0.0,11.0,1.0,1.0,1.0,458.0314171129499,935.1345238039717,6000.0,0.0,345.0539332366864,0.0,1.0,0.0,1.0,1.0,1.0,0.0,6.0,4.0,0.0,0.0,935.1345238039717,18.0,418.919987617418,50.0,2.9734811932033267,125.19516653145979,4.0,421.8934688106213,935.1345238039717,6000.0,935.1345238039717,4820.796172556389,25.0,5.0,1.0,0.0,1.0,5.0,4.0,0.0,416.2292429092084,25.0,0.0,127.88591123966938,10.0,416.2292429092084,1.0,935.1345238039717,4820.796172556389,51.0,935.1345238039717,6000.0,431.0517501600072,935.1345238039717,935.1345238039717,4820.796172556389,0.0,0.0,1.0,935.1345238039717,6000.0,1.0,18.0,60.35373920198702,3.017686960099351,0.0,776.1056833966936,0.0,1.0,0.0,1.0,1.0,1.0,1.0,0.0,0.0,0.0,0.0,0.0,776.1056833966936,239.46629763307803,0.0,0.0,0.0,431.0517501600072,239.4196651789855,239.4196651789855,0.0,1.0,345.0539332366864,0.0,0.0,38.805284169834685,0.0,0.0,0.0,0.0,0.0,0.0,776.1056833966936,1.0,0.0,776.1056833966936,0.0,1.0,428.03406319990785,12803.0,11935.7,12803.0,5242.875,4887.7125,5242.875,3732.4,3479.5600000000004,3732.4,3.0,21778.275,20302.972500000003,21778.275,935.1345238039717,6000.0,1.0,0.0,220.0,0.0,0.0,1.0,0.0,0.0,0.0,0.5,0.004234799780464898,0.0,2.117399890232449,-1450.6717554355337,2333.7313560972166,-3315.000000000001,37566.666666666664,-22100.000000000004,5635.000000000001,0.15000000000000002,0.0,1026.6074586780032,649.4299334553834,1026.6074586780032,649.4299334553834,1.0,1.0,0.0,-754.3490839548789,1.0,7338.096485898845,-5028.993893032525,1100.7144728848268,1.0,935.1345238039717,0.0,0.0,935.1345238039717,3732.4,1200.0,6000.0,4375.41005936236,0.4571575294260649,0.5428424705739351,6000.0,431.0517501600072,428.03406319990785,1.0,,935.1345238039717,,6000.0,1.0,,1.0,1.0,776.1056833966936,,,0.0,0.0,239.4196651789855,79.80655505966183,935.1345238039717,0.0,1468.1339120991859,935.1345238039717,4820.796172556389,75.12778016370244,1.0,0.0,0.0,-32.447866769861236,79.82209921102601,3.0,0.0,0.0,1179.2038274436109,1.0,0.0,1.0,0.0,0.0,0.0,0.0,0.0,0.0,1.0,6.0,0.0,1.0,0.2515527950310557,0.17019062250154815,0.0,0.0,1.0,0.2719319010324579,0.2719319010324579,0.0,935.1345238039717,4820.796172556389,935.1345238039717,6000.0,431.0517501600072,935.1345238039717,935.1345238039717,4820.796172556389,1.0,0.0,0.0,0.0,0.0,0.0,935.1345238039717,6000.0,7325.716215239045,0.0,431.0517501600072,8053.018339937913,0.0,0.987594526127782,3277.4262271455623,0.0,0.0,0.0,1.0,0.0,0.0,0.0,5.0,0.004234799780464898,0.0,-1387.1564580368904,6234.2301586931435,7621.386616730034,4820.796172556389,0.0,0.0,0.0,0.0,0.0,0.0,0.0,34.14719215652101,31.613290848477227,45.68808704330533,43.07159296091763,154.5201630092212,1219.2177305286893,1149.9385281111452,533.8126795759667,490.1347093242118,685.4050509527226,659.8038187869332,2369.1562586398345,0.04123142961150212,0.03670041202773662,0.03008760173244291,0.02788232382036933,0.0,2.9385563453887826,0.0040813282574844205,372.99846571397774,186.62,279.6453375072516,0.0,279.6453375072516,1.0,550.9332557036686,0.0,68.57362941390974,51.946274900000006,68.57362941390974,51.946274900000006,68.57362941390974,51.946274900000006,68.57362941390974,51.946274900000006,241.03980862781947,0.0,0.0,0.0,0.0,0.0,241.03980862781947,0.0,234.39649762280166,3.0,40,32.82014640254854,78.1986270346746,45.37848063212606,7380.0,0.0,4820.796172556389,6000.0,234.39649762280166,195.79096874336966,0.0,0.0,0.0,439.5564287212877,443.3890094961184,1.0,0.0,439.52578811917454,352.625,302.36776979260287,307.48235779995355,935.1345238039717,935.1345238039717,6234.2301586931435,7621.386616730034,1.0,307.48235779995355,1.0,1331.7637048839397,928.7084569253763,0.0,136.97161202889052,7.679972733711443,136.97161202889052,0.025867271098507023,-0.10108720288669956,0.08455885433595789,0.7793120712109172,-0.5486913994326444,6.0,1.0,56.0,62.0,62.0,56.0,56.0,21.0,1.0,0.0,6.0,0.0,1.0,406.493975091326,0.0,0.823079253705373,404.99245931657737,408.81857011978,0.0,406.493975091326,1.0,11.892888560241772,423.1374804947988,401.74335824809486,0.0,406.493975091326,0.0,0.29836323880113014,404.5071296262473,408.7791837952058,0.0,406.493975091326,1.0,25.582651356805854,436.81595481031496,401.7546467291429,0.0,-0.008015324737670255,0.04466677435916118,-0.011717821650344545,0.07168758757270961,1.0,1286.074502320017,1338.925497679983,1286.074502320017,1338.925497679983,1.0,0.6926169986666667,0.0,-0.023232595212137497,-0.04939913384659817,-0.0645162554808909,-0.005545778096288245,-0.006129517053517474,-0.0012719145793454345,-0.0012260619734519196,-0.0009990679101036903,0.44748718107387087,0.6847721529822657,0.8324063481884129,-0.0014824616293623194,0.06285196433176274,0.22070939445998014,-0.011644055006666675,-0.00021271423258610865,1.0,80.0,70.0,60.0,90.0,90.0,90.0,90.0,90.0,70.0,70.0,60.0,90.0,80.0,80.0,90.0,90.0,0.0,0.0,0.0,0.0,0.0,4.0,4.0,4.0,0.022559611461897673,-0.02935528239882898,0.10313181429996365,1.0,0.0,0.0,0.0,0.0,0.0,0.0,1.0,0.0,0.0,864.0,1.0,0.0,1.0,1026.6074586780032,935.1345238039717,649.4299334553834,935.1345238039717,935.1345238039717,935.1345238039717,1.0,3.0,10.0,0.0,0.0,1.0,0.0,0.0,0.0,935.1345238039717,935.1345238039717,0.0,935.1345238039717,935.1345238039717,935.1345238039717,0.0,45.0,239.4196651789855,240.24869786528774,0.0,3.0,2.4150725999788847,935.1345238039717,63.0,1.0,2742.9451765563895,3000.0,48.0,48.0,,0.65,,1.8104874040704144,2.0,2.0,300.0,300.0,2.0,2.0,2742.9451765563895,2077.850996,3000.0,2077.850996,1.0,1.0,10.0,10.0
0.17999790919512682,0.015648031388700634,1.1813317865646578,52.49606950151806,1142.058,755.395858964767,-1583.7540125451835,6000.0,1200.0,0.0,1.0,0.0,0.0,0.0,104.84936811262914,0.0,0.0,381.9950518282074,0.0,356.77846439294603,0.0,3.0,1.0,0.0,0.0,0.0,0.018935689660486185,0.0,0.012414848928116765,0.0,0.0,0.0,0.0,0.0,0.0,0.017562931836535726,0.0,0.01078743299944719,0.0,0.0,0.0,35.95837670000037,0.0,18.0,1.0,1.0,119.83647063212338,0.0,1.0,0.7954749963355867,1.0,1.0,36.0,636.9651759918447,1504.4383379009655,867.4731619091208,43.0,0.0,99.20915323342027,230.51501276165365,131.30585952823338,447.61006664230837,0.0,2.0,2.0,2.0,1.9810643103395138,2.0,1.9875851510718832,2.0,2.0,2.0,2.0,2.0,2.0,1.9824370681634642,2.0,1.989212567000553,2.0,2.0,2.0,6116.5242762848375,0.9843773471704786,0.0,330.0564042644022,583.4432441926633,755.395858964767,5206.301689535643,0.0,755.395858964767,5677.850996,367.4046833815525,755.395858964767,755.395858964767,5206.301689535643,1.0,0.0,0.0,49.0,4.0,0.0,1.0,49.0,0.0,0.0,4.0,0.0,1.0,1.0,370.8267391494203,755.395858964767,5677.850996,3.422055767867789,204.49147263906372,0.0,1.0,0.0,1.0,1.0,0.0,1.0,4.0,4.0,0.0,0.0,755.395858964767,13.0,351.7092099036389,49.0,0.0,147.61258834330965,27.0,351.7092099036389,755.395858964767,5677.850996,755.395858964767,5206.301689535643,0.0,0.0,,,,,,,,,,,,,0.0,737.3790461428292,5214.521152698199,13.0,-1583.7540125451835,5696.308499333333,370.8267391494203,737.3790461428292,737.3790461428292,5214.521152698199,1.0,0.0,0.0,755.395858964767,5677.850996,1.0,18.0,17.769207980607092,0.8884603990303547,0.0,571.8961560206162,0.0,1.0,0.0,1.0,1.0,1.0,1.0,0.0,0.0,0.0,0.0,0.0,571.8961560206162,230.88039207625104,0.0,0.0,0.0,367.4046833815525,230.51501276165365,230.51501276165365,0.0,1.0,204.49147263906372,0.0,0.0,28.59480780103081,0.0,0.0,0.0,0.0,0.0,0.0,571.8961560206162,1.0,0.0,571.8961560206162,0.0,1.0,366.51622298252215,12803.0,8466.5,12803.0,5242.875,3467.0625,5242.875,3732.4,2468.2,3732.4,3.0,21778.275,14401.7625,21778.275,755.395858964767,5677.850996,1.0,0.0,220.0,0.0,0.0,1.0,0.0,0.0,0.0,0.5,0.00179281225986402,0.0,0.89640612993201,-1583.7540125451835,2465.2124840193064,-3315.000000000001,37566.666666666664,-22100.000000000004,5635.000000000001,0.15000000000000002,0.0,837.5364581995275,545.2528554468938,837.5364581995275,545.2528554468938,1.0,1.0,0.0,-748.0969507727385,1.0,6234.56135394816,-4987.313005151589,935.1842030922242,1.0,755.395858964767,0.0,0.0,755.395858964767,3732.4,1200.0,6000.0,5237.43847433734,0.44531825426854565,0.5546817457314543,6000.0,367.4046833815525,366.51622298252215,1.0,,755.395858964767,,5677.850996,1.0,,1.0,1.0,571.8961560206162,,,0.0,0.0,230.51501276165365,76.83833758721788,755.395858964767,0.0,1326.114939911917,755.395858964767,5206.301689535643,77.59423317814539,1.0,0.0,0.0,-31.656484131460445,76.96013069208368,3.0,0.0,0.0,471.54930646435696,1.0,0.0,1.0,0.0,0.0,0.0,0.0,0.0,0.0,1.0,6.0,0.0,1.0,0.2515527950310557,0.09213821079036455,0.0,0.0,1.0,0.3255506911427801,0.3255506911427801,0.0,755.395858964767,5206.301689535643,755.395858964767,5677.850996,367.4046833815525,755.395858964767,755.395858964767,5206.301689535643,1.0,0.0,0.0,0.0,0.0,0.0,755.395858964767,5677.850996,6116.5242762848375,0.0,367.4046833815525,7866.975188765447,0.0,0.9941894394339619,3318.373470880708,0.0,0.0,0.0,1.0,0.0,0.0,0.0,5.0,0.00179281225986402,0.0,-2218.1146074199332,5035.9723930984455,7254.087000518379,5206.301689535643,0.0,0.0,0.0,0.0,0.0,0.0,0.0,17.92661081341315,17.333211651326966,25.16445966464327,23.22594953333008,83.65023166271347,1225.047024786869,1171.6823878555979,539.0336725913813,516.6948386333178,686.0133521954879,654.9875492222802,2396.729412642467,0.07726903749131189,0.0741757930157558,0.05469612031412869,0.05014764170441747,0.0,38.90345448569626,0.054032575674578136,381.9950518282074,186.62,275.1997593015078,0.0,275.1997593015078,1.0,558.515797013305,0.0,63.21126733839108,66.9462749,63.21126733839108,66.9462749,63.21126733839108,66.9462749,63.21126733839108,66.9462749,260.3150844767822,0.0,0.0,0.0,0.0,0.0,260.3150844767822,0.0,249.2811724475271,0.0,41,34.49459815096396,80.68601130297156,46.191413152007605,7560.0,0.0,5206.301689535643,6000.0,249.2811724475271,234.39649762280166,0.0,0.0,0.0,435.16077728131745,450.42865261656266,1.0,0.0,432.78104495280365,352.625,328.5848349795949,333.51452927550463,755.395858964767,755.395858964767,5035.9723930984455,7254.087000518379,1.0,333.51452927550463,1.0,1348.6511502159578,919.6254648936401,0.0,153.85626236573384,7.5032976799397355,153.85626236573384,0.03401569832031537,-0.08376554173327519,-0.06612049510394838,0.00493126693982937,-0.35750023176962686,6.0,1.0,56.0,62.0,62.0,50.0,62.0,22.0,1.0,0.0,6.0,0.0,0.0,365.2438950809982,0.0,2.941526719544754,365.6679262494025,367.76139063213867,1.0,365.2438950809982,0.0,1.710257580005873,363.7932982020709,368.40474953993134,0.0,365.2438950809982,0.0,6.2519560437854125,367.97947064015125,368.76027556563054,1.0,365.2438950809982,0.0,2.3296986208729322,359.4518181130337,368.7062734280898,0.0,-0.013233193677767745,-0.003113541674165058,-0.01603786029493206,-0.010420646271529391,1.0,1371.4725882781947,1038.925498,1371.4725882781947,1038.925498,1.0,0.8926169986666667,0.0,0.02169034501740796,-0.0014007547446212244,0.01767081511329529,-0.008359952105942625,-0.009309210840794436,-0.0012234144373593381,-0.0012855408014956992,-0.001085903379288311,-0.012839933751131839,-0.01919425464483382,-0.12505522203324732,-0.013886483349673994,-0.029513663608661034,-0.035982892546819654,-0.009464924884258607,-0.008499410677239893,1.0,80.0,70.0,60.0,90.0,90.0,90.0,90.0,90.0,60.0,60.0,50.0,90.0,80.0,70.0,90.0,90.0,0.0,1.0,0.0,0.0,0.0,4.0,4.0,1.0,0.050331630747185566,-0.055300935991658806,0.03428193137074139,1.0,0.0,0.0,105.0,0.0,0.0,0.0,1.0,0.0,0.0,571.0,1.0,0.0,1.0,837.5364581995275,755.395858964767,545.2528554468938,755.395858964767,755.395858964767,755.395858964767,1.0,1.0,0.0,0.0,0.0,1.0,0.0,0.0,0.0,755.395858964767,755.395858964767,0.0,755.395858964767,755.395858964767,755.395858964767,0.0,36.0,230.51501276165365,231.18254627380261,0.0,3.0,1.6989140999794472,755.395858964767,63.0,1.0,2528.450693535643,3000.0,42.0,47.0,,0.65,,1.0793521783640354,2.0,2.0,300.0,300.0,2.0,2.0,2528.450693535643,2677.850996,3000.0,2677.850996,1.0,1.0,10.0,10.0
0.24462187111082528,0.019438753238603557,1.246810785665275,64.09555834688736,1142.058,583.2583432404673,-1567.97393967653,6000.0,1200.0,0.0,1.0,0.0,0.2857142857142857,0.2857142857142857,121.06500279133176,0.0,0.0,369.17621885858796,0.0,357.12630614755994,0.0,3.0,1.0,0.0,0.0,0.0,0.005033654067127635,0.0,0.0061511883649467075,0.0,0.0,0.0,0.0,0.0,0.0,0.004571652778933923,0.0,0.005786914093767106,0.0,0.0,0.0,30.560490399977425,0.0,18.0,1.0,1.0,115.88753295268971,0.0,1.0,0.3714278924532727,1.0,1.0,36.0,670.9077183337487,1584.3853084513366,913.477590117588,71.0,0.0,87.56329251378955,200.45285810552895,112.88956559173941,443.80683086843896,0.0,2.0,2.0,2.0,1.9949663459328724,2.0,1.9938488116350532,2.0,2.0,2.0,2.0,2.0,2.0,1.9954283472210659,2.0,1.9942130859062328,2.0,2.0,2.0,4654.965626950034,0.9858250327592225,0.0,241.89764305269819,421.9142673689386,583.2583432404673,6000.0,1000000.0,583.2583432404673,6000.0,286.0729253164584,583.2583432404673,583.2583432404673,6000.0,0.0,1.0,0.0,49.0,4.0,0.0,1.0,49.0,,0.0,4.0,0.0,,1.0,,,,0.1717468016028647,0.1717468016028647,0.0,1.0,0.0,,1.0,0.0,1.0,4.0,4.0,0.0,0.0,,0.0,285.5712517000719,49.0,0.0,150.35244301286883,12.0,285.5712517000719,,,,,0.0,0.0,,,,,,,,,,,,,0.0,583.2583432404673,5997.188542893937,0.0,583.2583432404673,6000.0,286.24467211806126,583.2583432404673,583.2583432404673,5997.188542893937,1.0,0.0,0.0,,,,12.0,51.11365386486745,2.555682693243373,0.0,286.0729253164584,0.0,1.0,0.0,1.0,1.0,1.0,1.0,0.0,0.0,0.0,0.0,0.0,286.0729253164584,200.45285810552895,0.0,1.0,0.0,286.24467211806126,200.44549807053968,200.44549807053968,0.0,1.0,0.0,1.0,1.0,14.30364626582292,1.0,0.0,1.0,0.0,0.0,0.0,286.0729253164584,1.0,0.0,286.0729253164584,0.0,1.0,283.517242623215,11068.4,4997.299999999999,11068.4,4532.55,2046.4125,4532.55,3226.7200000000003,1456.84,3226.7200000000003,3.0,18827.670000000002,8500.5525,18827.670000000002,583.2583432404673,6000.0,0.0,0.0,220.0,0.0,0.0,1.0,0.0,0.0,0.0,0.5,0.010616509587718564,0.0,5.308254793859282,-1567.97393967653,2398.7913030601226,-3315.000000000001,37566.666666666664,-22100.000000000004,5635.000000000001,,,,,,,,,,-642.7916883562934,1.0,4566.495787417527,-4285.277922375289,684.9743681126291,1.0,,,,,3226.7200000000003,1200.0,6000.0,4582.736204424455,0.49953142381565624,0.5004685761843438,6000.0,286.0729253164584,283.517242623215,1.0,0.0,583.2583432404673,0.0,6000.0,1.0,1.0,1.0,1.0,286.0729253164584,583.2583432404673,6000.0,1.0,1.0,200.45285810552895,66.81761936850965,583.2583432404673,0.0,688.9895977815736,583.2583432404673,6000.0,79.86538153187932,1.0,0.0,0.0,-25.54882622964385,66.81761936850965,3.0,,,,,,,,,,,,,,6.0,0.0,1.0,0.0819875776397514,0.13668223581522576,0.0,0.0,1.0,0.34622385062156547,0.34622385062156547,0.0,583.2583432404673,6000.0,583.2583432404673,6000.0,286.0729253164584,583.2583432404673,583.2583432404673,6000.0,0.0,1.0,0.0,1.0,0.0,0.0,,,4654.965626950034,0.0,286.0729253164584,8081.224288465141,0.0,0.9905194393747987,3266.12515909721,0.0,0.0,0.0,1.0,0.0,0.0,0.0,5.0,0.010616509587718564,0.0,-2087.8740746669937,3888.388954936448,5976.263029603442,6000.0,0.0,0.0,0.0,0.0,0.0,0.0,0.0,35.153264875127896,33.42656309130052,44.02786854476318,42.56476903594999,155.1724655471416,1186.3556712223515,1131.3949878314427,488.9006223956324,466.1200830501626,697.455048826719,665.27490478128,2317.750659053794,0.027185867326482982,0.025698340936229958,0.0277064982453505,0.027134882775024807,0.0,0.0,0.0,369.17621885858796,161.336,273.26784447022686,0.0,273.26784447022686,1.0,548.2005346017886,0.0,75.0,75.0,75.0,75.0,75.0,75.0,75.0,75.0,300.0,0.0,0.0,0.0,0.0,0.0,300.0,0.0,222.54901691775413,0.0,42,33.94254234190395,79.9469705503711,46.00442820846715,7740.0,0.0,6000.0,6000.0,222.54901691775413,249.2811724475271,0.0,0.0,0.0,429.1775688687284,450.8078690349945,1.0,0.0,420.3485581730791,304.85,271.32603198796403,293.2392671011031,583.2583432404673,583.2583432404673,3888.388954936448,5976.263029603442,1.0,293.2392671011031,1.0,1315.6852327793517,910.5897798229987,0.0,139.31999690743208,7.639463390462953,139.31999690743208,0.02345356642927998,-0.08328593150509514,0.08852239578867434,-0.09609552534952304,-0.13266580528271632,6.0,1.0,56.0,62.0,62.0,50.0,68.0,23.0,1.0,0.0,6.0,0.0,0.0,296.60888337666927,0.0,0.6495410618399546,294.58202201442145,299.285285800757,0.0,296.60888337666927,0.0,0.3689817346576092,296.4335321377552,297.15321635024094,0.0,296.60888337666927,0.0,0.5663945774306285,294.4870359245829,299.2971254061863,0.0,296.60888337666927,0.0,1.0203836386012881,295.31266670338937,298.9254836885505,0.0,-0.008243409341241776,-0.00040602348728094664,-0.011684439976291261,-0.004727322236948975,1.0,1264.2253467678215,1338.925498,1264.2253467678215,1338.925498,,,0.0,-0.011843864732470523,-0.017554647978309034,-0.03329156199194579,-0.016282974568471786,-0.018543705113108898,-0.00752251462147342,-0.007806242387894713,-0.006598070764687236,-0.008323282363920369,-0.011913515445471035,-0.018348772842150397,-0.015570528904228099,-0.025668425263972953,-0.03234348534895162,-0.009563543387929484,-0.008226944398484193,1.0,80.0,70.0,60.0,90.0,90.0,90.0,90.0,90.0,60.0,60.0,60.0,90.0,80.0,70.0,90.0,90.0,0.0,0.0,0.0,0.0,0.0,4.0,4.0,4.0,0.04830340851735388,-0.021895758417098676,0.05768484249026748,1.0,0.0,0.0,0.0,0.0,0.0,0.0,1.0,0.0,,623.0,1.0,0.0,0.0,0.0,,0.0,,0.0,,-1.0,0.0,0.0,0.0,0.0,1.0,0.0,0.0,0.0,0.0,,0.0,,583.2583432404673,0.0,583.2583432404673,42.0,200.45285810552895,200.890311736853,0.0,3.0,1.8468589000112843,583.2583432404673,63.0,1.0,,,48.0,48.0,,,,,2.0,2.0,300.0,300.0,2.0,2.0,,,,,1.0,1.0,10.0,10.0
0.1576573182086557,0.02925069416790993,0.8674167876061427,19.861361797349865,1142.058,384.4780621287501,-1436.048188102209,6000.0,1200.0,0.0,1.0,0.0,0.2857142857142857,0.2857142857142857,42.47594513068315,0.0,0.0,293.87216843634934,0.0,317.89607486113954,0.0,3.0,1.0,0.0,0.0,0.0,0.0037288454442806485,0.0,0.005561530951738675,0.0,0.0,0.0,0.0,0.0,0.0,0.0034526433357826075,0.0,0.005088528136721165,0.0,0.0,0.0,31.095040799991693,0.0,18.0,1.0,1.0,94.31610788034149,0.0,1.0,0.3710796962404597,1.0,1.0,36.0,701.1816925409984,1653.5309219802275,952.349229439229,70.0,0.0,72.17615141909403,155.92220874924385,83.74605733014982,316.39451116486237,0.0,2.0,2.0,2.0,1.9962711545557192,2.0,1.9944384690482613,2.0,2.0,2.0,2.0,2.0,2.0,1.9965473566642176,2.0,1.9949114718632788,2.0,2.0,2.0,3496.2386719941283,0.9866175758057553,0.0,143.24008470581083,297.9799590057299,384.4780621287501,6000.0,1000000.0,384.4780621287501,6000.0,219.68738076679736,384.4780621287501,384.4780621287501,6000.0,0.0,1.0,0.0,49.0,4.0,0.0,1.0,49.0,,0.0,4.0,0.0,,1.0,,,,0.2053537256786626,0.2053537256786626,0.0,1.0,0.0,,1.0,0.0,1.0,4.0,4.0,0.0,0.0,,0.0,218.47756050471517,49.0,0.0,136.4925739151531,12.0,218.47756050471517,,,,,0.0,0.0,,,,,,,,,,,,,0.0,384.4780621287501,5948.746156159753,0.0,384.4780621287501,6000.0,219.89273449247602,384.4780621287501,384.4780621287501,5948.746156159753,1.0,0.0,0.0,,,,12.0,28.4925969209852,1.4246298460492601,0.0,219.68738076679736,0.0,1.0,0.0,1.0,1.0,1.0,1.0,0.0,0.0,0.0,0.0,0.0,219.68738076679736,155.92220874924385,0.0,1.0,0.0,219.89273449247602,156.08969320459192,156.08969320459192,0.0,1.0,0.0,1.0,1.0,10.984369038339869,1.0,0.0,1.0,0.0,0.0,0.0,219.68738076679736,1.0,0.0,219.68738076679736,0.0,1.0,218.2627509207481,5864.599999999999,4130.0,5864.599999999999,2401.575,1691.25,2401.575,1709.6799999999998,1204.0,1709.6799999999998,3.0,9975.855,7025.25,9975.855,384.4780621287501,6000.0,0.0,0.0,220.0,0.0,0.0,1.0,0.0,0.0,0.0,0.5,0.026272146453346513,0.0,13.136073226673256,-1436.048188102209,2094.1784495562756,-3315.000000000001,37566.666666666664,-22100.000000000004,5635.000000000001,,,,,,,,,,-595.4450074978793,1.0,3400.600018608878,-3969.6333833191948,510.0900027913318,1.0,,,,,1709.6799999999998,1200.0,6000.0,2850.0,0.5085423073067079,0.49145769269329215,6000.0,219.68738076679736,218.2627509207481,1.0,0.0,384.4780621287501,0.0,6000.0,1.0,1.0,1.0,1.0,219.68738076679736,384.4780621287501,6000.0,1.0,1.0,155.92220874924385,51.97406958308128,384.4780621287501,0.0,552.1203892829036,384.4780621287501,6000.0,79.51503651245469,1.0,0.0,0.0,-8.9851829763019,51.97406958308128,3.0,,,,,,,,,,,,,,6.0,0.0,1.0,0.0,0.15155742358268753,0.0,0.0,1.0,0.3090958568302141,0.3090958568302141,0.0,384.4780621287501,6000.0,384.4780621287501,6000.0,219.68738076679736,384.4780621287501,384.4780621287501,6000.0,0.0,1.0,0.0,1.0,0.0,0.0,,,3496.2386719941283,0.0,219.68738076679736,7966.726886845052,0.0,0.9843726672437246,2801.823007083704,0.0,0.0,1.0,1.0,0.0,0.0,0.0,5.0,0.026272146453346513,0.0,-4071.858589139045,2563.1870808583335,6635.045669997378,6000.0,0.0,0.0,0.0,0.0,0.0,0.0,0.0,13.60789946653035,13.371005705401474,24.84545065625544,24.45609767602655,76.28045350421382,954.7102090972811,931.6119485095486,336.3718261788336,331.0775440240089,618.3383829184475,600.5344044855397,1886.3221576068297,0.028408577106798463,0.027388592543360676,0.0324438411787177,0.030799467382800864,0.0,19.93886415230297,0.02769286687819857,293.87216843634934,85.484,251.3253311782924,0.0,251.3253311782924,1.0,519.9874406218146,0.0,75.0,62.57808929908509,75.0,75.0,75.0,62.57808929908509,75.0,75.0,287.5780892990851,0.0,0.0,0.0,0.0,0.0,287.5780892990851,0.0,186.29625879696167,1.0,43,30.273974207249655,69.14561352889072,38.87163932164106,7920.0,0.0,5751.561785981702,5751.561785981702,186.29625879696167,222.54901691775413,0.0,0.0,0.0,329.51957039255524,387.7101115095405,1.0,0.0,328.30971372075004,161.525,217.70364099398188,270.61502334554507,384.4780621287501,384.4780621287501,2563.1870808583335,6635.045669997378,1.0,270.61502334554507,1.0,1172.4374106203004,664.6578272877825,0.0,123.60613442973411,6.570131036382775,123.60613442973411,0.02259864629961217,-0.07733604651467009,-0.03720622915100884,-0.1457772240964778,-0.1312412631713696,6.0,1.0,56.0,62.0,62.0,56.0,68.0,24.0,1.0,0.0,6.0,0.0,0.0,217.06996559119543,0.0,1.0079601136362726,217.06996559119543,218.0779257048317,0.0,217.06996559119543,0.0,0.062166071957108215,217.06996559119543,217.13213166315253,0.0,217.06996559119543,0.0,2.022799596755135,217.06996559119543,219.09276518795056,0.0,217.06996559119543,0.0,0.9203872701344835,217.06996559119543,217.9903528613299,0.0,-0.0038544940276337768,-0.00015165304275842098,-0.010366289435263194,0.0019044834580642343,1.0,1500.0,1500.0,1500.0,1500.0,,,0.0,-0.017927402358808922,-0.027414492843740486,-0.047140867623689076,-0.015286596985616541,-0.017968432057890026,-0.005539890110166823,-0.0058464372566106705,-0.004915964278575302,-0.010912242233532512,-0.016644663390643546,-0.01981429499388927,-0.012272923187351915,-0.017128446782900576,-0.015880398994912604,-0.011761356083662201,-0.009166975337578265,1.0,80.0,70.0,60.0,90.0,90.0,90.0,90.0,90.0,60.0,60.0,60.0,90.0,80.0,70.0,90.0,90.0,0.0,0.0,0.0,0.0,0.0,4.0,4.0,4.0,0.017708310800778487,-0.03373201367072164,0.034512672386448943,1.0,0.0,0.0,0.0,0.0,0.0,0.0,1.0,0.0,,479.0,1.0,0.0,0.0,0.0,,0.0,,0.0,,-1.0,0.0,0.0,0.0,0.0,1.0,0.0,0.0,0.0,0.0,,0.0,,384.4780621287501,0.0,384.4780621287501,36.0,155.92220874924385,156.70235966884317,0.0,3.0,1.4821041000250261,384.4780621287501,63.0,1.0,,,36.0,36.0,,,,,2.0,2.0,300.0,300.0,2.0,2.0,,,,,1.0,1.0,10.0,10.0
0.12889442271809803,0.07432688845389329,0.6338149860748614,9.166917352905436,1142.058,211.1466026011347,-1222.9414305752962,6000.0,1200.0,0.0,1.0,0.0,0.42857142857142855,0.42857142857142855,26.666917352905436,0.0,0.0,180.31957684434317,0.0,237.28112620115934,0.0,3.0,1.0,0.0,0.0,0.0,0.0005353928921224549,0.0,0.0016205187288360007,0.0,0.0,0.0,0.0,0.0,0.0,0.0004910018751530027,0.0,0.0014223453903696231,0.0,0.0,0.0,28.744917200005148,0.0,18.0,1.0,1.0,66.42363378047766,0.0,1.0,0.12686949660191527,1.0,1.0,36.0,725.136221040947,1704.9395474336345,979.8033263926875,37.0,0.0,54.59445621206154,111.57416001401694,56.9797038019554,216.95261043875303,0.0,2.0,2.0,2.0,1.9994646071078774,2.0,1.998379481271164,2.0,2.0,2.0,2.0,2.0,2.0,1.999508998124847,2.0,1.9985776546096305,2.0,2.0,2.0,2593.035531220553,0.9879698141450151,0.0,114.47941735290544,237.93378011088953,211.1466026011347,6000.0,1000000.0,211.1466026011347,6000.0,162.5147350164031,211.1466026011347,211.1466026011347,6000.0,0.0,1.0,0.0,49.0,4.0,0.0,1.0,49.0,,0.0,4.0,0.0,,1.0,,,,1.4131010978173038,1.4131010978173038,0.0,1.0,0.0,,1.0,0.0,1.0,4.0,4.0,0.0,0.0,,0.0,160.94703456827588,49.0,0.0,122.05264052287728,13.0,160.94703456827588,,,,,0.0,0.0,,,,,,,,,,,,,0.0,211.1466026011347,5887.653580117536,0.0,211.1466026011347,6000.0,163.9278361142204,211.1466026011347,211.1466026011347,5887.653580117536,1.0,0.0,0.0,,,,12.0,3.36406476770987,0.1682032383854935,0.0,162.5147350164031,0.0,1.0,0.0,1.0,1.0,1.0,1.0,0.0,0.0,0.0,0.0,0.0,162.5147350164031,111.57416001401694,0.0,1.0,0.0,163.9278361142204,112.05595499508239,112.05595499508239,0.0,1.0,0.0,1.0,1.0,8.125736750820156,1.0,0.0,1.0,0.0,0.0,0.0,162.5147350164031,1.0,0.0,162.5147350164031,0.0,1.0,162.3465317780176,4130.0,4130.0,4130.0,1691.25,1691.25,1691.25,1204.0,1204.0,1204.0,3.0,7025.25,7025.25,7025.25,211.1466026011347,6000.0,0.0,0.0,220.0,0.0,0.0,1.0,0.0,0.0,0.0,0.5,0.02839796175373747,0.0,14.198980876868735,-1222.9414305752962,1742.4658206024956,-3315.000000000001,37566.666666666664,-22100.000000000004,5635.000000000001,,,,,,,,,,-492.6810734164442,1.0,2558.1729675378874,-3284.5404894429607,383.72594513068316,1.0,,,,,1204.0,1200.0,6000.0,4652.099694539354,0.4812755966862561,0.518724403313744,4929.925175939234,162.5147350164031,162.3465317780176,1.0,0.0,211.1466026011347,0.0,6000.0,1.0,1.0,1.0,1.0,162.5147350164031,211.1466026011347,6000.0,1.0,1.0,111.57416001401694,37.19138667133898,211.1466026011347,0.0,325.7265842237197,211.1466026011347,6000.0,69.60830122355772,1.0,1.0,1.0,13.661717659849614,37.19138667133898,3.0,,,,,,,,,,,,,,6.0,0.0,1.0,0.0,0.0,0.0,0.0,1.0,0.25874480388466903,0.25874480388466903,0.0,211.1466026011347,6000.0,211.1466026011347,6000.0,162.5147350164031,211.1466026011347,211.1466026011347,6000.0,0.0,1.0,0.0,1.0,0.0,0.0,,,2593.035531220553,0.0,162.5147350164031,7729.635207803465,0.0,0.9967777132566044,2291.354104274771,0.0,0.0,1.0,1.0,0.0,0.0,0.0,5.0,0.02839796175373747,0.0,-4607.021074429083,1407.6440173408978,6014.665091769981,6000.0,0.0,0.0,0.0,0.0,0.0,0.0,0.0,14.485529185742918,14.346602245275209,31.993723605113413,26.567727624843773,87.39358266097531,715.3073198113793,613.1653557981737,209.42550765517842,207.4150231328864,505.881812156201,405.7503326652872,1328.472675609553,0.007850838983829624,0.00751529320908885,0.012228961791652872,0.011519016888089135,0.0,0.0,0.0,180.31957684434317,60.2,246.02527252438475,0.0,246.02527252438475,1.0,447.3036641602072,0.0,75.0,54.34779823135952,75.0,75.0,75.0,54.34779823135952,75.0,75.0,279.34779823135955,0.0,0.0,0.0,0.0,0.0,279.34779823135955,0.0,152.9737330899869,0.0,44,23.954528499948655,51.4086254534071,27.454096953458443,8100.0,0.0,5586.955964627191,5586.955964627191,152.9737330899869,186.29625879696167,0.0,0.0,0.0,243.5596753999693,289.6735031626989,1.0,0.0,235.70851702596664,113.75,123.1006944444444,176.8647517019921,211.1466026011347,211.1466026011347,1407.6440173408978,6014.665091769981,1.0,176.8647517019921,1.0,907.6046767790555,442.69501122321526,0.0,79.96412630131138,5.114970438081951,79.96412630131138,0.008055728124878666,-0.04077347701852192,-5.144253813579164e-05,0.01092787050152419,0.0384104333111542,6.0,1.0,56.0,62.0,62.0,62.0,74.0,25.0,1.0,0.0,6.0,0.0,0.0,160.29189078353045,0.0,1.4181473119385828,160.29189078353045,161.710038095469,0.0,160.29189078353045,0.0,0.06555238155306142,160.29189078353045,160.35744316508348,0.0,160.29189078353045,0.0,2.379225182657308,160.29189078353045,162.67111596618776,0.0,160.29189078353045,0.0,0.9250044637693122,160.29189078353045,161.21689524729976,0.0,-0.0010903820331737064,-0.00021850793851011,-0.0035639790259416777,7.574813435509741e-05,1.0,1500.0,1500.0,1500.0,1500.0,,,0.0,-0.008516564044638388,-0.01495499460855143,-0.02898865039734559,-0.017834442982330147,-0.015772089637493637,-0.008175564754767706,-0.008097038034383885,-0.006552626760253944,-0.010524904930700173,-0.013653149281046773,-0.015540199185050698,-0.010552532996335096,-0.01489734699161218,-0.01724392006956794,-0.008813374670178932,-0.006305877434535567,1.0,80.0,70.0,60.0,90.0,90.0,90.0,90.0,90.0,60.0,60.0,60.0,90.0,80.0,70.0,90.0,90.0,0.0,1.0,0.0,1.0,0.0,4.0,0.0,4.0,-0.006375221281863483,-0.003401684009230399,0.003441003041567751,1.0,0.0,0.0,0.0,0.0,0.0,0.0,1.0,0.0,,504.0,1.0,0.0,0.0,0.0,,0.0,,0.0,,-1.0,0.0,0.0,0.0,0.0,1.0,0.0,0.0,0.0,0.0,,0.0,,211.1466026011347,0.0,211.1466026011347,42.0,111.57416001401694,111.9062435158762,0.0,2.0,1.5032366999948863,211.1466026011347,61.0,1.0,,,36.0,36.0,,,,,2.0,2.0,300.0,300.0,2.0,2.0,,,,,1.0,1.0,10.0,10.0
0.1921724998283243,0.15255222767662246,0.7795766755323265,4.965277777777779,1142.058,189.95860249821118,-1015.1297183434074,6000.0,1200.0,0.0,0.0,1.0,0.5714285714285714,0.5714285714285714,13.715277777777779,0.0,0.0,109.89740545661792,0.0,186.80079712750472,0.0,3.0,1.0,0.0,0.0,0.0,0.0008110019816176663,0.0,0.002996477294417124,0.0,0.0,0.0,0.0,0.0,0.0,0.000727876910251816,0.0,0.0016935786845051605,0.0,0.0,0.0,15.768505199986976,0.0,18.0,1.0,1.0,56.549097257659646,0.0,1.0,0.2058777823304263,1.0,1.0,36.0,743.0838697528427,1740.3075172005806,997.2236474477378,4.0,0.0,40.55579968540869,79.08340398223949,38.5276042968308,170.38067524203527,0.0,2.0,2.0,2.0,1.9991889980183823,2.0,1.9970035227055827,2.0,2.0,2.0,2.0,2.0,2.0,1.9992721230897483,2.0,1.9983064213154949,2.0,2.0,2.0,2039.0218178798928,0.9908670010321445,0.0,111.14583333333333,215.82475931075746,189.95860249821118,6000.0,1000000.0,189.95860249821118,6000.0,125.30563503343761,189.95860249821118,189.95860249821118,6000.0,0.0,1.0,0.0,49.0,4.0,0.0,1.0,49.0,,0.0,4.0,0.0,,1.0,,,,3.462835738924909,3.462835738924909,0.0,1.0,0.0,,1.0,0.0,1.0,4.0,4.0,0.0,0.0,,0.0,124.73340979495607,49.0,0.0,94.78368206970244,13.0,124.73340979495607,,,,,0.0,0.0,,,,,,,,,,,,,0.0,189.95860249821118,5640.05002761121,0.0,189.95860249821118,6000.0,128.76847077236252,189.95860249821118,189.95860249821118,5640.05002761121,1.0,0.0,0.0,,,,12.0,0.0,0.0,0.0,125.30563503343761,0.0,1.0,0.0,1.0,1.0,1.0,1.0,0.0,0.0,0.0,0.0,0.0,125.30563503343761,79.08340398223949,0.0,1.0,0.0,128.76847077236252,80.85900481784398,80.85900481784398,0.0,1.0,0.0,1.0,1.0,6.265281751671881,1.0,0.0,1.0,0.0,0.0,1.0,125.30563503343761,1.0,0.0,125.30563503343761,0.0,1.0,125.30563503343761,4130.0,4130.0,4130.0,1691.25,1691.25,1691.25,1204.0,1204.0,1204.0,3.0,7025.25,7025.25,7025.25,189.95860249821118,6000.0,0.0,0.0,220.0,0.0,0.0,1.0,0.0,0.0,0.0,0.5,0.018100892939955933,0.0,9.050446469977967,-1015.1297183434074,1486.9799196412976,-3315.000000000001,37566.666666666664,-22100.000000000004,5635.000000000001,,,,,,,,,,-394.66508885638865,1.0,2452.7794490193696,-2631.100592375924,367.9169173529055,1.0,,,,,1204.0,1200.0,6000.0,5700.0,0.44000833793520167,0.5599916620647983,4263.474661799737,125.30563503343761,125.30563503343761,1.0,0.0,189.95860249821118,0.0,6000.0,1.0,1.0,1.0,1.0,125.30563503343761,189.95860249821118,6000.0,1.0,0.0,79.08340398223949,26.361134660746497,189.95860249821118,0.0,174.68469170931405,189.95860249821118,6000.0,51.821782191298944,1.0,1.0,1.0,29.363736742088435,26.361134660746497,3.0,,,,,,,,,,,,,,6.0,0.0,1.0,0.0,0.0,0.0,0.0,1.0,0.21246351818053735,0.21246351818053735,0.0,189.95860249821118,6000.0,189.95860249821118,6000.0,125.30563503343761,189.95860249821118,189.95860249821118,6000.0,0.0,1.0,0.0,1.0,0.0,0.0,,,2039.0218178798928,0.0,125.30563503343761,6904.794160897199,0.0,1.0,2034.6855324595542,0.0,0.0,1.0,1.0,0.0,0.0,0.0,5.0,0.018100892939955933,0.0,-3406.9916174732853,1266.3906833214078,4673.382300794693,6000.0,0.0,0.0,0.0,0.0,0.0,0.0,0.0,6.366300006993846,6.0372258899982825,17.708636608466712,13.566873161448788,43.67903566690762,630.8208773780495,500.16106777514347,175.56291174228414,168.12599330135674,455.25796563576546,332.0350744737868,1130.981945153193,0.013587097513486749,0.012852036571146253,0.02367270816508811,0.017580293018499574,0.0,13.000482588446935,0.01805622581728741,109.89740545661792,60.2,183.8936209347297,0.0,183.8936209347297,1.0,340.73025611569955,0.0,75.0,38.192399115431535,75.0,66.88139009202762,75.0,38.192399115431535,75.0,66.88139009202762,255.07378920745919,0.0,0.0,0.0,0.0,0.0,255.07378920745919,0.0,81.79356481725756,0.0,45,17.947648711895717,35.36796976694603,17.42032105505032,8280.0,0.0,5101.475784149183,5101.475784149183,81.79356481725756,152.9737330899869,0.0,0.0,0.0,166.03915598596814,195.23024169779842,1.0,0.0,166.01694559349227,113.75,113.784972908461,140.9321099637508,189.95860249821118,189.95860249821118,1266.3906833214078,4673.382300794693,1.0,140.9321099637508,1.0,681.6566663596939,289.6296288278879,0.0,67.82126561449556,3.790539550039364,67.82126561449556,0.008055728124878666,-0.04077347701852192,-5.144253813579164e-05,0.01092787050152419,0.0384104333111542,6.0,1.0,56.0,62.0,62.0,62.0,74.0,25.0,0.0,0.0,6.0,0.0,0.0,160.29189078353045,0.0,1.4181473119385828,160.29189078353045,161.710038095469,0.0,160.29189078353045,0.0,0.06555238155306142,160.29189078353045,160.35744316508348,0.0,160.29189078353045,0.0,2.379225182657308,160.29189078353045,162.67111596618776,0.0,160.29189078353045,0.0,0.9250044637693122,160.29189078353045,161.21689524729976,0.0,-0.0010903820331737064,-0.00021850793851011,-0.0035639790259416777,7.574813435509741e-05,1.0,1500.0,1500.0,1500.0,1500.0,,,0.0,-0.008516564044638388,-0.01495499460855143,-0.02898865039734559,-0.017834442982330147,-0.015772089637493637,-0.008175564754767706,-0.008097038034383885,-0.006552626760253944,-0.010524904930700173,-0.013653149281046773,-0.015540199185050698,-0.010552532996335096,-0.01489734699161218,-0.01724392006956794,-0.008813374670178932,-0.006305877434535567,1.0,80.0,70.0,60.0,90.0,90.0,90.0,90.0,90.0,60.0,60.0,60.0,90.0,80.0,70.0,90.0,90.0,0.0,1.0,0.0,1.0,0.0,4.0,0.0,4.0,-0.006375221281863483,-0.003401684009230399,0.003441003041567751,1.0,0.0,0.0,0.0,0.0,0.0,0.0,1.0,0.0,,483.0,1.0,0.0,0.0,0.0,,0.0,,0.0,,-1.0,0.0,0.0,0.0,0.0,1.0,0.0,0.0,0.0,0.0,,0.0,,189.95860249821118,0.0,189.95860249821118,36.0,79.08340398223949,79.70536137570403,0.0,3.0,1.4318424000230152,189.95860249821118,61.0,1.0,,,36.0,36.0,,,,,2.0,2.0,300.0,300.0,2.0,2.0,,,,,1.0,1.0,10.0,10.0
0.10906752279580667,0.1541365186319253,0.6624425997715686,6.666666666666665,1142.058,209.63832588688106,-648.3410819143321,6000.0,1200.0,0.0,1.0,0.0,0.42857142857142855,0.42857142857142855,23.333333333333332,0.0,0.0,34.20015278738172,0.0,147.2022209742524,0.0,3.0,1.0,0.0,0.0,0.0,0.00039512790008492765,0.0,0.0013993818527422677,0.0,0.0,0.0,0.0,0.0,0.0,0.0003648271070389884,0.0,0.00038336591285975045,0.0,0.0,0.0,16.25984199999948,0.0,18.0,1.0,1.0,49.719720827992525,0.0,1.0,0.09485576500065092,1.0,1.0,36.0,755.7761487530598,1765.1050819942443,1009.3289332411845,0.0,0.0,29.55810873845104,59.14519182136304,29.587083082912006,167.2502172914638,0.0,2.0,2.0,2.0,1.999604872099915,2.0,1.9986006181472575,2.0,2.0,2.0,2.0,2.0,2.0,1.9996351728929609,2.0,1.9996166340871402,2.0,2.0,2.0,1742.0698952539747,0.9946980545306733,0.0,111.14583333333334,212.25321044798017,209.63832588688106,6000.0,1000000.0,209.63832588688106,6000.0,104.18804007252479,209.63832588688106,209.63832588688106,6000.0,0.0,1.0,0.0,49.0,4.0,0.0,1.0,49.0,,0.0,4.0,0.0,,1.0,,,,1.7190645433824585,1.7190645433824585,0.0,1.0,0.0,,1.0,0.0,1.0,4.0,4.0,0.0,0.0,,0.0,103.07014749372331,49.0,0.0,65.17007906231652,13.0,103.07014749372331,,,,,0.0,0.0,,,,,,,,,,,,,0.0,209.63832588688106,5317.681544159277,0.0,209.63832588688106,6000.0,105.90710461590724,209.63832588688106,209.63832588688106,5317.681544159277,1.0,0.0,0.0,,,,12.0,0.0,0.0,0.0,104.18804007252479,0.0,1.0,0.0,1.0,1.0,1.0,1.0,0.0,0.0,0.0,0.0,0.0,104.18804007252479,59.14519182136304,0.0,1.0,0.0,105.90710461590724,60.66829116290103,60.66829116290103,0.0,1.0,0.0,1.0,1.0,5.20940200362624,1.0,0.0,1.0,0.0,0.0,1.0,104.18804007252479,1.0,0.0,104.18804007252479,0.0,1.0,104.18804007252479,4130.0,4130.0,4130.0,1691.25,1691.25,1691.25,1204.0,1204.0,1204.0,3.0,7025.25,7025.25,7025.25,209.63832588688106,6000.0,0.0,0.0,220.0,0.0,0.0,1.0,0.0,0.0,0.0,0.5,0.024698284627724307,0.0,12.349142313862155,-648.3410819143321,954.7886976242416,-3315.000000000001,37566.666666666664,-22100.000000000004,5635.000000000001,,,,,,,,,,-306.5777792621057,1.0,2366.435185185185,-2043.851861747371,354.9652777777778,1.0,,,,,1204.0,1200.0,6000.0,5095.083458055058,0.4362802573598794,0.5637197426401207,2839.871296345151,104.18804007252479,104.18804007252479,1.0,0.0,209.63832588688106,0.0,6000.0,1.0,1.0,1.0,1.0,104.18804007252479,209.63832588688106,6000.0,1.0,0.0,59.14519182136304,19.715063940454346,209.63832588688106,0.0,95.30953829199875,209.63832588688106,6000.0,36.05481957945017,1.0,1.0,1.0,30.40565298762337,19.715063940454346,3.0,,,,,,,,,,,,,,6.0,0.0,1.0,0.0,0.0,0.0,0.0,1.0,0.11360217335730217,0.11360217335730217,0.0,209.63832588688106,6000.0,209.63832588688106,6000.0,104.18804007252479,209.63832588688106,209.63832588688106,6000.0,0.0,1.0,0.0,1.0,0.0,0.0,,,1742.0698952539747,0.0,104.18804007252479,5435.6547871508565,0.0,1.0,1685.4342068895558,0.0,0.0,1.0,1.0,0.0,0.0,0.0,5.0,0.024698284627724307,0.0,-2359.4563013281613,1397.5888392458735,3757.045140574035,6000.0,0.0,0.0,0.0,0.0,0.0,0.0,0.0,11.284210638862483,10.712809820158043,25.613775678935635,15.5074767090632,63.11827284701936,586.2722934768315,408.122123083019,176.7955249059233,167.46109894407243,409.47676857090823,240.66102413894657,994.3944165598506,0.0067049308985448796,0.006468930053803832,0.01141298019435329,0.005918480694048828,0.0,0.0,0.0,34.20015278738172,60.2,169.7480013470009,0.0,169.7480013470009,1.0,285.2230323578719,0.0,62.0463308774686,22.972641236955806,75.0,30.31417445931428,62.0463308774686,22.972641236955806,75.0,30.31417445931428,190.3331465737387,0.0,0.0,0.0,0.0,0.0,190.3331465737387,0.0,61.208419590519775,0.0,46,12.692279000217164,24.797564793663803,12.10528579344664,8460.0,0.0,3806.662931474774,3806.662931474774,61.208419590519775,81.79356481725756,0.0,0.0,0.0,154.94731455890653,164.88610551770392,1.0,0.0,152.21419323293773,113.75,97.67361111111111,117.67759005197527,209.63832588688106,209.63832588688106,1397.5888392458735,3757.045140574035,1.0,117.67759005197527,1.0,581.648859452273,209.74767935365276,0.0,56.80447770345455,3.088970426236061,56.80447770345455,0.008055728124878666,-0.04077347701852192,-5.144253813579164e-05,0.01092787050152419,0.0384104333111542,6.0,1.0,56.0,62.0,62.0,62.0,74.0,25.0,0.0,0.0,6.0,0.0,0.0,160.29189078353045,0.0,1.4181473119385828,160.29189078353045,161.710038095469,0.0,160.29189078353045,0.0,0.06555238155306142,160.29189078353045,160.35744316508348,0.0,160.29189078353045,0.0,2.379225182657308,160.29189078353045,162.67111596618776,0.0,160.29189078353045,0.0,0.9250044637693122,160.29189078353045,161.21689524729976,0.0,-0.0010903820331737064,-0.00021850793851011,-0.0035639790259416777,7.574813435509741e-05,1.0,1500.0,1500.0,1500.0,1500.0,,,0.0,-0.008516564044638388,-0.01495499460855143,-0.02898865039734559,-0.017834442982330147,-0.015772089637493637,-0.008175564754767706,-0.008097038034383885,-0.006552626760253944,-0.010524904930700173,-0.013653149281046773,-0.015540199185050698,-0.010552532996335096,-0.01489734699161218,-0.01724392006956794,-0.008813374670178932,-0.006305877434535567,1.0,80.0,70.0,60.0,90.0,90.0,90.0,90.0,90.0,60.0,60.0,60.0,90.0,80.0,70.0,90.0,90.0,0.0,1.0,0.0,1.0,0.0,4.0,0.0,4.0,-0.006375221281863483,-0.003401684009230399,0.003441003041567751,1.0,0.0,0.0,0.0,0.0,0.0,0.0,1.0,0.0,,540.0,1.0,0.0,0.0,0.0,,0.0,,0.0,,-1.0,0.0,0.0,0.0,0.0,1.0,0.0,0.0,0.0,0.0,,0.0,,209.63832588688106,0.0,209.63832588688106,54.0,59.14519182136304,59.3110125488615,0.0,2.0,1.5489026999857742,209.63832588688106,61.0,1.0,,,36.0,36.0,,,,,2.0,2.0,300.0,300.0,2.0,2.0,,,,,1.0,1.0,10.0,10.0
0.1921724998283243,0.0010501261611549628,0.7982725839464547,4.965277777777779,1142.058,272.0548772615069,-495.31785729883177,6000.0,1200.0,0.0,0.0,1.0,0.5714285714285714,0.5714285714285714,13.715277777777779,0.0,0.0,12.914439210321504,0.0,128.50956951591144,0.0,3.0,1.0,0.0,0.0,0.0,0.000798384938957354,0.0,0.0015530613383299974,0.0,0.0,0.0,0.0,0.0,0.0,0.0007172725458361636,0.0,0.000654242358796865,0.0,0.0,0.0,15.969361700001173,0.0,18.0,1.0,1.0,43.93975190626108,0.0,1.0,0.162211971822759,1.0,1.0,36.0,765.6920207263556,1784.0229514158739,1018.3309306895183,0.0,0.0,22.96542247162489,48.717730769513516,25.752308297888625,157.53129238397344,0.0,2.0,2.0,2.0,1.9992016150610428,2.0,1.99844693866167,2.0,2.0,2.0,2.0,2.0,2.0,1.9992827274541638,2.0,1.9993457576412033,2.0,2.0,2.0,1599.5012124035602,0.9984839169045421,0.0,111.14583333333333,212.54395995731315,272.0548772615069,6000.0,1000000.0,272.0548772615069,6000.0,93.74750202561822,272.0548772615069,272.0548772615069,6000.0,0.0,1.0,0.0,49.0,4.0,0.0,1.0,49.0,,0.0,4.0,0.0,,1.0,,,,0.547678540699394,0.547678540699394,0.0,1.0,0.0,,1.0,0.0,1.0,4.0,4.0,0.0,0.0,,0.0,92.06147583033398,49.0,0.0,46.20219129769579,13.0,92.06147583033398,,,,,0.0,0.0,,,,,,,,,,,,,0.0,272.0548772615069,5346.277985425929,0.0,272.0548772615069,6000.0,94.29518056631761,272.0548772615069,272.0548772615069,5346.277985425929,1.0,0.0,0.0,,,,12.0,0.0,0.0,0.0,93.74750202561822,0.0,1.0,0.0,1.0,1.0,1.0,1.0,0.0,0.0,0.0,0.0,0.0,93.74750202561822,48.717730769513516,0.0,1.0,0.0,94.29518056631761,49.24030640899742,49.24030640899742,0.0,1.0,0.0,1.0,1.0,4.687375101280911,1.0,0.0,1.0,0.0,0.0,0.0,93.74750202561822,1.0,0.0,93.74750202561822,0.0,1.0,93.74750202561822,4130.0,4130.0,4130.0,1691.25,1691.25,1691.25,1204.0,1204.0,1204.0,3.0,7025.25,7025.25,7025.25,272.0548772615069,6000.0,0.0,0.0,220.0,0.0,0.0,1.0,0.0,0.0,0.0,0.5,0.025911261967040862,0.0,12.95563098352043,-495.31785729883177,812.630381597503,-3315.000000000001,37566.666666666664,-22100.000000000004,5635.000000000001,,,,,,,,,,-233.34078771473872,1.0,2430.5555555555557,-1555.6052514315913,364.5833333333334,1.0,,,,,1204.0,1200.0,6000.0,4415.104295055549,0.44104633090432144,0.5589536690956785,2428.1683918103954,93.74750202561822,93.74750202561822,1.0,0.0,272.0548772615069,0.0,6000.0,1.0,1.0,1.0,1.0,93.74750202561822,272.0548772615069,6000.0,1.0,1.0,48.717730769513516,16.239243589837837,272.0548772615069,0.0,36.03283004695432,272.0548772615069,6000.0,25.218020202553003,1.0,1.0,1.0,21.500278173508292,16.239243589837837,3.0,,,,,,,,,,,,,,6.0,0.0,1.0,0.0,0.0,0.0,0.0,1.0,0.08501169387572191,0.08501169387572191,0.0,272.0548772615069,6000.0,272.0548772615069,6000.0,93.74750202561822,272.0548772615069,272.0548772615069,6000.0,0.0,1.0,0.0,1.0,0.0,0.0,,,1599.5012124035602,0.0,93.74750202561822,4336.112512030769,0.0,1.0,1447.6633244891966,0.0,0.0,1.0,1.0,0.0,0.0,0.0,5.0,0.025911261967040862,0.0,-1328.6923025858573,1813.6991817433789,3142.391484329236,6000.0,0.0,0.0,0.0,0.0,0.0,0.0,0.0,6.321822831761516,5.983443739390502,13.169834747817804,8.68813550944806,34.16323682841788,490.8102730859587,387.98476503926264,176.06609280086434,164.736236114041,314.7441802850944,223.24852892522165,878.7950381252215,0.013493166774843095,0.012821311607294904,0.01653359087192776,0.01088638743261569,0.0,10.020008830269838,0.013916678930930331,12.914439210321504,60.2,119.11004375658736,0.0,119.11004375658736,1.0,223.9659075132663,0.0,32.376761111058016,23.04256466369779,75.0,24.494798084979898,32.376761111058016,23.04256466369779,75.0,24.494798084979898,154.91412385973572,0.0,0.0,0.0,0.0,0.0,154.91412385973572,0.0,25.40433948737137,0.0,47,9.915871973295806,18.917869421629646,9.001997448333839,8640.0,0.0,3098.2824771947144,3098.2824771947144,25.40433948737137,61.208419590519775,0.0,0.0,0.0,143.19411095025544,151.6189134366384,1.0,0.0,143.61158592147115,113.75,110.45138888888889,121.3477158091471,272.0548772615069,272.0548772615069,1813.6991817433789,3142.391484329236,1.0,121.3477158091471,1.0,501.02411372503866,170.24130290957046,0.0,58.0088070452812,2.8965468519057014,58.0088070452812,0.008055728124878666,-0.04077347701852192,-5.144253813579164e-05,0.01092787050152419,0.0384104333111542,6.0,1.0,56.0,62.0,62.0,62.0,74.0,25.0,0.0,0.0,6.0,0.0,0.0,160.29189078353045,0.0,1.4181473119385828,160.29189078353045,161.710038095469,0.0,160.29189078353045,0.0,0.06555238155306142,160.29189078353045,160.35744316508348,0.0,160.29189078353045,0.0,2.379225182657308,160.29189078353045,162.67111596618776,0.0,160.29189078353045,0.0,0.9250044637693122,160.29189078353045,161.21689524729976,0.0,-0.0010903820331737064,-0.00021850793851011,-0.0035639790259416777,7.574813435509741e-05,1.0,1500.0,1500.0,1500.0,1500.0,,,0.0,-0.008516564044638388,-0.01495499460855143,-0.02898865039734559,-0.017834442982330147,-0.015772089637493637,-0.008175564754767706,-0.008097038034383885,-0.006552626760253944,-0.010524904930700173,-0.013653149281046773,-0.015540199185050698,-0.010552532996335096,-0.01489734699161218,-0.01724392006956794,-0.008813374670178932,-0.006305877434535567,1.0,80.0,70.0,60.0,90.0,90.0,90.0,90.0,90.0,60.0,60.0,60.0,90.0,80.0,70.0,90.0,90.0,0.0,1.0,0.0,1.0,0.0,4.0,0.0,4.0,-0.006375221281863483,-0.003401684009230399,0.003441003041567751,1.0,0.0,0.0,0.0,0.0,0.0,0.0,1.0,0.0,,541.0,1.0,0.0,0.0,0.0,,0.0,,0.0,,-1.0,0.0,0.0,0.0,0.0,1.0,0.0,0.0,0.0,0.0,,0.0,,272.0548772615069,0.0,272.0548772615069,39.0,48.717730769513516,49.030548346229295,0.0,3.0,1.5700453000026755,272.0548772615069,61.0,1.0,,,36.0,36.0,,,,,2.0,2.0,300.0,300.0,2.0,2.0,,,,,1.0,1.0,10.0,10.0
0.10906752279580667,0.00033309981236345765,0.6722324329172911,6.666666666666665,1142.058,269.68590683658914,-317.2048438765506,6000.0,1200.0,0.0,1.0,0.0,0.42857142857142855,0.42857142857142855,23.333333333333332,0.0,0.0,13.248596265575628,0.0,123.92197511747274,0.0,3.0,1.0,0.0,0.0,0.0,0.0003968504289751805,0.0,0.00037167001960239056,0.0,0.0,0.0,0.0,0.0,0.0,0.0003577437546111111,0.0,0.00032088083581211576,0.0,0.0,0.0,16.353065500006778,0.0,18.0,1.0,1.0,40.0714337181841,0.0,1.0,0.07296059944161798,1.0,1.0,36.0,772.6419784912937,1799.4527090219435,1026.8107305306498,0.0,0.0,19.05727298294609,44.12717899067475,25.06990600772866,154.40023436644967,0.0,2.0,2.0,2.0,1.9996031495710247,2.0,1.9996283299803974,2.0,2.0,2.0,2.0,2.0,2.0,1.9996422562453888,2.0,1.9996791191641878,2.0,2.0,2.0,1547.4823873114392,1.0021155892383389,0.0,111.14583333333334,211.27807695926808,269.68590683658914,6000.0,1000000.0,269.68590683658914,6000.0,89.07756926860102,269.68590683658914,269.68590683658914,6000.0,0.0,1.0,0.0,49.0,4.0,0.0,1.0,49.0,,0.0,4.0,0.0,,1.0,,,,0.03948337043837569,0.03948337043837569,0.0,1.0,0.0,,1.0,0.0,1.0,4.0,4.0,0.0,0.0,,0.0,87.04483112999031,49.0,0.0,31.969700049271694,13.0,87.04483112999031,,,,,0.0,0.0,,,,,,,,,,,,,0.0,269.68590683658914,5541.997742981297,0.0,269.68590683658914,6000.0,89.1170526390394,269.68590683658914,269.68590683658914,5541.997742981297,1.0,0.0,0.0,,,,12.0,0.0,0.0,0.0,89.07756926860102,0.0,1.0,0.0,1.0,1.0,1.0,1.0,0.0,0.0,0.0,0.0,0.0,89.07756926860102,44.12717899067475,0.0,1.0,0.0,89.1170526390394,44.15291939716095,44.15291939716095,0.0,1.0,0.0,1.0,1.0,4.453878463430051,1.0,0.0,1.0,0.0,0.0,0.0,89.07756926860102,1.0,0.0,89.07756926860102,0.0,1.0,89.07756926860102,4130.0,4130.0,4130.0,1691.25,1691.25,1691.25,1204.0,1204.0,1204.0,3.0,7025.25,7025.25,7025.25,269.68590683658914,6000.0,0.0,0.0,220.0,0.0,0.0,1.0,0.0,0.0,0.0,0.5,0.02552706562080628,0.0,12.76353281040314,-317.2048438765506,541.2649924839473,-3315.000000000001,37566.666666666664,-22100.000000000004,5635.000000000001,,,,,,,,,,-207.5626301553306,1.0,2366.435185185185,-1383.7508677022038,354.9652777777778,1.0,,,,,1204.0,1200.0,6000.0,4636.023501461361,0.47366629049688275,0.5263337095031172,1712.0867897474272,89.07756926860102,89.07756926860102,1.0,0.0,269.68590683658914,0.0,6000.0,1.0,1.0,1.0,1.0,89.07756926860102,269.68590683658914,6000.0,1.0,1.0,44.12717899067475,14.70905966355825,269.68590683658914,0.0,13.04671178993918,269.68590683658914,6000.0,19.1266922398514,1.0,1.0,1.0,11.852545611712017,14.70905966355825,3.0,,,,,,,,,,,,,,6.0,0.0,1.0,0.0,0.0,0.0,0.0,1.0,0.035283804843571354,0.035283804843571354,0.0,269.68590683658914,6000.0,269.68590683658914,6000.0,89.07756926860102,269.68590683658914,269.68590683658914,6000.0,0.0,1.0,0.0,1.0,0.0,0.0,,,1547.4823873114392,0.0,89.07756926860102,3720.0375507819053,0.0,1.0,1273.463392909487,0.0,0.0,1.0,1.0,0.0,0.0,0.0,5.0,0.02552706562080628,0.0,-680.3755813466669,1797.9060455772606,2478.2816269239274,6000.0,0.0,0.0,0.0,0.0,0.0,0.0,0.0,11.16613536695504,10.529507747308884,15.004363849574268,13.568282958167032,50.26828992200522,414.4051577589117,387.0235166047702,174.4203117128776,165.47796212056244,239.9848460460341,221.54555448420768,801.4286743636818,0.006744512316579168,0.006402345752677092,0.005784072444632064,0.005389269299984336,0.0,0.0,0.0,13.248596265575628,60.2,90.93415495877241,0.0,90.93415495877241,1.0,188.419013433783,0.0,23.18477286026796,21.804217304712402,46.8924693640034,22.531206429511894,23.18477286026796,21.804217304712402,46.8924693640034,22.531206429511894,114.41266595849565,0.0,0.0,0.0,0.0,0.0,114.41266595849565,0.0,1.9258284876481457,0.0,48,6.949957764938069,15.429757606069597,8.479799841131527,8820.0,0.0,2288.253319169913,2288.253319169913,1.9258284876481457,25.404339487371367,0.0,0.0,0.0,145.60801391783104,148.8091277753266,1.0,0.0,143.0215331564208,113.75,97.67361111111111,110.02641480513986,269.68590683658914,269.68590683658914,1797.9060455772606,2478.2816269239274,1.0,110.02641480513986,1.0,453.9604882586876,179.60346275532976,0.0,51.99044643698306,2.821882845063461,51.99044643698306,0.008055728124878666,-0.04077347701852192,-5.144253813579164e-05,0.01092787050152419,0.0384104333111542,6.0,1.0,56.0,62.0,62.0,62.0,74.0,25.0,0.0,0.0,6.0,0.0,0.0,160.29189078353045,0.0,1.4181473119385828,160.29189078353045,161.710038095469,0.0,160.29189078353045,0.0,0.06555238155306142,160.29189078353045,160.35744316508348,0.0,160.29189078353045,0.0,2.379225182657308,160.29189078353045,162.67111596618776,0.0,160.29189078353045,0.0,0.9250044637693122,160.29189078353045,161.21689524729976,0.0,-0.0010903820331737064,-0.00021850793851011,-0.0035639790259416777,7.574813435509741e-05,1.0,1500.0,1500.0,1500.0,1500.0,,,0.0,-0.008516564044638388,-0.01495499460855143,-0.02898865039734559,-0.017834442982330147,-0.015772089637493637,-0.008175564754767706,-0.008097038034383885,-0.006552626760253944,-0.010524904930700173,-0.013653149281046773,-0.015540199185050698,-0.010552532996335096,-0.01489734699161218,-0.01724392006956794,-0.008813374670178932,-0.006305877434535567,1.0,80.0,70.0,60.0,90.0,90.0,90.0,90.0,90.0,60.0,60.0,60.0,90.0,80.0,70.0,90.0,90.0,0.0,1.0,0.0,1.0,0.0,4.0,0.0,4.0,-0.006375221281863483,-0.003401684009230399,0.003441003041567751,1.0,0.0,0.0,0.0,0.0,0.0,0.0,1.0,0.0,,568.0,1.0,0.0,0.0,0.0,,0.0,,0.0,,-1.0,0.0,0.0,0.0,0.0,1.0,0.0,0.0,0.0,0.0,,0.0,,269.68590683658914,0.0,269.68590683658914,54.0,44.12717899067475,44.17858605498762,0.0,2.0,1.689903599995887,269.68590683658914,61.0,1.0,,,36.0,36.0,,,,,2.0,2.0,300.0,300.0,2.0,2.0,,,,,1.0,1.0,10.0,10.0
0.1921724998283243,0.0010041243650330545,0.8154441820835432,4.965277777777779,1142.058,268.4722077451507,-219.9782736615645,6000.0,1200.0,0.0,0.0,1.0,0.5714285714285714,0.5714285714285714,13.715277777777779,0.0,0.0,12.760525951651205,0.0,121.79426974432005,0.0,3.0,1.0,0.0,0.0,0.0,0.0007896510010544366,0.0,0.0007127631102887216,0.0,0.0,0.0,0.0,0.0,0.0,0.0007152513573752436,0.0,0.0006387547717261219,0.0,0.0,0.0,15.71273349999683,0.0,18.0,1.0,1.0,39.552074446916436,0.0,1.0,0.14508054751163846,1.0,1.0,36.0,778.7415712246847,1813.8228127637576,1035.081241539073,0.0,0.0,18.181998847747074,42.99547901697295,24.813480169225876,153.21694455050923,0.0,2.0,2.0,2.0,1.9992103489989457,2.0,1.9992872368897112,2.0,2.0,2.0,2.0,2.0,2.0,1.9992847486426248,2.0,1.9993612452282739,2.0,2.0,2.0,1543.606391300578,1.0046728326594407,0.0,111.14583333333333,211.079692663088,268.4722077451507,6000.0,1000000.0,268.4722077451507,6000.0,88.00415669500394,268.4722077451507,268.4722077451507,6000.0,0.0,1.0,0.0,49.0,4.0,0.0,1.0,49.0,,0.0,4.0,0.0,,1.0,,,,0.02418770321035879,0.02418770321035879,0.0,1.0,0.0,,1.0,0.0,1.0,4.0,4.0,0.0,0.0,,0.0,85.91131263145417,49.0,0.0,26.71515670563616,13.0,85.91131263145417,,,,,0.0,0.0,,,,,,,,,,,,,0.0,268.4722077451507,5700.0,0.0,268.4722077451507,6000.0,88.0283443982143,268.4722077451507,268.4722077451507,5700.0,1.0,0.0,0.0,,,,12.0,0.0,0.0,0.0,88.00415669500394,0.0,1.0,0.0,1.0,1.0,1.0,1.0,0.0,0.0,0.0,0.0,0.0,88.00415669500394,42.99547901697295,0.0,1.0,0.0,88.0283443982143,43.00562111168307,43.00562111168307,0.0,1.0,0.0,1.0,1.0,4.400207834750197,1.0,0.0,1.0,0.0,0.0,0.0,88.00415669500394,1.0,0.0,88.00415669500394,0.0,1.0,88.00415669500394,4130.0,4130.0,4130.0,1691.25,1691.25,1691.25,1204.0,1204.0,1204.0,3.0,7025.25,7025.25,7025.25,268.4722077451507,6000.0,0.0,0.0,220.0,0.0,0.0,1.0,0.0,0.0,0.0,0.5,0.013274297775436447,0.0,6.637148887718223,-219.9782736615645,378.680442442281,-3315.000000000001,37566.666666666664,-22100.000000000004,5635.000000000001,,,,,,,,,,-211.6776255573178,1.0,2430.5555555555557,-1411.1841703821185,364.5833333333334,1.0,,,,,1204.0,1200.0,6000.0,3181.2000094423324,0.5004926556842141,0.4995073443157859,1242.5165697529628,88.00415669500394,88.00415669500394,1.0,0.0,268.4722077451507,0.0,6000.0,1.0,1.0,1.0,1.0,88.00415669500394,268.4722077451507,6000.0,1.0,1.0,42.99547901697295,14.331826338990984,268.4722077451507,0.0,13.052591655103953,268.4722077451507,6000.0,15.681849573650346,1.0,1.0,1.0,4.296858102819272,14.331826338990984,3.0,,,,,,,,,,,,,,6.0,0.0,1.0,0.0,0.0,0.0,0.0,1.0,0.0026747617884002022,0.0026747617884002022,0.0,268.4722077451507,6000.0,268.4722077451507,6000.0,88.00415669500394,268.4722077451507,268.4722077451507,6000.0,0.0,1.0,0.0,1.0,0.0,0.0,,,1543.606391300578,0.0,88.00415669500394,2759.741379416704,0.0,1.0,1120.1067603577678,0.0,0.456138007077329,1.0,1.0,0.0,0.0,0.0,5.0,0.013274297775436447,0.0,-841.2441782793694,1789.8147183010044,2631.0588965803736,6000.0,0.0,0.0,0.0,0.0,0.0,0.0,0.0,6.276268575375461,5.974115975929834,9.045337672739883,8.553166770908497,29.848888994953676,406.0932845243576,384.94820441397104,172.8882552420168,164.59540499612368,233.20502928234075,220.35279941784734,791.0414889383287,0.013451379311239832,0.012801145419555049,0.011351075171916051,0.010756582601168555,0.0,9.642684686157814,0.013392617619663632,12.760525951651205,60.2,97.09396442040523,0.0,97.09396442040523,1.0,195.2791534644777,0.0,23.976225965582525,22.55678152113808,25.76221000186504,24.303876668531704,23.976225965582525,22.55678152113808,25.76221000186504,24.303876668531704,96.59909415711735,0.0,0.0,0.0,0.0,0.0,96.59909415711735,0.0,2.42069875093603,0.0,49,6.099592733391015,14.370103741814273,8.270511008423258,9000.0,0.456138007077329,1931.9818831423468,1931.9818831423468,2.42069875093603,1.9258284876481457,0.0,0.0,0.0,137.6641150061077,144.49263108407362,1.0,0.0,138.0383138561279,113.75,110.45138888888889,117.68586861175439,268.4722077451507,268.4722077451507,1789.8147183010044,2631.0588965803736,1.0,117.68586861175439,1.0,461.88066280019854,164.51411758555685,0.0,55.926776966220416,2.7650757616799573,55.926776966220416,0.008055728124878666,-0.04077347701852192,-5.144253813579164e-05,0.01092787050152419,0.0384104333111542,6.0,1.0,56.0,62.0,62.0,62.0,74.0,25.0,0.0,0.0,6.0,0.0,0.0,160.29189078353045,0.0,1.4181473119385828,160.29189078353045,161.710038095469,0.0,160.29189078353045,0.0,0.06555238155306142,160.29189078353045,160.35744316508348,0.0,160.29189078353045,0.0,2.379225182657308,160.29189078353045,162.67111596618776,0.0,160.29189078353045,0.0,0.9250044637693122,160.29189078353045,161.21689524729976,0.0,-0.0010903820331737064,-0.00021850793851011,-0.0035639790259416777,7.574813435509741e-05,1.0,1500.0,1500.0,1500.0,1500.0,,,0.0,-0.008516564044638388,-0.01495499460855143,-0.02898865039734559,-0.017834442982330147,-0.015772089637493637,-0.008175564754767706,-0.008097038034383885,-0.006552626760253944,-0.010524904930700173,-0.013653149281046773,-0.015540199185050698,-0.010552532996335096,-0.01489734699161218,-0.01724392006956794,-0.008813374670178932,-0.006305877434535567,1.0,80.0,70.0,60.0,90.0,90.0,90.0,90.0,90.0,60.0,60.0,60.0,90.0,80.0,70.0,90.0,90.0,0.0,1.0,0.0,1.0,0.0,4.0,0.0,4.0,-0.006375221281863483,-0.003401684009230399,0.003441003041567751,1.0,0.0,0.0,0.0,0.0,0.0,0.0,1.0,0.0,,521.0,1.0,0.0,0.0,0.0,,0.0,,0.0,,-1.0,0.0,0.0,0.0,0.0,1.0,0.0,0.0,0.0,0.0,,0.0,,268.4722077451507,0.0,268.4722077451507,39.0,42.99547901697295,43.285873855265386,0.0,3.0,1.5514103999885265,268.4722077451507,61.0,1.0,,,36.0,36.0,,,,,2.0,2.0,300.0,300.0,2.0,2.0,,,,,1.0,1.0,10.0,10.0
0.10906752279580667,0.00032300474599328277,0.6757967216618496,6.666666666666665,1142.058,372.7171853569198,-216.66961594999327,6000.0,1200.0,0.0,1.0,0.0,0.42857142857142855,0.42857142857142855,23.333333333333332,0.0,0.0,13.22650512380974,0.0,119.54290312504504,0.0,3.0,1.0,0.0,0.0,0.0,0.00039442422924753886,0.0,0.0003533960357543127,0.0,0.0,0.0,0.0,0.0,0.0,0.00035761841113468584,0.0,0.0003187178136015249,0.0,0.0,0.0,38.50548150000395,0.0,18.0,1.0,1.0,39.61837751592203,0.0,1.0,0.07243671078244542,1.0,1.0,36.0,784.7492937093017,1828.1501304065487,1043.4008366972469,0.0,0.0,18.086870166298127,42.936766736122614,24.849896569824487,153.46549821054052,0.0,2.0,2.0,2.0,1.9996055757707525,2.0,1.9996466039642458,2.0,2.0,2.0,2.0,2.0,2.0,1.9996423815888653,2.0,1.9996812821863985,2.0,2.0,2.0,1543.0574774856873,1.0056595280367167,0.0,111.14583333333334,211.02151773066365,267.6136361039759,6000.0,1000000.0,267.6136361039759,6000.0,87.88182037588476,267.6136361039759,267.6136361039759,6000.0,0.0,1.0,0.0,50.0,5.0,1.0,0.0,75.0,,0.0,9.0,1.0,,1.0,,,,0.0004083562434828991,0.0700141356920767,0.0,1.0,0.0,,1.0,1.0,0.0,5.0,4.0,0.0,0.0,,1.0,85.83500159954582,50.0,0.0,25.589174132218375,3.0,85.83500159954582,,,,,25.0,4.0,1.0,0.0,1.0,4.0,4.0,1.0,85.83500159954582,25.0,0.0,25.589174132218375,14.0,85.83500159954582,1.0,267.6136361039759,5986.536598971021,1.0,-216.66961594999327,6000.0,87.88222873212824,267.6136361039759,267.6136361039759,5986.536598971021,1.0,0.0,0.0,,,,12.0,0.0,0.0,0.0,87.88182037588476,0.0,1.0,0.0,1.0,1.0,1.0,1.0,0.0,0.0,0.0,0.0,0.0,87.88182037588476,42.936766736122614,0.0,1.0,0.0,87.88222873212824,42.93695716681834,42.93695716681834,0.0,1.0,0.0,1.0,1.0,4.394091018794238,1.0,0.0,1.0,0.0,0.0,0.0,87.88182037588476,1.0,0.0,87.88182037588476,0.0,1.0,87.88182037588476,4130.0,4130.0,4130.0,1691.25,1691.25,1691.25,1204.0,1204.0,1204.0,3.0,7025.25,7025.25,7025.25,267.6136361039759,6000.0,0.0,0.0,220.0,0.0,0.0,1.0,0.0,0.0,0.0,0.5,0.00579137771348597,0.0,2.8956888567429853,-216.66961594999327,372.7171853569198,-3315.000000000001,37566.666666666664,-22100.000000000004,5635.000000000001,,,,,,,,,,-206.21763597007774,1.0,2366.435185185185,-1374.784239800518,354.9652777777778,1.0,,,,,1204.0,1200.0,6000.0,4414.445639486788,0.5022439001714964,0.4977560998285035,1252.4139750187205,87.88182037588476,87.88182037588476,1.0,0.0,267.6136361039759,0.0,6000.0,1.0,1.0,1.0,1.0,87.88182037588476,267.6136361039759,6000.0,1.0,1.0,42.936766736122614,14.312255578707537,267.6136361039759,0.0,13.05010867862306,267.6136361039759,6000.0,14.377186558153674,1.0,0.0,0.0,-0.622414179970356,14.312255578707537,3.0,,,,,,,,,,,,,,6.0,0.0,1.0,0.0,0.0,0.0,0.0,1.0,0.0033620815985222637,0.0033620815985222637,0.0,267.6136361039759,6000.0,267.6136361039759,6000.0,87.88182037588476,267.6136361039759,267.6136361039759,6000.0,0.0,1.0,0.0,1.0,0.0,0.0,,,1543.0574774856873,0.0,87.88182037588476,2832.179580448161,0.0,1.0,1125.9087577161724,0.0,0.0,1.0,1.0,0.0,0.0,0.0,5.0,0.00579137771348597,0.0,-606.3784411083038,1784.0909073598393,2390.469348468143,6000.0,0.0,0.0,0.0,0.0,0.0,0.0,0.0,11.053496516136043,10.526749349145952,14.259923676756792,13.493384224057294,49.33355376609608,406.38605464501484,385.98149567342557,173.69129388786106,165.41860964037497,232.6947607571538,220.5628860330506,792.3675503184404,0.0067221687797599915,0.006400536719034595,0.005650378948584509,0.005372485813436046,0.0,0.0,0.0,13.22650512380974,60.2,90.39997735365628,0.0,90.39997735365628,1.0,183.7844202659557,0.0,23.01678962127515,21.636234065719595,23.788739254341536,22.447072587674867,23.01678962127515,21.636234065719595,23.788739254341536,22.447072587674867,90.88883552901115,0.0,0.0,0.0,0.0,0.0,90.88883552901115,0.0,1.9318405755811645,0.0,50,6.007722484617004,14.327317642790877,8.319595158173874,9180.0,0.0,1817.7767105802227,1817.7767105802227,1.9318405755811645,2.42069875093603,0.0,0.0,0.0,143.80138728836815,145.6641850979962,1.0,0.0,141.29495241580722,113.75,97.67361111111111,108.71151280538305,267.6136361039759,267.6136361039759,1784.0909073598393,2390.469348468143,1.0,108.71151280538305,1.0,445.19964710719364,177.85479087295025,0.0,51.5067385056781,2.780118304953674,51.5067385056781,0.004441029857267131,-0.012847886382826041,0.001130053204469313,0.021720460701790307,0.02268482588877027,6.0,1.0,56.0,62.0,62.0,62.0,74.0,26.0,1.0,0.0,6.0,0.0,0.0,85.83495015869353,0.0,0.0030464987991933867,85.83495015869353,85.83799665749274,0.0,85.83495015869353,0.0,0.002190280168889558,85.83495015869353,85.8371404388624,0.0,85.83495015869353,0.0,0.0039441990844863994,85.83495015869353,85.83889435777802,0.0,85.83495015869353,0.0,0.002869202600436438,85.83495015869353,85.83781936129397,0.0,-1.0154995997358659e-05,-7.300933896251157e-06,-1.3147330281621332e-05,-9.56400866812146e-06,1.0,1500.0,1500.0,1500.0,1500.0,,,0.0,-0.008380889459131513,-0.011616953129084706,-0.015345888736198889,-0.0113149870405306,-0.011597782597363437,-0.011352115145843288,-0.010357913840677744,-0.008002641589362192,-0.010791427121704266,-0.014025511070595797,-0.016117072643004084,-0.011902759834818432,-0.01593248406762786,-0.018340746424530787,-0.011077948612249332,-0.008238060145846049,1.0,80.0,70.0,60.0,90.0,90.0,90.0,90.0,90.0,60.0,60.0,60.0,90.0,80.0,70.0,90.0,90.0,1.0,1.0,1.0,1.0,0.0,4.0,0.0,4.0,-0.007533499903441761,-0.003550068204220576,-0.012463307629669228,1.0,0.0,0.0,0.0,0.0,0.0,0.0,1.0,0.0,,573.0,1.0,0.0,0.0,0.0,,0.0,,0.0,,-1.0,0.0,0.0,0.0,0.0,1.0,0.0,0.0,0.0,0.0,,0.0,,267.6136361039759,0.0,267.6136361039759,54.0,42.936766736122614,42.983973596332234,0.0,2.0,1.6392702000157442,267.6136361039759,61.0,1.0,,,36.0,36.0,,,,,2.0,2.0,300.0,300.0,2.0,2.0,,,,,1.0,1.0,10.0,10.0
0.1921724998283243,0.0009705077867169232,0.8166657792425963,4.965277777777779,1142.058,268.187964509831,-219.7836705620768,6000.0,1200.0,0.0,0.0,1.0,0.5714285714285714,0.5714285714285714,13.715277777777779,0.0,0.0,12.73981914595354,0.0,120.63132836654572,0.0,3.0,1.0,0.0,0.0,0.0,0.0007887946609737265,0.0,0.0007060480400647254,0.0,0.0,0.0,0.0,0.0,0.0,0.0007152033782446369,0.0,0.000636771907130271,0.0,0.0,0.0,15.429037800000515,0.0,18.0,1.0,1.0,39.48984096527072,0.0,1.0,0.1448348763287637,1.0,1.0,36.0,790.8239773390408,1842.4481880389164,1051.6242106998757,0.0,0.0,18.152986430100835,42.90348626099983,24.75049983089899,153.15110615923868,0.0,2.0,2.0,2.0,1.999211205339026,2.0,1.9992939519599355,2.0,2.0,2.0,2.0,2.0,2.0,1.9992847966217555,2.0,1.99936322809287,2.0,2.0,2.0,1542.9182004687611,1.0054868405462518,0.0,111.14583333333333,210.99395665367044,268.187964509831,6000.0,1000000.0,268.187964509831,6000.0,87.91080379405378,268.187964509831,268.187964509831,6000.0,0.0,1.0,0.0,49.0,4.0,0.0,1.0,49.0,,0.0,4.0,0.0,,1.0,,,,0.0005786886722916051,0.0005786886722916051,0.0,1.0,0.0,,1.0,0.0,1.0,4.0,4.0,0.0,0.0,,0.0,85.81807146310689,49.0,0.0,26.64590918295127,13.0,85.81807146310689,,,,,0.0,0.0,,,,,,,,,,,,,0.0,268.187964509831,5983.598009818956,0.0,268.187964509831,6000.0,87.91138248272607,268.187964509831,268.187964509831,5983.598009818956,1.0,0.0,0.0,,,,12.0,0.0,0.0,0.0,87.91080379405378,0.0,1.0,0.0,1.0,1.0,1.0,1.0,0.0,0.0,0.0,0.0,0.0,87.91080379405378,42.90348626099983,0.0,1.0,0.0,87.91138248272607,42.903731098066636,42.903731098066636,0.0,1.0,0.0,1.0,1.0,4.395540189702689,1.0,0.0,1.0,0.0,0.0,0.0,87.91080379405378,1.0,0.0,87.91080379405378,0.0,1.0,87.91080379405378,4130.0,4130.0,4130.0,1691.25,1691.25,1691.25,1204.0,1204.0,1204.0,3.0,7025.25,7025.25,7025.25,268.187964509831,6000.0,0.0,0.0,220.0,0.0,0.0,1.0,0.0,0.0,0.0,0.5,0.004993416046890071,0.0,2.4967080234450356,-219.7836705620768,378.7244510651194,-3315.000000000001,37566.666666666664,-22100.000000000004,5635.000000000001,,,,,,,,,,-211.4565160755131,1.0,2430.5555555555557,-1409.710107170087,364.5833333333334,1.0,,,,,1204.0,1200.0,6000.0,3183.2561435154244,0.5027336650301739,0.49726633496982603,1242.6368115116234,87.91080379405378,87.91080379405378,1.0,0.0,268.187964509831,0.0,6000.0,1.0,1.0,1.0,1.0,87.91080379405378,268.187964509831,6000.0,1.0,1.0,42.90348626099983,14.301162086999943,268.187964509831,0.0,13.049976282772317,268.187964509831,6000.0,14.279780806543682,1.0,0.0,0.0,-3.34963880103475,14.301162086999943,3.0,,,,,,,,,,,,,,6.0,0.0,1.0,0.0,0.0,0.0,0.0,1.0,0.0026831119105293955,0.0026831119105293955,0.0,268.187964509831,6000.0,268.187964509831,6000.0,87.91080379405378,268.187964509831,268.187964509831,6000.0,0.0,1.0,0.0,1.0,0.0,0.0,,,1542.9182004687611,0.0,87.91080379405378,2716.198283074413,0.0,1.0,1114.5291608893815,0.0,0.0009435815809233359,1.0,1.0,0.0,0.0,0.0,5.0,0.004993416046890071,0.0,-814.8351547943516,1787.9197633988729,2602.7549181932245,6000.0,0.0,0.0,0.0,0.0,0.0,0.0,0.0,6.272181048043336,5.973626954141459,8.99595313025074,8.541289471247602,29.783050603683137,405.14826505102485,384.6485542543896,172.81705063791685,164.58864535557527,232.33121441310803,220.05990889881434,789.7968193054144,0.013443913504006581,0.012800806504820364,0.011294488657038255,0.010739083443722708,0.0,9.635971809197372,0.013383294179440794,12.73981914595354,60.2,96.88215992652121,0.0,96.88215992652121,1.0,193.89286389895628,0.0,23.926502684101283,22.507058239656843,25.710180755867658,24.251847422534322,23.926502684101283,22.507058239656843,25.710180755867658,24.251847422534322,96.3955891021601,0.0,0.0,0.0,0.0,0.0,96.3955891021601,0.0,2.4184113999422685,0.0,51,6.074683629739056,14.298057632367799,8.223374002628743,9360.0,0.0009435815809233359,1927.9117820432018,1927.9117820432023,2.4184113999422685,1.9318405755811645,0.0,0.0,0.0,137.24165977721592,143.5788218048128,1.0,0.0,137.61925625983372,113.75,110.45138888888889,117.35983431451754,268.187964509831,268.187964509831,1787.9197633988729,2602.7549181932245,1.0,117.35983431451754,1.0,459.42365753201256,164.07435318356502,0.0,55.76451170063174,2.7520874302290403,55.76451170063174,0.004441029857267131,-0.012847886382826041,0.001130053204469313,0.021720460701790307,0.02268482588877027,6.0,1.0,56.0,62.0,62.0,62.0,74.0,26.0,0.0,0.0,6.0,0.0,0.0,85.83495015869353,0.0,0.0030464987991933867,85.83495015869353,85.83799665749274,0.0,85.83495015869353,0.0,0.002190280168889558,85.83495015869353,85.8371404388624,0.0,85.83495015869353,0.0,0.0039441990844863994,85.83495015869353,85.83889435777802,0.0,85.83495015869353,0.0,0.002869202600436438,85.83495015869353,85.83781936129397,0.0,-1.0154995997358659e-05,-7.300933896251157e-06,-1.3147330281621332e-05,-9.56400866812146e-06,1.0,1500.0,1500.0,1500.0,1500.0,,,0.0,-0.008380889459131513,-0.011616953129084706,-0.015345888736198889,-0.0113149870405306,-0.011597782597363437,-0.011352115145843288,-0.010357913840677744,-0.008002641589362192,-0.010791427121704266,-0.014025511070595797,-0.016117072643004084,-0.011902759834818432,-0.01593248406762786,-0.018340746424530787,-0.011077948612249332,-0.008238060145846049,1.0,80.0,70.0,60.0,90.0,90.0,90.0,90.0,90.0,60.0,60.0,60.0,90.0,80.0,70.0,90.0,90.0,1.0,1.0,1.0,1.0,0.0,4.0,0.0,4.0,-0.007533499903441761,-0.003550068204220576,-0.012463307629669228,1.0,0.0,0.0,0.0,0.0,0.0,0.0,1.0,0.0,,520.0,1.0,0.0,0.0,0.0,,0.0,,0.0,,-1.0,0.0,0.0,0.0,0.0,1.0,0.0,0.0,0.0,0.0,,0.0,,268.187964509831,0.0,268.187964509831,39.0,42.90348626099983,43.19591213431928,0.0,3.0,1.4774024999933317,268.187964509831,61.0,1.0,,,36.0,36.0,,,,,2.0,2.0,300.0,300.0,2.0,2.0,,,,,1.0,1.0,10.0,10.0
0.10906752279580667,0.0003237375979133761,0.6761929094935449,6.666666666666665,1142.058,267.6261172023718,-216.58563979302215,6000.0,1200.0,0.0,1.0,0.0,0.42857142857142855,0.42857142857142855,23.333333333333332,0.0,0.0,13.218150556522062,0.0,119.2814864758186,0.0,3.0,1.0,0.0,0.0,0.0,0.00039439179089264777,0.0,0.0003529417699597026,0.0,0.0,0.0,0.0,0.0,0.0,0.0003575962166816573,0.0,0.0003183078794778662,0.0,0.0,0.0,15.612369000009494,0.0,18.0,1.0,1.0,39.60430737134862,0.0,1.0,0.07241311813204254,1.0,1.0,36.0,796.8284413909828,1856.7595794998804,1059.9311381088976,0.0,0.0,18.08258083300397,42.91581102219274,24.833230189188775,153.44342978338548,0.0,2.0,2.0,2.0,1.9996056082091076,2.0,1.99964705823004,2.0,2.0,2.0,2.0,2.0,2.0,1.9996424037833183,2.0,1.999681692120522,2.0,2.0,2.0,1542.8836799499427,1.0040511842407862,0.0,111.14583333333334,210.9893418837578,267.6261172023718,6000.0,1000000.0,267.6261172023718,6000.0,87.86050251431669,267.6261172023718,267.6261172023718,6000.0,0.0,1.0,0.0,49.0,4.0,0.0,1.0,49.0,,0.0,4.0,0.0,,1.0,,,,0.0004112267867810715,0.0004112267867810715,0.0,1.0,0.0,,1.0,0.0,1.0,4.0,4.0,0.0,0.0,,0.0,85.81368631640076,49.0,0.0,25.566041023892723,13.0,85.81368631640076,,,,,0.0,0.0,,,,,,,,,,,,,0.0,267.6261172023718,5986.441845394418,0.0,267.6261172023718,6000.0,87.86091374110347,267.6261172023718,267.6261172023718,5986.441845394418,1.0,0.0,0.0,,,,12.0,0.0,0.0,0.0,87.86050251431669,0.0,1.0,0.0,1.0,1.0,1.0,1.0,0.0,0.0,0.0,0.0,0.0,87.86050251431669,42.91581102219274,0.0,1.0,0.0,87.86091374110347,42.916002789488616,42.916002789488616,0.0,1.0,0.0,1.0,1.0,4.393025125715835,1.0,0.0,1.0,0.0,0.0,0.0,87.86050251431669,1.0,0.0,87.86050251431669,0.0,1.0,87.86050251431669,4130.0,4130.0,4130.0,1691.25,1691.25,1691.25,1204.0,1204.0,1204.0,3.0,7025.25,7025.25,7025.25,267.6261172023718,6000.0,0.0,0.0,220.0,0.0,0.0,1.0,0.0,0.0,0.0,0.5,0.005802355493965182,0.0,2.901177746982591,-216.58563979302215,372.700411339324,-3315.000000000001,37566.666666666664,-22100.000000000004,5635.000000000001,,,,,,,,,,-206.14328629690183,1.0,2366.435185185185,-1374.2885753126786,354.9652777777778,1.0,,,,,1204.0,1200.0,6000.0,4413.663365446922,0.5022596924342636,0.4977403075657364,1252.3682279988454,87.86050251431669,87.86050251431669,1.0,0.0,267.6261172023718,0.0,6000.0,1.0,1.0,1.0,1.0,87.86050251431669,267.6261172023718,6000.0,1.0,1.0,42.91581102219274,14.305270340730914,267.6261172023718,0.0,13.049780377957083,267.6261172023718,6000.0,14.265787337065285,1.0,0.0,0.0,-4.317013703405678,14.305270340730914,3.0,,,,,,,,,,,,,,6.0,0.0,1.0,0.0,0.0,0.0,0.0,1.0,0.0033589047221420395,0.0033589047221420395,0.0,267.6261172023718,6000.0,267.6261172023718,6000.0,87.86050251431669,267.6261172023718,267.6261172023718,6000.0,0.0,1.0,0.0,1.0,0.0,0.0,,,1542.8836799499427,0.0,87.86050251431669,2829.1587141672476,0.0,1.0,1125.2785485789063,0.0,0.0,1.0,1.0,0.0,0.0,0.0,5.0,0.005802355493965182,0.0,-600.2112590834695,1784.1741146824784,2384.385373765948,6000.0,0.0,0.0,0.0,0.0,0.0,0.0,0.0,11.052911434102406,10.526490007531848,14.248718241055222,13.483365656251564,49.31148533894104,406.242798193018,385.8433492339543,173.6846749390068,165.41329285853914,232.55812325401126,220.43005637541512,792.0861474269724,0.006721905263112602,0.006400349403090795,0.005646576766543474,0.0053688746112673085,0.0,0.0,0.0,13.218150556522062,60.2,90.32565197768405,0.0,90.32565197768405,1.0,183.45399273755896,0.0,22.992099050923457,21.6115434953679,23.775188076263145,22.433521409596477,22.992099050923457,21.6115434953679,23.775188076263145,22.433521409596477,90.81235203215098,0.0,0.0,0.0,0.0,0.0,90.81235203215098,0.0,1.931711345475339,0.0,52,6.004464051942068,14.31139146096394,8.30692740902187,9540.0,0.0,1816.2470406430195,1816.2470406430195,1.931711345475339,2.4184113999422685,0.0,0.0,0.0,143.6759214074481,145.4205561430692,1.0,0.0,141.17721617914628,113.75,97.67361111111111,108.63617879423046,267.6261172023718,267.6261172023718,1784.1741146824784,2384.385373765948,1.0,108.63617879423046,1.0,444.6098793321802,177.72870006900166,0.0,51.469569408180575,2.77572011629409,51.469569408180575,0.004441029857267131,-0.012847886382826041,0.001130053204469313,0.021720460701790307,0.02268482588877027,6.0,1.0,56.0,62.0,62.0,62.0,74.0,26.0,0.0,0.0,6.0,0.0,0.0,85.83495015869353,0.0,0.0030464987991933867,85.83495015869353,85.83799665749274,0.0,85.83495015869353,0.0,0.002190280168889558,85.83495015869353,85.8371404388624,0.0,85.83495015869353,0.0,0.0039441990844863994,85.83495015869353,85.83889435777802,0.0,85.83495015869353,0.0,0.002869202600436438,85.83495015869353,85.83781936129397,0.0,-1.0154995997358659e-05,-7.300933896251157e-06,-1.3147330281621332e-05,-9.56400866812146e-06,1.0,1500.0,1500.0,1500.0,1500.0,,,0.0,-0.008380889459131513,-0.011616953129084706,-0.015345888736198889,-0.0113149870405306,-0.011597782597363437,-0.011352115145843288,-0.010357913840677744,-0.008002641589362192,-0.010791427121704266,-0.014025511070595797,-0.016117072643004084,-0.011902759834818432,-0.01593248406762786,-0.018340746424530787,-0.011077948612249332,-0.008238060145846049,1.0,80.0,70.0,60.0,90.0,90.0,90.0,90.0,90.0,60.0,60.0,60.0,90.0,80.0,70.0,90.0,90.0,1.0,1.0,1.0,1.0,0.0,4.0,0.0,4.0,-0.007533499903441761,-0.003550068204220576,-0.012463307629669228,1.0,0.0,0.0,0.0,0.0,0.0,0.0,1.0,0.0,,573.0,1.0,0.0,0.0,0.0,,0.0,,0.0,,-1.0,0.0,0.0,0.0,0.0,1.0,0.0,0.0,0.0,0.0,,0.0,,267.6261172023718,0.0,267.6261172023718,54.0,42.91581102219274,42.962564777301104,0.0,2.0,1.639836499991361,267.6261172023718,61.0,1.0,,,36.0,36.0,,,,,2.0,2.0,300.0,300.0,2.0,2.0,,,,,1.0,1.0,10.0,10.0
0.1921724998283243,0.0009692043383024429,0.816741663497374,4.965277777777779,1142.058,268.2069131017443,-219.74968111846928,6000.0,1200.0,0.0,0.0,1.0,0.5714285714285714,0.5714285714285714,13.715277777777779,0.0,0.0,12.738818074531233,0.0,120.55006504381808,0.0,3.0,1.0,0.0,0.0,0.0,0.000788780314330384,0.0,0.000705854475607226,0.0,0.0,0.0,0.0,0.0,0.0,0.0007151891800768843,0.0,0.0006365876747833251,0.0,0.0,0.0,15.479085800005123,0.0,18.0,1.0,1.0,39.486519311651385,0.0,1.0,0.1448246000613853,1.0,1.0,36.0,802.9022801394025,1871.0536166675483,1068.151336528146,0.0,0.0,18.151899636598422,42.898183422570916,24.746283785972494,153.14789729251453,0.0,2.0,2.0,2.0,1.9992112196856695,2.0,1.9992941455243927,2.0,2.0,2.0,2.0,2.0,2.0,1.999284810819923,2.0,1.9993634123252169,2.0,2.0,2.0,1542.8747259161837,1.002638698118928,0.0,111.14583333333333,210.9870769234594,268.2069131017443,6000.0,1000000.0,268.2069131017443,6000.0,87.90540899972663,268.2069131017443,268.2069131017443,6000.0,0.0,1.0,0.0,49.0,4.0,0.0,1.0,49.0,,0.0,4.0,0.0,,1.0,,,,0.0005782629277462092,0.0005782629277462092,0.0,1.0,0.0,,1.0,0.0,1.0,4.0,4.0,0.0,0.0,,0.0,85.81267718170281,49.0,0.0,26.63998709659846,13.0,85.81267718170281,,,,,0.0,0.0,,,,,,,,,,,,,0.0,268.2069131017443,5983.610027473203,0.0,268.2069131017443,6000.0,87.90598726265438,268.2069131017443,268.2069131017443,5983.610027473203,1.0,0.0,0.0,,,,12.0,0.0,0.0,0.0,87.90540899972663,0.0,1.0,0.0,1.0,1.0,1.0,1.0,0.0,0.0,0.0,0.0,0.0,87.90540899972663,42.898183422570916,0.0,1.0,0.0,87.90598726265438,42.898428078682876,42.898428078682876,0.0,1.0,0.0,1.0,1.0,4.395270449986332,1.0,0.0,1.0,0.0,0.0,0.0,87.90540899972663,1.0,0.0,87.90540899972663,0.0,1.0,87.90540899972663,4130.0,4130.0,4130.0,1691.25,1691.25,1691.25,1204.0,1204.0,1204.0,3.0,7025.25,7025.25,7025.25,268.2069131017443,6000.0,0.0,0.0,220.0,0.0,0.0,1.0,0.0,0.0,0.0,0.5,0.004984724936829858,0.0,2.492362468414929,-219.74968111846928,378.72350509775333,-3315.000000000001,37566.666666666664,-22100.000000000004,5635.000000000001,,,,,,,,,,-211.4229937371438,1.0,2430.5555555555557,-1409.4866249142917,364.5833333333334,1.0,,,,,1204.0,1200.0,6000.0,3183.2119468192323,0.5027316620877995,0.49726833791220054,1242.6342269095069,87.90540899972663,87.90540899972663,1.0,0.0,268.2069131017443,0.0,6000.0,1.0,1.0,1.0,1.0,87.90540899972663,268.2069131017443,6000.0,1.0,1.0,42.898183422570916,14.299394474190306,268.2069131017443,0.0,13.049777200327068,268.2069131017443,6000.0,14.261905409604143,1.0,0.0,0.0,-4.40308325386912,14.299394474190306,3.0,,,,,,,,,,,,,,6.0,0.0,1.0,0.0,0.0,0.0,0.0,1.0,0.0026829324242713037,0.0026829324242713037,0.0,268.2069131017443,6000.0,268.2069131017443,6000.0,87.90540899972663,268.2069131017443,268.2069131017443,6000.0,0.0,1.0,0.0,1.0,0.0,0.0,,,1542.8747259161837,0.0,87.90540899972663,2715.4380964543248,0.0,1.0,1114.367084089884,0.0,0.0,1.0,1.0,0.0,0.0,0.0,5.0,0.004984724936829858,0.0,-812.8940252204552,1788.0460873449617,2600.9401125654167,6000.0,0.0,0.0,0.0,0.0,0.0,0.0,0.0,6.2721230644310495,5.973549699257717,8.994394642403797,8.539774330866408,29.77984173695897,405.1151851543995,384.6152010786283,172.8157900637104,164.5872513435971,232.2993950906891,220.0279497350312,789.7303862330277,0.013443781646192596,0.012800668307137575,0.011292912725791488,0.010737504008006778,0.0,9.635583927780033,0.013382755455250046,12.738818074531233,60.2,96.86290498262778,0.0,96.86290498262778,1.0,193.7925985535373,0.0,23.921531953636155,22.50208750919171,25.705554484126182,24.247221150792846,23.921531953636155,22.50208750919171,25.705554484126182,24.247221150792846,96.3763950977469,0.0,0.0,0.0,0.0,0.0,96.3763950977469,0.0,2.418221230356233,0.0,53,6.073838748419711,14.294037167668087,8.220198419248375,9720.0,0.0,1927.5279019549375,1927.5279019549375,2.418221230356233,1.931711345475339,0.0,0.0,0.0,137.21361394938984,143.51788655084906,1.0,0.0,137.59147592720453,113.75,110.45138888888889,117.33836622378735,268.2069131017443,268.2069131017443,1788.0460873449617,2600.9401125654167,1.0,117.33836622378735,1.0,459.25585304443103,164.04557177951358,0.0,55.75600382539065,2.7511662913835497,55.75600382539065,0.004441029857267131,-0.012847886382826041,0.001130053204469313,0.021720460701790307,0.02268482588877027,6.0,1.0,56.0,62.0,62.0,62.0,74.0,26.0,0.0,0.0,6.0,0.0,0.0,85.83495015869353,0.0,0.0030464987991933867,85.83495015869353,85.83799665749274,0.0,85.83495015869353,0.0,0.002190280168889558,85.83495015869353,85.8371404388624,0.0,85.83495015869353,0.0,0.0039441990844863994,85.83495015869353,85.83889435777802,0.0,85.83495015869353,0.0,0.002869202600436438,85.83495015869353,85.83781936129397,0.0,-1.0154995997358659e-05,-7.300933896251157e-06,-1.3147330281621332e-05,-9.56400866812146e-06,1.0,1500.0,1500.0,1500.0,1500.0,,,0.0,-0.008380889459131513,-0.011616953129084706,-0.015345888736198889,-0.0113149870405306,-0.011597782597363437,-0.011352115145843288,-0.010357913840677744,-0.008002641589362192,-0.010791427121704266,-0.014025511070595797,-0.016117072643004084,-0.011902759834818432,-0.01593248406762786,-0.018340746424530787,-0.011077948612249332,-0.008238060145846049,1.0,80.0,70.0,60.0,90.0,90.0,90.0,90.0,90.0,60.0,60.0,60.0,90.0,80.0,70.0,90.0,90.0,1.0,1.0,1.0,1.0,0.0,4.0,0.0,4.0,-0.007533499903441761,-0.003550068204220576,-0.012463307629669228,1.0,0.0,0.0,0.0,0.0,0.0,0.0,1.0,0.0,,520.0,1.0,0.0,0.0,0.0,,0.0,,0.0,,-1.0,0.0,0.0,0.0,0.0,1.0,0.0,0.0,0.0,0.0,,0.0,,268.2069131017443,0.0,268.2069131017443,39.0,42.898183422570916,43.19050388307607,0.0,3.0,1.5159720000228845,268.2069131017443,61.0,1.0,,,36.0,36.0,,,,,2.0,2.0,300.0,300.0,2.0,2.0,,,,,1.0,1.0,10.0,10.0
0.10906752279580667,0.0003237765601559195,0.6762293107433842,6.666666666666665,1142.058,267.6270896125614,-216.5801955202035,6000.0,1200.0,0.0,1.0,0.0,0.42857142857142855,0.42857142857142855,23.333333333333332,0.0,0.0,13.217657607079758,0.0,119.26426527358394,0.0,3.0,1.0,0.0,0.0,0.0,0.0003943898887300105,0.0,0.00035292104735207275,0.0,0.0,0.0,0.0,0.0,0.0,0.0003575943422316917,0.0,0.0003182880117526358,0.0,0.0,0.0,15.683153299993137,0.0,18.0,1.0,1.0,39.603544134037136,0.0,1.0,0.07241198112236179,1.0,1.0,36.0,808.9065581720447,1885.363999061109,1076.4574408890644,0.0,0.0,18.082325153004444,42.91445986357897,24.832134710574522,153.44219418313367,0.0,2.0,2.0,2.0,1.9996056101112698,2.0,1.999647078952648,2.0,2.0,2.0,2.0,2.0,2.0,1.9996424056577682,2.0,1.9996817119882475,2.0,2.0,2.0,1542.872264315713,1.0015758719267762,0.0,111.14583333333334,210.9867840433506,267.6270896125614,6000.0,1000000.0,267.6270896125614,6000.0,87.85912745265136,267.6270896125614,267.6270896125614,6000.0,0.0,1.0,0.0,49.0,4.0,0.0,1.0,49.0,,0.0,4.0,0.0,,1.0,,,,0.00041112301492773895,0.00041112301492773895,0.0,1.0,0.0,,1.0,0.0,1.0,4.0,4.0,0.0,0.0,,0.0,85.81231138611292,49.0,0.0,25.564698697581235,13.0,85.81231138611292,,,,,0.0,0.0,,,,,,,,,,,,,0.0,267.6270896125614,5986.445255941536,0.0,267.6270896125614,6000.0,87.85953857566629,267.6270896125614,267.6270896125614,5986.445255941536,1.0,0.0,0.0,,,,12.0,0.0,0.0,0.0,87.85912745265136,0.0,1.0,0.0,1.0,1.0,1.0,1.0,0.0,0.0,0.0,0.0,0.0,87.85912745265136,42.91445986357897,0.0,1.0,0.0,87.85953857566629,42.914651582344355,42.914651582344355,0.0,1.0,0.0,1.0,1.0,4.392956372632568,1.0,0.0,1.0,0.0,0.0,0.0,87.85912745265136,1.0,0.0,87.85912745265136,0.0,1.0,87.85912745265136,4130.0,4130.0,4130.0,1691.25,1691.25,1691.25,1204.0,1204.0,1204.0,3.0,7025.25,7025.25,7025.25,267.6270896125614,6000.0,0.0,0.0,220.0,0.0,0.0,1.0,0.0,0.0,0.0,0.5,0.00579384001462859,0.0,2.8969200073142947,-216.5801955202035,372.69901675318874,-3315.000000000001,37566.666666666664,-22100.000000000004,5635.000000000001,,,,,,,,,,-206.13864756925625,1.0,2366.435185185185,-1374.2576504617082,354.9652777777778,1.0,,,,,1204.0,1200.0,6000.0,4413.598327448498,0.5022591240097442,0.49774087599025596,1252.3644246071246,87.85912745265136,87.85912745265136,1.0,0.0,267.6270896125614,0.0,6000.0,1.0,1.0,1.0,1.0,87.85912745265136,267.6270896125614,6000.0,1.0,1.0,42.91445986357897,14.304819954526323,267.6270896125614,0.0,13.049771439944465,267.6270896125614,6000.0,14.261008118158689,1.0,0.0,0.0,-4.407708727285161,14.304819954526323,3.0,,,,,,,,,,,,,,6.0,0.0,1.0,0.0,0.0,0.0,0.0,1.0,0.0033586405977169905,0.0033586405977169905,0.0,267.6270896125614,6000.0,267.6270896125614,6000.0,87.85912745265136,267.6270896125614,267.6270896125614,6000.0,0.0,1.0,0.0,1.0,0.0,0.0,,,1542.872264315713,0.0,87.85912745265136,2828.985191997168,0.0,1.0,1125.24252451879,0.0,0.0,1.0,1.0,0.0,0.0,0.0,5.0,0.00579384001462859,0.0,-599.8289677348462,1784.180597417076,2384.0095651519223,6000.0,0.0,0.0,0.0,0.0,0.0,0.0,0.0,11.052882565666437,10.526457821989439,14.24814646123086,13.482762889802501,49.31024973868924,406.2354354195634,385.8354472611796,173.68432282715125,165.412873445733,232.5511125924121,220.42257381544655,792.0708826807429,0.006721888650363631,0.006400331993403053,0.0056464051288502536,0.005368701268170324,0.0,0.0,0.0,13.217657607079758,60.2,90.3215342932176,0.0,90.3215342932176,1.0,183.43364256987599,0.0,22.990812518282063,21.610256962726506,23.774322178209506,22.432655511542837,22.990812518282063,21.610256962726506,23.774322178209506,22.432655511542837,90.80804717076091,0.0,0.0,0.0,0.0,0.0,90.80804717076091,0.0,1.931708352812917,0.0,54,6.004278032642191,14.310382393560722,8.306104360918532,9900.0,0.0,1816.1609434152183,1816.1609434152183,1.931708352812917,2.418221230356233,0.0,0.0,0.0,143.6673537200998,145.40466431261146,1.0,0.0,141.16903101098637,113.75,97.67361111111111,108.6314131615855,267.6270896125614,267.6270896125614,1784.180597417076,2384.0095651519223,1.0,108.6314131615855,1.0,444.57270821531233,177.72002195139947,0.0,51.46699966988706,2.775471056035158,51.46699966988706,0.004441029857267131,-0.012847886382826041,0.001130053204469313,0.021720460701790307,0.02268482588877027,6.0,1.0,56.0,62.0,62.0,62.0,74.0,26.0,0.0,0.0,6.0,0.0,0.0,85.83495015869353,0.0,0.0030464987991933867,85.83495015869353,85.83799665749274,0.0,85.83495015869353,0.0,0.002190280168889558,85.83495015869353,85.8371404388624,0.0,85.83495015869353,0.0,0.0039441990844863994,85.83495015869353,85.83889435777802,0.0,85.83495015869353,0.0,0.002869202600436438,85.83495015869353,85.83781936129397,0.0,-1.0154995997358659e-05,-7.300933896251157e-06,-1.3147330281621332e-05,-9.56400866812146e-06,1.0,1500.0,1500.0,1500.0,1500.0,,,0.0,-0.008380889459131513,-0.011616953129084706,-0.015345888736198889,-0.0113149870405306,-0.011597782597363437,-0.011352115145843288,-0.010357913840677744,-0.008002641589362192,-0.010791427121704266,-0.014025511070595797,-0.016117072643004084,-0.011902759834818432,-0.01593248406762786,-0.018340746424530787,-0.011077948612249332,-0.008238060145846049,1.0,80.0,70.0,60.0,90.0,90.0,90.0,90.0,90.0,60.0,60.0,60.0,90.0,80.0,70.0,90.0,90.0,1.0,1.0,1.0,1.0,0.0,4.0,0.0,4.0,-0.007533499903441761,-0.003550068204220576,-0.012463307629669228,1.0,0.0,0.0,0.0,0.0,0.0,0.0,1.0,0.0,,573.0,1.0,0.0,0.0,0.0,,0.0,,0.0,,-1.0,0.0,0.0,0.0,0.0,1.0,0.0,0.0,0.0,0.0,,0.0,,267.6270896125614,0.0,267.6270896125614,54.0,42.91445986357897,42.9611798545437,0.0,2.0,1.6363005999883171,267.6270896125614,61.0,1.0,,,36.0,36.0,,,,,2.0,2.0,300.0,300.0,2.0,2.0,,,,,1.0,1.0,10.0,10.0
0.1921724998283243,0.0009691352228156092,0.816746350588765,4.965277777777779,1142.058,268.20837733907143,-219.74705605916836,6000.0,1200.0,0.0,0.0,1.0,0.5714285714285714,0.5714285714285714,13.715277777777779,0.0,0.0,12.738769057146722,0.0,120.54447859363498,0.0,3.0,1.0,0.0,0.0,0.0,0.0007887795711039283,0.0,0.0007058399881457733,0.0,0.0,0.0,0.0,0.0,0.0,0.0007151884700837089,0.0,0.0006365739543127136,0.0,0.0,0.0,15.321651699981885,0.0,18.0,1.0,1.0,39.48628442039044,0.0,1.0,0.1448238446705815,1.0,1.0,36.0,814.9803410275812,1899.6577629224512,1084.67742189487,0.0,0.0,18.15182662805928,42.89782349418661,24.745996866127328,153.14767584861792,0.0,2.0,2.0,2.0,1.999211220428896,2.0,1.9992941600118543,2.0,2.0,2.0,2.0,2.0,2.0,1.9992848115299162,2.0,1.9993634260456874,2.0,2.0,2.0,1542.8716706395871,1.0006448357372324,0.0,111.14583333333333,210.98665033562952,268.20837733907143,6000.0,1000000.0,268.20837733907143,6000.0,87.9050427966657,268.20837733907143,268.20837733907143,6000.0,0.0,1.0,0.0,49.0,4.0,0.0,1.0,49.0,,0.0,4.0,0.0,,1.0,,,,0.0005782334229991193,0.0005782334229991193,0.0,1.0,0.0,,1.0,0.0,1.0,4.0,4.0,0.0,0.0,,0.0,85.81231101339165,49.0,0.0,26.639575977904798,13.0,85.81231101339165,,,,,0.0,0.0,,,,,,,,,,,,,0.0,268.20837733907143,5983.610859667063,0.0,268.20837733907143,6000.0,87.9056210300887,268.20837733907143,268.20837733907143,5983.610859667063,1.0,0.0,0.0,,,,12.0,0.0,0.0,0.0,87.9050427966657,0.0,1.0,0.0,1.0,1.0,1.0,1.0,0.0,0.0,0.0,0.0,0.0,87.9050427966657,42.89782349418661,0.0,1.0,0.0,87.9056210300887,42.898068137745284,42.898068137745284,0.0,1.0,0.0,1.0,1.0,4.395252139833285,1.0,0.0,1.0,0.0,0.0,0.0,87.9050427966657,1.0,0.0,87.9050427966657,0.0,1.0,87.9050427966657,4130.0,4130.0,4130.0,1691.25,1691.25,1691.25,1204.0,1204.0,1204.0,3.0,7025.25,7025.25,7025.25,268.20837733907143,6000.0,0.0,0.0,220.0,0.0,0.0,1.0,0.0,0.0,0.0,0.5,0.004984367534025976,0.0,2.492183767012988,-219.74705605916836,378.72348319139513,-3315.000000000001,37566.666666666664,-22100.000000000004,5635.000000000001,,,,,,,,,,-211.42037455069558,1.0,2430.5555555555557,-1409.4691636713037,364.5833333333334,1.0,,,,,1204.0,1200.0,6000.0,3183.2109233286837,0.5027315233888229,0.4972684766111771,1242.6341670562583,87.9050427966657,87.9050427966657,1.0,0.0,268.20837733907143,0.0,6000.0,1.0,1.0,1.0,1.0,87.9050427966657,268.20837733907143,6000.0,1.0,1.0,42.89782349418661,14.299274498062204,268.20837733907143,0.0,13.049771254075948,268.20837733907143,6000.0,14.26074645040819,1.0,0.0,0.0,-4.416773268221277,14.299274498062204,3.0,,,,,,,,,,,,,,6.0,0.0,1.0,0.0,0.0,0.0,0.0,1.0,0.002682928267795718,0.002682928267795718,0.0,268.20837733907143,6000.0,268.20837733907143,6000.0,87.9050427966657,268.20837733907143,268.20837733907143,6000.0,0.0,1.0,0.0,1.0,0.0,0.0,,,1542.8716706395871,0.0,87.9050427966657,2715.391371235884,0.0,1.0,1114.3565607817097,0.0,0.0,1.0,1.0,0.0,0.0,0.0,5.0,0.004984367534025976,0.0,-812.7593771201668,1788.0558489271427,2600.81522604731,6000.0,0.0,0.0,0.0,0.0,0.0,0.0,0.0,6.272119750041696,5.9735448072758,8.994285251920587,8.539670483824302,29.779620293062386,405.11282837906975,384.6128600287392,172.81571843062136,164.587173246358,232.2971099484484,220.02568678238126,789.725688407809,0.01344377548233363,0.012800661990305705,0.01129279287215429,0.010737384545400203,0.0,9.635553196555712,0.013382712772994045,12.738769057146722,60.2,96.8615181032338,0.0,96.8615181032338,1.0,193.78564470462626,0.0,23.92117912798389,22.501734683539446,25.70521510170079,24.246881768367455,23.92117912798389,22.501734683539446,25.70521510170079,24.246881768367455,96.37501068159159,0.0,0.0,0.0,0.0,0.0,96.37501068159159,0.0,2.4182157744551387,0.0,55,6.073782855536521,14.293763861342105,8.219981005805584,10080.0,0.0,1927.5002136318317,1927.5002136318317,2.4182157744551387,1.931708352812917,0.0,0.0,0.0,137.21172992653942,143.5137346094238,1.0,0.0,137.58959871266714,113.75,110.45138888888889,117.33690068359425,268.20837733907143,268.20837733907143,1788.0558489271427,2600.81522604731,1.0,117.33690068359425,1.0,459.244341476511,164.04364554759167,0.0,55.755404433643946,2.7510959401091464,55.755404433643946,0.004441029857267131,-0.012847886382826041,0.001130053204469313,0.021720460701790307,0.02268482588877027,6.0,1.0,56.0,62.0,62.0,62.0,74.0,26.0,0.0,0.0,6.0,0.0,0.0,85.83495015869353,0.0,0.0030464987991933867,85.83495015869353,85.83799665749274,0.0,85.83495015869353,0.0,0.002190280168889558,85.83495015869353,85.8371404388624,0.0,85.83495015869353,0.0,0.0039441990844863994,85.83495015869353,85.83889435777802,0.0,85.83495015869353,0.0,0.002869202600436438,85.83495015869353,85.83781936129397,0.0,-1.0154995997358659e-05,-7.300933896251157e-06,-1.3147330281621332e-05,-9.56400866812146e-06,1.0,1500.0,1500.0,1500.0,1500.0,,,0.0,-0.008380889459131513,-0.011616953129084706,-0.015345888736198889,-0.0113149870405306,-0.011597782597363437,-0.011352115145843288,-0.010357913840677744,-0.008002641589362192,-0.010791427121704266,-0.014025511070595797,-0.016117072643004084,-0.011902759834818432,-0.01593248406762786,-0.018340746424530787,-0.011077948612249332,-0.008238060145846049,1.0,80.0,70.0,60.0,90.0,90.0,90.0,90.0,90.0,60.0,60.0,60.0,90.0,80.0,70.0,90.0,90.0,1.0,1.0,1.0,1.0,0.0,4.0,0.0,4.0,-0.007533499903441761,-0.003550068204220576,-0.012463307629669228,1.0,0.0,0.0,0.0,0.0,0.0,0.0,1.0,0.0,,520.0,1.0,0.0,0.0,0.0,,0.0,,0.0,,-1.0,0.0,0.0,0.0,0.0,1.0,0.0,0.0,0.0,0.0,,0.0,,268.20837733907143,0.0,268.20837733907143,39.0,42.89782349418661,43.1901335457063,0.0,3.0,1.5803642000246327,268.20837733907143,61.0,1.0,,,36.0,36.0,,,,,2.0,2.0,300.0,300.0,2.0,2.0,,,,,1.0,1.0,10.0,10.0
0.10906752279580667,0.0003237786275185339,0.6762314642405979,6.666666666666665,1142.058,267.6270605958174,-216.57988990231323,6000.0,1200.0,0.0,1.0,0.0,0.42857142857142855,0.42857142857142855,23.333333333333332,0.0,0.0,13.217632348054956,0.0,119.26305879315508,0.0,3.0,1.0,0.0,0.0,0.0,0.0003943897599974797,0.0,0.0003529196749778338,0.0,0.0,0.0,0.0,0.0,0.0,0.000357594209238421,0.0,0.0003182866693144875,0.0,0.0,0.0,15.832974999997532,0.0,18.0,1.0,1.0,39.603489566209674,0.0,1.0,0.07241190496881743,1.0,1.0,36.0,820.9846052924069,1913.9680765311273,1092.9834712387203,0.0,0.0,18.082307079341167,42.91436851369919,24.83206143435802,153.44209984454423,0.0,2.0,2.0,2.0,1.9996056102400024,2.0,1.9996470803250221,2.0,2.0,2.0,2.0,2.0,2.0,1.9996424057907616,2.0,1.9996817133306857,2.0,2.0,2.0,1542.8715049152793,0.999976238898503,0.0,111.14583333333334,210.98663284604942,267.6270605958174,6000.0,1000000.0,267.6270605958174,6000.0,87.85903450567571,267.6270605958174,267.6270605958174,6000.0,0.0,1.0,0.0,49.0,4.0,0.0,1.0,49.0,,0.0,4.0,0.0,,1.0,,,,0.0004111159238959772,0.0004111159238959772,0.0,1.0,0.0,,1.0,0.0,1.0,4.0,4.0,0.0,0.0,,0.0,85.81221844814085,49.0,0.0,25.564616762076795,13.0,85.81221844814085,,,,,0.0,0.0,,,,,,,,,,,,,0.0,267.6270605958174,5986.445489235373,0.0,267.6270605958174,6000.0,87.8594456215996,267.6270605958174,267.6270605958174,5986.445489235373,1.0,0.0,0.0,,,,12.0,0.0,0.0,0.0,87.85903450567571,0.0,1.0,0.0,1.0,1.0,1.0,1.0,0.0,0.0,0.0,0.0,0.0,87.85903450567571,42.91436851369919,0.0,1.0,0.0,87.8594456215996,42.914560229152166,42.914560229152166,0.0,1.0,0.0,1.0,1.0,4.392951725283786,1.0,0.0,1.0,0.0,0.0,0.0,87.85903450567571,1.0,0.0,87.85903450567571,0.0,1.0,87.85903450567571,4130.0,4130.0,4130.0,1691.25,1691.25,1691.25,1204.0,1204.0,1204.0,3.0,7025.25,7025.25,7025.25,267.6270605958174,6000.0,0.0,0.0,220.0,0.0,0.0,1.0,0.0,0.0,0.0,0.5,0.0057933525176034175,0.0,2.8966762588017088,-216.57988990231323,372.69897674298426,-3315.000000000001,37566.666666666664,-22100.000000000004,5635.000000000001,,,,,,,,,,-206.1383645586707,1.0,2366.435185185185,-1374.255763724471,354.9652777777778,1.0,,,,,1204.0,1200.0,6000.0,4413.596461530325,0.5022590851274377,0.4977409148725623,1252.3643154891029,87.85903450567571,87.85903450567571,1.0,0.0,267.6270605958174,0.0,6000.0,1.0,1.0,1.0,1.0,87.85903450567571,267.6270605958174,6000.0,1.0,1.0,42.91436851369919,14.304789504566395,267.6270605958174,0.0,13.049770947910371,267.6270605958174,6000.0,14.260683186619424,1.0,0.0,0.0,-4.411400064270424,14.304789504566395,3.0,,,,,,,,,,,,,,6.0,0.0,1.0,0.0,0.0,0.0,0.0,1.0,0.0033586330200765816,0.0033586330200765816,0.0,267.6270605958174,6000.0,267.6270605958174,6000.0,87.85903450567571,267.6270605958174,267.6270605958174,6000.0,0.0,1.0,0.0,1.0,0.0,0.0,,,1542.8715049152793,0.0,87.85903450567571,2828.971454018037,0.0,1.0,1125.2397711361884,0.0,0.0,1.0,1.0,0.0,0.0,0.0,5.0,0.0057933525176034175,0.0,-599.8030182280713,1784.1804039721158,2383.9834222001873,6000.0,0.0,0.0,0.0,0.0,0.0,0.0,0.0,11.05288061822467,10.526455682746715,14.248102209505646,13.482716889622772,49.3101554000998,406.2349095456366,385.83488177855685,173.68428866951484,165.41283487378948,232.55062087612174,220.42204690476737,792.0697913241934,0.006721887521213912,0.006400330758734245,0.0056463937910704,0.005368689585253921,0.0,0.0,0.0,13.217632348054956,60.2,90.32128424537784,0.0,90.32128424537784,1.0,183.4322507559478,0.0,22.99073762245923,21.610182066903672,23.774269408703162,22.432602742036494,22.99073762245923,21.610182066903672,23.774269408703162,22.432602742036494,90.80779184010255,0.0,0.0,0.0,0.0,0.0,90.80779184010255,0.0,1.9317081797304214,0.0,56,6.004264264825731,14.310313608676136,8.306049343850406,10260.0,0.0,1816.155836802051,1816.1558368020512,1.9317081797304214,2.4182157744551387,0.0,0.0,0.0,143.66678861646497,145.40359889422382,1.0,0.0,141.16849222776872,113.75,97.67361111111111,108.63109489265892,267.6270605958174,267.6270605958174,1784.1804039721158,2383.9834222001873,1.0,108.63109489265892,1.0,444.5701696133861,177.71945790915703,0.0,51.46684854670377,2.7754548195590103,51.46684854670377,0.004441029857267131,-0.012847886382826041,0.001130053204469313,0.021720460701790307,0.02268482588877027,6.0,1.0,56.0,62.0,62.0,62.0,74.0,26.0,0.0,0.0,6.0,0.0,0.0,85.83495015869353,0.0,0.0030464987991933867,85.83495015869353,85.83799665749274,0.0,85.83495015869353,0.0,0.002190280168889558,85.83495015869353,85.8371404388624,0.0,85.83495015869353,0.0,0.0039441990844863994,85.83495015869353,85.83889435777802,0.0,85.83495015869353,0.0,0.002869202600436438,85.83495015869353,85.83781936129397,0.0,-1.0154995997358659e-05,-7.300933896251157e-06,-1.3147330281621332e-05,-9.56400866812146e-06,1.0,1500.0,1500.0,1500.0,1500.0,,,0.0,-0.008380889459131513,-0.011616953129084706,-0.015345888736198889,-0.0113149870405306,-0.011597782597363437,-0.011352115145843288,-0.010357913840677744,-0.008002641589362192,-0.010791427121704266,-0.014025511070595797,-0.016117072643004084,-0.011902759834818432,-0.01593248406762786,-0.018340746424530787,-0.011077948612249332,-0.008238060145846049,1.0,80.0,70.0,60.0,90.0,90.0,90.0,90.0,90.0,60.0,60.0,60.0,90.0,80.0,70.0,90.0,90.0,1.0,1.0,1.0,1.0,0.0,4.0,0.0,4.0,-0.007533499903441761,-0.003550068204220576,-0.012463307629669228,1.0,0.0,0.0,0.0,0.0,0.0,0.0,1.0,0.0,,573.0,1.0,0.0,0.0,0.0,,0.0,,0.0,,-1.0,0.0,0.0,0.0,0.0,1.0,0.0,0.0,0.0,0.0,,0.0,,267.6270605958174,0.0,267.6270605958174,54.0,42.91436851369919,42.961086507611824,0.0,2.0,1.6701666000008117,267.6270605958174,61.0,1.0,,,36.0,36.0,,,,,2.0,2.0,300.0,300.0,2.0,2.0,,,,,1.0,1.0,10.0,10.0
0.1921724998283243,0.0009691290532011232,0.8167466487923128,4.965277777777779,1142.058,268.2084579726806,-219.74690546513426,6000.0,1200.0,0.0,0.0,1.0,0.5714285714285714,0.5714285714285714,13.715277777777779,0.0,0.0,12.738765141615659,0.0,120.54411607733797,0.0,3.0,1.0,0.0,0.0,0.0,0.0007887795119979365,0.0,0.000705839165934536,0.0,0.0,0.0,0.0,0.0,0.0,0.0007151884108064962,0.0,0.0006365731641873903,0.0,0.0,0.0,15.455367200018372,0.0,18.0,1.0,1.0,39.48627066273689,0.0,1.0,0.14482380042381185,1.0,1.0,36.0,827.0583848001039,1928.2618225552956,1101.2034377551915,0.0,0.0,18.151822089370768,42.897799735733756,24.745977646362988,153.14766288081418,0.0,2.0,2.0,2.0,1.9992112204880021,2.0,1.9992941608340655,2.0,2.0,2.0,2.0,2.0,2.0,1.9992848115891937,2.0,1.9993634268358127,2.0,2.0,2.0,1542.8714643767364,0.9993641176270894,0.0,111.14583333333333,210.98662444220457,268.2084579726806,6000.0,1000000.0,268.2084579726806,6000.0,87.90501862095337,268.2084579726806,268.2084579726806,6000.0,0.0,1.0,0.0,49.0,4.0,0.0,1.0,49.0,,0.0,4.0,0.0,,1.0,,,,0.000578231252632122,0.000578231252632122,0.0,1.0,0.0,,1.0,0.0,1.0,4.0,4.0,0.0,0.0,,0.0,85.81228683994738,49.0,0.0,26.639550331964173,13.0,85.81228683994738,,,,,0.0,0.0,,,,,,,,,,,,,0.0,268.2084579726806,5983.610920912659,0.0,268.2084579726806,6000.0,87.905596852206,268.2084579726806,268.2084579726806,5983.610920912659,1.0,0.0,0.0,,,,12.0,0.0,0.0,0.0,87.90501862095337,0.0,1.0,0.0,1.0,1.0,1.0,1.0,0.0,0.0,0.0,0.0,0.0,87.90501862095337,42.897799735733756,0.0,1.0,0.0,87.905596852206,42.89804437836945,42.89804437836945,0.0,1.0,0.0,1.0,1.0,4.395250931047669,1.0,0.0,1.0,0.0,0.0,0.0,87.90501862095337,1.0,0.0,87.90501862095337,0.0,1.0,87.90501862095337,4130.0,4130.0,4130.0,1691.25,1691.25,1691.25,1204.0,1204.0,1204.0,3.0,7025.25,7025.25,7025.25,268.2084579726806,6000.0,0.0,0.0,220.0,0.0,0.0,1.0,0.0,0.0,0.0,0.5,0.004984349066294345,0.0,2.4921745331471725,-219.74690546513426,378.72348192442723,-3315.000000000001,37566.666666666664,-22100.000000000004,5635.000000000001,,,,,,,,,,-211.4202242996255,1.0,2430.5555555555557,-1409.468161997503,364.5833333333334,1.0,,,,,1204.0,1200.0,6000.0,3183.2108641344707,0.5027315131812236,0.49726848681877656,1242.6341635946085,87.90501862095337,87.90501862095337,1.0,0.0,268.2084579726806,0.0,6000.0,1.0,1.0,1.0,1.0,87.90501862095337,268.2084579726806,6000.0,1.0,1.0,42.897799735733756,14.29926657857792,268.2084579726806,0.0,13.049770935067366,268.2084579726806,6000.0,14.260666263046247,1.0,0.0,0.0,-4.417676452796556,14.29926657857792,3.0,,,,,,,,,,,,,,6.0,0.0,1.0,0.0,0.0,0.0,0.0,1.0,0.0026829280274033632,0.0026829280274033632,0.0,268.2084579726806,6000.0,268.2084579726806,6000.0,87.90501862095337,268.2084579726806,268.2084579726806,6000.0,0.0,1.0,0.0,1.0,0.0,0.0,,,1542.8714643767364,0.0,87.90501862095337,2715.3884727548107,0.0,1.0,1114.3559287905346,0.0,0.0,1.0,1.0,0.0,0.0,0.0,5.0,0.004984349066294345,0.0,-812.7507667382347,1788.0563864845371,2600.807153222772,6000.0,0.0,0.0,0.0,0.0,0.0,0.0,0.0,6.272119529518882,5.973544483067009,8.994278949233724,8.539664363439023,29.779607325258638,405.11269144854055,384.6127218061971,172.81571380172034,164.5871679209753,232.2969776468202,220.02555388522174,789.7254132547376,0.013443774978147695,0.012800661451184504,0.01129278605984458,0.010737377652093833,0.0,9.63555133444104,0.013382710186723667,12.738765141615659,60.2,96.86143564618284,0.0,96.86143564618284,1.0,193.7852012177259,0.0,23.921158187688928,22.501713743244483,25.705194866593082,24.246861533259747,23.921158187688928,22.501713743244483,25.705194866593082,24.246861533259747,96.37492833078623,0.0,0.0,0.0,0.0,0.0,96.37492833078623,0.0,2.418215495127034,0.0,57,6.073779507697026,14.293746024168366,8.21996651647134,10440.0,0.0,1927.4985666157247,1927.4985666157247,2.418215495127034,1.9317081797304212,0.0,0.0,0.0,137.21160143905288,143.51345667588677,1.0,0.0,137.58947059150017,113.75,110.45138888888889,117.33679725013971,268.2084579726806,268.2084579726806,1788.0563864845371,2600.807153222772,1.0,117.33679725013971,1.0,459.2435841166039,164.0435135108936,0.0,55.75535716853008,2.751091371202111,55.75535716853008,0.004441029857267131,-0.012847886382826041,0.001130053204469313,0.021720460701790307,0.02268482588877027,6.0,1.0,56.0,62.0,62.0,62.0,74.0,26.0,0.0,0.0,6.0,0.0,0.0,85.83495015869353,0.0,0.0030464987991933867,85.83495015869353,85.83799665749274,0.0,85.83495015869353,0.0,0.002190280168889558,85.83495015869353,85.8371404388624,0.0,85.83495015869353,0.0,0.0039441990844863994,85.83495015869353,85.83889435777802,0.0,85.83495015869353,0.0,0.002869202600436438,85.83495015869353,85.83781936129397,0.0,-1.0154995997358659e-05,-7.300933896251157e-06,-1.3147330281621332e-05,-9.56400866812146e-06,1.0,1500.0,1500.0,1500.0,1500.0,,,0.0,-0.008380889459131513,-0.011616953129084706,-0.015345888736198889,-0.0113149870405306,-0.011597782597363437,-0.011352115145843288,-0.010357913840677744,-0.008002641589362192,-0.010791427121704266,-0.014025511070595797,-0.016117072643004084,-0.011902759834818432,-0.01593248406762786,-0.018340746424530787,-0.011077948612249332,-0.008238060145846049,1.0,80.0,70.0,60.0,90.0,90.0,90.0,90.0,90.0,60.0,60.0,60.0,90.0,80.0,70.0,90.0,90.0,1.0,1.0,1.0,1.0,0.0,4.0,0.0,4.0,-0.007533499903441761,-0.003550068204220576,-0.012463307629669228,1.0,0.0,0.0,0.0,0.0,0.0,0.0,1.0,0.0,,520.0,1.0,0.0,0.0,0.0,,0.0,,0.0,,-1.0,0.0,0.0,0.0,0.0,1.0,0.0,0.0,0.0,0.0,,0.0,,268.2084579726806,0.0,268.2084579726806,39.0,42.897799735733756,43.19010902116278,0.0,3.0,1.5454163999820594,268.2084579726806,61.0,1.0,,,36.0,36.0,,,,,2.0,2.0,300.0,300.0,2.0,2.0,,,,,1.0,1.0,10.0,10.0
0.10906752279580667,0.00032377878739098254,0.6762315948812353,6.666666666666665,1142.058,267.6270596144325,-216.57987072889287,6000.0,1200.0,0.0,1.0,0.0,0.42857142857142855,0.42857142857142855,23.333333333333332,0.0,0.0,13.217630473809907,0.0,119.26297813357935,0.0,3.0,1.0,0.0,0.0,0.0,0.00039438975414160835,0.0,0.00035291956035533715,0.0,0.0,0.0,0.0,0.0,0.0,0.00035759420348851427,0.0,0.00031828656009423736,0.0,0.0,0.0,15.800494600000093,0.0,18.0,1.0,1.0,39.60348569482237,0.0,1.0,0.07241189897542899,1.0,1.0,36.0,833.0626481069223,1942.5721314361501,1109.5094833292278,0.0,0.0,18.082305829301678,42.91436228025094,24.832056450949263,153.44209359422172,0.0,2.0,2.0,2.0,1.9996056102458586,2.0,1.9996470804396447,2.0,2.0,2.0,2.0,2.0,2.0,1.9996424057965116,2.0,1.9996817134399056,2.0,2.0,2.0,1542.8714535957756,0.9989513506273434,0.0,111.14583333333334,210.98662316681677,267.6270596144325,6000.0,1000000.0,267.6270596144325,6000.0,87.85902816377059,267.6270596144325,267.6270596144325,6000.0,0.0,1.0,0.0,49.0,4.0,0.0,1.0,49.0,,0.0,4.0,0.0,,1.0,,,,0.00041111549997197017,0.00041111549997197017,0.0,1.0,0.0,,1.0,0.0,1.0,4.0,4.0,0.0,0.0,,0.0,85.81221210685398,49.0,0.0,25.56461034978885,13.0,85.81221210685398,,,,,0.0,0.0,,,,,,,,,,,,,0.0,267.6270596144325,5986.44550318043,0.0,267.6270596144325,6000.0,87.85943927927056,267.6270596144325,267.6270596144325,5986.44550318043,1.0,0.0,0.0,,,,12.0,0.0,0.0,0.0,87.85902816377059,0.0,1.0,0.0,1.0,1.0,1.0,1.0,0.0,0.0,0.0,0.0,0.0,87.85902816377059,42.91436228025094,0.0,1.0,0.0,87.85943927927056,42.91455399550576,42.91455399550576,0.0,1.0,0.0,1.0,1.0,4.392951408188529,1.0,0.0,1.0,0.0,0.0,0.0,87.85902816377059,1.0,0.0,87.85902816377059,0.0,1.0,87.85902816377059,4130.0,4130.0,4130.0,1691.25,1691.25,1691.25,1204.0,1204.0,1204.0,3.0,7025.25,7025.25,7025.25,267.6270596144325,6000.0,0.0,0.0,220.0,0.0,0.0,1.0,0.0,0.0,0.0,0.5,0.005793327300418734,0.0,2.896663650209367,-216.57987072889287,372.6989746945647,-3315.000000000001,37566.666666666664,-22100.000000000004,5635.000000000001,,,,,,,,,,-206.13834653080195,1.0,2366.435185185185,-1374.2556435386796,354.9652777777778,1.0,,,,,1204.0,1200.0,6000.0,4413.596366000113,0.5022590828032616,0.4977409171967384,1252.3643099025408,87.85902816377059,87.85902816377059,1.0,0.0,267.6270596144325,0.0,6000.0,1.0,1.0,1.0,1.0,87.85902816377059,267.6270596144325,6000.0,1.0,1.0,42.91436228025094,14.304787426750314,267.6270596144325,0.0,13.049770908131308,267.6270596144325,6000.0,14.260662045228088,1.0,0.0,0.0,-4.411652144433418,14.304787426750314,3.0,,,,,,,,,,,,,,6.0,0.0,1.0,0.0,0.0,0.0,0.0,1.0,0.0033586326321208807,0.0033586326321208807,0.0,267.6270596144325,6000.0,267.6270596144325,6000.0,87.85902816377059,267.6270596144325,267.6270596144325,6000.0,0.0,1.0,0.0,1.0,0.0,0.0,,,1542.8714535957756,0.0,87.85902816377059,2828.9705551185566,0.0,1.0,1125.2395840617069,0.0,0.0,1.0,1.0,0.0,0.0,0.0,5.0,0.005793327300418734,0.0,-599.8011920055042,1784.1803974295497,2383.981589435054,6000.0,0.0,0.0,0.0,0.0,0.0,0.0,0.0,11.052880497582592,10.526455552263592,14.248099256994621,13.482713842936484,49.31014914977729,406.23487195285986,385.8348419435876,173.6842867053863,165.4128326644675,232.55058524747358,220.4220092791201,792.0697138964474,0.0067218874729250925,0.006400330707938551,0.005646392843039426,0.005368688634573261,0.0,0.0,0.0,13.217630473809907,60.2,90.32126369494233,0.0,90.32126369494233,1.0,183.43215319449692,0.0,22.99073141116835,21.610175855612795,23.77426521105479,22.43259854438812,22.99073141116835,21.610175855612795,23.77426521105479,22.43259854438812,90.80777102222405,0.0,0.0,0.0,0.0,0.0,90.80777102222405,0.0,1.9317081678453234,0.0,58,6.004263306818408,14.310308880854684,8.306045574036276,10620.0,0.0,1816.155420444481,1816.155420444481,1.9317081678453234,2.418215495127034,0.0,0.0,0.0,143.66675097931534,145.4035264559091,1.0,0.0,141.1684570250047,113.75,97.67361111111111,108.63107330515416,267.6270596144325,267.6270596144325,1784.1803974295497,2383.981589435054,1.0,108.63107330515416,1.0,444.5699959543039,177.7194208321479,0.0,51.46683793368453,2.7754536557958,51.46683793368453,0.004441029857267131,-0.012847886382826041,0.001130053204469313,0.021720460701790307,0.02268482588877027,6.0,1.0,56.0,62.0,62.0,62.0,74.0,26.0,0.0,0.0,6.0,0.0,0.0,85.83495015869353,0.0,0.0030464987991933867,85.83495015869353,85.83799665749274,0.0,85.83495015869353,0.0,0.002190280168889558,85.83495015869353,85.8371404388624,0.0,85.83495015869353,0.0,0.0039441990844863994,85.83495015869353,85.83889435777802,0.0,85.83495015869353,0.0,0.002869202600436438,85.83495015869353,85.83781936129397,0.0,-1.0154995997358659e-05,-7.300933896251157e-06,-1.3147330281621332e-05,-9.56400866812146e-06,1.0,1500.0,1500.0,1500.0,1500.0,,,0.0,-0.008380889459131513,-0.011616953129084706,-0.015345888736198889,-0.0113149870405306,-0.011597782597363437,-0.011352115145843288,-0.010357913840677744,-0.008002641589362192,-0.010791427121704266,-0.014025511070595797,-0.016117072643004084,-0.011902759834818432,-0.01593248406762786,-0.018340746424530787,-0.011077948612249332,-0.008238060145846049,1.0,80.0,70.0,60.0,90.0,90.0,90.0,90.0,90.0,60.0,60.0,60.0,90.0,80.0,70.0,90.0,90.0,1.0,1.0,1.0,1.0,0.0,4.0,0.0,4.0,-0.007533499903441761,-0.003550068204220576,-0.012463307629669228,1.0,0.0,0.0,0.0,0.0,0.0,0.0,1.0,0.0,,573.0,1.0,0.0,0.0,0.0,,0.0,,0.0,,-1.0,0.0,0.0,0.0,0.0,1.0,0.0,0.0,0.0,0.0,,0.0,,267.6270596144325,0.0,267.6270596144325,54.0,42.91436228025094,42.961080144881876,0.0,2.0,1.6376969999982975,267.6270596144325,61.0,1.0,,,36.0,36.0,,,,,2.0,2.0,300.0,300.0,2.0,2.0,,,,,1.0,1.0,10.0,10.0
0.1921724998283243,0.0009691286640710062,0.8167466704299412,4.965277777777779,1142.058,268.20846272320455,-219.7468958077755,6000.0,1200.0,0.0,0.0,1.0,0.5714285714285714,0.5714285714285714,13.715277777777779,0.0,0.0,12.73876487907894,0.0,120.54409229537174,0.0,3.0,1.0,0.0,0.0,0.0,0.0007887795076499208,0.0,0.0007058391104809066,0.0,0.0,0.0,0.0,0.0,0.0,0.0007151884063478282,0.0,0.0006365731104103581,0.0,0.0,0.0,15.198303800018039,0.0,18.0,1.0,1.0,39.48626972036836,0.0,1.0,0.14482379740791632,1.0,1.0,36.0,839.1364273817777,1956.865876266861,1117.7294488850832,0.0,0.0,18.15182178061083,42.89779814853886,24.74597636792803,153.14766197116276,0.0,2.0,2.0,2.0,1.9992112204923502,2.0,1.999294160889519,2.0,2.0,2.0,2.0,2.0,2.0,1.9992848115936523,2.0,1.99936342688959,2.0,2.0,2.0,1542.8714508717017,0.9985441342344152,0.0,111.14583333333333,210.98662253926506,268.20846272320455,6000.0,1000000.0,268.20846272320455,6000.0,87.90501700594811,268.20846272320455,268.20846272320455,6000.0,0.0,1.0,0.0,49.0,4.0,0.0,1.0,49.0,,0.0,4.0,0.0,,1.0,,,,0.0005782310946926827,0.0005782310946926827,0.0,1.0,0.0,,1.0,0.0,1.0,4.0,4.0,0.0,0.0,,0.0,85.81228522509073,49.0,0.0,26.63954865767522,13.0,85.81228522509073,,,,,0.0,0.0,,,,,,,,,,,,,0.0,268.20846272320455,5983.610925372312,0.0,268.20846272320455,6000.0,87.9055952370428,268.20846272320455,268.20846272320455,5983.610925372312,1.0,0.0,0.0,,,,12.0,0.0,0.0,0.0,87.90501700594811,0.0,1.0,0.0,1.0,1.0,1.0,1.0,0.0,0.0,0.0,0.0,0.0,87.90501700594811,42.89779814853886,0.0,1.0,0.0,87.9055952370428,42.89804279110755,42.89804279110755,0.0,1.0,0.0,1.0,1.0,4.395250850297406,1.0,0.0,1.0,0.0,0.0,0.0,87.90501700594811,1.0,0.0,87.90501700594811,0.0,1.0,87.90501700594811,4130.0,4130.0,4130.0,1691.25,1691.25,1691.25,1204.0,1204.0,1204.0,3.0,7025.25,7025.25,7025.25,268.20846272320455,6000.0,0.0,0.0,220.0,0.0,0.0,1.0,0.0,0.0,0.0,0.5,0.00498434767513044,0.0,2.49217383756522,-219.7468958077755,378.72348183742804,-3315.000000000001,37566.666666666664,-22100.000000000004,5635.000000000001,,,,,,,,,,-211.42021466765587,1.0,2430.5555555555557,-1409.4680977843723,364.5833333333334,1.0,,,,,1204.0,1200.0,6000.0,3183.2108600697666,0.5027315124379479,0.497268487562052,1242.6341633569064,87.90501700594811,87.90501700594811,1.0,0.0,268.20846272320455,0.0,6000.0,1.0,1.0,1.0,1.0,87.90501700594811,268.20846272320455,6000.0,1.0,1.0,42.89779814853886,14.299266049512953,268.20846272320455,0.0,13.04977090716977,268.20846272320455,6000.0,14.260660908050301,1.0,0.0,0.0,-4.4177386445594635,14.299266049512953,3.0,,,,,,,,,,,,,,6.0,0.0,1.0,0.0,0.0,0.0,0.0,1.0,0.0026829280108962824,0.0026829280108962824,0.0,268.20846272320455,6000.0,268.20846272320455,6000.0,87.90501700594811,268.20846272320455,268.20846272320455,6000.0,0.0,1.0,0.0,1.0,0.0,0.0,,,1542.8714508717017,0.0,87.90501700594811,2715.3882611536997,0.0,1.0,1114.3558842474392,0.0,0.0,1.0,1.0,0.0,0.0,0.0,5.0,0.00498434767513044,0.0,-812.7502044418666,1788.0564181546968,2600.806622596563,6000.0,0.0,0.0,0.0,0.0,0.0,0.0,0.0,6.272119512136797,5.973544458922376,8.99427851159809,8.53966393294995,29.779606415607212,405.1126821139665,384.61271229340053,172.81571344203547,164.58716750547788,232.29696867193104,220.0255447879226,789.725394407367,0.013443774940535707,0.012800661410229773,0.011292785601336517,0.010737377183870099,0.0,9.635551221562466,0.01338271002994787,12.73876487907894,60.2,96.86143029457378,0.0,96.86143029457378,1.0,193.7851721932561,0.0,23.921156838079927,22.501712393635483,25.705193547031698,24.246860213698366,23.921156838079927,22.501712393635483,25.705193547031698,24.246860213698366,96.37492299244548,0.0,0.0,0.0,0.0,0.0,96.37492299244548,0.0,2.4182154699736302,0.0,59,6.073779274855331,14.293744830710708,8.219965555855376,10800.0,0.0,1927.498459848909,1927.498459848909,2.4182154699736302,1.9317081678453232,0.0,0.0,0.0,137.2115928132646,143.51343819908894,1.0,0.0,137.58946200095136,113.75,110.45138888888889,117.33679045723812,268.20846272320455,268.20846272320455,1788.0564181546968,2600.806622596563,1.0,117.33679045723812,1.0,459.24353454273313,164.04350465780806,0.0,55.75535423914275,2.751091077125635,55.75535423914275,0.004441029857267131,-0.012847886382826041,0.001130053204469313,0.021720460701790307,0.02268482588877027,6.0,1.0,56.0,62.0,62.0,62.0,74.0,26.0,0.0,0.0,6.0,0.0,0.0,85.83495015869353,0.0,0.0030464987991933867,85.83495015869353,85.83799665749274,0.0,85.83495015869353,0.0,0.002190280168889558,85.83495015869353,85.8371404388624,0.0,85.83495015869353,0.0,0.0039441990844863994,85.83495015869353,85.83889435777802,0.0,85.83495015869353,0.0,0.002869202600436438,85.83495015869353,85.83781936129397,0.0,-1.0154995997358659e-05,-7.300933896251157e-06,-1.3147330281621332e-05,-9.56400866812146e-06,1.0,1500.0,1500.0,1500.0,1500.0,,,0.0,-0.008380889459131513,-0.011616953129084706,-0.015345888736198889,-0.0113149870405306,-0.011597782597363437,-0.011352115145843288,-0.010357913840677744,-0.008002641589362192,-0.010791427121704266,-0.014025511070595797,-0.016117072643004084,-0.011902759834818432,-0.01593248406762786,-0.018340746424530787,-0.011077948612249332,-0.008238060145846049,1.0,80.0,70.0,60.0,90.0,90.0,90.0,90.0,90.0,60.0,60.0,60.0,90.0,80.0,70.0,90.0,90.0,1.0,1.0,1.0,1.0,0.0,4.0,0.0,4.0,-0.007533499903441761,-0.003550068204220576,-0.012463307629669228,1.0,0.0,0.0,0.0,0.0,0.0,0.0,1.0,0.0,,520.0,1.0,0.0,0.0,0.0,,0.0,,0.0,,-1.0,0.0,0.0,0.0,0.0,1.0,0.0,0.0,0.0,0.0,,0.0,,268.20846272320455,0.0,268.20846272320455,39.0,42.89779814853886,43.19010739048343,0.0,3.0,1.5512272999912966,268.20846272320455,61.0,1.0,,,36.0,36.0,,,,,2.0,2.0,300.0,300.0,2.0,2.0,,,,,1.0,1.0,10.0,10.0
