N_P_star,N_UF_star,allocation_A_E_to_N,allocation_A_E_to_S,allocation_A_E_to_W,allocation_A_N_to_E,allocation_A_N_to_S,allocation_A_N_to_W,allocation_A_S_to_E,allocation_A_S_to_N,allocation_A_S_to_W,allocation_A_W_to_E,allocation_A_W_to_N,allocation_A_W_to_S,allocation_B_E_to_N,allocation_B_E_to_S,allocation_B_E_to_W,allocation_B_N_to_E,allocation_B_N_to_S,allocation_B_N_to_W,allocation_B_S_to_E,allocation_B_S_to_N,allocation_B_S_to_W,allocation_B_W_to_E,allocation_B_W_to_N,allocation_B_W_to_S,allocation_C_E_to_N,allocation_C_E_to_S,allocation_C_E_to_W,allocation_C_N_to_E,allocation_C_N_to_S,allocation_C_N_to_W,allocation_C_S_to_E,allocation_C_S_to_N,allocation_C_S_to_W,allocation_C_W_to_E,allocation_C_W_to_N,allocation_C_W_to_S,allocation_D_E_to_N,allocation_D_E_to_W,allocation_D_E_to_onE,allocation_D_E_to_onW,allocation_D_N_to_E,allocation_D_N_to_W,allocation_D_N_to_onE,allocation_D_N_to_onW,allocation_D_W_to_E,allocation_D_W_to_N,allocation_D_W_to_onE,allocation_D_W_to_onW,allocation_D_offE_to_E,allocation_D_offE_to_N,allocation_D_offE_to_W,allocation_D_offW_to_E,allocation_D_offW_to_N,allocation_D_offW_to_W,allocation_E_E_to_N,allocation_E_E_to_W,allocation_E_N_to_E,allocation_E_N_to_W,allocation_E_W_to_E,allocation_E_W_to_N,allocation_F_E_to_N,allocation_F_E_to_W,allocation_F_E_to_onE,allocation_F_E_to_onW,allocation_F_N_to_E,allocation_F_N_to_W,allocation_F_N_to_onE,allocation_F_N_to_onW,allocation_F_W_to_E,allocation_F_W_to_N,allocation_F_W_to_onE,allocation_F_W_to_onW,allocation_F_offE_to_E,allocation_F_offE_to_N,allocation_F_offE_to_W,allocation_F_offW_to_E,allocation_F_offW_to_N,allocation_F_offW_to_W,allocation_in_A_left,allocation_in_A_top,allocation_in_B_top,allocation_in_C_right,allocation_in_C_top,allocation_in_D_left,allocation_in_F_right,allocation_out_A_left,allocation_out_A_top,allocation_out_B_top,allocation_out_C_right,allocation_out_C_top,allocation_out_D_left,allocation_out_F_right,diag_N_P_crit,diag_N_P_max,diag_N_P_min,diag_N_UF_max,diag_N_UF_min,diag_calib_fingerprint_mismatch_count,diag_distributed_response_rollout_freeway_ttt,diag_distributed_response_rollout_ttt,diag_distributed_response_rollout_urban_ttt,diag_leader_base_accumulation,diag_leader_beta_hat,diag_leader_boundary_in_queue_penalty,diag_leader_boundary_in_queue_veh,diag_leader_boundary_leg_excluded_veh,diag_leader_candidate_best_N_P_star,diag_leader_candidate_best_N_UF_star,diag_leader_candidate_best_index,diag_leader_candidate_best_intent_N_P_star,diag_leader_candidate_best_intent_N_UF_star,diag_leader_candidate_best_objective,diag_leader_candidate_best_projected_N_P_star,diag_leader_candidate_best_realized_N_P_star,diag_leader_candidate_best_realized_N_UF_star,diag_leader_candidate_best_stage_coarse,diag_leader_candidate_best_stage_fallback,diag_leader_candidate_best_stage_refined,diag_leader_candidate_coarse_count,diag_leader_candidate_coarse_evaluated_count,diag_leader_candidate_coarse_global,diag_leader_candidate_coarse_local,diag_leader_candidate_count,diag_leader_candidate_follower_early_terminated_candidates,diag_leader_candidate_follower_early_terminated_candidates_total,diag_leader_candidate_full_evaluated_count,diag_leader_candidate_global_refresh,diag_leader_candidate_incumbent_active,diag_leader_candidate_incumbent_any_active,diag_leader_candidate_incumbent_objective,diag_leader_candidate_intent_N_P_star,diag_leader_candidate_intent_N_UF_star,diag_leader_candidate_objective_gap,diag_leader_candidate_objective_spread,diag_leader_candidate_parallel_backend_process,diag_leader_candidate_parallel_backend_serial,diag_leader_candidate_parallel_backend_thread,diag_leader_candidate_parallel_workers,diag_leader_candidate_prefilter_active,diag_leader_candidate_prefilter_scope_global,diag_leader_candidate_prefilter_scope_local,diag_leader_candidate_prefilter_selected_count,diag_leader_candidate_prefilter_top_k,diag_leader_candidate_process_pool_reuse_enabled,diag_leader_candidate_process_pool_reused_existing,diag_leader_candidate_projected_N_P_star,diag_leader_candidate_proxy_best_index,diag_leader_candidate_proxy_best_objective,diag_leader_candidate_proxy_evaluated_count,diag_leader_candidate_proxy_objective_gap,diag_leader_candidate_proxy_objective_spread,diag_leader_candidate_proxy_second_index,diag_leader_candidate_proxy_second_objective,diag_leader_candidate_raw_N_P_star,diag_leader_candidate_raw_N_UF_star,diag_leader_candidate_realized_N_P_star,diag_leader_candidate_realized_N_UF_star,diag_leader_candidate_refined_count,diag_leader_candidate_refined_evaluated_count,diag_leader_candidate_refined_prefilter_active,diag_leader_candidate_refined_prefilter_scope_global,diag_leader_candidate_refined_prefilter_scope_local,diag_leader_candidate_refined_prefilter_selected_count,diag_leader_candidate_refined_prefilter_top_k,diag_leader_candidate_refined_proxy_best_index,diag_leader_candidate_refined_proxy_best_objective,diag_leader_candidate_refined_proxy_evaluated_count,diag_leader_candidate_refined_proxy_objective_gap,diag_leader_candidate_refined_proxy_objective_spread,diag_leader_candidate_refined_proxy_second_index,diag_leader_candidate_refined_proxy_second_objective,diag_leader_candidate_refinement_active,diag_leader_candidate_second_N_P_star,diag_leader_candidate_second_N_UF_star,diag_leader_candidate_second_index,diag_leader_candidate_second_intent_N_P_star,diag_leader_candidate_second_intent_N_UF_star,diag_leader_candidate_second_objective,diag_leader_candidate_second_projected_N_P_star,diag_leader_candidate_second_realized_N_P_star,diag_leader_candidate_second_realized_N_UF_star,diag_leader_candidate_second_stage_coarse,diag_leader_candidate_second_stage_fallback,diag_leader_candidate_second_stage_refined,diag_leader_candidate_solver_N_P_star,diag_leader_candidate_solver_N_UF_star,diag_leader_candidate_wu_metered_serial_override,diag_leader_density_effective_lane_weight_count,diag_leader_density_excess,diag_leader_density_penalty,diag_leader_fallback_best_completed_proxy_veh,diag_leader_fallback_best_objective,diag_leader_fallback_best_stage_no_control,diag_leader_fallback_best_stage_pfo,diag_leader_fallback_best_terminal_proxy_veh,diag_leader_fallback_candidate_count,diag_leader_fallback_enabled,diag_leader_fallback_evaluated_count,diag_leader_fallback_guard_active,diag_leader_fallback_guard_beta_applied,diag_leader_fallback_guard_beta_hat,diag_leader_fallback_guard_completed_severe,diag_leader_fallback_guard_completed_worse,diag_leader_fallback_guard_fallback_completed_proxy_veh,diag_leader_fallback_guard_fallback_objective,diag_leader_fallback_guard_fallback_rollout_ttt,diag_leader_fallback_guard_fallback_terminal_proxy_veh,diag_leader_fallback_guard_insufficient_gain,diag_leader_fallback_guard_leader_completed_proxy_veh,diag_leader_fallback_guard_leader_objective,diag_leader_fallback_guard_leader_rollout_ttt,diag_leader_fallback_guard_leader_rollout_ttt_beta,diag_leader_fallback_guard_leader_terminal_proxy_veh,diag_leader_fallback_guard_metric_ttt,diag_leader_fallback_guard_objective_gain,diag_leader_fallback_guard_objective_worse,diag_leader_fallback_guard_rejected_leader,diag_leader_fallback_guard_required_gain,diag_leader_fallback_guard_selected,diag_leader_fallback_guard_selected_no_control,diag_leader_fallback_guard_selected_pfo,diag_leader_fallback_guard_terminal_severe,diag_leader_fallback_guard_terminal_worse,diag_leader_fallback_guard_ttt_worse,diag_leader_fallback_incumbent_objective,diag_leader_fallback_incumbent_seed_active,diag_leader_fallback_pfo_completed_proxy_veh,diag_leader_fallback_pfo_objective,diag_leader_fallback_pfo_terminal_proxy_veh,diag_leader_follower_response_objective_used,diag_leader_follower_ttt_base,diag_leader_forecast_boundary_first_veh_h,diag_leader_forecast_boundary_future_mean_veh_h,diag_leader_forecast_boundary_peak_veh_h,diag_leader_forecast_mainline_first_veh_h,diag_leader_forecast_mainline_future_mean_veh_h,diag_leader_forecast_mainline_peak_veh_h,diag_leader_forecast_ramp_first_veh_h,diag_leader_forecast_ramp_future_mean_veh_h,diag_leader_forecast_ramp_peak_veh_h,diag_leader_forecast_steps,diag_leader_forecast_total_first_veh_h,diag_leader_forecast_total_future_mean_veh_h,diag_leader_forecast_total_peak_veh_h,diag_leader_intent_N_P_star,diag_leader_intent_N_UF_star,diag_leader_lambda_np_committed,diag_leader_lambda_uf_committed,diag_leader_mfd_boundary_queue_capacity_veh,diag_leader_mfd_link_excess_veh,diag_leader_mfd_movement_excess_veh,diag_leader_mfd_penalty_mode_all_urban_halfcap,diag_leader_mfd_penalty_mode_protected_exceed,diag_leader_mfd_storage_excess_veh,diag_leader_mfd_storage_penalty,diag_leader_mfd_storage_threshold_ratio,diag_leader_nonconvergence_control_residual_component,diag_leader_nonconvergence_obj_residual_component,diag_leader_nonconvergence_penalty,diag_leader_np_bound_lower,diag_leader_np_bound_upper,diag_leader_np_capacity_lower,diag_leader_np_capacity_max_net_flow_veh_h,diag_leader_np_capacity_min_net_flow_veh_h,diag_leader_np_capacity_upper,diag_leader_np_feasible_horizon_h,diag_leader_np_feasible_predictor_mode_code,diag_leader_np_feasible_sigma_max_veh,diag_leader_np_feasible_sigma_min_veh,diag_leader_np_follower_feasible_max,diag_leader_np_follower_feasible_min,diag_leader_np_follower_feasible_projection_active,diag_leader_np_follower_feasible_projection_cap_mode,diag_leader_np_follower_feasible_projection_failed,diag_leader_np_movement_lower,diag_leader_np_movement_lower_active,diag_leader_np_movement_max_net_flow_veh_h,diag_leader_np_movement_min_net_flow_veh_h,diag_leader_np_movement_upper,diag_leader_np_movement_upper_active,diag_leader_np_projected_N_P_star,diag_leader_np_projection_applied,diag_leader_np_projection_residual,diag_leader_np_raw_N_P_star,diag_leader_nuf_arrival_target,diag_leader_nuf_bound_lower,diag_leader_nuf_bound_upper,diag_leader_nuf_heuristic_target,diag_leader_nuf_omega_FW_E,diag_leader_nuf_omega_FW_W,diag_leader_nuf_queue_drain_target,diag_leader_objective,diag_leader_objective_base,diag_leader_output_closure_applied,diag_leader_pfo_incumbent_N_P_clipped,diag_leader_pfo_incumbent_N_P_star,diag_leader_pfo_incumbent_N_UF_clipped,diag_leader_pfo_incumbent_N_UF_star,diag_leader_pfo_incumbent_active,diag_leader_pfo_incumbent_candidate,diag_leader_pfo_incumbent_enabled,diag_leader_pfo_incumbent_local_center_used,diag_leader_pfo_incumbent_objective,diag_leader_pfo_incumbent_raw_N_P_star,diag_leader_pfo_incumbent_raw_N_UF_star,diag_leader_pfo_incumbent_selected,diag_leader_pfo_incumbent_tie_break_selected,diag_leader_pred_horizon_ttt,diag_leader_pred_interval_ttt,diag_leader_projected_N_P_star,diag_leader_ramp_queue_penalty,diag_leader_ramp_queue_veh,diag_leader_realized_N_P_star,diag_leader_realized_N_UF_star,diag_leader_realized_interval_ttt,diag_leader_recalib_needed,diag_leader_regret_active,diag_leader_regret_forced_commit,diag_leader_regret_gap,diag_leader_regret_incumbent_pred_interval_ttt,diag_leader_regret_window_len,diag_leader_response_N_P_star_projection_residual,diag_leader_response_N_P_star_realization_residual,diag_leader_response_N_UF_star_realization_residual,diag_leader_response_closure_applied,diag_leader_response_closure_changed_N_P,diag_leader_response_closure_use_rollout_objective,diag_leader_response_net_inflow_source_allocation_projected,diag_leader_response_net_inflow_source_distributed_projected,diag_leader_response_net_inflow_source_leader_realized,diag_leader_response_net_inflow_source_none,diag_leader_response_net_inflow_source_projected_only,diag_leader_response_net_inflow_source_wu_projected,diag_leader_response_net_inflow_source_wu_sum_nin,diag_leader_response_proxy_state_count,diag_leader_rollout_objective_base_used,diag_leader_rollout_prediction_used,diag_leader_search_demand_stress,diag_leader_search_density_stress,diag_leader_search_incident_stress,diag_leader_search_mode_continuous,diag_leader_search_mode_grid,diag_leader_search_ramp_queue_stress,diag_leader_search_stress_index,diag_leader_search_urban_storage_stress,diag_leader_selected_N_P_star,diag_leader_selected_N_UF_star,diag_leader_selected_intent_N_P_star,diag_leader_selected_intent_N_UF_star,diag_leader_selected_objective,diag_leader_selected_projected_N_P_star,diag_leader_selected_realized_N_P_star,diag_leader_selected_realized_N_UF_star,diag_leader_selected_stage_coarse,diag_leader_selected_stage_fallback,diag_leader_selected_stage_fallback_no_control,diag_leader_selected_stage_fallback_pfo,diag_leader_selected_stage_refined,diag_leader_smoothness_penalty,diag_leader_solver_N_P_star,diag_leader_solver_N_UF_star,diag_leader_state_accumulation_base,diag_leader_target_penalty,diag_leader_total_objective,diag_nash_converged,diag_nash_iterations,diag_nash_residual_control,diag_nash_residual_objective,diag_urban_net_inflow_original_target_veh,diag_urban_net_inflow_target_veh,diag_urban_net_inflow_target_veh_h,diag_wu_b2_price_A,diag_wu_b2_price_B,diag_wu_b2_price_C,diag_wu_b2_price_D,diag_wu_b2_price_F,diag_wu_b2_price_delta_sec,diag_wu_b2_price_enabled,diag_wu_b2_price_ref_A,diag_wu_b2_price_ref_B,diag_wu_b2_price_ref_C,diag_wu_b2_price_ref_D,diag_wu_b2_price_ref_F,diag_wu_b2_price_refresh_count,diag_wu_b2_price_refreshed,diag_wu_b2_price_trust_sec,diag_wu_b3_cliff_both_FW_E,diag_wu_b3_cliff_both_FW_W,diag_wu_b3_meter_fd3_R_D_E_base,diag_wu_b3_meter_fd3_R_D_E_cliffup,diag_wu_b3_meter_fd3_R_D_E_curv,diag_wu_b3_meter_fd3_R_D_E_hi,diag_wu_b3_meter_fd3_R_D_E_lo,diag_wu_b3_meter_fd3_R_D_E_nonlin,diag_wu_b3_meter_fd3_R_D_W_base,diag_wu_b3_meter_fd3_R_D_W_cliffup,diag_wu_b3_meter_fd3_R_D_W_curv,diag_wu_b3_meter_fd3_R_D_W_hi,diag_wu_b3_meter_fd3_R_D_W_lo,diag_wu_b3_meter_fd3_R_D_W_nonlin,diag_wu_b3_meter_fd3_R_F_E_base,diag_wu_b3_meter_fd3_R_F_E_cliffup,diag_wu_b3_meter_fd3_R_F_E_curv,diag_wu_b3_meter_fd3_R_F_E_hi,diag_wu_b3_meter_fd3_R_F_E_lo,diag_wu_b3_meter_fd3_R_F_E_nonlin,diag_wu_b3_meter_fd3_R_F_W_base,diag_wu_b3_meter_fd3_R_F_W_cliffup,diag_wu_b3_meter_fd3_R_F_W_curv,diag_wu_b3_meter_fd3_R_F_W_hi,diag_wu_b3_meter_fd3_R_F_W_lo,diag_wu_b3_meter_fd3_R_F_W_nonlin,diag_wu_b3_meter_price_R_D_E,diag_wu_b3_meter_price_R_D_W,diag_wu_b3_meter_price_R_F_E,diag_wu_b3_meter_price_R_F_W,diag_wu_b3_meter_price_enabled,diag_wu_b3_meter_price_ref_R_D_E,diag_wu_b3_meter_price_ref_R_D_W,diag_wu_b3_meter_price_ref_R_F_E,diag_wu_b3_meter_price_ref_R_F_W,diag_wu_b3_release_ratio_FW_E,diag_wu_b3_release_ratio_FW_W,diag_wu_b3_release_refresh,diag_wu_b3_vsl_price_FW_E__seg0,diag_wu_b3_vsl_price_FW_E__seg1,diag_wu_b3_vsl_price_FW_E__seg2,diag_wu_b3_vsl_price_FW_E__seg3,diag_wu_b3_vsl_price_FW_E__seg4,diag_wu_b3_vsl_price_FW_E__seg5,diag_wu_b3_vsl_price_FW_E__seg6,diag_wu_b3_vsl_price_FW_E__seg7,diag_wu_b3_vsl_price_FW_W__seg0,diag_wu_b3_vsl_price_FW_W__seg1,diag_wu_b3_vsl_price_FW_W__seg2,diag_wu_b3_vsl_price_FW_W__seg3,diag_wu_b3_vsl_price_FW_W__seg4,diag_wu_b3_vsl_price_FW_W__seg5,diag_wu_b3_vsl_price_FW_W__seg6,diag_wu_b3_vsl_price_FW_W__seg7,diag_wu_b3_vsl_price_enabled,diag_wu_b3_vsl_price_ref_FW_E__seg0,diag_wu_b3_vsl_price_ref_FW_E__seg1,diag_wu_b3_vsl_price_ref_FW_E__seg2,diag_wu_b3_vsl_price_ref_FW_E__seg3,diag_wu_b3_vsl_price_ref_FW_E__seg4,diag_wu_b3_vsl_price_ref_FW_E__seg5,diag_wu_b3_vsl_price_ref_FW_E__seg6,diag_wu_b3_vsl_price_ref_FW_E__seg7,diag_wu_b3_vsl_price_ref_FW_W__seg0,diag_wu_b3_vsl_price_ref_FW_W__seg1,diag_wu_b3_vsl_price_ref_FW_W__seg2,diag_wu_b3_vsl_price_ref_FW_W__seg3,diag_wu_b3_vsl_price_ref_FW_W__seg4,diag_wu_b3_vsl_price_ref_FW_W__seg5,diag_wu_b3_vsl_price_ref_FW_W__seg6,diag_wu_b3_vsl_price_ref_FW_W__seg7,diag_wu_b3cert_R_D_E,diag_wu_b3cert_R_D_W,diag_wu_b3cert_R_F_E,diag_wu_b3cert_R_F_W,diag_wu_b4_barrier_enabled,diag_wu_faithful_follower_active,diag_wu_faithful_lambda_P,diag_wu_faithful_lambda_next,diag_wu_faithful_local_evals,diag_wu_faithful_np_bias_ratio,diag_wu_faithful_np_cand_lambda,diag_wu_faithful_np_cand_lambda_applied,diag_wu_faithful_np_feasible_max,diag_wu_faithful_np_feasible_max_veh,diag_wu_faithful_np_feasible_min,diag_wu_faithful_np_feasible_min_veh,diag_wu_faithful_np_original_target,diag_wu_faithful_np_original_target_veh,diag_wu_faithful_np_pd_iters,diag_wu_faithful_np_pd_residual,diag_wu_faithful_np_predictor_current_interval,diag_wu_faithful_np_predictor_legacy,diag_wu_faithful_np_predictor_mode_code,diag_wu_faithful_np_predictor_phase_substep,diag_wu_faithful_np_predictor_storage_aware,diag_wu_faithful_np_projected_target,diag_wu_faithful_np_projected_target_veh,diag_wu_faithful_np_projection_residual,diag_wu_faithful_np_realized_sum_nin_veh,diag_wu_faithful_np_sum_nin,diag_wu_faithful_np_target,diag_wu_faithful_np_target_error,diag_wu_faithful_offset_evals,diag_wu_faithful_offset_ttt_off,diag_wu_faithful_offset_ttt_on,diag_wu_faithful_offsets_off_zero,diag_wu_faithful_offsets_searched_off_zero,diag_wu_faithful_solve_time_sec,diag_wu_faithful_sum_nin,diag_wu_price_rollout_count,diag_wu_seg13_active,diag_wu_seg13_budget_FW_E,diag_wu_seg13_budget_FW_W,diag_wu_seg13_evals_FW_E,diag_wu_seg13_evals_FW_W,diag_wu_seg13_floor_alpha_FW_E,diag_wu_seg13_floor_alpha_FW_W,diag_wu_seg13_floor_cong_FW_E,diag_wu_seg13_floor_cong_FW_W,diag_wu_seg13_postsplit_FW_E,diag_wu_seg13_postsplit_FW_W,diag_wu_seg13_presplit_FW_E,diag_wu_seg13_presplit_FW_W,diag_wu_seg13_traj_used_FW_E,diag_wu_seg13_traj_used_FW_W,green_A_p1,green_A_p2,green_B_p1,green_B_p2,green_C_p1,green_C_p2,green_D_p1,green_D_p2,green_F_p1,green_F_p2,offset_A,offset_B,offset_C,offset_D,offset_F,ramp_metering_R_D_E,ramp_metering_R_D_W,ramp_metering_R_F_E,ramp_metering_R_F_W,step,time_sec,vsl_FW_E,vsl_FW_E_seg0,vsl_FW_E_seg1,vsl_FW_E_seg2,vsl_FW_E_seg3,vsl_FW_E_seg4,vsl_FW_E_seg5,vsl_FW_E_seg6,vsl_FW_E_seg7,vsl_FW_W,vsl_FW_W_seg0,vsl_FW_W_seg1,vsl_FW_W_seg2,vsl_FW_W_seg3,vsl_FW_W_seg4,vsl_FW_W_seg5,vsl_FW_W_seg6,vsl_FW_W_seg7
0.0,0.0,0.0,0.0,0.0,0.0,0.0,0.0,0.0,0.0,0.0,0.0,0.0,0.0,0.0,0.0,0.0,0.0,0.0,0.0,0.0,0.0,0.0,0.0,0.0,0.0,0.0,0.0,0.0,0.0,0.0,0.0,0.0,0.0,0.0,0.0,0.0,0.0,0.0,0.0,0.0,0.0,0.0,0.0,0.0,0.0,0.0,0.0,0.0,0.0,0.0,0.0,0.0,0.0,0.0,0.0,0.0,0.0,0.0,0.0,0.0,0.0,0.0,0.0,0.0,0.0,0.0,0.0,0.0,0.0,0.0,0.0,0.0,0.0,0.0,0.0,0.0,0.0,0.0,0.0,0.0,0.0,0.0,0.0,0.0,0.0,0.0,0.0,0.0,0.0,0.0,0.0,0.0,0.0,,,,,,,,,,,,,,,,,,,,,,,,,,,,,,,,,,,,,,,,,,,,,,,,,,,,,,,,,,,,,,,,,,,,,,,,,,,,,,,,,,,,,,,,,,,,,,,,,,,,,,,,,,,,,,,,,,,,,,,,,,,,,,,,,,,,,,,,,,,,,,,,,,,,,,,,,,,,,,,,,,,,,,,,,,,,,,,,,,,,,,,,,,,,,,,,,,,,,,,,,,,,,,,,,,,,,,,,,,,,,,,,,,,,,,,,,,,,,,,,,,,,,,,,,,,,,,,,,,,,,,,,,,,,,,,,,,,,,,,,,,,,,,,,,,,,,,,,,,,,,,,,,,,,,,,,,,,,,,,,,,,,,,,,,,,,,,,,,,,,,,,,,,,,,,,,,,,,,,,,,,,,,,,,,,,,,,,,,,,,,,,,,,,,,,,,,,,,,,,,,,,,,,,,,,,,,,,,,,,,,56.0,56.0,56.0,56.0,56.0,56.0,56.0,56.0,56.0,56.0,0.0,0.0,0.0,0.0,0.0,1500.0,1500.0,1500.0,1500.0,0,180.0,100.0,100.0,100.0,100.0,100.0,100.0,100.0,100.0,100.0,100.0,100.0,100.0,100.0,100.0,100.0,100.0,100.0,100.0
0.0,0.0,0.0,0.0,0.0,0.0,0.0,0.0,0.0,0.0,0.0,0.0,0.0,0.0,0.0,0.0,0.0,0.0,0.0,0.0,0.0,0.0,0.0,0.0,0.0,0.0,0.0,0.0,0.0,0.0,0.0,0.0,0.0,0.0,0.0,0.0,0.0,0.0,0.0,0.0,0.0,0.0,0.0,0.0,0.0,0.0,0.0,0.0,0.0,0.0,0.0,0.0,0.0,0.0,0.0,0.0,0.0,0.0,0.0,0.0,0.0,0.0,0.0,0.0,0.0,0.0,0.0,0.0,0.0,0.0,0.0,0.0,0.0,0.0,0.0,0.0,0.0,0.0,0.0,0.0,0.0,0.0,0.0,0.0,0.0,0.0,0.0,0.0,0.0,0.0,0.0,0.0,0.0,0.0,,,,,,,,,,,,,,,,,,,,,,,,,,,,,,,,,,,,,,,,,,,,,,,,,,,,,,,,,,,,,,,,,,,,,,,,,,,,,,,,,,,,,,,,,,,,,,,,,,,,,,,,,,,,,,,,,,,,,,,,,,,,,,,,,,,,,,,,,,,,,,,,,,,,,,,,,,,,,,,,,,,,,,,,,,,,,,,,,,,,,,,,,,,,,,,,,,,,,,,,,,,,,,,,,,,,,,,,,,,,,,,,,,,,,,,,,,,,,,,,,,,,,,,,,,,,,,,,,,,,,,,,,,,,,,,,,,,,,,,,,,,,,,,,,,,,,,,,,,,,,,,,,,,,,,,,,,,,,,,,,,,,,,,,,,,,,,,,,,,,,,,,,,,,,,,,,,,,,,,,,,,,,,,,,,,,,,,,,,,,,,,,,,,,,,,,,,,,,,,,,,,,,,,,,,,,,,,,,,,,,56.0,56.0,56.0,56.0,56.0,56.0,56.0,56.0,56.0,56.0,0.0,0.0,0.0,0.0,0.0,1500.0,1500.0,1500.0,1500.0,1,360.0,100.0,100.0,100.0,100.0,100.0,100.0,100.0,100.0,100.0,100.0,100.0,100.0,100.0,100.0,100.0,100.0,100.0,100.0
0.0,0.0,0.0,0.0,0.0,0.0,0.0,0.0,0.0,0.0,0.0,0.0,0.0,0.0,0.0,0.0,0.0,0.0,0.0,0.0,0.0,0.0,0.0,0.0,0.0,0.0,0.0,0.0,0.0,0.0,0.0,0.0,0.0,0.0,0.0,0.0,0.0,0.0,0.0,0.0,0.0,0.0,0.0,0.0,0.0,0.0,0.0,0.0,0.0,0.0,0.0,0.0,0.0,0.0,0.0,0.0,0.0,0.0,0.0,0.0,0.0,0.0,0.0,0.0,0.0,0.0,0.0,0.0,0.0,0.0,0.0,0.0,0.0,0.0,0.0,0.0,0.0,0.0,0.0,0.0,0.0,0.0,0.0,0.0,0.0,0.0,0.0,0.0,0.0,0.0,0.0,0.0,0.0,0.0,,,,,,,,,,,,,,,,,,,,,,,,,,,,,,,,,,,,,,,,,,,,,,,,,,,,,,,,,,,,,,,,,,,,,,,,,,,,,,,,,,,,,,,,,,,,,,,,,,,,,,,,,,,,,,,,,,,,,,,,,,,,,,,,,,,,,,,,,,,,,,,,,,,,,,,,,,,,,,,,,,,,,,,,,,,,,,,,,,,,,,,,,,,,,,,,,,,,,,,,,,,,,,,,,,,,,,,,,,,,,,,,,,,,,,,,,,,,,,,,,,,,,,,,,,,,,,,,,,,,,,,,,,,,,,,,,,,,,,,,,,,,,,,,,,,,,,,,,,,,,,,,,,,,,,,,,,,,,,,,,,,,,,,,,,,,,,,,,,,,,,,,,,,,,,,,,,,,,,,,,,,,,,,,,,,,,,,,,,,,,,,,,,,,,,,,,,,,,,,,,,,,,,,,,,,,,,,,,,,,,56.0,56.0,56.0,56.0,56.0,56.0,56.0,56.0,56.0,56.0,0.0,0.0,0.0,0.0,0.0,1500.0,1500.0,1500.0,1500.0,2,540.0,100.0,100.0,100.0,100.0,100.0,100.0,100.0,100.0,100.0,100.0,100.0,100.0,100.0,100.0,100.0,100.0,100.0,100.0
0.0,0.0,0.0,0.0,0.0,0.0,0.0,0.0,0.0,0.0,0.0,0.0,0.0,0.0,0.0,0.0,0.0,0.0,0.0,0.0,0.0,0.0,0.0,0.0,0.0,0.0,0.0,0.0,0.0,0.0,0.0,0.0,0.0,0.0,0.0,0.0,0.0,0.0,0.0,0.0,0.0,0.0,0.0,0.0,0.0,0.0,0.0,0.0,0.0,0.0,0.0,0.0,0.0,0.0,0.0,0.0,0.0,0.0,0.0,0.0,0.0,0.0,0.0,0.0,0.0,0.0,0.0,0.0,0.0,0.0,0.0,0.0,0.0,0.0,0.0,0.0,0.0,0.0,0.0,0.0,0.0,0.0,0.0,0.0,0.0,0.0,0.0,0.0,0.0,0.0,0.0,0.0,0.0,0.0,,,,,,,,,,,,,,,,,,,,,,,,,,,,,,,,,,,,,,,,,,,,,,,,,,,,,,,,,,,,,,,,,,,,,,,,,,,,,,,,,,,,,,,,,,,,,,,,,,,,,,,,,,,,,,,,,,,,,,,,,,,,,,,,,,,,,,,,,,,,,,,,,,,,,,,,,,,,,,,,,,,,,,,,,,,,,,,,,,,,,,,,,,,,,,,,,,,,,,,,,,,,,,,,,,,,,,,,,,,,,,,,,,,,,,,,,,,,,,,,,,,,,,,,,,,,,,,,,,,,,,,,,,,,,,,,,,,,,,,,,,,,,,,,,,,,,,,,,,,,,,,,,,,,,,,,,,,,,,,,,,,,,,,,,,,,,,,,,,,,,,,,,,,,,,,,,,,,,,,,,,,,,,,,,,,,,,,,,,,,,,,,,,,,,,,,,,,,,,,,,,,,,,,,,,,,,,,,,,,,,56.0,56.0,56.0,56.0,56.0,56.0,56.0,56.0,56.0,56.0,0.0,0.0,0.0,0.0,0.0,1500.0,1500.0,1500.0,1500.0,3,720.0,100.0,100.0,100.0,100.0,100.0,100.0,100.0,100.0,100.0,100.0,100.0,100.0,100.0,100.0,100.0,100.0,100.0,100.0
0.0,0.0,0.0,0.0,0.0,0.0,0.0,0.0,0.0,0.0,0.0,0.0,0.0,0.0,0.0,0.0,0.0,0.0,0.0,0.0,0.0,0.0,0.0,0.0,0.0,0.0,0.0,0.0,0.0,0.0,0.0,0.0,0.0,0.0,0.0,0.0,0.0,0.0,0.0,0.0,0.0,0.0,0.0,0.0,0.0,0.0,0.0,0.0,0.0,0.0,0.0,0.0,0.0,0.0,0.0,0.0,0.0,0.0,0.0,0.0,0.0,0.0,0.0,0.0,0.0,0.0,0.0,0.0,0.0,0.0,0.0,0.0,0.0,0.0,0.0,0.0,0.0,0.0,0.0,0.0,0.0,0.0,0.0,0.0,0.0,0.0,0.0,0.0,0.0,0.0,0.0,0.0,0.0,0.0,,,,,,,,,,,,,,,,,,,,,,,,,,,,,,,,,,,,,,,,,,,,,,,,,,,,,,,,,,,,,,,,,,,,,,,,,,,,,,,,,,,,,,,,,,,,,,,,,,,,,,,,,,,,,,,,,,,,,,,,,,,,,,,,,,,,,,,,,,,,,,,,,,,,,,,,,,,,,,,,,,,,,,,,,,,,,,,,,,,,,,,,,,,,,,,,,,,,,,,,,,,,,,,,,,,,,,,,,,,,,,,,,,,,,,,,,,,,,,,,,,,,,,,,,,,,,,,,,,,,,,,,,,,,,,,,,,,,,,,,,,,,,,,,,,,,,,,,,,,,,,,,,,,,,,,,,,,,,,,,,,,,,,,,,,,,,,,,,,,,,,,,,,,,,,,,,,,,,,,,,,,,,,,,,,,,,,,,,,,,,,,,,,,,,,,,,,,,,,,,,,,,,,,,,,,,,,,,,,,,,56.0,56.0,56.0,56.0,56.0,56.0,56.0,56.0,56.0,56.0,0.0,0.0,0.0,0.0,0.0,1500.0,1500.0,1500.0,1500.0,4,900.0,100.0,100.0,100.0,100.0,100.0,100.0,100.0,100.0,100.0,100.0,100.0,100.0,100.0,100.0,100.0,100.0,100.0,100.0
0.0,0.0,0.0,0.0,0.0,0.0,0.0,0.0,0.0,0.0,0.0,0.0,0.0,0.0,0.0,0.0,0.0,0.0,0.0,0.0,0.0,0.0,0.0,0.0,0.0,0.0,0.0,0.0,0.0,0.0,0.0,0.0,0.0,0.0,0.0,0.0,0.0,0.0,0.0,0.0,0.0,0.0,0.0,0.0,0.0,0.0,0.0,0.0,0.0,0.0,0.0,0.0,0.0,0.0,0.0,0.0,0.0,0.0,0.0,0.0,0.0,0.0,0.0,0.0,0.0,0.0,0.0,0.0,0.0,0.0,0.0,0.0,0.0,0.0,0.0,0.0,0.0,0.0,0.0,0.0,0.0,0.0,0.0,0.0,0.0,0.0,0.0,0.0,0.0,0.0,0.0,0.0,0.0,0.0,,,,,,,,,,,,,,,,,,,,,,,,,,,,,,,,,,,,,,,,,,,,,,,,,,,,,,,,,,,,,,,,,,,,,,,,,,,,,,,,,,,,,,,,,,,,,,,,,,,,,,,,,,,,,,,,,,,,,,,,,,,,,,,,,,,,,,,,,,,,,,,,,,,,,,,,,,,,,,,,,,,,,,,,,,,,,,,,,,,,,,,,,,,,,,,,,,,,,,,,,,,,,,,,,,,,,,,,,,,,,,,,,,,,,,,,,,,,,,,,,,,,,,,,,,,,,,,,,,,,,,,,,,,,,,,,,,,,,,,,,,,,,,,,,,,,,,,,,,,,,,,,,,,,,,,,,,,,,,,,,,,,,,,,,,,,,,,,,,,,,,,,,,,,,,,,,,,,,,,,,,,,,,,,,,,,,,,,,,,,,,,,,,,,,,,,,,,,,,,,,,,,,,,,,,,,,,,,,,,,,56.0,56.0,56.0,56.0,56.0,56.0,56.0,56.0,56.0,56.0,0.0,0.0,0.0,0.0,0.0,1500.0,1500.0,1500.0,1500.0,5,1080.0,100.0,100.0,100.0,100.0,100.0,100.0,100.0,100.0,100.0,100.0,100.0,100.0,100.0,100.0,100.0,100.0,100.0,100.0
0.0,0.0,0.0,0.0,0.0,0.0,0.0,0.0,0.0,0.0,0.0,0.0,0.0,0.0,0.0,0.0,0.0,0.0,0.0,0.0,0.0,0.0,0.0,0.0,0.0,0.0,0.0,0.0,0.0,0.0,0.0,0.0,0.0,0.0,0.0,0.0,0.0,0.0,0.0,0.0,0.0,0.0,0.0,0.0,0.0,0.0,0.0,0.0,0.0,0.0,0.0,0.0,0.0,0.0,0.0,0.0,0.0,0.0,0.0,0.0,0.0,0.0,0.0,0.0,0.0,0.0,0.0,0.0,0.0,0.0,0.0,0.0,0.0,0.0,0.0,0.0,0.0,0.0,0.0,0.0,0.0,0.0,0.0,0.0,0.0,0.0,0.0,0.0,0.0,0.0,0.0,0.0,0.0,0.0,,,,,,,,,,,,,,,,,,,,,,,,,,,,,,,,,,,,,,,,,,,,,,,,,,,,,,,,,,,,,,,,,,,,,,,,,,,,,,,,,,,,,,,,,,,,,,,,,,,,,,,,,,,,,,,,,,,,,,,,,,,,,,,,,,,,,,,,,,,,,,,,,,,,,,,,,,,,,,,,,,,,,,,,,,,,,,,,,,,,,,,,,,,,,,,,,,,,,,,,,,,,,,,,,,,,,,,,,,,,,,,,,,,,,,,,,,,,,,,,,,,,,,,,,,,,,,,,,,,,,,,,,,,,,,,,,,,,,,,,,,,,,,,,,,,,,,,,,,,,,,,,,,,,,,,,,,,,,,,,,,,,,,,,,,,,,,,,,,,,,,,,,,,,,,,,,,,,,,,,,,,,,,,,,,,,,,,,,,,,,,,,,,,,,,,,,,,,,,,,,,,,,,,,,,,,,,,,,,,,,56.0,56.0,56.0,56.0,56.0,56.0,56.0,56.0,56.0,56.0,0.0,0.0,0.0,0.0,0.0,1500.0,1500.0,1500.0,1500.0,6,1260.0,100.0,100.0,100.0,100.0,100.0,100.0,100.0,100.0,100.0,100.0,100.0,100.0,100.0,100.0,100.0,100.0,100.0,100.0
0.0,0.0,0.0,0.0,0.0,0.0,0.0,0.0,0.0,0.0,0.0,0.0,0.0,0.0,0.0,0.0,0.0,0.0,0.0,0.0,0.0,0.0,0.0,0.0,0.0,0.0,0.0,0.0,0.0,0.0,0.0,0.0,0.0,0.0,0.0,0.0,0.0,0.0,0.0,0.0,0.0,0.0,0.0,0.0,0.0,0.0,0.0,0.0,0.0,0.0,0.0,0.0,0.0,0.0,0.0,0.0,0.0,0.0,0.0,0.0,0.0,0.0,0.0,0.0,0.0,0.0,0.0,0.0,0.0,0.0,0.0,0.0,0.0,0.0,0.0,0.0,0.0,0.0,0.0,0.0,0.0,0.0,0.0,0.0,0.0,0.0,0.0,0.0,0.0,0.0,0.0,0.0,0.0,0.0,,,,,,,,,,,,,,,,,,,,,,,,,,,,,,,,,,,,,,,,,,,,,,,,,,,,,,,,,,,,,,,,,,,,,,,,,,,,,,,,,,,,,,,,,,,,,,,,,,,,,,,,,,,,,,,,,,,,,,,,,,,,,,,,,,,,,,,,,,,,,,,,,,,,,,,,,,,,,,,,,,,,,,,,,,,,,,,,,,,,,,,,,,,,,,,,,,,,,,,,,,,,,,,,,,,,,,,,,,,,,,,,,,,,,,,,,,,,,,,,,,,,,,,,,,,,,,,,,,,,,,,,,,,,,,,,,,,,,,,,,,,,,,,,,,,,,,,,,,,,,,,,,,,,,,,,,,,,,,,,,,,,,,,,,,,,,,,,,,,,,,,,,,,,,,,,,,,,,,,,,,,,,,,,,,,,,,,,,,,,,,,,,,,,,,,,,,,,,,,,,,,,,,,,,,,,,,,,,,,,,56.0,56.0,56.0,56.0,56.0,56.0,56.0,56.0,56.0,56.0,0.0,0.0,0.0,0.0,0.0,1500.0,1500.0,1500.0,1500.0,7,1440.0,100.0,100.0,100.0,100.0,100.0,100.0,100.0,100.0,100.0,100.0,100.0,100.0,100.0,100.0,100.0,100.0,100.0,100.0
0.0,0.0,0.0,0.0,0.0,0.0,0.0,0.0,0.0,0.0,0.0,0.0,0.0,0.0,0.0,0.0,0.0,0.0,0.0,0.0,0.0,0.0,0.0,0.0,0.0,0.0,0.0,0.0,0.0,0.0,0.0,0.0,0.0,0.0,0.0,0.0,0.0,0.0,0.0,0.0,0.0,0.0,0.0,0.0,0.0,0.0,0.0,0.0,0.0,0.0,0.0,0.0,0.0,0.0,0.0,0.0,0.0,0.0,0.0,0.0,0.0,0.0,0.0,0.0,0.0,0.0,0.0,0.0,0.0,0.0,0.0,0.0,0.0,0.0,0.0,0.0,0.0,0.0,0.0,0.0,0.0,0.0,0.0,0.0,0.0,0.0,0.0,0.0,0.0,0.0,0.0,0.0,0.0,0.0,,,,,,,,,,,,,,,,,,,,,,,,,,,,,,,,,,,,,,,,,,,,,,,,,,,,,,,,,,,,,,,,,,,,,,,,,,,,,,,,,,,,,,,,,,,,,,,,,,,,,,,,,,,,,,,,,,,,,,,,,,,,,,,,,,,,,,,,,,,,,,,,,,,,,,,,,,,,,,,,,,,,,,,,,,,,,,,,,,,,,,,,,,,,,,,,,,,,,,,,,,,,,,,,,,,,,,,,,,,,,,,,,,,,,,,,,,,,,,,,,,,,,,,,,,,,,,,,,,,,,,,,,,,,,,,,,,,,,,,,,,,,,,,,,,,,,,,,,,,,,,,,,,,,,,,,,,,,,,,,,,,,,,,,,,,,,,,,,,,,,,,,,,,,,,,,,,,,,,,,,,,,,,,,,,,,,,,,,,,,,,,,,,,,,,,,,,,,,,,,,,,,,,,,,,,,,,,,,,,,,56.0,56.0,56.0,56.0,56.0,56.0,56.0,56.0,56.0,56.0,0.0,0.0,0.0,0.0,0.0,1500.0,1500.0,1500.0,1500.0,8,1620.0,100.0,100.0,100.0,100.0,100.0,100.0,100.0,100.0,100.0,100.0,100.0,100.0,100.0,100.0,100.0,100.0,100.0,100.0
0.0,0.0,0.0,0.0,0.0,0.0,0.0,0.0,0.0,0.0,0.0,0.0,0.0,0.0,0.0,0.0,0.0,0.0,0.0,0.0,0.0,0.0,0.0,0.0,0.0,0.0,0.0,0.0,0.0,0.0,0.0,0.0,0.0,0.0,0.0,0.0,0.0,0.0,0.0,0.0,0.0,0.0,0.0,0.0,0.0,0.0,0.0,0.0,0.0,0.0,0.0,0.0,0.0,0.0,0.0,0.0,0.0,0.0,0.0,0.0,0.0,0.0,0.0,0.0,0.0,0.0,0.0,0.0,0.0,0.0,0.0,0.0,0.0,0.0,0.0,0.0,0.0,0.0,0.0,0.0,0.0,0.0,0.0,0.0,0.0,0.0,0.0,0.0,0.0,0.0,0.0,0.0,0.0,0.0,,,,,,,,,,,,,,,,,,,,,,,,,,,,,,,,,,,,,,,,,,,,,,,,,,,,,,,,,,,,,,,,,,,,,,,,,,,,,,,,,,,,,,,,,,,,,,,,,,,,,,,,,,,,,,,,,,,,,,,,,,,,,,,,,,,,,,,,,,,,,,,,,,,,,,,,,,,,,,,,,,,,,,,,,,,,,,,,,,,,,,,,,,,,,,,,,,,,,,,,,,,,,,,,,,,,,,,,,,,,,,,,,,,,,,,,,,,,,,,,,,,,,,,,,,,,,,,,,,,,,,,,,,,,,,,,,,,,,,,,,,,,,,,,,,,,,,,,,,,,,,,,,,,,,,,,,,,,,,,,,,,,,,,,,,,,,,,,,,,,,,,,,,,,,,,,,,,,,,,,,,,,,,,,,,,,,,,,,,,,,,,,,,,,,,,,,,,,,,,,,,,,,,,,,,,,,,,,,,,,,56.0,56.0,56.0,56.0,56.0,56.0,56.0,56.0,56.0,56.0,0.0,0.0,0.0,0.0,0.0,1500.0,1500.0,1500.0,1500.0,9,1800.0,100.0,100.0,100.0,100.0,100.0,100.0,100.0,100.0,100.0,100.0,100.0,100.0,100.0,100.0,100.0,100.0,100.0,100.0
0.0,0.0,0.0,0.0,0.0,0.0,0.0,0.0,0.0,0.0,0.0,0.0,0.0,0.0,0.0,0.0,0.0,0.0,0.0,0.0,0.0,0.0,0.0,0.0,0.0,0.0,0.0,0.0,0.0,0.0,0.0,0.0,0.0,0.0,0.0,0.0,0.0,0.0,0.0,0.0,0.0,0.0,0.0,0.0,0.0,0.0,0.0,0.0,0.0,0.0,0.0,0.0,0.0,0.0,0.0,0.0,0.0,0.0,0.0,0.0,0.0,0.0,0.0,0.0,0.0,0.0,0.0,0.0,0.0,0.0,0.0,0.0,0.0,0.0,0.0,0.0,0.0,0.0,0.0,0.0,0.0,0.0,0.0,0.0,0.0,0.0,0.0,0.0,0.0,0.0,0.0,0.0,0.0,0.0,,,,,,,,,,,,,,,,,,,,,,,,,,,,,,,,,,,,,,,,,,,,,,,,,,,,,,,,,,,,,,,,,,,,,,,,,,,,,,,,,,,,,,,,,,,,,,,,,,,,,,,,,,,,,,,,,,,,,,,,,,,,,,,,,,,,,,,,,,,,,,,,,,,,,,,,,,,,,,,,,,,,,,,,,,,,,,,,,,,,,,,,,,,,,,,,,,,,,,,,,,,,,,,,,,,,,,,,,,,,,,,,,,,,,,,,,,,,,,,,,,,,,,,,,,,,,,,,,,,,,,,,,,,,,,,,,,,,,,,,,,,,,,,,,,,,,,,,,,,,,,,,,,,,,,,,,,,,,,,,,,,,,,,,,,,,,,,,,,,,,,,,,,,,,,,,,,,,,,,,,,,,,,,,,,,,,,,,,,,,,,,,,,,,,,,,,,,,,,,,,,,,,,,,,,,,,,,,,,,,,56.0,56.0,56.0,56.0,56.0,56.0,56.0,56.0,56.0,56.0,0.0,0.0,0.0,0.0,0.0,1500.0,1500.0,1500.0,1500.0,10,1980.0,100.0,100.0,100.0,100.0,100.0,100.0,100.0,100.0,100.0,100.0,100.0,100.0,100.0,100.0,100.0,100.0,100.0,100.0
0.0,0.0,0.0,0.0,0.0,0.0,0.0,0.0,0.0,0.0,0.0,0.0,0.0,0.0,0.0,0.0,0.0,0.0,0.0,0.0,0.0,0.0,0.0,0.0,0.0,0.0,0.0,0.0,0.0,0.0,0.0,0.0,0.0,0.0,0.0,0.0,0.0,0.0,0.0,0.0,0.0,0.0,0.0,0.0,0.0,0.0,0.0,0.0,0.0,0.0,0.0,0.0,0.0,0.0,0.0,0.0,0.0,0.0,0.0,0.0,0.0,0.0,0.0,0.0,0.0,0.0,0.0,0.0,0.0,0.0,0.0,0.0,0.0,0.0,0.0,0.0,0.0,0.0,0.0,0.0,0.0,0.0,0.0,0.0,0.0,0.0,0.0,0.0,0.0,0.0,0.0,0.0,0.0,0.0,,,,,,,,,,,,,,,,,,,,,,,,,,,,,,,,,,,,,,,,,,,,,,,,,,,,,,,,,,,,,,,,,,,,,,,,,,,,,,,,,,,,,,,,,,,,,,,,,,,,,,,,,,,,,,,,,,,,,,,,,,,,,,,,,,,,,,,,,,,,,,,,,,,,,,,,,,,,,,,,,,,,,,,,,,,,,,,,,,,,,,,,,,,,,,,,,,,,,,,,,,,,,,,,,,,,,,,,,,,,,,,,,,,,,,,,,,,,,,,,,,,,,,,,,,,,,,,,,,,,,,,,,,,,,,,,,,,,,,,,,,,,,,,,,,,,,,,,,,,,,,,,,,,,,,,,,,,,,,,,,,,,,,,,,,,,,,,,,,,,,,,,,,,,,,,,,,,,,,,,,,,,,,,,,,,,,,,,,,,,,,,,,,,,,,,,,,,,,,,,,,,,,,,,,,,,,,,,,,,,,56.0,56.0,56.0,56.0,56.0,56.0,56.0,56.0,56.0,56.0,0.0,0.0,0.0,0.0,0.0,1500.0,1500.0,1500.0,1500.0,11,2160.0,100.0,100.0,100.0,100.0,100.0,100.0,100.0,100.0,100.0,100.0,100.0,100.0,100.0,100.0,100.0,100.0,100.0,100.0
0.0,0.0,0.0,0.0,0.0,0.0,0.0,0.0,0.0,0.0,0.0,0.0,0.0,0.0,0.0,0.0,0.0,0.0,0.0,0.0,0.0,0.0,0.0,0.0,0.0,0.0,0.0,0.0,0.0,0.0,0.0,0.0,0.0,0.0,0.0,0.0,0.0,0.0,0.0,0.0,0.0,0.0,0.0,0.0,0.0,0.0,0.0,0.0,0.0,0.0,0.0,0.0,0.0,0.0,0.0,0.0,0.0,0.0,0.0,0.0,0.0,0.0,0.0,0.0,0.0,0.0,0.0,0.0,0.0,0.0,0.0,0.0,0.0,0.0,0.0,0.0,0.0,0.0,0.0,0.0,0.0,0.0,0.0,0.0,0.0,0.0,0.0,0.0,0.0,0.0,0.0,0.0,0.0,0.0,,,,,,,,,,,,,,,,,,,,,,,,,,,,,,,,,,,,,,,,,,,,,,,,,,,,,,,,,,,,,,,,,,,,,,,,,,,,,,,,,,,,,,,,,,,,,,,,,,,,,,,,,,,,,,,,,,,,,,,,,,,,,,,,,,,,,,,,,,,,,,,,,,,,,,,,,,,,,,,,,,,,,,,,,,,,,,,,,,,,,,,,,,,,,,,,,,,,,,,,,,,,,,,,,,,,,,,,,,,,,,,,,,,,,,,,,,,,,,,,,,,,,,,,,,,,,,,,,,,,,,,,,,,,,,,,,,,,,,,,,,,,,,,,,,,,,,,,,,,,,,,,,,,,,,,,,,,,,,,,,,,,,,,,,,,,,,,,,,,,,,,,,,,,,,,,,,,,,,,,,,,,,,,,,,,,,,,,,,,,,,,,,,,,,,,,,,,,,,,,,,,,,,,,,,,,,,,,,,,,,56.0,56.0,56.0,56.0,56.0,56.0,56.0,56.0,56.0,56.0,0.0,0.0,0.0,0.0,0.0,1500.0,1500.0,1500.0,1500.0,12,2340.0,100.0,100.0,100.0,100.0,100.0,100.0,100.0,100.0,100.0,100.0,100.0,100.0,100.0,100.0,100.0,100.0,100.0,100.0
0.0,0.0,0.0,0.0,0.0,0.0,0.0,0.0,0.0,0.0,0.0,0.0,0.0,0.0,0.0,0.0,0.0,0.0,0.0,0.0,0.0,0.0,0.0,0.0,0.0,0.0,0.0,0.0,0.0,0.0,0.0,0.0,0.0,0.0,0.0,0.0,0.0,0.0,0.0,0.0,0.0,0.0,0.0,0.0,0.0,0.0,0.0,0.0,0.0,0.0,0.0,0.0,0.0,0.0,0.0,0.0,0.0,0.0,0.0,0.0,0.0,0.0,0.0,0.0,0.0,0.0,0.0,0.0,0.0,0.0,0.0,0.0,0.0,0.0,0.0,0.0,0.0,0.0,0.0,0.0,0.0,0.0,0.0,0.0,0.0,0.0,0.0,0.0,0.0,0.0,0.0,0.0,0.0,0.0,,,,,,,,,,,,,,,,,,,,,,,,,,,,,,,,,,,,,,,,,,,,,,,,,,,,,,,,,,,,,,,,,,,,,,,,,,,,,,,,,,,,,,,,,,,,,,,,,,,,,,,,,,,,,,,,,,,,,,,,,,,,,,,,,,,,,,,,,,,,,,,,,,,,,,,,,,,,,,,,,,,,,,,,,,,,,,,,,,,,,,,,,,,,,,,,,,,,,,,,,,,,,,,,,,,,,,,,,,,,,,,,,,,,,,,,,,,,,,,,,,,,,,,,,,,,,,,,,,,,,,,,,,,,,,,,,,,,,,,,,,,,,,,,,,,,,,,,,,,,,,,,,,,,,,,,,,,,,,,,,,,,,,,,,,,,,,,,,,,,,,,,,,,,,,,,,,,,,,,,,,,,,,,,,,,,,,,,,,,,,,,,,,,,,,,,,,,,,,,,,,,,,,,,,,,,,,,,,,,,,56.0,56.0,56.0,56.0,56.0,56.0,56.0,56.0,56.0,56.0,0.0,0.0,0.0,0.0,0.0,1500.0,1500.0,1500.0,1500.0,13,2520.0,100.0,100.0,100.0,100.0,100.0,100.0,100.0,100.0,100.0,100.0,100.0,100.0,100.0,100.0,100.0,100.0,100.0,100.0
0.0,0.0,0.0,0.0,0.0,0.0,0.0,0.0,0.0,0.0,0.0,0.0,0.0,0.0,0.0,0.0,0.0,0.0,0.0,0.0,0.0,0.0,0.0,0.0,0.0,0.0,0.0,0.0,0.0,0.0,0.0,0.0,0.0,0.0,0.0,0.0,0.0,0.0,0.0,0.0,0.0,0.0,0.0,0.0,0.0,0.0,0.0,0.0,0.0,0.0,0.0,0.0,0.0,0.0,0.0,0.0,0.0,0.0,0.0,0.0,0.0,0.0,0.0,0.0,0.0,0.0,0.0,0.0,0.0,0.0,0.0,0.0,0.0,0.0,0.0,0.0,0.0,0.0,0.0,0.0,0.0,0.0,0.0,0.0,0.0,0.0,0.0,0.0,0.0,0.0,0.0,0.0,0.0,0.0,,,,,,,,,,,,,,,,,,,,,,,,,,,,,,,,,,,,,,,,,,,,,,,,,,,,,,,,,,,,,,,,,,,,,,,,,,,,,,,,,,,,,,,,,,,,,,,,,,,,,,,,,,,,,,,,,,,,,,,,,,,,,,,,,,,,,,,,,,,,,,,,,,,,,,,,,,,,,,,,,,,,,,,,,,,,,,,,,,,,,,,,,,,,,,,,,,,,,,,,,,,,,,,,,,,,,,,,,,,,,,,,,,,,,,,,,,,,,,,,,,,,,,,,,,,,,,,,,,,,,,,,,,,,,,,,,,,,,,,,,,,,,,,,,,,,,,,,,,,,,,,,,,,,,,,,,,,,,,,,,,,,,,,,,,,,,,,,,,,,,,,,,,,,,,,,,,,,,,,,,,,,,,,,,,,,,,,,,,,,,,,,,,,,,,,,,,,,,,,,,,,,,,,,,,,,,,,,,,,,,56.0,56.0,56.0,56.0,56.0,56.0,56.0,56.0,56.0,56.0,0.0,0.0,0.0,0.0,0.0,1500.0,1500.0,1500.0,1500.0,14,2700.0,100.0,100.0,100.0,100.0,100.0,100.0,100.0,100.0,100.0,100.0,100.0,100.0,100.0,100.0,100.0,100.0,100.0,100.0
0.0,0.0,0.0,0.0,0.0,0.0,0.0,0.0,0.0,0.0,0.0,0.0,0.0,0.0,0.0,0.0,0.0,0.0,0.0,0.0,0.0,0.0,0.0,0.0,0.0,0.0,0.0,0.0,0.0,0.0,0.0,0.0,0.0,0.0,0.0,0.0,0.0,0.0,0.0,0.0,0.0,0.0,0.0,0.0,0.0,0.0,0.0,0.0,0.0,0.0,0.0,0.0,0.0,0.0,0.0,0.0,0.0,0.0,0.0,0.0,0.0,0.0,0.0,0.0,0.0,0.0,0.0,0.0,0.0,0.0,0.0,0.0,0.0,0.0,0.0,0.0,0.0,0.0,0.0,0.0,0.0,0.0,0.0,0.0,0.0,0.0,0.0,0.0,0.0,0.0,0.0,0.0,0.0,0.0,,,,,,,,,,,,,,,,,,,,,,,,,,,,,,,,,,,,,,,,,,,,,,,,,,,,,,,,,,,,,,,,,,,,,,,,,,,,,,,,,,,,,,,,,,,,,,,,,,,,,,,,,,,,,,,,,,,,,,,,,,,,,,,,,,,,,,,,,,,,,,,,,,,,,,,,,,,,,,,,,,,,,,,,,,,,,,,,,,,,,,,,,,,,,,,,,,,,,,,,,,,,,,,,,,,,,,,,,,,,,,,,,,,,,,,,,,,,,,,,,,,,,,,,,,,,,,,,,,,,,,,,,,,,,,,,,,,,,,,,,,,,,,,,,,,,,,,,,,,,,,,,,,,,,,,,,,,,,,,,,,,,,,,,,,,,,,,,,,,,,,,,,,,,,,,,,,,,,,,,,,,,,,,,,,,,,,,,,,,,,,,,,,,,,,,,,,,,,,,,,,,,,,,,,,,,,,,,,,,,,56.0,56.0,56.0,56.0,56.0,56.0,56.0,56.0,56.0,56.0,0.0,0.0,0.0,0.0,0.0,1500.0,1500.0,1500.0,1500.0,15,2880.0,100.0,100.0,100.0,100.0,100.0,100.0,100.0,100.0,100.0,100.0,100.0,100.0,100.0,100.0,100.0,100.0,100.0,100.0
0.0,0.0,0.0,0.0,0.0,0.0,0.0,0.0,0.0,0.0,0.0,0.0,0.0,0.0,0.0,0.0,0.0,0.0,0.0,0.0,0.0,0.0,0.0,0.0,0.0,0.0,0.0,0.0,0.0,0.0,0.0,0.0,0.0,0.0,0.0,0.0,0.0,0.0,0.0,0.0,0.0,0.0,0.0,0.0,0.0,0.0,0.0,0.0,0.0,0.0,0.0,0.0,0.0,0.0,0.0,0.0,0.0,0.0,0.0,0.0,0.0,0.0,0.0,0.0,0.0,0.0,0.0,0.0,0.0,0.0,0.0,0.0,0.0,0.0,0.0,0.0,0.0,0.0,0.0,0.0,0.0,0.0,0.0,0.0,0.0,0.0,0.0,0.0,0.0,0.0,0.0,0.0,0.0,0.0,,,,,,,,,,,,,,,,,,,,,,,,,,,,,,,,,,,,,,,,,,,,,,,,,,,,,,,,,,,,,,,,,,,,,,,,,,,,,,,,,,,,,,,,,,,,,,,,,,,,,,,,,,,,,,,,,,,,,,,,,,,,,,,,,,,,,,,,,,,,,,,,,,,,,,,,,,,,,,,,,,,,,,,,,,,,,,,,,,,,,,,,,,,,,,,,,,,,,,,,,,,,,,,,,,,,,,,,,,,,,,,,,,,,,,,,,,,,,,,,,,,,,,,,,,,,,,,,,,,,,,,,,,,,,,,,,,,,,,,,,,,,,,,,,,,,,,,,,,,,,,,,,,,,,,,,,,,,,,,,,,,,,,,,,,,,,,,,,,,,,,,,,,,,,,,,,,,,,,,,,,,,,,,,,,,,,,,,,,,,,,,,,,,,,,,,,,,,,,,,,,,,,,,,,,,,,,,,,,,,,56.0,56.0,56.0,56.0,56.0,56.0,56.0,56.0,56.0,56.0,0.0,0.0,0.0,0.0,0.0,1500.0,1500.0,1500.0,1500.0,16,3060.0,100.0,100.0,100.0,100.0,100.0,100.0,100.0,100.0,100.0,100.0,100.0,100.0,100.0,100.0,100.0,100.0,100.0,100.0
0.0,0.0,0.0,0.0,0.0,0.0,0.0,0.0,0.0,0.0,0.0,0.0,0.0,0.0,0.0,0.0,0.0,0.0,0.0,0.0,0.0,0.0,0.0,0.0,0.0,0.0,0.0,0.0,0.0,0.0,0.0,0.0,0.0,0.0,0.0,0.0,0.0,0.0,0.0,0.0,0.0,0.0,0.0,0.0,0.0,0.0,0.0,0.0,0.0,0.0,0.0,0.0,0.0,0.0,0.0,0.0,0.0,0.0,0.0,0.0,0.0,0.0,0.0,0.0,0.0,0.0,0.0,0.0,0.0,0.0,0.0,0.0,0.0,0.0,0.0,0.0,0.0,0.0,0.0,0.0,0.0,0.0,0.0,0.0,0.0,0.0,0.0,0.0,0.0,0.0,0.0,0.0,0.0,0.0,,,,,,,,,,,,,,,,,,,,,,,,,,,,,,,,,,,,,,,,,,,,,,,,,,,,,,,,,,,,,,,,,,,,,,,,,,,,,,,,,,,,,,,,,,,,,,,,,,,,,,,,,,,,,,,,,,,,,,,,,,,,,,,,,,,,,,,,,,,,,,,,,,,,,,,,,,,,,,,,,,,,,,,,,,,,,,,,,,,,,,,,,,,,,,,,,,,,,,,,,,,,,,,,,,,,,,,,,,,,,,,,,,,,,,,,,,,,,,,,,,,,,,,,,,,,,,,,,,,,,,,,,,,,,,,,,,,,,,,,,,,,,,,,,,,,,,,,,,,,,,,,,,,,,,,,,,,,,,,,,,,,,,,,,,,,,,,,,,,,,,,,,,,,,,,,,,,,,,,,,,,,,,,,,,,,,,,,,,,,,,,,,,,,,,,,,,,,,,,,,,,,,,,,,,,,,,,,,,,,,56.0,56.0,56.0,56.0,56.0,56.0,56.0,56.0,56.0,56.0,0.0,0.0,0.0,0.0,0.0,1500.0,1500.0,1500.0,1500.0,17,3240.0,100.0,100.0,100.0,100.0,100.0,100.0,100.0,100.0,100.0,100.0,100.0,100.0,100.0,100.0,100.0,100.0,100.0,100.0
0.0,0.0,0.0,0.0,0.0,0.0,0.0,0.0,0.0,0.0,0.0,0.0,0.0,0.0,0.0,0.0,0.0,0.0,0.0,0.0,0.0,0.0,0.0,0.0,0.0,0.0,0.0,0.0,0.0,0.0,0.0,0.0,0.0,0.0,0.0,0.0,0.0,0.0,0.0,0.0,0.0,0.0,0.0,0.0,0.0,0.0,0.0,0.0,0.0,0.0,0.0,0.0,0.0,0.0,0.0,0.0,0.0,0.0,0.0,0.0,0.0,0.0,0.0,0.0,0.0,0.0,0.0,0.0,0.0,0.0,0.0,0.0,0.0,0.0,0.0,0.0,0.0,0.0,0.0,0.0,0.0,0.0,0.0,0.0,0.0,0.0,0.0,0.0,0.0,0.0,0.0,0.0,0.0,0.0,,,,,,,,,,,,,,,,,,,,,,,,,,,,,,,,,,,,,,,,,,,,,,,,,,,,,,,,,,,,,,,,,,,,,,,,,,,,,,,,,,,,,,,,,,,,,,,,,,,,,,,,,,,,,,,,,,,,,,,,,,,,,,,,,,,,,,,,,,,,,,,,,,,,,,,,,,,,,,,,,,,,,,,,,,,,,,,,,,,,,,,,,,,,,,,,,,,,,,,,,,,,,,,,,,,,,,,,,,,,,,,,,,,,,,,,,,,,,,,,,,,,,,,,,,,,,,,,,,,,,,,,,,,,,,,,,,,,,,,,,,,,,,,,,,,,,,,,,,,,,,,,,,,,,,,,,,,,,,,,,,,,,,,,,,,,,,,,,,,,,,,,,,,,,,,,,,,,,,,,,,,,,,,,,,,,,,,,,,,,,,,,,,,,,,,,,,,,,,,,,,,,,,,,,,,,,,,,,,,,,56.0,56.0,56.0,56.0,56.0,56.0,56.0,56.0,56.0,56.0,0.0,0.0,0.0,0.0,0.0,1500.0,1500.0,1500.0,1500.0,18,3420.0,100.0,100.0,100.0,100.0,100.0,100.0,100.0,100.0,100.0,100.0,100.0,100.0,100.0,100.0,100.0,100.0,100.0,100.0
0.0,0.0,0.0,0.0,0.0,0.0,0.0,0.0,0.0,0.0,0.0,0.0,0.0,0.0,0.0,0.0,0.0,0.0,0.0,0.0,0.0,0.0,0.0,0.0,0.0,0.0,0.0,0.0,0.0,0.0,0.0,0.0,0.0,0.0,0.0,0.0,0.0,0.0,0.0,0.0,0.0,0.0,0.0,0.0,0.0,0.0,0.0,0.0,0.0,0.0,0.0,0.0,0.0,0.0,0.0,0.0,0.0,0.0,0.0,0.0,0.0,0.0,0.0,0.0,0.0,0.0,0.0,0.0,0.0,0.0,0.0,0.0,0.0,0.0,0.0,0.0,0.0,0.0,0.0,0.0,0.0,0.0,0.0,0.0,0.0,0.0,0.0,0.0,0.0,0.0,0.0,0.0,0.0,0.0,,,,,,,,,,,,,,,,,,,,,,,,,,,,,,,,,,,,,,,,,,,,,,,,,,,,,,,,,,,,,,,,,,,,,,,,,,,,,,,,,,,,,,,,,,,,,,,,,,,,,,,,,,,,,,,,,,,,,,,,,,,,,,,,,,,,,,,,,,,,,,,,,,,,,,,,,,,,,,,,,,,,,,,,,,,,,,,,,,,,,,,,,,,,,,,,,,,,,,,,,,,,,,,,,,,,,,,,,,,,,,,,,,,,,,,,,,,,,,,,,,,,,,,,,,,,,,,,,,,,,,,,,,,,,,,,,,,,,,,,,,,,,,,,,,,,,,,,,,,,,,,,,,,,,,,,,,,,,,,,,,,,,,,,,,,,,,,,,,,,,,,,,,,,,,,,,,,,,,,,,,,,,,,,,,,,,,,,,,,,,,,,,,,,,,,,,,,,,,,,,,,,,,,,,,,,,,,,,,,,,56.0,56.0,56.0,56.0,56.0,56.0,56.0,56.0,56.0,56.0,0.0,0.0,0.0,0.0,0.0,1500.0,1500.0,1500.0,1500.0,19,3600.0,100.0,100.0,100.0,100.0,100.0,100.0,100.0,100.0,100.0,100.0,100.0,100.0,100.0,100.0,100.0,100.0,100.0,100.0
464.38587163913223,5474.999999999999,0.0,0.0,0.0,0.0,0.0,0.0,0.0,0.0,0.0,0.0,0.0,0.0,0.0,0.0,0.0,0.0,0.0,0.0,0.0,0.0,0.0,0.0,0.0,0.0,0.0,0.0,0.0,0.0,0.0,0.0,0.0,0.0,0.0,0.0,0.0,0.0,0.0,0.0,0.0,0.0,0.0,0.0,0.0,0.0,0.0,0.0,0.0,0.0,0.0,0.0,0.0,0.0,0.0,0.0,0.0,0.0,0.0,0.0,0.0,0.0,0.0,0.0,0.0,0.0,0.0,0.0,0.0,0.0,0.0,0.0,0.0,0.0,0.0,0.0,0.0,0.0,0.0,0.0,0.0,0.0,0.0,0.0,0.0,0.0,0.0,0.0,0.0,0.0,0.0,0.0,0.0,0.0,1142.058,2597.2420289855077,-1512.5827005878223,6000.0,1200.0,3.0,30.15223577357596,71.39911937470154,41.246883601125575,4469.456373653905,,0.0,340.60069444444446,578.7038543584667,464.38587163913223,5474.999999999999,65.0,-1512.5827005878223,5475.0,260.6019245018309,464.38587163913223,464.38587163913223,5474.999999999999,0.0,0.0,1.0,50.0,6.0,1.0,0.0,75.0,0.0,0.0,11.0,1.0,1.0,1.0,260.97399488996894,-1512.5827005878223,5475.0,0.3720703881380132,inf,0.0,1.0,0.0,1.0,1.0,1.0,0.0,6.0,4.0,0.0,0.0,464.38587163913223,19.0,231.44827602908327,50.0,0.3725859329830712,79.27678283491372,4.0,231.82086196206635,-1512.5827005878223,5475.0,464.38587163913223,5474.999999999999,25.0,5.0,1.0,0.0,1.0,5.0,4.0,15.0,231.21629633406366,25.0,0.2319796950196178,79.50876252993334,0.0,231.44827602908327,1.0,464.38587163913223,5400.0,19.0,0.0,5400.0,260.97399488996894,464.38587163913223,464.38587163913223,5400.0,1.0,0.0,0.0,-1512.5827005878223,5475.0,1.0,12.0,35.36580190065943,1.7682900950329714,0.0,262.5742986856593,0.0,1.0,0.0,1.0,1.0,1.0,1.0,0.0,0.0,0.0,0.0,0.0,262.5742986856593,71.32834378634986,0.0,1.0,0.0,260.6019245018309,71.39911937470154,71.39911937470154,0.0,1.0,1.9723741838283786,0.0,0.0,13.128714934282966,0.0,0.0,0.0,0.0,0.0,0.0,262.5742986856593,1.0,0.0,262.5742986856593,0.0,1.0,258.83363440679796,4130.0,12059.599999999999,14042.0,1691.25,4938.45,5750.25,1204.0,3515.68,4093.6,3.0,7025.25,20513.729999999996,23885.85,-1512.5827005878223,5475.0,1.0,0.0,220.0,0.0,0.0,1.0,0.0,0.0,0.0,0.5,0.0,0.0,0.0,-1512.5827005878223,2597.2420289855077,-3315.000000000001,37566.666666666664,-22100.000000000004,5635.000000000001,0.15000000000000002,0.0,545.6053354815929,387.2338716391322,545.6053354815929,387.2338716391322,1.0,1.0,0.0,-441.8397504419735,1.0,5284.222222222222,-2945.598336279823,792.6333333333333,1.0,-1512.5827005878223,0.0,0.0,-1512.5827005878223,4093.6,1200.0,6000.0,5255.51355769988,0.4971150790086566,0.5028849209913433,4142.0436778382,260.6019245018309,258.83363440679796,1.0,,464.38587163913223,,6000.0,1.0,,1.0,1.0,262.5742986856593,,,0.0,0.0,71.39911937470154,23.799706458233846,464.38587163913223,0.0,197.34672219946754,464.38587163913223,5474.999999999999,,1.0,0.0,0.0,0.0,23.776114595449954,0.0,-1976.9685722269546,-1976.9685722269546,9.094947017729282e-13,1.0,1.0,1.0,0.0,0.0,0.0,0.0,0.0,0.0,1.0,6.0,0.0,1.0,0.37267080745341613,0.0,0.0,0.0,1.0,0.00336414429431942,0.37267080745341613,0.0,464.38587163913223,5474.999999999999,-1512.5827005878223,5475.0,260.6019245018309,464.38587163913223,464.38587163913223,5474.999999999999,0.0,0.0,0.0,0.0,1.0,0.0,-1512.5827005878223,5475.0,4469.456373653905,0.0,260.6019245018309,1.0,1.0,0.0,0.0,-1512.5827005878223,464.38587163913223,3095.905810927548,-0.0010287550697035686,-0.02716588965833992,-0.015308812298335363,-0.026673529613255344,-0.07398073735695972,6.0,1.0,56.0,56.0,56.0,56.0,56.0,1.0,1.0,6.0,0.0,0.0,227.77308127141498,0.0,1.1710659826104006,227.77308127141498,228.94414725402538,0.0,227.77308127141498,0.0,1.1958490000292272,227.77308127141498,228.9689302714442,0.0,227.77308127141498,0.0,2.0548363950216526,227.77308127141498,229.82791766643663,0.0,227.77308127141498,0.0,1.8209158581334464,227.77308127141498,229.59399712954843,0.0,-0.003903553275368002,-0.003986163333430757,-0.006849454650072175,-0.006069719527111488,1.0,1500.0,1500.0,1500.0,1500.0,1.0,1.0,0.0,0.06549892567694551,0.06615828181020636,0.06680440497296311,0.06709504815947084,0.06752846900374418,0.06725911919194641,0.06674435546328494,0.06528624836534308,0.055033584532460815,0.05563978345777149,0.056219855870907325,0.05653114793152315,0.05692281617187298,0.05673874729031123,0.05623190798441496,0.054811024455380504,1.0,100.0,100.0,100.0,100.0,100.0,100.0,100.0,100.0,100.0,100.0,100.0,100.0,100.0,100.0,100.0,100.0,0.0,0.0,0.0,0.0,0.0,1.0,0.0,0.0,282.0,1.0,0.0,0.0,545.6053354815929,464.38587163913223,387.2338716391322,464.38587163913223,-1512.5827005878223,-1512.5827005878223,0.0,0.0,0.0,1.0,0.0,0.0,0.0,426.8267375997474,464.38587163913223,-1939.4094381875698,464.38587163913223,464.38587163913223,-1512.5827005878223,37.559134039384844,160.0,71.39911937470154,72.52040667459634,0.0,2.0,2.0526862000115216,464.38587163913223,51.0,1.0,2721.7050575723947,2753.2949424276044,48.0,48.0,,,,,2721.7050575723947,2753.2949424276044,3000.0,3000.0,,,56.0,56.0,56.0,56.0,56.0,56.0,56.0,56.0,56.0,56.0,0.0,0.0,0.0,0.0,0.0,1360.8525287861974,1376.6474712138022,1360.8525287861974,1376.6474712138022,20,3780.0,100.0,100.0,100.0,100.0,100.0,100.0,100.0,100.0,100.0,100.0,100.0,100.0,100.0,100.0,100.0,100.0,100.0,100.0
602.4347537793701,5250.0,0.0,0.0,0.0,0.0,0.0,0.0,0.0,0.0,0.0,0.0,0.0,0.0,0.0,0.0,0.0,0.0,0.0,0.0,0.0,0.0,0.0,0.0,0.0,0.0,0.0,0.0,0.0,0.0,0.0,0.0,0.0,0.0,0.0,0.0,0.0,0.0,0.0,0.0,0.0,0.0,0.0,0.0,0.0,0.0,0.0,0.0,0.0,0.0,0.0,0.0,0.0,0.0,0.0,0.0,0.0,0.0,0.0,0.0,0.0,0.0,0.0,0.0,0.0,0.0,0.0,0.0,0.0,0.0,0.0,0.0,0.0,0.0,0.0,0.0,0.0,0.0,0.0,0.0,0.0,0.0,0.0,0.0,0.0,0.0,0.0,0.0,0.0,0.0,0.0,0.0,0.0,0.0,1142.058,602.4347537793701,-1602.3590508600778,6000.0,1200.0,3.0,46.47173329831551,106.09702284143789,59.62528954312238,5391.72062108538,,0.0,405.39131944444443,690.6456942047943,602.4347537793701,5250.0,12.0,-1602.3590508600778,5250.0,315.0172677072309,602.4347537793701,602.4347537793701,5250.0,1.0,0.0,0.0,49.0,5.0,0.0,1.0,49.0,0.0,0.0,5.0,0.0,1.0,1.0,332.5997923477458,-1602.3590508600778,5250.0,0.0,19.157965645612364,0.0,1.0,0.0,1.0,1.0,0.0,1.0,5.0,4.0,0.0,0.0,602.4347537793701,12.0,281.58394207240786,49.0,0.0,108.62940889792321,29.0,281.58394207240786,-1602.3590508600778,5250.0,602.4347537793701,5250.0,0.0,0.0,,,,,,,,,,,,,0.0,602.4347537793701,5250.0,29.0,-1055.3151658793797,5250.0,315.0172677072309,602.4347537793701,602.4347537793701,5250.0,1.0,0.0,0.0,-1602.3590508600778,5250.0,1.0,12.0,42.51810507869323,2.1259052539346617,0.0,332.5997923477458,0.0,1.0,0.0,1.0,1.0,1.0,1.0,0.0,0.0,0.0,0.0,0.0,332.5997923477458,105.58198893644399,0.0,0.0,0.0,315.0172677072309,106.09702284143789,106.09702284143789,0.0,1.0,17.582524640514862,0.0,0.0,16.62998961738729,0.0,0.0,0.0,0.0,0.0,0.0,332.5997923477458,1.0,0.0,332.5997923477458,0.0,1.0,312.89136245329627,10077.199999999999,14042.0,14042.0,4126.65,5750.25,5750.25,2937.7599999999998,4093.6,4093.6,3.0,17141.609999999997,23885.85,23885.85,-1602.3590508600778,5250.0,1.0,0.0,220.0,0.0,0.0,1.0,0.0,0.0,0.0,0.5,0.0,0.0,0.0,-1602.3590508600778,2773.992028985507,-3315.000000000001,37566.666666666664,-22100.000000000004,5635.000000000001,0.15000000000000002,0.0,740.5587537793701,442.84318248309967,740.5587537793701,442.84318248309967,1.0,1.0,0.0,-584.9485860244797,1.0,7162.555555555557,-3899.6572401631975,1074.3833333333337,1.0,-1602.3590508600778,0.0,0.0,-1602.3590508600778,4093.6,1200.0,6000.0,5087.22705118602,0.4971192354484629,0.502880764551537,4132.202361667798,315.0172677072309,312.89136245329627,1.0,,602.4347537793701,,6000.0,1.0,,1.0,1.0,332.5997923477458,,,0.0,0.0,106.09702284143789,35.3656742804793,602.4347537793701,0.0,426.3013699845334,602.4347537793701,5250.0,13.108769872457424,1.0,0.0,0.0,0.0,35.193996312147995,1.0,-2204.793804639448,-2204.793804639448,0.0,1.0,1.0,1.0,0.0,0.0,0.0,0.0,0.0,0.0,1.0,6.0,0.0,1.0,0.37267080745341613,0.0,0.0,0.0,1.0,0.0026807195602637822,0.37267080745341613,0.0,602.4347537793701,5250.0,-1602.3590508600778,5250.0,315.0172677072309,602.4347537793701,602.4347537793701,5250.0,1.0,0.0,0.0,0.0,0.0,0.0,-1602.3590508600778,5250.0,5391.72062108538,0.0,315.0172677072309,1.0,5.0,0.0006044735797232742,0.0,-1602.3590508600778,602.4347537793701,4016.231691862467,0.006846299215781762,-0.05715771142535393,-0.016293997577624692,0.04094248544990433,0.027708196061491143,6.0,1.0,56.0,56.0,56.0,56.0,56.0,2.0,1.0,6.0,0.0,0.0,277.1258822296171,0.0,2.448027814274269,276.43834942399064,280.26144284951783,0.0,277.1258822296171,0.0,2.5731997848247374,276.77778046478096,280.04718377927804,0.0,277.1258822296171,0.0,3.778642330759908,276.3836070726714,281.6467997173227,0.0,277.1258822296171,0.0,3.6816985456149496,276.5337392659555,281.39972373889367,0.0,-0.008705716589828398,-0.007722649782843751,-0.011985023231726403,-0.011493930334819396,1.0,1360.8525287861974,1376.6474712138022,1360.8525287861974,1376.6474712138022,1.0,1.0,0.0,0.09963682226678294,0.09594363736623598,0.09301908680557354,0.10001853522788942,0.10063733768423724,0.09835082028916808,0.09848913745399165,0.09883498539415712,0.10013091755688457,0.09930352470221084,0.09844484943068679,0.09981798129847447,0.09998385147014606,0.09975901123587842,0.09986192604926512,0.09996446854245579,1.0,100.0,100.0,100.0,100.0,100.0,100.0,100.0,100.0,100.0,100.0,100.0,100.0,100.0,100.0,100.0,100.0,0.0,0.0,0.0,0.0,0.0,1.0,0.0,0.0,830.0,0.05,0.0,1.0,740.5587537793701,602.4347537793701,442.84318248309967,602.4347537793701,-1602.3590508600778,-1602.3590508600778,0.0,0.0,0.0,1.0,0.0,0.0,0.0,517.2720753071673,602.4347537793701,-2119.631126167245,602.4347537793701,602.4347537793701,-1602.3590508600778,85.16267847220286,160.0,106.09702284143789,107.75904808599842,0.0,2.0,4.619402099997387,602.4347537793701,51.0,1.0,2609.8759861044305,2640.124013895569,48.0,48.0,,,,,2609.8759861044305,2640.124013895569,3000.0,3000.0,1.0,1.0,56.0,56.0,56.0,56.0,56.0,56.0,56.0,56.0,56.0,56.0,0.0,0.0,0.0,0.0,0.0,1304.9379930522152,1320.0620069477845,1304.9379930522152,1320.0620069477845,21,3960.0,100.0,100.0,100.0,100.0,100.0,100.0,100.0,100.0,100.0,100.0,100.0,100.0,100.0,100.0,100.0,100.0,100.0,100.0
797.816469032723,5000.0,0.0,0.0,0.0,0.0,0.0,0.0,0.0,0.0,0.0,0.0,0.0,0.0,0.0,0.0,0.0,0.0,0.0,0.0,0.0,0.0,0.0,0.0,0.0,0.0,0.0,0.0,0.0,0.0,0.0,0.0,0.0,0.0,0.0,0.0,0.0,0.0,0.0,0.0,0.0,0.0,0.0,0.0,0.0,0.0,0.0,0.0,0.0,0.0,0.0,0.0,0.0,0.0,0.0,0.0,0.0,0.0,0.0,0.0,0.0,0.0,0.0,0.0,0.0,0.0,0.0,0.0,0.0,0.0,0.0,0.0,0.0,0.0,0.0,0.0,0.0,0.0,0.0,0.0,0.0,0.0,0.0,0.0,0.0,0.0,0.0,0.0,0.0,0.0,0.0,0.0,0.0,0.0,1142.058,797.816469032723,-1657.6403598061552,6000.0,1200.0,3.0,62.81434878733666,139.80718333362026,76.99283454628359,6289.875721504159,,0.0,428.82708333333335,742.7317577306495,797.816469032723,5000.0,10.0,-1657.6403598061552,5000.0,369.77340016415064,797.816469032723,797.816469032723,5000.0,1.0,0.0,0.0,49.0,5.0,0.0,1.0,49.0,0.0,0.0,5.0,0.0,1.0,1.0,370.5027633542252,-1657.6403598061552,5000.0,0.7293631900745368,97.15363793145923,0.0,1.0,0.0,1.0,1.0,0.0,1.0,5.0,4.0,0.0,0.0,797.816469032723,11.0,328.56483242040366,49.0,0.0,119.26359371988093,27.0,328.56483242040366,-1657.6403598061552,5000.0,797.816469032723,5000.0,0.0,0.0,,,,,,,,,,,,,0.0,797.816469032723,5250.0,27.0,-1094.0738527228978,5250.0,370.5027633542252,797.816469032723,797.816469032723,5250.0,1.0,0.0,0.0,-1657.6403598061552,5000.0,1.0,12.0,20.528941136224468,1.0264470568112234,0.0,466.9270380956099,0.0,1.0,0.0,1.0,1.0,1.0,1.0,0.0,0.0,0.0,0.0,0.0,466.9270380956099,139.68211630263158,0.0,0.0,0.0,369.77340016415064,139.80718333362026,139.80718333362026,0.0,1.0,97.15363793145923,0.0,0.0,23.346351904780494,0.0,0.0,0.0,0.0,0.0,0.0,466.9270380956099,1.0,0.0,466.9270380956099,0.0,1.0,368.74695310733944,14042.0,14042.0,14042.0,5750.25,5750.25,5750.25,4093.6,4093.6,4093.6,3.0,23885.85,23885.85,23885.85,-1657.6403598061552,5000.0,1.0,0.0,220.0,0.0,0.0,1.0,0.0,0.0,0.0,0.5,0.0,0.0,0.0,-1657.6403598061552,2850.8916968599037,-3315.000000000001,37566.666666666664,-22100.000000000004,5635.000000000001,0.15000000000000002,0.0,998.0554149175445,595.1500584180767,998.0554149175445,595.1500584180767,1.0,1.0,0.0,-673.0702765226825,1.0,7979.773148148148,-4487.135176817883,1196.9659722222223,1.0,-1657.6403598061552,0.0,0.0,-1657.6403598061552,4093.6,1200.0,6000.0,5700.0,0.4884289586220972,0.5115710413779029,4194.39458941231,369.77340016415064,368.74695310733944,1.0,,797.816469032723,,6000.0,1.0,,1.0,1.0,466.9270380956099,,,0.0,0.0,139.80718333362026,46.60239444454009,797.816469032723,0.0,837.5698276326465,797.816469032723,5000.0,20.084557541121747,1.0,0.0,0.0,0.0,46.560705434210526,2.0,-2455.456828838878,-2455.456828838878,0.0,1.0,1.0,1.0,0.0,0.0,0.0,0.0,0.0,0.0,1.0,6.0,0.0,1.0,0.37267080745341613,0.0,0.0,0.0,1.0,0.006999624264743748,0.37267080745341613,0.0,797.816469032723,5000.0,-1657.6403598061552,5000.0,369.77340016415064,797.816469032723,797.816469032723,5000.0,1.0,0.0,0.0,0.0,0.0,0.0,-1657.6403598061552,5000.0,6289.875721504159,0.0,369.77340016415064,1.0,1.0,7.317197166335119e-05,0.0,-1657.6403598061552,797.816469032723,5318.776460218152,0.01843110363825081,-0.10167979986792741,-0.009499946959169631,0.08931661038998898,0.08798594491382883,6.0,1.0,56.0,56.0,56.0,56.0,56.0,3.0,1.0,6.0,0.0,0.0,323.3298515246464,0.0,4.65641624708644,322.87262777544254,328.44349152093673,0.0,323.3298515246464,0.0,3.601307074910551,321.8666259201966,328.39438420400677,0.0,323.3298515246464,0.0,7.292519477966039,323.7774253422948,330.17479718496406,1.0,323.3298515246464,0.0,5.347641456236261,321.84946605988125,330.15787844564784,0.0,-0.009607298681586492,-0.01249076270679263,-0.010624478022250665,-0.015546247008720742,1.0,1304.9379930522152,1320.0620069477845,1304.9379930522152,1320.0620069477845,1.0,1.0,0.0,0.0995166387827588,0.11728327160595917,0.11658622651605235,0.09985075115637194,0.1,0.1,0.1,0.1,0.11262665152614026,0.11180293514045267,0.11122820301808467,0.11287294546539428,0.09992437343275888,0.1,0.1,0.1,1.0,100.0,100.0,100.0,100.0,100.0,100.0,100.0,100.0,100.0,100.0,100.0,100.0,100.0,100.0,100.0,100.0,0.0,0.0,0.0,0.0,0.0,1.0,0.0,0.0,292.0,0.17792576430157295,0.0,1.0,998.0554149175445,797.816469032723,595.1500584180767,797.816469032723,-1657.6403598061552,-1657.6403598061552,0.0,0.0,0.0,1.0,0.0,0.0,0.0,695.8763975429437,797.816469032723,-2353.516757349099,797.816469032723,797.816469032723,-1657.6403598061552,101.94007148977937,168.0,139.80718333362026,142.27957615554183,0.0,2.0,1.8741971999988891,797.816469032723,51.0,1.0,2442.144793110486,2557.855206889514,48.0,48.0,,,,,2442.144793110486,2557.855206889514,3000.0,3000.0,,,56.0,56.0,56.0,56.0,56.0,56.0,56.0,56.0,56.0,56.0,0.0,0.0,0.0,0.0,0.0,1221.072396555243,1278.927603444757,1221.072396555243,1278.927603444757,22,4140.0,80.0,100.0,80.0,80.0,100.0,90.0,90.0,90.0,90.0,80.0,80.0,80.0,80.0,80.0,100.0,90.0,90.0,90.0
915.2168929111056,6000.0,0.0,0.0,0.0,0.0,0.0,0.0,0.0,0.0,0.0,0.0,0.0,0.0,0.0,0.0,0.0,0.0,0.0,0.0,0.0,0.0,0.0,0.0,0.0,0.0,0.0,0.0,0.0,0.0,0.0,0.0,0.0,0.0,0.0,0.0,0.0,0.0,0.0,0.0,0.0,0.0,0.0,0.0,0.0,0.0,0.0,0.0,0.0,0.0,0.0,0.0,0.0,0.0,0.0,0.0,0.0,0.0,0.0,0.0,0.0,0.0,0.0,0.0,0.0,0.0,0.0,0.0,0.0,0.0,0.0,0.0,0.0,0.0,0.0,0.0,0.0,0.0,0.0,0.0,0.0,0.0,0.0,0.0,0.0,0.0,0.0,0.0,0.0,0.0,0.0,0.0,0.0,0.0,1142.058,915.2168929111056,-1676.1437367727815,6000.0,1200.0,3.0,70.86958709148611,159.0411905585516,88.1716034670655,7607.999537338987,0.9599725534338803,0.0,341.66041666666666,655.52787691378,915.2168929111056,5000.0,10.0,-1676.1437367727815,5000.0,405.49775354602684,915.2168929111056,915.2168929111056,5000.0,1.0,0.0,0.0,49.0,5.0,0.0,1.0,49.0,,0.0,5.0,0.0,,1.0,,,,0.0,269.6538691905996,0.0,1.0,0.0,,1.0,0.0,1.0,5.0,4.0,0.0,0.0,,10.0,366.73199633014485,49.0,0.0,117.9776427512329,26.0,366.73199633014485,,,,,0.0,0.0,,,,,,,,,,,,,0.0,915.2168929111056,5000.0,26.0,-1106.6513107282026,5000.0,405.49775354602684,915.2168929111056,915.2168929111056,5000.0,1.0,0.0,0.0,,,,24.0,1216.9240924369083,60.846204621845416,0.0,675.1516227366265,0.0,1.0,0.0,1.0,1.0,1.0,1.0,0.0,0.0,0.0,0.0,0.0,675.1516227366265,159.0411905585516,0.0,0.0,0.0,405.49775354602684,162.0942538893804,162.0942538893804,0.0,1.0,269.6538691905996,0.0,1.0,33.75758113683133,1.0,0.0,1.0,0.0,0.0,1.0,675.1516227366265,1.0,0.0,675.1516227366265,0.0,1.0,614.305418114781,14042.0,14042.0,14042.0,5750.25,5750.25,5750.25,4093.6,4093.6,4093.6,3.0,23885.85,23885.85,23885.85,915.2168929111056,6000.0,0.0,0.0,220.0,0.0,0.0,1.0,0.0,0.0,0.0,0.5,0.011278422123954648,0.0,5.639211061977324,-1676.1437367727815,2879.795671583851,-3315.000000000001,37566.666666666664,-22100.000000000004,5635.000000000001,,,,,,,,,,-702.5657586179977,1.0,8286.937499999998,-4683.771724119984,1243.0406249999999,1.0,,,,,4093.6,1200.0,6000.0,5700.0,0.4920327933669206,0.5079672066330794,4766.6083209190965,675.1516227366265,614.305418114781,1.0,0.0,915.2168929111056,0.0,6000.0,1.0,1.0,1.0,1.0,675.1516227366265,915.2168929111056,6000.0,1.0,0.0,159.0411905585516,53.013730186183864,915.2168929111056,0.0,255.38313982598703,915.2168929111056,6000.0,35.34786752548351,1.0,0.0,0.0,-47.54270303692665,53.013730186183864,3.0,,,,,,,,,,,,,,6.0,0.0,1.0,0.37267080745341613,0.0,0.0,0.0,1.0,0.04673668895271503,0.37267080745341613,0.0,915.2168929111056,6000.0,-1676.1437367727815,5000.0,675.1516227366265,915.2168929111056,915.2168929111056,5000.0,0.0,1.0,0.0,1.0,0.0,0.0,,,7607.999537338987,0.0,675.1516227366265,0.0,5.0,0.011278422123954648,0.0,915.2168929111056,915.2168929111056,6101.4459527407025,0.03096941099905711,-0.15670261561938362,-0.010335434460690296,-0.015824830413602317,0.0016195953553275189,6.0,1.0,56.0,56.0,56.0,56.0,56.0,4.0,1.0,6.0,0.0,0.0,364.2096748878586,0.0,5.5957681851389225,364.2250844286408,369.7900335322154,1.0,364.2096748878586,0.0,3.449906246612386,361.98750652149323,369.88174950083635,0.0,364.2096748878586,0.0,12.727861016340285,369.94626726061813,371.2009435314394,1.0,364.2096748878586,0.0,6.573626143333968,363.7432055990762,371.249770319975,0.0,-0.00721398135860744,-0.013502891617646052,0.0007324448473841586,-0.011604977126202917,1.0,1221.072396555243,1278.927603444757,1221.072396555243,1278.927603444757,,,0.0,0.1,-0.01937242929630507,-0.028095431964838016,0.1,0.0,0.0,0.0,0.0,-0.018923903267081245,-0.02846234025549617,-0.020160370664184947,-0.016145954021849818,0.1,0.0,0.0,0.0,1.0,100.0,80.0,80.0,100.0,90.0,90.0,90.0,90.0,80.0,80.0,80.0,80.0,100.0,90.0,90.0,90.0,0.0,0.0,0.0,0.0,0.0,1.0,0.0,,986.0,0.17792576430157295,0.0,0.0,0.0,,0.0,,0.0,,0.0,0.0,0.0,1.0,0.0,0.0,0.0,0.0,,0.0,,915.2168929111056,0.0,915.2168929111056,152.0,159.0411905585516,161.72760463413044,0.0,3.0,5.156452900002478,915.2168929111056,51.0,1.0,,,71.0,73.0,,,,,,,,,1.0,1.0,56.0,56.0,62.0,50.0,56.0,56.0,50.0,62.0,50.0,62.0,0.0,0.0,0.0,0.0,0.0,1500.0,1500.0,1500.0,1500.0,23,4320.0,80.0,90.0,80.0,80.0,80.0,90.0,90.0,90.0,90.0,80.0,80.0,80.0,80.0,80.0,80.0,90.0,90.0,90.0
942.1657351818346,6000.0,0.0,0.0,0.0,0.0,0.0,0.0,0.0,0.0,0.0,0.0,0.0,0.0,0.0,0.0,0.0,0.0,0.0,0.0,0.0,0.0,0.0,0.0,0.0,0.0,0.0,0.0,0.0,0.0,0.0,0.0,0.0,0.0,0.0,0.0,0.0,0.0,0.0,0.0,0.0,0.0,0.0,0.0,0.0,0.0,0.0,0.0,0.0,0.0,0.0,0.0,0.0,0.0,0.0,0.0,0.0,0.0,0.0,0.0,0.0,0.0,0.0,0.0,0.0,0.0,0.0,0.0,0.0,0.0,0.0,0.0,0.0,0.0,0.0,0.0,0.0,0.0,0.0,0.0,0.0,0.0,0.0,0.0,0.0,0.0,0.0,0.0,0.0,0.0,0.0,0.0,0.0,0.0,1142.058,942.1657351818346,-1697.7364355193517,6000.0,1200.0,3.0,74.80300860284072,172.7475514992672,97.94454289642647,8292.887304266667,0.9603530466850665,0.0,318.30137047672054,618.2727668442127,942.1657351818346,3770.0721651306176,0.0,942.1657351818346,6000.0,459.00404536277847,942.1657351818346,942.1657351818346,3770.0721651306176,1.0,0.0,0.0,49.0,5.0,0.0,1.0,49.0,,0.0,5.0,0.0,,1.0,,,,37.04501497345137,300.2624647750382,0.0,1.0,0.0,,1.0,0.0,1.0,5.0,4.0,0.0,0.0,,9.0,388.21111567224443,49.0,0.0,120.18975550728629,26.0,388.21111567224443,,,,,0.0,0.0,,,,,,,,,,,,,0.0,942.1657351818346,3120.0000000000005,10.0,-1697.7364355193517,4800.0,496.04906033622984,942.1657351818346,942.1657351818346,3120.0000000000005,1.0,0.0,0.0,,,,24.0,1296.2242977185056,64.81121488592528,0.0,759.2665101378167,0.0,1.0,0.0,1.0,1.0,1.0,1.0,0.0,0.0,0.0,0.0,0.0,759.2665101378167,172.7475514992672,0.0,0.0,0.0,459.00404536277847,176.95610748326803,176.95610748326803,0.0,1.0,300.2624647750382,0.0,1.0,37.96332550689083,1.0,0.0,1.0,0.0,0.0,1.0,759.2665101378167,1.0,0.0,759.2665101378167,0.0,1.0,694.4552952518914,14042.0,14042.0,14042.0,5750.25,5750.25,5750.25,4093.6,4093.6,4093.6,3.0,23885.85,23885.85,23885.85,942.1657351818346,6000.0,0.0,0.0,220.0,0.0,0.0,1.0,0.0,0.0,0.0,0.5,0.0071004267015094815,0.0,3.5502133507547406,-1697.7364355193517,2859.6949987060043,-3315.000000000001,37566.666666666664,-22100.000000000004,5635.000000000001,,,,,,,,,,-736.9858031546099,1.0,8073.32638888889,-4913.238687697399,1210.9989583333336,1.0,,,,,4093.6,1200.0,6000.0,3057.494309989867,0.46668517054631214,0.5333148294536879,4560.300455388765,759.2665101378167,694.4552952518914,1.0,0.0,942.1657351818346,0.0,6000.0,1.0,1.0,1.0,1.0,759.2665101378167,942.1657351818346,6000.0,1.0,0.0,172.7475514992672,57.5825171664224,942.1657351818346,0.0,308.7182238542525,942.1657351818346,6000.0,46.61965086803312,1.0,0.0,0.0,-46.19319919115827,57.5825171664224,3.0,,,,,,,,,,,,,,6.0,0.0,1.0,0.37267080745341613,0.06175006730543675,0.0,0.0,1.0,0.03240975384644204,0.37267080745341613,0.0,942.1657351818346,6000.0,942.1657351818346,6000.0,759.2665101378167,942.1657351818346,942.1657351818346,3770.0721651306176,0.0,1.0,0.0,1.0,0.0,0.0,,,8292.887304266667,0.0,759.2665101378167,0.0,5.0,0.0071004267015094815,0.0,942.1657351818346,942.1657351818346,6281.10490121223,0.04974465840027161,-0.03340966956137892,0.010884318703490863,1.4334779298958509,1.5345607348030956,6.0,1.0,56.0,62.0,56.0,50.0,50.0,5.0,1.0,6.0,0.0,0.0,444.4238911668268,0.0,19.248594613053,444.4238911668268,425.1752965537738,0.0,444.4238911668268,0.0,15.171766674083528,444.4238911668268,429.2521244927433,0.0,444.4238911668268,0.0,34.26592564743919,444.4238911668268,410.15796551938763,0.0,444.4238911668268,0.0,16.499357723769435,444.4238911668268,427.92453344305744,0.0,0.06384821796255107,0.05057255558027843,0.11389450986841677,0.05499879148585812,1.0,1500.0,1500.0,1500.0,1500.0,,,0.0,-0.011426558819845667,0.06957840223707024,0.07328178667383689,-0.0006619043955364389,0.0019515837027199723,0.008667733428134738,0.03562263385676943,0.0,-0.03516958684431497,0.09423153646342453,0.2600123545416505,0.047011526504969404,0.015344302263679312,0.0,0.0,0.0,1.0,90.0,80.0,80.0,80.0,90.0,90.0,90.0,90.0,80.0,80.0,80.0,80.0,80.0,90.0,90.0,90.0,0.0,0.0,0.0,0.0,0.0,1.0,0.0,,1001.0,0.28467141892270115,0.0,0.0,0.0,,0.0,,0.0,,0.0,0.0,0.0,1.0,0.0,0.0,0.0,0.0,,0.0,,942.1657351818346,0.0,942.1657351818346,160.0,172.7475514992672,176.53447494700362,0.0,2.0,5.340099500012002,942.1657351818346,51.0,1.0,,,71.0,71.0,,,,,,,,,1.0,1.0,56.0,56.0,62.0,50.0,56.0,56.0,44.0,68.0,44.0,68.0,0.0,0.0,0.0,0.0,0.0,1500.0,1500.0,1500.0,1500.0,24,4500.0,80.0,90.0,80.0,80.0,80.0,90.0,90.0,90.0,90.0,50.0,80.0,80.0,50.0,80.0,80.0,90.0,90.0,90.0
977.2132913524367,4050.0,0.0,0.0,0.0,0.0,0.0,0.0,0.0,0.0,0.0,0.0,0.0,0.0,0.0,0.0,0.0,0.0,0.0,0.0,0.0,0.0,0.0,0.0,0.0,0.0,0.0,0.0,0.0,0.0,0.0,0.0,0.0,0.0,0.0,0.0,0.0,0.0,0.0,0.0,0.0,0.0,0.0,0.0,0.0,0.0,0.0,0.0,0.0,0.0,0.0,0.0,0.0,0.0,0.0,0.0,0.0,0.0,0.0,0.0,0.0,0.0,0.0,0.0,0.0,0.0,0.0,0.0,0.0,0.0,0.0,0.0,0.0,0.0,0.0,0.0,0.0,0.0,0.0,0.0,0.0,0.0,0.0,0.0,0.0,0.0,0.0,0.0,0.0,0.0,0.0,0.0,0.0,0.0,1142.058,977.2132913524367,-1729.6976462635307,6000.0,1200.0,3.0,80.06899887133622,187.0098576579479,106.94085878661167,8180.587968950124,0.9604960677113004,0.0,436.90658777836916,737.6632701558113,977.2132913524367,4050.0,0.0,977.2132913524367,6000.0,472.040578269165,977.2132913524367,977.2132913524367,4050.0,1.0,0.0,0.0,49.0,5.0,0.0,1.0,49.0,0.0,0.0,5.0,0.0,1.0,1.0,483.2900304575284,977.2132913524367,6000.0,11.24945218836342,563.6110800628285,0.0,1.0,0.0,1.0,1.0,0.0,1.0,5.0,4.0,0.0,0.0,977.2132913524367,6.0,422.20668508755375,49.0,0.0,145.26135624650135,23.0,422.20668508755375,977.2132913524367,6000.0,977.2132913524367,4050.0,0.0,0.0,,,,,,,,,,,,,0.0,977.2132913524367,3796.4336502373953,6.0,-1729.6976462635307,4093.6,483.2900304575284,977.2132913524367,977.2132913524367,3796.4336502373953,1.0,0.0,0.0,977.2132913524367,6000.0,1.0,24.0,1.5170509924393727,0.07585254962196863,0.0,1035.6516583319935,0.0,1.0,0.0,1.0,1.0,1.0,1.0,0.0,0.0,0.0,0.0,0.0,1035.6516583319935,188.4934555858141,0.0,0.0,0.0,472.040578269165,187.0098576579479,187.0098576579479,0.0,1.0,563.6110800628285,0.0,0.0,51.78258291659968,0.0,0.0,0.0,0.0,0.0,0.0,1035.6516583319935,1.0,0.0,1035.6516583319935,0.0,1.0,469.58485767943716,14042.0,14042.0,14042.0,5750.25,5750.25,5750.25,4093.6,4093.6,4093.6,3.0,23885.85,23885.85,23885.85,977.2132913524367,6000.0,1.0,0.0,220.0,0.0,47.59736080211721,1.0,0.0,47.59736080211721,2.3798680401058605,0.5,0.0,0.0,0.0,-1729.6976462635307,2860.6072399068325,-3315.000000000001,37566.666666666664,-22100.000000000004,5635.000000000001,0.15000000000000002,0.0,1040.2689682065625,645.1573420203653,1040.2689682065625,645.1573420203653,1.0,1.0,0.0,-787.9338717666175,1.0,8083.020833333332,-5252.892478444116,1212.453125,1.0,977.2132913524367,0.0,0.0,977.2132913524367,4093.6,1200.0,6000.0,3697.1123864697915,0.5306249632994441,0.4693750367005558,4567.010872457473,472.040578269165,469.58485767943716,1.0,,977.2132913524367,,6000.0,1.0,,1.0,1.0,1035.6516583319935,,,0.0,0.0,187.0098576579479,62.33661921931596,977.2132913524367,0.0,1318.9123760243563,977.2132913524367,4050.0,52.39671290355939,1.0,0.0,0.0,-38.50841676842248,62.83115186193803,3.0,0.0,0.0,1950.0,1.0,0.0,1.0,0.0,0.0,0.0,0.0,0.0,0.0,1.0,6.0,0.0,1.0,0.37267080745341613,0.16921276252281703,0.0,0.0,1.0,0.03287575503176897,0.37267080745341613,0.0,977.2132913524367,4050.0,977.2132913524367,6000.0,472.040578269165,977.2132913524367,977.2132913524367,4050.0,1.0,0.0,0.0,0.0,0.0,0.0,977.2132913524367,6000.0,8180.587968950124,0.0,472.040578269165,1.0,1.0,4.635361361841685e-05,0.0,977.2132913524367,977.2132913524367,6514.755275682911,0.07713633373035826,-0.025304075778356732,0.021874479230760913,0.940959658237908,1.3225302207323186,6.0,1.0,56.0,62.0,56.0,44.0,44.0,6.0,1.0,6.0,0.0,0.0,474.3319751553001,0.0,1.8400154978920682,474.3319751553001,472.4919596574081,0.0,474.3319751553001,0.0,1.8933317436801644,474.3319751553001,472.4386434116199,0.0,474.3319751553001,0.0,18.271029083524922,474.3319751553001,456.0609460717751,0.0,474.3319751553001,0.0,1.0407758488635181,474.3319751553001,473.29119930643657,0.0,-0.0023639391954874854,0.00649930492504616,0.05090575574915126,0.003920873366625652,1.0,1500.0,1500.0,1500.0,1500.0,0.65,0.7456723784466776,0.0,-0.01612072936606026,-0.3034061908531246,-0.28543165099857504,-0.012201926661437669,0.003887276059015221,0.0,0.0,0.0,0.04666276300471708,0.08903878907898069,0.2245498353232634,0.002327325175744477,-0.005666976329436935,-0.07528250459700417,-0.0006216676387566622,0.0,1.0,90.0,80.0,80.0,80.0,90.0,90.0,90.0,90.0,80.0,80.0,50.0,80.0,80.0,90.0,90.0,90.0,0.0,0.0,0.0,0.0,0.0,1.0,0.0,0.0,265.0,0.21641216689745937,0.0,1.0,1040.2689682065625,977.2132913524367,645.1573420203653,977.2132913524367,977.2132913524367,977.2132913524367,0.0,0.0,0.0,1.0,0.0,0.0,0.0,977.2132913524367,977.2132913524367,0.0,977.2132913524367,977.2132913524367,977.2132913524367,0.0,104.0,187.0098576579479,190.34853657803703,0.0,3.0,2.019562200002838,977.2132913524367,51.0,1.0,3000.0,2816.2502202033347,71.0,71.0,0.65,0.6262308427448503,1.7017201088586558,0.9890296197283924,1950.0,2100.0,1875.0,2100.0,,,56.0,56.0,62.0,50.0,56.0,56.0,38.0,74.0,38.0,74.0,0.0,0.0,0.0,0.0,0.0,1500.0,1050.0,450.0,1050.0,25,4680.0,80.0,90.0,100.0,100.0,80.0,90.0,90.0,90.0,90.0,50.0,80.0,80.0,50.0,80.0,80.0,90.0,90.0,90.0
961.1442481525844,6000.0,0.0,0.0,0.0,0.0,0.0,0.0,0.0,0.0,0.0,0.0,0.0,0.0,0.0,0.0,0.0,0.0,0.0,0.0,0.0,0.0,0.0,0.0,0.0,0.0,0.0,0.0,0.0,0.0,0.0,0.0,0.0,0.0,0.0,0.0,0.0,0.0,0.0,0.0,0.0,0.0,0.0,0.0,0.0,0.0,0.0,0.0,0.0,0.0,0.0,0.0,0.0,0.0,0.0,0.0,0.0,0.0,0.0,0.0,0.0,0.0,0.0,0.0,0.0,0.0,0.0,0.0,0.0,0.0,0.0,0.0,0.0,0.0,0.0,0.0,0.0,0.0,0.0,0.0,0.0,0.0,0.0,0.0,0.0,0.0,0.0,0.0,0.0,0.0,0.0,0.0,0.0,0.0,1142.058,961.1442481525844,-1740.2463270497485,6000.0,1200.0,3.0,81.33292857222685,196.52820195179277,115.19527337956592,9960.860292323918,0.9638188299366208,0.0,434.5157313787484,709.7908281952011,961.1442481525844,4800.0,8.0,-1740.2463270497485,4800.0,476.9372191665509,961.1442481525844,961.1442481525844,4800.0,1.0,0.0,0.0,49.0,5.0,0.0,1.0,49.0,,0.0,5.0,0.0,,1.0,,,,1.2090186386322443,inf,0.0,1.0,0.0,,1.0,0.0,1.0,5.0,4.0,0.0,0.0,,7.0,443.2184889119109,49.0,0.0,117.92602516083622,24.0,443.2184889119109,,,,,0.0,0.0,,,,,,,,,,,,,0.0,961.1442481525844,4750.0,7.0,-1740.2463270497485,4750.0,478.14623780518315,961.1442481525844,961.1442481525844,4750.0,1.0,0.0,0.0,,,,24.0,2070.224502464143,103.51122512320715,0.0,1113.542271675,0.0,1.0,0.0,1.0,1.0,1.0,1.0,0.0,0.0,0.0,0.0,0.0,1113.542271675,196.52820195179277,0.0,0.0,0.0,476.9372191665509,198.1632650284316,198.1632650284316,0.0,1.0,636.605052508449,0.0,1.0,55.67711358375,1.0,0.0,1.0,0.0,0.0,1.0,1113.542271675,1.0,0.0,1113.542271675,0.0,1.0,1009.5207235063737,14042.0,14042.0,14042.0,5750.25,5750.25,5750.25,4093.6,4093.6,4093.6,3.0,23885.85,23885.85,23885.85,961.1442481525844,6000.0,0.0,0.0,220.0,0.0,10.206460908381814,1.0,0.0,10.206460908381814,0.5103230454190907,0.5,0.004214567626195686,0.0,2.107283813097843,-1740.2463270497485,2859.653176759835,-3315.000000000001,37566.666666666664,-22100.000000000004,5635.000000000001,,,,,,,,,,-804.7490955941531,1.0,8072.881944444445,-5364.993970627686,1210.932291666667,1.0,,,,,4093.6,1200.0,6000.0,5531.137069990176,0.5099391908750288,0.49006080912497113,5658.2029219259075,1113.542271675,1009.5207235063737,1.0,0.0,961.1442481525844,0.0,6000.0,1.0,1.0,1.0,1.0,1113.542271675,961.1442481525844,6000.0,1.0,0.0,196.52820195179277,65.50940065059758,961.1442481525844,0.0,608.9578230404422,961.1442481525844,6000.0,56.38435466530953,1.0,0.0,0.0,-35.36942069909671,65.50940065059758,3.0,,,,,,,,,,,,,,6.0,0.0,1.0,0.37267080745341613,0.02827150556753466,0.0,0.0,1.0,0.10865298068929917,0.37267080745341613,0.0,961.1442481525844,6000.0,-1740.2463270497485,4800.0,1113.542271675,961.1442481525844,961.1442481525844,4800.0,0.0,1.0,0.0,1.0,0.0,0.0,,,9960.860292323918,0.0,1113.542271675,0.0,5.0,0.004214567626195686,0.0,961.1442481525844,961.1442481525844,6407.628321017229,0.09502186241352817,-0.017364370894106876,0.060668744238104644,-0.18563896159034882,-0.06336957883307104,6.0,1.0,56.0,62.0,56.0,38.0,38.0,7.0,1.0,6.0,0.0,0.0,461.7009302637699,0.0,2.525270846484773,461.7009302637699,464.22620111025475,0.0,461.7009302637699,0.0,2.648683371864081,456.5247940116093,469.52574988779463,0.0,461.7009302637699,0.0,1.0501489234637802,451.80349089046763,472.648518560536,0.0,461.7009302637699,0.0,3.5097828164309703,455.65949727169345,471.2521460722773,0.0,-0.008417569488282766,-0.01929486489869092,-0.028075368425792436,-0.023082440109261325,1.0,1500.0,1050.0,450.0,1050.0,,,0.0,-0.00927111148476456,0.1,0.1,-0.008098157850711728,0.0005805775495151266,0.0018027245318485543,0.001533511419650324,0.0012397430262900853,-0.01958902578333017,-0.025506931691955972,-0.15631374845672497,-0.014127348578272957,-0.01641955960727337,0.0,0.0,0.0,1.0,90.0,100.0,100.0,80.0,90.0,90.0,90.0,90.0,80.0,80.0,50.0,80.0,80.0,90.0,90.0,90.0,1.0,0.0,1.0,0.0,0.0,1.0,0.0,,981.0,0.21641216689745937,0.0,0.0,0.0,,0.0,,0.0,,0.0,0.0,0.0,1.0,0.0,0.0,0.0,0.0,,0.0,,961.1442481525844,0.0,961.1442481525844,152.0,196.52820195179277,200.49252843326786,0.0,2.0,5.106591499992646,961.1442481525844,51.0,1.0,,,69.0,71.0,,,,,,,,,1.0,1.0,56.0,56.0,62.0,50.0,56.0,56.0,44.0,68.0,44.0,68.0,0.0,0.0,0.0,0.0,0.0,1500.0,1500.0,1500.0,1500.0,26,4860.0,80.0,90.0,90.0,90.0,80.0,90.0,90.0,90.0,90.0,80.0,80.0,80.0,100.0,80.0,80.0,90.0,90.0,90.0
984.898868060834,3805.135577507951,0.0,0.0,0.0,0.0,0.0,0.0,0.0,0.0,0.0,0.0,0.0,0.0,0.0,0.0,0.0,0.0,0.0,0.0,0.0,0.0,0.0,0.0,0.0,0.0,0.0,0.0,0.0,0.0,0.0,0.0,0.0,0.0,0.0,0.0,0.0,0.0,0.0,0.0,0.0,0.0,0.0,0.0,0.0,0.0,0.0,0.0,0.0,0.0,0.0,0.0,0.0,0.0,0.0,0.0,0.0,0.0,0.0,0.0,0.0,0.0,0.0,0.0,0.0,0.0,0.0,0.0,0.0,0.0,0.0,0.0,0.0,0.0,0.0,0.0,0.0,0.0,0.0,0.0,0.0,0.0,0.0,0.0,0.0,0.0,0.0,0.0,0.0,0.0,0.0,0.0,0.0,0.0,1142.058,984.898868060834,-1752.7969744902075,6000.0,1200.0,3.0,86.75134319803087,210.13316454534586,123.381821347315,8917.225465648322,0.9666085888075373,0.0,729.2687969357073,1010.3559035235339,984.898868060834,3805.135577507951,0.0,984.898868060834,6000.0,535.3751517482559,984.898868060834,984.898868060834,3805.135577507951,1.0,0.0,0.0,49.0,5.0,0.0,1.0,49.0,0.0,0.0,5.0,0.0,1.0,1.0,600.4412322487733,984.898868060834,6000.0,65.06608050051739,819.5132287884973,0.0,1.0,0.0,1.0,1.0,0.0,1.0,5.0,4.0,0.0,0.0,984.898868060834,6.0,465.09206811434797,49.0,0.0,259.84696877412534,23.0,465.09206811434797,984.898868060834,6000.0,984.898868060834,3805.135577507951,0.0,0.0,,,,,,,,,,,,,0.0,984.898868060834,2660.84,23.0,-1176.1214476905775,4093.6,600.4412322487733,984.898868060834,984.898868060834,2660.84,1.0,0.0,0.0,984.898868060834,6000.0,1.0,24.0,7.104571636902506,0.3552285818451253,0.0,1354.8883805367532,0.0,1.0,0.0,1.0,1.0,1.0,1.0,0.0,0.0,0.0,0.0,0.0,1354.8883805367532,213.8039600422885,0.0,0.0,0.0,535.3751517482559,210.13316454534586,210.13316454534586,0.0,1.0,819.5132287884973,0.0,0.0,67.74441902683766,0.0,0.0,0.0,0.0,0.0,0.0,1354.8883805367532,1.0,0.0,1354.8883805367532,0.0,1.0,532.2013238838292,14042.0,14042.0,14042.0,5750.25,5750.25,5750.25,4093.6,4093.6,4093.6,3.0,23885.85,23885.85,23885.85,984.898868060834,6000.0,1.0,0.0,220.0,0.0,56.371985651629856,1.0,0.0,56.371985651629856,2.818599282581493,0.5,0.0,0.0,0.0,-1752.7969744902075,2860.6072399068325,-3315.000000000001,37566.666666666664,-22100.000000000004,5635.000000000001,0.15000000000000002,0.0,1043.0623178745577,590.6979453601864,1043.0623178745577,590.6979453601864,1.0,1.0,0.0,-824.7555731972614,1.0,8083.020833333332,-5498.3704879817415,1212.453125,1.0,984.898868060834,0.0,0.0,984.898868060834,4093.6,1200.0,6000.0,2850.0,0.5243242108953972,0.47567578910460284,5385.457154103566,535.3751517482559,532.2013238838292,1.0,,984.898868060834,,6000.0,1.0,,1.0,1.0,1354.8883805367532,,,0.0,0.0,210.13316454534586,70.04438818178195,984.898868060834,0.0,1715.6981475019752,984.898868060834,3805.135577507951,60.12589546269185,1.0,0.0,0.0,-35.608413615293074,71.26798668076283,3.0,0.0,0.0,2194.864422492049,1.0,0.0,1.0,0.0,0.0,0.0,0.0,0.0,0.0,1.0,6.0,0.0,1.0,0.37267080745341613,0.1639691564675223,0.0,0.0,1.0,0.08971230236830323,0.37267080745341613,0.0,984.898868060834,3805.135577507951,984.898868060834,6000.0,535.3751517482559,984.898868060834,984.898868060834,3805.135577507951,1.0,0.0,0.0,0.0,0.0,0.0,984.898868060834,6000.0,8917.225465648322,0.0,535.3751517482559,1.0,1.0,3.987173046786637e-05,0.0,984.898868060834,984.898868060834,6565.992453738892,0.05002133014112305,0.060661686560745956,0.022126865467120987,0.8686699875519904,0.7738469053694343,6.0,1.0,56.0,62.0,56.0,44.0,44.0,8.0,1.0,6.0,0.0,0.0,578.2378684233964,0.0,6.0348858846161875,578.2378684233964,572.2029825387801,0.0,578.2378684233964,0.0,11.253804578936979,578.2378684233964,566.9840638444595,0.0,578.2378684233964,0.0,38.550012189216204,578.2378684233964,539.6878562341801,0.0,578.2378684233964,0.0,37.70538029755312,578.2378684233964,540.5324881258432,0.0,0.022502765296928476,0.0375264609572254,0.0935532332260452,0.12442453101537111,1.0,1500.0,1500.0,1500.0,1500.0,0.65,0.65,0.0,0.08933794274017579,0.10449443417728971,0.09085673506481022,0.002891276717867441,0.0,0.0,0.0,0.0,0.23959665202799518,0.8122450357925093,0.1,0.015367581110065488,0.04434799855356033,0.00035025444756087154,0.0009963978603771296,0.0,1.0,90.0,90.0,90.0,80.0,90.0,90.0,90.0,90.0,80.0,80.0,100.0,80.0,80.0,90.0,90.0,90.0,0.0,0.0,0.0,0.0,0.0,1.0,0.0,0.0,263.0,0.15323340997374446,0.0,1.0,1043.0623178745577,984.898868060834,590.6979453601864,984.898868060834,984.898868060834,984.898868060834,0.0,0.0,0.0,1.0,0.0,0.0,0.0,984.898868060834,984.898868060834,0.0,984.898868060834,984.898868060834,984.898868060834,0.0,104.0,210.13316454534586,213.45437406155008,0.0,3.0,2.0218170000007376,984.898868060834,51.0,1.0,3000.0,2854.054734627617,69.0,71.0,0.65,0.65,1.311777851622489,1.173128176301312,1950.0,1855.1355775079512,750.0,750.0,,,56.0,56.0,62.0,50.0,56.0,56.0,38.0,74.0,38.0,74.0,0.0,0.0,0.0,0.0,0.0,975.0,927.5677887539756,975.0,927.5677887539756,27,5040.0,80.0,90.0,90.0,90.0,80.0,90.0,90.0,90.0,90.0,60.0,60.0,60.0,90.0,80.0,80.0,90.0,90.0,90.0
954.9539135065626,4803.434444356662,0.0,0.0,0.0,0.0,0.0,0.0,0.0,0.0,0.0,0.0,0.0,0.0,0.0,0.0,0.0,0.0,0.0,0.0,0.0,0.0,0.0,0.0,0.0,0.0,0.0,0.0,0.0,0.0,0.0,0.0,0.0,0.0,0.0,0.0,0.0,0.0,0.0,0.0,0.0,0.0,0.0,0.0,0.0,0.0,0.0,0.0,0.0,0.0,0.0,0.0,0.0,0.0,0.0,0.0,0.0,0.0,0.0,0.0,0.0,0.0,0.0,0.0,0.0,0.0,0.0,0.0,0.0,0.0,0.0,0.0,0.0,0.0,0.0,0.0,0.0,0.0,0.0,0.0,0.0,0.0,0.0,0.0,0.0,0.0,0.0,0.0,0.0,0.0,0.0,0.0,0.0,0.0,1142.058,954.9539135065626,-1742.2262307919652,6000.0,1200.0,3.0,90.45750848045387,222.04769219810407,131.5901837176502,9005.488875563387,0.9664594260551344,0.0,801.434487787922,1076.8488670953877,954.9539135065626,4803.434444356662,9.0,-1742.2262307919652,4803.434444356663,543.2342457347987,954.9539135065626,954.9539135065626,4803.434444356662,1.0,0.0,0.0,49.0,5.0,0.0,1.0,49.0,0.0,0.0,5.0,0.0,1.0,1.0,543.716163048102,-1742.2262307919652,4803.434444356663,0.4819173133032564,inf,0.0,1.0,0.0,1.0,1.0,0.0,1.0,5.0,4.0,0.0,0.0,954.9539135065626,8.0,499.1008338687978,49.0,0.0,170.88936944594565,24.0,499.1008338687978,-1742.2262307919652,4803.434444356663,954.9539135065626,4803.434444356662,0.0,0.0,,,,,,,,,,,,,0.0,954.9539135065626,4800.0,8.0,-1742.2262307919652,4800.0,543.716163048102,954.9539135065626,954.9539135065626,4800.0,1.0,0.0,0.0,-1742.2262307919652,4803.434444356663,1.0,24.0,55.245198151049806,2.7622599075524903,0.0,1468.5603917570443,0.0,1.0,0.0,1.0,1.0,1.0,1.0,0.0,0.0,0.0,0.0,0.0,1468.5603917570443,222.6776666674409,0.0,0.0,0.0,543.2342457347987,222.04769219810407,222.04769219810407,0.0,1.0,925.3261460222456,0.0,0.0,73.42801958785222,0.0,0.0,0.0,0.0,0.0,0.0,1468.5603917570443,1.0,0.0,1468.5603917570443,0.0,1.0,538.3609108565493,14042.0,14042.0,14042.0,5750.25,5750.25,5750.25,4093.6,4093.6,4093.6,3.0,23885.85,23885.85,23885.85,-1742.2262307919652,4803.434444356663,1.0,0.0,220.0,0.0,42.22149941393951,1.0,0.0,42.22149941393951,2.1110749706969756,0.5,0.0,0.0,0.0,-1742.2262307919652,2859.653176759835,-3315.000000000001,37566.666666666664,-22100.000000000004,5635.000000000001,0.15000000000000002,0.0,1046.001318250963,598.2070799324049,1046.001318250963,598.2070799324049,1.0,1.0,0.0,-807.9051797772908,1.0,8072.881944444445,-5386.034531848604,1210.932291666667,1.0,-1742.2262307919652,0.0,0.0,-1742.2262307919652,4093.6,1200.0,6000.0,4803.434444356663,0.5013624428209328,0.49863755717906716,6000.0,543.2342457347987,538.3609108565493,1.0,,954.9539135065626,,6000.0,1.0,,1.0,1.0,1468.5603917570443,,,0.0,0.0,222.04769219810407,74.01589739936803,954.9539135065626,0.0,1319.9810264158764,954.9539135065626,4803.434444356662,64.11560995037226,1.0,0.0,0.0,-38.94353303425464,74.22588888914696,3.0,-2697.180144298528,-2697.180144298528,9.094947017729282e-13,1.0,1.0,1.0,0.0,0.0,0.0,0.0,0.0,0.0,1.0,6.0,0.0,1.0,0.37267080745341613,0.03550926704653978,0.0,0.0,1.0,0.17039523499791204,0.37267080745341613,0.0,954.9539135065626,4803.434444356662,-1742.2262307919652,4803.434444356663,543.2342457347987,954.9539135065626,954.9539135065626,4803.434444356662,1.0,0.0,0.0,0.0,0.0,0.0,-1742.2262307919652,4803.434444356663,9005.488875563387,0.0,543.2342457347987,1.0,1.0,0.0001014403881362344,0.0,-1742.2262307919652,954.9539135065626,6366.359423377083,0.08716930909916414,-0.0204386802146089,0.05642991033254463,-0.11927897778108115,-0.24626466366812966,6.0,1.0,56.0,62.0,56.0,38.0,38.0,9.0,1.0,6.0,0.0,0.0,513.504546226668,0.0,2.414001446189104,507.67750321976814,521.745590679757,0.0,513.504546226668,0.0,1.3556469624813872,505.6482394068604,522.7165000089569,0.0,513.504546226668,0.0,3.8247541759965316,507.8582773600845,522.9755692692481,0.0,513.504546226668,0.0,1.2832911150537711,504.2520827966697,524.0403007717201,0.0,-0.020430940247482675,-0.024070488750088416,-0.022924453049460957,-0.027762234470560723,1.0,975.0,927.5677887539756,975.0,927.5677887539756,1.0,1.0,0.0,-0.0065391006715170615,-0.007960682646467631,-0.0062486854285030095,-0.023961593997381667,0.0,0.0,0.0,0.0,-0.02755093315861359,-0.039366384574780255,-0.005060616063791557,-0.0255601478460413,-0.025172938671160598,0.0,0.0,0.0,1.0,90.0,90.0,90.0,80.0,90.0,90.0,90.0,90.0,60.0,60.0,90.0,80.0,80.0,90.0,90.0,90.0,0.0,1.0,0.0,0.0,0.0,1.0,0.0,0.0,316.0,0.12226338698162112,0.0,1.0,1046.001318250963,954.9539135065626,598.2070799324049,954.9539135065626,-1742.2262307919652,-1742.2262307919652,0.0,0.0,0.0,1.0,0.0,0.0,0.0,710.1556395120444,954.9539135065626,-2452.3818703040097,954.9539135065626,954.9539135065626,-1742.2262307919652,244.79827399451813,152.0,222.04769219810407,225.9007794865463,0.0,2.0,2.1153560999955516,954.9539135065626,51.0,1.0,2408.2616269528667,2395.172817403796,69.0,70.0,,,,,2408.2616269528667,2395.172817403796,3000.0,3000.0,,,56.0,56.0,62.0,50.0,56.0,56.0,44.0,68.0,44.0,68.0,0.0,0.0,0.0,0.0,0.0,1204.1308134764333,1197.586408701898,1204.1308134764333,1197.586408701898,28,5220.0,80.0,90.0,90.0,90.0,80.0,90.0,90.0,90.0,90.0,60.0,60.0,60.0,90.0,80.0,80.0,90.0,90.0,90.0
993.4601962128497,6000.0,0.0,0.0,0.0,0.0,0.0,0.0,0.0,0.0,0.0,0.0,0.0,0.0,0.0,0.0,0.0,0.0,0.0,0.0,0.0,0.0,0.0,0.0,0.0,0.0,0.0,0.0,0.0,0.0,0.0,0.0,0.0,0.0,0.0,0.0,0.0,0.0,0.0,0.0,0.0,0.0,0.0,0.0,0.0,0.0,0.0,0.0,0.0,0.0,0.0,0.0,0.0,0.0,0.0,0.0,0.0,0.0,0.0,0.0,0.0,0.0,0.0,0.0,0.0,0.0,0.0,0.0,0.0,0.0,0.0,0.0,0.0,0.0,0.0,0.0,0.0,0.0,0.0,0.0,0.0,0.0,0.0,0.0,0.0,0.0,0.0,0.0,0.0,0.0,0.0,0.0,0.0,0.0,1142.058,993.4601962128497,-1753.7304473272857,6000.0,1200.0,3.0,97.65182618292837,235.5411682024173,137.88934201948894,11755.895848182481,0.9691777243549085,0.0,841.9411198755494,1118.657169971283,993.4601962128497,3968.546539264391,9.0,-1753.7304473272857,4800.0,612.4076445067805,993.4601962128497,993.4601962128497,3968.546539264391,1.0,0.0,0.0,49.0,5.0,0.0,1.0,49.0,,0.0,5.0,0.0,,1.0,,,,0.7130881925805852,1046.9729565986377,0.0,1.0,0.0,,1.0,0.0,1.0,5.0,4.0,0.0,0.0,,8.0,522.8991888142474,49.0,0.0,208.94264677805688,24.0,522.8991888142474,,,,,0.0,0.0,,,,,,,,,,,,,0.0,993.4601962128497,3927.20751281372,8.0,-1753.7304473272857,4750.0,613.120732699361,993.4601962128497,993.4601962128497,3927.20751281372,1.0,0.0,0.0,,,,24.0,2564.3852855504592,128.21926427752297,0.0,1659.3806011054182,0.0,1.0,0.0,1.0,1.0,1.0,1.0,0.0,0.0,0.0,0.0,0.0,1659.3806011054182,235.5411682024173,0.0,0.0,0.0,612.4076445067805,238.06766786163496,238.06766786163496,0.0,1.0,1046.9729565986377,0.0,1.0,82.96903005527092,1.0,0.0,1.0,0.0,0.0,1.0,1659.3806011054182,1.0,0.0,1659.3806011054182,0.0,1.0,1529.3219607038563,14042.0,14042.0,14042.0,5750.25,5750.25,5750.25,4093.6,4093.6,4093.6,3.0,23885.85,23885.85,23885.85,993.4601962128497,6000.0,0.0,0.0,220.0,0.0,36.787522480778776,1.0,0.0,36.787522480778776,1.8393761240389388,0.5,0.005136760759528517,0.0,2.5683803797642586,-1753.7304473272857,2861.1104101966876,-3315.000000000001,37566.666666666664,-22100.000000000004,5635.000000000001,,,,,,,,,,-826.2435843533954,1.0,8088.368055555555,-5508.290562355968,1213.2552083333335,1.0,,,,,4093.6,1200.0,6000.0,3811.47396560435,0.4949127742473869,0.5050872257526132,6000.0,1659.3806011054182,1529.3219607038563,1.0,0.0,993.4601962128497,0.0,6000.0,1.0,1.0,1.0,1.0,1659.3806011054182,993.4601962128497,6000.0,1.0,0.0,235.5411682024173,78.51372273413911,993.4601962128497,0.0,1181.7262939945235,993.4601962128497,6000.0,68.36613923502914,1.0,0.0,0.0,-39.49595919446486,78.51372273413911,3.0,,,,,,,,,,,,,,6.0,0.0,1.0,0.37267080745341613,0.04462910110713669,0.0,0.0,1.0,0.22144195859214938,0.37267080745341613,0.0,993.4601962128497,6000.0,-1753.7304473272857,4800.0,1659.3806011054182,993.4601962128497,993.4601962128497,3968.546539264391,0.0,1.0,0.0,1.0,0.0,0.0,,,11755.895848182481,0.0,1659.3806011054182,0.0,5.0,0.005136760759528517,0.0,993.4601962128497,993.4601962128497,6623.067974752331,0.06100490277224664,0.05048437735672243,0.02780360780548926,-0.08459412893357085,-0.21640479996396422,6.0,1.0,56.0,62.0,56.0,44.0,44.0,10.0,1.0,6.0,1.0,0.0,516.5345420406138,1.0,28.074627536193475,539.6496076186421,521.4941039987791,1.0,516.5345420406138,0.0,1.3166180620510204,512.1369210878676,522.248781055411,0.0,516.5345420406138,1.0,46.35957550544117,557.3110321515535,522.1176274351153,1.0,516.5345420406138,0.0,10.596648317355175,520.0224455906481,523.6432868079348,1.0,0.02805371582754405,-0.01469596047824177,0.05062801625913077,-0.004291034447116928,1.0,1204.1308134764333,1197.586408701898,1204.1308134764333,1197.586408701898,,,0.0,-0.06498422252516604,-0.032849574366849765,-0.035733885681236546,-0.04699325457367465,0.0,0.0,0.0,0.0,-0.019128246611157702,-0.032468013331896375,-0.0016504416462399974,-0.011809659558654316,-0.0012078030598495102,0.0,0.0,0.0,1.0,90.0,90.0,90.0,80.0,90.0,90.0,90.0,90.0,60.0,60.0,90.0,80.0,80.0,90.0,90.0,90.0,0.0,0.0,0.0,0.0,0.0,1.0,0.0,,888.0,0.12226338698162112,0.0,0.0,0.0,,0.0,,0.0,,0.0,0.0,0.0,1.0,0.0,0.0,0.0,0.0,,0.0,,993.4601962128497,0.0,993.4601962128497,104.0,235.5411682024173,238.4332071443203,0.0,3.0,4.9036194999935105,993.4601962128497,51.0,1.0,,,69.0,70.0,,,,,,,,,1.0,1.0,56.0,56.0,62.0,50.0,56.0,56.0,50.0,62.0,50.0,62.0,0.0,0.0,0.0,0.0,0.0,1500.0,1500.0,1500.0,1500.0,29,5400.0,80.0,90.0,90.0,90.0,80.0,90.0,90.0,90.0,90.0,60.0,60.0,60.0,90.0,80.0,80.0,90.0,90.0,90.0
958.7622494181048,3635.5388736572627,0.0,0.0,0.0,0.0,0.0,0.0,0.0,0.0,0.0,0.0,0.0,0.0,0.0,0.0,0.0,0.0,0.0,0.0,0.0,0.0,0.0,0.0,0.0,0.0,0.0,0.0,0.0,0.0,0.0,0.0,0.0,0.0,0.0,0.0,0.0,0.0,0.0,0.0,0.0,0.0,0.0,0.0,0.0,0.0,0.0,0.0,0.0,0.0,0.0,0.0,0.0,0.0,0.0,0.0,0.0,0.0,0.0,0.0,0.0,0.0,0.0,0.0,0.0,0.0,0.0,0.0,0.0,0.0,0.0,0.0,0.0,0.0,0.0,0.0,0.0,0.0,0.0,0.0,0.0,0.0,0.0,0.0,0.0,0.0,0.0,0.0,0.0,0.0,0.0,0.0,0.0,0.0,1142.058,2868.3625261307043,-1739.6148252346388,6000.0,1200.0,3.0,106.01206843188629,250.45488225428363,144.44281382239734,10317.835552628947,0.970311672385231,0.0,1064.3959172218729,1360.336707730595,958.7622494181048,3635.5388736572627,5.0,958.7622494181048,6000.0,645.6554491756855,958.7622494181048,958.7622494181048,3635.5388736572627,1.0,0.0,0.0,50.0,6.0,1.0,0.0,74.0,0.0,0.0,12.0,1.0,1.0,1.0,690.8073862633078,958.7622494181048,6000.0,0.0,1689.4883290497037,0.0,1.0,0.0,1.0,1.0,1.0,0.0,6.0,4.0,0.0,0.0,958.7622494181048,25.0,584.350716131494,50.0,15.592399959833756,204.3292023658247,4.0,599.9431160913277,958.7622494181048,6000.0,958.7622494181048,3635.5388736572627,24.0,6.0,1.0,0.0,1.0,6.0,4.0,7.0,584.350716131494,24.0,0.0,204.3292023658247,23.0,584.350716131494,1.0,958.7622494181048,3635.5388736572627,51.0,958.7622494181048,6000.0,645.6554491756855,958.7622494181048,958.7622494181048,3635.5388736572627,0.0,0.0,1.0,958.7622494181048,6000.0,1.0,12.0,22.172729968247523,1.1086364984123762,0.0,2335.1437782253893,0.0,1.0,0.0,1.0,1.0,1.0,1.0,0.0,0.0,0.0,0.0,0.0,2335.1437782253893,259.55777054225734,0.0,0.0,0.0,645.6554491756855,250.45488225428363,250.45488225428363,0.0,1.0,1689.4883290497037,0.0,0.0,116.75718891126947,0.0,0.0,0.0,0.0,0.0,0.0,2335.1437782253893,1.0,0.0,2335.1437782253893,0.0,1.0,637.9480412635593,14042.0,14042.0,14042.0,5750.25,5750.25,5750.25,4093.6,4093.6,4093.6,3.0,23885.85,23885.85,23885.85,958.7622494181048,6000.0,1.0,0.0,220.0,0.0,131.97542827427696,1.0,0.0,131.97542827427696,6.598771413713848,0.5,0.0,0.0,0.0,-1739.6148252346388,2868.3625261307043,-3315.000000000001,37566.666666666664,-22100.000000000004,5635.000000000001,0.15000000000000002,0.0,1072.184073771163,617.89812635607,1072.184073771163,617.89812635607,1.0,1.0,0.0,-803.7424441859089,1.0,8165.436746339492,-5358.282961239392,1224.815511950924,1.0,958.7622494181048,0.0,0.0,958.7622494181048,4093.6,1200.0,6000.0,2583.0350949308677,0.5678105452160865,0.43218945478391346,6000.0,645.6554491756855,637.9480412635593,1.0,,958.7622494181048,,6000.0,1.0,,1.0,1.0,2335.1437782253893,,,0.0,0.0,250.45488225428363,83.48496075142788,958.7622494181048,0.0,2595.4659316893117,958.7622494181048,3635.5388736572627,72.36603348036061,1.0,0.0,0.0,-41.56057546869181,86.51925684741911,3.0,0.0,0.0,2364.4611263427373,1.0,0.0,1.0,0.0,0.0,0.0,0.0,0.0,0.0,1.0,6.0,0.0,1.0,0.37267080745341613,0.25685324718445757,0.0,0.0,1.0,0.17520985062897967,0.37267080745341613,0.0,958.7622494181048,3635.5388736572627,958.7622494181048,6000.0,645.6554491756855,958.7622494181048,958.7622494181048,3635.5388736572627,1.0,0.0,0.0,0.0,0.0,0.0,958.7622494181048,6000.0,10317.835552628947,0.0,645.6554491756855,1.0,1.0,1.63554319651311e-05,0.0,958.7622494181048,958.7622494181048,6391.748329454032,0.05480622759043159,-0.002191509255982993,0.014156771296500873,0.11411292712763463,-0.13569679754231542,6.0,1.0,56.0,62.0,56.0,50.0,50.0,11.0,1.0,6.0,0.0,0.0,692.7321676913111,0.0,7.0970236570831275,692.7321676913111,685.635144034228,0.0,692.7321676913111,0.0,12.142755292197307,692.7321676913111,680.5894123991138,0.0,692.7321676913111,0.0,14.870328519776194,692.7321676913111,677.8618391715348,0.0,692.7321676913111,0.0,29.93566018998672,692.7321676913111,662.7965075013244,0.0,0.008936972725140418,0.03760866151604937,0.010505852385275224,0.09201982240533405,1.0,1500.0,1500.0,1500.0,1500.0,0.65,0.65,0.0,-0.0017660871190045696,-0.005214422491523863,-0.005190843260700006,-0.01586626964444875,0.0023075841444523348,0.0,0.0,0.0,0.3401127826423586,0.4090924641545481,-0.00042899188884391035,0.00010548058728225822,0.008443706885710611,0.0,0.003590330755432092,0.0,1.0,90.0,90.0,90.0,80.0,90.0,90.0,90.0,90.0,60.0,60.0,90.0,80.0,80.0,90.0,90.0,90.0,0.0,0.0,0.0,0.0,0.0,1.0,0.0,0.0,325.0,0.0973131833246613,0.0,1.0,1072.184073771163,958.7622494181048,617.89812635607,958.7622494181048,958.7622494181048,958.7622494181048,0.0,0.0,0.0,1.0,0.0,0.0,0.0,958.7622494181048,958.7622494181048,0.0,958.7622494181048,958.7622494181048,958.7622494181048,0.0,160.0,250.45488225428363,253.9906999065341,0.0,2.0,2.32512590000988,958.7622494181048,51.0,1.0,3000.0,2593.136728703481,69.0,70.0,0.65,0.65,1.4053241581830276,1.2099549746037856,1950.0,1685.5388736572627,1425.0,750.0,,,56.0,56.0,62.0,50.0,56.0,56.0,56.0,56.0,56.0,56.0,0.0,0.0,0.0,0.0,0.0,1436.842105263158,842.7694368286313,513.1578947368421,842.7694368286313,30,5580.0,80.0,90.0,90.0,90.0,80.0,90.0,90.0,90.0,90.0,50.0,50.0,50.0,90.0,80.0,80.0,90.0,90.0,90.0
1063.1410606541663,4500.0,0.0,0.0,0.0,0.0,0.0,0.0,0.0,0.0,0.0,0.0,0.0,0.0,0.0,0.0,0.0,0.0,0.0,0.0,0.0,0.0,0.0,0.0,0.0,0.0,0.0,0.0,0.0,0.0,0.0,0.0,0.0,0.0,0.0,0.0,0.0,0.0,0.0,0.0,0.0,0.0,0.0,0.0,0.0,0.0,0.0,0.0,0.0,0.0,0.0,0.0,0.0,0.0,0.0,0.0,0.0,0.0,0.0,0.0,0.0,0.0,0.0,0.0,0.0,0.0,0.0,0.0,0.0,0.0,0.0,0.0,0.0,0.0,0.0,0.0,0.0,0.0,0.0,0.0,0.0,0.0,0.0,0.0,0.0,0.0,0.0,0.0,0.0,0.0,0.0,0.0,0.0,0.0,1142.058,1063.1410606541663,-1774.5124176162708,6000.0,1200.0,3.0,114.3915024402923,264.55627350300466,150.16477106271236,10453.831224086991,0.9723486561270316,0.0,1097.8775940735895,1423.4364545336166,1063.1410606541663,4500.0,7.0,-1774.5124176162708,4500.0,659.4301708771872,1063.1410606541663,1063.1410606541663,4500.0,1.0,0.0,0.0,49.0,5.0,0.0,1.0,49.0,0.0,0.0,5.0,0.0,1.0,1.0,659.7219207347564,-1774.5124176162708,4500.0,0.29174985756924343,inf,0.0,1.0,0.0,1.0,1.0,0.0,1.0,5.0,4.0,0.0,0.0,1063.1410606541663,8.0,579.0150572327942,49.0,0.0,213.44888432449136,24.0,579.0150572327942,-1774.5124176162708,4500.0,1063.1410606541663,4500.0,0.0,0.0,,,,,,,,,,,,,0.0,1063.1410606541663,4750.0,8.0,-1774.5124176162708,4750.0,659.7219207347564,1063.1410606541663,1063.1410606541663,4750.0,1.0,0.0,0.0,-1774.5124176162708,4500.0,1.0,12.0,19.595764847652333,0.9797882423826167,0.0,2111.2072216344736,0.0,1.0,0.0,1.0,1.0,1.0,1.0,0.0,0.0,0.0,0.0,0.0,2111.2072216344736,270.78834148204544,0.0,0.0,0.0,659.4301708771872,264.55627350300466,264.55627350300466,0.0,1.0,1451.7770507572864,0.0,0.0,105.56036108172368,0.0,0.0,0.0,0.0,0.0,0.0,2111.2072216344736,1.0,0.0,2111.2072216344736,0.0,1.0,656.508203351133,14042.0,14042.0,14042.0,5750.25,5750.25,5750.25,4093.6,4093.6,4093.6,3.0,23885.85,23885.85,23885.85,-1774.5124176162708,4500.0,1.0,0.0,220.0,0.0,38.84358567342933,1.0,0.0,38.84358567342933,1.9421792836714666,0.5,0.0,0.0,0.0,-1774.5124176162708,2897.139961704001,-3315.000000000001,37566.666666666664,-22100.000000000004,5635.000000000001,0.15000000000000002,0.0,1134.9083449472214,695.0926068487784,1134.9083449472214,695.0926068487784,1.0,1.0,0.0,-859.37127956653,1.0,8471.256358702583,-5729.141863776866,1270.6884538053878,1.0,-1774.5124176162708,0.0,0.0,-1774.5124176162708,4093.6,1200.0,6000.0,4275.0,0.4600559593541083,0.5399440406458917,6000.0,659.4301708771872,656.508203351133,1.0,,1063.1410606541663,,6000.0,1.0,,1.0,1.0,2111.2072216344736,,,0.0,0.0,264.55627350300466,88.18542450100155,1063.1410606541663,0.0,2692.3593326046384,1063.1410606541663,4500.0,76.98483254519294,1.0,0.0,0.0,-45.46775005719303,90.26278049401515,3.0,-2837.653478270437,-2837.653478270437,0.0,1.0,1.0,1.0,0.0,0.0,0.0,0.0,0.0,0.0,1.0,6.0,0.0,1.0,0.37267080745341613,0.07916245908030084,0.0,0.0,1.0,0.31379107893354075,0.37267080745341613,0.0,1063.1410606541663,4500.0,-1774.5124176162708,4500.0,659.4301708771872,1063.1410606541663,1063.1410606541663,4500.0,1.0,0.0,0.0,0.0,0.0,0.0,-1774.5124176162708,4500.0,10453.831224086991,0.0,659.4301708771872,1.0,1.0,9.671286748702418e-05,0.0,-1774.5124176162708,1063.1410606541663,7087.6070710277745,0.05594905168617862,0.08380022039603474,0.021897149392949917,-0.09426250157133609,-0.17232062727076425,6.0,1.0,56.0,62.0,56.0,56.0,56.0,12.0,1.0,6.0,0.0,0.0,602.5587694800452,0.0,6.254498135196627,601.163058776716,610.2089783185709,0.0,602.5587694800452,0.0,1.8067301132932698,593.8845077949165,613.0397612784672,0.0,602.5587694800452,0.0,3.4036833253971963,595.4328757104586,613.088346575029,0.0,602.5587694800452,0.0,0.6553265234135779,592.316806767051,613.4560587164528,0.0,-0.0220385272068848,-0.026405636322536712,-0.028643022088796644,-0.028732787482423867,1.0,1436.842105263158,842.7694368286313,513.1578947368421,842.7694368286313,1.0,1.0,0.0,-0.009081859789900903,-0.010428719277477683,-0.004369292455425722,-0.0044899350294329565,0.0,0.0,0.0,0.0,-0.13109662466803157,-0.1430150058104715,-0.004056305219434009,-0.024530576286563036,-0.02638275177685934,-0.00011685827748806333,-0.0007405929898162356,-0.0008507391564499756,1.0,90.0,90.0,90.0,80.0,90.0,90.0,90.0,90.0,50.0,50.0,90.0,80.0,80.0,90.0,90.0,90.0,0.0,1.0,0.0,1.0,0.0,1.0,0.0,0.0,296.0,0.09536976721452474,0.0,1.0,1134.9083449472214,1063.1410606541663,695.0926068487784,1063.1410606541663,-1774.5124176162708,-1774.5124176162708,0.0,0.0,0.0,1.0,0.0,0.0,0.0,805.0465413733891,1063.1410606541663,-2579.55895898966,1063.1410606541663,1063.1410606541663,-1774.5124176162708,258.09451928077715,136.0,264.55627350300466,267.0160804735145,0.0,3.0,2.2166132999991532,1063.1410606541663,51.0,1.0,2070.2518170934873,2429.7481829065127,69.0,68.0,,,,,2070.2518170934873,2429.7481829065127,3000.0,3000.0,,,56.0,56.0,56.0,56.0,56.0,56.0,62.0,50.0,56.0,56.0,0.0,0.0,0.0,0.0,0.0,1035.1259085467436,1214.8740914532564,1035.1259085467436,1214.8740914532564,31,5760.0,80.0,90.0,90.0,90.0,80.0,90.0,90.0,90.0,90.0,70.0,70.0,70.0,90.0,80.0,80.0,90.0,90.0,90.0
1165.2487300623998,4309.826309045202,0.0,0.0,0.0,0.0,0.0,0.0,0.0,0.0,0.0,0.0,0.0,0.0,0.0,0.0,0.0,0.0,0.0,0.0,0.0,0.0,0.0,0.0,0.0,0.0,0.0,0.0,0.0,0.0,0.0,0.0,0.0,0.0,0.0,0.0,0.0,0.0,0.0,0.0,0.0,0.0,0.0,0.0,0.0,0.0,0.0,0.0,0.0,0.0,0.0,0.0,0.0,0.0,0.0,0.0,0.0,0.0,0.0,0.0,0.0,0.0,0.0,0.0,0.0,0.0,0.0,0.0,0.0,0.0,0.0,0.0,0.0,0.0,0.0,0.0,0.0,0.0,0.0,0.0,0.0,0.0,0.0,0.0,0.0,0.0,0.0,0.0,0.0,0.0,0.0,0.0,0.0,0.0,1142.058,1165.2487300623998,-1861.9452994832232,6000.0,1200.0,3.0,117.3570550199408,280.8788142658018,163.52175924586098,10867.898502721493,0.97451409232466,0.0,1593.9321410948514,1903.682467287466,1165.2487300623998,4309.826309045202,8.0,-1861.9452994832232,4750.0,718.2705700982561,1165.2487300623998,1165.2487300623998,4309.826309045202,1.0,0.0,0.0,49.0,5.0,0.0,1.0,49.0,0.0,0.0,5.0,0.0,1.0,1.0,721.9168255022299,-1861.9452994832232,4750.0,3.6462554039737824,1577.6878388929158,0.0,1.0,0.0,1.0,1.0,0.0,1.0,5.0,4.0,0.0,0.0,1165.2487300623998,7.0,611.3478854389432,49.0,0.0,242.77786546500556,23.0,611.3478854389432,-1861.9452994832232,4750.0,1165.2487300623998,4309.826309045202,0.0,0.0,,,,,,,,,,,,,0.0,1165.2487300623998,4181.67755593756,7.0,-1861.9452994832232,4500.0,721.9168255022299,1165.2487300623998,1165.2487300623998,4181.67755593756,1.0,0.0,0.0,-1861.9452994832232,4750.0,1.0,12.0,7.949666051697001,0.3974833025848501,0.0,2295.958408991172,0.0,1.0,0.0,1.0,1.0,1.0,1.0,0.0,0.0,0.0,0.0,0.0,2295.958408991172,284.4349537194052,0.0,0.0,0.0,718.2705700982561,280.8788142658018,280.8788142658018,0.0,1.0,1577.6878388929158,0.0,0.0,114.7979204495586,0.0,0.0,0.0,0.0,0.0,0.0,2295.958408991172,1.0,0.0,2295.958408991172,0.0,1.0,696.5716384754952,14042.0,14042.0,14042.0,5750.25,5750.25,5750.25,4093.6,4093.6,4093.6,3.0,23885.85,23885.85,23885.85,-1861.9452994832232,4750.0,1.0,0.0,220.0,0.0,426.0289664035221,1.0,0.0,426.0289664035221,21.301448320176107,0.5,0.0,0.0,0.0,-1861.9452994832232,3099.8873495806915,-3315.000000000001,37566.666666666664,-22100.000000000004,5635.000000000001,0.15000000000000002,0.0,1199.6276118616343,812.6388873681229,1199.6276118616343,812.6388873681229,1.0,1.0,0.0,-811.3907603007495,1.0,8446.719321665549,-5409.27173533833,1267.0078982498326,1.0,-1861.9452994832232,0.0,0.0,-1861.9452994832232,4093.6,1200.0,6000.0,3763.9724258852075,0.48740498756943107,0.5125950124305689,6000.0,718.2705700982561,696.5716384754952,1.0,,1165.2487300623998,,6000.0,1.0,,1.0,1.0,2295.958408991172,,,0.0,0.0,280.8788142658018,93.62627142193394,1165.2487300623998,0.0,2537.0938954845587,1165.2487300623998,4309.826309045202,82.22751919694389,1.0,0.0,0.0,-49.24695086063326,94.81165123980173,3.0,-3027.194029545623,-3027.194029545623,440.1736909547981,1.0,1.0,1.0,0.0,0.0,0.0,0.0,0.0,0.0,1.0,6.0,0.0,1.0,0.37267080745341613,0.05440747713386784,0.0,0.0,1.0,0.4196160177570972,0.4196160177570972,0.0,1165.2487300623998,4309.826309045202,-1861.9452994832232,4750.0,718.2705700982561,1165.2487300623998,1165.2487300623998,4309.826309045202,1.0,0.0,0.0,0.0,0.0,0.0,-1861.9452994832232,4750.0,10867.898502721493,0.0,718.2705700982561,1.0,1.0,8.778938477437731e-05,0.0,-1861.9452994832232,1165.2487300623998,7768.324867082664,-0.005033921955168351,-0.04935477040822404,0.004681640720054799,0.2689540065275544,-0.33147285655416125,6.0,1.0,56.0,56.0,56.0,62.0,56.0,13.0,1.0,6.0,0.0,0.0,607.5049096337896,0.0,3.3559834004774984,603.8930238556834,614.4727788123732,0.0,607.5049096337896,0.0,3.840492192961392,606.106264593313,612.7440468672274,0.0,607.5049096337896,0.0,30.995116248296426,628.2565207301566,617.748414785719,1.0,607.5049096337896,0.0,13.574839769365326,614.5501998059616,614.0344592309829,1.0,-0.017317280801485847,-0.009818838892800288,0.01260416246148116,0.0011067702204395893,1.0,1035.1259085467436,1214.8740914532564,1035.1259085467436,1214.8740914532564,0.8098744415269914,1.0,0.0,-0.008221221387626088,-0.011917452943369966,-0.00874510639934698,-0.016314352874920956,0.0,0.0,0.0,0.0,-0.015012864003708515,-0.024304957459687773,-0.004707677032136459,-0.010664101062970843,-0.001193996409205411,0.0,0.0,0.0,1.0,90.0,90.0,90.0,80.0,90.0,90.0,90.0,90.0,70.0,70.0,90.0,80.0,80.0,90.0,90.0,90.0,0.0,0.0,0.0,0.0,0.0,1.0,0.0,0.0,309.0,0.08175883705016732,0.0,1.0,1199.6276118616343,1165.2487300623998,812.6388873681229,1165.2487300623998,-1861.9452994832232,-1861.9452994832232,0.0,0.0,0.0,1.0,0.0,0.0,0.0,909.3860684915007,1165.2487300623998,-2771.331367974724,1165.2487300623998,1165.2487300623998,-1861.9452994832232,255.86266157089904,144.0,280.8788142658018,284.01685770082526,0.0,2.0,2.1940391000098316,1165.2487300623998,51.0,1.0,2315.1736909547976,2434.8263090452024,69.0,72.0,0.65,,1.222303839986263,,1875.0,2434.8263090452024,1875.0,3000.0,,,56.0,56.0,56.0,56.0,56.0,56.0,56.0,56.0,62.0,50.0,0.0,0.0,0.0,0.0,0.0,1500.0,1217.4131545226012,375.0,1217.4131545226012,32,5940.0,80.0,90.0,90.0,90.0,80.0,90.0,90.0,90.0,90.0,70.0,70.0,70.0,90.0,80.0,80.0,90.0,90.0,90.0
1239.9816822223038,6000.0,0.0,0.0,0.0,0.0,0.0,0.0,0.0,0.0,0.0,0.0,0.0,0.0,0.0,0.0,0.0,0.0,0.0,0.0,0.0,0.0,0.0,0.0,0.0,0.0,0.0,0.0,0.0,0.0,0.0,0.0,0.0,0.0,0.0,0.0,0.0,0.0,0.0,0.0,0.0,0.0,0.0,0.0,0.0,0.0,0.0,0.0,0.0,0.0,0.0,0.0,0.0,0.0,0.0,0.0,0.0,0.0,0.0,0.0,0.0,0.0,0.0,0.0,0.0,0.0,0.0,0.0,0.0,0.0,0.0,0.0,0.0,0.0,0.0,0.0,0.0,0.0,0.0,0.0,0.0,0.0,0.0,0.0,0.0,0.0,0.0,0.0,0.0,0.0,0.0,0.0,0.0,0.0,1142.058,1239.9816822223038,-2116.7368868165863,6000.0,1200.0,3.0,128.93786981400075,293.1415894856932,164.20371967169248,13253.435563143845,0.9764727282826418,0.0,1435.2770241207947,1736.171365047148,1239.9816822223038,4750.0,7.0,-2116.7368868165863,4750.0,739.3820521948255,1239.9816822223038,1239.9816822223038,4750.0,1.0,0.0,0.0,49.0,5.0,0.0,1.0,49.0,,0.0,5.0,0.0,,1.0,,,,1.2922393312156828,1325.8001549917203,0.0,1.0,0.0,,1.0,0.0,1.0,5.0,4.0,0.0,0.0,,8.0,640.286816337921,49.0,0.0,182.2773667412048,24.0,640.286816337921,,,,,0.0,0.0,,,,,,,,,,,,,0.0,1239.9816822223038,4800.0,8.0,-2116.7368868165863,4800.0,740.6742915260412,1239.9816822223038,1239.9816822223038,4800.0,1.0,0.0,0.0,,,,12.0,2420.4724293505337,121.0236214675267,0.0,2065.182207186546,0.0,1.0,0.0,1.0,1.0,1.0,1.0,0.0,0.0,0.0,0.0,0.0,2065.182207186546,293.1415894856932,0.0,0.0,0.0,739.3820521948255,295.2248287494766,295.2248287494766,0.0,1.0,1325.8001549917203,0.0,1.0,103.2591103593273,1.0,0.0,1.0,0.0,0.0,1.0,2065.182207186546,1.0,0.0,2065.182207186546,0.0,1.0,1936.7700476864932,14042.0,14042.0,14042.0,5750.25,5750.25,5750.25,4093.6,4093.6,4093.6,3.0,23885.85,23885.85,23885.85,1239.9816822223038,6000.0,0.0,0.0,220.0,0.0,147.77076065052228,1.0,0.0,147.77076065052228,7.388538032526114,0.5,0.0048128336320432475,0.0,2.4064168160216237,-2116.7368868165863,3500.0,-3315.000000000001,37566.666666666664,-22100.000000000004,5635.000000000001,,,,,,,,,,-882.5733738080338,1.0,8762.089692035916,-5883.822492053558,1314.3134538053876,0.0,,,,,4093.6,1200.0,6000.0,4910.757209171891,0.5097331240871132,0.49026687591288676,6000.0,2065.182207186546,1936.7700476864932,1.0,0.0,1239.9816822223038,0.0,6000.0,1.0,1.0,1.0,1.0,2065.182207186546,1239.9816822223038,6000.0,1.0,0.0,293.1415894856932,97.71386316189773,1239.9816822223038,0.0,2462.455712720335,1239.9816822223038,6000.0,87.31221019735243,1.0,0.0,0.0,-52.22849549987035,97.71386316189773,3.0,,,,,,,,,,,,,,6.0,0.0,1.0,0.37267080745341613,0.0,0.0,0.0,1.0,0.5073795442457685,0.5073795442457685,0.0,1239.9816822223038,6000.0,-2116.7368868165863,4750.0,2065.182207186546,1239.9816822223038,1239.9816822223038,4750.0,0.0,1.0,0.0,1.0,0.0,0.0,,,13253.435563143845,0.0,2065.182207186546,0.0,5.0,0.0048128336320432475,0.0,1239.9816822223038,1239.9816822223038,8266.544548148691,0.06653748755269244,-0.008214229838658754,-0.07416244266421564,-0.18701191524341115,0.3018929132496654,6.0,1.0,56.0,56.0,56.0,56.0,62.0,14.0,1.0,6.0,0.0,0.0,655.0327634786915,0.0,8.491065504420021,655.0327634786915,663.5238289831116,0.0,655.0327634786915,0.0,5.1712148930701005,655.1875308326863,660.0492110177668,1.0,655.0327634786915,0.0,0.07188922083241778,644.0680285427607,666.069387635455,0.0,655.0327634786915,0.0,18.470577808512644,667.1821244395376,661.3539803263582,1.0,-0.023373226282190653,-0.007149511440797264,-0.031061763714382167,0.009588813300790425,1.0,1500.0,1217.4131545226012,375.0,1217.4131545226012,,,0.0,-0.010422962809957427,-0.01135334904923795,-0.0052776821711603365,-0.004152850873042268,0.0,0.0,0.0,0.0,-0.016778729007303286,-0.035668054549842405,-0.004397869839864654,-0.010246810465215717,-0.000165623822791261,0.0,0.0,0.0,1.0,90.0,90.0,90.0,80.0,90.0,90.0,90.0,90.0,70.0,70.0,90.0,80.0,80.0,90.0,90.0,90.0,1.0,0.0,1.0,0.0,0.0,1.0,0.0,,900.0,0.08175883705016732,0.0,0.0,0.0,,0.0,,0.0,,0.0,0.0,0.0,1.0,0.0,0.0,0.0,0.0,,0.0,,1239.9816822223038,0.0,1239.9816822223038,104.0,293.1415894856932,294.5938272654992,0.0,2.0,4.982572799999616,1239.9816822223038,51.0,1.0,,,69.0,72.0,,,,,,,,,1.0,1.0,56.0,56.0,56.0,56.0,56.0,56.0,62.0,50.0,56.0,56.0,0.0,0.0,0.0,0.0,0.0,1500.0,1500.0,1500.0,1500.0,33,6120.0,80.0,90.0,90.0,90.0,80.0,90.0,90.0,90.0,90.0,70.0,70.0,70.0,90.0,80.0,80.0,90.0,90.0,90.0
1260.1660529921696,3825.0,0.0,0.0,0.0,0.0,0.0,0.0,0.0,0.0,0.0,0.0,0.0,0.0,0.0,0.0,0.0,0.0,0.0,0.0,0.0,0.0,0.0,0.0,0.0,0.0,0.0,0.0,0.0,0.0,0.0,0.0,0.0,0.0,0.0,0.0,0.0,0.0,0.0,0.0,0.0,0.0,0.0,0.0,0.0,0.0,0.0,0.0,0.0,0.0,0.0,0.0,0.0,0.0,0.0,0.0,0.0,0.0,0.0,0.0,0.0,0.0,0.0,0.0,0.0,0.0,0.0,0.0,0.0,0.0,0.0,0.0,0.0,0.0,0.0,0.0,0.0,0.0,0.0,0.0,0.0,0.0,0.0,0.0,0.0,0.0,0.0,0.0,0.0,0.0,0.0,0.0,0.0,0.0,1142.058,1260.1660529921696,-2083.27564703281,6000.0,1200.0,3.0,131.127814709416,309.4080111308581,178.2801964214421,11951.4384273683,0.9789705440963908,0.0,1851.4093035995281,2151.3638497372376,1260.1660529921696,3825.0,0.0,1260.1660529921696,6000.0,793.255216084379,1260.1660529921696,1260.1660529921696,3825.0,1.0,0.0,0.0,49.0,5.0,0.0,1.0,49.0,0.0,0.0,5.0,0.0,1.0,1.0,829.3312494772579,1260.1660529921696,6000.0,36.07603339287891,1817.282036159364,0.0,1.0,0.0,1.0,1.0,0.0,1.0,5.0,4.0,0.0,0.0,1260.1660529921696,6.0,682.901287363979,49.0,0.0,290.0735260773496,22.0,682.901287363979,1260.1660529921696,6000.0,1260.1660529921696,3825.0,0.0,0.0,,,,,,,,,,,,,0.0,1260.1660529921696,3263.64556461269,22.0,-1386.0276905449653,4093.6,829.3312494772579,1260.1660529921696,1260.1660529921696,3263.64556461269,1.0,0.0,0.0,1260.1660529921696,6000.0,1.0,12.0,8.623771271554666,0.43118856357773333,0.0,2610.537252243743,0.0,1.0,0.0,1.0,1.0,1.0,1.0,0.0,0.0,0.0,0.0,0.0,2610.537252243743,314.0808637927207,0.0,0.0,0.0,793.255216084379,309.4080111308581,309.4080111308581,0.0,1.0,1817.282036159364,0.0,0.0,130.52686261218716,0.0,0.0,0.0,0.0,0.0,0.0,2610.537252243743,1.0,0.0,2610.537252243743,0.0,1.0,776.9747571449496,14042.0,14042.0,14042.0,5750.25,5750.25,5750.25,4093.6,4093.6,4093.6,3.0,23885.85,23885.85,23885.85,1260.1660529921696,6000.0,1.0,0.0,220.0,0.0,316.98540751703086,1.0,0.0,316.98540751703086,15.849270375851544,0.5,0.0,0.0,0.0,-2083.27564703281,3494.708004869947,-3315.000000000001,37566.666666666664,-22100.000000000004,5635.000000000001,0.15000000000000002,0.0,1293.025342966201,904.7105668810582,1293.025342966201,904.7105668810582,1.0,1.0,0.0,-826.9345782610811,1.0,8744.273665724755,-5512.897188407207,1311.6410498587134,1.0,1260.1660529921696,0.0,0.0,1260.1660529921696,4093.6,1200.0,6000.0,2755.775630873495,0.5218823997732633,0.4781176002267366,6000.0,793.255216084379,776.9747571449496,1.0,,1260.1660529921696,,6000.0,1.0,,1.0,1.0,2610.537252243743,,,0.0,0.0,309.4080111308581,103.13600371028603,1260.1660529921696,0.0,3179.0608578515194,1260.1660529921696,3825.0,92.09632099538285,1.0,0.0,0.0,-49.43107399560694,104.69362126424024,3.0,0.0,0.0,2175.0,1.0,0.0,1.0,0.0,0.0,0.0,0.0,0.0,0.0,1.0,6.0,0.0,1.0,0.37267080745341613,0.2012133777468521,0.0,0.0,1.0,0.5049469591091647,0.5049469591091647,0.0,1260.1660529921696,3825.0,1260.1660529921696,6000.0,793.255216084379,1260.1660529921696,1260.1660529921696,3825.0,1.0,0.0,0.0,0.0,0.0,0.0,1260.1660529921696,6000.0,11951.4384273683,0.0,793.255216084379,1.0,1.0,4.437685834035631e-05,0.0,1260.1660529921696,1260.1660529921696,8401.107019947796,-0.020897355305555216,-0.04616517071380063,0.015443519399311139,0.2780253011932464,-0.4785350011024766,6.0,1.0,56.0,56.0,56.0,62.0,56.0,15.0,1.0,6.0,0.0,0.0,798.9597914043866,0.0,10.62494697972079,798.9597914043866,788.3348444246658,0.0,798.9597914043866,0.0,9.43491639563831,798.9597914043866,789.5248750087483,0.0,798.9597914043866,0.0,22.275768555371997,798.9597914043866,776.6840228490147,0.0,798.9597914043866,0.0,28.79904711054496,798.9597914043866,770.1607442938416,0.0,0.019686698186557453,0.010133296154082153,0.04024090517792701,0.060464131679033105,1.0,1500.0,1500.0,1500.0,1500.0,0.65,0.6536048868558778,0.0,0.2185221136509341,0.11449813352815638,0.050964407227031217,0.002585920124187879,0.0044528371555088595,0.0,0.0,0.0,-0.012872996941995752,0.10213453217622898,-0.013936228674268846,-0.00021729315222742684,0.003866553439385001,0.0,-0.003195809047097242,0.0,1.0,90.0,90.0,90.0,80.0,90.0,90.0,90.0,90.0,70.0,70.0,90.0,80.0,80.0,90.0,90.0,90.0,0.0,0.0,0.0,0.0,0.0,1.0,0.0,0.0,300.0,0.06782108037940715,0.0,1.0,1293.025342966201,1260.1660529921696,904.7105668810582,1260.1660529921696,1260.1660529921696,1260.1660529921696,0.0,0.0,0.0,1.0,0.0,0.0,0.0,1260.1660529921696,1260.1660529921696,0.0,1260.1660529921696,1260.1660529921696,1260.1660529921696,0.0,136.0,309.4080111308581,312.5750537853047,0.0,2.0,2.15081530000316,1260.1660529921696,51.0,1.0,3000.0,2868.7056013604197,69.0,72.0,0.65,0.65,1.3839342223503572,1.2686581054566248,1950.0,1875.0,750.0,1875.0,,,56.0,56.0,56.0,56.0,56.0,56.0,56.0,56.0,62.0,50.0,0.0,0.0,0.0,0.0,0.0,975.0,1500.0,975.0,375.0,34,6300.0,70.0,70.0,80.0,90.0,80.0,90.0,90.0,90.0,90.0,70.0,70.0,70.0,90.0,80.0,80.0,90.0,90.0,90.0
1316.7732473020712,4800.0,0.0,0.0,0.0,0.0,0.0,0.0,0.0,0.0,0.0,0.0,0.0,0.0,0.0,0.0,0.0,0.0,0.0,0.0,0.0,0.0,0.0,0.0,0.0,0.0,0.0,0.0,0.0,0.0,0.0,0.0,0.0,0.0,0.0,0.0,0.0,0.0,0.0,0.0,0.0,0.0,0.0,0.0,0.0,0.0,0.0,0.0,0.0,0.0,0.0,0.0,0.0,0.0,0.0,0.0,0.0,0.0,0.0,0.0,0.0,0.0,0.0,0.0,0.0,0.0,0.0,0.0,0.0,0.0,0.0,0.0,0.0,0.0,0.0,0.0,0.0,0.0,0.0,0.0,0.0,0.0,0.0,0.0,0.0,0.0,0.0,0.0,0.0,0.0,0.0,0.0,0.0,0.0,1142.058,1316.7732473020712,-2366.877665344175,6000.0,1200.0,3.0,139.63387565814656,323.8046668851996,184.17079122705303,12153.76278058743,0.979880572139198,0.0,1756.334609293151,2073.5979897605184,1316.7732473020712,4800.0,9.0,-2366.877665344175,4800.0,817.7577819456866,1316.7732473020712,1316.7732473020712,4800.0,1.0,0.0,0.0,49.0,5.0,0.0,1.0,49.0,0.0,0.0,5.0,0.0,1.0,1.0,833.2846893757077,-2366.877665344175,4800.0,15.526907430021083,1420.4110685578999,0.0,1.0,0.0,1.0,1.0,0.0,1.0,5.0,4.0,0.0,0.0,1316.7732473020712,10.0,706.8664075197803,49.0,0.0,193.64342089629315,26.0,706.8664075197803,-2366.877665344175,4800.0,1316.7732473020712,4800.0,0.0,0.0,,,,,,,,,,,,,0.0,1316.7732473020712,5000.0,10.0,-2366.877665344175,5000.0,833.2846893757077,1316.7732473020712,1316.7732473020712,5000.0,1.0,0.0,0.0,-2366.877665344175,4800.0,1.0,12.0,50.68906622995155,2.5344533114975776,0.0,2238.1688505035863,0.0,1.0,0.0,1.0,1.0,1.0,1.0,0.0,0.0,0.0,0.0,0.0,2238.1688505035863,323.0202816806961,0.0,0.0,0.0,817.7577819456866,323.8046668851996,323.8046668851996,0.0,1.0,1420.4110685578999,0.0,0.0,111.90844252517932,0.0,0.0,0.0,0.0,0.0,0.0,2238.1688505035863,1.0,0.0,2238.1688505035863,0.0,1.0,799.6659036167326,14042.0,14042.0,14042.0,5750.25,5750.25,5750.25,4093.6,4093.6,4093.6,3.0,23885.85,23885.85,23885.85,-2366.877665344175,4800.0,1.0,0.0,220.0,0.0,311.1485003491269,1.0,0.0,311.1485003491269,15.557425017456346,0.5,0.0,0.0,0.0,-2366.877665344175,3500.0,-3315.000000000001,37566.666666666664,-22100.000000000004,5635.000000000001,0.15000000000000002,0.0,1370.5683861909602,940.775045267117,1370.5683861909602,940.775045267117,1.0,1.0,0.0,-901.6842144969864,1.0,9097.755610372255,-6011.228096646575,1364.6633415558383,0.0,-2366.877665344175,0.0,0.0,-2366.877665344175,4093.6,1200.0,6000.0,4672.062741102357,0.47563313897761567,0.5243668610223844,6000.0,817.7577819456866,799.6659036167326,1.0,,1316.7732473020712,,6000.0,1.0,,1.0,1.0,2238.1688505035863,,,0.0,0.0,323.8046668851996,107.9348889617332,1316.7732473020712,0.0,3385.7200584739944,1316.7732473020712,4800.0,96.84159242226735,1.0,0.0,0.0,-50.690925617531036,107.6734272268987,3.0,-3683.650912646246,-3683.650912646246,0.0,1.0,1.0,1.0,0.0,0.0,0.0,0.0,0.0,0.0,1.0,6.0,0.0,1.0,0.37267080745341613,0.034259985128562764,0.0,0.0,1.0,0.6071287726408312,0.6071287726408312,0.0,1316.7732473020712,4800.0,-2366.877665344175,4800.0,817.7577819456866,1316.7732473020712,1316.7732473020712,4800.0,1.0,0.0,0.0,0.0,0.0,0.0,-2366.877665344175,4800.0,12153.76278058743,0.0,817.7577819456866,1.0,1.0,7.565843297931261e-05,0.0,-2366.877665344175,1316.7732473020712,8778.48831534714,0.07896348750926485,-0.003381168014238229,-0.08614004309856238,-0.2845970049982878,0.3762245013856653,6.0,1.0,56.0,56.0,56.0,56.0,62.0,16.0,1.0,6.0,0.0,0.0,725.0661897578461,0.0,3.0868163563932285,719.1297107693184,734.0894851027672,0.0,725.0661897578461,0.0,8.6878768121137,725.0661897578461,733.7540665699598,0.0,725.0661897578461,0.0,3.31054602924155,716.7864706102062,736.6564549347277,0.0,725.0661897578461,0.0,0.4395869204254268,713.6387021274757,736.9332643086419,0.0,-0.02174269683718305,-0.023765823932364847,-0.030530357834879427,-0.03267870179844188,1.0,975.0,1500.0,975.0,375.0,1.0,1.0,0.0,-0.025042174636575966,-0.02693522602711411,-0.0067856634914988945,-0.024021146167375208,0.0,0.0,0.0,0.0,-0.027113047184498387,-0.042204401972080065,-0.0038912637197157096,-0.00625768255367376,-0.011950462736099609,0.0,0.0,0.0,1.0,70.0,80.0,90.0,80.0,90.0,90.0,90.0,90.0,70.0,70.0,90.0,80.0,80.0,90.0,90.0,90.0,0.0,1.0,0.0,1.0,0.0,1.0,0.0,0.0,266.0,0.0641978987045835,0.0,1.0,1370.5683861909602,1316.7732473020712,940.775045267117,1316.7732473020712,-2366.877665344175,-2366.877665344175,0.0,0.0,0.0,1.0,0.0,0.0,0.0,1048.2233804980779,1316.7732473020712,-3415.101045842253,1316.7732473020712,1316.7732473020712,-2366.877665344175,268.5498668039934,104.0,323.8046668851996,325.27057686239243,0.0,2.0,2.2603283999924315,1316.7732473020712,51.0,1.0,2283.0390670925553,2516.960932907445,71.0,72.0,,,,,2283.0390670925553,2516.960932907445,3000.0,3000.0,,,56.0,56.0,56.0,56.0,56.0,56.0,62.0,50.0,56.0,56.0,0.0,0.0,0.0,0.0,0.0,1141.5195335462777,1258.4804664537226,1141.5195335462777,1258.4804664537226,35,6480.0,70.0,70.0,80.0,90.0,80.0,90.0,90.0,90.0,90.0,70.0,70.0,70.0,90.0,80.0,80.0,90.0,90.0,90.0
1360.080647730962,6000.0,0.0,0.0,0.0,0.0,0.0,0.0,0.0,0.0,0.0,0.0,0.0,0.0,0.0,0.0,0.0,0.0,0.0,0.0,0.0,0.0,0.0,0.0,0.0,0.0,0.0,0.0,0.0,0.0,0.0,0.0,0.0,0.0,0.0,0.0,0.0,0.0,0.0,0.0,0.0,0.0,0.0,0.0,0.0,0.0,0.0,0.0,0.0,0.0,0.0,0.0,0.0,0.0,0.0,0.0,0.0,0.0,0.0,0.0,0.0,0.0,0.0,0.0,0.0,0.0,0.0,0.0,0.0,0.0,0.0,0.0,0.0,0.0,0.0,0.0,0.0,0.0,0.0,0.0,0.0,0.0,0.0,0.0,0.0,0.0,0.0,0.0,0.0,0.0,0.0,0.0,0.0,0.0,1142.058,1360.080647730962,-2489.7835950705025,6000.0,1200.0,3.0,149.498120333954,339.45491479708255,189.95679446312857,15045.537535338235,0.982350551477303,0.0,1949.9089413539054,2238.329512132993,1360.080647730962,4310.817354104574,10.0,-2489.7835950705025,5000.0,896.2554384672928,1360.080647730962,1360.080647730962,4310.817354104574,1.0,0.0,0.0,49.0,5.0,0.0,1.0,49.0,,0.0,5.0,0.0,,1.0,,,,0.0,1567.568781700278,0.0,1.0,0.0,,1.0,0.0,1.0,5.0,4.0,0.0,0.0,,10.0,747.2117202378972,49.0,0.0,217.75146529614017,26.0,747.2117202378972,,,,,0.0,0.0,,,,,,,,,,,,,0.0,1360.080647730962,4310.817354104574,26.0,-1741.0606456866897,5000.0,896.2554384672928,1360.080647730962,1360.080647730962,4310.817354104574,1.0,0.0,0.0,,,,12.0,2719.1910948674076,135.95955474337038,0.0,2463.8242201675707,0.0,1.0,0.0,1.0,1.0,1.0,1.0,0.0,0.0,0.0,0.0,0.0,2463.8242201675707,339.45491479708255,0.0,0.0,0.0,896.2554384672928,341.57264360393896,341.57264360393896,0.0,1.0,1567.568781700278,0.0,1.0,123.19121100837854,1.0,0.0,1.0,0.0,0.0,1.0,2463.8242201675707,1.0,0.0,2463.8242201675707,0.0,1.0,2308.9428039140616,14042.0,14042.0,14042.0,5750.25,5750.25,5750.25,4093.6,4093.6,4093.6,3.0,23885.85,23885.85,23885.85,1360.080647730962,6000.0,0.0,0.0,220.0,0.0,378.43723020277093,1.0,0.0,378.43723020277093,18.921861510138548,0.5,0.005634462219883854,0.0,2.817231109941927,-2489.7835950705025,3500.0,-3315.000000000001,37566.666666666664,-22100.000000000004,5635.000000000001,,,,,,,,,,-851.4073092423706,1.0,9107.077403740444,-5676.04872828247,1366.0616105610668,0.0,,,,,4093.6,1200.0,6000.0,3333.4837101421754,0.48716347082091493,0.5128365291790852,6000.0,2463.8242201675707,2308.9428039140616,1.0,0.0,1360.080647730962,0.0,6000.0,1.0,1.0,1.0,1.0,2463.8242201675707,1360.080647730962,6000.0,1.0,0.0,339.45491479708255,113.15163826569419,1360.080647730962,0.0,3124.555523529357,1360.080647730962,6000.0,101.9261033512292,1.0,0.0,0.0,-50.22498604946094,113.15163826569419,3.0,,,,,,,,,,,,,,6.0,0.0,1.0,0.37267080745341613,0.06168638841982288,0.0,0.0,1.0,0.6650353737347228,0.6650353737347228,0.0,1360.080647730962,6000.0,-2489.7835950705025,5000.0,2463.8242201675707,1360.080647730962,1360.080647730962,4310.817354104574,0.0,1.0,0.0,1.0,0.0,0.0,,,15045.537535338235,0.0,2463.8242201675707,0.0,5.0,0.005634462219883854,0.0,1360.080647730962,1360.080647730962,9067.204318206412,0.021601305864441162,-0.04516316593030867,-0.016678794742427765,0.007561979998338714,-0.2752301123479093,6.0,1.0,56.0,56.0,56.0,62.0,56.0,17.0,1.0,6.0,0.0,0.0,724.0792567356983,0.0,8.752479411399463,727.876300472846,729.03469240995,1.0,724.0792567356983,0.0,13.696494314242045,732.722379974253,729.1326278113856,1.0,724.0792567356983,0.0,24.969358941909604,740.4539502863812,732.6739221269249,1.0,724.0792567356983,0.0,23.796677222982908,740.1518379095462,731.8033527848334,1.0,-0.001591516745542473,0.006783200046713646,0.01021608110480848,0.01397750298856001,1.0,1141.5195335462777,1258.4804664537226,1141.5195335462777,1258.4804664537226,,,0.0,-0.03545605333258522,-0.03232682038423604,-0.003643835449206989,-0.010192643312837646,0.0,0.0,0.0,0.0,-0.0319014971670164,-0.07073303469979066,-0.03858307808058825,-0.03460856862225654,-0.0022105874281578507,0.0,0.0,0.0,1.0,70.0,80.0,90.0,80.0,90.0,90.0,90.0,90.0,70.0,70.0,90.0,80.0,80.0,90.0,90.0,90.0,0.0,0.0,0.0,0.0,0.0,1.0,0.0,,948.0,0.0641978987045835,0.0,0.0,0.0,,0.0,,0.0,,0.0,0.0,0.0,1.0,0.0,0.0,0.0,0.0,,0.0,,1360.080647730962,0.0,1360.080647730962,120.0,339.45491479708255,342.5352801475425,0.0,2.0,5.094085600008839,1360.080647730962,51.0,1.0,,,71.0,72.0,,,,,,,,,1.0,1.0,56.0,56.0,56.0,56.0,56.0,56.0,56.0,56.0,62.0,50.0,0.0,0.0,0.0,0.0,0.0,1500.0,1500.0,1500.0,1500.0,36,6660.0,70.0,70.0,80.0,90.0,80.0,90.0,90.0,90.0,90.0,70.0,70.0,70.0,90.0,80.0,80.0,90.0,90.0,90.0
1322.7711726011257,3573.838161143093,0.0,0.0,0.0,0.0,0.0,0.0,0.0,0.0,0.0,0.0,0.0,0.0,0.0,0.0,0.0,0.0,0.0,0.0,0.0,0.0,0.0,0.0,0.0,0.0,0.0,0.0,0.0,0.0,0.0,0.0,0.0,0.0,0.0,0.0,0.0,0.0,0.0,0.0,0.0,0.0,0.0,0.0,0.0,0.0,0.0,0.0,0.0,0.0,0.0,0.0,0.0,0.0,0.0,0.0,0.0,0.0,0.0,0.0,0.0,0.0,0.0,0.0,0.0,0.0,0.0,0.0,0.0,0.0,0.0,0.0,0.0,0.0,0.0,0.0,0.0,0.0,0.0,0.0,0.0,0.0,0.0,0.0,0.0,0.0,0.0,0.0,0.0,0.0,0.0,0.0,0.0,0.0,1142.058,1322.7711726011257,-2463.4908417695565,6000.0,1200.0,3.0,143.23896794782408,354.8868099182232,211.6478419703991,13317.638015075114,0.9831706522626383,0.0,2429.357987257081,2712.00165425277,1322.7711726011257,3573.838161143093,0.0,1322.7711726011257,6000.0,950.3981584822608,1322.7711726011257,1322.7711726011257,3573.838161143093,1.0,0.0,0.0,49.0,5.0,0.0,1.0,49.0,0.0,0.0,5.0,0.0,1.0,1.0,1009.6384947096308,1322.7711726011257,6000.0,59.240336227369994,1886.5422255767176,0.0,1.0,0.0,1.0,1.0,0.0,1.0,5.0,4.0,0.0,0.0,1322.7711726011257,4.0,840.0026825742666,49.0,0.0,182.37760003361882,20.0,840.0026825742666,1322.7711726011257,6000.0,1322.7711726011257,3573.838161143093,0.0,0.0,,,,,,,,,,,,,0.0,1322.7711726011257,2562.8128027691673,4.0,-2463.4908417695565,3000.0,1009.6384947096308,1322.7711726011257,1322.7711726011257,2562.8128027691673,1.0,0.0,0.0,1322.7711726011257,6000.0,1.0,12.0,10.99748117276981,0.5498740586384905,0.0,2836.9403840589785,0.0,1.0,0.0,1.0,1.0,1.0,1.0,0.0,0.0,0.0,0.0,0.0,2836.9403840589785,367.680801591674,0.0,0.0,0.0,950.3981584822608,354.8868099182232,354.8868099182232,0.0,1.0,1886.5422255767176,0.0,0.0,141.84701920294893,0.0,0.0,0.0,0.0,0.0,0.0,2836.9403840589785,1.0,0.0,2836.9403840589785,0.0,1.0,888.0489483907188,14042.0,14042.0,14042.0,5750.25,5750.25,5750.25,4093.6,4093.6,4093.6,3.0,23885.85,23885.85,23885.85,1322.7711726011257,6000.0,1.0,0.0,220.0,0.0,1235.9867206580693,1.0,0.0,1235.9867206580693,61.79933603290347,0.5,0.0,0.0,0.0,-2463.4908417695565,3500.0,-3315.000000000001,37566.666666666664,-22100.000000000004,5635.000000000001,0.15000000000000002,0.0,1384.3718670455703,962.7419398119091,1384.3718670455703,962.7419398119091,1.0,1.0,0.0,-908.5848994792887,1.0,9449.440968700888,-6057.2326631952565,1417.4161453051336,0.0,1322.7711726011257,0.0,0.0,1322.7711726011257,4093.6,1200.0,6000.0,2601.589450909612,0.5836312407325402,0.41636875926745975,6000.0,950.3981584822608,888.0489483907188,1.0,,1322.7711726011257,,6000.0,1.0,,1.0,1.0,2836.9403840589785,,,0.0,0.0,354.8868099182232,118.2956033060744,1322.7711726011257,0.0,3511.1040717209776,1322.7711726011257,3573.838161143093,106.44816335698472,1.0,0.0,0.0,-52.85469630203522,122.56026719722468,3.0,0.0,0.0,2426.161838856907,1.0,0.0,1.0,0.0,0.0,0.0,0.0,0.0,0.0,1.0,6.0,0.0,1.0,0.37267080745341613,0.21828614962700632,0.0,0.0,1.0,0.6461503428705253,0.6461503428705253,0.0,1322.7711726011257,3573.838161143093,1322.7711726011257,6000.0,950.3981584822608,1322.7711726011257,1322.7711726011257,3573.838161143093,1.0,0.0,0.0,0.0,0.0,0.0,1322.7711726011257,6000.0,13317.638015075114,0.0,950.3981584822608,1.0,1.0,3.794469279574276e-05,0.0,1322.7711726011257,1322.7711726011257,8818.474484007504,0.0789590488078273,-0.014216189642842214,-0.1400013104685603,-0.2568324722857902,0.184024957938302,6.0,1.0,56.0,56.0,56.0,56.0,62.0,18.0,1.0,6.0,0.0,0.0,914.9599525059558,0.0,3.0835318264719263,914.9599525059558,911.8764206794839,0.0,914.9599525059558,0.0,18.42683966894151,914.9599525059558,896.5331128370144,0.0,914.9599525059558,0.0,13.999740260924455,914.9599525059558,900.9602122450312,0.0,914.9599525059558,0.0,29.76798763830243,914.9599525059558,885.1919648676534,0.0,-0.002011291467298974,0.04025024281176737,0.012455830295585363,0.0657856593809977,1.0,1500.0,1500.0,1500.0,1500.0,0.65,0.65,0.0,0.010271560779605695,0.008989497581973184,0.0,-0.001222458005506155,-0.002112948306732676,0.0,-0.0062221257256986455,0.0,0.15510409089488988,-0.20604035353746114,0.09978375734925322,0.018476264626922045,2.912003966244487e-05,0.0,-0.006737049009367268,0.0,1.0,70.0,80.0,90.0,80.0,90.0,90.0,90.0,90.0,70.0,70.0,90.0,80.0,80.0,90.0,90.0,90.0,0.0,0.0,0.0,0.0,0.0,1.0,0.0,0.0,257.0,0.059992148595303066,0.0,1.0,1384.3718670455703,1322.7711726011257,962.7419398119091,1322.7711726011257,1322.7711726011257,1322.7711726011257,0.0,0.0,0.0,1.0,0.0,0.0,0.0,1322.7711726011257,1322.7711726011257,0.0,1322.7711726011257,1322.7711726011257,1322.7711726011257,0.0,96.0,354.8868099182232,356.35060612424843,0.0,2.0,1.9670394999993732,1322.7711726011257,51.0,1.0,3000.0,2498.2125556047586,71.0,72.0,0.65,0.65,1.6506238034060219,1.2307026914965913,1950.0,1623.8381611430932,1875.0,750.0,,,56.0,56.0,56.0,56.0,56.0,56.0,62.0,50.0,56.0,56.0,0.0,0.0,0.0,0.0,0.0,1500.0,811.9190805715466,450.0,811.9190805715466,37,6840.0,70.0,70.0,80.0,90.0,80.0,90.0,90.0,90.0,90.0,50.0,50.0,90.0,90.0,80.0,80.0,90.0,90.0,90.0
1441.109377624317,4500.000000000001,0.0,0.0,0.0,0.0,0.0,0.0,0.0,0.0,0.0,0.0,0.0,0.0,0.0,0.0,0.0,0.0,0.0,0.0,0.0,0.0,0.0,0.0,0.0,0.0,0.0,0.0,0.0,0.0,0.0,0.0,0.0,0.0,0.0,0.0,0.0,0.0,0.0,0.0,0.0,0.0,0.0,0.0,0.0,0.0,0.0,0.0,0.0,0.0,0.0,0.0,0.0,0.0,0.0,0.0,0.0,0.0,0.0,0.0,0.0,0.0,0.0,0.0,0.0,0.0,0.0,0.0,0.0,0.0,0.0,0.0,0.0,0.0,0.0,0.0,0.0,0.0,0.0,0.0,0.0,0.0,0.0,0.0,0.0,0.0,0.0,0.0,0.0,0.0,0.0,0.0,0.0,0.0,1142.058,1441.109377624317,-2688.623630021418,6000.0,1200.0,3.0,150.83774489403856,370.3379851332782,219.50024023923964,12940.102598150981,0.9840267955662384,0.0,2420.057144636674,2720.11442316698,1441.109377624317,4500.000000000001,22.0,-1915.0456762687409,4500.0,940.9961646776826,1441.109377624317,1441.109377624317,4500.000000000001,1.0,0.0,0.0,49.0,5.0,0.0,1.0,49.0,0.0,0.0,5.0,0.0,1.0,1.0,949.935704332246,-1915.0456762687409,4500.0,0.0,1449.9861187936442,0.0,1.0,0.0,1.0,1.0,0.0,1.0,5.0,4.0,0.0,0.0,1441.109377624317,6.0,836.1117636658165,49.0,0.0,168.18985464787943,22.0,836.1117636658165,-1915.0456762687409,4500.0,1441.109377624317,4500.000000000001,0.0,0.0,,,,,,,,,,,,,0.0,1441.109377624317,4500.000000000001,38.0,-1141.4677225160635,4500.0,940.9961646776826,1441.109377624317,1441.109377624317,4500.000000000001,1.0,0.0,0.0,-1915.0456762687409,4500.0,1.0,18.0,106.3142871084612,5.315714355423061,0.0,2390.982283471327,0.0,1.0,0.0,1.0,1.0,1.0,1.0,0.0,0.0,0.0,0.0,0.0,2390.982283471327,373.3745598944341,0.0,0.0,0.0,940.9961646776826,370.3379851332782,370.3379851332782,0.0,1.0,1449.9861187936442,0.0,0.0,119.54911417356635,0.0,0.0,0.0,0.0,0.0,0.0,2390.982283471327,1.0,0.0,2390.982283471327,0.0,1.0,872.2842604303146,14042.0,14042.0,14042.0,5750.25,5750.25,5750.25,4093.6,4093.6,4093.6,3.0,23885.85,23885.85,23885.85,-1915.0456762687409,4500.0,1.0,0.0,220.0,0.0,1267.9237978388983,1.0,0.0,1267.9237978388983,63.396189891944914,0.5,0.0,0.0,0.0,-2688.623630021418,3500.0,-3315.000000000001,37566.666666666664,-22100.000000000004,5635.000000000001,0.15000000000000002,0.0,1474.3142387354278,1110.455595843709,1474.3142387354278,1110.455595843709,1.0,1.0,0.0,-859.2914969650321,1.0,9502.156719610399,-5728.60997976688,1425.3235079415601,0.0,-1915.0456762687409,0.0,0.0,-1915.0456762687409,4093.6,1200.0,6000.0,5348.895353408647,0.4153280426098497,0.5846719573901504,6000.0,940.9961646776826,872.2842604303146,1.0,,1441.109377624317,,6000.0,1.0,,1.0,1.0,2390.982283471327,,,0.0,0.0,370.3379851332782,123.44599504442607,1441.109377624317,0.0,3837.6407805621184,1441.109377624317,4500.000000000001,111.36709482513511,1.0,0.0,0.0,-57.982504425450315,124.45818663147804,3.0,-3356.155053893058,-3356.155053893058,-9.094947017729282e-13,1.0,1.0,1.0,0.0,0.0,0.0,0.0,0.0,0.0,1.0,6.0,0.0,1.0,0.37267080745341613,0.05569591166059529,0.0,0.0,1.0,0.7449304877983463,0.7449304877983463,0.0,1441.109377624317,4500.000000000001,-1915.0456762687409,4500.0,940.9961646776826,1441.109377624317,1441.109377624317,4500.000000000001,1.0,0.0,0.0,0.0,0.0,0.0,-1915.0456762687409,4500.0,12940.102598150981,0.0,940.9961646776826,1.0,1.0,0.0003879479381686029,0.0,-1915.0456762687409,1441.109377624317,9607.395850828778,0.041030640145831576,-0.05316373754865507,0.008376275882007178,-0.1707463488638498,0.2417811156754889,6.0,1.0,56.0,56.0,56.0,62.0,56.0,19.0,1.0,6.0,0.0,0.0,810.7106766669755,0.0,7.972571806994665,810.7106766669755,818.6832484739703,0.0,810.7106766669755,0.0,1.6234812280217739,800.6523465966449,822.3924879653279,0.0,810.7106766669755,0.0,2.647088526229709,802.662565837194,821.4058760229866,0.0,810.7106766669755,0.0,0.05999027658504019,798.138522684871,823.222840372495,0.0,-0.022848665282286997,-0.03051502004878043,-0.028501384072812167,-0.035360415489000825,1.0,1500.0,811.9190805715466,450.0,811.9190805715466,1.0,1.0,0.0,-0.02412814756335635,-0.028474645058684443,-0.0030949980298466077,-0.0027741363467612247,-0.00011947483665153413,-0.0002348778596626744,-0.00018480881301456974,-0.00011977345526474892,-0.1267059764014334,-0.008763331929188212,-0.00947561837621862,-0.026080247027066152,-0.027942557092332974,-0.003458960157051649,-0.003863941859071929,-0.003380690998254465,1.0,70.0,80.0,90.0,80.0,90.0,90.0,90.0,90.0,50.0,90.0,90.0,80.0,80.0,90.0,90.0,90.0,0.0,1.0,0.0,1.0,0.0,1.0,0.0,0.0,281.0,0.05699450401671214,0.0,1.0,1474.3142387354278,1441.109377624317,1110.455595843709,1441.109377624317,-1915.0456762687409,-1915.0456762687409,0.0,0.0,0.0,1.0,0.0,0.0,0.0,1201.4202565666387,1441.109377624317,-3116.4659328353796,1441.109377624317,1441.109377624317,-1915.0456762687409,239.68912105767822,120.0,370.3379851332782,373.39287208922167,0.0,2.0,2.023093900003005,1441.109377624317,51.0,1.0,1868.9761917443236,2631.023808255677,71.0,69.0,,,,,1868.9761917443236,2631.023808255677,3000.0,3000.0,,,56.0,56.0,56.0,56.0,56.0,56.0,62.0,50.0,50.0,62.0,0.0,0.0,0.0,0.0,0.0,934.4880958721618,1315.5119041278385,934.4880958721618,1315.5119041278385,38,7020.0,70.0,70.0,80.0,90.0,80.0,90.0,90.0,90.0,90.0,70.0,70.0,90.0,90.0,80.0,80.0,90.0,90.0,90.0
1460.0121500167618,6000.0,0.0,0.0,0.0,0.0,0.0,0.0,0.0,0.0,0.0,0.0,0.0,0.0,0.0,0.0,0.0,0.0,0.0,0.0,0.0,0.0,0.0,0.0,0.0,0.0,0.0,0.0,0.0,0.0,0.0,0.0,0.0,0.0,0.0,0.0,0.0,0.0,0.0,0.0,0.0,0.0,0.0,0.0,0.0,0.0,0.0,0.0,0.0,0.0,0.0,0.0,0.0,0.0,0.0,0.0,0.0,0.0,0.0,0.0,0.0,0.0,0.0,0.0,0.0,0.0,0.0,0.0,0.0,0.0,0.0,0.0,0.0,0.0,0.0,0.0,0.0,0.0,0.0,0.0,0.0,0.0,0.0,0.0,0.0,0.0,0.0,0.0,0.0,0.0,0.0,0.0,0.0,0.0,1142.058,1460.0121500167618,-2810.3333848187553,6000.0,1200.0,3.0,161.11128195369602,385.68966847229547,224.57838651859947,14538.589916090832,0.9844760398630099,0.0,2500.919636014313,2753.112080752952,1460.0121500167618,3916.01416192052,9.0,-2810.3333848187553,4800.0,942.0152557528717,1460.0121500167618,1460.0121500167618,3916.01416192052,1.0,0.0,0.0,49.0,5.0,0.0,1.0,49.0,,0.0,5.0,0.0,,1.0,,,,3.2599286175814086,1211.178293305687,0.0,1.0,0.0,,1.0,0.0,1.0,5.0,4.0,0.0,0.0,,10.0,820.6210519542229,49.0,0.0,194.47741573408223,26.0,820.6210519542229,,,,,0.0,0.0,,,,,,,,,,,,,0.0,1460.0121500167618,4079.1814186672086,10.0,-2810.3333848187553,5000.0,945.2751843704531,1460.0121500167618,1460.0121500167618,4079.1814186672086,1.0,0.0,0.0,,,,18.0,2189.9027754996837,109.49513877498418,0.0,2153.193549058559,0.0,1.0,0.0,1.0,1.0,1.0,1.0,0.0,0.0,0.0,0.0,0.0,2153.193549058559,385.68966847229547,0.0,0.0,0.0,942.0152557528717,389.7148132823243,389.7148132823243,0.0,1.0,1211.178293305687,0.0,1.0,107.65967745292795,1.0,0.0,1.0,0.0,0.0,1.0,2153.193549058559,1.0,0.0,2153.193549058559,0.0,1.0,1976.169975491442,14042.0,14042.0,14042.0,5750.25,5750.25,5750.25,4093.6,4093.6,4093.6,3.0,23885.85,23885.85,23885.85,1460.0121500167618,6000.0,0.0,0.0,220.0,0.0,1350.5686958426486,1.0,0.0,1350.5686958426486,67.52843479213243,0.5,0.004852288313720463,0.0,2.4261441568602318,-2810.3333848187553,3500.0,-3315.000000000001,37566.666666666664,-22100.000000000004,5635.000000000001,,,,,,,,,,-914.8669546524349,1.0,9739.31070103461,-6099.113031016232,1460.8966051551918,0.0,,,,,4093.6,1200.0,6000.0,3615.8790766122656,0.5095444771648561,0.49045552283514393,6000.0,2153.193549058559,1976.169975491442,1.0,0.0,1460.0121500167618,0.0,6000.0,1.0,1.0,1.0,1.0,2153.193549058559,1460.0121500167618,6000.0,1.0,0.0,385.68966847229547,128.5632228240985,1460.0121500167618,0.0,3470.160929504957,1460.0121500167618,6000.0,116.97996478728179,1.0,0.0,0.0,-61.391878334435035,128.5632228240985,3.0,,,,,,,,,,,,,,6.0,0.0,1.0,0.37267080745341613,0.02654011892546082,0.0,0.0,1.0,0.7897338998938017,0.7897338998938017,0.0,1460.0121500167618,6000.0,-2810.3333848187553,4800.0,2153.193549058559,1460.0121500167618,1460.0121500167618,3916.01416192052,0.0,1.0,0.0,1.0,0.0,0.0,,,14538.589916090832,0.0,2153.193549058559,0.0,5.0,0.004852288313720463,0.0,1460.0121500167618,1460.0121500167618,9733.414333445076,0.0698450709951477,-0.035030543612709554,0.020996955776272586,-0.0757302975048404,0.0328728870498729,6.0,1.0,56.0,56.0,56.0,62.0,50.0,20.0,1.0,6.0,0.0,1.0,772.9721037846119,0.0,2.301423601340275,765.052776919939,783.192854250625,0.0,772.9721037846119,1.0,20.41357501796938,789.7840025501494,776.5737800370439,1.0,772.9721037846119,0.0,3.723682782054084,763.2941684236058,786.3737219276721,0.0,772.9721037846119,1.0,34.0810051575495,800.8826286299479,779.1425840968254,1.0,-0.026123620656697016,0.025521327237755208,-0.03464942802231564,0.03971713700567941,1.0,934.4880958721618,1315.5119041278385,934.4880958721618,1315.5119041278385,,,0.0,-0.019822089457381505,-0.0225467120828931,-0.010309542197972376,-0.02577176661433,-0.005750469759061616,-0.003348476253887611,-0.003192385874649517,-0.0025658951215064008,-0.003828606581068073,0.0696561877519919,-0.0024053957721768882,-0.052335958305484806,0.002891674255357657,0.0,0.0,0.0,1.0,70.0,80.0,90.0,80.0,90.0,90.0,90.0,90.0,70.0,90.0,90.0,80.0,80.0,90.0,90.0,90.0,0.0,0.0,0.0,0.0,0.0,1.0,0.0,,884.0,0.05699450401671214,0.0,0.0,0.0,,0.0,,0.0,,0.0,0.0,0.0,1.0,0.0,0.0,0.0,0.0,,0.0,,1460.0121500167618,0.0,1460.0121500167618,88.0,385.68966847229547,388.25555698879396,0.0,3.0,4.782377299998188,1460.0121500167618,51.0,1.0,,,71.0,71.0,,,,,,,,,1.0,1.0,56.0,56.0,56.0,56.0,56.0,56.0,62.0,50.0,44.0,68.0,0.0,0.0,0.0,0.0,0.0,1500.0,1500.0,1500.0,1500.0,39,7200.0,70.0,70.0,80.0,90.0,80.0,90.0,90.0,90.0,90.0,70.0,70.0,90.0,90.0,80.0,80.0,90.0,90.0,90.0
1414.4686564954318,4034.197090252852,0.0,0.0,0.0,0.0,0.0,0.0,0.0,0.0,0.0,0.0,0.0,0.0,0.0,0.0,0.0,0.0,0.0,0.0,0.0,0.0,0.0,0.0,0.0,0.0,0.0,0.0,0.0,0.0,0.0,0.0,0.0,0.0,0.0,0.0,0.0,0.0,0.0,0.0,0.0,0.0,0.0,0.0,0.0,0.0,0.0,0.0,0.0,0.0,0.0,0.0,0.0,0.0,0.0,0.0,0.0,0.0,0.0,0.0,0.0,0.0,0.0,0.0,0.0,0.0,0.0,0.0,0.0,0.0,0.0,0.0,0.0,0.0,0.0,0.0,0.0,0.0,0.0,0.0,0.0,0.0,0.0,0.0,0.0,0.0,0.0,0.0,0.0,0.0,0.0,0.0,0.0,0.0,1142.058,3500.0,-2778.4382426124384,6000.0,1200.0,3.0,152.4981699022068,398.601695541809,246.1035256396022,12030.231925206179,0.9850388708697004,0.0,2617.393247759921,2866.6795929077985,1414.4686564954318,4034.197090252852,28.0,2453.59362623126,4400.0,897.969497202305,1414.4686564954318,1414.4686564954318,4034.197090252852,1.0,0.0,0.0,50.0,6.0,1.0,0.0,75.0,0.0,0.0,11.0,1.0,1.0,1.0,2289.3766279865104,2453.59362623126,4400.0,0.030916437066025537,1391.4071307842055,0.0,1.0,0.0,1.0,1.0,1.0,0.0,6.0,4.0,0.0,0.0,1414.4686564954318,28.0,813.815473533743,50.0,0.0,282.57214456094084,29.0,813.815473533743,2453.59362623126,4400.0,1414.4686564954318,4034.197090252852,25.0,5.0,1.0,0.0,1.0,5.0,4.0,11.0,814.2258635560414,25.0,8.186085617149047,282.1617545386424,10.0,822.4119491731905,1.0,1414.4686564954318,4083.2697513949624,24.0,0.0,4500.0,898.000413639371,1414.4686564954318,1414.4686564954318,4083.2697513949624,1.0,0.0,0.0,1426.3679620509874,4400.0,1.0,18.0,53.23419782087726,2.6617098910438632,0.0,2289.3766279865104,0.0,1.0,0.0,1.0,1.0,1.0,1.0,0.0,0.0,0.0,0.0,0.0,2289.3766279865104,410.4863649834877,0.0,0.0,0.0,897.969497202305,398.601695541809,398.601695541809,0.0,1.0,1391.4071307842055,0.0,0.0,114.46883139932552,0.0,0.0,0.0,0.0,0.0,0.0,2289.3766279865104,1.0,0.0,2289.3766279865104,0.0,1.0,817.4253525464562,14042.0,13050.8,14042.0,5750.25,5344.35,5750.25,4093.6,3804.6400000000003,4093.6,3.0,23885.85,22199.79,23885.85,2453.59362623126,4400.0,1.0,0.0,220.0,0.0,1557.6486952960984,1.0,0.0,1557.6486952960984,77.88243476480493,0.5,0.0,0.0,0.0,-2778.4382426124384,3500.0,-3315.000000000001,37566.666666666664,-22100.000000000004,5635.000000000001,0.15000000000000002,0.0,1426.3679620509874,1100.475865705504,1426.3679620509874,1100.475865705504,1.0,1.0,0.0,-854.858059910688,1.0,9230.123234895815,-5699.053732737919,1384.5184852343725,0.0,1426.3679620509874,1.0,1027.2256641802724,2453.59362623126,4093.6,1200.0,6000.0,2570.944886053861,0.49072661142110274,0.5092733885788973,6000.0,897.969497202305,817.4253525464562,1.0,,1414.4686564954318,,6000.0,1.0,,1.0,1.0,2289.3766279865104,,,0.0,0.0,398.601695541809,132.86723184726966,1414.4686564954318,0.0,3548.548682509854,1414.4686564954318,4034.197090252852,122.02920811792943,1.0,0.0,0.0,-62.76357658773503,136.82878832782924,3.0,1039.124969735828,1039.124969735828,365.8029097471481,1.0,1.0,1.0,0.0,0.0,0.0,0.0,0.0,0.0,1.0,6.0,0.0,1.0,0.37267080745341613,0.23681601240573036,0.0,0.0,1.0,0.7818980487897852,0.7818980487897852,0.0,1414.4686564954318,4034.197090252852,2453.59362623126,4400.0,897.969497202305,1414.4686564954318,1414.4686564954318,4034.197090252852,1.0,0.0,0.0,0.0,0.0,0.0,1426.3679620509874,4400.0,12030.231925206179,0.0,897.969497202305,1.0,4.0,0.0005126455920203796,0.0,2453.59362623126,1414.4686564954318,9429.791043302877,0.04498509178198844,-0.07589435502226076,-0.0021906814606467142,0.0019276208738189526,-0.03498553075589209,6.0,1.0,56.0,56.0,56.0,62.0,44.0,21.0,1.0,6.0,0.0,0.0,876.9060342320851,0.0,2.980231501146818,876.9060342320851,873.9258027309384,0.0,876.9060342320851,0.0,8.101476194734914,876.9060342320851,868.8045580373501,0.0,876.9060342320851,0.0,11.116770995222623,876.9060342320851,865.7892632368624,0.0,876.9060342320851,0.0,25.047703777292327,876.9060342320851,851.8583304547926,0.0,-0.011779512345649057,0.0079432307628556,-0.007986022570920279,0.04476689874433239,1.0,1500.0,1500.0,1500.0,1500.0,1.0,0.8367536439032806,0.0,0.07464347891305324,0.04069514726569565,1.1643012364714877e-05,0.001995518422096865,0.011081834246332533,0.0,0.00847762835782646,0.0,-0.11028535644603821,-0.30472683317106614,-0.021693577481383387,-0.001353751824105842,-0.026270065860460788,0.0,0.0,0.0,1.0,70.0,80.0,90.0,80.0,90.0,90.0,90.0,90.0,70.0,90.0,90.0,80.0,80.0,90.0,90.0,90.0,0.0,0.0,0.0,0.0,0.0,1.0,0.0,0.0,776.0,0.053427306968188946,0.0,1.0,1426.3679620509874,1414.4686564954318,1100.475865705504,1414.4686564954318,1426.3679620509874,1426.3679620509874,0.0,0.0,0.0,1.0,0.0,0.0,0.0,1426.3679620509874,1414.4686564954318,0.0,1414.4686564954318,1414.4686564954318,1426.3679620509874,-11.899305555555657,128.0,398.601695541809,401.69691853842977,0.0,2.0,4.493296699991333,1414.4686564954318,51.0,1.0,2159.197090252852,2240.802909747148,71.0,68.0,,0.65,,1.4328761540121937,2159.197090252852,1875.0,3000.0,1875.0,1.0,1.0,56.0,56.0,56.0,56.0,56.0,56.0,56.0,56.0,44.0,68.0,0.0,0.0,0.0,0.0,0.0,1079.598545126426,1500.0,1079.598545126426,375.0,40,7380.0,70.0,70.0,80.0,90.0,80.0,90.0,90.0,90.0,90.0,80.0,100.0,100.0,90.0,80.0,80.0,90.0,90.0,90.0
1261.3673244082565,4999.999999999999,0.0,0.0,0.0,0.0,0.0,0.0,0.0,0.0,0.0,0.0,0.0,0.0,0.0,0.0,0.0,0.0,0.0,0.0,0.0,0.0,0.0,0.0,0.0,0.0,0.0,0.0,0.0,0.0,0.0,0.0,0.0,0.0,0.0,0.0,0.0,0.0,0.0,0.0,0.0,0.0,0.0,0.0,0.0,0.0,0.0,0.0,0.0,0.0,0.0,0.0,0.0,0.0,0.0,0.0,0.0,0.0,0.0,0.0,0.0,0.0,0.0,0.0,0.0,0.0,0.0,0.0,0.0,0.0,0.0,0.0,0.0,0.0,0.0,0.0,0.0,0.0,0.0,0.0,0.0,0.0,0.0,0.0,0.0,0.0,0.0,0.0,0.0,0.0,0.0,0.0,0.0,0.0,1142.058,1261.3673244082565,-2840.9443775679106,6000.0,1200.0,3.0,155.12624954704216,396.64596292046747,241.51971337342528,10771.413227746107,0.9857230285591871,0.0,2453.46942552807,2656.7508797424957,1261.3673244082565,4999.999999999999,10.0,-2840.9443775679106,5000.0,823.34712939391,1261.3673244082565,1261.3673244082565,4999.999999999999,1.0,0.0,0.0,49.0,5.0,0.0,1.0,49.0,0.0,0.0,5.0,0.0,1.0,1.0,1608.2422040053918,-2840.9443775679106,5000.0,0.0,807.1780674338271,0.0,1.0,0.0,1.0,1.0,0.0,1.0,5.0,4.0,0.0,0.0,1261.3673244082565,10.0,767.4953738819099,49.0,0.0,194.07235677996186,26.0,767.4953738819099,-2840.9443775679106,5000.0,1261.3673244082565,4999.999999999999,0.0,0.0,,,,,,,,,,,,,0.0,1261.3673244082565,4999.999999999999,26.0,-2048.326330371922,5000.0,823.34712939391,1261.3673244082565,1261.3673244082565,4999.999999999999,1.0,0.0,0.0,-2840.9443775679106,5000.0,1.0,18.0,77.81431376874613,3.890715688437307,0.0,1608.2422040053918,0.0,1.0,0.0,1.0,1.0,1.0,1.0,0.0,0.0,0.0,0.0,0.0,1608.2422040053918,403.00018262481325,0.0,0.0,0.0,823.34712939391,396.64596292046747,396.64596292046747,0.0,1.0,784.8950746114818,0.0,0.0,80.4121102002696,0.0,0.0,0.0,0.0,0.0,0.0,1608.2422040053918,1.0,0.0,1608.2422040053918,0.0,1.0,747.0188831046066,14042.0,9086.0,14042.0,5750.25,3720.7500000000005,5750.25,4093.6,2648.8,4093.6,3.0,23885.85,15455.550000000003,23885.85,-2840.9443775679106,5000.0,1.0,0.0,220.0,0.0,1448.7506120173196,1.0,0.0,1448.7506120173196,72.43753060086598,0.5,0.0,0.0,0.0,-2840.9443775679106,3500.0,-3315.000000000001,37566.666666666664,-22100.000000000004,5635.000000000001,0.15000000000000002,0.0,1275.8638521860344,1037.2523113961065,1275.8638521860344,1037.2523113961065,1.0,1.0,0.0,-881.7670044920379,1.0,8075.477050728264,-5878.446696613585,1211.3215576092398,0.0,-2840.9443775679106,0.0,0.0,-2840.9443775679106,4093.6,1200.0,6000.0,4275.0,0.4745194820597754,0.5254805179402244,6000.0,823.34712939391,747.0188831046066,1.0,,1261.3673244082565,,6000.0,1.0,,1.0,1.0,1608.2422040053918,,,0.0,0.0,396.64596292046747,132.21532097348916,1261.3673244082565,0.0,3522.840421095621,1261.3673244082565,4999.999999999999,127.0549857118225,1.0,0.0,0.0,-62.77105894471259,134.33339420827107,3.0,-4102.311701976167,-4102.311701976167,9.094947017729282e-13,1.0,1.0,1.0,0.0,0.0,0.0,0.0,0.0,0.0,1.0,6.0,0.0,1.0,0.37267080745341613,0.07850453679628755,0.0,0.0,1.0,0.8051745873464426,0.8051745873464426,0.0,1261.3673244082565,4999.999999999999,-2840.9443775679106,5000.0,823.34712939391,1261.3673244082565,1261.3673244082565,4999.999999999999,1.0,0.0,0.0,0.0,0.0,0.0,-2840.9443775679106,5000.0,10771.413227746107,0.0,823.34712939391,1.0,3.0,0.000814191734051254,0.0,-2840.9443775679106,1261.3673244082565,8409.115496055043,0.08555291726554333,-0.05911822226799246,-0.004056737321973241,-0.24100943212871448,0.18423108972974706,6.0,1.0,56.0,56.0,56.0,56.0,44.0,22.0,1.0,6.0,0.0,0.0,722.5115204957419,0.0,4.261453674836048,718.3731975298285,730.9112971364915,0.0,722.5115204957419,0.0,9.778355810830362,722.5115204957419,732.2898763065724,0.0,722.5115204957419,0.0,45.52183753267536,751.6642042421644,738.880674281995,1.0,722.5115204957419,0.0,2.8491748480130354,710.5795833853899,737.292632454107,0.0,-0.0275651085081779,-0.027372626145541406,0.007818824258928032,-0.03865797352638846,1.0,1079.598545126426,1500.0,1079.598545126426,375.0,1.0,1.0,0.0,-0.03305637601860241,-0.02089511421033876,-0.026302032613354242,-0.03760291113443443,-0.012720343140762225,-0.007949059539060953,-0.007475057611333114,-0.0060294684938639875,0.09228902626746277,0.09072245381993299,-0.015982495467390834,-0.02432611072793804,-0.023602646125916494,-0.012796990948891107,-0.01176075995578003,-0.009483798857274905,1.0,70.0,80.0,90.0,80.0,90.0,90.0,90.0,90.0,100.0,100.0,90.0,80.0,80.0,90.0,90.0,90.0,0.0,1.0,0.0,1.0,0.0,1.0,0.0,0.0,555.0,0.06292917457375105,0.0,1.0,1275.8638521860344,1261.3673244082565,1037.2523113961065,1261.3673244082565,-2840.9443775679106,-2840.9443775679106,0.0,0.0,0.0,1.0,0.0,0.0,0.0,1096.9051965935885,1261.3673244082565,-3937.849574161499,1261.3673244082565,1261.3673244082565,-2840.9443775679106,164.46212781466807,88.0,396.64596292046747,398.9096439654121,0.0,3.0,3.280228400006308,1261.3673244082565,51.0,1.0,2372.597410298877,2627.402589701122,71.0,68.0,,,,,2372.597410298877,2627.402589701122,3000.0,3000.0,1.0,1.0,51.0,61.0,56.0,56.0,56.0,56.0,62.0,50.0,44.0,68.0,0.0,0.0,0.0,0.0,0.0,1186.2987051494385,1313.701294850561,1186.2987051494385,1313.701294850561,41,7560.0,70.0,70.0,80.0,90.0,80.0,90.0,90.0,90.0,90.0,80.0,100.0,100.0,90.0,80.0,80.0,90.0,90.0,90.0
1054.0604722272824,4875.0,0.0,0.0,0.0,0.0,0.0,0.0,0.0,0.0,0.0,0.0,0.0,0.0,0.0,0.0,0.0,0.0,0.0,0.0,0.0,0.0,0.0,0.0,0.0,0.0,0.0,0.0,0.0,0.0,0.0,0.0,0.0,0.0,0.0,0.0,0.0,0.0,0.0,0.0,0.0,0.0,0.0,0.0,0.0,0.0,0.0,0.0,0.0,0.0,0.0,0.0,0.0,0.0,0.0,0.0,0.0,0.0,0.0,0.0,0.0,0.0,0.0,0.0,0.0,0.0,0.0,0.0,0.0,0.0,0.0,0.0,0.0,0.0,0.0,0.0,0.0,0.0,0.0,0.0,0.0,0.0,0.0,0.0,0.0,0.0,0.0,0.0,0.0,0.0,0.0,0.0,0.0,0.0,1142.058,1054.0604722272824,-2899.900437847875,6000.0,1200.0,3.0,139.12983190266593,374.35717698022637,235.22734507756044,9651.044561857629,0.986479566506909,0.0,2592.5639559579404,2780.920575997786,1054.0604722272824,4875.0,0.0,1054.0604722272824,6000.0,795.6696527260087,1054.0604722272824,1054.0604722272824,4875.0,1.0,0.0,0.0,49.0,5.0,0.0,1.0,49.0,0.0,0.0,5.0,0.0,1.0,1.0,796.4842626623424,1054.0604722272824,6000.0,0.8146099363336816,525.3779636129918,0.0,1.0,0.0,1.0,1.0,0.0,1.0,5.0,4.0,0.0,0.0,1054.0604722272824,12.0,694.4777964077452,49.0,0.0,205.90621054658163,28.0,694.4777964077452,1054.0604722272824,6000.0,1054.0604722272824,4875.0,0.0,0.0,,,,,,,,,,,,,0.0,1054.0604722272824,4834.328871077612,13.0,-2899.900437847875,5500.0,796.4842626623424,1054.0604722272824,1054.0604722272824,4834.328871077612,1.0,0.0,0.0,1054.0604722272824,6000.0,1.0,18.0,40.25651357861182,2.012825678930591,0.0,1321.0476163390006,0.0,1.0,0.0,1.0,1.0,1.0,1.0,0.0,0.0,0.0,0.0,0.0,1321.0476163390006,380.56941182393666,0.0,0.0,0.0,795.6696527260087,374.35717698022637,374.35717698022637,0.0,1.0,525.3779636129918,0.0,0.0,66.05238081695003,0.0,0.0,0.0,0.0,0.0,0.0,1321.0476163390006,1.0,0.0,1321.0476163390006,0.0,1.0,685.1711217087907,12059.6,5121.2,12059.6,4938.450000000001,2097.15,4938.450000000001,3515.6800000000003,1492.96,3515.6800000000003,3.0,20513.730000000003,8711.310000000001,20513.730000000003,1054.0604722272824,6000.0,1.0,0.0,220.0,0.0,2169.714106765749,1.0,0.0,2169.714106765749,108.48570533828746,0.5,0.0,0.0,0.0,-2899.900437847875,3500.0,-3315.000000000001,37566.666666666664,-22100.000000000004,5635.000000000001,0.15000000000000002,0.0,1054.0604722272824,942.2537923797736,1054.0604722272824,942.2537923797736,1.0,1.0,0.0,-793.9162452255706,1.0,6302.543048343101,-5292.77496817047,945.3814572514652,0.0,1054.0604722272824,0.0,0.0,1054.0604722272824,3515.6800000000003,1200.0,6000.0,2850.0,0.46194020525861607,0.538059794741384,6000.0,795.6696527260087,685.1711217087907,1.0,,1054.0604722272824,,6000.0,1.0,,1.0,1.0,1321.0476163390006,,,0.0,0.0,374.35717698022637,124.78572566007546,1054.0604722272824,0.0,2716.028063860715,1054.0604722272824,4875.0,132.55793861196577,1.0,0.0,0.0,-58.05581345450099,126.85647060797889,3.0,0.0,0.0,1125.0,1.0,0.0,1.0,0.0,0.0,0.0,0.0,0.0,0.0,1.0,6.0,0.0,1.0,0.1788819875776396,0.1630428824750485,0.0,0.0,1.0,0.8353487616720348,0.8353487616720348,0.0,1054.0604722272824,4875.0,1054.0604722272824,6000.0,795.6696527260087,1054.0604722272824,1054.0604722272824,4875.0,1.0,0.0,0.0,0.0,0.0,0.0,1054.0604722272824,6000.0,9651.044561857629,0.0,795.6696527260087,1.0,1.0,4.4835659627492906e-05,0.0,1054.0604722272824,1054.0604722272824,7027.069814848548,0.0033050291462251033,-0.048310211911839596,0.014303593927639469,-0.04729632240368767,-0.17082119767974763,6.0,1.0,51.0,56.0,56.0,62.0,44.0,23.0,1.0,6.0,0.0,0.0,634.502744639298,0.0,4.569468431070163,630.9190035605761,642.6559541490901,0.0,634.502744639298,0.0,4.121591719397202,629.446111943119,643.6809690548744,0.0,634.502744639298,1.0,63.794496371659534,688.3357503171056,644.4642353331501,1.0,634.502744639298,0.0,6.136201145117639,629.2283498532958,645.913340570418,0.0,-0.028652195202794127,-0.029710968580276106,0.04397059650290093,-0.037995153836211965,1.0,1186.2987051494385,1313.701294850561,1186.2987051494385,1313.701294850561,0.6764944822783885,1.0,0.0,-0.031636803518050274,0.019423918180135755,-0.00899248900516696,-0.01286107004163668,-0.01669764090457875,-0.0016527353278625858,-0.008832394642229246,-0.006209394560437431,0.0918314745951605,0.09012324955686069,-0.02880421925249621,-0.03658997714647398,-0.04219562070281313,-0.005922325117984429,-0.006749353895162358,-0.005894341537646142,1.0,70.0,80.0,90.0,80.0,90.0,90.0,90.0,90.0,100.0,100.0,90.0,80.0,80.0,90.0,90.0,90.0,0.0,0.0,0.0,0.0,0.0,1.0,0.0,0.0,271.0,0.059050422201625735,0.0,1.0,1054.0604722272824,1054.0604722272824,942.2537923797736,1054.0604722272824,1054.0604722272824,1054.0604722272824,0.0,0.0,0.0,1.0,0.0,0.0,0.0,1054.0604722272824,1054.0604722272824,0.0,1054.0604722272824,1054.0604722272824,1054.0604722272824,0.0,112.0,374.35717698022637,376.1743056901296,0.0,3.0,2.054731099997298,1054.0604722272824,51.0,1.0,2771.6412315516964,3000.0,71.0,68.0,0.65,0.65,1.5971875460648748,1.0816008374474477,1875.0,3000.0,1875.0,3000.0,,,51.0,61.0,56.0,56.0,56.0,56.0,62.0,50.0,50.0,62.0,0.0,0.0,0.0,0.0,0.0,1500.0,1500.0,375.0,1500.0,42,7740.0,70.0,70.0,80.0,90.0,80.0,90.0,90.0,90.0,90.0,80.0,100.0,100.0,90.0,80.0,80.0,90.0,90.0,90.0
808.109035865252,6000.0,0.0,0.0,0.0,0.0,0.0,0.0,0.0,0.0,0.0,0.0,0.0,0.0,0.0,0.0,0.0,0.0,0.0,0.0,0.0,0.0,0.0,0.0,0.0,0.0,0.0,0.0,0.0,0.0,0.0,0.0,0.0,0.0,0.0,0.0,0.0,0.0,0.0,0.0,0.0,0.0,0.0,0.0,0.0,0.0,0.0,0.0,0.0,0.0,0.0,0.0,0.0,0.0,0.0,0.0,0.0,0.0,0.0,0.0,0.0,0.0,0.0,0.0,0.0,0.0,0.0,0.0,0.0,0.0,0.0,0.0,0.0,0.0,0.0,0.0,0.0,0.0,0.0,0.0,0.0,0.0,0.0,0.0,0.0,0.0,0.0,0.0,0.0,0.0,0.0,0.0,0.0,0.0,1142.058,808.109035865252,-2863.335601864968,6000.0,1200.0,3.0,126.73348098588814,329.69544815977264,202.96196717388452,7803.746528026174,0.9872131606902295,0.0,2018.8951649818077,2174.757865975487,808.109035865252,6000.0,1000000.0,808.109035865252,6000.0,606.8821117992132,808.109035865252,808.109035865252,6000.0,0.0,1.0,0.0,49.0,4.0,0.0,1.0,49.0,,0.0,4.0,0.0,,1.0,,,,1.093819311303264,1.093819311303264,0.0,1.0,0.0,,1.0,0.0,1.0,4.0,4.0,0.0,0.0,,0.0,595.7381850120931,49.0,0.0,244.0188332027252,16.0,595.7381850120931,,,,,0.0,0.0,,,,,,,,,,,,,0.0,808.109035865252,5988.3705161299295,0.0,808.109035865252,6000.0,607.9759311105165,808.109035865252,808.109035865252,5988.3705161299295,1.0,0.0,0.0,,,,12.0,27.306033581909723,1.3653016790954862,0.0,606.8821117992132,0.0,1.0,0.0,1.0,1.0,1.0,1.0,0.0,0.0,0.0,0.0,0.0,606.8821117992132,329.69544815977264,0.0,1.0,0.0,607.9759311105165,329.9925888534239,329.9925888534239,0.0,1.0,0.0,1.0,1.0,30.344105589960662,1.0,0.0,1.0,0.0,0.0,0.0,606.8821117992132,1.0,0.0,606.8821117992132,0.0,1.0,558.164776101011,6112.4,4130.0,6112.4,2503.05,1691.25,2503.05,1781.92,1204.0,1781.92,3.0,10397.37,7025.25,10397.37,808.109035865252,6000.0,0.0,0.0,220.0,0.0,947.0406803821365,1.0,0.0,947.0406803821365,47.35203401910683,0.5,0.028663519799836324,0.0,14.331759899918161,-2863.335601864968,3500.0,-3315.000000000001,37566.666666666664,-22100.000000000004,5635.000000000001,,,,,,,,,,-757.9930246369308,1.0,5057.106142557654,-5053.286830912872,758.5659213836482,0.0,,,,,1781.92,1200.0,6000.0,4275.0,0.49806175268832154,0.5019382473116784,6000.0,606.8821117992132,558.164776101011,1.0,0.0,808.109035865252,0.0,6000.0,1.0,1.0,1.0,1.0,606.8821117992132,808.109035865252,6000.0,1.0,1.0,329.69544815977264,109.89848271992422,808.109035865252,0.0,2191.205835718481,808.109035865252,6000.0,135.06156292976993,1.0,0.0,0.0,-43.14603120492899,109.89848271992422,3.0,,,,,,,,,,,,,,6.0,0.0,1.0,0.0,0.023144341242259614,0.0,0.0,1.0,0.8233620782082922,0.8233620782082922,0.0,808.109035865252,6000.0,808.109035865252,6000.0,606.8821117992132,808.109035865252,808.109035865252,6000.0,0.0,1.0,0.0,1.0,0.0,0.0,,,7803.746528026174,0.0,606.8821117992132,0.0,5.0,0.028663519799836324,0.0,808.109035865252,808.109035865252,5387.393572435013,0.009724652086368414,-0.041062956705579745,0.004700217264277977,0.0074975690045218785,-0.1456669330965319,6.0,1.0,51.0,56.0,56.0,62.0,50.0,24.0,1.0,6.0,0.0,0.0,584.4252053694922,0.0,10.338987304630791,584.4252053694922,594.7641926741229,0.0,584.4252053694922,0.0,6.983155810715289,584.4252053694922,591.4083611802075,0.0,584.4252053694922,0.0,0.1594729236578587,570.9883001158443,597.7026376994824,0.0,584.4252053694922,0.0,9.458570010262974,584.4252053694922,593.8837753797552,0.0,-0.027509374947499384,-0.024413478995736048,-0.036911281861132655,-0.03466467741611822,1.0,1500.0,1500.0,375.0,1500.0,,,0.0,-0.007739433156444164,-0.009348822698639481,-0.01367596151647845,-0.021046078005386444,-0.012218104276253427,-0.012429921789049558,-0.011541037886008354,-0.009311121102687281,0.09000348229242547,0.08753556852907707,-0.019177763188481124,-0.028584157075028573,-0.04257938006930431,-0.0034481509611055117,-0.00375429428750067,-0.0032393343821922826,1.0,70.0,80.0,90.0,80.0,90.0,90.0,90.0,90.0,100.0,100.0,90.0,80.0,80.0,90.0,90.0,90.0,1.0,0.0,1.0,0.0,0.0,1.0,0.0,,881.0,0.059050422201625735,0.0,0.0,0.0,,0.0,,0.0,,0.0,0.0,0.0,1.0,0.0,0.0,0.0,0.0,,0.0,,808.109035865252,0.0,808.109035865252,96.0,329.69544815977264,330.664876147232,0.0,3.0,4.797349600004964,808.109035865252,51.0,1.0,,,71.0,68.0,,,,,,,,,1.0,1.0,51.0,61.0,56.0,56.0,56.0,56.0,56.0,56.0,56.0,56.0,0.0,0.0,0.0,0.0,0.0,1500.0,1500.0,1500.0,1500.0,43,7920.0,70.0,70.0,80.0,90.0,80.0,90.0,90.0,90.0,90.0,80.0,100.0,100.0,90.0,80.0,80.0,90.0,90.0,90.0
560.2309565408744,6000.0,0.0,0.0,0.0,0.0,0.0,0.0,0.0,0.0,0.0,0.0,0.0,0.0,0.0,0.0,0.0,0.0,0.0,0.0,0.0,0.0,0.0,0.0,0.0,0.0,0.0,0.0,0.0,0.0,0.0,0.0,0.0,0.0,0.0,0.0,0.0,0.0,0.0,0.0,0.0,0.0,0.0,0.0,0.0,0.0,0.0,0.0,0.0,0.0,0.0,0.0,0.0,0.0,0.0,0.0,0.0,0.0,0.0,0.0,0.0,0.0,0.0,0.0,0.0,0.0,0.0,0.0,0.0,0.0,0.0,0.0,0.0,0.0,0.0,0.0,0.0,0.0,0.0,0.0,0.0,0.0,0.0,0.0,0.0,0.0,0.0,0.0,0.0,0.0,0.0,0.0,0.0,0.0,1142.058,560.2309565408744,-2732.966221191713,6000.0,1200.0,3.0,108.06056671547992,282.39826283657845,174.33769612109853,6574.059889631222,0.9887356983760609,0.0,1679.001914528538,1826.1202960127634,560.2309565408744,6000.0,1000000.0,560.2309565408744,6000.0,498.4163878872758,560.2309565408744,560.2309565408744,6000.0,0.0,1.0,0.0,49.0,4.0,0.0,1.0,49.0,,0.0,4.0,0.0,,1.0,,,,2.3591351378219088,2.3591351378219088,0.0,1.0,0.0,,1.0,0.0,1.0,4.0,4.0,0.0,0.0,,0.0,490.96038428110194,49.0,0.0,263.2507387873143,16.0,490.96038428110194,,,,,0.0,0.0,,,,,,,,,,,,,0.0,560.2309565408744,5952.229676655828,0.0,560.2309565408744,6000.0,500.7755230250977,560.2309565408744,560.2309565408744,5952.229676655828,1.0,0.0,0.0,,,,12.0,7.488978732085599,0.37444893660427997,0.0,498.4163878872758,0.0,1.0,0.0,1.0,1.0,1.0,1.0,0.0,0.0,0.0,0.0,0.0,498.4163878872758,282.39826283657845,0.0,1.0,0.0,500.7755230250977,282.658742239271,282.658742239271,0.0,1.0,0.0,1.0,1.0,24.92081939436379,1.0,0.0,1.0,0.0,0.0,0.0,498.4163878872758,1.0,0.0,498.4163878872758,0.0,1.0,469.85537089584426,4130.0,4130.0,4130.0,1691.25,1691.25,1691.25,1204.0,1204.0,1204.0,3.0,7025.25,7025.25,7025.25,560.2309565408744,6000.0,0.0,0.0,220.0,0.0,563.731361096545,1.0,0.0,563.731361096545,28.18656805482725,0.5,0.033062937280738634,0.0,16.53146864036932,-2732.966221191713,3500.0,-3315.000000000001,37566.666666666664,-22100.000000000004,5635.000000000001,,,,,,,,,,-634.0041043123731,1.0,4293.125000000003,-4226.694028749153,643.9687500000005,0.0,,,,,1204.0,1200.0,6000.0,3913.525914570325,0.49203827944263817,0.5079617205573618,6000.0,498.4163878872758,469.85537089584426,1.0,0.0,560.2309565408744,0.0,6000.0,1.0,1.0,1.0,1.0,498.4163878872758,560.2309565408744,6000.0,1.0,1.0,282.39826283657845,94.13275427885948,560.2309565408744,0.0,1833.6977698945411,560.2309565408744,6000.0,126.97415532039491,1.0,0.0,0.0,-13.603525427660998,94.13275427885948,3.0,,,,,,,,,,,,,,6.0,0.0,1.0,0.0,0.0,0.0,0.0,1.0,0.7829038903996505,0.7829038903996505,0.0,560.2309565408744,6000.0,560.2309565408744,6000.0,498.4163878872758,560.2309565408744,560.2309565408744,6000.0,0.0,1.0,0.0,1.0,0.0,0.0,,,6574.059889631222,0.0,498.4163878872758,0.0,5.0,0.033062937280738634,0.0,560.2309565408744,560.2309565408744,3734.873043605829,-0.0007741004395980059,-0.028393544727150666,0.05327863854183216,-0.036662544174145495,-0.4555829458720986,6.0,1.0,51.0,56.0,56.0,56.0,56.0,25.0,1.0,6.0,0.0,0.0,455.8947415326111,0.0,9.515761684586096,455.8947415326111,465.41050321719723,0.0,455.8947415326111,0.0,4.982772194931613,455.8947415326111,460.87751372754275,0.0,455.8947415326111,0.0,11.343759684100519,455.8947415326111,467.2385012167116,0.0,455.8947415326111,0.0,10.626119647273981,455.8947415326111,466.5208611798851,0.0,-0.025678315049256165,-0.012081900837293207,-0.031434090439877264,-0.03153474296547946,1.0,1500.0,1500.0,1500.0,1500.0,,,0.0,-0.009596623242421385,-0.012291167932787415,-0.017341054833971373,-0.029778871855326725,-0.017726909479801732,-0.001217243809638191,-0.0023193463576635766,-0.0023198725494154356,0.0934923591881045,0.09154236317912705,-0.01469852088973873,-0.02418112451630456,-0.034396689275731876,-0.007107751872561607,-0.007508021408779086,-0.006396954239255593,1.0,70.0,80.0,90.0,80.0,90.0,90.0,90.0,90.0,100.0,100.0,90.0,80.0,80.0,90.0,90.0,90.0,1.0,0.0,1.0,0.0,0.0,1.0,0.0,,913.0,0.05633529554113801,0.0,0.0,0.0,,0.0,,0.0,,0.0,0.0,0.0,1.0,0.0,0.0,0.0,0.0,,0.0,,560.2309565408744,0.0,560.2309565408744,120.0,282.39826283657845,282.73373986012194,0.0,2.0,5.027152399998158,560.2309565408744,51.0,1.0,,,71.0,68.0,,,,,,,,,1.0,1.0,51.0,61.0,56.0,56.0,56.0,56.0,56.0,56.0,62.0,50.0,0.0,0.0,0.0,0.0,0.0,1500.0,1500.0,1500.0,1500.0,44,8100.0,70.0,70.0,80.0,90.0,80.0,90.0,90.0,90.0,90.0,80.0,100.0,100.0,90.0,80.0,80.0,90.0,90.0,90.0
482.83208892976626,6000.0,0.0,0.0,0.0,0.0,0.0,0.0,0.0,0.0,0.0,0.0,0.0,0.0,0.0,0.0,0.0,0.0,0.0,0.0,0.0,0.0,0.0,0.0,0.0,0.0,0.0,0.0,0.0,0.0,0.0,0.0,0.0,0.0,0.0,0.0,0.0,0.0,0.0,0.0,0.0,0.0,0.0,0.0,0.0,0.0,0.0,0.0,0.0,0.0,0.0,0.0,0.0,0.0,0.0,0.0,0.0,0.0,0.0,0.0,0.0,0.0,0.0,0.0,0.0,0.0,0.0,0.0,0.0,0.0,0.0,0.0,0.0,0.0,0.0,0.0,0.0,0.0,0.0,0.0,0.0,0.0,0.0,0.0,0.0,0.0,0.0,0.0,0.0,0.0,0.0,0.0,0.0,0.0,1142.058,482.83208892976626,-2513.9690085976463,6000.0,1200.0,3.0,91.04471939118298,239.8436176392276,148.79889824804462,5572.211947983811,0.9896175045542885,0.0,1342.1479354946018,1472.7279218942917,482.83208892976626,6000.0,1000000.0,482.83208892976626,6000.0,407.1563842317548,482.83208892976626,482.83208892976626,6000.0,0.0,1.0,0.0,49.0,4.0,0.0,1.0,49.0,,0.0,4.0,0.0,,1.0,,,,2.6613073746626696,2.6613073746626696,0.0,1.0,0.0,,1.0,0.0,1.0,4.0,4.0,0.0,0.0,,0.0,400.3256747857953,49.0,0.0,230.84692028646725,16.0,400.3256747857953,,,,,0.0,0.0,,,,,,,,,,,,,0.0,482.83208892976626,5889.190976499913,0.0,482.83208892976626,6000.0,409.8176916064175,482.83208892976626,482.83208892976626,5889.190976499913,1.0,0.0,0.0,,,,12.0,0.0,0.0,0.0,407.1563842317548,0.0,1.0,0.0,1.0,1.0,1.0,1.0,0.0,0.0,0.0,0.0,0.0,407.1563842317548,239.8436176392276,0.0,1.0,0.0,409.8176916064175,240.47968748515117,240.47968748515117,0.0,1.0,0.0,1.0,1.0,20.357819211587742,1.0,0.0,1.0,0.0,0.0,0.0,407.1563842317548,1.0,0.0,407.1563842317548,0.0,1.0,393.4853255072985,4130.0,4130.0,4130.0,1691.25,1691.25,1691.25,1204.0,1204.0,1204.0,3.0,7025.25,7025.25,7025.25,482.83208892976626,6000.0,0.0,0.0,220.0,0.0,273.42117448912575,1.0,0.0,273.42117448912575,13.671058724456287,0.5,0.017745391106326693,0.0,8.872695553163346,-2513.9690085976463,3500.0,-3315.000000000001,37566.666666666664,-22100.000000000004,5635.000000000001,,,,,,,,,,-567.3070767014503,1.0,4291.574074074075,-3782.047178009668,643.7361111111113,0.0,,,,,1204.0,1200.0,6000.0,4746.049606852738,0.518468170583348,0.481531829416652,6000.0,407.1563842317548,393.4853255072985,1.0,0.0,482.83208892976626,0.0,6000.0,1.0,1.0,1.0,1.0,407.1563842317548,482.83208892976626,6000.0,1.0,1.0,239.8436176392276,79.9478725464092,482.83208892976626,0.0,1490.182999509733,482.83208892976626,6000.0,109.75513893109488,1.0,1.0,1.0,7.814378813820838,79.9478725464092,3.0,,,,,,,,,,,,,,6.0,0.0,1.0,0.0,0.0,0.0,0.0,1.0,0.7084714290268169,0.7084714290268169,0.0,482.83208892976626,6000.0,482.83208892976626,6000.0,407.1563842317548,482.83208892976626,482.83208892976626,6000.0,0.0,1.0,0.0,1.0,0.0,0.0,,,5572.211947983811,0.0,407.1563842317548,0.0,5.0,0.017745391106326693,0.0,482.83208892976626,482.83208892976626,3218.8805928651077,0.0071944530167015915,-0.022926850734348008,-0.010965039662655357,-0.07042374869926309,-0.31133735049568995,6.0,1.0,51.0,56.0,56.0,56.0,62.0,26.0,1.0,6.0,0.0,0.0,382.16902331937536,0.0,8.515463107540086,382.16902331937536,390.68448642691544,0.0,382.16902331937536,0.0,2.538484955066565,382.16902331937536,384.7075082744419,0.0,382.16902331937536,0.0,11.150715746749484,382.16902331937536,393.3197390661248,0.0,382.16902331937536,0.0,11.254636051371335,382.16902331937536,393.4236593707467,0.0,-0.02172162988557136,-0.0022220293685546715,-0.02980754853715458,-0.03065946355365516,1.0,1500.0,1500.0,1500.0,1500.0,,,0.0,-0.009812111702700578,-0.011969968884893944,-0.015764925010281775,-0.026212256595357884,-0.018345807091395376,-0.004158185855252228,-0.005087824288661125,-0.004525524310255946,0.09437675101394874,0.09314173181775587,-0.00978245338648662,-0.015780679867705413,-0.02366319406105717,-0.010804700567285152,-0.011024805173218155,-0.009183609939325876,1.0,70.0,80.0,90.0,80.0,90.0,90.0,90.0,90.0,100.0,100.0,90.0,80.0,80.0,90.0,90.0,90.0,1.0,1.0,1.0,1.0,0.0,1.0,0.0,,898.0,0.054434706878796604,0.0,0.0,0.0,,0.0,,0.0,,0.0,0.0,0.0,1.0,0.0,0.0,0.0,0.0,,0.0,,482.83208892976626,0.0,482.83208892976626,104.0,239.8436176392276,239.7732111698717,0.0,2.0,4.961994800003595,482.83208892976626,51.0,1.0,,,71.0,68.0,,,,,,,,,1.0,1.0,51.0,61.0,56.0,56.0,56.0,56.0,56.0,56.0,68.0,44.0,0.0,0.0,0.0,0.0,0.0,1500.0,1500.0,1500.0,1500.0,45,8280.0,70.0,70.0,80.0,90.0,80.0,90.0,90.0,90.0,90.0,80.0,100.0,100.0,90.0,80.0,80.0,90.0,90.0,90.0
431.92092405690187,6000.0,0.0,0.0,0.0,0.0,0.0,0.0,0.0,0.0,0.0,0.0,0.0,0.0,0.0,0.0,0.0,0.0,0.0,0.0,0.0,0.0,0.0,0.0,0.0,0.0,0.0,0.0,0.0,0.0,0.0,0.0,0.0,0.0,0.0,0.0,0.0,0.0,0.0,0.0,0.0,0.0,0.0,0.0,0.0,0.0,0.0,0.0,0.0,0.0,0.0,0.0,0.0,0.0,0.0,0.0,0.0,0.0,0.0,0.0,0.0,0.0,0.0,0.0,0.0,0.0,0.0,0.0,0.0,0.0,0.0,0.0,0.0,0.0,0.0,0.0,0.0,0.0,0.0,0.0,0.0,0.0,0.0,0.0,0.0,0.0,0.0,0.0,0.0,0.0,0.0,0.0,0.0,0.0,1142.058,431.92092405690187,-2114.0776236472993,6000.0,1200.0,3.0,75.69939606510272,202.8731229643139,127.17372689921119,4691.759911299997,0.9920314746040506,0.0,1049.379426955975,1180.8172960486834,431.92092405690187,6000.0,1000000.0,431.92092405690187,6000.0,333.37913898940195,431.92092405690187,431.92092405690187,6000.0,0.0,1.0,0.0,49.0,4.0,0.0,1.0,49.0,,0.0,4.0,0.0,,1.0,,,,1.0859154545224783,1.0859154545224783,0.0,1.0,0.0,,1.0,0.0,1.0,4.0,4.0,0.0,0.0,,0.0,325.64526650826986,49.0,0.0,177.25176078733426,15.0,325.64526650826986,,,,,0.0,0.0,,,,,,,,,,,,,0.0,431.92092405690187,5930.806739778824,0.0,431.92092405690187,6000.0,334.46505444392443,431.92092405690187,431.92092405690187,5930.806739778824,1.0,0.0,0.0,,,,12.0,0.0,0.0,0.0,333.37913898940195,0.0,1.0,0.0,1.0,1.0,1.0,1.0,0.0,0.0,0.0,0.0,0.0,333.37913898940195,202.8731229643139,0.0,1.0,0.0,334.46505444392443,203.19681356163127,203.19681356163127,0.0,1.0,0.0,1.0,1.0,16.668956949470097,1.0,0.0,1.0,0.0,0.0,0.0,333.37913898940195,1.0,0.0,333.37913898940195,0.0,1.0,327.81870504226964,4130.0,4130.0,4130.0,1691.25,1691.25,1691.25,1204.0,1204.0,1204.0,3.0,7025.25,7025.25,7025.25,431.92092405690187,6000.0,0.0,0.0,220.0,0.0,111.2086789426464,1.0,0.0,111.2086789426464,5.560433947132321,0.5,0.008902921387846048,0.0,4.451460693923024,-2114.0776236472993,3489.2851410717194,-3315.000000000001,37566.666666666664,-22100.000000000004,5635.000000000001,,,,,,,,,,-518.2432694311085,1.0,4253.148148148148,-3454.955129540723,637.9722222222223,1.0,,,,,1204.0,1200.0,6000.0,5700.0,0.5115322100368626,0.4884677899631373,6000.0,333.37913898940195,327.81870504226964,1.0,0.0,431.92092405690187,0.0,6000.0,1.0,1.0,1.0,1.0,333.37913898940195,431.92092405690187,6000.0,1.0,1.0,202.8731229643139,67.62437432143797,431.92092405690187,0.0,1200.5073851512207,431.92092405690187,6000.0,93.52246710629493,1.0,1.0,1.0,17.874740858072528,67.62437432143797,3.0,,,,,,,,,,,,,,6.0,0.0,1.0,0.0,0.0,0.0,0.0,1.0,0.5706017748249342,0.5706017748249342,0.0,431.92092405690187,6000.0,431.92092405690187,6000.0,333.37913898940195,431.92092405690187,431.92092405690187,6000.0,0.0,1.0,0.0,1.0,0.0,0.0,,,4691.759911299997,0.0,333.37913898940195,0.0,5.0,0.008902921387846048,0.0,431.92092405690187,431.92092405690187,2879.472827046012,-0.001422075793487632,-0.025405909274997994,0.20123066256250982,0.007641420496557735,-0.051552862102697716,6.0,1.0,51.0,56.0,56.0,56.0,68.0,27.0,1.0,6.0,0.0,0.0,319.3038589421346,0.0,5.445419463737267,319.3038589421346,324.7492784058719,0.0,319.3038589421346,0.0,0.8130324188642817,319.3038589421346,320.1168913609988,0.0,319.3038589421346,0.0,11.35032096180123,319.3038589421346,330.65417990393576,0.0,319.3038589421346,0.0,10.887739349862159,319.3038589421346,330.19159829199674,0.0,-0.011480946883406062,-0.0006490720212871297,-0.030254034085636712,-0.028421383209966372,1.0,1500.0,1500.0,1500.0,1500.0,,,0.0,-0.00919125527699265,-0.01094135135823713,-0.013377198268741354,-0.021423102106254886,-0.018433295612382137,-0.0076097893020943275,-0.008165577129642186,-0.006937208707562092,0.09456775803580512,0.09316833025262597,-0.009303471261735653,-0.01400890579510801,-0.020195865489281137,-0.011625337127285817,-0.011285757292294463,-0.009198882433131318,1.0,70.0,80.0,90.0,80.0,90.0,90.0,90.0,90.0,100.0,100.0,90.0,80.0,80.0,90.0,90.0,90.0,1.0,1.0,1.0,1.0,0.0,1.0,0.0,,916.0,0.05310429481515762,0.0,0.0,0.0,,0.0,,0.0,,0.0,0.0,0.0,1.0,0.0,0.0,0.0,0.0,,0.0,,431.92092405690187,0.0,431.92092405690187,120.0,202.8731229643139,204.20013383207328,0.0,2.0,5.379469000006793,431.92092405690187,51.0,1.0,,,71.0,68.0,,,,,,,,,1.0,1.0,51.0,61.0,56.0,56.0,50.0,62.0,56.0,56.0,68.0,44.0,0.0,0.0,0.0,0.0,0.0,1500.0,1500.0,1500.0,1500.0,46,8460.0,70.0,70.0,80.0,90.0,80.0,90.0,90.0,90.0,90.0,80.0,100.0,100.0,90.0,80.0,80.0,90.0,90.0,90.0
456.1647524604912,6000.0,0.0,0.0,0.0,0.0,0.0,0.0,0.0,0.0,0.0,0.0,0.0,0.0,0.0,0.0,0.0,0.0,0.0,0.0,0.0,0.0,0.0,0.0,0.0,0.0,0.0,0.0,0.0,0.0,0.0,0.0,0.0,0.0,0.0,0.0,0.0,0.0,0.0,0.0,0.0,0.0,0.0,0.0,0.0,0.0,0.0,0.0,0.0,0.0,0.0,0.0,0.0,0.0,0.0,0.0,0.0,0.0,0.0,0.0,0.0,0.0,0.0,0.0,0.0,0.0,0.0,0.0,0.0,0.0,0.0,0.0,0.0,0.0,0.0,0.0,0.0,0.0,0.0,0.0,0.0,0.0,0.0,0.0,0.0,0.0,0.0,0.0,0.0,0.0,0.0,0.0,0.0,0.0,1142.058,456.1647524604912,-1794.5948461278824,6000.0,1200.0,3.0,63.25760156689776,169.68417337166414,106.4265718047664,3986.4711648557127,0.994009911319268,0.0,787.3470295284587,916.8606349119963,456.1647524604912,6000.0,1000000.0,456.1647524604912,6000.0,274.91438493310153,456.1647524604912,456.1647524604912,6000.0,0.0,1.0,0.0,49.0,4.0,0.0,1.0,49.0,,0.0,4.0,0.0,,1.0,,,,0.3117871812629005,0.3117871812629005,0.0,1.0,0.0,,1.0,0.0,1.0,4.0,4.0,0.0,0.0,,0.0,267.37039994920866,49.0,0.0,152.945443786912,15.0,267.37039994920866,,,,,0.0,0.0,,,,,,,,,,,,,0.0,456.1647524604912,5990.687054754762,0.0,456.1647524604912,6000.0,275.22617211436443,456.1647524604912,456.1647524604912,5990.687054754762,1.0,0.0,0.0,,,,12.0,0.0,0.0,0.0,274.91438493310153,0.0,1.0,0.0,1.0,1.0,1.0,1.0,0.0,0.0,0.0,0.0,0.0,274.91438493310153,169.68417337166414,0.0,1.0,0.0,275.22617211436443,169.73997840394875,169.73997840394875,0.0,1.0,0.0,1.0,1.0,13.745719246655078,1.0,0.0,1.0,0.0,0.0,0.0,274.91438493310153,1.0,0.0,274.91438493310153,0.0,1.0,273.211086796386,4130.0,4130.0,4130.0,1691.25,1691.25,1691.25,1204.0,1204.0,1204.0,3.0,7025.25,7025.25,7025.25,456.1647524604912,6000.0,0.0,0.0,220.0,0.0,34.06596273431053,1.0,0.0,34.06596273431053,1.7032981367155267,0.5,0.037801652503241724,0.0,18.900826251620863,-1794.5948461278824,2994.7173011837367,-3315.000000000001,37566.666666666664,-22100.000000000004,5635.000000000001,,,,,,,,,,-431.8967719862267,1.0,4188.688205072332,-2879.311813241511,628.3032307608498,1.0,,,,,1204.0,1200.0,6000.0,5700.0,0.49844784245912704,0.5015521575408731,6000.0,274.91438493310153,273.211086796386,1.0,0.0,456.1647524604912,0.0,6000.0,1.0,1.0,1.0,1.0,274.91438493310153,456.1647524604912,6000.0,1.0,1.0,169.68417337166414,56.56139112388805,456.1647524604912,0.0,957.4184307999816,456.1647524604912,6000.0,79.66389452755082,1.0,1.0,1.0,17.065999303563274,56.56139112388805,3.0,,,,,,,,,,,,,,6.0,0.0,1.0,0.0,0.0,0.0,0.0,1.0,0.4726497687980617,0.4726497687980617,0.0,456.1647524604912,6000.0,456.1647524604912,6000.0,274.91438493310153,456.1647524604912,456.1647524604912,6000.0,0.0,1.0,0.0,1.0,0.0,0.0,,,3986.4711648557127,0.0,274.91438493310153,0.0,5.0,0.037801652503241724,0.0,456.1647524604912,456.1647524604912,3041.0983497366074,0.005044726350643143,-0.02810121496045692,-0.11727019985395633,-0.016336614072207066,0.0088227275376808,6.0,1.0,51.0,56.0,50.0,56.0,68.0,28.0,1.0,6.0,0.0,0.0,265.4658223268475,0.0,2.6356165138621463,265.4658223268475,268.10143884070965,0.0,265.4658223268475,0.0,0.06017085496182517,265.4658223268475,265.5259931818094,0.0,265.4658223268475,0.0,11.52768382350132,265.4658223268475,276.9935061503488,0.0,265.4658223268475,0.0,8.586709822351054,265.4658223268475,274.05253214919856,0.0,-0.0027070679805630245,-0.00013568288513172413,-0.03075808314622594,-0.020765368307899965,1.0,1500.0,1500.0,1500.0,1500.0,,,0.0,-0.008864210155317308,-0.010036160775038282,-0.011017393514775618,-0.017021138342071394,-0.017953895435411836,-0.010528031060398745,-0.010734082895342924,-0.008934601844347512,0.09439399470396204,0.09319842912973293,-0.009751760503783123,-0.015064939415794853,-0.020262726021060114,-0.011037235533509816,-0.010708541807491123,-0.008693896511212173,1.0,70.0,80.0,90.0,80.0,90.0,90.0,90.0,90.0,100.0,100.0,90.0,80.0,80.0,90.0,90.0,90.0,1.0,1.0,1.0,1.0,0.0,1.0,0.0,,936.0,0.05217300637061033,0.0,0.0,0.0,,0.0,,0.0,,0.0,0.0,0.0,1.0,0.0,0.0,0.0,0.0,,0.0,,456.1647524604912,0.0,456.1647524604912,128.0,169.68417337166414,169.47930929287924,0.0,2.0,4.973683300006087,456.1647524604912,51.0,1.0,,,71.0,68.0,,,,,,,,,1.0,1.0,51.0,61.0,56.0,56.0,50.0,62.0,56.0,56.0,68.0,44.0,0.0,0.0,0.0,0.0,0.0,1500.0,1500.0,1500.0,1500.0,47,8640.0,70.0,70.0,80.0,90.0,80.0,90.0,90.0,90.0,90.0,80.0,100.0,100.0,90.0,80.0,80.0,90.0,90.0,90.0
415.60620328505,6000.0,0.0,0.0,0.0,0.0,0.0,0.0,0.0,0.0,0.0,0.0,0.0,0.0,0.0,0.0,0.0,0.0,0.0,0.0,0.0,0.0,0.0,0.0,0.0,0.0,0.0,0.0,0.0,0.0,0.0,0.0,0.0,0.0,0.0,0.0,0.0,0.0,0.0,0.0,0.0,0.0,0.0,0.0,0.0,0.0,0.0,0.0,0.0,0.0,0.0,0.0,0.0,0.0,0.0,0.0,0.0,0.0,0.0,0.0,0.0,0.0,0.0,0.0,0.0,0.0,0.0,0.0,0.0,0.0,0.0,0.0,0.0,0.0,0.0,0.0,0.0,0.0,0.0,0.0,0.0,0.0,0.0,0.0,0.0,0.0,0.0,0.0,0.0,0.0,0.0,0.0,0.0,0.0,1142.058,415.60620328505,-1437.2195869755403,6000.0,1200.0,3.0,52.798536287085405,140.33319882074278,87.53466253365737,3413.365797370179,0.9958182705445833,0.0,566.8285209898313,689.1653263952037,415.60620328505,6000.0,1000000.0,415.60620328505,6000.0,226.67674982570315,415.60620328505,415.60620328505,6000.0,0.0,1.0,0.0,49.0,4.0,0.0,1.0,49.0,,0.0,4.0,0.0,,1.0,,,,8.002202155227849,8.002202155227849,0.0,1.0,0.0,,1.0,0.0,1.0,4.0,4.0,0.0,0.0,,0.0,226.69499129995668,49.0,0.0,127.6393565776942,16.0,226.69499129995668,,,,,0.0,0.0,,,,,,,,,,,,,0.0,415.60620328505,5743.086655913624,0.0,415.60620328505,6000.0,234.678951980931,415.60620328505,415.60620328505,5743.086655913624,1.0,0.0,0.0,,,,12.0,0.0,0.0,0.0,226.67674982570315,0.0,1.0,0.0,1.0,1.0,1.0,1.0,0.0,0.0,0.0,0.0,0.0,226.67674982570315,140.33319882074278,0.0,1.0,0.0,234.678951980931,141.5587167541712,141.5587167541712,0.0,1.0,0.0,1.0,1.0,11.33383749128516,1.0,0.0,1.0,0.0,0.0,1.0,226.67674982570315,1.0,0.0,226.67674982570315,0.0,1.0,226.67674982570315,4130.0,4130.0,4130.0,1691.25,1691.25,1691.25,1204.0,1204.0,1204.0,3.0,7025.25,7025.25,7025.25,415.60620328505,6000.0,0.0,0.0,220.0,0.0,0.0,1.0,0.0,0.0,0.0,0.5,0.011710764931571716,0.0,5.8553824657858575,-1437.2195869755403,2373.488787824753,-3315.000000000001,37566.666666666664,-22100.000000000004,5635.000000000001,,,,,,,,,,-407.4108862442185,1.0,3898.7807976649224,-2716.072574961456,584.8171196497384,1.0,,,,,1204.0,1200.0,6000.0,5324.151897841397,0.4571811093189373,0.5428188906810627,6000.0,226.67674982570315,226.67674982570315,1.0,0.0,415.60620328505,0.0,6000.0,1.0,1.0,1.0,1.0,226.67674982570315,415.60620328505,6000.0,1.0,0.0,140.33319882074278,46.777732940247596,415.60620328505,0.0,771.3230229250962,415.60620328505,6000.0,67.3891885591697,1.0,1.0,1.0,16.02854840210668,46.777732940247596,3.0,,,,,,,,,,,,,,6.0,0.0,1.0,0.0,0.0,0.0,0.0,1.0,0.3541795833047058,0.3541795833047058,0.0,415.60620328505,6000.0,415.60620328505,6000.0,226.67674982570315,415.60620328505,415.60620328505,6000.0,0.0,1.0,0.0,1.0,0.0,0.0,,,3413.365797370179,0.0,226.67674982570315,0.0,5.0,0.011710764931571716,0.0,415.60620328505,415.60620328505,2770.708021900333,0.005044726350643143,-0.02810121496045692,-0.11727019985395633,-0.016336614072207066,0.0088227275376808,6.0,1.0,51.0,56.0,50.0,56.0,68.0,28.0,0.0,6.0,0.0,0.0,265.4658223268475,0.0,2.6356165138621463,265.4658223268475,268.10143884070965,0.0,265.4658223268475,0.0,0.06017085496182517,265.4658223268475,265.5259931818094,0.0,265.4658223268475,0.0,11.52768382350132,265.4658223268475,276.9935061503488,0.0,265.4658223268475,0.0,8.586709822351054,265.4658223268475,274.05253214919856,0.0,-0.0027070679805630245,-0.00013568288513172413,-0.03075808314622594,-0.020765368307899965,1.0,1500.0,1500.0,1500.0,1500.0,,,0.0,-0.008864210155317308,-0.010036160775038282,-0.011017393514775618,-0.017021138342071394,-0.017953895435411836,-0.010528031060398745,-0.010734082895342924,-0.008934601844347512,0.09439399470396204,0.09319842912973293,-0.009751760503783123,-0.015064939415794853,-0.020262726021060114,-0.011037235533509816,-0.010708541807491123,-0.008693896511212173,1.0,70.0,80.0,90.0,80.0,90.0,90.0,90.0,90.0,100.0,100.0,90.0,80.0,80.0,90.0,90.0,90.0,1.0,1.0,1.0,1.0,0.0,1.0,0.0,,984.0,0.051521104459427224,0.0,0.0,0.0,,0.0,,0.0,,0.0,0.0,0.0,1.0,0.0,0.0,0.0,0.0,,0.0,,415.60620328505,0.0,415.60620328505,160.0,140.33319882074278,140.57814088927302,0.0,3.0,5.136817299993709,415.60620328505,51.0,1.0,,,71.0,68.0,,,,,,,,,1.0,1.0,51.0,61.0,56.0,56.0,50.0,62.0,56.0,56.0,68.0,44.0,0.0,0.0,0.0,0.0,0.0,1500.0,1500.0,1500.0,1500.0,48,8820.0,70.0,70.0,80.0,90.0,80.0,90.0,90.0,90.0,90.0,80.0,100.0,100.0,90.0,80.0,80.0,90.0,90.0,90.0
448.4614285659132,6000.0,0.0,0.0,0.0,0.0,0.0,0.0,0.0,0.0,0.0,0.0,0.0,0.0,0.0,0.0,0.0,0.0,0.0,0.0,0.0,0.0,0.0,0.0,0.0,0.0,0.0,0.0,0.0,0.0,0.0,0.0,0.0,0.0,0.0,0.0,0.0,0.0,0.0,0.0,0.0,0.0,0.0,0.0,0.0,0.0,0.0,0.0,0.0,0.0,0.0,0.0,0.0,0.0,0.0,0.0,0.0,0.0,0.0,0.0,0.0,0.0,0.0,0.0,0.0,0.0,0.0,0.0,0.0,0.0,0.0,0.0,0.0,0.0,0.0,0.0,0.0,0.0,0.0,0.0,0.0,0.0,0.0,0.0,0.0,0.0,0.0,0.0,0.0,0.0,0.0,0.0,0.0,0.0,1142.058,448.4614285659132,-1194.3251014746745,6000.0,1200.0,3.0,45.08135894490306,115.40762196392147,70.32626301901841,2941.1453291735493,0.9971418429307257,0.0,361.13105103025794,479.9735527899436,448.4614285659132,6000.0,1000000.0,448.4614285659132,6000.0,188.19399445662492,448.4614285659132,448.4614285659132,6000.0,0.0,1.0,0.0,49.0,4.0,0.0,1.0,49.0,,0.0,4.0,0.0,,1.0,,,,9.093139761351779,9.093139761351779,0.0,1.0,0.0,,1.0,0.0,1.0,4.0,4.0,0.0,0.0,,0.0,191.30612986006417,49.0,0.0,101.33785271227998,13.0,191.30612986006417,,,,,0.0,0.0,,,,,,,,,,,,,0.0,448.4614285659132,5689.75505606584,0.0,448.4614285659132,6000.0,197.2871342179767,448.4614285659132,448.4614285659132,5689.75505606584,1.0,0.0,0.0,,,,12.0,0.0,0.0,0.0,188.19399445662492,0.0,1.0,0.0,1.0,1.0,1.0,1.0,0.0,0.0,0.0,0.0,0.0,188.19399445662492,115.40762196392147,0.0,1.0,0.0,197.2871342179767,116.71376538535341,116.71376538535341,0.0,1.0,0.0,1.0,1.0,9.409699722831247,1.0,0.0,1.0,0.0,0.0,1.0,188.19399445662492,1.0,0.0,188.19399445662492,0.0,1.0,188.19399445662492,4130.0,4130.0,4130.0,1691.25,1691.25,1691.25,1204.0,1204.0,1204.0,3.0,7025.25,7025.25,7025.25,448.4614285659132,6000.0,0.0,0.0,220.0,0.0,0.0,1.0,0.0,0.0,0.0,0.5,0.01564186034587085,0.0,7.820930172935425,-1194.3251014746745,1992.0475757088032,-3315.000000000001,37566.666666666664,-22100.000000000004,5635.000000000001,,,,,,,,,,-347.9177957214501,1.0,3587.1088172162245,-2319.4519714763337,538.0663225824337,1.0,,,,,1204.0,1200.0,6000.0,5189.007576719305,0.4482925093443066,0.5517074906556934,5311.828622095767,188.19399445662492,188.19399445662492,1.0,0.0,448.4614285659132,0.0,6000.0,1.0,1.0,1.0,1.0,188.19399445662492,448.4614285659132,6000.0,1.0,0.0,115.40762196392147,38.46920732130716,448.4614285659132,0.0,618.0240331683011,448.4614285659132,6000.0,56.31426568081131,1.0,1.0,1.0,15.307500543400835,38.46920732130716,3.0,,,,,,,,,,,,,,6.0,0.0,1.0,0.0,0.0,0.0,0.0,1.0,0.2852658765344283,0.2852658765344283,0.0,448.4614285659132,6000.0,448.4614285659132,6000.0,188.19399445662492,448.4614285659132,448.4614285659132,6000.0,0.0,1.0,0.0,1.0,0.0,0.0,,,2941.1453291735493,0.0,188.19399445662492,0.0,5.0,0.01564186034587085,0.0,448.4614285659132,448.4614285659132,2989.7428571060877,0.005044726350643143,-0.02810121496045692,-0.11727019985395633,-0.016336614072207066,0.0088227275376808,6.0,1.0,51.0,56.0,50.0,56.0,68.0,28.0,0.0,6.0,0.0,0.0,265.4658223268475,0.0,2.6356165138621463,265.4658223268475,268.10143884070965,0.0,265.4658223268475,0.0,0.06017085496182517,265.4658223268475,265.5259931818094,0.0,265.4658223268475,0.0,11.52768382350132,265.4658223268475,276.9935061503488,0.0,265.4658223268475,0.0,8.586709822351054,265.4658223268475,274.05253214919856,0.0,-0.0027070679805630245,-0.00013568288513172413,-0.03075808314622594,-0.020765368307899965,1.0,1500.0,1500.0,1500.0,1500.0,,,0.0,-0.008864210155317308,-0.010036160775038282,-0.011017393514775618,-0.017021138342071394,-0.017953895435411836,-0.010528031060398745,-0.010734082895342924,-0.008934601844347512,0.09439399470396204,0.09319842912973293,-0.009751760503783123,-0.015064939415794853,-0.020262726021060114,-0.011037235533509816,-0.010708541807491123,-0.008693896511212173,1.0,70.0,80.0,90.0,80.0,90.0,90.0,90.0,90.0,100.0,100.0,90.0,80.0,80.0,90.0,90.0,90.0,1.0,1.0,1.0,1.0,0.0,1.0,0.0,,983.0,0.05106477312159905,0.0,0.0,0.0,,0.0,,0.0,,0.0,0.0,0.0,1.0,0.0,0.0,0.0,0.0,,0.0,,448.4614285659132,0.0,448.4614285659132,152.0,115.40762196392147,115.195803504406,0.0,2.0,5.258801799995126,448.4614285659132,51.0,1.0,,,71.0,68.0,,,,,,,,,1.0,1.0,51.0,61.0,56.0,56.0,56.0,56.0,56.0,56.0,68.0,44.0,0.0,0.0,0.0,0.0,0.0,1500.0,1500.0,1500.0,1500.0,49,9000.0,70.0,70.0,80.0,90.0,80.0,90.0,90.0,90.0,90.0,80.0,100.0,100.0,90.0,80.0,80.0,90.0,90.0,90.0
374.8088225912553,6000.0,0.0,0.0,0.0,0.0,0.0,0.0,0.0,0.0,0.0,0.0,0.0,0.0,0.0,0.0,0.0,0.0,0.0,0.0,0.0,0.0,0.0,0.0,0.0,0.0,0.0,0.0,0.0,0.0,0.0,0.0,0.0,0.0,0.0,0.0,0.0,0.0,0.0,0.0,0.0,0.0,0.0,0.0,0.0,0.0,0.0,0.0,0.0,0.0,0.0,0.0,0.0,0.0,0.0,0.0,0.0,0.0,0.0,0.0,0.0,0.0,0.0,0.0,0.0,0.0,0.0,0.0,0.0,0.0,0.0,0.0,0.0,0.0,0.0,0.0,0.0,0.0,0.0,0.0,0.0,0.0,0.0,0.0,0.0,0.0,0.0,0.0,0.0,0.0,0.0,0.0,0.0,0.0,1142.058,1608.5641628213,-984.3773708244851,6000.0,1200.0,3.0,39.442139221771534,95.57377292447642,56.13163370270488,2549.043906278037,0.998387479576489,0.0,213.92931178115762,323.3248674081006,374.8088225912553,6000.0,1000000.0,374.8088225912553,6000.0,156.22341366371887,374.8088225912553,374.8088225912553,6000.0,0.0,1.0,0.0,50.0,5.0,1.0,0.0,75.0,,0.0,9.0,1.0,,1.0,,,,2.344267286675347,inf,0.0,1.0,0.0,,1.0,1.0,0.0,5.0,4.0,0.0,0.0,,1.0,156.2991512253644,50.0,0.0,86.00566395209293,3.0,156.2991512253644,,,,,25.0,4.0,1.0,0.0,1.0,4.0,4.0,1.0,156.2991512253644,25.0,0.0,86.00566395209293,14.0,156.2991512253644,1.0,374.8088225912553,5901.63635917942,1.0,-984.3773708244851,6000.0,158.56768095039422,374.8088225912553,374.8088225912553,5901.63635917942,1.0,0.0,0.0,,,,12.0,0.0,0.0,0.0,156.22341366371887,0.0,1.0,0.0,1.0,1.0,1.0,1.0,0.0,0.0,0.0,0.0,0.0,156.22341366371887,95.57377292447642,0.0,1.0,0.0,158.56768095039422,95.99378107998055,95.99378107998055,0.0,1.0,0.0,1.0,1.0,7.811170683185944,1.0,0.0,1.0,0.0,0.0,0.0,156.22341366371887,1.0,0.0,156.22341366371887,0.0,1.0,156.22341366371887,4130.0,4130.0,4130.0,1691.25,1691.25,1691.25,1204.0,1204.0,1204.0,3.0,7025.25,7025.25,7025.25,374.8088225912553,6000.0,0.0,0.0,220.0,0.0,0.0,1.0,0.0,0.0,0.0,0.5,0.011407373568211612,0.0,5.703686784105805,-984.3773708244851,1608.5641628213,-3315.000000000001,37566.666666666664,-22100.000000000004,5635.000000000001,,,,,,,,,,-332.7565125311237,1.0,3218.729187586594,-2218.376750207491,482.80937813798914,1.0,,,,,1204.0,1200.0,6000.0,4943.980680721973,0.48360605986323674,0.5163939401367633,4350.4031689070225,156.22341366371887,156.22341366371887,1.0,0.0,374.8088225912553,0.0,6000.0,1.0,1.0,1.0,1.0,156.22341366371887,374.8088225912553,6000.0,1.0,1.0,95.57377292447642,31.857924308158804,374.8088225912553,0.0,473.846361837675,374.8088225912553,6000.0,46.55255923480586,1.0,1.0,1.0,14.266848950799755,31.857924308158804,3.0,,,,,,,,,,,,,,6.0,0.0,1.0,0.0,0.0,0.0,0.0,1.0,0.21850022006298767,0.21850022006298767,0.0,374.8088225912553,6000.0,374.8088225912553,6000.0,156.22341366371887,374.8088225912553,374.8088225912553,6000.0,0.0,1.0,0.0,1.0,0.0,0.0,,,2549.043906278037,0.0,156.22341366371887,0.0,5.0,0.011407373568211612,0.0,374.8088225912553,374.8088225912553,2498.725483941702,-0.005152606817553085,-0.01910911784545246,-0.022092105464087172,-0.002445341632688114,-0.003398436253774821,6.0,1.0,51.0,56.0,56.0,56.0,68.0,29.0,1.0,6.0,0.0,0.0,154.36236977973826,0.0,0.02805417797873133,154.36236977973826,154.39042395771702,0.0,154.36236977973826,0.0,0.02996882577190263,154.36236977973826,154.39233860551016,0.0,154.36236977973826,0.0,11.921328361707594,154.36236977973826,166.28369814144588,0.0,154.36236977973826,0.0,0.4793827406566038,154.36236977973826,154.84175252039483,0.0,-9.351392659586584e-05,-9.989608590634209e-05,-0.0311387448741633,-0.0013186171486354325,1.0,1500.0,1500.0,1500.0,1500.0,,,0.0,-0.008725829894981628,-0.009899802320842,-0.01072192086069137,-0.016299457440845624,-0.018081740936523972,-0.011392160176242427,-0.011506620829479886,-0.009567543939962422,0.09454472622800818,0.09342554323983912,-0.009158132223521064,-0.013654169036799235,-0.016600765714218556,-0.011914277867672584,-0.01098484278914942,-0.008643284818446874,1.0,70.0,80.0,90.0,80.0,90.0,90.0,90.0,90.0,100.0,100.0,90.0,80.0,80.0,90.0,90.0,90.0,1.0,1.0,1.0,1.0,0.0,1.0,0.0,,930.0,0.050745341185119336,0.0,0.0,0.0,,0.0,,0.0,,0.0,0.0,0.0,1.0,0.0,0.0,0.0,0.0,,0.0,,374.8088225912553,0.0,374.8088225912553,128.0,95.57377292447642,95.58838037067436,0.0,2.0,4.8942409999872325,374.8088225912553,51.0,1.0,,,71.0,68.0,,,,,,,,,1.0,1.0,51.0,61.0,56.0,56.0,62.0,50.0,56.0,56.0,68.0,44.0,0.0,0.0,0.0,0.0,0.0,1500.0,1500.0,1500.0,1500.0,50,9180.0,70.0,70.0,80.0,90.0,80.0,90.0,90.0,90.0,90.0,80.0,100.0,100.0,90.0,80.0,80.0,90.0,90.0,90.0
339.42763084017463,6000.0,0.0,0.0,0.0,0.0,0.0,0.0,0.0,0.0,0.0,0.0,0.0,0.0,0.0,0.0,0.0,0.0,0.0,0.0,0.0,0.0,0.0,0.0,0.0,0.0,0.0,0.0,0.0,0.0,0.0,0.0,0.0,0.0,0.0,0.0,0.0,0.0,0.0,0.0,0.0,0.0,0.0,0.0,0.0,0.0,0.0,0.0,0.0,0.0,0.0,0.0,0.0,0.0,0.0,0.0,0.0,0.0,0.0,0.0,0.0,0.0,0.0,0.0,0.0,0.0,0.0,0.0,0.0,0.0,0.0,0.0,0.0,0.0,0.0,0.0,0.0,0.0,0.0,0.0,0.0,0.0,0.0,0.0,0.0,0.0,0.0,0.0,0.0,0.0,0.0,0.0,0.0,0.0,1142.058,339.42763084017463,-846.7265727926496,6000.0,1200.0,3.0,35.75301255998951,80.20649972480265,44.453487164813154,2214.791898854344,0.9995649136595,0.0,140.43937808761285,248.61027146369958,339.42763084017463,6000.0,1000000.0,339.42763084017463,6000.0,132.1405394525197,339.42763084017463,339.42763084017463,6000.0,0.0,1.0,0.0,49.0,4.0,0.0,1.0,49.0,,0.0,4.0,0.0,,1.0,,,,1.2812727906556347,1.2812727906556347,0.0,1.0,0.0,,1.0,0.0,1.0,4.0,4.0,0.0,0.0,,0.0,131.48216397271426,49.0,0.0,72.79168447064364,13.0,131.48216397271426,,,,,0.0,0.0,,,,,,,,,,,,,0.0,339.42763084017463,5926.282723374994,0.0,339.42763084017463,6000.0,133.42181224317534,339.42763084017463,339.42763084017463,5926.282723374994,1.0,0.0,0.0,,,,12.0,0.0,0.0,0.0,132.1405394525197,0.0,1.0,0.0,1.0,1.0,1.0,1.0,0.0,0.0,0.0,0.0,0.0,132.1405394525197,80.20649972480265,0.0,1.0,0.0,133.42181224317534,80.52346654026869,80.52346654026869,0.0,1.0,0.0,1.0,1.0,6.607026972625985,1.0,0.0,1.0,0.0,0.0,0.0,132.1405394525197,1.0,0.0,132.1405394525197,0.0,1.0,132.1405394525197,4130.0,4130.0,4130.0,1691.25,1691.25,1691.25,1204.0,1204.0,1204.0,3.0,7025.25,7025.25,7025.25,339.42763084017463,6000.0,0.0,0.0,220.0,0.0,0.0,1.0,0.0,0.0,0.0,0.5,0.008120208898811857,0.0,4.060104449405928,-846.7265727926496,1359.4083519301944,-3315.000000000001,37566.666666666664,-22100.000000000004,5635.000000000001,,,,,,,,,,-312.60031923486247,1.0,2894.5625209199284,-2084.002128232416,434.1843781379893,1.0,,,,,1204.0,1200.0,6000.0,4697.152185025608,0.4877137872291656,0.5122862127708343,3765.756884170743,132.1405394525197,132.1405394525197,1.0,0.0,339.42763084017463,0.0,6000.0,1.0,1.0,1.0,1.0,132.1405394525197,339.42763084017463,6000.0,1.0,1.0,80.20649972480265,26.735499908267553,339.42763084017463,0.0,347.69031133752827,339.42763084017463,6000.0,38.066249212277945,1.0,1.0,1.0,12.117723101210203,26.735499908267553,3.0,,,,,,,,,,,,,,6.0,0.0,1.0,0.0,0.0,0.0,0.0,1.0,0.17789978362296827,0.17789978362296827,0.0,339.42763084017463,6000.0,339.42763084017463,6000.0,132.1405394525197,339.42763084017463,339.42763084017463,6000.0,0.0,1.0,0.0,1.0,0.0,0.0,,,2214.791898854344,0.0,132.1405394525197,0.0,5.0,0.008120208898811857,0.0,339.42763084017463,339.42763084017463,2262.8508722678307,0.0027913812811997856,-0.016060794150314344,0.0246298292947853,-0.003550921954832892,-0.002710720753298368,6.0,1.0,51.0,56.0,62.0,56.0,68.0,30.0,1.0,6.0,0.0,0.0,130.21430493199952,0.0,0.029223248551545566,130.21430493199952,130.24352818055104,0.0,130.21430493199952,0.0,0.031216932763015848,130.21430493199952,130.24552186476257,0.0,130.21430493199952,0.0,11.635912723797048,130.21430493199952,141.85021765579657,0.0,130.21430493199952,0.0,0.045241076926402,130.21430493199952,130.25954600892595,0.0,-9.741082850505715e-05,-0.0001040564425434809,-0.030160118012940038,-0.00015080358975476808,1.0,1500.0,1500.0,1500.0,1500.0,,,0.0,-0.008805946666339003,-0.009877656194145957,-0.010626807718326248,-0.016079815473982784,-0.01743458015808326,-0.01142291376828659,-0.011379962240381935,-0.009380750011104586,0.09449473662176011,0.09344918998235077,-0.00910627309507106,-0.013381873104074505,-0.015571321641447256,-0.012153963739219266,-0.01104445105491454,-0.008607737008202764,1.0,70.0,80.0,90.0,80.0,90.0,90.0,90.0,90.0,100.0,100.0,90.0,80.0,80.0,90.0,90.0,90.0,1.0,1.0,1.0,1.0,0.0,1.0,0.0,,980.0,0.05052173882958353,0.0,0.0,0.0,,0.0,,0.0,,0.0,0.0,0.0,1.0,0.0,0.0,0.0,0.0,,0.0,,339.42763084017463,0.0,339.42763084017463,144.0,80.20649972480265,80.0135642465834,0.0,3.0,4.061992999995709,339.42763084017463,51.0,1.0,,,71.0,68.0,,,,,,,,,1.0,1.0,51.0,61.0,56.0,56.0,62.0,50.0,56.0,56.0,68.0,44.0,0.0,0.0,0.0,0.0,0.0,1500.0,1500.0,1500.0,1500.0,51,9360.0,70.0,70.0,80.0,90.0,80.0,90.0,90.0,90.0,90.0,80.0,100.0,100.0,90.0,80.0,80.0,90.0,90.0,90.0
277.307807261925,6000.0,0.0,0.0,0.0,0.0,0.0,0.0,0.0,0.0,0.0,0.0,0.0,0.0,0.0,0.0,0.0,0.0,0.0,0.0,0.0,0.0,0.0,0.0,0.0,0.0,0.0,0.0,0.0,0.0,0.0,0.0,0.0,0.0,0.0,0.0,0.0,0.0,0.0,0.0,0.0,0.0,0.0,0.0,0.0,0.0,0.0,0.0,0.0,0.0,0.0,0.0,0.0,0.0,0.0,0.0,0.0,0.0,0.0,0.0,0.0,0.0,0.0,0.0,0.0,0.0,0.0,0.0,0.0,0.0,0.0,0.0,0.0,0.0,0.0,0.0,0.0,0.0,0.0,0.0,0.0,0.0,0.0,0.0,0.0,0.0,0.0,0.0,0.0,0.0,0.0,0.0,0.0,0.0,1142.058,277.307807261925,-784.4093105845718,6000.0,1200.0,3.0,32.09022481609287,68.21482491793957,36.124600101846696,1959.9262428169448,1.000806150580757,0.0,102.68670293269531,204.12761199268326,277.307807261925,6000.0,1000000.0,277.307807261925,6000.0,114.58697416071323,277.307807261925,277.307807261925,6000.0,0.0,1.0,0.0,49.0,4.0,0.0,1.0,49.0,,0.0,4.0,0.0,,1.0,,,,1.7027004951692675,1.7027004951692675,0.0,1.0,0.0,,1.0,0.0,1.0,4.0,4.0,0.0,0.0,,0.0,114.4616757426991,49.0,0.0,66.49491564575368,13.0,114.4616757426991,,,,,0.0,0.0,,,,,,,,,,,,,0.0,277.307807261925,5854.776232604542,0.0,277.307807261925,6000.0,116.2896746558825,277.307807261925,277.307807261925,5854.776232604542,1.0,0.0,0.0,,,,12.0,0.0,0.0,0.0,114.58697416071323,0.0,1.0,0.0,1.0,1.0,1.0,1.0,0.0,0.0,0.0,0.0,0.0,114.58697416071323,68.21482491793957,0.0,1.0,0.0,116.2896746558825,68.84319615968964,68.84319615968964,0.0,1.0,0.0,1.0,1.0,5.729348708035662,1.0,0.0,1.0,0.0,0.0,0.0,114.58697416071323,1.0,0.0,114.58697416071323,0.0,1.0,114.58697416071323,4130.0,4130.0,4130.0,1691.25,1691.25,1691.25,1204.0,1204.0,1204.0,3.0,7025.25,7025.25,7025.25,277.307807261925,6000.0,0.0,0.0,220.0,0.0,0.0,1.0,0.0,0.0,0.0,0.5,0.011277072442121063,0.0,5.638536221060531,-784.4093105845718,1229.462737175314,-3315.000000000001,37566.666666666664,-22100.000000000004,5635.000000000001,,,,,,,,,,-304.2123801981706,1.0,2623.212278810561,-2028.0825346544702,393.4818418215842,1.0,,,,,1204.0,1200.0,6000.0,4599.864756415127,0.4757960387674237,0.5242039612325762,3500.6866716488325,114.58697416071323,114.58697416071323,1.0,0.0,277.307807261925,0.0,6000.0,1.0,1.0,1.0,1.0,114.58697416071323,277.307807261925,6000.0,1.0,1.0,68.21482491793957,22.738274972646522,277.307807261925,0.0,235.27606354793534,277.307807261925,6000.0,31.45484224381197,1.0,1.0,1.0,9.304755999388888,22.738274972646522,3.0,,,,,,,,,,,,,,6.0,0.0,1.0,0.0,0.0,0.0,0.0,1.0,0.1594921299756134,0.1594921299756134,0.0,277.307807261925,6000.0,277.307807261925,6000.0,114.58697416071323,277.307807261925,277.307807261925,6000.0,0.0,1.0,0.0,1.0,0.0,0.0,,,1959.9262428169448,0.0,114.58697416071323,0.0,5.0,0.011277072442121063,0.0,277.307807261925,277.307807261925,1848.7187150794998,0.0027913812811997856,-0.016060794150314344,0.0246298292947853,-0.003550921954832892,-0.002710720753298368,6.0,1.0,51.0,56.0,62.0,56.0,68.0,30.0,0.0,6.0,0.0,0.0,130.21430493199952,0.0,0.029223248551545566,130.21430493199952,130.24352818055104,0.0,130.21430493199952,0.0,0.031216932763015848,130.21430493199952,130.24552186476257,0.0,130.21430493199952,0.0,11.635912723797048,130.21430493199952,141.85021765579657,0.0,130.21430493199952,0.0,0.045241076926402,130.21430493199952,130.25954600892595,0.0,-9.741082850505715e-05,-0.0001040564425434809,-0.030160118012940038,-0.00015080358975476808,1.0,1500.0,1500.0,1500.0,1500.0,,,0.0,-0.008805946666339003,-0.009877656194145957,-0.010626807718326248,-0.016079815473982784,-0.01743458015808326,-0.01142291376828659,-0.011379962240381935,-0.009380750011104586,0.09449473662176011,0.09344918998235077,-0.00910627309507106,-0.013381873104074505,-0.015571321641447256,-0.012153963739219266,-0.01104445105491454,-0.008607737008202764,1.0,70.0,80.0,90.0,80.0,90.0,90.0,90.0,90.0,100.0,100.0,90.0,80.0,80.0,90.0,90.0,90.0,1.0,1.0,1.0,1.0,0.0,1.0,0.0,,939.0,0.050365217180708466,0.0,0.0,0.0,,0.0,,0.0,,0.0,0.0,0.0,1.0,0.0,0.0,0.0,0.0,,0.0,,277.307807261925,0.0,277.307807261925,136.0,68.21482491793957,68.30920597715354,0.0,2.0,3.5150471000088146,277.307807261925,51.0,1.0,,,71.0,68.0,,,,,,,,,1.0,1.0,51.0,61.0,56.0,56.0,62.0,50.0,56.0,56.0,68.0,44.0,0.0,0.0,0.0,0.0,0.0,1500.0,1500.0,1500.0,1500.0,52,9540.0,70.0,70.0,80.0,90.0,80.0,90.0,90.0,90.0,90.0,80.0,100.0,100.0,90.0,80.0,80.0,90.0,90.0,90.0
237.26238758427468,6000.0,0.0,0.0,0.0,0.0,0.0,0.0,0.0,0.0,0.0,0.0,0.0,0.0,0.0,0.0,0.0,0.0,0.0,0.0,0.0,0.0,0.0,0.0,0.0,0.0,0.0,0.0,0.0,0.0,0.0,0.0,0.0,0.0,0.0,0.0,0.0,0.0,0.0,0.0,0.0,0.0,0.0,0.0,0.0,0.0,0.0,0.0,0.0,0.0,0.0,0.0,0.0,0.0,0.0,0.0,0.0,0.0,0.0,0.0,0.0,0.0,0.0,0.0,0.0,0.0,0.0,0.0,0.0,0.0,0.0,0.0,0.0,0.0,0.0,0.0,0.0,0.0,0.0,0.0,0.0,0.0,0.0,0.0,0.0,0.0,0.0,0.0,0.0,0.0,0.0,0.0,0.0,0.0,1142.058,237.26238758427468,-679.163626391435,6000.0,1200.0,3.0,28.321865038316567,58.25775628854428,29.935891250227712,1745.7762001833612,1.0017555615345048,0.0,101.77083333333334,203.34061377110524,237.26238758427468,6000.0,1000000.0,237.26238758427468,6000.0,102.00171772774847,237.26238758427468,237.26238758427468,6000.0,0.0,1.0,0.0,49.0,4.0,0.0,1.0,49.0,,0.0,4.0,0.0,,1.0,,,,0.9972263890207955,0.9972263890207955,0.0,1.0,0.0,,1.0,0.0,1.0,4.0,4.0,0.0,0.0,,0.0,101.08541936981477,49.0,0.0,60.06801020351243,13.0,101.08541936981477,,,,,0.0,0.0,,,,,,,,,,,,,0.0,237.26238758427468,5853.371645615354,0.0,237.26238758427468,6000.0,102.99894411676927,237.26238758427468,237.26238758427468,5853.371645615354,1.0,0.0,0.0,,,,12.0,0.0,0.0,0.0,102.00171772774847,0.0,1.0,0.0,1.0,1.0,1.0,1.0,0.0,0.0,0.0,0.0,0.0,102.00171772774847,58.25775628854428,0.0,1.0,0.0,102.99894411676927,58.893435985316565,58.893435985316565,0.0,1.0,0.0,1.0,1.0,5.100085886387424,1.0,0.0,1.0,0.0,0.0,0.0,102.00171772774847,1.0,0.0,102.00171772774847,0.0,1.0,102.00171772774847,4130.0,4130.0,4130.0,1691.25,1691.25,1691.25,1204.0,1204.0,1204.0,3.0,7025.25,7025.25,7025.25,237.26238758427468,6000.0,0.0,0.0,220.0,0.0,0.0,1.0,0.0,0.0,0.0,0.5,0.017093621563800693,0.0,8.546810781900346,-679.163626391435,1073.6579247950835,-3315.000000000001,37566.666666666664,-22100.000000000004,5635.000000000001,,,,,,,,,,-267.6967902684342,1.0,2410.7354269587095,-1784.6452684562278,361.61031404380645,1.0,,,,,1204.0,1200.0,6000.0,4056.8796243894467,0.47556194093589227,0.5244380590641078,3148.3823053936094,102.00171772774847,102.00171772774847,1.0,0.0,237.26238758427468,0.0,6000.0,1.0,1.0,1.0,1.0,102.00171772774847,237.26238758427468,6000.0,1.0,1.0,58.25775628854428,19.419252096181427,237.26238758427468,0.0,139.98856477768186,237.26238758427468,6000.0,26.583422255462253,1.0,1.0,1.0,6.639644603571995,19.419252096181427,3.0,,,,,,,,,,,,,,6.0,0.0,1.0,0.0,0.0,0.0,0.0,1.0,0.13502654898566735,0.13502654898566735,0.0,237.26238758427468,6000.0,237.26238758427468,6000.0,102.00171772774847,237.26238758427468,237.26238758427468,6000.0,0.0,1.0,0.0,1.0,0.0,0.0,,,1745.7762001833612,0.0,102.00171772774847,0.0,5.0,0.017093621563800693,0.0,237.26238758427468,237.26238758427468,1581.7492505618309,0.0027913812811997856,-0.016060794150314344,0.0246298292947853,-0.003550921954832892,-0.002710720753298368,6.0,1.0,51.0,56.0,62.0,56.0,68.0,30.0,0.0,6.0,0.0,0.0,130.21430493199952,0.0,0.029223248551545566,130.21430493199952,130.24352818055104,0.0,130.21430493199952,0.0,0.031216932763015848,130.21430493199952,130.24552186476257,0.0,130.21430493199952,0.0,11.635912723797048,130.21430493199952,141.85021765579657,0.0,130.21430493199952,0.0,0.045241076926402,130.21430493199952,130.25954600892595,0.0,-9.741082850505715e-05,-0.0001040564425434809,-0.030160118012940038,-0.00015080358975476808,1.0,1500.0,1500.0,1500.0,1500.0,,,0.0,-0.008805946666339003,-0.009877656194145957,-0.010626807718326248,-0.016079815473982784,-0.01743458015808326,-0.01142291376828659,-0.011379962240381935,-0.009380750011104586,0.09449473662176011,0.09344918998235077,-0.00910627309507106,-0.013381873104074505,-0.015571321641447256,-0.012153963739219266,-0.01104445105491454,-0.008607737008202764,1.0,70.0,80.0,90.0,80.0,90.0,90.0,90.0,90.0,100.0,100.0,90.0,80.0,80.0,90.0,90.0,90.0,1.0,1.0,1.0,1.0,0.0,1.0,0.0,,924.0,0.05025565202649592,0.0,0.0,0.0,,0.0,,0.0,,0.0,0.0,0.0,1.0,0.0,0.0,0.0,0.0,,0.0,,237.26238758427468,0.0,237.26238758427468,112.0,58.25775628854428,58.41383967512372,0.0,3.0,3.6844516999990446,237.26238758427468,51.0,1.0,,,71.0,68.0,,,,,,,,,1.0,1.0,51.0,61.0,56.0,56.0,62.0,50.0,56.0,56.0,68.0,44.0,0.0,0.0,0.0,0.0,0.0,1500.0,1500.0,1500.0,1500.0,53,9720.0,70.0,70.0,80.0,90.0,80.0,90.0,90.0,90.0,90.0,80.0,100.0,100.0,90.0,80.0,80.0,90.0,90.0,90.0
218.28274380150134,6000.0,0.0,0.0,0.0,0.0,0.0,0.0,0.0,0.0,0.0,0.0,0.0,0.0,0.0,0.0,0.0,0.0,0.0,0.0,0.0,0.0,0.0,0.0,0.0,0.0,0.0,0.0,0.0,0.0,0.0,0.0,0.0,0.0,0.0,0.0,0.0,0.0,0.0,0.0,0.0,0.0,0.0,0.0,0.0,0.0,0.0,0.0,0.0,0.0,0.0,0.0,0.0,0.0,0.0,0.0,0.0,0.0,0.0,0.0,0.0,0.0,0.0,0.0,0.0,0.0,0.0,0.0,0.0,0.0,0.0,0.0,0.0,0.0,0.0,0.0,0.0,0.0,0.0,0.0,0.0,0.0,0.0,0.0,0.0,0.0,0.0,0.0,0.0,0.0,0.0,0.0,0.0,0.0,1142.058,218.28274380150134,-548.070355951822,6000.0,1200.0,3.0,23.488473523301803,50.00780520719687,26.51933168389506,1607.7800501898112,1.0024452903524388,0.0,101.77083333333334,201.88360958503992,218.28274380150134,6000.0,1000000.0,218.28274380150134,6000.0,93.18890690406391,218.28274380150134,218.28274380150134,6000.0,0.0,1.0,0.0,49.0,4.0,0.0,1.0,49.0,,0.0,4.0,0.0,,1.0,,,,0.5186915624844204,0.5186915624844204,0.0,1.0,0.0,,1.0,0.0,1.0,4.0,4.0,0.0,0.0,,0.0,91.88085773074694,49.0,0.0,51.101759651419016,13.0,91.88085773074694,,,,,0.0,0.0,,,,,,,,,,,,,0.0,218.28274380150134,5840.723861713941,0.0,218.28274380150134,6000.0,93.70759846654833,218.28274380150134,218.28274380150134,5840.723861713941,1.0,0.0,0.0,,,,12.0,0.0,0.0,0.0,93.18890690406391,0.0,1.0,0.0,1.0,1.0,1.0,1.0,0.0,0.0,0.0,0.0,0.0,93.18890690406391,50.00780520719687,0.0,1.0,0.0,93.70759846654833,50.515148201100686,50.515148201100686,0.0,1.0,0.0,1.0,1.0,4.659445345203196,1.0,0.0,1.0,0.0,0.0,0.0,93.18890690406391,1.0,0.0,93.18890690406391,0.0,1.0,93.18890690406391,4130.0,4130.0,4130.0,1691.25,1691.25,1691.25,1204.0,1204.0,1204.0,3.0,7025.25,7025.25,7025.25,218.28274380150134,6000.0,0.0,0.0,220.0,0.0,0.0,1.0,0.0,0.0,0.0,0.5,0.006020475987843219,0.0,3.0102379939216095,-548.070355951822,861.3807442995061,-3315.000000000001,37566.666666666664,-22100.000000000004,5635.000000000001,,,,,,,,,,-254.9798799903654,1.0,2371.5277777777774,-1699.8658666024357,355.7291666666667,1.0,,,,,1204.0,1200.0,6000.0,4447.675746937836,0.4734539769523236,0.5265460230476765,2583.240229907928,93.18890690406391,93.18890690406391,1.0,0.0,218.28274380150134,0.0,6000.0,1.0,1.0,1.0,1.0,93.18890690406391,218.28274380150134,6000.0,1.0,1.0,50.00780520719687,16.669268402398956,218.28274380150134,0.0,73.44648234585198,218.28274380150134,6000.0,22.585646342491625,1.0,1.0,1.0,4.841581166960793,16.669268402398956,3.0,,,,,,,,,,,,,,6.0,0.0,1.0,0.0,0.0,0.0,0.0,1.0,0.0957805715213839,0.0957805715213839,0.0,218.28274380150134,6000.0,218.28274380150134,6000.0,93.18890690406391,218.28274380150134,218.28274380150134,6000.0,0.0,1.0,0.0,1.0,0.0,0.0,,,1607.7800501898112,0.0,93.18890690406391,0.0,5.0,0.006020475987843219,0.0,218.28274380150134,218.28274380150134,1455.2182920100088,0.0027913812811997856,-0.016060794150314344,0.0246298292947853,-0.003550921954832892,-0.002710720753298368,6.0,1.0,51.0,56.0,62.0,56.0,68.0,30.0,0.0,6.0,0.0,0.0,130.21430493199952,0.0,0.029223248551545566,130.21430493199952,130.24352818055104,0.0,130.21430493199952,0.0,0.031216932763015848,130.21430493199952,130.24552186476257,0.0,130.21430493199952,0.0,11.635912723797048,130.21430493199952,141.85021765579657,0.0,130.21430493199952,0.0,0.045241076926402,130.21430493199952,130.25954600892595,0.0,-9.741082850505715e-05,-0.0001040564425434809,-0.030160118012940038,-0.00015080358975476808,1.0,1500.0,1500.0,1500.0,1500.0,,,0.0,-0.008805946666339003,-0.009877656194145957,-0.010626807718326248,-0.016079815473982784,-0.01743458015808326,-0.01142291376828659,-0.011379962240381935,-0.009380750011104586,0.09449473662176011,0.09344918998235077,-0.00910627309507106,-0.013381873104074505,-0.015571321641447256,-0.012153963739219266,-0.01104445105491454,-0.008607737008202764,1.0,70.0,80.0,90.0,80.0,90.0,90.0,90.0,90.0,100.0,100.0,90.0,80.0,80.0,90.0,90.0,90.0,1.0,1.0,1.0,1.0,0.0,1.0,0.0,,936.0,0.050178956418547145,0.0,0.0,0.0,,0.0,,0.0,,0.0,0.0,0.0,1.0,0.0,0.0,0.0,0.0,,0.0,,218.28274380150134,0.0,218.28274380150134,128.0,50.00780520719687,50.16581573804687,0.0,3.0,3.747420499988948,218.28274380150134,51.0,1.0,,,71.0,68.0,,,,,,,,,1.0,1.0,51.0,61.0,56.0,56.0,62.0,50.0,56.0,56.0,68.0,44.0,0.0,0.0,0.0,0.0,0.0,1500.0,1500.0,1500.0,1500.0,54,9900.0,70.0,70.0,80.0,90.0,80.0,90.0,90.0,90.0,90.0,80.0,100.0,100.0,90.0,80.0,80.0,90.0,90.0,90.0
258.20786783516326,6000.0,0.0,0.0,0.0,0.0,0.0,0.0,0.0,0.0,0.0,0.0,0.0,0.0,0.0,0.0,0.0,0.0,0.0,0.0,0.0,0.0,0.0,0.0,0.0,0.0,0.0,0.0,0.0,0.0,0.0,0.0,0.0,0.0,0.0,0.0,0.0,0.0,0.0,0.0,0.0,0.0,0.0,0.0,0.0,0.0,0.0,0.0,0.0,0.0,0.0,0.0,0.0,0.0,0.0,0.0,0.0,0.0,0.0,0.0,0.0,0.0,0.0,0.0,0.0,0.0,0.0,0.0,0.0,0.0,0.0,0.0,0.0,0.0,0.0,0.0,0.0,0.0,0.0,0.0,0.0,0.0,0.0,0.0,0.0,0.0,0.0,0.0,0.0,0.0,0.0,0.0,0.0,0.0,1142.058,258.20786783516326,-439.73729677258234,6000.0,1200.0,3.0,19.74536426118638,44.54503618530126,24.799671924114875,1524.9249413164603,1.002611799375008,0.0,101.77083333333334,202.4268764744845,258.20786783516326,6000.0,1000000.0,258.20786783516326,6000.0,87.79999503240593,258.20786783516326,258.20786783516326,6000.0,0.0,1.0,0.0,49.0,4.0,0.0,1.0,49.0,,0.0,4.0,0.0,,1.0,,,,0.1786542150281747,0.1786542150281747,0.0,1.0,0.0,,1.0,0.0,1.0,4.0,4.0,0.0,0.0,,0.0,86.06540803565476,49.0,0.0,41.84753730443076,13.0,86.06540803565476,,,,,0.0,0.0,,,,,,,,,,,,,0.0,258.20786783516326,5823.253780195018,0.0,258.20786783516326,6000.0,87.9786492474341,258.20786783516326,258.20786783516326,5823.253780195018,1.0,0.0,0.0,,,,12.0,0.0,0.0,0.0,87.79999503240593,0.0,1.0,0.0,1.0,1.0,1.0,1.0,0.0,0.0,0.0,0.0,0.0,87.79999503240593,44.54503618530126,0.0,1.0,0.0,87.9786492474341,44.717253368122655,44.717253368122655,0.0,1.0,0.0,1.0,1.0,4.389999751620297,1.0,0.0,1.0,0.0,0.0,0.0,87.79999503240593,1.0,0.0,87.79999503240593,0.0,1.0,87.79999503240593,4130.0,4130.0,4130.0,1691.25,1691.25,1691.25,1204.0,1204.0,1204.0,3.0,7025.25,7025.25,7025.25,258.20786783516326,6000.0,0.0,0.0,220.0,0.0,0.0,1.0,0.0,0.0,0.0,0.5,0.01801778037268475,0.0,9.008890186342375,-439.73729677258234,740.0051725413126,-3315.000000000001,37566.666666666664,-22100.000000000004,5635.000000000001,,,,,,,,,,-216.9346120152682,1.0,2404.6296296296296,-1446.2307467684543,360.6944444444445,1.0,,,,,1204.0,1200.0,6000.0,4055.5460372189864,0.4705422966991697,0.5294577033008303,2239.600692273424,87.79999503240593,87.79999503240593,1.0,0.0,258.20786783516326,0.0,6000.0,1.0,1.0,1.0,1.0,87.79999503240593,258.20786783516326,6000.0,1.0,1.0,44.54503618530126,14.848345395100418,258.20786783516326,0.0,23.598034566780555,258.20786783516326,6000.0,19.269353292359884,1.0,1.0,1.0,3.728946871964169,14.848345395100418,3.0,,,,,,,,,,,,,,6.0,0.0,1.0,0.0,0.0,0.0,0.0,1.0,0.07191671474121,0.07191671474121,0.0,258.20786783516326,6000.0,258.20786783516326,6000.0,87.79999503240593,258.20786783516326,258.20786783516326,6000.0,0.0,1.0,0.0,1.0,0.0,0.0,,,1524.9249413164603,0.0,87.79999503240593,0.0,5.0,0.01801778037268475,0.0,258.20786783516326,258.20786783516326,1721.3857855677547,0.0027913812811997856,-0.016060794150314344,0.0246298292947853,-0.003550921954832892,-0.002710720753298368,6.0,1.0,51.0,56.0,62.0,56.0,68.0,30.0,0.0,6.0,0.0,0.0,130.21430493199952,0.0,0.029223248551545566,130.21430493199952,130.24352818055104,0.0,130.21430493199952,0.0,0.031216932763015848,130.21430493199952,130.24552186476257,0.0,130.21430493199952,0.0,11.635912723797048,130.21430493199952,141.85021765579657,0.0,130.21430493199952,0.0,0.045241076926402,130.21430493199952,130.25954600892595,0.0,-9.741082850505715e-05,-0.0001040564425434809,-0.030160118012940038,-0.00015080358975476808,1.0,1500.0,1500.0,1500.0,1500.0,,,0.0,-0.008805946666339003,-0.009877656194145957,-0.010626807718326248,-0.016079815473982784,-0.01743458015808326,-0.01142291376828659,-0.011379962240381935,-0.009380750011104586,0.09449473662176011,0.09344918998235077,-0.00910627309507106,-0.013381873104074505,-0.015571321641447256,-0.012153963739219266,-0.01104445105491454,-0.008607737008202764,1.0,70.0,80.0,90.0,80.0,90.0,90.0,90.0,90.0,100.0,100.0,90.0,80.0,80.0,90.0,90.0,90.0,1.0,1.0,1.0,1.0,0.0,1.0,0.0,,952.0,0.050125269492983,0.0,0.0,0.0,,0.0,,0.0,,0.0,0.0,0.0,1.0,0.0,0.0,0.0,0.0,,0.0,,258.20786783516326,0.0,258.20786783516326,112.0,44.54503618530126,44.676589177670955,0.0,3.0,3.5602058000076795,258.20786783516326,51.0,1.0,,,71.0,68.0,,,,,,,,,1.0,1.0,51.0,61.0,56.0,56.0,62.0,50.0,56.0,56.0,68.0,44.0,0.0,0.0,0.0,0.0,0.0,1500.0,1500.0,1500.0,1500.0,55,10080.0,70.0,70.0,80.0,90.0,80.0,90.0,90.0,90.0,90.0,80.0,100.0,100.0,90.0,80.0,80.0,90.0,90.0,90.0
262.02532990465534,6000.0,0.0,0.0,0.0,0.0,0.0,0.0,0.0,0.0,0.0,0.0,0.0,0.0,0.0,0.0,0.0,0.0,0.0,0.0,0.0,0.0,0.0,0.0,0.0,0.0,0.0,0.0,0.0,0.0,0.0,0.0,0.0,0.0,0.0,0.0,0.0,0.0,0.0,0.0,0.0,0.0,0.0,0.0,0.0,0.0,0.0,0.0,0.0,0.0,0.0,0.0,0.0,0.0,0.0,0.0,0.0,0.0,0.0,0.0,0.0,0.0,0.0,0.0,0.0,0.0,0.0,0.0,0.0,0.0,0.0,0.0,0.0,0.0,0.0,0.0,0.0,0.0,0.0,0.0,0.0,0.0,0.0,0.0,0.0,0.0,0.0,0.0,0.0,0.0,0.0,0.0,0.0,0.0,1142.058,262.02532990465534,-265.51889229366554,6000.0,1200.0,3.0,17.125517363328473,41.83092287631304,24.705405512984562,1495.5194531412985,1.0025102413402258,0.0,101.77083333333334,202.25690925725368,262.02532990465534,6000.0,1000000.0,262.02532990465534,6000.0,84.99510556650873,262.02532990465534,262.02532990465534,6000.0,0.0,1.0,0.0,49.0,4.0,0.0,1.0,49.0,,0.0,4.0,0.0,,1.0,,,,0.015109460736098868,0.015109460736098868,0.0,1.0,0.0,,1.0,0.0,1.0,4.0,4.0,0.0,0.0,,0.0,83.1835417146761,49.0,0.0,29.094824764848084,13.0,83.1835417146761,,,,,0.0,0.0,,,,,,,,,,,,,0.0,262.02532990465534,5834.690014546217,0.0,262.02532990465534,6000.0,85.01021502724483,262.02532990465534,262.02532990465534,5834.690014546217,1.0,0.0,0.0,,,,12.0,0.0,0.0,0.0,84.99510556650873,0.0,1.0,0.0,1.0,1.0,1.0,1.0,0.0,0.0,0.0,0.0,0.0,84.99510556650873,41.83092287631304,0.0,1.0,0.0,85.01021502724483,41.84022602601909,41.84022602601909,0.0,1.0,0.0,1.0,1.0,4.249755278325437,1.0,0.0,1.0,0.0,0.0,0.0,84.99510556650873,1.0,0.0,84.99510556650873,0.0,1.0,84.99510556650873,4130.0,4130.0,4130.0,1691.25,1691.25,1691.25,1204.0,1204.0,1204.0,3.0,7025.25,7025.25,7025.25,262.02532990465534,6000.0,0.0,0.0,220.0,0.0,0.0,1.0,0.0,0.0,0.0,0.5,0.01559509200399159,0.0,7.797546001995795,-265.51889229366554,450.7782048371349,-3315.000000000001,37566.666666666664,-22100.000000000004,5635.000000000001,,,,,,,,,,-209.60881404875985,1.0,2371.5277777777774,-1397.3920936583988,355.7291666666667,1.0,,,,,1204.0,1200.0,6000.0,4449.699150224904,0.47244833575770273,0.5275516642422974,1463.2604533589615,84.99510556650873,84.99510556650873,1.0,0.0,262.02532990465534,0.0,6000.0,1.0,1.0,1.0,1.0,84.99510556650873,262.02532990465534,6000.0,1.0,1.0,41.83092287631304,13.943640958771013,262.02532990465534,0.0,13.05490479309265,262.02532990465534,6000.0,16.52533150895908,1.0,1.0,1.0,2.3497786607617073,13.943640958771013,3.0,,,,,,,,,,,,,,6.0,0.0,1.0,0.0,0.0,0.0,0.0,1.0,0.018004198149927878,0.018004198149927878,0.0,262.02532990465534,6000.0,262.02532990465534,6000.0,84.99510556650873,262.02532990465534,262.02532990465534,6000.0,0.0,1.0,0.0,1.0,0.0,0.0,,,1495.5194531412985,0.0,84.99510556650873,0.0,5.0,0.01559509200399159,0.0,262.02532990465534,262.02532990465534,1746.835532697702,0.0027913812811997856,-0.016060794150314344,0.0246298292947853,-0.003550921954832892,-0.002710720753298368,6.0,1.0,51.0,56.0,62.0,56.0,68.0,30.0,0.0,6.0,0.0,0.0,130.21430493199952,0.0,0.029223248551545566,130.21430493199952,130.24352818055104,0.0,130.21430493199952,0.0,0.031216932763015848,130.21430493199952,130.24552186476257,0.0,130.21430493199952,0.0,11.635912723797048,130.21430493199952,141.85021765579657,0.0,130.21430493199952,0.0,0.045241076926402,130.21430493199952,130.25954600892595,0.0,-9.741082850505715e-05,-0.0001040564425434809,-0.030160118012940038,-0.00015080358975476808,1.0,1500.0,1500.0,1500.0,1500.0,,,0.0,-0.008805946666339003,-0.009877656194145957,-0.010626807718326248,-0.016079815473982784,-0.01743458015808326,-0.01142291376828659,-0.011379962240381935,-0.009380750011104586,0.09449473662176011,0.09344918998235077,-0.00910627309507106,-0.013381873104074505,-0.015571321641447256,-0.012153963739219266,-0.01104445105491454,-0.008607737008202764,1.0,70.0,80.0,90.0,80.0,90.0,90.0,90.0,90.0,100.0,100.0,90.0,80.0,80.0,90.0,90.0,90.0,1.0,1.0,1.0,1.0,0.0,1.0,0.0,,940.0,0.0500876886450881,0.0,0.0,0.0,,0.0,,0.0,,0.0,0.0,0.0,1.0,0.0,0.0,0.0,0.0,,0.0,,262.02532990465534,0.0,262.02532990465534,120.0,41.83092287631304,41.99794579812787,0.0,3.0,3.482440799998585,262.02532990465534,51.0,1.0,,,71.0,68.0,,,,,,,,,1.0,1.0,51.0,61.0,56.0,56.0,62.0,50.0,56.0,56.0,68.0,44.0,0.0,0.0,0.0,0.0,0.0,1500.0,1500.0,1500.0,1500.0,56,10260.0,70.0,70.0,80.0,90.0,80.0,90.0,90.0,90.0,90.0,80.0,100.0,100.0,90.0,80.0,80.0,90.0,90.0,90.0
268.2086809077231,6000.0,0.0,0.0,0.0,0.0,0.0,0.0,0.0,0.0,0.0,0.0,0.0,0.0,0.0,0.0,0.0,0.0,0.0,0.0,0.0,0.0,0.0,0.0,0.0,0.0,0.0,0.0,0.0,0.0,0.0,0.0,0.0,0.0,0.0,0.0,0.0,0.0,0.0,0.0,0.0,0.0,0.0,0.0,0.0,0.0,0.0,0.0,0.0,0.0,0.0,0.0,0.0,0.0,0.0,0.0,0.0,0.0,0.0,0.0,0.0,0.0,0.0,0.0,0.0,0.0,0.0,0.0,0.0,0.0,0.0,0.0,0.0,0.0,0.0,0.0,0.0,0.0,0.0,0.0,0.0,0.0,0.0,0.0,0.0,0.0,0.0,0.0,0.0,0.0,0.0,0.0,0.0,0.0,1142.058,268.2086809077231,-215.39135493260517,6000.0,1200.0,3.0,16.786748830480047,41.355054698128725,24.568305867648682,1494.644209812621,1.0031151809039116,0.0,101.77083333333334,202.23529528049568,268.2086809077231,6000.0,1000000.0,268.2086809077231,6000.0,84.60666376944228,268.2086809077231,268.2086809077231,6000.0,0.0,1.0,0.0,49.0,4.0,0.0,1.0,49.0,,0.0,4.0,0.0,,1.0,,,,0.0022566456643886568,0.0022566456643886568,0.0,1.0,0.0,,1.0,0.0,1.0,4.0,4.0,0.0,0.0,,0.0,82.69614384290611,49.0,0.0,26.922402029733547,13.0,82.69614384290611,,,,,0.0,0.0,,,,,,,,,,,,,0.0,268.2086809077231,5965.237453206188,0.0,268.2086809077231,6000.0,84.60892041510667,268.2086809077231,268.2086809077231,5965.237453206188,1.0,0.0,0.0,,,,12.0,0.0,0.0,0.0,84.60666376944228,0.0,1.0,0.0,1.0,1.0,1.0,1.0,0.0,0.0,0.0,0.0,0.0,84.60666376944228,41.355054698128725,0.0,1.0,0.0,84.60892041510667,41.3560382366429,41.3560382366429,0.0,1.0,0.0,1.0,1.0,4.230333188472114,1.0,0.0,1.0,0.0,0.0,0.0,84.60666376944228,1.0,0.0,84.60666376944228,0.0,1.0,84.60666376944228,4130.0,4130.0,4130.0,1691.25,1691.25,1691.25,1204.0,1204.0,1204.0,3.0,7025.25,7025.25,7025.25,268.2086809077231,6000.0,0.0,0.0,220.0,0.0,0.0,1.0,0.0,0.0,0.0,0.5,0.011570741892221252,0.0,5.785370946110627,-215.39135493260517,374.84565317826514,-3315.000000000001,37566.666666666664,-22100.000000000004,5635.000000000001,,,,,,,,,,-207.0525865168064,1.0,2404.6296296296296,-1380.3505767787092,360.6944444444445,1.0,,,,,1204.0,1200.0,6000.0,3449.24011493619,0.4942062422010312,0.5057937577989687,1242.6358741678084,84.60666376944228,84.60666376944228,1.0,0.0,268.2086809077231,0.0,6000.0,1.0,1.0,1.0,1.0,84.60666376944228,268.2086809077231,6000.0,1.0,1.0,41.355054698128725,13.785018232709575,268.2086809077231,0.0,13.054697866628349,268.2086809077231,6000.0,14.489910565157556,1.0,1.0,1.0,0.2772151345790945,13.785018232709575,3.0,,,,,,,,,,,,,,6.0,0.0,1.0,0.0,0.0,0.0,0.0,1.0,0.0026830468172089157,0.0026830468172089157,0.0,268.2086809077231,6000.0,268.2086809077231,6000.0,84.60666376944228,268.2086809077231,268.2086809077231,6000.0,0.0,1.0,0.0,1.0,0.0,0.0,,,1494.644209812621,0.0,84.60666376944228,0.0,5.0,0.011570741892221252,0.0,268.2086809077231,268.2086809077231,1788.0578727181537,0.0027913812811997856,-0.016060794150314344,0.0246298292947853,-0.003550921954832892,-0.002710720753298368,6.0,1.0,51.0,56.0,62.0,56.0,68.0,30.0,0.0,6.0,0.0,0.0,130.21430493199952,0.0,0.029223248551545566,130.21430493199952,130.24352818055104,0.0,130.21430493199952,0.0,0.031216932763015848,130.21430493199952,130.24552186476257,0.0,130.21430493199952,0.0,11.635912723797048,130.21430493199952,141.85021765579657,0.0,130.21430493199952,0.0,0.045241076926402,130.21430493199952,130.25954600892595,0.0,-9.741082850505715e-05,-0.0001040564425434809,-0.030160118012940038,-0.00015080358975476808,1.0,1500.0,1500.0,1500.0,1500.0,,,0.0,-0.008805946666339003,-0.009877656194145957,-0.010626807718326248,-0.016079815473982784,-0.01743458015808326,-0.01142291376828659,-0.011379962240381935,-0.009380750011104586,0.09449473662176011,0.09344918998235077,-0.00910627309507106,-0.013381873104074505,-0.015571321641447256,-0.012153963739219266,-0.01104445105491454,-0.008607737008202764,1.0,70.0,80.0,90.0,80.0,90.0,90.0,90.0,90.0,100.0,100.0,90.0,80.0,80.0,90.0,90.0,90.0,1.0,1.0,1.0,1.0,0.0,1.0,0.0,,955.0,0.050061382051561666,0.0,0.0,0.0,,0.0,,0.0,,0.0,0.0,0.0,1.0,0.0,0.0,0.0,0.0,,0.0,,268.2086809077231,0.0,268.2086809077231,120.0,41.355054698128725,41.46170764495437,0.0,3.0,3.4116233000095235,268.2086809077231,51.0,1.0,,,71.0,68.0,,,,,,,,,1.0,1.0,51.0,61.0,56.0,56.0,62.0,50.0,56.0,56.0,68.0,44.0,0.0,0.0,0.0,0.0,0.0,1500.0,1500.0,1500.0,1500.0,57,10440.0,70.0,70.0,80.0,90.0,80.0,90.0,90.0,90.0,90.0,80.0,100.0,100.0,90.0,80.0,80.0,90.0,90.0,90.0
263.0270228882146,6000.0,0.0,0.0,0.0,0.0,0.0,0.0,0.0,0.0,0.0,0.0,0.0,0.0,0.0,0.0,0.0,0.0,0.0,0.0,0.0,0.0,0.0,0.0,0.0,0.0,0.0,0.0,0.0,0.0,0.0,0.0,0.0,0.0,0.0,0.0,0.0,0.0,0.0,0.0,0.0,0.0,0.0,0.0,0.0,0.0,0.0,0.0,0.0,0.0,0.0,0.0,0.0,0.0,0.0,0.0,0.0,0.0,0.0,0.0,0.0,0.0,0.0,0.0,0.0,0.0,0.0,0.0,0.0,0.0,0.0,0.0,0.0,0.0,0.0,0.0,0.0,0.0,0.0,0.0,0.0,0.0,0.0,0.0,0.0,0.0,0.0,0.0,0.0,0.0,0.0,0.0,0.0,0.0,1142.058,263.0270228882146,-219.6200393650866,6000.0,1200.0,3.0,16.660956701267068,41.3422664903248,24.681309789057735,1494.5585512593925,1.0034980499799189,0.0,101.77083333333334,202.22425579828752,263.0270228882146,6000.0,1000000.0,263.0270228882146,6000.0,84.50547504451691,263.0270228882146,263.0270228882146,6000.0,0.0,1.0,0.0,49.0,4.0,0.0,1.0,49.0,,0.0,4.0,0.0,,1.0,,,,0.0019604382126061637,0.0019604382126061637,0.0,1.0,0.0,,1.0,0.0,1.0,4.0,4.0,0.0,0.0,,0.0,82.6813479967673,49.0,0.0,26.17683033356127,13.0,82.6813479967673,,,,,0.0,0.0,,,,,,,,,,,,,0.0,263.0270228882146,5967.925513648866,0.0,263.0270228882146,6000.0,84.50743548272952,263.0270228882146,263.0270228882146,5967.925513648866,1.0,0.0,0.0,,,,12.0,0.0,0.0,0.0,84.50547504451691,0.0,1.0,0.0,1.0,1.0,1.0,1.0,0.0,0.0,0.0,0.0,0.0,84.50547504451691,41.3422664903248,0.0,1.0,0.0,84.50743548272952,41.343100866437176,41.343100866437176,0.0,1.0,0.0,1.0,1.0,4.225273752225846,1.0,0.0,1.0,0.0,0.0,0.0,84.50547504451691,1.0,0.0,84.50547504451691,0.0,1.0,84.50547504451691,4130.0,4130.0,4130.0,1691.25,1691.25,1691.25,1204.0,1204.0,1204.0,3.0,7025.25,7025.25,7025.25,263.0270228882146,6000.0,0.0,0.0,220.0,0.0,0.0,1.0,0.0,0.0,0.0,0.5,0.005651568611255021,0.0,2.8257843056275105,-219.6200393650866,373.47401158382047,-3315.000000000001,37566.666666666664,-22100.000000000004,5635.000000000001,,,,,,,,,,-209.1806654112071,1.0,2371.5277777777774,-1394.537769408047,355.7291666666667,1.0,,,,,1204.0,1200.0,6000.0,4148.236007820934,0.49465425227481113,0.5053457477251888,1252.4017158569748,84.50547504451691,84.50547504451691,1.0,0.0,263.0270228882146,0.0,6000.0,1.0,1.0,1.0,1.0,84.50547504451691,263.0270228882146,6000.0,1.0,1.0,41.3422664903248,13.780755496774935,263.0270228882146,0.0,13.054504658715615,263.0270228882146,6000.0,13.75383454149797,1.0,1.0,1.0,-2.0656284296245033,13.780755496774935,3.0,,,,,,,,,,,,,,6.0,0.0,1.0,0.0,0.0,0.0,0.0,1.0,0.003361230267845467,0.003361230267845467,0.0,263.0270228882146,6000.0,263.0270228882146,6000.0,84.50547504451691,263.0270228882146,263.0270228882146,6000.0,0.0,1.0,0.0,1.0,0.0,0.0,,,1494.5585512593925,0.0,84.50547504451691,0.0,5.0,0.005651568611255021,0.0,263.0270228882146,263.0270228882146,1753.5134859214306,0.0027913812811997856,-0.016060794150314344,0.0246298292947853,-0.003550921954832892,-0.002710720753298368,6.0,1.0,51.0,56.0,62.0,56.0,68.0,30.0,0.0,6.0,0.0,0.0,130.21430493199952,0.0,0.029223248551545566,130.21430493199952,130.24352818055104,0.0,130.21430493199952,0.0,0.031216932763015848,130.21430493199952,130.24552186476257,0.0,130.21430493199952,0.0,11.635912723797048,130.21430493199952,141.85021765579657,0.0,130.21430493199952,0.0,0.045241076926402,130.21430493199952,130.25954600892595,0.0,-9.741082850505715e-05,-0.0001040564425434809,-0.030160118012940038,-0.00015080358975476808,1.0,1500.0,1500.0,1500.0,1500.0,,,0.0,-0.008805946666339003,-0.009877656194145957,-0.010626807718326248,-0.016079815473982784,-0.01743458015808326,-0.01142291376828659,-0.011379962240381935,-0.009380750011104586,0.09449473662176011,0.09344918998235077,-0.00910627309507106,-0.013381873104074505,-0.015571321641447256,-0.012153963739219266,-0.01104445105491454,-0.008607737008202764,1.0,70.0,80.0,90.0,80.0,90.0,90.0,90.0,90.0,100.0,100.0,90.0,80.0,80.0,90.0,90.0,90.0,1.0,1.0,1.0,1.0,0.0,1.0,0.0,,940.0,0.05004296743609316,0.0,0.0,0.0,,0.0,,0.0,,0.0,0.0,0.0,1.0,0.0,0.0,0.0,0.0,,0.0,,263.0270228882146,0.0,263.0270228882146,120.0,41.3422664903248,41.51065624044208,0.0,3.0,3.2417925000045216,263.0270228882146,51.0,1.0,,,71.0,68.0,,,,,,,,,1.0,1.0,51.0,61.0,56.0,56.0,62.0,50.0,56.0,56.0,68.0,44.0,0.0,0.0,0.0,0.0,0.0,1500.0,1500.0,1500.0,1500.0,58,10620.0,70.0,70.0,80.0,90.0,80.0,90.0,90.0,90.0,90.0,80.0,100.0,100.0,90.0,80.0,80.0,90.0,90.0,90.0
268.1119634834219,6000.0,0.0,0.0,0.0,0.0,0.0,0.0,0.0,0.0,0.0,0.0,0.0,0.0,0.0,0.0,0.0,0.0,0.0,0.0,0.0,0.0,0.0,0.0,0.0,0.0,0.0,0.0,0.0,0.0,0.0,0.0,0.0,0.0,0.0,0.0,0.0,0.0,0.0,0.0,0.0,0.0,0.0,0.0,0.0,0.0,0.0,0.0,0.0,0.0,0.0,0.0,0.0,0.0,0.0,0.0,0.0,0.0,0.0,0.0,0.0,0.0,0.0,0.0,0.0,0.0,0.0,0.0,0.0,0.0,0.0,0.0,0.0,0.0,0.0,0.0,0.0,0.0,0.0,0.0,0.0,0.0,0.0,0.0,0.0,0.0,0.0,0.0,0.0,0.0,0.0,0.0,0.0,0.0,1142.058,268.1119634834219,-215.36681143768016,6000.0,1200.0,3.0,16.780202369938905,41.33822916954766,24.55802679960875,1494.5367354891416,1.0034918574564107,0.0,101.77083333333334,202.2172488348355,268.1119634834219,6000.0,1000000.0,268.1119634834219,6000.0,84.58958326953392,268.1119634834219,268.1119634834219,6000.0,0.0,1.0,0.0,49.0,4.0,0.0,1.0,49.0,,0.0,4.0,0.0,,1.0,,,,0.0019958930414532006,0.0019958930414532006,0.0,1.0,0.0,,1.0,0.0,1.0,4.0,4.0,0.0,0.0,,0.0,82.67881666865333,49.0,0.0,26.91239496539926,13.0,82.67881666865333,,,,,0.0,0.0,,,,,,,,,,,,,0.0,268.1119634834219,5969.209292571153,0.0,268.1119634834219,6000.0,84.59157916257537,268.1119634834219,268.1119634834219,5969.209292571153,1.0,0.0,0.0,,,,12.0,0.0,0.0,0.0,84.58958326953392,0.0,1.0,0.0,1.0,1.0,1.0,1.0,0.0,0.0,0.0,0.0,0.0,84.58958326953392,41.33822916954766,0.0,1.0,0.0,84.59157916257537,41.33909738246686,41.33909738246686,0.0,1.0,0.0,1.0,1.0,4.229479163476696,1.0,0.0,1.0,0.0,0.0,0.0,84.58958326953392,1.0,0.0,84.58958326953392,0.0,1.0,84.58958326953392,4130.0,4130.0,4130.0,1691.25,1691.25,1691.25,1204.0,1204.0,1204.0,3.0,7025.25,7025.25,7025.25,268.1119634834219,6000.0,0.0,0.0,220.0,0.0,0.0,1.0,0.0,0.0,0.0,0.5,0.004871943974144703,0.0,2.4359719870723517,-215.36681143768016,374.8443550474038,-3315.000000000001,37566.666666666664,-22100.000000000004,5635.000000000001,,,,,,,,,,-207.02874399623326,1.0,2404.6296296296296,-1380.1916266415549,360.6944444444445,1.0,,,,,1204.0,1200.0,6000.0,3449.179509470704,0.49486821542852544,0.5051317845714746,1242.6323299885403,84.58958326953392,84.58958326953392,1.0,0.0,268.1119634834219,0.0,6000.0,1.0,1.0,1.0,1.0,84.58958326953392,268.1119634834219,6000.0,1.0,1.0,41.33822916954766,13.779409723182553,268.1119634834219,0.0,13.05447492431537,268.1119634834219,6000.0,13.732209233718562,1.0,1.0,1.0,-3.6844018167069947,13.779409723182553,3.0,,,,,,,,,,,,,,6.0,0.0,1.0,0.0,0.0,0.0,0.0,1.0,0.0026828006936486276,0.0026828006936486276,0.0,268.1119634834219,6000.0,268.1119634834219,6000.0,84.58958326953392,268.1119634834219,268.1119634834219,6000.0,0.0,1.0,0.0,1.0,0.0,0.0,,,1494.5367354891416,0.0,84.58958326953392,0.0,5.0,0.004871943974144703,0.0,268.1119634834219,268.1119634834219,1787.4130898894791,0.0027913812811997856,-0.016060794150314344,0.0246298292947853,-0.003550921954832892,-0.002710720753298368,6.0,1.0,51.0,56.0,62.0,56.0,68.0,30.0,0.0,6.0,0.0,0.0,130.21430493199952,0.0,0.029223248551545566,130.21430493199952,130.24352818055104,0.0,130.21430493199952,0.0,0.031216932763015848,130.21430493199952,130.24552186476257,0.0,130.21430493199952,0.0,11.635912723797048,130.21430493199952,141.85021765579657,0.0,130.21430493199952,0.0,0.045241076926402,130.21430493199952,130.25954600892595,0.0,-9.741082850505715e-05,-0.0001040564425434809,-0.030160118012940038,-0.00015080358975476808,1.0,1500.0,1500.0,1500.0,1500.0,,,0.0,-0.008805946666339003,-0.009877656194145957,-0.010626807718326248,-0.016079815473982784,-0.01743458015808326,-0.01142291376828659,-0.011379962240381935,-0.009380750011104586,0.09449473662176011,0.09344918998235077,-0.00910627309507106,-0.013381873104074505,-0.015571321641447256,-0.012153963739219266,-0.01104445105491454,-0.008607737008202764,1.0,70.0,80.0,90.0,80.0,90.0,90.0,90.0,90.0,100.0,100.0,90.0,80.0,80.0,90.0,90.0,90.0,1.0,1.0,1.0,1.0,0.0,1.0,0.0,,955.0,0.050030077205265214,0.0,0.0,0.0,,0.0,,0.0,,0.0,0.0,0.0,1.0,0.0,0.0,0.0,0.0,,0.0,,268.1119634834219,0.0,268.1119634834219,120.0,41.33822916954766,41.44431812525944,0.0,3.0,3.081833899996127,268.1119634834219,51.0,1.0,,,71.0,68.0,,,,,,,,,1.0,1.0,51.0,61.0,56.0,56.0,62.0,50.0,56.0,56.0,68.0,44.0,0.0,0.0,0.0,0.0,0.0,1500.0,1500.0,1500.0,1500.0,59,10800.0,70.0,70.0,80.0,90.0,80.0,90.0,90.0,90.0,90.0,80.0,100.0,100.0,90.0,80.0,80.0,90.0,90.0,90.0
